[2026-03-20T00:37:38.105+0000] {processor.py:161} INFO - Started process (PID=2209) to work on /opt/airflow/dags/crawl_crypto_prices.py
[2026-03-20T00:37:38.106+0000] {processor.py:830} INFO - Processing file /opt/airflow/dags/crawl_crypto_prices.py for tasks to queue
[2026-03-20T00:37:38.107+0000] {logging_mixin.py:188} INFO - [2026-03-20T00:37:38.106+0000] {dagbag.py:538} INFO - Filling up the DagBag from /opt/airflow/dags/crawl_crypto_prices.py
[2026-03-20T00:37:38.119+0000] {processor.py:840} INFO - DAG(s) 'crawl_crypto_prices' retrieved from /opt/airflow/dags/crawl_crypto_prices.py
[2026-03-20T00:37:38.141+0000] {logging_mixin.py:188} INFO - [2026-03-20T00:37:38.141+0000] {dag.py:3036} INFO - Sync 1 DAGs
[2026-03-20T00:37:38.159+0000] {logging_mixin.py:188} INFO - [2026-03-20T00:37:38.159+0000] {dag.py:3823} INFO - Setting next_dagrun for crawl_crypto_prices to 2026-03-19 23:00:00+00:00, run_after=2026-03-20 00:00:00+00:00
[2026-03-20T00:37:38.173+0000] {processor.py:183} INFO - Processing /opt/airflow/dags/crawl_crypto_prices.py took 0.071 seconds
[2026-03-20T01:29:08.347+0000] {processor.py:161} INFO - Started process (PID=2218) to work on /opt/airflow/dags/crawl_crypto_prices.py
[2026-03-20T01:29:08.355+0000] {processor.py:830} INFO - Processing file /opt/airflow/dags/crawl_crypto_prices.py for tasks to queue
[2026-03-20T01:29:08.360+0000] {logging_mixin.py:188} INFO - [2026-03-20T01:29:08.359+0000] {dagbag.py:538} INFO - Filling up the DagBag from /opt/airflow/dags/crawl_crypto_prices.py
[2026-03-20T01:29:08.388+0000] {processor.py:840} INFO - DAG(s) 'crawl_crypto_prices' retrieved from /opt/airflow/dags/crawl_crypto_prices.py
[2026-03-20T01:29:08.417+0000] {logging_mixin.py:188} INFO - [2026-03-20T01:29:08.417+0000] {dag.py:3036} INFO - Sync 1 DAGs
[2026-03-20T01:29:08.458+0000] {logging_mixin.py:188} INFO - [2026-03-20T01:29:08.457+0000] {dag.py:3823} INFO - Setting next_dagrun for crawl_crypto_prices to 2026-03-20 01:00:00+00:00, run_after=2026-03-20 02:00:00+00:00
[2026-03-20T01:29:08.491+0000] {processor.py:183} INFO - Processing /opt/airflow/dags/crawl_crypto_prices.py took 0.150 seconds
[2026-03-20T01:35:07.421+0000] {processor.py:161} INFO - Started process (PID=2223) to work on /opt/airflow/dags/crawl_crypto_prices.py
[2026-03-20T01:35:07.425+0000] {processor.py:830} INFO - Processing file /opt/airflow/dags/crawl_crypto_prices.py for tasks to queue
[2026-03-20T01:35:07.427+0000] {logging_mixin.py:188} INFO - [2026-03-20T01:35:07.426+0000] {dagbag.py:538} INFO - Filling up the DagBag from /opt/airflow/dags/crawl_crypto_prices.py
[2026-03-20T01:35:07.453+0000] {processor.py:840} INFO - DAG(s) 'crawl_crypto_prices' retrieved from /opt/airflow/dags/crawl_crypto_prices.py
[2026-03-20T01:35:07.490+0000] {logging_mixin.py:188} INFO - [2026-03-20T01:35:07.490+0000] {dag.py:3036} INFO - Sync 1 DAGs
[2026-03-20T01:35:07.513+0000] {logging_mixin.py:188} INFO - [2026-03-20T01:35:07.513+0000] {dag.py:3823} INFO - Setting next_dagrun for crawl_crypto_prices to 2026-03-20 01:00:00+00:00, run_after=2026-03-20 02:00:00+00:00
[2026-03-20T01:35:07.533+0000] {processor.py:183} INFO - Processing /opt/airflow/dags/crawl_crypto_prices.py took 0.119 seconds
[2026-03-20T01:35:37.742+0000] {processor.py:161} INFO - Started process (PID=2228) to work on /opt/airflow/dags/crawl_crypto_prices.py
[2026-03-20T01:35:37.743+0000] {processor.py:830} INFO - Processing file /opt/airflow/dags/crawl_crypto_prices.py for tasks to queue
[2026-03-20T01:35:37.744+0000] {logging_mixin.py:188} INFO - [2026-03-20T01:35:37.743+0000] {dagbag.py:538} INFO - Filling up the DagBag from /opt/airflow/dags/crawl_crypto_prices.py
[2026-03-20T01:35:37.757+0000] {processor.py:840} INFO - DAG(s) 'crawl_crypto_prices' retrieved from /opt/airflow/dags/crawl_crypto_prices.py
[2026-03-20T01:35:37.778+0000] {logging_mixin.py:188} INFO - [2026-03-20T01:35:37.778+0000] {dag.py:3036} INFO - Sync 1 DAGs
[2026-03-20T01:35:37.791+0000] {logging_mixin.py:188} INFO - [2026-03-20T01:35:37.790+0000] {dag.py:3823} INFO - Setting next_dagrun for crawl_crypto_prices to 2026-03-20 01:00:00+00:00, run_after=2026-03-20 02:00:00+00:00
[2026-03-20T01:35:37.805+0000] {processor.py:183} INFO - Processing /opt/airflow/dags/crawl_crypto_prices.py took 0.067 seconds
[2026-03-20T01:36:08.049+0000] {processor.py:161} INFO - Started process (PID=2233) to work on /opt/airflow/dags/crawl_crypto_prices.py
[2026-03-20T01:36:08.050+0000] {processor.py:830} INFO - Processing file /opt/airflow/dags/crawl_crypto_prices.py for tasks to queue
[2026-03-20T01:36:08.051+0000] {logging_mixin.py:188} INFO - [2026-03-20T01:36:08.051+0000] {dagbag.py:538} INFO - Filling up the DagBag from /opt/airflow/dags/crawl_crypto_prices.py
[2026-03-20T01:36:08.062+0000] {processor.py:840} INFO - DAG(s) 'crawl_crypto_prices' retrieved from /opt/airflow/dags/crawl_crypto_prices.py
[2026-03-20T01:36:08.084+0000] {logging_mixin.py:188} INFO - [2026-03-20T01:36:08.084+0000] {dag.py:3036} INFO - Sync 1 DAGs
[2026-03-20T01:36:08.095+0000] {logging_mixin.py:188} INFO - [2026-03-20T01:36:08.095+0000] {dag.py:3823} INFO - Setting next_dagrun for crawl_crypto_prices to 2026-03-20 01:00:00+00:00, run_after=2026-03-20 02:00:00+00:00
[2026-03-20T01:36:08.101+0000] {processor.py:183} INFO - Processing /opt/airflow/dags/crawl_crypto_prices.py took 0.057 seconds
[2026-03-20T01:36:38.364+0000] {processor.py:161} INFO - Started process (PID=2238) to work on /opt/airflow/dags/crawl_crypto_prices.py
[2026-03-20T01:36:38.365+0000] {processor.py:830} INFO - Processing file /opt/airflow/dags/crawl_crypto_prices.py for tasks to queue
[2026-03-20T01:36:38.365+0000] {logging_mixin.py:188} INFO - [2026-03-20T01:36:38.365+0000] {dagbag.py:538} INFO - Filling up the DagBag from /opt/airflow/dags/crawl_crypto_prices.py
[2026-03-20T01:36:38.376+0000] {processor.py:840} INFO - DAG(s) 'crawl_crypto_prices' retrieved from /opt/airflow/dags/crawl_crypto_prices.py
[2026-03-20T01:36:38.393+0000] {logging_mixin.py:188} INFO - [2026-03-20T01:36:38.393+0000] {dag.py:3036} INFO - Sync 1 DAGs
[2026-03-20T01:36:38.404+0000] {logging_mixin.py:188} INFO - [2026-03-20T01:36:38.404+0000] {dag.py:3823} INFO - Setting next_dagrun for crawl_crypto_prices to 2026-03-20 01:00:00+00:00, run_after=2026-03-20 02:00:00+00:00
[2026-03-20T01:36:38.411+0000] {processor.py:183} INFO - Processing /opt/airflow/dags/crawl_crypto_prices.py took 0.051 seconds
[2026-03-20T01:37:08.694+0000] {processor.py:161} INFO - Started process (PID=2243) to work on /opt/airflow/dags/crawl_crypto_prices.py
[2026-03-20T01:37:08.695+0000] {processor.py:830} INFO - Processing file /opt/airflow/dags/crawl_crypto_prices.py for tasks to queue
[2026-03-20T01:37:08.696+0000] {logging_mixin.py:188} INFO - [2026-03-20T01:37:08.696+0000] {dagbag.py:538} INFO - Filling up the DagBag from /opt/airflow/dags/crawl_crypto_prices.py
[2026-03-20T01:37:08.705+0000] {processor.py:840} INFO - DAG(s) 'crawl_crypto_prices' retrieved from /opt/airflow/dags/crawl_crypto_prices.py
[2026-03-20T01:37:08.718+0000] {logging_mixin.py:188} INFO - [2026-03-20T01:37:08.718+0000] {dag.py:3036} INFO - Sync 1 DAGs
[2026-03-20T01:37:08.728+0000] {logging_mixin.py:188} INFO - [2026-03-20T01:37:08.728+0000] {dag.py:3823} INFO - Setting next_dagrun for crawl_crypto_prices to 2026-03-20 01:00:00+00:00, run_after=2026-03-20 02:00:00+00:00
[2026-03-20T01:37:08.734+0000] {processor.py:183} INFO - Processing /opt/airflow/dags/crawl_crypto_prices.py took 0.043 seconds
[2026-03-20T01:37:38.969+0000] {processor.py:161} INFO - Started process (PID=2248) to work on /opt/airflow/dags/crawl_crypto_prices.py
[2026-03-20T01:37:38.970+0000] {processor.py:830} INFO - Processing file /opt/airflow/dags/crawl_crypto_prices.py for tasks to queue
[2026-03-20T01:37:38.971+0000] {logging_mixin.py:188} INFO - [2026-03-20T01:37:38.970+0000] {dagbag.py:538} INFO - Filling up the DagBag from /opt/airflow/dags/crawl_crypto_prices.py
[2026-03-20T01:37:38.979+0000] {processor.py:840} INFO - DAG(s) 'crawl_crypto_prices' retrieved from /opt/airflow/dags/crawl_crypto_prices.py
[2026-03-20T01:37:38.993+0000] {logging_mixin.py:188} INFO - [2026-03-20T01:37:38.993+0000] {dag.py:3036} INFO - Sync 1 DAGs
[2026-03-20T01:37:39.003+0000] {logging_mixin.py:188} INFO - [2026-03-20T01:37:39.003+0000] {dag.py:3823} INFO - Setting next_dagrun for crawl_crypto_prices to 2026-03-20 01:00:00+00:00, run_after=2026-03-20 02:00:00+00:00
[2026-03-20T01:37:39.008+0000] {processor.py:183} INFO - Processing /opt/airflow/dags/crawl_crypto_prices.py took 0.042 seconds
[2026-03-20T01:38:09.288+0000] {processor.py:161} INFO - Started process (PID=2253) to work on /opt/airflow/dags/crawl_crypto_prices.py
[2026-03-20T01:38:09.289+0000] {processor.py:830} INFO - Processing file /opt/airflow/dags/crawl_crypto_prices.py for tasks to queue
[2026-03-20T01:38:09.290+0000] {logging_mixin.py:188} INFO - [2026-03-20T01:38:09.289+0000] {dagbag.py:538} INFO - Filling up the DagBag from /opt/airflow/dags/crawl_crypto_prices.py
[2026-03-20T01:38:09.303+0000] {processor.py:840} INFO - DAG(s) 'crawl_crypto_prices' retrieved from /opt/airflow/dags/crawl_crypto_prices.py
[2026-03-20T01:38:09.322+0000] {logging_mixin.py:188} INFO - [2026-03-20T01:38:09.322+0000] {dag.py:3036} INFO - Sync 1 DAGs
[2026-03-20T01:38:09.333+0000] {logging_mixin.py:188} INFO - [2026-03-20T01:38:09.332+0000] {dag.py:3823} INFO - Setting next_dagrun for crawl_crypto_prices to 2026-03-20 01:00:00+00:00, run_after=2026-03-20 02:00:00+00:00
[2026-03-20T01:38:09.339+0000] {processor.py:183} INFO - Processing /opt/airflow/dags/crawl_crypto_prices.py took 0.055 seconds
[2026-03-20T01:38:39.576+0000] {processor.py:161} INFO - Started process (PID=2258) to work on /opt/airflow/dags/crawl_crypto_prices.py
[2026-03-20T01:38:39.577+0000] {processor.py:830} INFO - Processing file /opt/airflow/dags/crawl_crypto_prices.py for tasks to queue
[2026-03-20T01:38:39.578+0000] {logging_mixin.py:188} INFO - [2026-03-20T01:38:39.578+0000] {dagbag.py:538} INFO - Filling up the DagBag from /opt/airflow/dags/crawl_crypto_prices.py
[2026-03-20T01:38:39.587+0000] {processor.py:840} INFO - DAG(s) 'crawl_crypto_prices' retrieved from /opt/airflow/dags/crawl_crypto_prices.py
[2026-03-20T01:38:39.606+0000] {logging_mixin.py:188} INFO - [2026-03-20T01:38:39.606+0000] {dag.py:3036} INFO - Sync 1 DAGs
[2026-03-20T01:38:39.615+0000] {logging_mixin.py:188} INFO - [2026-03-20T01:38:39.615+0000] {dag.py:3823} INFO - Setting next_dagrun for crawl_crypto_prices to 2026-03-20 01:00:00+00:00, run_after=2026-03-20 02:00:00+00:00
[2026-03-20T01:38:39.623+0000] {processor.py:183} INFO - Processing /opt/airflow/dags/crawl_crypto_prices.py took 0.050 seconds
[2026-03-20T01:39:09.811+0000] {processor.py:161} INFO - Started process (PID=2263) to work on /opt/airflow/dags/crawl_crypto_prices.py
[2026-03-20T01:39:09.812+0000] {processor.py:830} INFO - Processing file /opt/airflow/dags/crawl_crypto_prices.py for tasks to queue
[2026-03-20T01:39:09.812+0000] {logging_mixin.py:188} INFO - [2026-03-20T01:39:09.812+0000] {dagbag.py:538} INFO - Filling up the DagBag from /opt/airflow/dags/crawl_crypto_prices.py
[2026-03-20T01:39:09.822+0000] {processor.py:840} INFO - DAG(s) 'crawl_crypto_prices' retrieved from /opt/airflow/dags/crawl_crypto_prices.py
[2026-03-20T01:39:09.840+0000] {logging_mixin.py:188} INFO - [2026-03-20T01:39:09.840+0000] {dag.py:3036} INFO - Sync 1 DAGs
[2026-03-20T01:39:09.849+0000] {logging_mixin.py:188} INFO - [2026-03-20T01:39:09.849+0000] {dag.py:3823} INFO - Setting next_dagrun for crawl_crypto_prices to 2026-03-20 01:00:00+00:00, run_after=2026-03-20 02:00:00+00:00
[2026-03-20T01:39:09.855+0000] {processor.py:183} INFO - Processing /opt/airflow/dags/crawl_crypto_prices.py took 0.047 seconds
[2026-03-20T01:39:40.114+0000] {processor.py:161} INFO - Started process (PID=2268) to work on /opt/airflow/dags/crawl_crypto_prices.py
[2026-03-20T01:39:40.115+0000] {processor.py:830} INFO - Processing file /opt/airflow/dags/crawl_crypto_prices.py for tasks to queue
[2026-03-20T01:39:40.116+0000] {logging_mixin.py:188} INFO - [2026-03-20T01:39:40.115+0000] {dagbag.py:538} INFO - Filling up the DagBag from /opt/airflow/dags/crawl_crypto_prices.py
[2026-03-20T01:39:40.126+0000] {processor.py:840} INFO - DAG(s) 'crawl_crypto_prices' retrieved from /opt/airflow/dags/crawl_crypto_prices.py
[2026-03-20T01:39:40.145+0000] {logging_mixin.py:188} INFO - [2026-03-20T01:39:40.145+0000] {dag.py:3036} INFO - Sync 1 DAGs
[2026-03-20T01:39:40.155+0000] {logging_mixin.py:188} INFO - [2026-03-20T01:39:40.155+0000] {dag.py:3823} INFO - Setting next_dagrun for crawl_crypto_prices to 2026-03-20 01:00:00+00:00, run_after=2026-03-20 02:00:00+00:00
[2026-03-20T01:39:40.162+0000] {processor.py:183} INFO - Processing /opt/airflow/dags/crawl_crypto_prices.py took 0.051 seconds
[2026-03-20T01:40:10.417+0000] {processor.py:161} INFO - Started process (PID=2273) to work on /opt/airflow/dags/crawl_crypto_prices.py
[2026-03-20T01:40:10.418+0000] {processor.py:830} INFO - Processing file /opt/airflow/dags/crawl_crypto_prices.py for tasks to queue
[2026-03-20T01:40:10.419+0000] {logging_mixin.py:188} INFO - [2026-03-20T01:40:10.419+0000] {dagbag.py:538} INFO - Filling up the DagBag from /opt/airflow/dags/crawl_crypto_prices.py
[2026-03-20T01:40:10.429+0000] {processor.py:840} INFO - DAG(s) 'crawl_crypto_prices' retrieved from /opt/airflow/dags/crawl_crypto_prices.py
[2026-03-20T01:40:10.448+0000] {logging_mixin.py:188} INFO - [2026-03-20T01:40:10.447+0000] {dag.py:3036} INFO - Sync 1 DAGs
[2026-03-20T01:40:10.458+0000] {logging_mixin.py:188} INFO - [2026-03-20T01:40:10.458+0000] {dag.py:3823} INFO - Setting next_dagrun for crawl_crypto_prices to 2026-03-20 01:00:00+00:00, run_after=2026-03-20 02:00:00+00:00
[2026-03-20T01:40:10.465+0000] {processor.py:183} INFO - Processing /opt/airflow/dags/crawl_crypto_prices.py took 0.050 seconds
[2026-03-20T01:40:40.732+0000] {processor.py:161} INFO - Started process (PID=2278) to work on /opt/airflow/dags/crawl_crypto_prices.py
[2026-03-20T01:40:40.733+0000] {processor.py:830} INFO - Processing file /opt/airflow/dags/crawl_crypto_prices.py for tasks to queue
[2026-03-20T01:40:40.734+0000] {logging_mixin.py:188} INFO - [2026-03-20T01:40:40.733+0000] {dagbag.py:538} INFO - Filling up the DagBag from /opt/airflow/dags/crawl_crypto_prices.py
[2026-03-20T01:40:40.745+0000] {processor.py:840} INFO - DAG(s) 'crawl_crypto_prices' retrieved from /opt/airflow/dags/crawl_crypto_prices.py
[2026-03-20T01:40:40.763+0000] {logging_mixin.py:188} INFO - [2026-03-20T01:40:40.763+0000] {dag.py:3036} INFO - Sync 1 DAGs
[2026-03-20T01:40:40.773+0000] {logging_mixin.py:188} INFO - [2026-03-20T01:40:40.773+0000] {dag.py:3823} INFO - Setting next_dagrun for crawl_crypto_prices to 2026-03-20 01:00:00+00:00, run_after=2026-03-20 02:00:00+00:00
[2026-03-20T01:40:40.780+0000] {processor.py:183} INFO - Processing /opt/airflow/dags/crawl_crypto_prices.py took 0.051 seconds
[2026-03-20T01:41:11.065+0000] {processor.py:161} INFO - Started process (PID=2283) to work on /opt/airflow/dags/crawl_crypto_prices.py
[2026-03-20T01:41:11.066+0000] {processor.py:830} INFO - Processing file /opt/airflow/dags/crawl_crypto_prices.py for tasks to queue
[2026-03-20T01:41:11.067+0000] {logging_mixin.py:188} INFO - [2026-03-20T01:41:11.067+0000] {dagbag.py:538} INFO - Filling up the DagBag from /opt/airflow/dags/crawl_crypto_prices.py
[2026-03-20T01:41:11.077+0000] {processor.py:840} INFO - DAG(s) 'crawl_crypto_prices' retrieved from /opt/airflow/dags/crawl_crypto_prices.py
[2026-03-20T01:41:11.096+0000] {logging_mixin.py:188} INFO - [2026-03-20T01:41:11.096+0000] {dag.py:3036} INFO - Sync 1 DAGs
[2026-03-20T01:41:11.106+0000] {logging_mixin.py:188} INFO - [2026-03-20T01:41:11.106+0000] {dag.py:3823} INFO - Setting next_dagrun for crawl_crypto_prices to 2026-03-20 01:00:00+00:00, run_after=2026-03-20 02:00:00+00:00
[2026-03-20T01:41:11.113+0000] {processor.py:183} INFO - Processing /opt/airflow/dags/crawl_crypto_prices.py took 0.050 seconds
[2026-03-20T01:44:16.730+0000] {processor.py:161} INFO - Started process (PID=2288) to work on /opt/airflow/dags/crawl_crypto_prices.py
[2026-03-20T01:44:16.731+0000] {processor.py:830} INFO - Processing file /opt/airflow/dags/crawl_crypto_prices.py for tasks to queue
[2026-03-20T01:44:16.732+0000] {logging_mixin.py:188} INFO - [2026-03-20T01:44:16.731+0000] {dagbag.py:538} INFO - Filling up the DagBag from /opt/airflow/dags/crawl_crypto_prices.py
[2026-03-20T01:44:16.743+0000] {processor.py:840} INFO - DAG(s) 'crawl_crypto_prices' retrieved from /opt/airflow/dags/crawl_crypto_prices.py
[2026-03-20T01:44:16.774+0000] {logging_mixin.py:188} INFO - [2026-03-20T01:44:16.774+0000] {dag.py:3036} INFO - Sync 1 DAGs
[2026-03-20T01:44:16.794+0000] {logging_mixin.py:188} INFO - [2026-03-20T01:44:16.794+0000] {dag.py:3823} INFO - Setting next_dagrun for crawl_crypto_prices to 2026-03-20 01:00:00+00:00, run_after=2026-03-20 02:00:00+00:00
[2026-03-20T01:44:16.813+0000] {processor.py:183} INFO - Processing /opt/airflow/dags/crawl_crypto_prices.py took 0.085 seconds
[2026-03-20T01:53:40.349+0000] {processor.py:161} INFO - Started process (PID=2295) to work on /opt/airflow/dags/crawl_crypto_prices.py
[2026-03-20T01:53:40.350+0000] {processor.py:830} INFO - Processing file /opt/airflow/dags/crawl_crypto_prices.py for tasks to queue
[2026-03-20T01:53:40.351+0000] {logging_mixin.py:188} INFO - [2026-03-20T01:53:40.350+0000] {dagbag.py:538} INFO - Filling up the DagBag from /opt/airflow/dags/crawl_crypto_prices.py
[2026-03-20T01:53:40.361+0000] {processor.py:840} INFO - DAG(s) 'crawl_crypto_prices' retrieved from /opt/airflow/dags/crawl_crypto_prices.py
[2026-03-20T01:53:40.378+0000] {logging_mixin.py:188} INFO - [2026-03-20T01:53:40.378+0000] {dag.py:3036} INFO - Sync 1 DAGs
[2026-03-20T01:53:40.387+0000] {logging_mixin.py:188} INFO - [2026-03-20T01:53:40.387+0000] {dag.py:3823} INFO - Setting next_dagrun for crawl_crypto_prices to 2026-03-20 01:00:00+00:00, run_after=2026-03-20 02:00:00+00:00
[2026-03-20T01:53:40.393+0000] {processor.py:183} INFO - Processing /opt/airflow/dags/crawl_crypto_prices.py took 0.047 seconds
[2026-03-20T01:54:34.215+0000] {processor.py:161} INFO - Started process (PID=2300) to work on /opt/airflow/dags/crawl_crypto_prices.py
[2026-03-20T01:54:34.216+0000] {processor.py:830} INFO - Processing file /opt/airflow/dags/crawl_crypto_prices.py for tasks to queue
[2026-03-20T01:54:34.217+0000] {logging_mixin.py:188} INFO - [2026-03-20T01:54:34.216+0000] {dagbag.py:538} INFO - Filling up the DagBag from /opt/airflow/dags/crawl_crypto_prices.py
[2026-03-20T01:54:34.226+0000] {processor.py:840} INFO - DAG(s) 'crawl_crypto_prices' retrieved from /opt/airflow/dags/crawl_crypto_prices.py
[2026-03-20T01:54:34.244+0000] {logging_mixin.py:188} INFO - [2026-03-20T01:54:34.244+0000] {dag.py:3036} INFO - Sync 1 DAGs
[2026-03-20T01:54:34.253+0000] {logging_mixin.py:188} INFO - [2026-03-20T01:54:34.253+0000] {dag.py:3823} INFO - Setting next_dagrun for crawl_crypto_prices to 2026-03-20 01:00:00+00:00, run_after=2026-03-20 02:00:00+00:00
[2026-03-20T01:54:34.260+0000] {processor.py:183} INFO - Processing /opt/airflow/dags/crawl_crypto_prices.py took 0.048 seconds
[2026-03-20T01:56:45.096+0000] {processor.py:161} INFO - Started process (PID=2305) to work on /opt/airflow/dags/crawl_crypto_prices.py
[2026-03-20T01:56:45.097+0000] {processor.py:830} INFO - Processing file /opt/airflow/dags/crawl_crypto_prices.py for tasks to queue
[2026-03-20T01:56:45.098+0000] {logging_mixin.py:188} INFO - [2026-03-20T01:56:45.098+0000] {dagbag.py:538} INFO - Filling up the DagBag from /opt/airflow/dags/crawl_crypto_prices.py
[2026-03-20T01:56:45.108+0000] {processor.py:840} INFO - DAG(s) 'crawl_crypto_prices' retrieved from /opt/airflow/dags/crawl_crypto_prices.py
[2026-03-20T01:56:45.126+0000] {logging_mixin.py:188} INFO - [2026-03-20T01:56:45.126+0000] {dag.py:3036} INFO - Sync 1 DAGs
[2026-03-20T01:56:45.135+0000] {logging_mixin.py:188} INFO - [2026-03-20T01:56:45.135+0000] {dag.py:3823} INFO - Setting next_dagrun for crawl_crypto_prices to 2026-03-20 01:00:00+00:00, run_after=2026-03-20 02:00:00+00:00
[2026-03-20T01:56:45.142+0000] {processor.py:183} INFO - Processing /opt/airflow/dags/crawl_crypto_prices.py took 0.049 seconds
[2026-03-20T02:03:24.002+0000] {processor.py:161} INFO - Started process (PID=2310) to work on /opt/airflow/dags/crawl_crypto_prices.py
[2026-03-20T02:03:24.002+0000] {processor.py:830} INFO - Processing file /opt/airflow/dags/crawl_crypto_prices.py for tasks to queue
[2026-03-20T02:03:24.003+0000] {logging_mixin.py:188} INFO - [2026-03-20T02:03:24.003+0000] {dagbag.py:538} INFO - Filling up the DagBag from /opt/airflow/dags/crawl_crypto_prices.py
[2026-03-20T02:03:24.016+0000] {processor.py:840} INFO - DAG(s) 'crawl_crypto_prices' retrieved from /opt/airflow/dags/crawl_crypto_prices.py
[2026-03-20T02:03:24.033+0000] {logging_mixin.py:188} INFO - [2026-03-20T02:03:24.033+0000] {dag.py:3036} INFO - Sync 1 DAGs
[2026-03-20T02:03:24.044+0000] {logging_mixin.py:188} INFO - [2026-03-20T02:03:24.044+0000] {dag.py:3823} INFO - Setting next_dagrun for crawl_crypto_prices to 2026-03-20 01:00:00+00:00, run_after=2026-03-20 02:00:00+00:00
[2026-03-20T02:03:24.051+0000] {processor.py:183} INFO - Processing /opt/airflow/dags/crawl_crypto_prices.py took 0.052 seconds
[2026-03-20T02:03:54.328+0000] {processor.py:161} INFO - Started process (PID=2317) to work on /opt/airflow/dags/crawl_crypto_prices.py
[2026-03-20T02:03:54.329+0000] {processor.py:830} INFO - Processing file /opt/airflow/dags/crawl_crypto_prices.py for tasks to queue
[2026-03-20T02:03:54.330+0000] {logging_mixin.py:188} INFO - [2026-03-20T02:03:54.330+0000] {dagbag.py:538} INFO - Filling up the DagBag from /opt/airflow/dags/crawl_crypto_prices.py
[2026-03-20T02:03:54.341+0000] {processor.py:840} INFO - DAG(s) 'crawl_crypto_prices' retrieved from /opt/airflow/dags/crawl_crypto_prices.py
[2026-03-20T02:03:54.359+0000] {logging_mixin.py:188} INFO - [2026-03-20T02:03:54.359+0000] {dag.py:3036} INFO - Sync 1 DAGs
[2026-03-20T02:03:54.369+0000] {logging_mixin.py:188} INFO - [2026-03-20T02:03:54.369+0000] {dag.py:3823} INFO - Setting next_dagrun for crawl_crypto_prices to 2026-03-20 02:00:00+00:00, run_after=2026-03-20 03:00:00+00:00
[2026-03-20T02:03:54.376+0000] {processor.py:183} INFO - Processing /opt/airflow/dags/crawl_crypto_prices.py took 0.051 seconds
[2026-03-20T02:04:24.649+0000] {processor.py:161} INFO - Started process (PID=2322) to work on /opt/airflow/dags/crawl_crypto_prices.py
[2026-03-20T02:04:24.649+0000] {processor.py:830} INFO - Processing file /opt/airflow/dags/crawl_crypto_prices.py for tasks to queue
[2026-03-20T02:04:24.650+0000] {logging_mixin.py:188} INFO - [2026-03-20T02:04:24.650+0000] {dagbag.py:538} INFO - Filling up the DagBag from /opt/airflow/dags/crawl_crypto_prices.py
[2026-03-20T02:04:24.659+0000] {processor.py:840} INFO - DAG(s) 'crawl_crypto_prices' retrieved from /opt/airflow/dags/crawl_crypto_prices.py
[2026-03-20T02:04:24.675+0000] {logging_mixin.py:188} INFO - [2026-03-20T02:04:24.675+0000] {dag.py:3036} INFO - Sync 1 DAGs
[2026-03-20T02:04:24.684+0000] {logging_mixin.py:188} INFO - [2026-03-20T02:04:24.684+0000] {dag.py:3823} INFO - Setting next_dagrun for crawl_crypto_prices to 2026-03-20 02:00:00+00:00, run_after=2026-03-20 03:00:00+00:00
[2026-03-20T02:04:24.690+0000] {processor.py:183} INFO - Processing /opt/airflow/dags/crawl_crypto_prices.py took 0.043 seconds
[2026-03-20T02:04:54.974+0000] {processor.py:161} INFO - Started process (PID=2327) to work on /opt/airflow/dags/crawl_crypto_prices.py
[2026-03-20T02:04:54.974+0000] {processor.py:830} INFO - Processing file /opt/airflow/dags/crawl_crypto_prices.py for tasks to queue
[2026-03-20T02:04:54.975+0000] {logging_mixin.py:188} INFO - [2026-03-20T02:04:54.975+0000] {dagbag.py:538} INFO - Filling up the DagBag from /opt/airflow/dags/crawl_crypto_prices.py
[2026-03-20T02:04:54.986+0000] {processor.py:840} INFO - DAG(s) 'crawl_crypto_prices' retrieved from /opt/airflow/dags/crawl_crypto_prices.py
[2026-03-20T02:04:55.003+0000] {logging_mixin.py:188} INFO - [2026-03-20T02:04:55.003+0000] {dag.py:3036} INFO - Sync 1 DAGs
[2026-03-20T02:04:55.013+0000] {logging_mixin.py:188} INFO - [2026-03-20T02:04:55.013+0000] {dag.py:3823} INFO - Setting next_dagrun for crawl_crypto_prices to 2026-03-20 02:00:00+00:00, run_after=2026-03-20 03:00:00+00:00
[2026-03-20T02:04:55.019+0000] {processor.py:183} INFO - Processing /opt/airflow/dags/crawl_crypto_prices.py took 0.049 seconds
[2026-03-20T02:05:35.373+0000] {processor.py:161} INFO - Started process (PID=2332) to work on /opt/airflow/dags/crawl_crypto_prices.py
[2026-03-20T02:05:35.374+0000] {processor.py:830} INFO - Processing file /opt/airflow/dags/crawl_crypto_prices.py for tasks to queue
[2026-03-20T02:05:35.374+0000] {logging_mixin.py:188} INFO - [2026-03-20T02:05:35.374+0000] {dagbag.py:538} INFO - Filling up the DagBag from /opt/airflow/dags/crawl_crypto_prices.py
[2026-03-20T02:05:35.384+0000] {processor.py:840} INFO - DAG(s) 'crawl_crypto_prices' retrieved from /opt/airflow/dags/crawl_crypto_prices.py
[2026-03-20T02:05:35.400+0000] {logging_mixin.py:188} INFO - [2026-03-20T02:05:35.400+0000] {dag.py:3036} INFO - Sync 1 DAGs
[2026-03-20T02:05:35.409+0000] {logging_mixin.py:188} INFO - [2026-03-20T02:05:35.409+0000] {dag.py:3823} INFO - Setting next_dagrun for crawl_crypto_prices to 2026-03-20 02:00:00+00:00, run_after=2026-03-20 03:00:00+00:00
[2026-03-20T02:05:35.415+0000] {processor.py:183} INFO - Processing /opt/airflow/dags/crawl_crypto_prices.py took 0.046 seconds
[2026-03-20T02:06:05.629+0000] {processor.py:161} INFO - Started process (PID=2337) to work on /opt/airflow/dags/crawl_crypto_prices.py
[2026-03-20T02:06:05.630+0000] {processor.py:830} INFO - Processing file /opt/airflow/dags/crawl_crypto_prices.py for tasks to queue
[2026-03-20T02:06:05.631+0000] {logging_mixin.py:188} INFO - [2026-03-20T02:06:05.630+0000] {dagbag.py:538} INFO - Filling up the DagBag from /opt/airflow/dags/crawl_crypto_prices.py
[2026-03-20T02:06:05.640+0000] {processor.py:840} INFO - DAG(s) 'crawl_crypto_prices' retrieved from /opt/airflow/dags/crawl_crypto_prices.py
[2026-03-20T02:06:05.654+0000] {logging_mixin.py:188} INFO - [2026-03-20T02:06:05.654+0000] {dag.py:3036} INFO - Sync 1 DAGs
[2026-03-20T02:06:05.664+0000] {logging_mixin.py:188} INFO - [2026-03-20T02:06:05.664+0000] {dag.py:3823} INFO - Setting next_dagrun for crawl_crypto_prices to 2026-03-20 02:00:00+00:00, run_after=2026-03-20 03:00:00+00:00
[2026-03-20T02:06:05.670+0000] {processor.py:183} INFO - Processing /opt/airflow/dags/crawl_crypto_prices.py took 0.044 seconds
[2026-03-20T02:06:35.908+0000] {processor.py:161} INFO - Started process (PID=2342) to work on /opt/airflow/dags/crawl_crypto_prices.py
[2026-03-20T02:06:35.909+0000] {processor.py:830} INFO - Processing file /opt/airflow/dags/crawl_crypto_prices.py for tasks to queue
[2026-03-20T02:06:35.910+0000] {logging_mixin.py:188} INFO - [2026-03-20T02:06:35.909+0000] {dagbag.py:538} INFO - Filling up the DagBag from /opt/airflow/dags/crawl_crypto_prices.py
[2026-03-20T02:06:35.918+0000] {processor.py:840} INFO - DAG(s) 'crawl_crypto_prices' retrieved from /opt/airflow/dags/crawl_crypto_prices.py
[2026-03-20T02:06:35.935+0000] {logging_mixin.py:188} INFO - [2026-03-20T02:06:35.935+0000] {dag.py:3036} INFO - Sync 1 DAGs
[2026-03-20T02:06:35.944+0000] {logging_mixin.py:188} INFO - [2026-03-20T02:06:35.944+0000] {dag.py:3823} INFO - Setting next_dagrun for crawl_crypto_prices to 2026-03-20 02:00:00+00:00, run_after=2026-03-20 03:00:00+00:00
[2026-03-20T02:06:35.950+0000] {processor.py:183} INFO - Processing /opt/airflow/dags/crawl_crypto_prices.py took 0.045 seconds
[2026-03-20T02:07:06.171+0000] {processor.py:161} INFO - Started process (PID=2347) to work on /opt/airflow/dags/crawl_crypto_prices.py
[2026-03-20T02:07:06.172+0000] {processor.py:830} INFO - Processing file /opt/airflow/dags/crawl_crypto_prices.py for tasks to queue
[2026-03-20T02:07:06.173+0000] {logging_mixin.py:188} INFO - [2026-03-20T02:07:06.172+0000] {dagbag.py:538} INFO - Filling up the DagBag from /opt/airflow/dags/crawl_crypto_prices.py
[2026-03-20T02:07:06.184+0000] {processor.py:840} INFO - DAG(s) 'crawl_crypto_prices' retrieved from /opt/airflow/dags/crawl_crypto_prices.py
[2026-03-20T02:07:06.203+0000] {logging_mixin.py:188} INFO - [2026-03-20T02:07:06.203+0000] {dag.py:3036} INFO - Sync 1 DAGs
[2026-03-20T02:07:06.212+0000] {logging_mixin.py:188} INFO - [2026-03-20T02:07:06.212+0000] {dag.py:3823} INFO - Setting next_dagrun for crawl_crypto_prices to 2026-03-20 02:00:00+00:00, run_after=2026-03-20 03:00:00+00:00
[2026-03-20T02:07:06.218+0000] {processor.py:183} INFO - Processing /opt/airflow/dags/crawl_crypto_prices.py took 0.051 seconds
[2026-03-20T02:07:36.458+0000] {processor.py:161} INFO - Started process (PID=2352) to work on /opt/airflow/dags/crawl_crypto_prices.py
[2026-03-20T02:07:36.459+0000] {processor.py:830} INFO - Processing file /opt/airflow/dags/crawl_crypto_prices.py for tasks to queue
[2026-03-20T02:07:36.460+0000] {logging_mixin.py:188} INFO - [2026-03-20T02:07:36.459+0000] {dagbag.py:538} INFO - Filling up the DagBag from /opt/airflow/dags/crawl_crypto_prices.py
[2026-03-20T02:07:36.469+0000] {processor.py:840} INFO - DAG(s) 'crawl_crypto_prices' retrieved from /opt/airflow/dags/crawl_crypto_prices.py
[2026-03-20T02:07:36.486+0000] {logging_mixin.py:188} INFO - [2026-03-20T02:07:36.486+0000] {dag.py:3036} INFO - Sync 1 DAGs
[2026-03-20T02:07:36.495+0000] {logging_mixin.py:188} INFO - [2026-03-20T02:07:36.495+0000] {dag.py:3823} INFO - Setting next_dagrun for crawl_crypto_prices to 2026-03-20 02:00:00+00:00, run_after=2026-03-20 03:00:00+00:00
[2026-03-20T02:07:36.501+0000] {processor.py:183} INFO - Processing /opt/airflow/dags/crawl_crypto_prices.py took 0.047 seconds
[2026-03-20T02:08:06.718+0000] {processor.py:161} INFO - Started process (PID=2357) to work on /opt/airflow/dags/crawl_crypto_prices.py
[2026-03-20T02:08:06.719+0000] {processor.py:830} INFO - Processing file /opt/airflow/dags/crawl_crypto_prices.py for tasks to queue
[2026-03-20T02:08:06.720+0000] {logging_mixin.py:188} INFO - [2026-03-20T02:08:06.720+0000] {dagbag.py:538} INFO - Filling up the DagBag from /opt/airflow/dags/crawl_crypto_prices.py
[2026-03-20T02:08:06.730+0000] {processor.py:840} INFO - DAG(s) 'crawl_crypto_prices' retrieved from /opt/airflow/dags/crawl_crypto_prices.py
[2026-03-20T02:08:06.749+0000] {logging_mixin.py:188} INFO - [2026-03-20T02:08:06.749+0000] {dag.py:3036} INFO - Sync 1 DAGs
[2026-03-20T02:08:06.759+0000] {logging_mixin.py:188} INFO - [2026-03-20T02:08:06.759+0000] {dag.py:3823} INFO - Setting next_dagrun for crawl_crypto_prices to 2026-03-20 02:00:00+00:00, run_after=2026-03-20 03:00:00+00:00
[2026-03-20T02:08:06.766+0000] {processor.py:183} INFO - Processing /opt/airflow/dags/crawl_crypto_prices.py took 0.051 seconds
[2026-03-20T02:08:37.019+0000] {processor.py:161} INFO - Started process (PID=2362) to work on /opt/airflow/dags/crawl_crypto_prices.py
[2026-03-20T02:08:37.020+0000] {processor.py:830} INFO - Processing file /opt/airflow/dags/crawl_crypto_prices.py for tasks to queue
[2026-03-20T02:08:37.021+0000] {logging_mixin.py:188} INFO - [2026-03-20T02:08:37.021+0000] {dagbag.py:538} INFO - Filling up the DagBag from /opt/airflow/dags/crawl_crypto_prices.py
[2026-03-20T02:08:37.031+0000] {processor.py:840} INFO - DAG(s) 'crawl_crypto_prices' retrieved from /opt/airflow/dags/crawl_crypto_prices.py
[2026-03-20T02:08:37.049+0000] {logging_mixin.py:188} INFO - [2026-03-20T02:08:37.049+0000] {dag.py:3036} INFO - Sync 1 DAGs
[2026-03-20T02:08:37.059+0000] {logging_mixin.py:188} INFO - [2026-03-20T02:08:37.059+0000] {dag.py:3823} INFO - Setting next_dagrun for crawl_crypto_prices to 2026-03-20 02:00:00+00:00, run_after=2026-03-20 03:00:00+00:00
[2026-03-20T02:08:37.066+0000] {processor.py:183} INFO - Processing /opt/airflow/dags/crawl_crypto_prices.py took 0.050 seconds
[2026-03-20T02:09:07.320+0000] {processor.py:161} INFO - Started process (PID=2367) to work on /opt/airflow/dags/crawl_crypto_prices.py
[2026-03-20T02:09:07.321+0000] {processor.py:830} INFO - Processing file /opt/airflow/dags/crawl_crypto_prices.py for tasks to queue
[2026-03-20T02:09:07.322+0000] {logging_mixin.py:188} INFO - [2026-03-20T02:09:07.321+0000] {dagbag.py:538} INFO - Filling up the DagBag from /opt/airflow/dags/crawl_crypto_prices.py
[2026-03-20T02:09:07.333+0000] {processor.py:840} INFO - DAG(s) 'crawl_crypto_prices' retrieved from /opt/airflow/dags/crawl_crypto_prices.py
[2026-03-20T02:09:07.351+0000] {logging_mixin.py:188} INFO - [2026-03-20T02:09:07.351+0000] {dag.py:3036} INFO - Sync 1 DAGs
[2026-03-20T02:09:07.363+0000] {logging_mixin.py:188} INFO - [2026-03-20T02:09:07.363+0000] {dag.py:3823} INFO - Setting next_dagrun for crawl_crypto_prices to 2026-03-20 02:00:00+00:00, run_after=2026-03-20 03:00:00+00:00
[2026-03-20T02:09:07.369+0000] {processor.py:183} INFO - Processing /opt/airflow/dags/crawl_crypto_prices.py took 0.053 seconds
[2026-03-20T02:09:37.574+0000] {processor.py:161} INFO - Started process (PID=2372) to work on /opt/airflow/dags/crawl_crypto_prices.py
[2026-03-20T02:09:37.575+0000] {processor.py:830} INFO - Processing file /opt/airflow/dags/crawl_crypto_prices.py for tasks to queue
[2026-03-20T02:09:37.576+0000] {logging_mixin.py:188} INFO - [2026-03-20T02:09:37.576+0000] {dagbag.py:538} INFO - Filling up the DagBag from /opt/airflow/dags/crawl_crypto_prices.py
[2026-03-20T02:09:37.586+0000] {processor.py:840} INFO - DAG(s) 'crawl_crypto_prices' retrieved from /opt/airflow/dags/crawl_crypto_prices.py
[2026-03-20T02:09:37.603+0000] {logging_mixin.py:188} INFO - [2026-03-20T02:09:37.603+0000] {dag.py:3036} INFO - Sync 1 DAGs
[2026-03-20T02:09:37.613+0000] {logging_mixin.py:188} INFO - [2026-03-20T02:09:37.613+0000] {dag.py:3823} INFO - Setting next_dagrun for crawl_crypto_prices to 2026-03-20 02:00:00+00:00, run_after=2026-03-20 03:00:00+00:00
[2026-03-20T02:09:37.620+0000] {processor.py:183} INFO - Processing /opt/airflow/dags/crawl_crypto_prices.py took 0.049 seconds
[2026-03-20T02:10:07.868+0000] {processor.py:161} INFO - Started process (PID=2377) to work on /opt/airflow/dags/crawl_crypto_prices.py
[2026-03-20T02:10:07.869+0000] {processor.py:830} INFO - Processing file /opt/airflow/dags/crawl_crypto_prices.py for tasks to queue
[2026-03-20T02:10:07.870+0000] {logging_mixin.py:188} INFO - [2026-03-20T02:10:07.870+0000] {dagbag.py:538} INFO - Filling up the DagBag from /opt/airflow/dags/crawl_crypto_prices.py
[2026-03-20T02:10:07.880+0000] {processor.py:840} INFO - DAG(s) 'crawl_crypto_prices' retrieved from /opt/airflow/dags/crawl_crypto_prices.py
[2026-03-20T02:10:07.899+0000] {logging_mixin.py:188} INFO - [2026-03-20T02:10:07.899+0000] {dag.py:3036} INFO - Sync 1 DAGs
[2026-03-20T02:10:07.910+0000] {logging_mixin.py:188} INFO - [2026-03-20T02:10:07.910+0000] {dag.py:3823} INFO - Setting next_dagrun for crawl_crypto_prices to 2026-03-20 02:00:00+00:00, run_after=2026-03-20 03:00:00+00:00
[2026-03-20T02:10:07.917+0000] {processor.py:183} INFO - Processing /opt/airflow/dags/crawl_crypto_prices.py took 0.052 seconds
[2026-03-20T02:10:38.176+0000] {processor.py:161} INFO - Started process (PID=2382) to work on /opt/airflow/dags/crawl_crypto_prices.py
[2026-03-20T02:10:38.177+0000] {processor.py:830} INFO - Processing file /opt/airflow/dags/crawl_crypto_prices.py for tasks to queue
[2026-03-20T02:10:38.178+0000] {logging_mixin.py:188} INFO - [2026-03-20T02:10:38.178+0000] {dagbag.py:538} INFO - Filling up the DagBag from /opt/airflow/dags/crawl_crypto_prices.py
[2026-03-20T02:10:38.188+0000] {processor.py:840} INFO - DAG(s) 'crawl_crypto_prices' retrieved from /opt/airflow/dags/crawl_crypto_prices.py
[2026-03-20T02:10:38.206+0000] {logging_mixin.py:188} INFO - [2026-03-20T02:10:38.205+0000] {dag.py:3036} INFO - Sync 1 DAGs
[2026-03-20T02:10:38.216+0000] {logging_mixin.py:188} INFO - [2026-03-20T02:10:38.216+0000] {dag.py:3823} INFO - Setting next_dagrun for crawl_crypto_prices to 2026-03-20 02:00:00+00:00, run_after=2026-03-20 03:00:00+00:00
[2026-03-20T02:10:38.222+0000] {processor.py:183} INFO - Processing /opt/airflow/dags/crawl_crypto_prices.py took 0.049 seconds
[2026-03-20T02:11:08.487+0000] {processor.py:161} INFO - Started process (PID=2387) to work on /opt/airflow/dags/crawl_crypto_prices.py
[2026-03-20T02:11:08.488+0000] {processor.py:830} INFO - Processing file /opt/airflow/dags/crawl_crypto_prices.py for tasks to queue
[2026-03-20T02:11:08.489+0000] {logging_mixin.py:188} INFO - [2026-03-20T02:11:08.489+0000] {dagbag.py:538} INFO - Filling up the DagBag from /opt/airflow/dags/crawl_crypto_prices.py
[2026-03-20T02:11:08.501+0000] {processor.py:840} INFO - DAG(s) 'crawl_crypto_prices' retrieved from /opt/airflow/dags/crawl_crypto_prices.py
[2026-03-20T02:11:08.519+0000] {logging_mixin.py:188} INFO - [2026-03-20T02:11:08.518+0000] {dag.py:3036} INFO - Sync 1 DAGs
[2026-03-20T02:11:08.529+0000] {logging_mixin.py:188} INFO - [2026-03-20T02:11:08.529+0000] {dag.py:3823} INFO - Setting next_dagrun for crawl_crypto_prices to 2026-03-20 02:00:00+00:00, run_after=2026-03-20 03:00:00+00:00
[2026-03-20T02:11:08.534+0000] {processor.py:183} INFO - Processing /opt/airflow/dags/crawl_crypto_prices.py took 0.050 seconds
[2026-03-20T02:11:38.818+0000] {processor.py:161} INFO - Started process (PID=2392) to work on /opt/airflow/dags/crawl_crypto_prices.py
[2026-03-20T02:11:38.820+0000] {processor.py:830} INFO - Processing file /opt/airflow/dags/crawl_crypto_prices.py for tasks to queue
[2026-03-20T02:11:38.820+0000] {logging_mixin.py:188} INFO - [2026-03-20T02:11:38.820+0000] {dagbag.py:538} INFO - Filling up the DagBag from /opt/airflow/dags/crawl_crypto_prices.py
[2026-03-20T02:11:38.830+0000] {processor.py:840} INFO - DAG(s) 'crawl_crypto_prices' retrieved from /opt/airflow/dags/crawl_crypto_prices.py
[2026-03-20T02:11:38.849+0000] {logging_mixin.py:188} INFO - [2026-03-20T02:11:38.849+0000] {dag.py:3036} INFO - Sync 1 DAGs
[2026-03-20T02:11:38.860+0000] {logging_mixin.py:188} INFO - [2026-03-20T02:11:38.860+0000] {dag.py:3823} INFO - Setting next_dagrun for crawl_crypto_prices to 2026-03-20 02:00:00+00:00, run_after=2026-03-20 03:00:00+00:00
[2026-03-20T02:11:38.866+0000] {processor.py:183} INFO - Processing /opt/airflow/dags/crawl_crypto_prices.py took 0.051 seconds
[2026-03-20T02:12:09.157+0000] {processor.py:161} INFO - Started process (PID=2397) to work on /opt/airflow/dags/crawl_crypto_prices.py
[2026-03-20T02:12:09.158+0000] {processor.py:830} INFO - Processing file /opt/airflow/dags/crawl_crypto_prices.py for tasks to queue
[2026-03-20T02:12:09.159+0000] {logging_mixin.py:188} INFO - [2026-03-20T02:12:09.158+0000] {dagbag.py:538} INFO - Filling up the DagBag from /opt/airflow/dags/crawl_crypto_prices.py
[2026-03-20T02:12:09.169+0000] {processor.py:840} INFO - DAG(s) 'crawl_crypto_prices' retrieved from /opt/airflow/dags/crawl_crypto_prices.py
[2026-03-20T02:12:09.188+0000] {logging_mixin.py:188} INFO - [2026-03-20T02:12:09.188+0000] {dag.py:3036} INFO - Sync 1 DAGs
[2026-03-20T02:12:09.198+0000] {logging_mixin.py:188} INFO - [2026-03-20T02:12:09.198+0000] {dag.py:3823} INFO - Setting next_dagrun for crawl_crypto_prices to 2026-03-20 02:00:00+00:00, run_after=2026-03-20 03:00:00+00:00
[2026-03-20T02:12:09.205+0000] {processor.py:183} INFO - Processing /opt/airflow/dags/crawl_crypto_prices.py took 0.052 seconds
[2026-03-20T02:12:39.474+0000] {processor.py:161} INFO - Started process (PID=2402) to work on /opt/airflow/dags/crawl_crypto_prices.py
[2026-03-20T02:12:39.475+0000] {processor.py:830} INFO - Processing file /opt/airflow/dags/crawl_crypto_prices.py for tasks to queue
[2026-03-20T02:12:39.476+0000] {logging_mixin.py:188} INFO - [2026-03-20T02:12:39.476+0000] {dagbag.py:538} INFO - Filling up the DagBag from /opt/airflow/dags/crawl_crypto_prices.py
[2026-03-20T02:12:39.485+0000] {processor.py:840} INFO - DAG(s) 'crawl_crypto_prices' retrieved from /opt/airflow/dags/crawl_crypto_prices.py
[2026-03-20T02:12:39.503+0000] {logging_mixin.py:188} INFO - [2026-03-20T02:12:39.503+0000] {dag.py:3036} INFO - Sync 1 DAGs
[2026-03-20T02:12:39.514+0000] {logging_mixin.py:188} INFO - [2026-03-20T02:12:39.514+0000] {dag.py:3823} INFO - Setting next_dagrun for crawl_crypto_prices to 2026-03-20 02:00:00+00:00, run_after=2026-03-20 03:00:00+00:00
[2026-03-20T02:12:39.521+0000] {processor.py:183} INFO - Processing /opt/airflow/dags/crawl_crypto_prices.py took 0.050 seconds
[2026-03-20T02:13:09.768+0000] {processor.py:161} INFO - Started process (PID=2407) to work on /opt/airflow/dags/crawl_crypto_prices.py
[2026-03-20T02:13:09.769+0000] {processor.py:830} INFO - Processing file /opt/airflow/dags/crawl_crypto_prices.py for tasks to queue
[2026-03-20T02:13:09.770+0000] {logging_mixin.py:188} INFO - [2026-03-20T02:13:09.770+0000] {dagbag.py:538} INFO - Filling up the DagBag from /opt/airflow/dags/crawl_crypto_prices.py
[2026-03-20T02:13:09.780+0000] {processor.py:840} INFO - DAG(s) 'crawl_crypto_prices' retrieved from /opt/airflow/dags/crawl_crypto_prices.py
[2026-03-20T02:13:09.799+0000] {logging_mixin.py:188} INFO - [2026-03-20T02:13:09.799+0000] {dag.py:3036} INFO - Sync 1 DAGs
[2026-03-20T02:13:09.809+0000] {logging_mixin.py:188} INFO - [2026-03-20T02:13:09.809+0000] {dag.py:3823} INFO - Setting next_dagrun for crawl_crypto_prices to 2026-03-20 02:00:00+00:00, run_after=2026-03-20 03:00:00+00:00
[2026-03-20T02:13:09.815+0000] {processor.py:183} INFO - Processing /opt/airflow/dags/crawl_crypto_prices.py took 0.050 seconds
[2026-03-20T02:13:40.103+0000] {processor.py:161} INFO - Started process (PID=2412) to work on /opt/airflow/dags/crawl_crypto_prices.py
[2026-03-20T02:13:40.104+0000] {processor.py:830} INFO - Processing file /opt/airflow/dags/crawl_crypto_prices.py for tasks to queue
[2026-03-20T02:13:40.105+0000] {logging_mixin.py:188} INFO - [2026-03-20T02:13:40.105+0000] {dagbag.py:538} INFO - Filling up the DagBag from /opt/airflow/dags/crawl_crypto_prices.py
[2026-03-20T02:13:40.115+0000] {processor.py:840} INFO - DAG(s) 'crawl_crypto_prices' retrieved from /opt/airflow/dags/crawl_crypto_prices.py
[2026-03-20T02:13:40.133+0000] {logging_mixin.py:188} INFO - [2026-03-20T02:13:40.133+0000] {dag.py:3036} INFO - Sync 1 DAGs
[2026-03-20T02:13:40.142+0000] {logging_mixin.py:188} INFO - [2026-03-20T02:13:40.142+0000] {dag.py:3823} INFO - Setting next_dagrun for crawl_crypto_prices to 2026-03-20 02:00:00+00:00, run_after=2026-03-20 03:00:00+00:00
[2026-03-20T02:13:40.148+0000] {processor.py:183} INFO - Processing /opt/airflow/dags/crawl_crypto_prices.py took 0.048 seconds
[2026-03-20T02:14:10.383+0000] {processor.py:161} INFO - Started process (PID=2417) to work on /opt/airflow/dags/crawl_crypto_prices.py
[2026-03-20T02:14:10.384+0000] {processor.py:830} INFO - Processing file /opt/airflow/dags/crawl_crypto_prices.py for tasks to queue
[2026-03-20T02:14:10.384+0000] {logging_mixin.py:188} INFO - [2026-03-20T02:14:10.384+0000] {dagbag.py:538} INFO - Filling up the DagBag from /opt/airflow/dags/crawl_crypto_prices.py
[2026-03-20T02:14:10.391+0000] {processor.py:840} INFO - DAG(s) 'crawl_crypto_prices' retrieved from /opt/airflow/dags/crawl_crypto_prices.py
[2026-03-20T02:14:10.405+0000] {logging_mixin.py:188} INFO - [2026-03-20T02:14:10.404+0000] {dag.py:3036} INFO - Sync 1 DAGs
[2026-03-20T02:14:10.413+0000] {logging_mixin.py:188} INFO - [2026-03-20T02:14:10.413+0000] {dag.py:3823} INFO - Setting next_dagrun for crawl_crypto_prices to 2026-03-20 02:00:00+00:00, run_after=2026-03-20 03:00:00+00:00
[2026-03-20T02:14:10.420+0000] {processor.py:183} INFO - Processing /opt/airflow/dags/crawl_crypto_prices.py took 0.038 seconds
[2026-03-20T02:14:40.704+0000] {processor.py:161} INFO - Started process (PID=2422) to work on /opt/airflow/dags/crawl_crypto_prices.py
[2026-03-20T02:14:40.705+0000] {processor.py:830} INFO - Processing file /opt/airflow/dags/crawl_crypto_prices.py for tasks to queue
[2026-03-20T02:14:40.706+0000] {logging_mixin.py:188} INFO - [2026-03-20T02:14:40.706+0000] {dagbag.py:538} INFO - Filling up the DagBag from /opt/airflow/dags/crawl_crypto_prices.py
[2026-03-20T02:14:40.716+0000] {processor.py:840} INFO - DAG(s) 'crawl_crypto_prices' retrieved from /opt/airflow/dags/crawl_crypto_prices.py
[2026-03-20T02:14:40.734+0000] {logging_mixin.py:188} INFO - [2026-03-20T02:14:40.734+0000] {dag.py:3036} INFO - Sync 1 DAGs
[2026-03-20T02:14:40.744+0000] {logging_mixin.py:188} INFO - [2026-03-20T02:14:40.743+0000] {dag.py:3823} INFO - Setting next_dagrun for crawl_crypto_prices to 2026-03-20 02:00:00+00:00, run_after=2026-03-20 03:00:00+00:00
[2026-03-20T02:14:40.750+0000] {processor.py:183} INFO - Processing /opt/airflow/dags/crawl_crypto_prices.py took 0.049 seconds
[2026-03-20T02:15:11.009+0000] {processor.py:161} INFO - Started process (PID=2427) to work on /opt/airflow/dags/crawl_crypto_prices.py
[2026-03-20T02:15:11.010+0000] {processor.py:830} INFO - Processing file /opt/airflow/dags/crawl_crypto_prices.py for tasks to queue
[2026-03-20T02:15:11.010+0000] {logging_mixin.py:188} INFO - [2026-03-20T02:15:11.010+0000] {dagbag.py:538} INFO - Filling up the DagBag from /opt/airflow/dags/crawl_crypto_prices.py
[2026-03-20T02:15:11.021+0000] {processor.py:840} INFO - DAG(s) 'crawl_crypto_prices' retrieved from /opt/airflow/dags/crawl_crypto_prices.py
[2026-03-20T02:15:11.039+0000] {logging_mixin.py:188} INFO - [2026-03-20T02:15:11.039+0000] {dag.py:3036} INFO - Sync 1 DAGs
[2026-03-20T02:15:11.049+0000] {logging_mixin.py:188} INFO - [2026-03-20T02:15:11.049+0000] {dag.py:3823} INFO - Setting next_dagrun for crawl_crypto_prices to 2026-03-20 02:00:00+00:00, run_after=2026-03-20 03:00:00+00:00
[2026-03-20T02:15:11.057+0000] {processor.py:183} INFO - Processing /opt/airflow/dags/crawl_crypto_prices.py took 0.051 seconds
[2026-03-20T02:15:41.328+0000] {processor.py:161} INFO - Started process (PID=2432) to work on /opt/airflow/dags/crawl_crypto_prices.py
[2026-03-20T02:15:41.329+0000] {processor.py:830} INFO - Processing file /opt/airflow/dags/crawl_crypto_prices.py for tasks to queue
[2026-03-20T02:15:41.330+0000] {logging_mixin.py:188} INFO - [2026-03-20T02:15:41.330+0000] {dagbag.py:538} INFO - Filling up the DagBag from /opt/airflow/dags/crawl_crypto_prices.py
[2026-03-20T02:15:41.340+0000] {processor.py:840} INFO - DAG(s) 'crawl_crypto_prices' retrieved from /opt/airflow/dags/crawl_crypto_prices.py
[2026-03-20T02:15:41.359+0000] {logging_mixin.py:188} INFO - [2026-03-20T02:15:41.359+0000] {dag.py:3036} INFO - Sync 1 DAGs
[2026-03-20T02:15:41.370+0000] {logging_mixin.py:188} INFO - [2026-03-20T02:15:41.370+0000] {dag.py:3823} INFO - Setting next_dagrun for crawl_crypto_prices to 2026-03-20 02:00:00+00:00, run_after=2026-03-20 03:00:00+00:00
[2026-03-20T02:15:41.377+0000] {processor.py:183} INFO - Processing /opt/airflow/dags/crawl_crypto_prices.py took 0.051 seconds
[2026-03-20T02:16:11.647+0000] {processor.py:161} INFO - Started process (PID=2437) to work on /opt/airflow/dags/crawl_crypto_prices.py
[2026-03-20T02:16:11.648+0000] {processor.py:830} INFO - Processing file /opt/airflow/dags/crawl_crypto_prices.py for tasks to queue
[2026-03-20T02:16:11.649+0000] {logging_mixin.py:188} INFO - [2026-03-20T02:16:11.649+0000] {dagbag.py:538} INFO - Filling up the DagBag from /opt/airflow/dags/crawl_crypto_prices.py
[2026-03-20T02:16:11.660+0000] {processor.py:840} INFO - DAG(s) 'crawl_crypto_prices' retrieved from /opt/airflow/dags/crawl_crypto_prices.py
[2026-03-20T02:16:11.679+0000] {logging_mixin.py:188} INFO - [2026-03-20T02:16:11.678+0000] {dag.py:3036} INFO - Sync 1 DAGs
[2026-03-20T02:16:11.689+0000] {logging_mixin.py:188} INFO - [2026-03-20T02:16:11.689+0000] {dag.py:3823} INFO - Setting next_dagrun for crawl_crypto_prices to 2026-03-20 02:00:00+00:00, run_after=2026-03-20 03:00:00+00:00
[2026-03-20T02:16:11.695+0000] {processor.py:183} INFO - Processing /opt/airflow/dags/crawl_crypto_prices.py took 0.051 seconds
[2026-03-20T02:16:41.981+0000] {processor.py:161} INFO - Started process (PID=2442) to work on /opt/airflow/dags/crawl_crypto_prices.py
[2026-03-20T02:16:41.982+0000] {processor.py:830} INFO - Processing file /opt/airflow/dags/crawl_crypto_prices.py for tasks to queue
[2026-03-20T02:16:41.983+0000] {logging_mixin.py:188} INFO - [2026-03-20T02:16:41.982+0000] {dagbag.py:538} INFO - Filling up the DagBag from /opt/airflow/dags/crawl_crypto_prices.py
[2026-03-20T02:16:41.993+0000] {processor.py:840} INFO - DAG(s) 'crawl_crypto_prices' retrieved from /opt/airflow/dags/crawl_crypto_prices.py
[2026-03-20T02:16:42.007+0000] {logging_mixin.py:188} INFO - [2026-03-20T02:16:42.007+0000] {dag.py:3036} INFO - Sync 1 DAGs
[2026-03-20T02:16:42.016+0000] {logging_mixin.py:188} INFO - [2026-03-20T02:16:42.016+0000] {dag.py:3823} INFO - Setting next_dagrun for crawl_crypto_prices to 2026-03-20 02:00:00+00:00, run_after=2026-03-20 03:00:00+00:00
[2026-03-20T02:16:42.022+0000] {processor.py:183} INFO - Processing /opt/airflow/dags/crawl_crypto_prices.py took 0.045 seconds
[2026-03-20T02:17:12.301+0000] {processor.py:161} INFO - Started process (PID=2447) to work on /opt/airflow/dags/crawl_crypto_prices.py
[2026-03-20T02:17:12.302+0000] {processor.py:830} INFO - Processing file /opt/airflow/dags/crawl_crypto_prices.py for tasks to queue
[2026-03-20T02:17:12.303+0000] {logging_mixin.py:188} INFO - [2026-03-20T02:17:12.303+0000] {dagbag.py:538} INFO - Filling up the DagBag from /opt/airflow/dags/crawl_crypto_prices.py
[2026-03-20T02:17:12.319+0000] {processor.py:840} INFO - DAG(s) 'crawl_crypto_prices' retrieved from /opt/airflow/dags/crawl_crypto_prices.py
[2026-03-20T02:17:12.344+0000] {logging_mixin.py:188} INFO - [2026-03-20T02:17:12.343+0000] {dag.py:3036} INFO - Sync 1 DAGs
[2026-03-20T02:17:12.355+0000] {logging_mixin.py:188} INFO - [2026-03-20T02:17:12.355+0000] {dag.py:3823} INFO - Setting next_dagrun for crawl_crypto_prices to 2026-03-20 02:00:00+00:00, run_after=2026-03-20 03:00:00+00:00
[2026-03-20T02:17:12.363+0000] {processor.py:183} INFO - Processing /opt/airflow/dags/crawl_crypto_prices.py took 0.067 seconds
[2026-03-20T02:17:42.572+0000] {processor.py:161} INFO - Started process (PID=2452) to work on /opt/airflow/dags/crawl_crypto_prices.py
[2026-03-20T02:17:42.573+0000] {processor.py:830} INFO - Processing file /opt/airflow/dags/crawl_crypto_prices.py for tasks to queue
[2026-03-20T02:17:42.574+0000] {logging_mixin.py:188} INFO - [2026-03-20T02:17:42.574+0000] {dagbag.py:538} INFO - Filling up the DagBag from /opt/airflow/dags/crawl_crypto_prices.py
[2026-03-20T02:17:42.584+0000] {processor.py:840} INFO - DAG(s) 'crawl_crypto_prices' retrieved from /opt/airflow/dags/crawl_crypto_prices.py
[2026-03-20T02:17:42.604+0000] {logging_mixin.py:188} INFO - [2026-03-20T02:17:42.604+0000] {dag.py:3036} INFO - Sync 1 DAGs
[2026-03-20T02:17:42.615+0000] {logging_mixin.py:188} INFO - [2026-03-20T02:17:42.615+0000] {dag.py:3823} INFO - Setting next_dagrun for crawl_crypto_prices to 2026-03-20 02:00:00+00:00, run_after=2026-03-20 03:00:00+00:00
[2026-03-20T02:17:42.622+0000] {processor.py:183} INFO - Processing /opt/airflow/dags/crawl_crypto_prices.py took 0.052 seconds
[2026-03-20T02:18:02.770+0000] {processor.py:161} INFO - Started process (PID=2457) to work on /opt/airflow/dags/crawl_crypto_prices.py
[2026-03-20T02:18:02.771+0000] {processor.py:830} INFO - Processing file /opt/airflow/dags/crawl_crypto_prices.py for tasks to queue
[2026-03-20T02:18:02.772+0000] {logging_mixin.py:188} INFO - [2026-03-20T02:18:02.772+0000] {dagbag.py:538} INFO - Filling up the DagBag from /opt/airflow/dags/crawl_crypto_prices.py
[2026-03-20T02:18:02.784+0000] {processor.py:840} INFO - DAG(s) 'crawl_crypto_prices' retrieved from /opt/airflow/dags/crawl_crypto_prices.py
[2026-03-20T02:18:02.801+0000] {logging_mixin.py:188} INFO - [2026-03-20T02:18:02.801+0000] {dag.py:3036} INFO - Sync 1 DAGs
[2026-03-20T02:18:02.811+0000] {logging_mixin.py:188} INFO - [2026-03-20T02:18:02.811+0000] {dag.py:3823} INFO - Setting next_dagrun for crawl_crypto_prices to 2026-03-20 02:00:00+00:00, run_after=2026-03-20 03:00:00+00:00
[2026-03-20T02:18:02.819+0000] {processor.py:183} INFO - Processing /opt/airflow/dags/crawl_crypto_prices.py took 0.052 seconds
[2026-03-20T02:18:33.049+0000] {processor.py:161} INFO - Started process (PID=2462) to work on /opt/airflow/dags/crawl_crypto_prices.py
[2026-03-20T02:18:33.050+0000] {processor.py:830} INFO - Processing file /opt/airflow/dags/crawl_crypto_prices.py for tasks to queue
[2026-03-20T02:18:33.051+0000] {logging_mixin.py:188} INFO - [2026-03-20T02:18:33.051+0000] {dagbag.py:538} INFO - Filling up the DagBag from /opt/airflow/dags/crawl_crypto_prices.py
[2026-03-20T02:18:33.060+0000] {processor.py:840} INFO - DAG(s) 'crawl_crypto_prices' retrieved from /opt/airflow/dags/crawl_crypto_prices.py
[2026-03-20T02:18:33.077+0000] {logging_mixin.py:188} INFO - [2026-03-20T02:18:33.076+0000] {dag.py:3036} INFO - Sync 1 DAGs
[2026-03-20T02:18:33.085+0000] {logging_mixin.py:188} INFO - [2026-03-20T02:18:33.085+0000] {dag.py:3823} INFO - Setting next_dagrun for crawl_crypto_prices to 2026-03-20 02:00:00+00:00, run_after=2026-03-20 03:00:00+00:00
[2026-03-20T02:18:33.092+0000] {processor.py:183} INFO - Processing /opt/airflow/dags/crawl_crypto_prices.py took 0.047 seconds
[2026-03-20T02:19:03.357+0000] {processor.py:161} INFO - Started process (PID=2467) to work on /opt/airflow/dags/crawl_crypto_prices.py
[2026-03-20T02:19:03.359+0000] {processor.py:830} INFO - Processing file /opt/airflow/dags/crawl_crypto_prices.py for tasks to queue
[2026-03-20T02:19:03.359+0000] {logging_mixin.py:188} INFO - [2026-03-20T02:19:03.359+0000] {dagbag.py:538} INFO - Filling up the DagBag from /opt/airflow/dags/crawl_crypto_prices.py
[2026-03-20T02:19:03.370+0000] {processor.py:840} INFO - DAG(s) 'crawl_crypto_prices' retrieved from /opt/airflow/dags/crawl_crypto_prices.py
[2026-03-20T02:19:03.392+0000] {logging_mixin.py:188} INFO - [2026-03-20T02:19:03.392+0000] {dag.py:3036} INFO - Sync 1 DAGs
[2026-03-20T02:19:03.404+0000] {logging_mixin.py:188} INFO - [2026-03-20T02:19:03.404+0000] {dag.py:3823} INFO - Setting next_dagrun for crawl_crypto_prices to 2026-03-20 02:00:00+00:00, run_after=2026-03-20 03:00:00+00:00
[2026-03-20T02:19:03.411+0000] {processor.py:183} INFO - Processing /opt/airflow/dags/crawl_crypto_prices.py took 0.057 seconds
[2026-03-20T02:19:33.661+0000] {processor.py:161} INFO - Started process (PID=2472) to work on /opt/airflow/dags/crawl_crypto_prices.py
[2026-03-20T02:19:33.662+0000] {processor.py:830} INFO - Processing file /opt/airflow/dags/crawl_crypto_prices.py for tasks to queue
[2026-03-20T02:19:33.663+0000] {logging_mixin.py:188} INFO - [2026-03-20T02:19:33.663+0000] {dagbag.py:538} INFO - Filling up the DagBag from /opt/airflow/dags/crawl_crypto_prices.py
[2026-03-20T02:19:33.673+0000] {processor.py:840} INFO - DAG(s) 'crawl_crypto_prices' retrieved from /opt/airflow/dags/crawl_crypto_prices.py
[2026-03-20T02:19:33.692+0000] {logging_mixin.py:188} INFO - [2026-03-20T02:19:33.692+0000] {dag.py:3036} INFO - Sync 1 DAGs
[2026-03-20T02:19:33.703+0000] {logging_mixin.py:188} INFO - [2026-03-20T02:19:33.702+0000] {dag.py:3823} INFO - Setting next_dagrun for crawl_crypto_prices to 2026-03-20 02:00:00+00:00, run_after=2026-03-20 03:00:00+00:00
[2026-03-20T02:19:33.709+0000] {processor.py:183} INFO - Processing /opt/airflow/dags/crawl_crypto_prices.py took 0.051 seconds
[2026-03-20T02:20:03.959+0000] {processor.py:161} INFO - Started process (PID=2477) to work on /opt/airflow/dags/crawl_crypto_prices.py
[2026-03-20T02:20:03.960+0000] {processor.py:830} INFO - Processing file /opt/airflow/dags/crawl_crypto_prices.py for tasks to queue
[2026-03-20T02:20:03.961+0000] {logging_mixin.py:188} INFO - [2026-03-20T02:20:03.961+0000] {dagbag.py:538} INFO - Filling up the DagBag from /opt/airflow/dags/crawl_crypto_prices.py
[2026-03-20T02:20:03.972+0000] {processor.py:840} INFO - DAG(s) 'crawl_crypto_prices' retrieved from /opt/airflow/dags/crawl_crypto_prices.py
[2026-03-20T02:20:03.991+0000] {logging_mixin.py:188} INFO - [2026-03-20T02:20:03.991+0000] {dag.py:3036} INFO - Sync 1 DAGs
[2026-03-20T02:20:04.002+0000] {logging_mixin.py:188} INFO - [2026-03-20T02:20:04.002+0000] {dag.py:3823} INFO - Setting next_dagrun for crawl_crypto_prices to 2026-03-20 02:00:00+00:00, run_after=2026-03-20 03:00:00+00:00
[2026-03-20T02:20:04.008+0000] {processor.py:183} INFO - Processing /opt/airflow/dags/crawl_crypto_prices.py took 0.053 seconds
[2026-03-20T02:20:34.286+0000] {processor.py:161} INFO - Started process (PID=2482) to work on /opt/airflow/dags/crawl_crypto_prices.py
[2026-03-20T02:20:34.288+0000] {processor.py:830} INFO - Processing file /opt/airflow/dags/crawl_crypto_prices.py for tasks to queue
[2026-03-20T02:20:34.288+0000] {logging_mixin.py:188} INFO - [2026-03-20T02:20:34.288+0000] {dagbag.py:538} INFO - Filling up the DagBag from /opt/airflow/dags/crawl_crypto_prices.py
[2026-03-20T02:20:34.300+0000] {processor.py:840} INFO - DAG(s) 'crawl_crypto_prices' retrieved from /opt/airflow/dags/crawl_crypto_prices.py
[2026-03-20T02:20:34.322+0000] {logging_mixin.py:188} INFO - [2026-03-20T02:20:34.322+0000] {dag.py:3036} INFO - Sync 1 DAGs
[2026-03-20T02:20:34.334+0000] {logging_mixin.py:188} INFO - [2026-03-20T02:20:34.333+0000] {dag.py:3823} INFO - Setting next_dagrun for crawl_crypto_prices to 2026-03-20 02:00:00+00:00, run_after=2026-03-20 03:00:00+00:00
[2026-03-20T02:20:34.340+0000] {processor.py:183} INFO - Processing /opt/airflow/dags/crawl_crypto_prices.py took 0.057 seconds
[2026-03-20T02:21:41.289+0000] {processor.py:161} INFO - Started process (PID=2489) to work on /opt/airflow/dags/crawl_crypto_prices.py
[2026-03-20T02:21:41.290+0000] {processor.py:830} INFO - Processing file /opt/airflow/dags/crawl_crypto_prices.py for tasks to queue
[2026-03-20T02:21:41.291+0000] {logging_mixin.py:188} INFO - [2026-03-20T02:21:41.291+0000] {dagbag.py:538} INFO - Filling up the DagBag from /opt/airflow/dags/crawl_crypto_prices.py
[2026-03-20T02:21:41.300+0000] {processor.py:840} INFO - DAG(s) 'crawl_crypto_prices' retrieved from /opt/airflow/dags/crawl_crypto_prices.py
[2026-03-20T02:21:41.316+0000] {logging_mixin.py:188} INFO - [2026-03-20T02:21:41.316+0000] {dag.py:3036} INFO - Sync 1 DAGs
[2026-03-20T02:21:41.325+0000] {logging_mixin.py:188} INFO - [2026-03-20T02:21:41.325+0000] {dag.py:3823} INFO - Setting next_dagrun for crawl_crypto_prices to 2026-03-20 02:00:00+00:00, run_after=2026-03-20 03:00:00+00:00
[2026-03-20T02:21:41.331+0000] {processor.py:183} INFO - Processing /opt/airflow/dags/crawl_crypto_prices.py took 0.046 seconds
[2026-03-20T02:22:11.659+0000] {processor.py:161} INFO - Started process (PID=2494) to work on /opt/airflow/dags/crawl_crypto_prices.py
[2026-03-20T02:22:11.660+0000] {processor.py:830} INFO - Processing file /opt/airflow/dags/crawl_crypto_prices.py for tasks to queue
[2026-03-20T02:22:11.661+0000] {logging_mixin.py:188} INFO - [2026-03-20T02:22:11.660+0000] {dagbag.py:538} INFO - Filling up the DagBag from /opt/airflow/dags/crawl_crypto_prices.py
[2026-03-20T02:22:11.671+0000] {processor.py:840} INFO - DAG(s) 'crawl_crypto_prices' retrieved from /opt/airflow/dags/crawl_crypto_prices.py
[2026-03-20T02:22:11.690+0000] {logging_mixin.py:188} INFO - [2026-03-20T02:22:11.690+0000] {dag.py:3036} INFO - Sync 1 DAGs
[2026-03-20T02:22:11.701+0000] {logging_mixin.py:188} INFO - [2026-03-20T02:22:11.701+0000] {dag.py:3823} INFO - Setting next_dagrun for crawl_crypto_prices to 2026-03-20 02:00:00+00:00, run_after=2026-03-20 03:00:00+00:00
[2026-03-20T02:22:11.707+0000] {processor.py:183} INFO - Processing /opt/airflow/dags/crawl_crypto_prices.py took 0.052 seconds
[2026-03-20T02:22:41.976+0000] {processor.py:161} INFO - Started process (PID=2499) to work on /opt/airflow/dags/crawl_crypto_prices.py
[2026-03-20T02:22:41.977+0000] {processor.py:830} INFO - Processing file /opt/airflow/dags/crawl_crypto_prices.py for tasks to queue
[2026-03-20T02:22:41.978+0000] {logging_mixin.py:188} INFO - [2026-03-20T02:22:41.977+0000] {dagbag.py:538} INFO - Filling up the DagBag from /opt/airflow/dags/crawl_crypto_prices.py
[2026-03-20T02:22:41.990+0000] {processor.py:840} INFO - DAG(s) 'crawl_crypto_prices' retrieved from /opt/airflow/dags/crawl_crypto_prices.py
[2026-03-20T02:22:42.008+0000] {logging_mixin.py:188} INFO - [2026-03-20T02:22:42.008+0000] {dag.py:3036} INFO - Sync 1 DAGs
[2026-03-20T02:22:42.017+0000] {logging_mixin.py:188} INFO - [2026-03-20T02:22:42.017+0000] {dag.py:3823} INFO - Setting next_dagrun for crawl_crypto_prices to 2026-03-20 02:00:00+00:00, run_after=2026-03-20 03:00:00+00:00
[2026-03-20T02:22:42.023+0000] {processor.py:183} INFO - Processing /opt/airflow/dags/crawl_crypto_prices.py took 0.050 seconds
[2026-03-20T02:23:12.307+0000] {processor.py:161} INFO - Started process (PID=2504) to work on /opt/airflow/dags/crawl_crypto_prices.py
[2026-03-20T02:23:12.308+0000] {processor.py:830} INFO - Processing file /opt/airflow/dags/crawl_crypto_prices.py for tasks to queue
[2026-03-20T02:23:12.309+0000] {logging_mixin.py:188} INFO - [2026-03-20T02:23:12.309+0000] {dagbag.py:538} INFO - Filling up the DagBag from /opt/airflow/dags/crawl_crypto_prices.py
[2026-03-20T02:23:12.320+0000] {processor.py:840} INFO - DAG(s) 'crawl_crypto_prices' retrieved from /opt/airflow/dags/crawl_crypto_prices.py
[2026-03-20T02:23:12.339+0000] {logging_mixin.py:188} INFO - [2026-03-20T02:23:12.339+0000] {dag.py:3036} INFO - Sync 1 DAGs
[2026-03-20T02:23:12.349+0000] {logging_mixin.py:188} INFO - [2026-03-20T02:23:12.349+0000] {dag.py:3823} INFO - Setting next_dagrun for crawl_crypto_prices to 2026-03-20 02:00:00+00:00, run_after=2026-03-20 03:00:00+00:00
[2026-03-20T02:23:12.355+0000] {processor.py:183} INFO - Processing /opt/airflow/dags/crawl_crypto_prices.py took 0.051 seconds
[2026-03-20T02:23:42.645+0000] {processor.py:161} INFO - Started process (PID=2509) to work on /opt/airflow/dags/crawl_crypto_prices.py
[2026-03-20T02:23:42.646+0000] {processor.py:830} INFO - Processing file /opt/airflow/dags/crawl_crypto_prices.py for tasks to queue
[2026-03-20T02:23:42.646+0000] {logging_mixin.py:188} INFO - [2026-03-20T02:23:42.646+0000] {dagbag.py:538} INFO - Filling up the DagBag from /opt/airflow/dags/crawl_crypto_prices.py
[2026-03-20T02:23:42.658+0000] {processor.py:840} INFO - DAG(s) 'crawl_crypto_prices' retrieved from /opt/airflow/dags/crawl_crypto_prices.py
[2026-03-20T02:23:42.676+0000] {logging_mixin.py:188} INFO - [2026-03-20T02:23:42.676+0000] {dag.py:3036} INFO - Sync 1 DAGs
[2026-03-20T02:23:42.686+0000] {logging_mixin.py:188} INFO - [2026-03-20T02:23:42.685+0000] {dag.py:3823} INFO - Setting next_dagrun for crawl_crypto_prices to 2026-03-20 02:00:00+00:00, run_after=2026-03-20 03:00:00+00:00
[2026-03-20T02:23:42.692+0000] {processor.py:183} INFO - Processing /opt/airflow/dags/crawl_crypto_prices.py took 0.050 seconds
[2026-03-20T02:24:12.964+0000] {processor.py:161} INFO - Started process (PID=2514) to work on /opt/airflow/dags/crawl_crypto_prices.py
[2026-03-20T02:24:12.965+0000] {processor.py:830} INFO - Processing file /opt/airflow/dags/crawl_crypto_prices.py for tasks to queue
[2026-03-20T02:24:12.966+0000] {logging_mixin.py:188} INFO - [2026-03-20T02:24:12.966+0000] {dagbag.py:538} INFO - Filling up the DagBag from /opt/airflow/dags/crawl_crypto_prices.py
[2026-03-20T02:24:12.978+0000] {processor.py:840} INFO - DAG(s) 'crawl_crypto_prices' retrieved from /opt/airflow/dags/crawl_crypto_prices.py
[2026-03-20T02:24:12.997+0000] {logging_mixin.py:188} INFO - [2026-03-20T02:24:12.997+0000] {dag.py:3036} INFO - Sync 1 DAGs
[2026-03-20T02:24:13.006+0000] {logging_mixin.py:188} INFO - [2026-03-20T02:24:13.006+0000] {dag.py:3823} INFO - Setting next_dagrun for crawl_crypto_prices to 2026-03-20 02:00:00+00:00, run_after=2026-03-20 03:00:00+00:00
[2026-03-20T02:24:13.013+0000] {processor.py:183} INFO - Processing /opt/airflow/dags/crawl_crypto_prices.py took 0.053 seconds
[2026-03-20T02:24:43.308+0000] {processor.py:161} INFO - Started process (PID=2519) to work on /opt/airflow/dags/crawl_crypto_prices.py
[2026-03-20T02:24:43.309+0000] {processor.py:830} INFO - Processing file /opt/airflow/dags/crawl_crypto_prices.py for tasks to queue
[2026-03-20T02:24:43.309+0000] {logging_mixin.py:188} INFO - [2026-03-20T02:24:43.309+0000] {dagbag.py:538} INFO - Filling up the DagBag from /opt/airflow/dags/crawl_crypto_prices.py
[2026-03-20T02:24:43.318+0000] {processor.py:840} INFO - DAG(s) 'crawl_crypto_prices' retrieved from /opt/airflow/dags/crawl_crypto_prices.py
[2026-03-20T02:24:43.334+0000] {logging_mixin.py:188} INFO - [2026-03-20T02:24:43.334+0000] {dag.py:3036} INFO - Sync 1 DAGs
[2026-03-20T02:24:43.344+0000] {logging_mixin.py:188} INFO - [2026-03-20T02:24:43.343+0000] {dag.py:3823} INFO - Setting next_dagrun for crawl_crypto_prices to 2026-03-20 02:00:00+00:00, run_after=2026-03-20 03:00:00+00:00
[2026-03-20T02:24:43.350+0000] {processor.py:183} INFO - Processing /opt/airflow/dags/crawl_crypto_prices.py took 0.045 seconds
[2026-03-20T02:25:13.611+0000] {processor.py:161} INFO - Started process (PID=2524) to work on /opt/airflow/dags/crawl_crypto_prices.py
[2026-03-20T02:25:13.612+0000] {processor.py:830} INFO - Processing file /opt/airflow/dags/crawl_crypto_prices.py for tasks to queue
[2026-03-20T02:25:13.612+0000] {logging_mixin.py:188} INFO - [2026-03-20T02:25:13.612+0000] {dagbag.py:538} INFO - Filling up the DagBag from /opt/airflow/dags/crawl_crypto_prices.py
[2026-03-20T02:25:13.623+0000] {processor.py:840} INFO - DAG(s) 'crawl_crypto_prices' retrieved from /opt/airflow/dags/crawl_crypto_prices.py
[2026-03-20T02:25:13.641+0000] {logging_mixin.py:188} INFO - [2026-03-20T02:25:13.641+0000] {dag.py:3036} INFO - Sync 1 DAGs
[2026-03-20T02:25:13.651+0000] {logging_mixin.py:188} INFO - [2026-03-20T02:25:13.651+0000] {dag.py:3823} INFO - Setting next_dagrun for crawl_crypto_prices to 2026-03-20 02:00:00+00:00, run_after=2026-03-20 03:00:00+00:00
[2026-03-20T02:25:13.658+0000] {processor.py:183} INFO - Processing /opt/airflow/dags/crawl_crypto_prices.py took 0.050 seconds
[2026-03-20T02:25:43.923+0000] {processor.py:161} INFO - Started process (PID=2529) to work on /opt/airflow/dags/crawl_crypto_prices.py
[2026-03-20T02:25:43.924+0000] {processor.py:830} INFO - Processing file /opt/airflow/dags/crawl_crypto_prices.py for tasks to queue
[2026-03-20T02:25:43.924+0000] {logging_mixin.py:188} INFO - [2026-03-20T02:25:43.924+0000] {dagbag.py:538} INFO - Filling up the DagBag from /opt/airflow/dags/crawl_crypto_prices.py
[2026-03-20T02:25:43.933+0000] {processor.py:840} INFO - DAG(s) 'crawl_crypto_prices' retrieved from /opt/airflow/dags/crawl_crypto_prices.py
[2026-03-20T02:25:43.946+0000] {logging_mixin.py:188} INFO - [2026-03-20T02:25:43.946+0000] {dag.py:3036} INFO - Sync 1 DAGs
[2026-03-20T02:25:43.956+0000] {logging_mixin.py:188} INFO - [2026-03-20T02:25:43.956+0000] {dag.py:3823} INFO - Setting next_dagrun for crawl_crypto_prices to 2026-03-20 02:00:00+00:00, run_after=2026-03-20 03:00:00+00:00
[2026-03-20T02:25:43.962+0000] {processor.py:183} INFO - Processing /opt/airflow/dags/crawl_crypto_prices.py took 0.041 seconds
[2026-03-20T02:26:14.229+0000] {processor.py:161} INFO - Started process (PID=2534) to work on /opt/airflow/dags/crawl_crypto_prices.py
[2026-03-20T02:26:14.231+0000] {processor.py:830} INFO - Processing file /opt/airflow/dags/crawl_crypto_prices.py for tasks to queue
[2026-03-20T02:26:14.231+0000] {logging_mixin.py:188} INFO - [2026-03-20T02:26:14.231+0000] {dagbag.py:538} INFO - Filling up the DagBag from /opt/airflow/dags/crawl_crypto_prices.py
[2026-03-20T02:26:14.243+0000] {processor.py:840} INFO - DAG(s) 'crawl_crypto_prices' retrieved from /opt/airflow/dags/crawl_crypto_prices.py
[2026-03-20T02:26:14.261+0000] {logging_mixin.py:188} INFO - [2026-03-20T02:26:14.261+0000] {dag.py:3036} INFO - Sync 1 DAGs
[2026-03-20T02:26:14.272+0000] {logging_mixin.py:188} INFO - [2026-03-20T02:26:14.272+0000] {dag.py:3823} INFO - Setting next_dagrun for crawl_crypto_prices to 2026-03-20 02:00:00+00:00, run_after=2026-03-20 03:00:00+00:00
[2026-03-20T02:26:14.279+0000] {processor.py:183} INFO - Processing /opt/airflow/dags/crawl_crypto_prices.py took 0.053 seconds
[2026-03-20T02:26:44.496+0000] {processor.py:161} INFO - Started process (PID=2539) to work on /opt/airflow/dags/crawl_crypto_prices.py
[2026-03-20T02:26:44.496+0000] {processor.py:830} INFO - Processing file /opt/airflow/dags/crawl_crypto_prices.py for tasks to queue
[2026-03-20T02:26:44.497+0000] {logging_mixin.py:188} INFO - [2026-03-20T02:26:44.497+0000] {dagbag.py:538} INFO - Filling up the DagBag from /opt/airflow/dags/crawl_crypto_prices.py
[2026-03-20T02:26:44.509+0000] {processor.py:840} INFO - DAG(s) 'crawl_crypto_prices' retrieved from /opt/airflow/dags/crawl_crypto_prices.py
[2026-03-20T02:26:44.525+0000] {logging_mixin.py:188} INFO - [2026-03-20T02:26:44.525+0000] {dag.py:3036} INFO - Sync 1 DAGs
[2026-03-20T02:26:44.534+0000] {logging_mixin.py:188} INFO - [2026-03-20T02:26:44.534+0000] {dag.py:3823} INFO - Setting next_dagrun for crawl_crypto_prices to 2026-03-20 02:00:00+00:00, run_after=2026-03-20 03:00:00+00:00
[2026-03-20T02:26:44.539+0000] {processor.py:183} INFO - Processing /opt/airflow/dags/crawl_crypto_prices.py took 0.047 seconds
[2026-03-20T02:27:14.788+0000] {processor.py:161} INFO - Started process (PID=2544) to work on /opt/airflow/dags/crawl_crypto_prices.py
[2026-03-20T02:27:14.789+0000] {processor.py:830} INFO - Processing file /opt/airflow/dags/crawl_crypto_prices.py for tasks to queue
[2026-03-20T02:27:14.790+0000] {logging_mixin.py:188} INFO - [2026-03-20T02:27:14.789+0000] {dagbag.py:538} INFO - Filling up the DagBag from /opt/airflow/dags/crawl_crypto_prices.py
[2026-03-20T02:27:14.800+0000] {processor.py:840} INFO - DAG(s) 'crawl_crypto_prices' retrieved from /opt/airflow/dags/crawl_crypto_prices.py
[2026-03-20T02:27:14.818+0000] {logging_mixin.py:188} INFO - [2026-03-20T02:27:14.818+0000] {dag.py:3036} INFO - Sync 1 DAGs
[2026-03-20T02:27:14.827+0000] {logging_mixin.py:188} INFO - [2026-03-20T02:27:14.827+0000] {dag.py:3823} INFO - Setting next_dagrun for crawl_crypto_prices to 2026-03-20 02:00:00+00:00, run_after=2026-03-20 03:00:00+00:00
[2026-03-20T02:27:14.834+0000] {processor.py:183} INFO - Processing /opt/airflow/dags/crawl_crypto_prices.py took 0.049 seconds
[2026-03-20T02:27:45.068+0000] {processor.py:161} INFO - Started process (PID=2549) to work on /opt/airflow/dags/crawl_crypto_prices.py
[2026-03-20T02:27:45.069+0000] {processor.py:830} INFO - Processing file /opt/airflow/dags/crawl_crypto_prices.py for tasks to queue
[2026-03-20T02:27:45.070+0000] {logging_mixin.py:188} INFO - [2026-03-20T02:27:45.070+0000] {dagbag.py:538} INFO - Filling up the DagBag from /opt/airflow/dags/crawl_crypto_prices.py
[2026-03-20T02:27:45.084+0000] {processor.py:840} INFO - DAG(s) 'crawl_crypto_prices' retrieved from /opt/airflow/dags/crawl_crypto_prices.py
[2026-03-20T02:27:45.101+0000] {logging_mixin.py:188} INFO - [2026-03-20T02:27:45.101+0000] {dag.py:3036} INFO - Sync 1 DAGs
[2026-03-20T02:27:45.111+0000] {logging_mixin.py:188} INFO - [2026-03-20T02:27:45.111+0000] {dag.py:3823} INFO - Setting next_dagrun for crawl_crypto_prices to 2026-03-20 02:00:00+00:00, run_after=2026-03-20 03:00:00+00:00
[2026-03-20T02:27:45.117+0000] {processor.py:183} INFO - Processing /opt/airflow/dags/crawl_crypto_prices.py took 0.053 seconds
[2026-03-20T02:28:15.398+0000] {processor.py:161} INFO - Started process (PID=2554) to work on /opt/airflow/dags/crawl_crypto_prices.py
[2026-03-20T02:28:15.398+0000] {processor.py:830} INFO - Processing file /opt/airflow/dags/crawl_crypto_prices.py for tasks to queue
[2026-03-20T02:28:15.399+0000] {logging_mixin.py:188} INFO - [2026-03-20T02:28:15.399+0000] {dagbag.py:538} INFO - Filling up the DagBag from /opt/airflow/dags/crawl_crypto_prices.py
[2026-03-20T02:28:15.405+0000] {processor.py:840} INFO - DAG(s) 'crawl_crypto_prices' retrieved from /opt/airflow/dags/crawl_crypto_prices.py
[2026-03-20T02:28:15.416+0000] {logging_mixin.py:188} INFO - [2026-03-20T02:28:15.416+0000] {dag.py:3036} INFO - Sync 1 DAGs
[2026-03-20T02:28:15.425+0000] {logging_mixin.py:188} INFO - [2026-03-20T02:28:15.425+0000] {dag.py:3823} INFO - Setting next_dagrun for crawl_crypto_prices to 2026-03-20 02:00:00+00:00, run_after=2026-03-20 03:00:00+00:00
[2026-03-20T02:28:15.431+0000] {processor.py:183} INFO - Processing /opt/airflow/dags/crawl_crypto_prices.py took 0.036 seconds
[2026-03-20T02:28:45.693+0000] {processor.py:161} INFO - Started process (PID=2559) to work on /opt/airflow/dags/crawl_crypto_prices.py
[2026-03-20T02:28:45.693+0000] {processor.py:830} INFO - Processing file /opt/airflow/dags/crawl_crypto_prices.py for tasks to queue
[2026-03-20T02:28:45.694+0000] {logging_mixin.py:188} INFO - [2026-03-20T02:28:45.694+0000] {dagbag.py:538} INFO - Filling up the DagBag from /opt/airflow/dags/crawl_crypto_prices.py
[2026-03-20T02:28:45.702+0000] {processor.py:840} INFO - DAG(s) 'crawl_crypto_prices' retrieved from /opt/airflow/dags/crawl_crypto_prices.py
[2026-03-20T02:28:45.716+0000] {logging_mixin.py:188} INFO - [2026-03-20T02:28:45.716+0000] {dag.py:3036} INFO - Sync 1 DAGs
[2026-03-20T02:28:45.726+0000] {logging_mixin.py:188} INFO - [2026-03-20T02:28:45.726+0000] {dag.py:3823} INFO - Setting next_dagrun for crawl_crypto_prices to 2026-03-20 02:00:00+00:00, run_after=2026-03-20 03:00:00+00:00
[2026-03-20T02:28:45.733+0000] {processor.py:183} INFO - Processing /opt/airflow/dags/crawl_crypto_prices.py took 0.042 seconds
[2026-03-20T02:29:16.006+0000] {processor.py:161} INFO - Started process (PID=2564) to work on /opt/airflow/dags/crawl_crypto_prices.py
[2026-03-20T02:29:16.007+0000] {processor.py:830} INFO - Processing file /opt/airflow/dags/crawl_crypto_prices.py for tasks to queue
[2026-03-20T02:29:16.008+0000] {logging_mixin.py:188} INFO - [2026-03-20T02:29:16.008+0000] {dagbag.py:538} INFO - Filling up the DagBag from /opt/airflow/dags/crawl_crypto_prices.py
[2026-03-20T02:29:16.015+0000] {processor.py:840} INFO - DAG(s) 'crawl_crypto_prices' retrieved from /opt/airflow/dags/crawl_crypto_prices.py
[2026-03-20T02:29:16.028+0000] {logging_mixin.py:188} INFO - [2026-03-20T02:29:16.028+0000] {dag.py:3036} INFO - Sync 1 DAGs
[2026-03-20T02:29:16.037+0000] {logging_mixin.py:188} INFO - [2026-03-20T02:29:16.037+0000] {dag.py:3823} INFO - Setting next_dagrun for crawl_crypto_prices to 2026-03-20 02:00:00+00:00, run_after=2026-03-20 03:00:00+00:00
[2026-03-20T02:29:16.043+0000] {processor.py:183} INFO - Processing /opt/airflow/dags/crawl_crypto_prices.py took 0.044 seconds
[2026-03-20T02:29:46.345+0000] {processor.py:161} INFO - Started process (PID=2569) to work on /opt/airflow/dags/crawl_crypto_prices.py
[2026-03-20T02:29:46.345+0000] {processor.py:830} INFO - Processing file /opt/airflow/dags/crawl_crypto_prices.py for tasks to queue
[2026-03-20T02:29:46.346+0000] {logging_mixin.py:188} INFO - [2026-03-20T02:29:46.346+0000] {dagbag.py:538} INFO - Filling up the DagBag from /opt/airflow/dags/crawl_crypto_prices.py
[2026-03-20T02:29:46.358+0000] {processor.py:840} INFO - DAG(s) 'crawl_crypto_prices' retrieved from /opt/airflow/dags/crawl_crypto_prices.py
[2026-03-20T02:29:46.375+0000] {logging_mixin.py:188} INFO - [2026-03-20T02:29:46.375+0000] {dag.py:3036} INFO - Sync 1 DAGs
[2026-03-20T02:29:46.385+0000] {logging_mixin.py:188} INFO - [2026-03-20T02:29:46.385+0000] {dag.py:3823} INFO - Setting next_dagrun for crawl_crypto_prices to 2026-03-20 02:00:00+00:00, run_after=2026-03-20 03:00:00+00:00
[2026-03-20T02:29:46.390+0000] {processor.py:183} INFO - Processing /opt/airflow/dags/crawl_crypto_prices.py took 0.049 seconds
[2026-03-20T02:30:16.631+0000] {processor.py:161} INFO - Started process (PID=2574) to work on /opt/airflow/dags/crawl_crypto_prices.py
[2026-03-20T02:30:16.631+0000] {processor.py:830} INFO - Processing file /opt/airflow/dags/crawl_crypto_prices.py for tasks to queue
[2026-03-20T02:30:16.632+0000] {logging_mixin.py:188} INFO - [2026-03-20T02:30:16.632+0000] {dagbag.py:538} INFO - Filling up the DagBag from /opt/airflow/dags/crawl_crypto_prices.py
[2026-03-20T02:30:16.637+0000] {processor.py:840} INFO - DAG(s) 'crawl_crypto_prices' retrieved from /opt/airflow/dags/crawl_crypto_prices.py
[2026-03-20T02:30:16.647+0000] {logging_mixin.py:188} INFO - [2026-03-20T02:30:16.647+0000] {dag.py:3036} INFO - Sync 1 DAGs
[2026-03-20T02:30:16.656+0000] {logging_mixin.py:188} INFO - [2026-03-20T02:30:16.656+0000] {dag.py:3823} INFO - Setting next_dagrun for crawl_crypto_prices to 2026-03-20 02:00:00+00:00, run_after=2026-03-20 03:00:00+00:00
[2026-03-20T02:30:16.662+0000] {processor.py:183} INFO - Processing /opt/airflow/dags/crawl_crypto_prices.py took 0.032 seconds
[2026-03-20T02:30:46.956+0000] {processor.py:161} INFO - Started process (PID=2579) to work on /opt/airflow/dags/crawl_crypto_prices.py
[2026-03-20T02:30:46.957+0000] {processor.py:830} INFO - Processing file /opt/airflow/dags/crawl_crypto_prices.py for tasks to queue
[2026-03-20T02:30:46.958+0000] {logging_mixin.py:188} INFO - [2026-03-20T02:30:46.957+0000] {dagbag.py:538} INFO - Filling up the DagBag from /opt/airflow/dags/crawl_crypto_prices.py
[2026-03-20T02:30:46.968+0000] {processor.py:840} INFO - DAG(s) 'crawl_crypto_prices' retrieved from /opt/airflow/dags/crawl_crypto_prices.py
[2026-03-20T02:30:46.985+0000] {logging_mixin.py:188} INFO - [2026-03-20T02:30:46.985+0000] {dag.py:3036} INFO - Sync 1 DAGs
[2026-03-20T02:30:46.995+0000] {logging_mixin.py:188} INFO - [2026-03-20T02:30:46.995+0000] {dag.py:3823} INFO - Setting next_dagrun for crawl_crypto_prices to 2026-03-20 02:00:00+00:00, run_after=2026-03-20 03:00:00+00:00
[2026-03-20T02:30:47.001+0000] {processor.py:183} INFO - Processing /opt/airflow/dags/crawl_crypto_prices.py took 0.048 seconds
[2026-03-20T02:31:17.266+0000] {processor.py:161} INFO - Started process (PID=2584) to work on /opt/airflow/dags/crawl_crypto_prices.py
[2026-03-20T02:31:17.267+0000] {processor.py:830} INFO - Processing file /opt/airflow/dags/crawl_crypto_prices.py for tasks to queue
[2026-03-20T02:31:17.268+0000] {logging_mixin.py:188} INFO - [2026-03-20T02:31:17.268+0000] {dagbag.py:538} INFO - Filling up the DagBag from /opt/airflow/dags/crawl_crypto_prices.py
[2026-03-20T02:31:17.278+0000] {processor.py:840} INFO - DAG(s) 'crawl_crypto_prices' retrieved from /opt/airflow/dags/crawl_crypto_prices.py
[2026-03-20T02:31:17.296+0000] {logging_mixin.py:188} INFO - [2026-03-20T02:31:17.296+0000] {dag.py:3036} INFO - Sync 1 DAGs
[2026-03-20T02:31:17.306+0000] {logging_mixin.py:188} INFO - [2026-03-20T02:31:17.306+0000] {dag.py:3823} INFO - Setting next_dagrun for crawl_crypto_prices to 2026-03-20 02:00:00+00:00, run_after=2026-03-20 03:00:00+00:00
[2026-03-20T02:31:17.312+0000] {processor.py:183} INFO - Processing /opt/airflow/dags/crawl_crypto_prices.py took 0.049 seconds
[2026-03-20T02:31:47.566+0000] {processor.py:161} INFO - Started process (PID=2589) to work on /opt/airflow/dags/crawl_crypto_prices.py
[2026-03-20T02:31:47.567+0000] {processor.py:830} INFO - Processing file /opt/airflow/dags/crawl_crypto_prices.py for tasks to queue
[2026-03-20T02:31:47.567+0000] {logging_mixin.py:188} INFO - [2026-03-20T02:31:47.567+0000] {dagbag.py:538} INFO - Filling up the DagBag from /opt/airflow/dags/crawl_crypto_prices.py
[2026-03-20T02:31:47.577+0000] {processor.py:840} INFO - DAG(s) 'crawl_crypto_prices' retrieved from /opt/airflow/dags/crawl_crypto_prices.py
[2026-03-20T02:31:47.594+0000] {logging_mixin.py:188} INFO - [2026-03-20T02:31:47.594+0000] {dag.py:3036} INFO - Sync 1 DAGs
[2026-03-20T02:31:47.603+0000] {logging_mixin.py:188} INFO - [2026-03-20T02:31:47.603+0000] {dag.py:3823} INFO - Setting next_dagrun for crawl_crypto_prices to 2026-03-20 02:00:00+00:00, run_after=2026-03-20 03:00:00+00:00
[2026-03-20T02:31:47.610+0000] {processor.py:183} INFO - Processing /opt/airflow/dags/crawl_crypto_prices.py took 0.047 seconds
[2026-03-20T02:32:17.894+0000] {processor.py:161} INFO - Started process (PID=2594) to work on /opt/airflow/dags/crawl_crypto_prices.py
[2026-03-20T02:32:17.895+0000] {processor.py:830} INFO - Processing file /opt/airflow/dags/crawl_crypto_prices.py for tasks to queue
[2026-03-20T02:32:17.896+0000] {logging_mixin.py:188} INFO - [2026-03-20T02:32:17.896+0000] {dagbag.py:538} INFO - Filling up the DagBag from /opt/airflow/dags/crawl_crypto_prices.py
[2026-03-20T02:32:17.906+0000] {processor.py:840} INFO - DAG(s) 'crawl_crypto_prices' retrieved from /opt/airflow/dags/crawl_crypto_prices.py
[2026-03-20T02:32:17.924+0000] {logging_mixin.py:188} INFO - [2026-03-20T02:32:17.924+0000] {dag.py:3036} INFO - Sync 1 DAGs
[2026-03-20T02:32:17.934+0000] {logging_mixin.py:188} INFO - [2026-03-20T02:32:17.934+0000] {dag.py:3823} INFO - Setting next_dagrun for crawl_crypto_prices to 2026-03-20 02:00:00+00:00, run_after=2026-03-20 03:00:00+00:00
[2026-03-20T02:32:17.941+0000] {processor.py:183} INFO - Processing /opt/airflow/dags/crawl_crypto_prices.py took 0.050 seconds
[2026-03-20T02:32:48.212+0000] {processor.py:161} INFO - Started process (PID=2599) to work on /opt/airflow/dags/crawl_crypto_prices.py
[2026-03-20T02:32:48.213+0000] {processor.py:830} INFO - Processing file /opt/airflow/dags/crawl_crypto_prices.py for tasks to queue
[2026-03-20T02:32:48.213+0000] {logging_mixin.py:188} INFO - [2026-03-20T02:32:48.213+0000] {dagbag.py:538} INFO - Filling up the DagBag from /opt/airflow/dags/crawl_crypto_prices.py
[2026-03-20T02:32:48.224+0000] {processor.py:840} INFO - DAG(s) 'crawl_crypto_prices' retrieved from /opt/airflow/dags/crawl_crypto_prices.py
[2026-03-20T02:32:48.243+0000] {logging_mixin.py:188} INFO - [2026-03-20T02:32:48.243+0000] {dag.py:3036} INFO - Sync 1 DAGs
[2026-03-20T02:32:48.254+0000] {logging_mixin.py:188} INFO - [2026-03-20T02:32:48.254+0000] {dag.py:3823} INFO - Setting next_dagrun for crawl_crypto_prices to 2026-03-20 02:00:00+00:00, run_after=2026-03-20 03:00:00+00:00
[2026-03-20T02:32:48.260+0000] {processor.py:183} INFO - Processing /opt/airflow/dags/crawl_crypto_prices.py took 0.051 seconds
[2026-03-20T02:33:18.546+0000] {processor.py:161} INFO - Started process (PID=2604) to work on /opt/airflow/dags/crawl_crypto_prices.py
[2026-03-20T02:33:18.547+0000] {processor.py:830} INFO - Processing file /opt/airflow/dags/crawl_crypto_prices.py for tasks to queue
[2026-03-20T02:33:18.548+0000] {logging_mixin.py:188} INFO - [2026-03-20T02:33:18.548+0000] {dagbag.py:538} INFO - Filling up the DagBag from /opt/airflow/dags/crawl_crypto_prices.py
[2026-03-20T02:33:18.558+0000] {processor.py:840} INFO - DAG(s) 'crawl_crypto_prices' retrieved from /opt/airflow/dags/crawl_crypto_prices.py
[2026-03-20T02:33:18.577+0000] {logging_mixin.py:188} INFO - [2026-03-20T02:33:18.577+0000] {dag.py:3036} INFO - Sync 1 DAGs
[2026-03-20T02:33:18.587+0000] {logging_mixin.py:188} INFO - [2026-03-20T02:33:18.587+0000] {dag.py:3823} INFO - Setting next_dagrun for crawl_crypto_prices to 2026-03-20 02:00:00+00:00, run_after=2026-03-20 03:00:00+00:00
[2026-03-20T02:33:18.594+0000] {processor.py:183} INFO - Processing /opt/airflow/dags/crawl_crypto_prices.py took 0.050 seconds
[2026-03-20T02:33:48.905+0000] {processor.py:161} INFO - Started process (PID=2609) to work on /opt/airflow/dags/crawl_crypto_prices.py
[2026-03-20T02:33:48.905+0000] {processor.py:830} INFO - Processing file /opt/airflow/dags/crawl_crypto_prices.py for tasks to queue
[2026-03-20T02:33:48.906+0000] {logging_mixin.py:188} INFO - [2026-03-20T02:33:48.906+0000] {dagbag.py:538} INFO - Filling up the DagBag from /opt/airflow/dags/crawl_crypto_prices.py
[2026-03-20T02:33:48.916+0000] {processor.py:840} INFO - DAG(s) 'crawl_crypto_prices' retrieved from /opt/airflow/dags/crawl_crypto_prices.py
[2026-03-20T02:33:48.931+0000] {logging_mixin.py:188} INFO - [2026-03-20T02:33:48.931+0000] {dag.py:3036} INFO - Sync 1 DAGs
[2026-03-20T02:33:48.940+0000] {logging_mixin.py:188} INFO - [2026-03-20T02:33:48.940+0000] {dag.py:3823} INFO - Setting next_dagrun for crawl_crypto_prices to 2026-03-20 02:00:00+00:00, run_after=2026-03-20 03:00:00+00:00
[2026-03-20T02:33:48.946+0000] {processor.py:183} INFO - Processing /opt/airflow/dags/crawl_crypto_prices.py took 0.044 seconds
[2026-03-20T02:35:10.898+0000] {processor.py:161} INFO - Started process (PID=2614) to work on /opt/airflow/dags/crawl_crypto_prices.py
[2026-03-20T02:35:10.899+0000] {processor.py:830} INFO - Processing file /opt/airflow/dags/crawl_crypto_prices.py for tasks to queue
[2026-03-20T02:35:10.899+0000] {logging_mixin.py:188} INFO - [2026-03-20T02:35:10.899+0000] {dagbag.py:538} INFO - Filling up the DagBag from /opt/airflow/dags/crawl_crypto_prices.py
[2026-03-20T02:35:10.909+0000] {processor.py:840} INFO - DAG(s) 'crawl_crypto_prices' retrieved from /opt/airflow/dags/crawl_crypto_prices.py
[2026-03-20T02:35:10.924+0000] {logging_mixin.py:188} INFO - [2026-03-20T02:35:10.924+0000] {dag.py:3036} INFO - Sync 1 DAGs
[2026-03-20T02:35:10.934+0000] {logging_mixin.py:188} INFO - [2026-03-20T02:35:10.934+0000] {dag.py:3823} INFO - Setting next_dagrun for crawl_crypto_prices to 2026-03-20 02:00:00+00:00, run_after=2026-03-20 03:00:00+00:00
[2026-03-20T02:35:10.940+0000] {processor.py:183} INFO - Processing /opt/airflow/dags/crawl_crypto_prices.py took 0.046 seconds
[2026-03-20T02:35:41.184+0000] {processor.py:161} INFO - Started process (PID=2621) to work on /opt/airflow/dags/crawl_crypto_prices.py
[2026-03-20T02:35:41.185+0000] {processor.py:830} INFO - Processing file /opt/airflow/dags/crawl_crypto_prices.py for tasks to queue
[2026-03-20T02:35:41.186+0000] {logging_mixin.py:188} INFO - [2026-03-20T02:35:41.186+0000] {dagbag.py:538} INFO - Filling up the DagBag from /opt/airflow/dags/crawl_crypto_prices.py
[2026-03-20T02:35:41.197+0000] {processor.py:840} INFO - DAG(s) 'crawl_crypto_prices' retrieved from /opt/airflow/dags/crawl_crypto_prices.py
[2026-03-20T02:35:41.216+0000] {logging_mixin.py:188} INFO - [2026-03-20T02:35:41.216+0000] {dag.py:3036} INFO - Sync 1 DAGs
[2026-03-20T02:35:41.227+0000] {logging_mixin.py:188} INFO - [2026-03-20T02:35:41.227+0000] {dag.py:3823} INFO - Setting next_dagrun for crawl_crypto_prices to 2026-03-20 02:00:00+00:00, run_after=2026-03-20 03:00:00+00:00
[2026-03-20T02:35:41.233+0000] {processor.py:183} INFO - Processing /opt/airflow/dags/crawl_crypto_prices.py took 0.053 seconds
[2026-03-20T02:36:11.496+0000] {processor.py:161} INFO - Started process (PID=2626) to work on /opt/airflow/dags/crawl_crypto_prices.py
[2026-03-20T02:36:11.497+0000] {processor.py:830} INFO - Processing file /opt/airflow/dags/crawl_crypto_prices.py for tasks to queue
[2026-03-20T02:36:11.498+0000] {logging_mixin.py:188} INFO - [2026-03-20T02:36:11.498+0000] {dagbag.py:538} INFO - Filling up the DagBag from /opt/airflow/dags/crawl_crypto_prices.py
[2026-03-20T02:36:11.508+0000] {processor.py:840} INFO - DAG(s) 'crawl_crypto_prices' retrieved from /opt/airflow/dags/crawl_crypto_prices.py
[2026-03-20T02:36:11.527+0000] {logging_mixin.py:188} INFO - [2026-03-20T02:36:11.527+0000] {dag.py:3036} INFO - Sync 1 DAGs
[2026-03-20T02:36:11.538+0000] {logging_mixin.py:188} INFO - [2026-03-20T02:36:11.537+0000] {dag.py:3823} INFO - Setting next_dagrun for crawl_crypto_prices to 2026-03-20 02:00:00+00:00, run_after=2026-03-20 03:00:00+00:00
[2026-03-20T02:36:11.544+0000] {processor.py:183} INFO - Processing /opt/airflow/dags/crawl_crypto_prices.py took 0.051 seconds
[2026-03-20T02:36:41.809+0000] {processor.py:161} INFO - Started process (PID=2631) to work on /opt/airflow/dags/crawl_crypto_prices.py
[2026-03-20T02:36:41.810+0000] {processor.py:830} INFO - Processing file /opt/airflow/dags/crawl_crypto_prices.py for tasks to queue
[2026-03-20T02:36:41.811+0000] {logging_mixin.py:188} INFO - [2026-03-20T02:36:41.810+0000] {dagbag.py:538} INFO - Filling up the DagBag from /opt/airflow/dags/crawl_crypto_prices.py
[2026-03-20T02:36:41.821+0000] {processor.py:840} INFO - DAG(s) 'crawl_crypto_prices' retrieved from /opt/airflow/dags/crawl_crypto_prices.py
[2026-03-20T02:36:41.841+0000] {logging_mixin.py:188} INFO - [2026-03-20T02:36:41.841+0000] {dag.py:3036} INFO - Sync 1 DAGs
[2026-03-20T02:36:41.852+0000] {logging_mixin.py:188} INFO - [2026-03-20T02:36:41.852+0000] {dag.py:3823} INFO - Setting next_dagrun for crawl_crypto_prices to 2026-03-20 02:00:00+00:00, run_after=2026-03-20 03:00:00+00:00
[2026-03-20T02:36:41.859+0000] {processor.py:183} INFO - Processing /opt/airflow/dags/crawl_crypto_prices.py took 0.053 seconds
[2026-03-20T02:37:12.127+0000] {processor.py:161} INFO - Started process (PID=2636) to work on /opt/airflow/dags/crawl_crypto_prices.py
[2026-03-20T02:37:12.128+0000] {processor.py:830} INFO - Processing file /opt/airflow/dags/crawl_crypto_prices.py for tasks to queue
[2026-03-20T02:37:12.129+0000] {logging_mixin.py:188} INFO - [2026-03-20T02:37:12.129+0000] {dagbag.py:538} INFO - Filling up the DagBag from /opt/airflow/dags/crawl_crypto_prices.py
[2026-03-20T02:37:12.144+0000] {processor.py:840} INFO - DAG(s) 'crawl_crypto_prices' retrieved from /opt/airflow/dags/crawl_crypto_prices.py
[2026-03-20T02:37:12.166+0000] {logging_mixin.py:188} INFO - [2026-03-20T02:37:12.166+0000] {dag.py:3036} INFO - Sync 1 DAGs
[2026-03-20T02:37:12.180+0000] {logging_mixin.py:188} INFO - [2026-03-20T02:37:12.180+0000] {dag.py:3823} INFO - Setting next_dagrun for crawl_crypto_prices to 2026-03-20 02:00:00+00:00, run_after=2026-03-20 03:00:00+00:00
[2026-03-20T02:37:12.188+0000] {processor.py:183} INFO - Processing /opt/airflow/dags/crawl_crypto_prices.py took 0.065 seconds
[2026-03-20T02:37:42.387+0000] {processor.py:161} INFO - Started process (PID=2641) to work on /opt/airflow/dags/crawl_crypto_prices.py
[2026-03-20T02:37:42.388+0000] {processor.py:830} INFO - Processing file /opt/airflow/dags/crawl_crypto_prices.py for tasks to queue
[2026-03-20T02:37:42.388+0000] {logging_mixin.py:188} INFO - [2026-03-20T02:37:42.388+0000] {dagbag.py:538} INFO - Filling up the DagBag from /opt/airflow/dags/crawl_crypto_prices.py
[2026-03-20T02:37:42.394+0000] {processor.py:840} INFO - DAG(s) 'crawl_crypto_prices' retrieved from /opt/airflow/dags/crawl_crypto_prices.py
[2026-03-20T02:37:42.408+0000] {logging_mixin.py:188} INFO - [2026-03-20T02:37:42.407+0000] {dag.py:3036} INFO - Sync 1 DAGs
[2026-03-20T02:37:42.417+0000] {logging_mixin.py:188} INFO - [2026-03-20T02:37:42.417+0000] {dag.py:3823} INFO - Setting next_dagrun for crawl_crypto_prices to 2026-03-20 02:00:00+00:00, run_after=2026-03-20 03:00:00+00:00
[2026-03-20T02:37:42.424+0000] {processor.py:183} INFO - Processing /opt/airflow/dags/crawl_crypto_prices.py took 0.038 seconds
[2026-03-20T02:38:12.648+0000] {processor.py:161} INFO - Started process (PID=2646) to work on /opt/airflow/dags/crawl_crypto_prices.py
[2026-03-20T02:38:12.649+0000] {processor.py:830} INFO - Processing file /opt/airflow/dags/crawl_crypto_prices.py for tasks to queue
[2026-03-20T02:38:12.649+0000] {logging_mixin.py:188} INFO - [2026-03-20T02:38:12.649+0000] {dagbag.py:538} INFO - Filling up the DagBag from /opt/airflow/dags/crawl_crypto_prices.py
[2026-03-20T02:38:12.654+0000] {processor.py:840} INFO - DAG(s) 'crawl_crypto_prices' retrieved from /opt/airflow/dags/crawl_crypto_prices.py
[2026-03-20T02:38:12.667+0000] {logging_mixin.py:188} INFO - [2026-03-20T02:38:12.667+0000] {dag.py:3036} INFO - Sync 1 DAGs
[2026-03-20T02:38:12.677+0000] {logging_mixin.py:188} INFO - [2026-03-20T02:38:12.677+0000] {dag.py:3823} INFO - Setting next_dagrun for crawl_crypto_prices to 2026-03-20 02:00:00+00:00, run_after=2026-03-20 03:00:00+00:00
[2026-03-20T02:38:12.686+0000] {processor.py:183} INFO - Processing /opt/airflow/dags/crawl_crypto_prices.py took 0.040 seconds
[2026-03-20T02:38:42.994+0000] {processor.py:161} INFO - Started process (PID=2651) to work on /opt/airflow/dags/crawl_crypto_prices.py
[2026-03-20T02:38:42.995+0000] {processor.py:830} INFO - Processing file /opt/airflow/dags/crawl_crypto_prices.py for tasks to queue
[2026-03-20T02:38:42.995+0000] {logging_mixin.py:188} INFO - [2026-03-20T02:38:42.995+0000] {dagbag.py:538} INFO - Filling up the DagBag from /opt/airflow/dags/crawl_crypto_prices.py
[2026-03-20T02:38:43.006+0000] {processor.py:840} INFO - DAG(s) 'crawl_crypto_prices' retrieved from /opt/airflow/dags/crawl_crypto_prices.py
[2026-03-20T02:38:43.025+0000] {logging_mixin.py:188} INFO - [2026-03-20T02:38:43.025+0000] {dag.py:3036} INFO - Sync 1 DAGs
[2026-03-20T02:38:43.036+0000] {logging_mixin.py:188} INFO - [2026-03-20T02:38:43.036+0000] {dag.py:3823} INFO - Setting next_dagrun for crawl_crypto_prices to 2026-03-20 02:00:00+00:00, run_after=2026-03-20 03:00:00+00:00
[2026-03-20T02:38:43.042+0000] {processor.py:183} INFO - Processing /opt/airflow/dags/crawl_crypto_prices.py took 0.052 seconds
[2026-03-20T02:39:13.329+0000] {processor.py:161} INFO - Started process (PID=2656) to work on /opt/airflow/dags/crawl_crypto_prices.py
[2026-03-20T02:39:13.331+0000] {processor.py:830} INFO - Processing file /opt/airflow/dags/crawl_crypto_prices.py for tasks to queue
[2026-03-20T02:39:13.331+0000] {logging_mixin.py:188} INFO - [2026-03-20T02:39:13.331+0000] {dagbag.py:538} INFO - Filling up the DagBag from /opt/airflow/dags/crawl_crypto_prices.py
[2026-03-20T02:39:13.342+0000] {processor.py:840} INFO - DAG(s) 'crawl_crypto_prices' retrieved from /opt/airflow/dags/crawl_crypto_prices.py
[2026-03-20T02:39:13.360+0000] {logging_mixin.py:188} INFO - [2026-03-20T02:39:13.360+0000] {dag.py:3036} INFO - Sync 1 DAGs
[2026-03-20T02:39:13.371+0000] {logging_mixin.py:188} INFO - [2026-03-20T02:39:13.371+0000] {dag.py:3823} INFO - Setting next_dagrun for crawl_crypto_prices to 2026-03-20 02:00:00+00:00, run_after=2026-03-20 03:00:00+00:00
[2026-03-20T02:39:13.378+0000] {processor.py:183} INFO - Processing /opt/airflow/dags/crawl_crypto_prices.py took 0.052 seconds
[2026-03-20T02:39:43.635+0000] {processor.py:161} INFO - Started process (PID=2661) to work on /opt/airflow/dags/crawl_crypto_prices.py
[2026-03-20T02:39:43.636+0000] {processor.py:830} INFO - Processing file /opt/airflow/dags/crawl_crypto_prices.py for tasks to queue
[2026-03-20T02:39:43.637+0000] {logging_mixin.py:188} INFO - [2026-03-20T02:39:43.636+0000] {dagbag.py:538} INFO - Filling up the DagBag from /opt/airflow/dags/crawl_crypto_prices.py
[2026-03-20T02:39:43.647+0000] {processor.py:840} INFO - DAG(s) 'crawl_crypto_prices' retrieved from /opt/airflow/dags/crawl_crypto_prices.py
[2026-03-20T02:39:43.665+0000] {logging_mixin.py:188} INFO - [2026-03-20T02:39:43.665+0000] {dag.py:3036} INFO - Sync 1 DAGs
[2026-03-20T02:39:43.676+0000] {logging_mixin.py:188} INFO - [2026-03-20T02:39:43.676+0000] {dag.py:3823} INFO - Setting next_dagrun for crawl_crypto_prices to 2026-03-20 02:00:00+00:00, run_after=2026-03-20 03:00:00+00:00
[2026-03-20T02:39:43.683+0000] {processor.py:183} INFO - Processing /opt/airflow/dags/crawl_crypto_prices.py took 0.052 seconds
[2026-03-20T02:40:13.946+0000] {processor.py:161} INFO - Started process (PID=2666) to work on /opt/airflow/dags/crawl_crypto_prices.py
[2026-03-20T02:40:13.947+0000] {processor.py:830} INFO - Processing file /opt/airflow/dags/crawl_crypto_prices.py for tasks to queue
[2026-03-20T02:40:13.948+0000] {logging_mixin.py:188} INFO - [2026-03-20T02:40:13.947+0000] {dagbag.py:538} INFO - Filling up the DagBag from /opt/airflow/dags/crawl_crypto_prices.py
[2026-03-20T02:40:13.957+0000] {processor.py:840} INFO - DAG(s) 'crawl_crypto_prices' retrieved from /opt/airflow/dags/crawl_crypto_prices.py
[2026-03-20T02:40:13.976+0000] {logging_mixin.py:188} INFO - [2026-03-20T02:40:13.976+0000] {dag.py:3036} INFO - Sync 1 DAGs
[2026-03-20T02:40:13.988+0000] {logging_mixin.py:188} INFO - [2026-03-20T02:40:13.987+0000] {dag.py:3823} INFO - Setting next_dagrun for crawl_crypto_prices to 2026-03-20 02:00:00+00:00, run_after=2026-03-20 03:00:00+00:00
[2026-03-20T02:40:13.994+0000] {processor.py:183} INFO - Processing /opt/airflow/dags/crawl_crypto_prices.py took 0.052 seconds
[2026-03-20T02:40:44.215+0000] {processor.py:161} INFO - Started process (PID=2671) to work on /opt/airflow/dags/crawl_crypto_prices.py
[2026-03-20T02:40:44.216+0000] {processor.py:830} INFO - Processing file /opt/airflow/dags/crawl_crypto_prices.py for tasks to queue
[2026-03-20T02:40:44.217+0000] {logging_mixin.py:188} INFO - [2026-03-20T02:40:44.217+0000] {dagbag.py:538} INFO - Filling up the DagBag from /opt/airflow/dags/crawl_crypto_prices.py
[2026-03-20T02:40:44.223+0000] {processor.py:840} INFO - DAG(s) 'crawl_crypto_prices' retrieved from /opt/airflow/dags/crawl_crypto_prices.py
[2026-03-20T02:40:44.237+0000] {logging_mixin.py:188} INFO - [2026-03-20T02:40:44.236+0000] {dag.py:3036} INFO - Sync 1 DAGs
[2026-03-20T02:40:44.246+0000] {logging_mixin.py:188} INFO - [2026-03-20T02:40:44.246+0000] {dag.py:3823} INFO - Setting next_dagrun for crawl_crypto_prices to 2026-03-20 02:00:00+00:00, run_after=2026-03-20 03:00:00+00:00
[2026-03-20T02:40:44.253+0000] {processor.py:183} INFO - Processing /opt/airflow/dags/crawl_crypto_prices.py took 0.040 seconds
[2026-03-20T02:41:14.495+0000] {processor.py:161} INFO - Started process (PID=2676) to work on /opt/airflow/dags/crawl_crypto_prices.py
[2026-03-20T02:41:14.496+0000] {processor.py:830} INFO - Processing file /opt/airflow/dags/crawl_crypto_prices.py for tasks to queue
[2026-03-20T02:41:14.497+0000] {logging_mixin.py:188} INFO - [2026-03-20T02:41:14.497+0000] {dagbag.py:538} INFO - Filling up the DagBag from /opt/airflow/dags/crawl_crypto_prices.py
[2026-03-20T02:41:14.506+0000] {processor.py:840} INFO - DAG(s) 'crawl_crypto_prices' retrieved from /opt/airflow/dags/crawl_crypto_prices.py
[2026-03-20T02:41:14.522+0000] {logging_mixin.py:188} INFO - [2026-03-20T02:41:14.522+0000] {dag.py:3036} INFO - Sync 1 DAGs
[2026-03-20T02:41:14.533+0000] {logging_mixin.py:188} INFO - [2026-03-20T02:41:14.533+0000] {dag.py:3823} INFO - Setting next_dagrun for crawl_crypto_prices to 2026-03-20 02:00:00+00:00, run_after=2026-03-20 03:00:00+00:00
[2026-03-20T02:41:14.541+0000] {processor.py:183} INFO - Processing /opt/airflow/dags/crawl_crypto_prices.py took 0.048 seconds
[2026-03-20T02:41:44.803+0000] {processor.py:161} INFO - Started process (PID=2681) to work on /opt/airflow/dags/crawl_crypto_prices.py
[2026-03-20T02:41:44.804+0000] {processor.py:830} INFO - Processing file /opt/airflow/dags/crawl_crypto_prices.py for tasks to queue
[2026-03-20T02:41:44.805+0000] {logging_mixin.py:188} INFO - [2026-03-20T02:41:44.805+0000] {dagbag.py:538} INFO - Filling up the DagBag from /opt/airflow/dags/crawl_crypto_prices.py
[2026-03-20T02:41:44.816+0000] {processor.py:840} INFO - DAG(s) 'crawl_crypto_prices' retrieved from /opt/airflow/dags/crawl_crypto_prices.py
[2026-03-20T02:41:44.835+0000] {logging_mixin.py:188} INFO - [2026-03-20T02:41:44.835+0000] {dag.py:3036} INFO - Sync 1 DAGs
[2026-03-20T02:41:44.845+0000] {logging_mixin.py:188} INFO - [2026-03-20T02:41:44.845+0000] {dag.py:3823} INFO - Setting next_dagrun for crawl_crypto_prices to 2026-03-20 02:00:00+00:00, run_after=2026-03-20 03:00:00+00:00
[2026-03-20T02:41:44.852+0000] {processor.py:183} INFO - Processing /opt/airflow/dags/crawl_crypto_prices.py took 0.052 seconds
[2026-03-20T02:42:15.140+0000] {processor.py:161} INFO - Started process (PID=2686) to work on /opt/airflow/dags/crawl_crypto_prices.py
[2026-03-20T02:42:15.141+0000] {processor.py:830} INFO - Processing file /opt/airflow/dags/crawl_crypto_prices.py for tasks to queue
[2026-03-20T02:42:15.141+0000] {logging_mixin.py:188} INFO - [2026-03-20T02:42:15.141+0000] {dagbag.py:538} INFO - Filling up the DagBag from /opt/airflow/dags/crawl_crypto_prices.py
[2026-03-20T02:42:15.151+0000] {processor.py:840} INFO - DAG(s) 'crawl_crypto_prices' retrieved from /opt/airflow/dags/crawl_crypto_prices.py
[2026-03-20T02:42:15.166+0000] {logging_mixin.py:188} INFO - [2026-03-20T02:42:15.166+0000] {dag.py:3036} INFO - Sync 1 DAGs
[2026-03-20T02:42:15.178+0000] {logging_mixin.py:188} INFO - [2026-03-20T02:42:15.178+0000] {dag.py:3823} INFO - Setting next_dagrun for crawl_crypto_prices to 2026-03-20 02:00:00+00:00, run_after=2026-03-20 03:00:00+00:00
[2026-03-20T02:42:15.184+0000] {processor.py:183} INFO - Processing /opt/airflow/dags/crawl_crypto_prices.py took 0.046 seconds
[2026-03-20T02:42:45.425+0000] {processor.py:161} INFO - Started process (PID=2691) to work on /opt/airflow/dags/crawl_crypto_prices.py
[2026-03-20T02:42:45.426+0000] {processor.py:830} INFO - Processing file /opt/airflow/dags/crawl_crypto_prices.py for tasks to queue
[2026-03-20T02:42:45.428+0000] {logging_mixin.py:188} INFO - [2026-03-20T02:42:45.427+0000] {dagbag.py:538} INFO - Filling up the DagBag from /opt/airflow/dags/crawl_crypto_prices.py
[2026-03-20T02:42:45.434+0000] {processor.py:840} INFO - DAG(s) 'crawl_crypto_prices' retrieved from /opt/airflow/dags/crawl_crypto_prices.py
[2026-03-20T02:42:45.445+0000] {logging_mixin.py:188} INFO - [2026-03-20T02:42:45.445+0000] {dag.py:3036} INFO - Sync 1 DAGs
[2026-03-20T02:42:45.454+0000] {logging_mixin.py:188} INFO - [2026-03-20T02:42:45.454+0000] {dag.py:3823} INFO - Setting next_dagrun for crawl_crypto_prices to 2026-03-20 02:00:00+00:00, run_after=2026-03-20 03:00:00+00:00
[2026-03-20T02:42:45.460+0000] {processor.py:183} INFO - Processing /opt/airflow/dags/crawl_crypto_prices.py took 0.038 seconds
[2026-03-20T02:43:15.763+0000] {processor.py:161} INFO - Started process (PID=2696) to work on /opt/airflow/dags/crawl_crypto_prices.py
[2026-03-20T02:43:15.764+0000] {processor.py:830} INFO - Processing file /opt/airflow/dags/crawl_crypto_prices.py for tasks to queue
[2026-03-20T02:43:15.765+0000] {logging_mixin.py:188} INFO - [2026-03-20T02:43:15.764+0000] {dagbag.py:538} INFO - Filling up the DagBag from /opt/airflow/dags/crawl_crypto_prices.py
[2026-03-20T02:43:15.779+0000] {processor.py:840} INFO - DAG(s) 'crawl_crypto_prices' retrieved from /opt/airflow/dags/crawl_crypto_prices.py
[2026-03-20T02:43:15.801+0000] {logging_mixin.py:188} INFO - [2026-03-20T02:43:15.801+0000] {dag.py:3036} INFO - Sync 1 DAGs
[2026-03-20T02:43:15.812+0000] {logging_mixin.py:188} INFO - [2026-03-20T02:43:15.812+0000] {dag.py:3823} INFO - Setting next_dagrun for crawl_crypto_prices to 2026-03-20 02:00:00+00:00, run_after=2026-03-20 03:00:00+00:00
[2026-03-20T02:43:15.819+0000] {processor.py:183} INFO - Processing /opt/airflow/dags/crawl_crypto_prices.py took 0.061 seconds
[2026-03-20T02:43:46.071+0000] {processor.py:161} INFO - Started process (PID=2701) to work on /opt/airflow/dags/crawl_crypto_prices.py
[2026-03-20T02:43:46.072+0000] {processor.py:830} INFO - Processing file /opt/airflow/dags/crawl_crypto_prices.py for tasks to queue
[2026-03-20T02:43:46.073+0000] {logging_mixin.py:188} INFO - [2026-03-20T02:43:46.073+0000] {dagbag.py:538} INFO - Filling up the DagBag from /opt/airflow/dags/crawl_crypto_prices.py
[2026-03-20T02:43:46.085+0000] {processor.py:840} INFO - DAG(s) 'crawl_crypto_prices' retrieved from /opt/airflow/dags/crawl_crypto_prices.py
[2026-03-20T02:43:46.107+0000] {logging_mixin.py:188} INFO - [2026-03-20T02:43:46.107+0000] {dag.py:3036} INFO - Sync 1 DAGs
[2026-03-20T02:43:46.118+0000] {logging_mixin.py:188} INFO - [2026-03-20T02:43:46.118+0000] {dag.py:3823} INFO - Setting next_dagrun for crawl_crypto_prices to 2026-03-20 02:00:00+00:00, run_after=2026-03-20 03:00:00+00:00
[2026-03-20T02:43:46.124+0000] {processor.py:183} INFO - Processing /opt/airflow/dags/crawl_crypto_prices.py took 0.057 seconds
[2026-03-20T02:44:16.412+0000] {processor.py:161} INFO - Started process (PID=2706) to work on /opt/airflow/dags/crawl_crypto_prices.py
[2026-03-20T02:44:16.413+0000] {processor.py:830} INFO - Processing file /opt/airflow/dags/crawl_crypto_prices.py for tasks to queue
[2026-03-20T02:44:16.413+0000] {logging_mixin.py:188} INFO - [2026-03-20T02:44:16.413+0000] {dagbag.py:538} INFO - Filling up the DagBag from /opt/airflow/dags/crawl_crypto_prices.py
[2026-03-20T02:44:16.424+0000] {processor.py:840} INFO - DAG(s) 'crawl_crypto_prices' retrieved from /opt/airflow/dags/crawl_crypto_prices.py
[2026-03-20T02:44:16.441+0000] {logging_mixin.py:188} INFO - [2026-03-20T02:44:16.441+0000] {dag.py:3036} INFO - Sync 1 DAGs
[2026-03-20T02:44:16.451+0000] {logging_mixin.py:188} INFO - [2026-03-20T02:44:16.451+0000] {dag.py:3823} INFO - Setting next_dagrun for crawl_crypto_prices to 2026-03-20 02:00:00+00:00, run_after=2026-03-20 03:00:00+00:00
[2026-03-20T02:44:16.458+0000] {processor.py:183} INFO - Processing /opt/airflow/dags/crawl_crypto_prices.py took 0.049 seconds
[2026-03-20T02:44:46.724+0000] {processor.py:161} INFO - Started process (PID=2711) to work on /opt/airflow/dags/crawl_crypto_prices.py
[2026-03-20T02:44:46.725+0000] {processor.py:830} INFO - Processing file /opt/airflow/dags/crawl_crypto_prices.py for tasks to queue
[2026-03-20T02:44:46.725+0000] {logging_mixin.py:188} INFO - [2026-03-20T02:44:46.725+0000] {dagbag.py:538} INFO - Filling up the DagBag from /opt/airflow/dags/crawl_crypto_prices.py
[2026-03-20T02:44:46.735+0000] {processor.py:840} INFO - DAG(s) 'crawl_crypto_prices' retrieved from /opt/airflow/dags/crawl_crypto_prices.py
[2026-03-20T02:44:46.752+0000] {logging_mixin.py:188} INFO - [2026-03-20T02:44:46.751+0000] {dag.py:3036} INFO - Sync 1 DAGs
[2026-03-20T02:44:46.762+0000] {logging_mixin.py:188} INFO - [2026-03-20T02:44:46.762+0000] {dag.py:3823} INFO - Setting next_dagrun for crawl_crypto_prices to 2026-03-20 02:00:00+00:00, run_after=2026-03-20 03:00:00+00:00
[2026-03-20T02:44:46.769+0000] {processor.py:183} INFO - Processing /opt/airflow/dags/crawl_crypto_prices.py took 0.048 seconds
[2026-03-20T02:45:17.057+0000] {processor.py:161} INFO - Started process (PID=2716) to work on /opt/airflow/dags/crawl_crypto_prices.py
[2026-03-20T02:45:17.058+0000] {processor.py:830} INFO - Processing file /opt/airflow/dags/crawl_crypto_prices.py for tasks to queue
[2026-03-20T02:45:17.059+0000] {logging_mixin.py:188} INFO - [2026-03-20T02:45:17.059+0000] {dagbag.py:538} INFO - Filling up the DagBag from /opt/airflow/dags/crawl_crypto_prices.py
[2026-03-20T02:45:17.069+0000] {processor.py:840} INFO - DAG(s) 'crawl_crypto_prices' retrieved from /opt/airflow/dags/crawl_crypto_prices.py
[2026-03-20T02:45:17.086+0000] {logging_mixin.py:188} INFO - [2026-03-20T02:45:17.086+0000] {dag.py:3036} INFO - Sync 1 DAGs
[2026-03-20T02:45:17.096+0000] {logging_mixin.py:188} INFO - [2026-03-20T02:45:17.096+0000] {dag.py:3823} INFO - Setting next_dagrun for crawl_crypto_prices to 2026-03-20 02:00:00+00:00, run_after=2026-03-20 03:00:00+00:00
[2026-03-20T02:45:17.102+0000] {processor.py:183} INFO - Processing /opt/airflow/dags/crawl_crypto_prices.py took 0.048 seconds
[2026-03-20T02:45:47.347+0000] {processor.py:161} INFO - Started process (PID=2721) to work on /opt/airflow/dags/crawl_crypto_prices.py
[2026-03-20T02:45:47.348+0000] {processor.py:830} INFO - Processing file /opt/airflow/dags/crawl_crypto_prices.py for tasks to queue
[2026-03-20T02:45:47.349+0000] {logging_mixin.py:188} INFO - [2026-03-20T02:45:47.349+0000] {dagbag.py:538} INFO - Filling up the DagBag from /opt/airflow/dags/crawl_crypto_prices.py
[2026-03-20T02:45:47.359+0000] {processor.py:840} INFO - DAG(s) 'crawl_crypto_prices' retrieved from /opt/airflow/dags/crawl_crypto_prices.py
[2026-03-20T02:45:47.375+0000] {logging_mixin.py:188} INFO - [2026-03-20T02:45:47.375+0000] {dag.py:3036} INFO - Sync 1 DAGs
[2026-03-20T02:45:47.385+0000] {logging_mixin.py:188} INFO - [2026-03-20T02:45:47.385+0000] {dag.py:3823} INFO - Setting next_dagrun for crawl_crypto_prices to 2026-03-20 02:00:00+00:00, run_after=2026-03-20 03:00:00+00:00
[2026-03-20T02:45:47.392+0000] {processor.py:183} INFO - Processing /opt/airflow/dags/crawl_crypto_prices.py took 0.048 seconds
[2026-03-20T02:46:17.601+0000] {processor.py:161} INFO - Started process (PID=2726) to work on /opt/airflow/dags/crawl_crypto_prices.py
[2026-03-20T02:46:17.602+0000] {processor.py:830} INFO - Processing file /opt/airflow/dags/crawl_crypto_prices.py for tasks to queue
[2026-03-20T02:46:17.603+0000] {logging_mixin.py:188} INFO - [2026-03-20T02:46:17.602+0000] {dagbag.py:538} INFO - Filling up the DagBag from /opt/airflow/dags/crawl_crypto_prices.py
[2026-03-20T02:46:17.613+0000] {processor.py:840} INFO - DAG(s) 'crawl_crypto_prices' retrieved from /opt/airflow/dags/crawl_crypto_prices.py
[2026-03-20T02:46:17.632+0000] {logging_mixin.py:188} INFO - [2026-03-20T02:46:17.632+0000] {dag.py:3036} INFO - Sync 1 DAGs
[2026-03-20T02:46:17.642+0000] {logging_mixin.py:188} INFO - [2026-03-20T02:46:17.642+0000] {dag.py:3823} INFO - Setting next_dagrun for crawl_crypto_prices to 2026-03-20 02:00:00+00:00, run_after=2026-03-20 03:00:00+00:00
[2026-03-20T02:46:17.648+0000] {processor.py:183} INFO - Processing /opt/airflow/dags/crawl_crypto_prices.py took 0.050 seconds
[2026-03-20T02:46:47.877+0000] {processor.py:161} INFO - Started process (PID=2731) to work on /opt/airflow/dags/crawl_crypto_prices.py
[2026-03-20T02:46:47.878+0000] {processor.py:830} INFO - Processing file /opt/airflow/dags/crawl_crypto_prices.py for tasks to queue
[2026-03-20T02:46:47.879+0000] {logging_mixin.py:188} INFO - [2026-03-20T02:46:47.879+0000] {dagbag.py:538} INFO - Filling up the DagBag from /opt/airflow/dags/crawl_crypto_prices.py
[2026-03-20T02:46:47.889+0000] {processor.py:840} INFO - DAG(s) 'crawl_crypto_prices' retrieved from /opt/airflow/dags/crawl_crypto_prices.py
[2026-03-20T02:46:47.908+0000] {logging_mixin.py:188} INFO - [2026-03-20T02:46:47.908+0000] {dag.py:3036} INFO - Sync 1 DAGs
[2026-03-20T02:46:47.918+0000] {logging_mixin.py:188} INFO - [2026-03-20T02:46:47.918+0000] {dag.py:3823} INFO - Setting next_dagrun for crawl_crypto_prices to 2026-03-20 02:00:00+00:00, run_after=2026-03-20 03:00:00+00:00
[2026-03-20T02:46:47.924+0000] {processor.py:183} INFO - Processing /opt/airflow/dags/crawl_crypto_prices.py took 0.050 seconds
[2026-03-20T02:47:18.173+0000] {processor.py:161} INFO - Started process (PID=2736) to work on /opt/airflow/dags/crawl_crypto_prices.py
[2026-03-20T02:47:18.174+0000] {processor.py:830} INFO - Processing file /opt/airflow/dags/crawl_crypto_prices.py for tasks to queue
[2026-03-20T02:47:18.175+0000] {logging_mixin.py:188} INFO - [2026-03-20T02:47:18.174+0000] {dagbag.py:538} INFO - Filling up the DagBag from /opt/airflow/dags/crawl_crypto_prices.py
[2026-03-20T02:47:18.187+0000] {processor.py:840} INFO - DAG(s) 'crawl_crypto_prices' retrieved from /opt/airflow/dags/crawl_crypto_prices.py
[2026-03-20T02:47:18.202+0000] {logging_mixin.py:188} INFO - [2026-03-20T02:47:18.202+0000] {dag.py:3036} INFO - Sync 1 DAGs
[2026-03-20T02:47:18.212+0000] {logging_mixin.py:188} INFO - [2026-03-20T02:47:18.212+0000] {dag.py:3823} INFO - Setting next_dagrun for crawl_crypto_prices to 2026-03-20 02:00:00+00:00, run_after=2026-03-20 03:00:00+00:00
[2026-03-20T02:47:18.218+0000] {processor.py:183} INFO - Processing /opt/airflow/dags/crawl_crypto_prices.py took 0.049 seconds
[2026-03-20T02:47:48.428+0000] {processor.py:161} INFO - Started process (PID=2741) to work on /opt/airflow/dags/crawl_crypto_prices.py
[2026-03-20T02:47:48.429+0000] {processor.py:830} INFO - Processing file /opt/airflow/dags/crawl_crypto_prices.py for tasks to queue
[2026-03-20T02:47:48.430+0000] {logging_mixin.py:188} INFO - [2026-03-20T02:47:48.430+0000] {dagbag.py:538} INFO - Filling up the DagBag from /opt/airflow/dags/crawl_crypto_prices.py
[2026-03-20T02:47:48.440+0000] {processor.py:840} INFO - DAG(s) 'crawl_crypto_prices' retrieved from /opt/airflow/dags/crawl_crypto_prices.py
[2026-03-20T02:47:48.459+0000] {logging_mixin.py:188} INFO - [2026-03-20T02:47:48.459+0000] {dag.py:3036} INFO - Sync 1 DAGs
[2026-03-20T02:47:48.469+0000] {logging_mixin.py:188} INFO - [2026-03-20T02:47:48.469+0000] {dag.py:3823} INFO - Setting next_dagrun for crawl_crypto_prices to 2026-03-20 02:00:00+00:00, run_after=2026-03-20 03:00:00+00:00
[2026-03-20T02:47:48.475+0000] {processor.py:183} INFO - Processing /opt/airflow/dags/crawl_crypto_prices.py took 0.051 seconds
[2026-03-20T02:48:18.706+0000] {processor.py:161} INFO - Started process (PID=2746) to work on /opt/airflow/dags/crawl_crypto_prices.py
[2026-03-20T02:48:18.707+0000] {processor.py:830} INFO - Processing file /opt/airflow/dags/crawl_crypto_prices.py for tasks to queue
[2026-03-20T02:48:18.708+0000] {logging_mixin.py:188} INFO - [2026-03-20T02:48:18.708+0000] {dagbag.py:538} INFO - Filling up the DagBag from /opt/airflow/dags/crawl_crypto_prices.py
[2026-03-20T02:48:18.718+0000] {processor.py:840} INFO - DAG(s) 'crawl_crypto_prices' retrieved from /opt/airflow/dags/crawl_crypto_prices.py
[2026-03-20T02:48:18.735+0000] {logging_mixin.py:188} INFO - [2026-03-20T02:48:18.734+0000] {dag.py:3036} INFO - Sync 1 DAGs
[2026-03-20T02:48:18.744+0000] {logging_mixin.py:188} INFO - [2026-03-20T02:48:18.744+0000] {dag.py:3823} INFO - Setting next_dagrun for crawl_crypto_prices to 2026-03-20 02:00:00+00:00, run_after=2026-03-20 03:00:00+00:00
[2026-03-20T02:48:18.751+0000] {processor.py:183} INFO - Processing /opt/airflow/dags/crawl_crypto_prices.py took 0.047 seconds
[2026-03-20T02:48:48.996+0000] {processor.py:161} INFO - Started process (PID=2751) to work on /opt/airflow/dags/crawl_crypto_prices.py
[2026-03-20T02:48:48.997+0000] {processor.py:830} INFO - Processing file /opt/airflow/dags/crawl_crypto_prices.py for tasks to queue
[2026-03-20T02:48:48.998+0000] {logging_mixin.py:188} INFO - [2026-03-20T02:48:48.998+0000] {dagbag.py:538} INFO - Filling up the DagBag from /opt/airflow/dags/crawl_crypto_prices.py
[2026-03-20T02:48:49.008+0000] {processor.py:840} INFO - DAG(s) 'crawl_crypto_prices' retrieved from /opt/airflow/dags/crawl_crypto_prices.py
[2026-03-20T02:48:49.027+0000] {logging_mixin.py:188} INFO - [2026-03-20T02:48:49.027+0000] {dag.py:3036} INFO - Sync 1 DAGs
[2026-03-20T02:48:49.037+0000] {logging_mixin.py:188} INFO - [2026-03-20T02:48:49.037+0000] {dag.py:3823} INFO - Setting next_dagrun for crawl_crypto_prices to 2026-03-20 02:00:00+00:00, run_after=2026-03-20 03:00:00+00:00
[2026-03-20T02:48:49.043+0000] {processor.py:183} INFO - Processing /opt/airflow/dags/crawl_crypto_prices.py took 0.050 seconds
[2026-03-20T02:49:19.258+0000] {processor.py:161} INFO - Started process (PID=2756) to work on /opt/airflow/dags/crawl_crypto_prices.py
[2026-03-20T02:49:19.259+0000] {processor.py:830} INFO - Processing file /opt/airflow/dags/crawl_crypto_prices.py for tasks to queue
[2026-03-20T02:49:19.260+0000] {logging_mixin.py:188} INFO - [2026-03-20T02:49:19.260+0000] {dagbag.py:538} INFO - Filling up the DagBag from /opt/airflow/dags/crawl_crypto_prices.py
[2026-03-20T02:49:19.271+0000] {processor.py:840} INFO - DAG(s) 'crawl_crypto_prices' retrieved from /opt/airflow/dags/crawl_crypto_prices.py
[2026-03-20T02:49:19.287+0000] {logging_mixin.py:188} INFO - [2026-03-20T02:49:19.287+0000] {dag.py:3036} INFO - Sync 1 DAGs
[2026-03-20T02:49:19.298+0000] {logging_mixin.py:188} INFO - [2026-03-20T02:49:19.298+0000] {dag.py:3823} INFO - Setting next_dagrun for crawl_crypto_prices to 2026-03-20 02:00:00+00:00, run_after=2026-03-20 03:00:00+00:00
[2026-03-20T02:49:19.304+0000] {processor.py:183} INFO - Processing /opt/airflow/dags/crawl_crypto_prices.py took 0.048 seconds
[2026-03-20T02:49:49.543+0000] {processor.py:161} INFO - Started process (PID=2761) to work on /opt/airflow/dags/crawl_crypto_prices.py
[2026-03-20T02:49:49.545+0000] {processor.py:830} INFO - Processing file /opt/airflow/dags/crawl_crypto_prices.py for tasks to queue
[2026-03-20T02:49:49.546+0000] {logging_mixin.py:188} INFO - [2026-03-20T02:49:49.545+0000] {dagbag.py:538} INFO - Filling up the DagBag from /opt/airflow/dags/crawl_crypto_prices.py
[2026-03-20T02:49:49.561+0000] {processor.py:840} INFO - DAG(s) 'crawl_crypto_prices' retrieved from /opt/airflow/dags/crawl_crypto_prices.py
[2026-03-20T02:49:49.582+0000] {logging_mixin.py:188} INFO - [2026-03-20T02:49:49.582+0000] {dag.py:3036} INFO - Sync 1 DAGs
[2026-03-20T02:49:49.593+0000] {logging_mixin.py:188} INFO - [2026-03-20T02:49:49.593+0000] {dag.py:3823} INFO - Setting next_dagrun for crawl_crypto_prices to 2026-03-20 02:00:00+00:00, run_after=2026-03-20 03:00:00+00:00
[2026-03-20T02:49:49.600+0000] {processor.py:183} INFO - Processing /opt/airflow/dags/crawl_crypto_prices.py took 0.062 seconds
[2026-03-20T02:50:19.796+0000] {processor.py:161} INFO - Started process (PID=2766) to work on /opt/airflow/dags/crawl_crypto_prices.py
[2026-03-20T02:50:19.797+0000] {processor.py:830} INFO - Processing file /opt/airflow/dags/crawl_crypto_prices.py for tasks to queue
[2026-03-20T02:50:19.798+0000] {logging_mixin.py:188} INFO - [2026-03-20T02:50:19.797+0000] {dagbag.py:538} INFO - Filling up the DagBag from /opt/airflow/dags/crawl_crypto_prices.py
[2026-03-20T02:50:19.809+0000] {processor.py:840} INFO - DAG(s) 'crawl_crypto_prices' retrieved from /opt/airflow/dags/crawl_crypto_prices.py
[2026-03-20T02:50:19.827+0000] {logging_mixin.py:188} INFO - [2026-03-20T02:50:19.826+0000] {dag.py:3036} INFO - Sync 1 DAGs
[2026-03-20T02:50:19.836+0000] {logging_mixin.py:188} INFO - [2026-03-20T02:50:19.836+0000] {dag.py:3823} INFO - Setting next_dagrun for crawl_crypto_prices to 2026-03-20 02:00:00+00:00, run_after=2026-03-20 03:00:00+00:00
[2026-03-20T02:50:19.842+0000] {processor.py:183} INFO - Processing /opt/airflow/dags/crawl_crypto_prices.py took 0.049 seconds
[2026-03-20T02:50:50.148+0000] {processor.py:161} INFO - Started process (PID=2771) to work on /opt/airflow/dags/crawl_crypto_prices.py
[2026-03-20T02:50:50.149+0000] {processor.py:830} INFO - Processing file /opt/airflow/dags/crawl_crypto_prices.py for tasks to queue
[2026-03-20T02:50:50.150+0000] {logging_mixin.py:188} INFO - [2026-03-20T02:50:50.150+0000] {dagbag.py:538} INFO - Filling up the DagBag from /opt/airflow/dags/crawl_crypto_prices.py
[2026-03-20T02:50:50.161+0000] {processor.py:840} INFO - DAG(s) 'crawl_crypto_prices' retrieved from /opt/airflow/dags/crawl_crypto_prices.py
[2026-03-20T02:50:50.182+0000] {logging_mixin.py:188} INFO - [2026-03-20T02:50:50.182+0000] {dag.py:3036} INFO - Sync 1 DAGs
[2026-03-20T02:50:50.193+0000] {logging_mixin.py:188} INFO - [2026-03-20T02:50:50.193+0000] {dag.py:3823} INFO - Setting next_dagrun for crawl_crypto_prices to 2026-03-20 02:00:00+00:00, run_after=2026-03-20 03:00:00+00:00
[2026-03-20T02:50:50.199+0000] {processor.py:183} INFO - Processing /opt/airflow/dags/crawl_crypto_prices.py took 0.055 seconds
[2026-03-20T02:51:20.444+0000] {processor.py:161} INFO - Started process (PID=2776) to work on /opt/airflow/dags/crawl_crypto_prices.py
[2026-03-20T02:51:20.446+0000] {processor.py:830} INFO - Processing file /opt/airflow/dags/crawl_crypto_prices.py for tasks to queue
[2026-03-20T02:51:20.446+0000] {logging_mixin.py:188} INFO - [2026-03-20T02:51:20.446+0000] {dagbag.py:538} INFO - Filling up the DagBag from /opt/airflow/dags/crawl_crypto_prices.py
[2026-03-20T02:51:20.457+0000] {processor.py:840} INFO - DAG(s) 'crawl_crypto_prices' retrieved from /opt/airflow/dags/crawl_crypto_prices.py
[2026-03-20T02:51:20.476+0000] {logging_mixin.py:188} INFO - [2026-03-20T02:51:20.476+0000] {dag.py:3036} INFO - Sync 1 DAGs
[2026-03-20T02:51:20.487+0000] {logging_mixin.py:188} INFO - [2026-03-20T02:51:20.487+0000] {dag.py:3823} INFO - Setting next_dagrun for crawl_crypto_prices to 2026-03-20 02:00:00+00:00, run_after=2026-03-20 03:00:00+00:00
[2026-03-20T02:51:20.493+0000] {processor.py:183} INFO - Processing /opt/airflow/dags/crawl_crypto_prices.py took 0.052 seconds
[2026-03-20T02:51:50.744+0000] {processor.py:161} INFO - Started process (PID=2781) to work on /opt/airflow/dags/crawl_crypto_prices.py
[2026-03-20T02:51:50.745+0000] {processor.py:830} INFO - Processing file /opt/airflow/dags/crawl_crypto_prices.py for tasks to queue
[2026-03-20T02:51:50.745+0000] {logging_mixin.py:188} INFO - [2026-03-20T02:51:50.745+0000] {dagbag.py:538} INFO - Filling up the DagBag from /opt/airflow/dags/crawl_crypto_prices.py
[2026-03-20T02:51:50.756+0000] {processor.py:840} INFO - DAG(s) 'crawl_crypto_prices' retrieved from /opt/airflow/dags/crawl_crypto_prices.py
[2026-03-20T02:51:50.770+0000] {logging_mixin.py:188} INFO - [2026-03-20T02:51:50.770+0000] {dag.py:3036} INFO - Sync 1 DAGs
[2026-03-20T02:51:50.780+0000] {logging_mixin.py:188} INFO - [2026-03-20T02:51:50.780+0000] {dag.py:3823} INFO - Setting next_dagrun for crawl_crypto_prices to 2026-03-20 02:00:00+00:00, run_after=2026-03-20 03:00:00+00:00
[2026-03-20T02:51:50.787+0000] {processor.py:183} INFO - Processing /opt/airflow/dags/crawl_crypto_prices.py took 0.046 seconds
[2026-03-20T02:52:21.062+0000] {processor.py:161} INFO - Started process (PID=2786) to work on /opt/airflow/dags/crawl_crypto_prices.py
[2026-03-20T02:52:21.063+0000] {processor.py:830} INFO - Processing file /opt/airflow/dags/crawl_crypto_prices.py for tasks to queue
[2026-03-20T02:52:21.064+0000] {logging_mixin.py:188} INFO - [2026-03-20T02:52:21.064+0000] {dagbag.py:538} INFO - Filling up the DagBag from /opt/airflow/dags/crawl_crypto_prices.py
[2026-03-20T02:52:21.074+0000] {processor.py:840} INFO - DAG(s) 'crawl_crypto_prices' retrieved from /opt/airflow/dags/crawl_crypto_prices.py
[2026-03-20T02:52:21.093+0000] {logging_mixin.py:188} INFO - [2026-03-20T02:52:21.093+0000] {dag.py:3036} INFO - Sync 1 DAGs
[2026-03-20T02:52:21.104+0000] {logging_mixin.py:188} INFO - [2026-03-20T02:52:21.104+0000] {dag.py:3823} INFO - Setting next_dagrun for crawl_crypto_prices to 2026-03-20 02:00:00+00:00, run_after=2026-03-20 03:00:00+00:00
[2026-03-20T02:52:21.110+0000] {processor.py:183} INFO - Processing /opt/airflow/dags/crawl_crypto_prices.py took 0.051 seconds
[2026-03-20T02:52:51.389+0000] {processor.py:161} INFO - Started process (PID=2791) to work on /opt/airflow/dags/crawl_crypto_prices.py
[2026-03-20T02:52:51.390+0000] {processor.py:830} INFO - Processing file /opt/airflow/dags/crawl_crypto_prices.py for tasks to queue
[2026-03-20T02:52:51.391+0000] {logging_mixin.py:188} INFO - [2026-03-20T02:52:51.391+0000] {dagbag.py:538} INFO - Filling up the DagBag from /opt/airflow/dags/crawl_crypto_prices.py
[2026-03-20T02:52:51.401+0000] {processor.py:840} INFO - DAG(s) 'crawl_crypto_prices' retrieved from /opt/airflow/dags/crawl_crypto_prices.py
[2026-03-20T02:52:51.420+0000] {logging_mixin.py:188} INFO - [2026-03-20T02:52:51.419+0000] {dag.py:3036} INFO - Sync 1 DAGs
[2026-03-20T02:52:51.430+0000] {logging_mixin.py:188} INFO - [2026-03-20T02:52:51.430+0000] {dag.py:3823} INFO - Setting next_dagrun for crawl_crypto_prices to 2026-03-20 02:00:00+00:00, run_after=2026-03-20 03:00:00+00:00
[2026-03-20T02:52:51.436+0000] {processor.py:183} INFO - Processing /opt/airflow/dags/crawl_crypto_prices.py took 0.050 seconds
[2026-03-20T02:53:21.716+0000] {processor.py:161} INFO - Started process (PID=2796) to work on /opt/airflow/dags/crawl_crypto_prices.py
[2026-03-20T02:53:21.717+0000] {processor.py:830} INFO - Processing file /opt/airflow/dags/crawl_crypto_prices.py for tasks to queue
[2026-03-20T02:53:21.718+0000] {logging_mixin.py:188} INFO - [2026-03-20T02:53:21.717+0000] {dagbag.py:538} INFO - Filling up the DagBag from /opt/airflow/dags/crawl_crypto_prices.py
[2026-03-20T02:53:21.728+0000] {processor.py:840} INFO - DAG(s) 'crawl_crypto_prices' retrieved from /opt/airflow/dags/crawl_crypto_prices.py
[2026-03-20T02:53:21.746+0000] {logging_mixin.py:188} INFO - [2026-03-20T02:53:21.746+0000] {dag.py:3036} INFO - Sync 1 DAGs
[2026-03-20T02:53:21.756+0000] {logging_mixin.py:188} INFO - [2026-03-20T02:53:21.756+0000] {dag.py:3823} INFO - Setting next_dagrun for crawl_crypto_prices to 2026-03-20 02:00:00+00:00, run_after=2026-03-20 03:00:00+00:00
[2026-03-20T02:53:21.762+0000] {processor.py:183} INFO - Processing /opt/airflow/dags/crawl_crypto_prices.py took 0.049 seconds
[2026-03-20T02:53:52.066+0000] {processor.py:161} INFO - Started process (PID=2801) to work on /opt/airflow/dags/crawl_crypto_prices.py
[2026-03-20T02:53:52.067+0000] {processor.py:830} INFO - Processing file /opt/airflow/dags/crawl_crypto_prices.py for tasks to queue
[2026-03-20T02:53:52.068+0000] {logging_mixin.py:188} INFO - [2026-03-20T02:53:52.067+0000] {dagbag.py:538} INFO - Filling up the DagBag from /opt/airflow/dags/crawl_crypto_prices.py
[2026-03-20T02:53:52.078+0000] {processor.py:840} INFO - DAG(s) 'crawl_crypto_prices' retrieved from /opt/airflow/dags/crawl_crypto_prices.py
[2026-03-20T02:53:52.096+0000] {logging_mixin.py:188} INFO - [2026-03-20T02:53:52.096+0000] {dag.py:3036} INFO - Sync 1 DAGs
[2026-03-20T02:53:52.106+0000] {logging_mixin.py:188} INFO - [2026-03-20T02:53:52.106+0000] {dag.py:3823} INFO - Setting next_dagrun for crawl_crypto_prices to 2026-03-20 02:00:00+00:00, run_after=2026-03-20 03:00:00+00:00
[2026-03-20T02:53:52.112+0000] {processor.py:183} INFO - Processing /opt/airflow/dags/crawl_crypto_prices.py took 0.049 seconds
[2026-03-20T02:54:22.392+0000] {processor.py:161} INFO - Started process (PID=2806) to work on /opt/airflow/dags/crawl_crypto_prices.py
[2026-03-20T02:54:22.393+0000] {processor.py:830} INFO - Processing file /opt/airflow/dags/crawl_crypto_prices.py for tasks to queue
[2026-03-20T02:54:22.394+0000] {logging_mixin.py:188} INFO - [2026-03-20T02:54:22.394+0000] {dagbag.py:538} INFO - Filling up the DagBag from /opt/airflow/dags/crawl_crypto_prices.py
[2026-03-20T02:54:22.405+0000] {processor.py:840} INFO - DAG(s) 'crawl_crypto_prices' retrieved from /opt/airflow/dags/crawl_crypto_prices.py
[2026-03-20T02:54:22.425+0000] {logging_mixin.py:188} INFO - [2026-03-20T02:54:22.425+0000] {dag.py:3036} INFO - Sync 1 DAGs
[2026-03-20T02:54:22.434+0000] {logging_mixin.py:188} INFO - [2026-03-20T02:54:22.434+0000] {dag.py:3823} INFO - Setting next_dagrun for crawl_crypto_prices to 2026-03-20 02:00:00+00:00, run_after=2026-03-20 03:00:00+00:00
[2026-03-20T02:54:22.441+0000] {processor.py:183} INFO - Processing /opt/airflow/dags/crawl_crypto_prices.py took 0.052 seconds
[2026-03-20T02:55:15.102+0000] {processor.py:161} INFO - Started process (PID=2813) to work on /opt/airflow/dags/crawl_crypto_prices.py
[2026-03-20T02:55:15.103+0000] {processor.py:830} INFO - Processing file /opt/airflow/dags/crawl_crypto_prices.py for tasks to queue
[2026-03-20T02:55:15.104+0000] {logging_mixin.py:188} INFO - [2026-03-20T02:55:15.103+0000] {dagbag.py:538} INFO - Filling up the DagBag from /opt/airflow/dags/crawl_crypto_prices.py
[2026-03-20T02:55:15.119+0000] {processor.py:840} INFO - DAG(s) 'crawl_crypto_prices' retrieved from /opt/airflow/dags/crawl_crypto_prices.py
[2026-03-20T02:55:15.140+0000] {logging_mixin.py:188} INFO - [2026-03-20T02:55:15.140+0000] {dag.py:3036} INFO - Sync 1 DAGs
[2026-03-20T02:55:15.152+0000] {logging_mixin.py:188} INFO - [2026-03-20T02:55:15.152+0000] {dag.py:3823} INFO - Setting next_dagrun for crawl_crypto_prices to 2026-03-20 02:00:00+00:00, run_after=2026-03-20 03:00:00+00:00
[2026-03-20T02:55:15.158+0000] {processor.py:183} INFO - Processing /opt/airflow/dags/crawl_crypto_prices.py took 0.060 seconds
[2026-03-20T02:55:45.442+0000] {processor.py:161} INFO - Started process (PID=2818) to work on /opt/airflow/dags/crawl_crypto_prices.py
[2026-03-20T02:55:45.443+0000] {processor.py:830} INFO - Processing file /opt/airflow/dags/crawl_crypto_prices.py for tasks to queue
[2026-03-20T02:55:45.444+0000] {logging_mixin.py:188} INFO - [2026-03-20T02:55:45.443+0000] {dagbag.py:538} INFO - Filling up the DagBag from /opt/airflow/dags/crawl_crypto_prices.py
[2026-03-20T02:55:45.450+0000] {processor.py:840} INFO - DAG(s) 'crawl_crypto_prices' retrieved from /opt/airflow/dags/crawl_crypto_prices.py
[2026-03-20T02:55:45.460+0000] {logging_mixin.py:188} INFO - [2026-03-20T02:55:45.460+0000] {dag.py:3036} INFO - Sync 1 DAGs
[2026-03-20T02:55:45.469+0000] {logging_mixin.py:188} INFO - [2026-03-20T02:55:45.469+0000] {dag.py:3823} INFO - Setting next_dagrun for crawl_crypto_prices to 2026-03-20 02:00:00+00:00, run_after=2026-03-20 03:00:00+00:00
[2026-03-20T02:55:45.475+0000] {processor.py:183} INFO - Processing /opt/airflow/dags/crawl_crypto_prices.py took 0.034 seconds
[2026-03-20T02:56:15.801+0000] {processor.py:161} INFO - Started process (PID=2823) to work on /opt/airflow/dags/crawl_crypto_prices.py
[2026-03-20T02:56:15.802+0000] {processor.py:830} INFO - Processing file /opt/airflow/dags/crawl_crypto_prices.py for tasks to queue
[2026-03-20T02:56:15.803+0000] {logging_mixin.py:188} INFO - [2026-03-20T02:56:15.803+0000] {dagbag.py:538} INFO - Filling up the DagBag from /opt/airflow/dags/crawl_crypto_prices.py
[2026-03-20T02:56:15.814+0000] {processor.py:840} INFO - DAG(s) 'crawl_crypto_prices' retrieved from /opt/airflow/dags/crawl_crypto_prices.py
[2026-03-20T02:56:15.833+0000] {logging_mixin.py:188} INFO - [2026-03-20T02:56:15.833+0000] {dag.py:3036} INFO - Sync 1 DAGs
[2026-03-20T02:56:15.845+0000] {logging_mixin.py:188} INFO - [2026-03-20T02:56:15.845+0000] {dag.py:3823} INFO - Setting next_dagrun for crawl_crypto_prices to 2026-03-20 02:00:00+00:00, run_after=2026-03-20 03:00:00+00:00
[2026-03-20T02:56:15.852+0000] {processor.py:183} INFO - Processing /opt/airflow/dags/crawl_crypto_prices.py took 0.054 seconds
[2026-03-20T02:56:46.146+0000] {processor.py:161} INFO - Started process (PID=2828) to work on /opt/airflow/dags/crawl_crypto_prices.py
[2026-03-20T02:56:46.147+0000] {processor.py:830} INFO - Processing file /opt/airflow/dags/crawl_crypto_prices.py for tasks to queue
[2026-03-20T02:56:46.148+0000] {logging_mixin.py:188} INFO - [2026-03-20T02:56:46.147+0000] {dagbag.py:538} INFO - Filling up the DagBag from /opt/airflow/dags/crawl_crypto_prices.py
[2026-03-20T02:56:46.159+0000] {processor.py:840} INFO - DAG(s) 'crawl_crypto_prices' retrieved from /opt/airflow/dags/crawl_crypto_prices.py
[2026-03-20T02:56:46.176+0000] {logging_mixin.py:188} INFO - [2026-03-20T02:56:46.175+0000] {dag.py:3036} INFO - Sync 1 DAGs
[2026-03-20T02:56:46.186+0000] {logging_mixin.py:188} INFO - [2026-03-20T02:56:46.186+0000] {dag.py:3823} INFO - Setting next_dagrun for crawl_crypto_prices to 2026-03-20 02:00:00+00:00, run_after=2026-03-20 03:00:00+00:00
[2026-03-20T02:56:46.193+0000] {processor.py:183} INFO - Processing /opt/airflow/dags/crawl_crypto_prices.py took 0.049 seconds
[2026-03-20T02:57:16.450+0000] {processor.py:161} INFO - Started process (PID=2833) to work on /opt/airflow/dags/crawl_crypto_prices.py
[2026-03-20T02:57:16.451+0000] {processor.py:830} INFO - Processing file /opt/airflow/dags/crawl_crypto_prices.py for tasks to queue
[2026-03-20T02:57:16.452+0000] {logging_mixin.py:188} INFO - [2026-03-20T02:57:16.451+0000] {dagbag.py:538} INFO - Filling up the DagBag from /opt/airflow/dags/crawl_crypto_prices.py
[2026-03-20T02:57:16.462+0000] {processor.py:840} INFO - DAG(s) 'crawl_crypto_prices' retrieved from /opt/airflow/dags/crawl_crypto_prices.py
[2026-03-20T02:57:16.480+0000] {logging_mixin.py:188} INFO - [2026-03-20T02:57:16.480+0000] {dag.py:3036} INFO - Sync 1 DAGs
[2026-03-20T02:57:16.491+0000] {logging_mixin.py:188} INFO - [2026-03-20T02:57:16.491+0000] {dag.py:3823} INFO - Setting next_dagrun for crawl_crypto_prices to 2026-03-20 02:00:00+00:00, run_after=2026-03-20 03:00:00+00:00
[2026-03-20T02:57:16.497+0000] {processor.py:183} INFO - Processing /opt/airflow/dags/crawl_crypto_prices.py took 0.051 seconds
[2026-03-20T02:57:46.679+0000] {processor.py:161} INFO - Started process (PID=2838) to work on /opt/airflow/dags/crawl_crypto_prices.py
[2026-03-20T02:57:46.680+0000] {processor.py:830} INFO - Processing file /opt/airflow/dags/crawl_crypto_prices.py for tasks to queue
[2026-03-20T02:57:46.680+0000] {logging_mixin.py:188} INFO - [2026-03-20T02:57:46.680+0000] {dagbag.py:538} INFO - Filling up the DagBag from /opt/airflow/dags/crawl_crypto_prices.py
[2026-03-20T02:57:46.690+0000] {processor.py:840} INFO - DAG(s) 'crawl_crypto_prices' retrieved from /opt/airflow/dags/crawl_crypto_prices.py
[2026-03-20T02:57:46.706+0000] {logging_mixin.py:188} INFO - [2026-03-20T02:57:46.706+0000] {dag.py:3036} INFO - Sync 1 DAGs
[2026-03-20T02:57:46.716+0000] {logging_mixin.py:188} INFO - [2026-03-20T02:57:46.716+0000] {dag.py:3823} INFO - Setting next_dagrun for crawl_crypto_prices to 2026-03-20 02:00:00+00:00, run_after=2026-03-20 03:00:00+00:00
[2026-03-20T02:57:46.723+0000] {processor.py:183} INFO - Processing /opt/airflow/dags/crawl_crypto_prices.py took 0.048 seconds
[2026-03-20T02:58:16.966+0000] {processor.py:161} INFO - Started process (PID=2843) to work on /opt/airflow/dags/crawl_crypto_prices.py
[2026-03-20T02:58:16.967+0000] {processor.py:830} INFO - Processing file /opt/airflow/dags/crawl_crypto_prices.py for tasks to queue
[2026-03-20T02:58:16.968+0000] {logging_mixin.py:188} INFO - [2026-03-20T02:58:16.968+0000] {dagbag.py:538} INFO - Filling up the DagBag from /opt/airflow/dags/crawl_crypto_prices.py
[2026-03-20T02:58:16.980+0000] {processor.py:840} INFO - DAG(s) 'crawl_crypto_prices' retrieved from /opt/airflow/dags/crawl_crypto_prices.py
[2026-03-20T02:58:16.998+0000] {logging_mixin.py:188} INFO - [2026-03-20T02:58:16.998+0000] {dag.py:3036} INFO - Sync 1 DAGs
[2026-03-20T02:58:17.008+0000] {logging_mixin.py:188} INFO - [2026-03-20T02:58:17.008+0000] {dag.py:3823} INFO - Setting next_dagrun for crawl_crypto_prices to 2026-03-20 02:00:00+00:00, run_after=2026-03-20 03:00:00+00:00
[2026-03-20T02:58:17.015+0000] {processor.py:183} INFO - Processing /opt/airflow/dags/crawl_crypto_prices.py took 0.052 seconds
[2026-03-20T02:58:47.274+0000] {processor.py:161} INFO - Started process (PID=2848) to work on /opt/airflow/dags/crawl_crypto_prices.py
[2026-03-20T02:58:47.276+0000] {processor.py:830} INFO - Processing file /opt/airflow/dags/crawl_crypto_prices.py for tasks to queue
[2026-03-20T02:58:47.276+0000] {logging_mixin.py:188} INFO - [2026-03-20T02:58:47.276+0000] {dagbag.py:538} INFO - Filling up the DagBag from /opt/airflow/dags/crawl_crypto_prices.py
[2026-03-20T02:58:47.286+0000] {processor.py:840} INFO - DAG(s) 'crawl_crypto_prices' retrieved from /opt/airflow/dags/crawl_crypto_prices.py
[2026-03-20T02:58:47.306+0000] {logging_mixin.py:188} INFO - [2026-03-20T02:58:47.305+0000] {dag.py:3036} INFO - Sync 1 DAGs
[2026-03-20T02:58:47.316+0000] {logging_mixin.py:188} INFO - [2026-03-20T02:58:47.316+0000] {dag.py:3823} INFO - Setting next_dagrun for crawl_crypto_prices to 2026-03-20 02:00:00+00:00, run_after=2026-03-20 03:00:00+00:00
[2026-03-20T02:58:47.322+0000] {processor.py:183} INFO - Processing /opt/airflow/dags/crawl_crypto_prices.py took 0.052 seconds
[2026-03-20T02:59:17.557+0000] {processor.py:161} INFO - Started process (PID=2853) to work on /opt/airflow/dags/crawl_crypto_prices.py
[2026-03-20T02:59:17.558+0000] {processor.py:830} INFO - Processing file /opt/airflow/dags/crawl_crypto_prices.py for tasks to queue
[2026-03-20T02:59:17.559+0000] {logging_mixin.py:188} INFO - [2026-03-20T02:59:17.559+0000] {dagbag.py:538} INFO - Filling up the DagBag from /opt/airflow/dags/crawl_crypto_prices.py
[2026-03-20T02:59:17.568+0000] {processor.py:840} INFO - DAG(s) 'crawl_crypto_prices' retrieved from /opt/airflow/dags/crawl_crypto_prices.py
[2026-03-20T02:59:17.584+0000] {logging_mixin.py:188} INFO - [2026-03-20T02:59:17.584+0000] {dag.py:3036} INFO - Sync 1 DAGs
[2026-03-20T02:59:17.595+0000] {logging_mixin.py:188} INFO - [2026-03-20T02:59:17.595+0000] {dag.py:3823} INFO - Setting next_dagrun for crawl_crypto_prices to 2026-03-20 02:00:00+00:00, run_after=2026-03-20 03:00:00+00:00
[2026-03-20T02:59:17.602+0000] {processor.py:183} INFO - Processing /opt/airflow/dags/crawl_crypto_prices.py took 0.047 seconds
[2026-03-20T02:59:47.854+0000] {processor.py:161} INFO - Started process (PID=2858) to work on /opt/airflow/dags/crawl_crypto_prices.py
[2026-03-20T02:59:47.855+0000] {processor.py:830} INFO - Processing file /opt/airflow/dags/crawl_crypto_prices.py for tasks to queue
[2026-03-20T02:59:47.856+0000] {logging_mixin.py:188} INFO - [2026-03-20T02:59:47.856+0000] {dagbag.py:538} INFO - Filling up the DagBag from /opt/airflow/dags/crawl_crypto_prices.py
[2026-03-20T02:59:47.866+0000] {processor.py:840} INFO - DAG(s) 'crawl_crypto_prices' retrieved from /opt/airflow/dags/crawl_crypto_prices.py
[2026-03-20T02:59:47.885+0000] {logging_mixin.py:188} INFO - [2026-03-20T02:59:47.885+0000] {dag.py:3036} INFO - Sync 1 DAGs
[2026-03-20T02:59:47.894+0000] {logging_mixin.py:188} INFO - [2026-03-20T02:59:47.894+0000] {dag.py:3823} INFO - Setting next_dagrun for crawl_crypto_prices to 2026-03-20 02:00:00+00:00, run_after=2026-03-20 03:00:00+00:00
[2026-03-20T02:59:47.901+0000] {processor.py:183} INFO - Processing /opt/airflow/dags/crawl_crypto_prices.py took 0.051 seconds
[2026-03-20T03:00:18.143+0000] {processor.py:161} INFO - Started process (PID=2865) to work on /opt/airflow/dags/crawl_crypto_prices.py
[2026-03-20T03:00:18.144+0000] {processor.py:830} INFO - Processing file /opt/airflow/dags/crawl_crypto_prices.py for tasks to queue
[2026-03-20T03:00:18.145+0000] {logging_mixin.py:188} INFO - [2026-03-20T03:00:18.145+0000] {dagbag.py:538} INFO - Filling up the DagBag from /opt/airflow/dags/crawl_crypto_prices.py
[2026-03-20T03:00:18.155+0000] {processor.py:840} INFO - DAG(s) 'crawl_crypto_prices' retrieved from /opt/airflow/dags/crawl_crypto_prices.py
[2026-03-20T03:00:18.174+0000] {logging_mixin.py:188} INFO - [2026-03-20T03:00:18.174+0000] {dag.py:3036} INFO - Sync 1 DAGs
[2026-03-20T03:00:18.185+0000] {logging_mixin.py:188} INFO - [2026-03-20T03:00:18.185+0000] {dag.py:3823} INFO - Setting next_dagrun for crawl_crypto_prices to 2026-03-20 03:00:00+00:00, run_after=2026-03-20 04:00:00+00:00
[2026-03-20T03:00:18.191+0000] {processor.py:183} INFO - Processing /opt/airflow/dags/crawl_crypto_prices.py took 0.051 seconds
[2026-03-20T03:00:48.473+0000] {processor.py:161} INFO - Started process (PID=2870) to work on /opt/airflow/dags/crawl_crypto_prices.py
[2026-03-20T03:00:48.474+0000] {processor.py:830} INFO - Processing file /opt/airflow/dags/crawl_crypto_prices.py for tasks to queue
[2026-03-20T03:00:48.475+0000] {logging_mixin.py:188} INFO - [2026-03-20T03:00:48.474+0000] {dagbag.py:538} INFO - Filling up the DagBag from /opt/airflow/dags/crawl_crypto_prices.py
[2026-03-20T03:00:48.485+0000] {processor.py:840} INFO - DAG(s) 'crawl_crypto_prices' retrieved from /opt/airflow/dags/crawl_crypto_prices.py
[2026-03-20T03:00:48.503+0000] {logging_mixin.py:188} INFO - [2026-03-20T03:00:48.503+0000] {dag.py:3036} INFO - Sync 1 DAGs
[2026-03-20T03:00:48.514+0000] {logging_mixin.py:188} INFO - [2026-03-20T03:00:48.514+0000] {dag.py:3823} INFO - Setting next_dagrun for crawl_crypto_prices to 2026-03-20 03:00:00+00:00, run_after=2026-03-20 04:00:00+00:00
[2026-03-20T03:00:48.521+0000] {processor.py:183} INFO - Processing /opt/airflow/dags/crawl_crypto_prices.py took 0.051 seconds
[2026-03-20T03:01:18.809+0000] {processor.py:161} INFO - Started process (PID=2875) to work on /opt/airflow/dags/crawl_crypto_prices.py
[2026-03-20T03:01:18.810+0000] {processor.py:830} INFO - Processing file /opt/airflow/dags/crawl_crypto_prices.py for tasks to queue
[2026-03-20T03:01:18.811+0000] {logging_mixin.py:188} INFO - [2026-03-20T03:01:18.811+0000] {dagbag.py:538} INFO - Filling up the DagBag from /opt/airflow/dags/crawl_crypto_prices.py
[2026-03-20T03:01:18.821+0000] {processor.py:840} INFO - DAG(s) 'crawl_crypto_prices' retrieved from /opt/airflow/dags/crawl_crypto_prices.py
[2026-03-20T03:01:18.840+0000] {logging_mixin.py:188} INFO - [2026-03-20T03:01:18.840+0000] {dag.py:3036} INFO - Sync 1 DAGs
[2026-03-20T03:01:18.850+0000] {logging_mixin.py:188} INFO - [2026-03-20T03:01:18.850+0000] {dag.py:3823} INFO - Setting next_dagrun for crawl_crypto_prices to 2026-03-20 03:00:00+00:00, run_after=2026-03-20 04:00:00+00:00
[2026-03-20T03:01:18.856+0000] {processor.py:183} INFO - Processing /opt/airflow/dags/crawl_crypto_prices.py took 0.050 seconds
[2026-03-20T03:01:49.139+0000] {processor.py:161} INFO - Started process (PID=2880) to work on /opt/airflow/dags/crawl_crypto_prices.py
[2026-03-20T03:01:49.140+0000] {processor.py:830} INFO - Processing file /opt/airflow/dags/crawl_crypto_prices.py for tasks to queue
[2026-03-20T03:01:49.141+0000] {logging_mixin.py:188} INFO - [2026-03-20T03:01:49.141+0000] {dagbag.py:538} INFO - Filling up the DagBag from /opt/airflow/dags/crawl_crypto_prices.py
[2026-03-20T03:01:49.151+0000] {processor.py:840} INFO - DAG(s) 'crawl_crypto_prices' retrieved from /opt/airflow/dags/crawl_crypto_prices.py
[2026-03-20T03:01:49.170+0000] {logging_mixin.py:188} INFO - [2026-03-20T03:01:49.169+0000] {dag.py:3036} INFO - Sync 1 DAGs
[2026-03-20T03:01:49.179+0000] {logging_mixin.py:188} INFO - [2026-03-20T03:01:49.179+0000] {dag.py:3823} INFO - Setting next_dagrun for crawl_crypto_prices to 2026-03-20 03:00:00+00:00, run_after=2026-03-20 04:00:00+00:00
[2026-03-20T03:01:49.186+0000] {processor.py:183} INFO - Processing /opt/airflow/dags/crawl_crypto_prices.py took 0.050 seconds
[2026-03-20T03:02:19.440+0000] {processor.py:161} INFO - Started process (PID=2885) to work on /opt/airflow/dags/crawl_crypto_prices.py
[2026-03-20T03:02:19.441+0000] {processor.py:830} INFO - Processing file /opt/airflow/dags/crawl_crypto_prices.py for tasks to queue
[2026-03-20T03:02:19.441+0000] {logging_mixin.py:188} INFO - [2026-03-20T03:02:19.441+0000] {dagbag.py:538} INFO - Filling up the DagBag from /opt/airflow/dags/crawl_crypto_prices.py
[2026-03-20T03:02:19.452+0000] {processor.py:840} INFO - DAG(s) 'crawl_crypto_prices' retrieved from /opt/airflow/dags/crawl_crypto_prices.py
[2026-03-20T03:02:19.471+0000] {logging_mixin.py:188} INFO - [2026-03-20T03:02:19.470+0000] {dag.py:3036} INFO - Sync 1 DAGs
[2026-03-20T03:02:19.481+0000] {logging_mixin.py:188} INFO - [2026-03-20T03:02:19.481+0000] {dag.py:3823} INFO - Setting next_dagrun for crawl_crypto_prices to 2026-03-20 03:00:00+00:00, run_after=2026-03-20 04:00:00+00:00
[2026-03-20T03:02:19.488+0000] {processor.py:183} INFO - Processing /opt/airflow/dags/crawl_crypto_prices.py took 0.052 seconds
[2026-03-20T03:02:49.757+0000] {processor.py:161} INFO - Started process (PID=2890) to work on /opt/airflow/dags/crawl_crypto_prices.py
[2026-03-20T03:02:49.757+0000] {processor.py:830} INFO - Processing file /opt/airflow/dags/crawl_crypto_prices.py for tasks to queue
[2026-03-20T03:02:49.758+0000] {logging_mixin.py:188} INFO - [2026-03-20T03:02:49.758+0000] {dagbag.py:538} INFO - Filling up the DagBag from /opt/airflow/dags/crawl_crypto_prices.py
[2026-03-20T03:02:49.768+0000] {processor.py:840} INFO - DAG(s) 'crawl_crypto_prices' retrieved from /opt/airflow/dags/crawl_crypto_prices.py
[2026-03-20T03:02:49.787+0000] {logging_mixin.py:188} INFO - [2026-03-20T03:02:49.786+0000] {dag.py:3036} INFO - Sync 1 DAGs
[2026-03-20T03:02:49.797+0000] {logging_mixin.py:188} INFO - [2026-03-20T03:02:49.796+0000] {dag.py:3823} INFO - Setting next_dagrun for crawl_crypto_prices to 2026-03-20 03:00:00+00:00, run_after=2026-03-20 04:00:00+00:00
[2026-03-20T03:02:49.803+0000] {processor.py:183} INFO - Processing /opt/airflow/dags/crawl_crypto_prices.py took 0.049 seconds
[2026-03-20T03:03:20.071+0000] {processor.py:161} INFO - Started process (PID=2895) to work on /opt/airflow/dags/crawl_crypto_prices.py
[2026-03-20T03:03:20.072+0000] {processor.py:830} INFO - Processing file /opt/airflow/dags/crawl_crypto_prices.py for tasks to queue
[2026-03-20T03:03:20.073+0000] {logging_mixin.py:188} INFO - [2026-03-20T03:03:20.073+0000] {dagbag.py:538} INFO - Filling up the DagBag from /opt/airflow/dags/crawl_crypto_prices.py
[2026-03-20T03:03:20.083+0000] {processor.py:840} INFO - DAG(s) 'crawl_crypto_prices' retrieved from /opt/airflow/dags/crawl_crypto_prices.py
[2026-03-20T03:03:20.101+0000] {logging_mixin.py:188} INFO - [2026-03-20T03:03:20.101+0000] {dag.py:3036} INFO - Sync 1 DAGs
[2026-03-20T03:03:20.111+0000] {logging_mixin.py:188} INFO - [2026-03-20T03:03:20.111+0000] {dag.py:3823} INFO - Setting next_dagrun for crawl_crypto_prices to 2026-03-20 03:00:00+00:00, run_after=2026-03-20 04:00:00+00:00
[2026-03-20T03:03:20.117+0000] {processor.py:183} INFO - Processing /opt/airflow/dags/crawl_crypto_prices.py took 0.049 seconds
[2026-03-20T03:03:50.427+0000] {processor.py:161} INFO - Started process (PID=2900) to work on /opt/airflow/dags/crawl_crypto_prices.py
[2026-03-20T03:03:50.428+0000] {processor.py:830} INFO - Processing file /opt/airflow/dags/crawl_crypto_prices.py for tasks to queue
[2026-03-20T03:03:50.428+0000] {logging_mixin.py:188} INFO - [2026-03-20T03:03:50.428+0000] {dagbag.py:538} INFO - Filling up the DagBag from /opt/airflow/dags/crawl_crypto_prices.py
[2026-03-20T03:03:50.435+0000] {processor.py:840} INFO - DAG(s) 'crawl_crypto_prices' retrieved from /opt/airflow/dags/crawl_crypto_prices.py
[2026-03-20T03:03:50.447+0000] {logging_mixin.py:188} INFO - [2026-03-20T03:03:50.447+0000] {dag.py:3036} INFO - Sync 1 DAGs
[2026-03-20T03:03:50.456+0000] {logging_mixin.py:188} INFO - [2026-03-20T03:03:50.456+0000] {dag.py:3823} INFO - Setting next_dagrun for crawl_crypto_prices to 2026-03-20 03:00:00+00:00, run_after=2026-03-20 04:00:00+00:00
[2026-03-20T03:03:50.462+0000] {processor.py:183} INFO - Processing /opt/airflow/dags/crawl_crypto_prices.py took 0.036 seconds
[2026-03-20T03:04:20.766+0000] {processor.py:161} INFO - Started process (PID=2905) to work on /opt/airflow/dags/crawl_crypto_prices.py
[2026-03-20T03:04:20.767+0000] {processor.py:830} INFO - Processing file /opt/airflow/dags/crawl_crypto_prices.py for tasks to queue
[2026-03-20T03:04:20.767+0000] {logging_mixin.py:188} INFO - [2026-03-20T03:04:20.767+0000] {dagbag.py:538} INFO - Filling up the DagBag from /opt/airflow/dags/crawl_crypto_prices.py
[2026-03-20T03:04:20.778+0000] {processor.py:840} INFO - DAG(s) 'crawl_crypto_prices' retrieved from /opt/airflow/dags/crawl_crypto_prices.py
[2026-03-20T03:04:20.795+0000] {logging_mixin.py:188} INFO - [2026-03-20T03:04:20.795+0000] {dag.py:3036} INFO - Sync 1 DAGs
[2026-03-20T03:04:20.805+0000] {logging_mixin.py:188} INFO - [2026-03-20T03:04:20.805+0000] {dag.py:3823} INFO - Setting next_dagrun for crawl_crypto_prices to 2026-03-20 03:00:00+00:00, run_after=2026-03-20 04:00:00+00:00
[2026-03-20T03:04:20.811+0000] {processor.py:183} INFO - Processing /opt/airflow/dags/crawl_crypto_prices.py took 0.049 seconds
[2026-03-20T03:06:28.325+0000] {processor.py:161} INFO - Started process (PID=2910) to work on /opt/airflow/dags/crawl_crypto_prices.py
[2026-03-20T03:06:28.326+0000] {processor.py:830} INFO - Processing file /opt/airflow/dags/crawl_crypto_prices.py for tasks to queue
[2026-03-20T03:06:28.327+0000] {logging_mixin.py:188} INFO - [2026-03-20T03:06:28.327+0000] {dagbag.py:538} INFO - Filling up the DagBag from /opt/airflow/dags/crawl_crypto_prices.py
[2026-03-20T03:06:28.338+0000] {processor.py:840} INFO - DAG(s) 'crawl_crypto_prices' retrieved from /opt/airflow/dags/crawl_crypto_prices.py
[2026-03-20T03:06:28.356+0000] {logging_mixin.py:188} INFO - [2026-03-20T03:06:28.356+0000] {dag.py:3036} INFO - Sync 1 DAGs
[2026-03-20T03:06:28.365+0000] {logging_mixin.py:188} INFO - [2026-03-20T03:06:28.365+0000] {dag.py:3823} INFO - Setting next_dagrun for crawl_crypto_prices to 2026-03-20 03:00:00+00:00, run_after=2026-03-20 04:00:00+00:00
[2026-03-20T03:06:28.371+0000] {processor.py:183} INFO - Processing /opt/airflow/dags/crawl_crypto_prices.py took 0.049 seconds
[2026-03-20T03:06:58.645+0000] {processor.py:161} INFO - Started process (PID=2917) to work on /opt/airflow/dags/crawl_crypto_prices.py
[2026-03-20T03:06:58.646+0000] {processor.py:830} INFO - Processing file /opt/airflow/dags/crawl_crypto_prices.py for tasks to queue
[2026-03-20T03:06:58.647+0000] {logging_mixin.py:188} INFO - [2026-03-20T03:06:58.647+0000] {dagbag.py:538} INFO - Filling up the DagBag from /opt/airflow/dags/crawl_crypto_prices.py
[2026-03-20T03:06:58.663+0000] {processor.py:840} INFO - DAG(s) 'crawl_crypto_prices' retrieved from /opt/airflow/dags/crawl_crypto_prices.py
[2026-03-20T03:06:58.681+0000] {logging_mixin.py:188} INFO - [2026-03-20T03:06:58.681+0000] {dag.py:3036} INFO - Sync 1 DAGs
[2026-03-20T03:06:58.690+0000] {logging_mixin.py:188} INFO - [2026-03-20T03:06:58.690+0000] {dag.py:3823} INFO - Setting next_dagrun for crawl_crypto_prices to 2026-03-20 03:00:00+00:00, run_after=2026-03-20 04:00:00+00:00
[2026-03-20T03:06:58.696+0000] {processor.py:183} INFO - Processing /opt/airflow/dags/crawl_crypto_prices.py took 0.055 seconds
[2026-03-20T03:07:28.946+0000] {processor.py:161} INFO - Started process (PID=2922) to work on /opt/airflow/dags/crawl_crypto_prices.py
[2026-03-20T03:07:28.947+0000] {processor.py:830} INFO - Processing file /opt/airflow/dags/crawl_crypto_prices.py for tasks to queue
[2026-03-20T03:07:28.948+0000] {logging_mixin.py:188} INFO - [2026-03-20T03:07:28.948+0000] {dagbag.py:538} INFO - Filling up the DagBag from /opt/airflow/dags/crawl_crypto_prices.py
[2026-03-20T03:07:28.960+0000] {processor.py:840} INFO - DAG(s) 'crawl_crypto_prices' retrieved from /opt/airflow/dags/crawl_crypto_prices.py
[2026-03-20T03:07:28.977+0000] {logging_mixin.py:188} INFO - [2026-03-20T03:07:28.976+0000] {dag.py:3036} INFO - Sync 1 DAGs
[2026-03-20T03:07:28.988+0000] {logging_mixin.py:188} INFO - [2026-03-20T03:07:28.988+0000] {dag.py:3823} INFO - Setting next_dagrun for crawl_crypto_prices to 2026-03-20 03:00:00+00:00, run_after=2026-03-20 04:00:00+00:00
[2026-03-20T03:07:28.994+0000] {processor.py:183} INFO - Processing /opt/airflow/dags/crawl_crypto_prices.py took 0.052 seconds
[2026-03-20T03:07:59.218+0000] {processor.py:161} INFO - Started process (PID=2927) to work on /opt/airflow/dags/crawl_crypto_prices.py
[2026-03-20T03:07:59.219+0000] {processor.py:830} INFO - Processing file /opt/airflow/dags/crawl_crypto_prices.py for tasks to queue
[2026-03-20T03:07:59.219+0000] {logging_mixin.py:188} INFO - [2026-03-20T03:07:59.219+0000] {dagbag.py:538} INFO - Filling up the DagBag from /opt/airflow/dags/crawl_crypto_prices.py
[2026-03-20T03:07:59.229+0000] {processor.py:840} INFO - DAG(s) 'crawl_crypto_prices' retrieved from /opt/airflow/dags/crawl_crypto_prices.py
[2026-03-20T03:07:59.245+0000] {logging_mixin.py:188} INFO - [2026-03-20T03:07:59.245+0000] {dag.py:3036} INFO - Sync 1 DAGs
[2026-03-20T03:07:59.255+0000] {logging_mixin.py:188} INFO - [2026-03-20T03:07:59.255+0000] {dag.py:3823} INFO - Setting next_dagrun for crawl_crypto_prices to 2026-03-20 03:00:00+00:00, run_after=2026-03-20 04:00:00+00:00
[2026-03-20T03:07:59.262+0000] {processor.py:183} INFO - Processing /opt/airflow/dags/crawl_crypto_prices.py took 0.047 seconds
[2026-03-20T03:08:29.507+0000] {processor.py:161} INFO - Started process (PID=2932) to work on /opt/airflow/dags/crawl_crypto_prices.py
[2026-03-20T03:08:29.508+0000] {processor.py:830} INFO - Processing file /opt/airflow/dags/crawl_crypto_prices.py for tasks to queue
[2026-03-20T03:08:29.509+0000] {logging_mixin.py:188} INFO - [2026-03-20T03:08:29.509+0000] {dagbag.py:538} INFO - Filling up the DagBag from /opt/airflow/dags/crawl_crypto_prices.py
[2026-03-20T03:08:29.520+0000] {processor.py:840} INFO - DAG(s) 'crawl_crypto_prices' retrieved from /opt/airflow/dags/crawl_crypto_prices.py
[2026-03-20T03:08:29.539+0000] {logging_mixin.py:188} INFO - [2026-03-20T03:08:29.539+0000] {dag.py:3036} INFO - Sync 1 DAGs
[2026-03-20T03:08:29.550+0000] {logging_mixin.py:188} INFO - [2026-03-20T03:08:29.550+0000] {dag.py:3823} INFO - Setting next_dagrun for crawl_crypto_prices to 2026-03-20 03:00:00+00:00, run_after=2026-03-20 04:00:00+00:00
[2026-03-20T03:08:29.556+0000] {processor.py:183} INFO - Processing /opt/airflow/dags/crawl_crypto_prices.py took 0.052 seconds
[2026-03-20T03:08:59.828+0000] {processor.py:161} INFO - Started process (PID=2937) to work on /opt/airflow/dags/crawl_crypto_prices.py
[2026-03-20T03:08:59.829+0000] {processor.py:830} INFO - Processing file /opt/airflow/dags/crawl_crypto_prices.py for tasks to queue
[2026-03-20T03:08:59.830+0000] {logging_mixin.py:188} INFO - [2026-03-20T03:08:59.830+0000] {dagbag.py:538} INFO - Filling up the DagBag from /opt/airflow/dags/crawl_crypto_prices.py
[2026-03-20T03:08:59.841+0000] {processor.py:840} INFO - DAG(s) 'crawl_crypto_prices' retrieved from /opt/airflow/dags/crawl_crypto_prices.py
[2026-03-20T03:08:59.860+0000] {logging_mixin.py:188} INFO - [2026-03-20T03:08:59.860+0000] {dag.py:3036} INFO - Sync 1 DAGs
[2026-03-20T03:08:59.871+0000] {logging_mixin.py:188} INFO - [2026-03-20T03:08:59.871+0000] {dag.py:3823} INFO - Setting next_dagrun for crawl_crypto_prices to 2026-03-20 03:00:00+00:00, run_after=2026-03-20 04:00:00+00:00
[2026-03-20T03:08:59.877+0000] {processor.py:183} INFO - Processing /opt/airflow/dags/crawl_crypto_prices.py took 0.053 seconds
[2026-03-20T03:09:30.123+0000] {processor.py:161} INFO - Started process (PID=2942) to work on /opt/airflow/dags/crawl_crypto_prices.py
[2026-03-20T03:09:30.123+0000] {processor.py:830} INFO - Processing file /opt/airflow/dags/crawl_crypto_prices.py for tasks to queue
[2026-03-20T03:09:30.124+0000] {logging_mixin.py:188} INFO - [2026-03-20T03:09:30.124+0000] {dagbag.py:538} INFO - Filling up the DagBag from /opt/airflow/dags/crawl_crypto_prices.py
[2026-03-20T03:09:30.135+0000] {processor.py:840} INFO - DAG(s) 'crawl_crypto_prices' retrieved from /opt/airflow/dags/crawl_crypto_prices.py
[2026-03-20T03:09:30.155+0000] {logging_mixin.py:188} INFO - [2026-03-20T03:09:30.155+0000] {dag.py:3036} INFO - Sync 1 DAGs
[2026-03-20T03:09:30.165+0000] {logging_mixin.py:188} INFO - [2026-03-20T03:09:30.165+0000] {dag.py:3823} INFO - Setting next_dagrun for crawl_crypto_prices to 2026-03-20 03:00:00+00:00, run_after=2026-03-20 04:00:00+00:00
[2026-03-20T03:09:30.171+0000] {processor.py:183} INFO - Processing /opt/airflow/dags/crawl_crypto_prices.py took 0.052 seconds
[2026-03-20T03:10:00.431+0000] {processor.py:161} INFO - Started process (PID=2947) to work on /opt/airflow/dags/crawl_crypto_prices.py
[2026-03-20T03:10:00.432+0000] {processor.py:830} INFO - Processing file /opt/airflow/dags/crawl_crypto_prices.py for tasks to queue
[2026-03-20T03:10:00.433+0000] {logging_mixin.py:188} INFO - [2026-03-20T03:10:00.433+0000] {dagbag.py:538} INFO - Filling up the DagBag from /opt/airflow/dags/crawl_crypto_prices.py
[2026-03-20T03:10:00.444+0000] {processor.py:840} INFO - DAG(s) 'crawl_crypto_prices' retrieved from /opt/airflow/dags/crawl_crypto_prices.py
[2026-03-20T03:10:00.462+0000] {logging_mixin.py:188} INFO - [2026-03-20T03:10:00.461+0000] {dag.py:3036} INFO - Sync 1 DAGs
[2026-03-20T03:10:00.471+0000] {logging_mixin.py:188} INFO - [2026-03-20T03:10:00.471+0000] {dag.py:3823} INFO - Setting next_dagrun for crawl_crypto_prices to 2026-03-20 03:00:00+00:00, run_after=2026-03-20 04:00:00+00:00
[2026-03-20T03:10:00.477+0000] {processor.py:183} INFO - Processing /opt/airflow/dags/crawl_crypto_prices.py took 0.049 seconds
[2026-03-20T03:10:30.742+0000] {processor.py:161} INFO - Started process (PID=2952) to work on /opt/airflow/dags/crawl_crypto_prices.py
[2026-03-20T03:10:30.743+0000] {processor.py:830} INFO - Processing file /opt/airflow/dags/crawl_crypto_prices.py for tasks to queue
[2026-03-20T03:10:30.744+0000] {logging_mixin.py:188} INFO - [2026-03-20T03:10:30.743+0000] {dagbag.py:538} INFO - Filling up the DagBag from /opt/airflow/dags/crawl_crypto_prices.py
[2026-03-20T03:10:30.753+0000] {processor.py:840} INFO - DAG(s) 'crawl_crypto_prices' retrieved from /opt/airflow/dags/crawl_crypto_prices.py
[2026-03-20T03:10:30.770+0000] {logging_mixin.py:188} INFO - [2026-03-20T03:10:30.770+0000] {dag.py:3036} INFO - Sync 1 DAGs
[2026-03-20T03:10:30.779+0000] {logging_mixin.py:188} INFO - [2026-03-20T03:10:30.779+0000] {dag.py:3823} INFO - Setting next_dagrun for crawl_crypto_prices to 2026-03-20 03:00:00+00:00, run_after=2026-03-20 04:00:00+00:00
[2026-03-20T03:10:30.785+0000] {processor.py:183} INFO - Processing /opt/airflow/dags/crawl_crypto_prices.py took 0.046 seconds
[2026-03-20T03:11:01.072+0000] {processor.py:161} INFO - Started process (PID=2957) to work on /opt/airflow/dags/crawl_crypto_prices.py
[2026-03-20T03:11:01.073+0000] {processor.py:830} INFO - Processing file /opt/airflow/dags/crawl_crypto_prices.py for tasks to queue
[2026-03-20T03:11:01.074+0000] {logging_mixin.py:188} INFO - [2026-03-20T03:11:01.074+0000] {dagbag.py:538} INFO - Filling up the DagBag from /opt/airflow/dags/crawl_crypto_prices.py
[2026-03-20T03:11:01.085+0000] {processor.py:840} INFO - DAG(s) 'crawl_crypto_prices' retrieved from /opt/airflow/dags/crawl_crypto_prices.py
[2026-03-20T03:11:01.103+0000] {logging_mixin.py:188} INFO - [2026-03-20T03:11:01.103+0000] {dag.py:3036} INFO - Sync 1 DAGs
[2026-03-20T03:11:01.114+0000] {logging_mixin.py:188} INFO - [2026-03-20T03:11:01.113+0000] {dag.py:3823} INFO - Setting next_dagrun for crawl_crypto_prices to 2026-03-20 03:00:00+00:00, run_after=2026-03-20 04:00:00+00:00
[2026-03-20T03:11:01.120+0000] {processor.py:183} INFO - Processing /opt/airflow/dags/crawl_crypto_prices.py took 0.051 seconds
[2026-03-20T03:11:31.392+0000] {processor.py:161} INFO - Started process (PID=2962) to work on /opt/airflow/dags/crawl_crypto_prices.py
[2026-03-20T03:11:31.393+0000] {processor.py:830} INFO - Processing file /opt/airflow/dags/crawl_crypto_prices.py for tasks to queue
[2026-03-20T03:11:31.394+0000] {logging_mixin.py:188} INFO - [2026-03-20T03:11:31.394+0000] {dagbag.py:538} INFO - Filling up the DagBag from /opt/airflow/dags/crawl_crypto_prices.py
[2026-03-20T03:11:31.403+0000] {processor.py:840} INFO - DAG(s) 'crawl_crypto_prices' retrieved from /opt/airflow/dags/crawl_crypto_prices.py
[2026-03-20T03:11:31.420+0000] {logging_mixin.py:188} INFO - [2026-03-20T03:11:31.420+0000] {dag.py:3036} INFO - Sync 1 DAGs
[2026-03-20T03:11:31.430+0000] {logging_mixin.py:188} INFO - [2026-03-20T03:11:31.430+0000] {dag.py:3823} INFO - Setting next_dagrun for crawl_crypto_prices to 2026-03-20 03:00:00+00:00, run_after=2026-03-20 04:00:00+00:00
[2026-03-20T03:11:31.436+0000] {processor.py:183} INFO - Processing /opt/airflow/dags/crawl_crypto_prices.py took 0.048 seconds
[2026-03-20T03:12:01.736+0000] {processor.py:161} INFO - Started process (PID=2967) to work on /opt/airflow/dags/crawl_crypto_prices.py
[2026-03-20T03:12:01.737+0000] {processor.py:830} INFO - Processing file /opt/airflow/dags/crawl_crypto_prices.py for tasks to queue
[2026-03-20T03:12:01.738+0000] {logging_mixin.py:188} INFO - [2026-03-20T03:12:01.737+0000] {dagbag.py:538} INFO - Filling up the DagBag from /opt/airflow/dags/crawl_crypto_prices.py
[2026-03-20T03:12:01.748+0000] {processor.py:840} INFO - DAG(s) 'crawl_crypto_prices' retrieved from /opt/airflow/dags/crawl_crypto_prices.py
[2026-03-20T03:12:01.765+0000] {logging_mixin.py:188} INFO - [2026-03-20T03:12:01.765+0000] {dag.py:3036} INFO - Sync 1 DAGs
[2026-03-20T03:12:01.775+0000] {logging_mixin.py:188} INFO - [2026-03-20T03:12:01.775+0000] {dag.py:3823} INFO - Setting next_dagrun for crawl_crypto_prices to 2026-03-20 03:00:00+00:00, run_after=2026-03-20 04:00:00+00:00
[2026-03-20T03:12:01.781+0000] {processor.py:183} INFO - Processing /opt/airflow/dags/crawl_crypto_prices.py took 0.048 seconds
[2026-03-20T03:12:32.072+0000] {processor.py:161} INFO - Started process (PID=2972) to work on /opt/airflow/dags/crawl_crypto_prices.py
[2026-03-20T03:12:32.073+0000] {processor.py:830} INFO - Processing file /opt/airflow/dags/crawl_crypto_prices.py for tasks to queue
[2026-03-20T03:12:32.073+0000] {logging_mixin.py:188} INFO - [2026-03-20T03:12:32.073+0000] {dagbag.py:538} INFO - Filling up the DagBag from /opt/airflow/dags/crawl_crypto_prices.py
[2026-03-20T03:12:32.085+0000] {processor.py:840} INFO - DAG(s) 'crawl_crypto_prices' retrieved from /opt/airflow/dags/crawl_crypto_prices.py
[2026-03-20T03:12:32.100+0000] {logging_mixin.py:188} INFO - [2026-03-20T03:12:32.100+0000] {dag.py:3036} INFO - Sync 1 DAGs
[2026-03-20T03:12:32.114+0000] {logging_mixin.py:188} INFO - [2026-03-20T03:12:32.114+0000] {dag.py:3823} INFO - Setting next_dagrun for crawl_crypto_prices to 2026-03-20 03:00:00+00:00, run_after=2026-03-20 04:00:00+00:00
[2026-03-20T03:12:32.120+0000] {processor.py:183} INFO - Processing /opt/airflow/dags/crawl_crypto_prices.py took 0.051 seconds
[2026-03-20T03:13:02.391+0000] {processor.py:161} INFO - Started process (PID=2977) to work on /opt/airflow/dags/crawl_crypto_prices.py
[2026-03-20T03:13:02.392+0000] {processor.py:830} INFO - Processing file /opt/airflow/dags/crawl_crypto_prices.py for tasks to queue
[2026-03-20T03:13:02.393+0000] {logging_mixin.py:188} INFO - [2026-03-20T03:13:02.393+0000] {dagbag.py:538} INFO - Filling up the DagBag from /opt/airflow/dags/crawl_crypto_prices.py
[2026-03-20T03:13:02.403+0000] {processor.py:840} INFO - DAG(s) 'crawl_crypto_prices' retrieved from /opt/airflow/dags/crawl_crypto_prices.py
[2026-03-20T03:13:02.422+0000] {logging_mixin.py:188} INFO - [2026-03-20T03:13:02.422+0000] {dag.py:3036} INFO - Sync 1 DAGs
[2026-03-20T03:13:02.433+0000] {logging_mixin.py:188} INFO - [2026-03-20T03:13:02.433+0000] {dag.py:3823} INFO - Setting next_dagrun for crawl_crypto_prices to 2026-03-20 03:00:00+00:00, run_after=2026-03-20 04:00:00+00:00
[2026-03-20T03:13:02.439+0000] {processor.py:183} INFO - Processing /opt/airflow/dags/crawl_crypto_prices.py took 0.051 seconds
[2026-03-20T03:13:32.740+0000] {processor.py:161} INFO - Started process (PID=2982) to work on /opt/airflow/dags/crawl_crypto_prices.py
[2026-03-20T03:13:32.741+0000] {processor.py:830} INFO - Processing file /opt/airflow/dags/crawl_crypto_prices.py for tasks to queue
[2026-03-20T03:13:32.742+0000] {logging_mixin.py:188} INFO - [2026-03-20T03:13:32.742+0000] {dagbag.py:538} INFO - Filling up the DagBag from /opt/airflow/dags/crawl_crypto_prices.py
[2026-03-20T03:13:32.753+0000] {processor.py:840} INFO - DAG(s) 'crawl_crypto_prices' retrieved from /opt/airflow/dags/crawl_crypto_prices.py
[2026-03-20T03:13:32.775+0000] {logging_mixin.py:188} INFO - [2026-03-20T03:13:32.775+0000] {dag.py:3036} INFO - Sync 1 DAGs
[2026-03-20T03:13:32.787+0000] {logging_mixin.py:188} INFO - [2026-03-20T03:13:32.787+0000] {dag.py:3823} INFO - Setting next_dagrun for crawl_crypto_prices to 2026-03-20 03:00:00+00:00, run_after=2026-03-20 04:00:00+00:00
[2026-03-20T03:13:32.794+0000] {processor.py:183} INFO - Processing /opt/airflow/dags/crawl_crypto_prices.py took 0.057 seconds
[2026-03-20T03:14:03.033+0000] {processor.py:161} INFO - Started process (PID=2987) to work on /opt/airflow/dags/crawl_crypto_prices.py
[2026-03-20T03:14:03.034+0000] {processor.py:830} INFO - Processing file /opt/airflow/dags/crawl_crypto_prices.py for tasks to queue
[2026-03-20T03:14:03.035+0000] {logging_mixin.py:188} INFO - [2026-03-20T03:14:03.035+0000] {dagbag.py:538} INFO - Filling up the DagBag from /opt/airflow/dags/crawl_crypto_prices.py
[2026-03-20T03:14:03.048+0000] {processor.py:840} INFO - DAG(s) 'crawl_crypto_prices' retrieved from /opt/airflow/dags/crawl_crypto_prices.py
[2026-03-20T03:14:03.066+0000] {logging_mixin.py:188} INFO - [2026-03-20T03:14:03.066+0000] {dag.py:3036} INFO - Sync 1 DAGs
[2026-03-20T03:14:03.077+0000] {logging_mixin.py:188} INFO - [2026-03-20T03:14:03.076+0000] {dag.py:3823} INFO - Setting next_dagrun for crawl_crypto_prices to 2026-03-20 03:00:00+00:00, run_after=2026-03-20 04:00:00+00:00
[2026-03-20T03:14:03.083+0000] {processor.py:183} INFO - Processing /opt/airflow/dags/crawl_crypto_prices.py took 0.056 seconds
[2026-03-20T03:14:33.357+0000] {processor.py:161} INFO - Started process (PID=2992) to work on /opt/airflow/dags/crawl_crypto_prices.py
[2026-03-20T03:14:33.358+0000] {processor.py:830} INFO - Processing file /opt/airflow/dags/crawl_crypto_prices.py for tasks to queue
[2026-03-20T03:14:33.359+0000] {logging_mixin.py:188} INFO - [2026-03-20T03:14:33.359+0000] {dagbag.py:538} INFO - Filling up the DagBag from /opt/airflow/dags/crawl_crypto_prices.py
[2026-03-20T03:14:33.369+0000] {processor.py:840} INFO - DAG(s) 'crawl_crypto_prices' retrieved from /opt/airflow/dags/crawl_crypto_prices.py
[2026-03-20T03:14:33.387+0000] {logging_mixin.py:188} INFO - [2026-03-20T03:14:33.387+0000] {dag.py:3036} INFO - Sync 1 DAGs
[2026-03-20T03:14:33.398+0000] {logging_mixin.py:188} INFO - [2026-03-20T03:14:33.398+0000] {dag.py:3823} INFO - Setting next_dagrun for crawl_crypto_prices to 2026-03-20 03:00:00+00:00, run_after=2026-03-20 04:00:00+00:00
[2026-03-20T03:14:33.404+0000] {processor.py:183} INFO - Processing /opt/airflow/dags/crawl_crypto_prices.py took 0.050 seconds
[2026-03-20T03:15:04.506+0000] {processor.py:161} INFO - Started process (PID=2997) to work on /opt/airflow/dags/crawl_crypto_prices.py
[2026-03-20T03:15:04.507+0000] {processor.py:830} INFO - Processing file /opt/airflow/dags/crawl_crypto_prices.py for tasks to queue
[2026-03-20T03:15:04.508+0000] {logging_mixin.py:188} INFO - [2026-03-20T03:15:04.507+0000] {dagbag.py:538} INFO - Filling up the DagBag from /opt/airflow/dags/crawl_crypto_prices.py
[2026-03-20T03:15:04.519+0000] {processor.py:840} INFO - DAG(s) 'crawl_crypto_prices' retrieved from /opt/airflow/dags/crawl_crypto_prices.py
[2026-03-20T03:15:04.543+0000] {logging_mixin.py:188} INFO - [2026-03-20T03:15:04.543+0000] {dag.py:3036} INFO - Sync 1 DAGs
[2026-03-20T03:15:04.553+0000] {logging_mixin.py:188} INFO - [2026-03-20T03:15:04.553+0000] {dag.py:3823} INFO - Setting next_dagrun for crawl_crypto_prices to 2026-03-20 03:00:00+00:00, run_after=2026-03-20 04:00:00+00:00
[2026-03-20T03:15:04.559+0000] {processor.py:183} INFO - Processing /opt/airflow/dags/crawl_crypto_prices.py took 0.057 seconds
[2026-03-20T03:15:34.822+0000] {processor.py:161} INFO - Started process (PID=3002) to work on /opt/airflow/dags/crawl_crypto_prices.py
[2026-03-20T03:15:34.823+0000] {processor.py:830} INFO - Processing file /opt/airflow/dags/crawl_crypto_prices.py for tasks to queue
[2026-03-20T03:15:34.824+0000] {logging_mixin.py:188} INFO - [2026-03-20T03:15:34.824+0000] {dagbag.py:538} INFO - Filling up the DagBag from /opt/airflow/dags/crawl_crypto_prices.py
[2026-03-20T03:15:34.838+0000] {processor.py:840} INFO - DAG(s) 'crawl_crypto_prices' retrieved from /opt/airflow/dags/crawl_crypto_prices.py
[2026-03-20T03:15:34.859+0000] {logging_mixin.py:188} INFO - [2026-03-20T03:15:34.859+0000] {dag.py:3036} INFO - Sync 1 DAGs
[2026-03-20T03:15:34.869+0000] {logging_mixin.py:188} INFO - [2026-03-20T03:15:34.869+0000] {dag.py:3823} INFO - Setting next_dagrun for crawl_crypto_prices to 2026-03-20 03:00:00+00:00, run_after=2026-03-20 04:00:00+00:00
[2026-03-20T03:15:34.876+0000] {processor.py:183} INFO - Processing /opt/airflow/dags/crawl_crypto_prices.py took 0.059 seconds
[2026-03-20T03:16:05.120+0000] {processor.py:161} INFO - Started process (PID=3007) to work on /opt/airflow/dags/crawl_crypto_prices.py
[2026-03-20T03:16:05.121+0000] {processor.py:830} INFO - Processing file /opt/airflow/dags/crawl_crypto_prices.py for tasks to queue
[2026-03-20T03:16:05.122+0000] {logging_mixin.py:188} INFO - [2026-03-20T03:16:05.122+0000] {dagbag.py:538} INFO - Filling up the DagBag from /opt/airflow/dags/crawl_crypto_prices.py
[2026-03-20T03:16:05.132+0000] {processor.py:840} INFO - DAG(s) 'crawl_crypto_prices' retrieved from /opt/airflow/dags/crawl_crypto_prices.py
[2026-03-20T03:16:05.153+0000] {logging_mixin.py:188} INFO - [2026-03-20T03:16:05.153+0000] {dag.py:3036} INFO - Sync 1 DAGs
[2026-03-20T03:16:05.166+0000] {logging_mixin.py:188} INFO - [2026-03-20T03:16:05.166+0000] {dag.py:3823} INFO - Setting next_dagrun for crawl_crypto_prices to 2026-03-20 03:00:00+00:00, run_after=2026-03-20 04:00:00+00:00
[2026-03-20T03:16:05.173+0000] {processor.py:183} INFO - Processing /opt/airflow/dags/crawl_crypto_prices.py took 0.056 seconds
[2026-03-20T03:16:35.399+0000] {processor.py:161} INFO - Started process (PID=3012) to work on /opt/airflow/dags/crawl_crypto_prices.py
[2026-03-20T03:16:35.400+0000] {processor.py:830} INFO - Processing file /opt/airflow/dags/crawl_crypto_prices.py for tasks to queue
[2026-03-20T03:16:35.401+0000] {logging_mixin.py:188} INFO - [2026-03-20T03:16:35.401+0000] {dagbag.py:538} INFO - Filling up the DagBag from /opt/airflow/dags/crawl_crypto_prices.py
[2026-03-20T03:16:35.409+0000] {processor.py:840} INFO - DAG(s) 'crawl_crypto_prices' retrieved from /opt/airflow/dags/crawl_crypto_prices.py
[2026-03-20T03:16:35.424+0000] {logging_mixin.py:188} INFO - [2026-03-20T03:16:35.424+0000] {dag.py:3036} INFO - Sync 1 DAGs
[2026-03-20T03:16:35.444+0000] {logging_mixin.py:188} INFO - [2026-03-20T03:16:35.444+0000] {dag.py:3823} INFO - Setting next_dagrun for crawl_crypto_prices to 2026-03-20 03:00:00+00:00, run_after=2026-03-20 04:00:00+00:00
[2026-03-20T03:16:35.451+0000] {processor.py:183} INFO - Processing /opt/airflow/dags/crawl_crypto_prices.py took 0.054 seconds
[2026-03-20T03:17:05.668+0000] {processor.py:161} INFO - Started process (PID=3017) to work on /opt/airflow/dags/crawl_crypto_prices.py
[2026-03-20T03:17:05.669+0000] {processor.py:830} INFO - Processing file /opt/airflow/dags/crawl_crypto_prices.py for tasks to queue
[2026-03-20T03:17:05.670+0000] {logging_mixin.py:188} INFO - [2026-03-20T03:17:05.670+0000] {dagbag.py:538} INFO - Filling up the DagBag from /opt/airflow/dags/crawl_crypto_prices.py
[2026-03-20T03:17:05.681+0000] {processor.py:840} INFO - DAG(s) 'crawl_crypto_prices' retrieved from /opt/airflow/dags/crawl_crypto_prices.py
[2026-03-20T03:17:05.698+0000] {logging_mixin.py:188} INFO - [2026-03-20T03:17:05.698+0000] {dag.py:3036} INFO - Sync 1 DAGs
[2026-03-20T03:17:05.709+0000] {logging_mixin.py:188} INFO - [2026-03-20T03:17:05.709+0000] {dag.py:3823} INFO - Setting next_dagrun for crawl_crypto_prices to 2026-03-20 03:00:00+00:00, run_after=2026-03-20 04:00:00+00:00
[2026-03-20T03:17:05.715+0000] {processor.py:183} INFO - Processing /opt/airflow/dags/crawl_crypto_prices.py took 0.050 seconds
[2026-03-20T03:17:35.976+0000] {processor.py:161} INFO - Started process (PID=3022) to work on /opt/airflow/dags/crawl_crypto_prices.py
[2026-03-20T03:17:35.977+0000] {processor.py:830} INFO - Processing file /opt/airflow/dags/crawl_crypto_prices.py for tasks to queue
[2026-03-20T03:17:35.978+0000] {logging_mixin.py:188} INFO - [2026-03-20T03:17:35.978+0000] {dagbag.py:538} INFO - Filling up the DagBag from /opt/airflow/dags/crawl_crypto_prices.py
[2026-03-20T03:17:35.987+0000] {processor.py:840} INFO - DAG(s) 'crawl_crypto_prices' retrieved from /opt/airflow/dags/crawl_crypto_prices.py
[2026-03-20T03:17:36.003+0000] {logging_mixin.py:188} INFO - [2026-03-20T03:17:36.003+0000] {dag.py:3036} INFO - Sync 1 DAGs
[2026-03-20T03:17:36.012+0000] {logging_mixin.py:188} INFO - [2026-03-20T03:17:36.012+0000] {dag.py:3823} INFO - Setting next_dagrun for crawl_crypto_prices to 2026-03-20 03:00:00+00:00, run_after=2026-03-20 04:00:00+00:00
[2026-03-20T03:17:36.018+0000] {processor.py:183} INFO - Processing /opt/airflow/dags/crawl_crypto_prices.py took 0.044 seconds
[2026-03-20T03:19:17.129+0000] {processor.py:161} INFO - Started process (PID=3027) to work on /opt/airflow/dags/crawl_crypto_prices.py
[2026-03-20T03:19:17.129+0000] {processor.py:830} INFO - Processing file /opt/airflow/dags/crawl_crypto_prices.py for tasks to queue
[2026-03-20T03:19:17.130+0000] {logging_mixin.py:188} INFO - [2026-03-20T03:19:17.130+0000] {dagbag.py:538} INFO - Filling up the DagBag from /opt/airflow/dags/crawl_crypto_prices.py
[2026-03-20T03:19:17.142+0000] {processor.py:840} INFO - DAG(s) 'crawl_crypto_prices' retrieved from /opt/airflow/dags/crawl_crypto_prices.py
[2026-03-20T03:19:17.163+0000] {logging_mixin.py:188} INFO - [2026-03-20T03:19:17.162+0000] {dag.py:3036} INFO - Sync 1 DAGs
[2026-03-20T03:19:17.173+0000] {logging_mixin.py:188} INFO - [2026-03-20T03:19:17.173+0000] {dag.py:3823} INFO - Setting next_dagrun for crawl_crypto_prices to 2026-03-20 03:00:00+00:00, run_after=2026-03-20 04:00:00+00:00
[2026-03-20T03:19:17.180+0000] {processor.py:183} INFO - Processing /opt/airflow/dags/crawl_crypto_prices.py took 0.054 seconds
[2026-03-20T03:19:47.414+0000] {processor.py:161} INFO - Started process (PID=3034) to work on /opt/airflow/dags/crawl_crypto_prices.py
[2026-03-20T03:19:47.415+0000] {processor.py:830} INFO - Processing file /opt/airflow/dags/crawl_crypto_prices.py for tasks to queue
[2026-03-20T03:19:47.415+0000] {logging_mixin.py:188} INFO - [2026-03-20T03:19:47.415+0000] {dagbag.py:538} INFO - Filling up the DagBag from /opt/airflow/dags/crawl_crypto_prices.py
[2026-03-20T03:19:47.428+0000] {processor.py:840} INFO - DAG(s) 'crawl_crypto_prices' retrieved from /opt/airflow/dags/crawl_crypto_prices.py
[2026-03-20T03:19:47.457+0000] {logging_mixin.py:188} INFO - [2026-03-20T03:19:47.457+0000] {dag.py:3036} INFO - Sync 1 DAGs
[2026-03-20T03:19:47.468+0000] {logging_mixin.py:188} INFO - [2026-03-20T03:19:47.468+0000] {dag.py:3823} INFO - Setting next_dagrun for crawl_crypto_prices to 2026-03-20 03:00:00+00:00, run_after=2026-03-20 04:00:00+00:00
[2026-03-20T03:19:47.474+0000] {processor.py:183} INFO - Processing /opt/airflow/dags/crawl_crypto_prices.py took 0.064 seconds
[2026-03-20T03:20:17.758+0000] {processor.py:161} INFO - Started process (PID=3039) to work on /opt/airflow/dags/crawl_crypto_prices.py
[2026-03-20T03:20:17.759+0000] {processor.py:830} INFO - Processing file /opt/airflow/dags/crawl_crypto_prices.py for tasks to queue
[2026-03-20T03:20:17.760+0000] {logging_mixin.py:188} INFO - [2026-03-20T03:20:17.760+0000] {dagbag.py:538} INFO - Filling up the DagBag from /opt/airflow/dags/crawl_crypto_prices.py
[2026-03-20T03:20:17.772+0000] {processor.py:840} INFO - DAG(s) 'crawl_crypto_prices' retrieved from /opt/airflow/dags/crawl_crypto_prices.py
[2026-03-20T03:20:17.791+0000] {logging_mixin.py:188} INFO - [2026-03-20T03:20:17.791+0000] {dag.py:3036} INFO - Sync 1 DAGs
[2026-03-20T03:20:17.801+0000] {logging_mixin.py:188} INFO - [2026-03-20T03:20:17.801+0000] {dag.py:3823} INFO - Setting next_dagrun for crawl_crypto_prices to 2026-03-20 03:00:00+00:00, run_after=2026-03-20 04:00:00+00:00
[2026-03-20T03:20:17.807+0000] {processor.py:183} INFO - Processing /opt/airflow/dags/crawl_crypto_prices.py took 0.053 seconds
[2026-03-20T03:20:48.079+0000] {processor.py:161} INFO - Started process (PID=3044) to work on /opt/airflow/dags/crawl_crypto_prices.py
[2026-03-20T03:20:48.080+0000] {processor.py:830} INFO - Processing file /opt/airflow/dags/crawl_crypto_prices.py for tasks to queue
[2026-03-20T03:20:48.081+0000] {logging_mixin.py:188} INFO - [2026-03-20T03:20:48.081+0000] {dagbag.py:538} INFO - Filling up the DagBag from /opt/airflow/dags/crawl_crypto_prices.py
[2026-03-20T03:20:48.093+0000] {processor.py:840} INFO - DAG(s) 'crawl_crypto_prices' retrieved from /opt/airflow/dags/crawl_crypto_prices.py
[2026-03-20T03:20:48.112+0000] {logging_mixin.py:188} INFO - [2026-03-20T03:20:48.112+0000] {dag.py:3036} INFO - Sync 1 DAGs
[2026-03-20T03:20:48.122+0000] {logging_mixin.py:188} INFO - [2026-03-20T03:20:48.122+0000] {dag.py:3823} INFO - Setting next_dagrun for crawl_crypto_prices to 2026-03-20 03:00:00+00:00, run_after=2026-03-20 04:00:00+00:00
[2026-03-20T03:20:48.129+0000] {processor.py:183} INFO - Processing /opt/airflow/dags/crawl_crypto_prices.py took 0.053 seconds
[2026-03-20T03:21:18.379+0000] {processor.py:161} INFO - Started process (PID=3049) to work on /opt/airflow/dags/crawl_crypto_prices.py
[2026-03-20T03:21:18.380+0000] {processor.py:830} INFO - Processing file /opt/airflow/dags/crawl_crypto_prices.py for tasks to queue
[2026-03-20T03:21:18.380+0000] {logging_mixin.py:188} INFO - [2026-03-20T03:21:18.380+0000] {dagbag.py:538} INFO - Filling up the DagBag from /opt/airflow/dags/crawl_crypto_prices.py
[2026-03-20T03:21:18.391+0000] {processor.py:840} INFO - DAG(s) 'crawl_crypto_prices' retrieved from /opt/airflow/dags/crawl_crypto_prices.py
[2026-03-20T03:21:18.409+0000] {logging_mixin.py:188} INFO - [2026-03-20T03:21:18.409+0000] {dag.py:3036} INFO - Sync 1 DAGs
[2026-03-20T03:21:18.419+0000] {logging_mixin.py:188} INFO - [2026-03-20T03:21:18.419+0000] {dag.py:3823} INFO - Setting next_dagrun for crawl_crypto_prices to 2026-03-20 03:00:00+00:00, run_after=2026-03-20 04:00:00+00:00
[2026-03-20T03:21:18.426+0000] {processor.py:183} INFO - Processing /opt/airflow/dags/crawl_crypto_prices.py took 0.050 seconds
[2026-03-20T03:21:48.705+0000] {processor.py:161} INFO - Started process (PID=3054) to work on /opt/airflow/dags/crawl_crypto_prices.py
[2026-03-20T03:21:48.706+0000] {processor.py:830} INFO - Processing file /opt/airflow/dags/crawl_crypto_prices.py for tasks to queue
[2026-03-20T03:21:48.706+0000] {logging_mixin.py:188} INFO - [2026-03-20T03:21:48.706+0000] {dagbag.py:538} INFO - Filling up the DagBag from /opt/airflow/dags/crawl_crypto_prices.py
[2026-03-20T03:21:48.717+0000] {processor.py:840} INFO - DAG(s) 'crawl_crypto_prices' retrieved from /opt/airflow/dags/crawl_crypto_prices.py
[2026-03-20T03:21:48.735+0000] {logging_mixin.py:188} INFO - [2026-03-20T03:21:48.735+0000] {dag.py:3036} INFO - Sync 1 DAGs
[2026-03-20T03:21:48.745+0000] {logging_mixin.py:188} INFO - [2026-03-20T03:21:48.745+0000] {dag.py:3823} INFO - Setting next_dagrun for crawl_crypto_prices to 2026-03-20 03:00:00+00:00, run_after=2026-03-20 04:00:00+00:00
[2026-03-20T03:21:48.752+0000] {processor.py:183} INFO - Processing /opt/airflow/dags/crawl_crypto_prices.py took 0.051 seconds
[2026-03-20T03:22:19.041+0000] {processor.py:161} INFO - Started process (PID=3059) to work on /opt/airflow/dags/crawl_crypto_prices.py
[2026-03-20T03:22:19.042+0000] {processor.py:830} INFO - Processing file /opt/airflow/dags/crawl_crypto_prices.py for tasks to queue
[2026-03-20T03:22:19.043+0000] {logging_mixin.py:188} INFO - [2026-03-20T03:22:19.043+0000] {dagbag.py:538} INFO - Filling up the DagBag from /opt/airflow/dags/crawl_crypto_prices.py
[2026-03-20T03:22:19.053+0000] {processor.py:840} INFO - DAG(s) 'crawl_crypto_prices' retrieved from /opt/airflow/dags/crawl_crypto_prices.py
[2026-03-20T03:22:19.071+0000] {logging_mixin.py:188} INFO - [2026-03-20T03:22:19.071+0000] {dag.py:3036} INFO - Sync 1 DAGs
[2026-03-20T03:22:19.081+0000] {logging_mixin.py:188} INFO - [2026-03-20T03:22:19.081+0000] {dag.py:3823} INFO - Setting next_dagrun for crawl_crypto_prices to 2026-03-20 03:00:00+00:00, run_after=2026-03-20 04:00:00+00:00
[2026-03-20T03:22:19.087+0000] {processor.py:183} INFO - Processing /opt/airflow/dags/crawl_crypto_prices.py took 0.049 seconds
[2026-03-20T03:22:49.361+0000] {processor.py:161} INFO - Started process (PID=3064) to work on /opt/airflow/dags/crawl_crypto_prices.py
[2026-03-20T03:22:49.362+0000] {processor.py:830} INFO - Processing file /opt/airflow/dags/crawl_crypto_prices.py for tasks to queue
[2026-03-20T03:22:49.363+0000] {logging_mixin.py:188} INFO - [2026-03-20T03:22:49.362+0000] {dagbag.py:538} INFO - Filling up the DagBag from /opt/airflow/dags/crawl_crypto_prices.py
[2026-03-20T03:22:49.373+0000] {processor.py:840} INFO - DAG(s) 'crawl_crypto_prices' retrieved from /opt/airflow/dags/crawl_crypto_prices.py
[2026-03-20T03:22:49.391+0000] {logging_mixin.py:188} INFO - [2026-03-20T03:22:49.391+0000] {dag.py:3036} INFO - Sync 1 DAGs
[2026-03-20T03:22:49.401+0000] {logging_mixin.py:188} INFO - [2026-03-20T03:22:49.401+0000] {dag.py:3823} INFO - Setting next_dagrun for crawl_crypto_prices to 2026-03-20 03:00:00+00:00, run_after=2026-03-20 04:00:00+00:00
[2026-03-20T03:22:49.407+0000] {processor.py:183} INFO - Processing /opt/airflow/dags/crawl_crypto_prices.py took 0.050 seconds
[2026-03-20T03:26:47.379+0000] {processor.py:161} INFO - Started process (PID=3071) to work on /opt/airflow/dags/crawl_crypto_prices.py
[2026-03-20T03:26:47.380+0000] {processor.py:830} INFO - Processing file /opt/airflow/dags/crawl_crypto_prices.py for tasks to queue
[2026-03-20T03:26:47.381+0000] {logging_mixin.py:188} INFO - [2026-03-20T03:26:47.380+0000] {dagbag.py:538} INFO - Filling up the DagBag from /opt/airflow/dags/crawl_crypto_prices.py
[2026-03-20T03:26:47.399+0000] {processor.py:840} INFO - DAG(s) 'crawl_crypto_prices' retrieved from /opt/airflow/dags/crawl_crypto_prices.py
[2026-03-20T03:26:47.427+0000] {logging_mixin.py:188} INFO - [2026-03-20T03:26:47.427+0000] {dag.py:3036} INFO - Sync 1 DAGs
[2026-03-20T03:26:47.451+0000] {logging_mixin.py:188} INFO - [2026-03-20T03:26:47.451+0000] {dag.py:3823} INFO - Setting next_dagrun for crawl_crypto_prices to 2026-03-20 03:00:00+00:00, run_after=2026-03-20 04:00:00+00:00
[2026-03-20T03:26:47.467+0000] {processor.py:183} INFO - Processing /opt/airflow/dags/crawl_crypto_prices.py took 0.093 seconds
[2026-03-20T03:27:17.652+0000] {processor.py:161} INFO - Started process (PID=3076) to work on /opt/airflow/dags/crawl_crypto_prices.py
[2026-03-20T03:27:17.653+0000] {processor.py:830} INFO - Processing file /opt/airflow/dags/crawl_crypto_prices.py for tasks to queue
[2026-03-20T03:27:17.654+0000] {logging_mixin.py:188} INFO - [2026-03-20T03:27:17.653+0000] {dagbag.py:538} INFO - Filling up the DagBag from /opt/airflow/dags/crawl_crypto_prices.py
[2026-03-20T03:27:17.665+0000] {processor.py:840} INFO - DAG(s) 'crawl_crypto_prices' retrieved from /opt/airflow/dags/crawl_crypto_prices.py
[2026-03-20T03:27:17.685+0000] {logging_mixin.py:188} INFO - [2026-03-20T03:27:17.684+0000] {dag.py:3036} INFO - Sync 1 DAGs
[2026-03-20T03:27:17.695+0000] {logging_mixin.py:188} INFO - [2026-03-20T03:27:17.695+0000] {dag.py:3823} INFO - Setting next_dagrun for crawl_crypto_prices to 2026-03-20 03:00:00+00:00, run_after=2026-03-20 04:00:00+00:00
[2026-03-20T03:27:17.702+0000] {processor.py:183} INFO - Processing /opt/airflow/dags/crawl_crypto_prices.py took 0.053 seconds
[2026-03-20T03:27:47.999+0000] {processor.py:161} INFO - Started process (PID=3081) to work on /opt/airflow/dags/crawl_crypto_prices.py
[2026-03-20T03:27:48.000+0000] {processor.py:830} INFO - Processing file /opt/airflow/dags/crawl_crypto_prices.py for tasks to queue
[2026-03-20T03:27:48.001+0000] {logging_mixin.py:188} INFO - [2026-03-20T03:27:48.001+0000] {dagbag.py:538} INFO - Filling up the DagBag from /opt/airflow/dags/crawl_crypto_prices.py
[2026-03-20T03:27:48.013+0000] {processor.py:840} INFO - DAG(s) 'crawl_crypto_prices' retrieved from /opt/airflow/dags/crawl_crypto_prices.py
[2026-03-20T03:27:48.031+0000] {logging_mixin.py:188} INFO - [2026-03-20T03:27:48.031+0000] {dag.py:3036} INFO - Sync 1 DAGs
[2026-03-20T03:27:48.041+0000] {logging_mixin.py:188} INFO - [2026-03-20T03:27:48.041+0000] {dag.py:3823} INFO - Setting next_dagrun for crawl_crypto_prices to 2026-03-20 03:00:00+00:00, run_after=2026-03-20 04:00:00+00:00
[2026-03-20T03:27:48.047+0000] {processor.py:183} INFO - Processing /opt/airflow/dags/crawl_crypto_prices.py took 0.051 seconds
[2026-03-20T03:28:18.317+0000] {processor.py:161} INFO - Started process (PID=3086) to work on /opt/airflow/dags/crawl_crypto_prices.py
[2026-03-20T03:28:18.318+0000] {processor.py:830} INFO - Processing file /opt/airflow/dags/crawl_crypto_prices.py for tasks to queue
[2026-03-20T03:28:18.319+0000] {logging_mixin.py:188} INFO - [2026-03-20T03:28:18.319+0000] {dagbag.py:538} INFO - Filling up the DagBag from /opt/airflow/dags/crawl_crypto_prices.py
[2026-03-20T03:28:18.329+0000] {processor.py:840} INFO - DAG(s) 'crawl_crypto_prices' retrieved from /opt/airflow/dags/crawl_crypto_prices.py
[2026-03-20T03:28:18.347+0000] {logging_mixin.py:188} INFO - [2026-03-20T03:28:18.347+0000] {dag.py:3036} INFO - Sync 1 DAGs
[2026-03-20T03:28:18.358+0000] {logging_mixin.py:188} INFO - [2026-03-20T03:28:18.358+0000] {dag.py:3823} INFO - Setting next_dagrun for crawl_crypto_prices to 2026-03-20 03:00:00+00:00, run_after=2026-03-20 04:00:00+00:00
[2026-03-20T03:28:18.365+0000] {processor.py:183} INFO - Processing /opt/airflow/dags/crawl_crypto_prices.py took 0.050 seconds
[2026-03-20T03:28:48.673+0000] {processor.py:161} INFO - Started process (PID=3091) to work on /opt/airflow/dags/crawl_crypto_prices.py
[2026-03-20T03:28:48.674+0000] {processor.py:830} INFO - Processing file /opt/airflow/dags/crawl_crypto_prices.py for tasks to queue
[2026-03-20T03:28:48.674+0000] {logging_mixin.py:188} INFO - [2026-03-20T03:28:48.674+0000] {dagbag.py:538} INFO - Filling up the DagBag from /opt/airflow/dags/crawl_crypto_prices.py
[2026-03-20T03:28:48.685+0000] {processor.py:840} INFO - DAG(s) 'crawl_crypto_prices' retrieved from /opt/airflow/dags/crawl_crypto_prices.py
[2026-03-20T03:28:48.704+0000] {logging_mixin.py:188} INFO - [2026-03-20T03:28:48.704+0000] {dag.py:3036} INFO - Sync 1 DAGs
[2026-03-20T03:28:48.714+0000] {logging_mixin.py:188} INFO - [2026-03-20T03:28:48.714+0000] {dag.py:3823} INFO - Setting next_dagrun for crawl_crypto_prices to 2026-03-20 03:00:00+00:00, run_after=2026-03-20 04:00:00+00:00
[2026-03-20T03:28:48.720+0000] {processor.py:183} INFO - Processing /opt/airflow/dags/crawl_crypto_prices.py took 0.051 seconds
[2026-03-20T03:33:41.617+0000] {processor.py:161} INFO - Started process (PID=3098) to work on /opt/airflow/dags/crawl_crypto_prices.py
[2026-03-20T03:33:41.618+0000] {processor.py:830} INFO - Processing file /opt/airflow/dags/crawl_crypto_prices.py for tasks to queue
[2026-03-20T03:33:41.618+0000] {logging_mixin.py:188} INFO - [2026-03-20T03:33:41.618+0000] {dagbag.py:538} INFO - Filling up the DagBag from /opt/airflow/dags/crawl_crypto_prices.py
[2026-03-20T03:33:41.627+0000] {processor.py:840} INFO - DAG(s) 'crawl_crypto_prices' retrieved from /opt/airflow/dags/crawl_crypto_prices.py
[2026-03-20T03:33:41.647+0000] {logging_mixin.py:188} INFO - [2026-03-20T03:33:41.647+0000] {dag.py:3036} INFO - Sync 1 DAGs
[2026-03-20T03:33:41.664+0000] {logging_mixin.py:188} INFO - [2026-03-20T03:33:41.664+0000] {dag.py:3823} INFO - Setting next_dagrun for crawl_crypto_prices to 2026-03-20 03:00:00+00:00, run_after=2026-03-20 04:00:00+00:00
[2026-03-20T03:33:41.678+0000] {processor.py:183} INFO - Processing /opt/airflow/dags/crawl_crypto_prices.py took 0.063 seconds
[2026-03-20T03:34:11.936+0000] {processor.py:161} INFO - Started process (PID=3103) to work on /opt/airflow/dags/crawl_crypto_prices.py
[2026-03-20T03:34:11.937+0000] {processor.py:830} INFO - Processing file /opt/airflow/dags/crawl_crypto_prices.py for tasks to queue
[2026-03-20T03:34:11.937+0000] {logging_mixin.py:188} INFO - [2026-03-20T03:34:11.937+0000] {dagbag.py:538} INFO - Filling up the DagBag from /opt/airflow/dags/crawl_crypto_prices.py
[2026-03-20T03:34:11.948+0000] {processor.py:840} INFO - DAG(s) 'crawl_crypto_prices' retrieved from /opt/airflow/dags/crawl_crypto_prices.py
[2026-03-20T03:34:11.966+0000] {logging_mixin.py:188} INFO - [2026-03-20T03:34:11.966+0000] {dag.py:3036} INFO - Sync 1 DAGs
[2026-03-20T03:34:11.976+0000] {logging_mixin.py:188} INFO - [2026-03-20T03:34:11.976+0000] {dag.py:3823} INFO - Setting next_dagrun for crawl_crypto_prices to 2026-03-20 03:00:00+00:00, run_after=2026-03-20 04:00:00+00:00
[2026-03-20T03:34:11.983+0000] {processor.py:183} INFO - Processing /opt/airflow/dags/crawl_crypto_prices.py took 0.050 seconds
[2026-03-20T03:34:42.264+0000] {processor.py:161} INFO - Started process (PID=3108) to work on /opt/airflow/dags/crawl_crypto_prices.py
[2026-03-20T03:34:42.265+0000] {processor.py:830} INFO - Processing file /opt/airflow/dags/crawl_crypto_prices.py for tasks to queue
[2026-03-20T03:34:42.266+0000] {logging_mixin.py:188} INFO - [2026-03-20T03:34:42.266+0000] {dagbag.py:538} INFO - Filling up the DagBag from /opt/airflow/dags/crawl_crypto_prices.py
[2026-03-20T03:34:42.281+0000] {processor.py:840} INFO - DAG(s) 'crawl_crypto_prices' retrieved from /opt/airflow/dags/crawl_crypto_prices.py
[2026-03-20T03:34:42.300+0000] {logging_mixin.py:188} INFO - [2026-03-20T03:34:42.300+0000] {dag.py:3036} INFO - Sync 1 DAGs
[2026-03-20T03:34:42.310+0000] {logging_mixin.py:188} INFO - [2026-03-20T03:34:42.310+0000] {dag.py:3823} INFO - Setting next_dagrun for crawl_crypto_prices to 2026-03-20 03:00:00+00:00, run_after=2026-03-20 04:00:00+00:00
[2026-03-20T03:34:42.317+0000] {processor.py:183} INFO - Processing /opt/airflow/dags/crawl_crypto_prices.py took 0.058 seconds
[2026-03-20T03:35:12.566+0000] {processor.py:161} INFO - Started process (PID=3113) to work on /opt/airflow/dags/crawl_crypto_prices.py
[2026-03-20T03:35:12.567+0000] {processor.py:830} INFO - Processing file /opt/airflow/dags/crawl_crypto_prices.py for tasks to queue
[2026-03-20T03:35:12.568+0000] {logging_mixin.py:188} INFO - [2026-03-20T03:35:12.567+0000] {dagbag.py:538} INFO - Filling up the DagBag from /opt/airflow/dags/crawl_crypto_prices.py
[2026-03-20T03:35:12.579+0000] {processor.py:840} INFO - DAG(s) 'crawl_crypto_prices' retrieved from /opt/airflow/dags/crawl_crypto_prices.py
[2026-03-20T03:35:12.600+0000] {logging_mixin.py:188} INFO - [2026-03-20T03:35:12.600+0000] {dag.py:3036} INFO - Sync 1 DAGs
[2026-03-20T03:35:12.613+0000] {logging_mixin.py:188} INFO - [2026-03-20T03:35:12.613+0000] {dag.py:3823} INFO - Setting next_dagrun for crawl_crypto_prices to 2026-03-20 03:00:00+00:00, run_after=2026-03-20 04:00:00+00:00
[2026-03-20T03:35:12.620+0000] {processor.py:183} INFO - Processing /opt/airflow/dags/crawl_crypto_prices.py took 0.058 seconds
[2026-03-20T03:35:42.895+0000] {processor.py:161} INFO - Started process (PID=3118) to work on /opt/airflow/dags/crawl_crypto_prices.py
[2026-03-20T03:35:42.896+0000] {processor.py:830} INFO - Processing file /opt/airflow/dags/crawl_crypto_prices.py for tasks to queue
[2026-03-20T03:35:42.897+0000] {logging_mixin.py:188} INFO - [2026-03-20T03:35:42.897+0000] {dagbag.py:538} INFO - Filling up the DagBag from /opt/airflow/dags/crawl_crypto_prices.py
[2026-03-20T03:35:42.908+0000] {processor.py:840} INFO - DAG(s) 'crawl_crypto_prices' retrieved from /opt/airflow/dags/crawl_crypto_prices.py
[2026-03-20T03:35:42.927+0000] {logging_mixin.py:188} INFO - [2026-03-20T03:35:42.926+0000] {dag.py:3036} INFO - Sync 1 DAGs
[2026-03-20T03:35:42.937+0000] {logging_mixin.py:188} INFO - [2026-03-20T03:35:42.937+0000] {dag.py:3823} INFO - Setting next_dagrun for crawl_crypto_prices to 2026-03-20 03:00:00+00:00, run_after=2026-03-20 04:00:00+00:00
[2026-03-20T03:35:42.943+0000] {processor.py:183} INFO - Processing /opt/airflow/dags/crawl_crypto_prices.py took 0.051 seconds
[2026-03-20T03:36:13.204+0000] {processor.py:161} INFO - Started process (PID=3123) to work on /opt/airflow/dags/crawl_crypto_prices.py
[2026-03-20T03:36:13.205+0000] {processor.py:830} INFO - Processing file /opt/airflow/dags/crawl_crypto_prices.py for tasks to queue
[2026-03-20T03:36:13.206+0000] {logging_mixin.py:188} INFO - [2026-03-20T03:36:13.206+0000] {dagbag.py:538} INFO - Filling up the DagBag from /opt/airflow/dags/crawl_crypto_prices.py
[2026-03-20T03:36:13.217+0000] {processor.py:840} INFO - DAG(s) 'crawl_crypto_prices' retrieved from /opt/airflow/dags/crawl_crypto_prices.py
[2026-03-20T03:36:13.236+0000] {logging_mixin.py:188} INFO - [2026-03-20T03:36:13.236+0000] {dag.py:3036} INFO - Sync 1 DAGs
[2026-03-20T03:36:13.246+0000] {logging_mixin.py:188} INFO - [2026-03-20T03:36:13.246+0000] {dag.py:3823} INFO - Setting next_dagrun for crawl_crypto_prices to 2026-03-20 03:00:00+00:00, run_after=2026-03-20 04:00:00+00:00
[2026-03-20T03:36:13.253+0000] {processor.py:183} INFO - Processing /opt/airflow/dags/crawl_crypto_prices.py took 0.052 seconds
[2026-03-20T03:36:43.521+0000] {processor.py:161} INFO - Started process (PID=3128) to work on /opt/airflow/dags/crawl_crypto_prices.py
[2026-03-20T03:36:43.522+0000] {processor.py:830} INFO - Processing file /opt/airflow/dags/crawl_crypto_prices.py for tasks to queue
[2026-03-20T03:36:43.523+0000] {logging_mixin.py:188} INFO - [2026-03-20T03:36:43.522+0000] {dagbag.py:538} INFO - Filling up the DagBag from /opt/airflow/dags/crawl_crypto_prices.py
[2026-03-20T03:36:43.533+0000] {processor.py:840} INFO - DAG(s) 'crawl_crypto_prices' retrieved from /opt/airflow/dags/crawl_crypto_prices.py
[2026-03-20T03:36:43.551+0000] {logging_mixin.py:188} INFO - [2026-03-20T03:36:43.551+0000] {dag.py:3036} INFO - Sync 1 DAGs
[2026-03-20T03:36:43.561+0000] {logging_mixin.py:188} INFO - [2026-03-20T03:36:43.561+0000] {dag.py:3823} INFO - Setting next_dagrun for crawl_crypto_prices to 2026-03-20 03:00:00+00:00, run_after=2026-03-20 04:00:00+00:00
[2026-03-20T03:36:43.567+0000] {processor.py:183} INFO - Processing /opt/airflow/dags/crawl_crypto_prices.py took 0.051 seconds
[2026-03-20T03:37:13.810+0000] {processor.py:161} INFO - Started process (PID=3133) to work on /opt/airflow/dags/crawl_crypto_prices.py
[2026-03-20T03:37:13.811+0000] {processor.py:830} INFO - Processing file /opt/airflow/dags/crawl_crypto_prices.py for tasks to queue
[2026-03-20T03:37:13.812+0000] {logging_mixin.py:188} INFO - [2026-03-20T03:37:13.811+0000] {dagbag.py:538} INFO - Filling up the DagBag from /opt/airflow/dags/crawl_crypto_prices.py
[2026-03-20T03:37:13.824+0000] {processor.py:840} INFO - DAG(s) 'crawl_crypto_prices' retrieved from /opt/airflow/dags/crawl_crypto_prices.py
[2026-03-20T03:37:13.842+0000] {logging_mixin.py:188} INFO - [2026-03-20T03:37:13.841+0000] {dag.py:3036} INFO - Sync 1 DAGs
[2026-03-20T03:37:13.851+0000] {logging_mixin.py:188} INFO - [2026-03-20T03:37:13.851+0000] {dag.py:3823} INFO - Setting next_dagrun for crawl_crypto_prices to 2026-03-20 03:00:00+00:00, run_after=2026-03-20 04:00:00+00:00
[2026-03-20T03:37:13.857+0000] {processor.py:183} INFO - Processing /opt/airflow/dags/crawl_crypto_prices.py took 0.050 seconds
[2026-03-20T03:37:44.092+0000] {processor.py:161} INFO - Started process (PID=3138) to work on /opt/airflow/dags/crawl_crypto_prices.py
[2026-03-20T03:37:44.093+0000] {processor.py:830} INFO - Processing file /opt/airflow/dags/crawl_crypto_prices.py for tasks to queue
[2026-03-20T03:37:44.094+0000] {logging_mixin.py:188} INFO - [2026-03-20T03:37:44.094+0000] {dagbag.py:538} INFO - Filling up the DagBag from /opt/airflow/dags/crawl_crypto_prices.py
[2026-03-20T03:37:44.105+0000] {processor.py:840} INFO - DAG(s) 'crawl_crypto_prices' retrieved from /opt/airflow/dags/crawl_crypto_prices.py
[2026-03-20T03:37:44.122+0000] {logging_mixin.py:188} INFO - [2026-03-20T03:37:44.122+0000] {dag.py:3036} INFO - Sync 1 DAGs
[2026-03-20T03:37:44.132+0000] {logging_mixin.py:188} INFO - [2026-03-20T03:37:44.132+0000] {dag.py:3823} INFO - Setting next_dagrun for crawl_crypto_prices to 2026-03-20 03:00:00+00:00, run_after=2026-03-20 04:00:00+00:00
[2026-03-20T03:37:44.139+0000] {processor.py:183} INFO - Processing /opt/airflow/dags/crawl_crypto_prices.py took 0.050 seconds
[2026-03-20T03:38:14.387+0000] {processor.py:161} INFO - Started process (PID=3143) to work on /opt/airflow/dags/crawl_crypto_prices.py
[2026-03-20T03:38:14.388+0000] {processor.py:830} INFO - Processing file /opt/airflow/dags/crawl_crypto_prices.py for tasks to queue
[2026-03-20T03:38:14.389+0000] {logging_mixin.py:188} INFO - [2026-03-20T03:38:14.389+0000] {dagbag.py:538} INFO - Filling up the DagBag from /opt/airflow/dags/crawl_crypto_prices.py
[2026-03-20T03:38:14.401+0000] {processor.py:840} INFO - DAG(s) 'crawl_crypto_prices' retrieved from /opt/airflow/dags/crawl_crypto_prices.py
[2026-03-20T03:38:14.420+0000] {logging_mixin.py:188} INFO - [2026-03-20T03:38:14.420+0000] {dag.py:3036} INFO - Sync 1 DAGs
[2026-03-20T03:38:14.430+0000] {logging_mixin.py:188} INFO - [2026-03-20T03:38:14.430+0000] {dag.py:3823} INFO - Setting next_dagrun for crawl_crypto_prices to 2026-03-20 03:00:00+00:00, run_after=2026-03-20 04:00:00+00:00
[2026-03-20T03:38:14.437+0000] {processor.py:183} INFO - Processing /opt/airflow/dags/crawl_crypto_prices.py took 0.053 seconds
[2026-03-20T03:38:44.693+0000] {processor.py:161} INFO - Started process (PID=3148) to work on /opt/airflow/dags/crawl_crypto_prices.py
[2026-03-20T03:38:44.695+0000] {processor.py:830} INFO - Processing file /opt/airflow/dags/crawl_crypto_prices.py for tasks to queue
[2026-03-20T03:38:44.695+0000] {logging_mixin.py:188} INFO - [2026-03-20T03:38:44.695+0000] {dagbag.py:538} INFO - Filling up the DagBag from /opt/airflow/dags/crawl_crypto_prices.py
[2026-03-20T03:38:44.707+0000] {processor.py:840} INFO - DAG(s) 'crawl_crypto_prices' retrieved from /opt/airflow/dags/crawl_crypto_prices.py
[2026-03-20T03:38:44.726+0000] {logging_mixin.py:188} INFO - [2026-03-20T03:38:44.726+0000] {dag.py:3036} INFO - Sync 1 DAGs
[2026-03-20T03:38:44.736+0000] {logging_mixin.py:188} INFO - [2026-03-20T03:38:44.736+0000] {dag.py:3823} INFO - Setting next_dagrun for crawl_crypto_prices to 2026-03-20 03:00:00+00:00, run_after=2026-03-20 04:00:00+00:00
[2026-03-20T03:38:44.742+0000] {processor.py:183} INFO - Processing /opt/airflow/dags/crawl_crypto_prices.py took 0.053 seconds
[2026-03-20T03:39:14.974+0000] {processor.py:161} INFO - Started process (PID=3153) to work on /opt/airflow/dags/crawl_crypto_prices.py
[2026-03-20T03:39:14.975+0000] {processor.py:830} INFO - Processing file /opt/airflow/dags/crawl_crypto_prices.py for tasks to queue
[2026-03-20T03:39:14.976+0000] {logging_mixin.py:188} INFO - [2026-03-20T03:39:14.976+0000] {dagbag.py:538} INFO - Filling up the DagBag from /opt/airflow/dags/crawl_crypto_prices.py
[2026-03-20T03:39:14.991+0000] {processor.py:840} INFO - DAG(s) 'crawl_crypto_prices' retrieved from /opt/airflow/dags/crawl_crypto_prices.py
[2026-03-20T03:39:15.009+0000] {logging_mixin.py:188} INFO - [2026-03-20T03:39:15.009+0000] {dag.py:3036} INFO - Sync 1 DAGs
[2026-03-20T03:39:15.018+0000] {logging_mixin.py:188} INFO - [2026-03-20T03:39:15.018+0000] {dag.py:3823} INFO - Setting next_dagrun for crawl_crypto_prices to 2026-03-20 03:00:00+00:00, run_after=2026-03-20 04:00:00+00:00
[2026-03-20T03:39:15.024+0000] {processor.py:183} INFO - Processing /opt/airflow/dags/crawl_crypto_prices.py took 0.053 seconds
[2026-03-20T03:39:45.283+0000] {processor.py:161} INFO - Started process (PID=3158) to work on /opt/airflow/dags/crawl_crypto_prices.py
[2026-03-20T03:39:45.284+0000] {processor.py:830} INFO - Processing file /opt/airflow/dags/crawl_crypto_prices.py for tasks to queue
[2026-03-20T03:39:45.284+0000] {logging_mixin.py:188} INFO - [2026-03-20T03:39:45.284+0000] {dagbag.py:538} INFO - Filling up the DagBag from /opt/airflow/dags/crawl_crypto_prices.py
[2026-03-20T03:39:45.290+0000] {processor.py:840} INFO - DAG(s) 'crawl_crypto_prices' retrieved from /opt/airflow/dags/crawl_crypto_prices.py
[2026-03-20T03:39:45.300+0000] {logging_mixin.py:188} INFO - [2026-03-20T03:39:45.300+0000] {dag.py:3036} INFO - Sync 1 DAGs
[2026-03-20T03:39:45.310+0000] {logging_mixin.py:188} INFO - [2026-03-20T03:39:45.309+0000] {dag.py:3823} INFO - Setting next_dagrun for crawl_crypto_prices to 2026-03-20 03:00:00+00:00, run_after=2026-03-20 04:00:00+00:00
[2026-03-20T03:39:45.316+0000] {processor.py:183} INFO - Processing /opt/airflow/dags/crawl_crypto_prices.py took 0.035 seconds
[2026-03-20T03:40:15.579+0000] {processor.py:161} INFO - Started process (PID=3163) to work on /opt/airflow/dags/crawl_crypto_prices.py
[2026-03-20T03:40:15.580+0000] {processor.py:830} INFO - Processing file /opt/airflow/dags/crawl_crypto_prices.py for tasks to queue
[2026-03-20T03:40:15.580+0000] {logging_mixin.py:188} INFO - [2026-03-20T03:40:15.580+0000] {dagbag.py:538} INFO - Filling up the DagBag from /opt/airflow/dags/crawl_crypto_prices.py
[2026-03-20T03:40:15.589+0000] {processor.py:840} INFO - DAG(s) 'crawl_crypto_prices' retrieved from /opt/airflow/dags/crawl_crypto_prices.py
[2026-03-20T03:40:15.604+0000] {logging_mixin.py:188} INFO - [2026-03-20T03:40:15.604+0000] {dag.py:3036} INFO - Sync 1 DAGs
[2026-03-20T03:40:15.614+0000] {logging_mixin.py:188} INFO - [2026-03-20T03:40:15.614+0000] {dag.py:3823} INFO - Setting next_dagrun for crawl_crypto_prices to 2026-03-20 03:00:00+00:00, run_after=2026-03-20 04:00:00+00:00
[2026-03-20T03:40:15.622+0000] {processor.py:183} INFO - Processing /opt/airflow/dags/crawl_crypto_prices.py took 0.046 seconds
[2026-03-20T03:40:45.862+0000] {processor.py:161} INFO - Started process (PID=3168) to work on /opt/airflow/dags/crawl_crypto_prices.py
[2026-03-20T03:40:45.863+0000] {processor.py:830} INFO - Processing file /opt/airflow/dags/crawl_crypto_prices.py for tasks to queue
[2026-03-20T03:40:45.863+0000] {logging_mixin.py:188} INFO - [2026-03-20T03:40:45.863+0000] {dagbag.py:538} INFO - Filling up the DagBag from /opt/airflow/dags/crawl_crypto_prices.py
[2026-03-20T03:40:45.872+0000] {processor.py:840} INFO - DAG(s) 'crawl_crypto_prices' retrieved from /opt/airflow/dags/crawl_crypto_prices.py
[2026-03-20T03:40:45.889+0000] {logging_mixin.py:188} INFO - [2026-03-20T03:40:45.889+0000] {dag.py:3036} INFO - Sync 1 DAGs
[2026-03-20T03:40:45.899+0000] {logging_mixin.py:188} INFO - [2026-03-20T03:40:45.899+0000] {dag.py:3823} INFO - Setting next_dagrun for crawl_crypto_prices to 2026-03-20 03:00:00+00:00, run_after=2026-03-20 04:00:00+00:00
[2026-03-20T03:40:45.905+0000] {processor.py:183} INFO - Processing /opt/airflow/dags/crawl_crypto_prices.py took 0.047 seconds
[2026-03-20T03:41:16.200+0000] {processor.py:161} INFO - Started process (PID=3173) to work on /opt/airflow/dags/crawl_crypto_prices.py
[2026-03-20T03:41:16.201+0000] {processor.py:830} INFO - Processing file /opt/airflow/dags/crawl_crypto_prices.py for tasks to queue
[2026-03-20T03:41:16.201+0000] {logging_mixin.py:188} INFO - [2026-03-20T03:41:16.201+0000] {dagbag.py:538} INFO - Filling up the DagBag from /opt/airflow/dags/crawl_crypto_prices.py
[2026-03-20T03:41:16.210+0000] {processor.py:840} INFO - DAG(s) 'crawl_crypto_prices' retrieved from /opt/airflow/dags/crawl_crypto_prices.py
[2026-03-20T03:41:16.227+0000] {logging_mixin.py:188} INFO - [2026-03-20T03:41:16.227+0000] {dag.py:3036} INFO - Sync 1 DAGs
[2026-03-20T03:41:16.237+0000] {logging_mixin.py:188} INFO - [2026-03-20T03:41:16.237+0000] {dag.py:3823} INFO - Setting next_dagrun for crawl_crypto_prices to 2026-03-20 03:00:00+00:00, run_after=2026-03-20 04:00:00+00:00
[2026-03-20T03:41:16.243+0000] {processor.py:183} INFO - Processing /opt/airflow/dags/crawl_crypto_prices.py took 0.046 seconds
[2026-03-20T03:47:12.252+0000] {processor.py:161} INFO - Started process (PID=3178) to work on /opt/airflow/dags/crawl_crypto_prices.py
[2026-03-20T03:47:12.253+0000] {processor.py:830} INFO - Processing file /opt/airflow/dags/crawl_crypto_prices.py for tasks to queue
[2026-03-20T03:47:12.253+0000] {logging_mixin.py:188} INFO - [2026-03-20T03:47:12.253+0000] {dagbag.py:538} INFO - Filling up the DagBag from /opt/airflow/dags/crawl_crypto_prices.py
[2026-03-20T03:47:12.260+0000] {processor.py:840} INFO - DAG(s) 'crawl_crypto_prices' retrieved from /opt/airflow/dags/crawl_crypto_prices.py
[2026-03-20T03:47:12.274+0000] {logging_mixin.py:188} INFO - [2026-03-20T03:47:12.274+0000] {dag.py:3036} INFO - Sync 1 DAGs
[2026-03-20T03:47:12.284+0000] {logging_mixin.py:188} INFO - [2026-03-20T03:47:12.283+0000] {dag.py:3823} INFO - Setting next_dagrun for crawl_crypto_prices to 2026-03-20 03:00:00+00:00, run_after=2026-03-20 04:00:00+00:00
[2026-03-20T03:47:12.290+0000] {processor.py:183} INFO - Processing /opt/airflow/dags/crawl_crypto_prices.py took 0.039 seconds
[2026-03-20T03:47:42.592+0000] {processor.py:161} INFO - Started process (PID=3183) to work on /opt/airflow/dags/crawl_crypto_prices.py
[2026-03-20T03:47:42.593+0000] {processor.py:830} INFO - Processing file /opt/airflow/dags/crawl_crypto_prices.py for tasks to queue
[2026-03-20T03:47:42.594+0000] {logging_mixin.py:188} INFO - [2026-03-20T03:47:42.593+0000] {dagbag.py:538} INFO - Filling up the DagBag from /opt/airflow/dags/crawl_crypto_prices.py
[2026-03-20T03:47:42.609+0000] {processor.py:840} INFO - DAG(s) 'crawl_crypto_prices' retrieved from /opt/airflow/dags/crawl_crypto_prices.py
[2026-03-20T03:47:42.630+0000] {logging_mixin.py:188} INFO - [2026-03-20T03:47:42.630+0000] {dag.py:3036} INFO - Sync 1 DAGs
[2026-03-20T03:47:42.641+0000] {logging_mixin.py:188} INFO - [2026-03-20T03:47:42.641+0000] {dag.py:3823} INFO - Setting next_dagrun for crawl_crypto_prices to 2026-03-20 03:00:00+00:00, run_after=2026-03-20 04:00:00+00:00
[2026-03-20T03:47:42.648+0000] {processor.py:183} INFO - Processing /opt/airflow/dags/crawl_crypto_prices.py took 0.060 seconds
[2026-03-20T03:48:13.019+0000] {processor.py:161} INFO - Started process (PID=3188) to work on /opt/airflow/dags/crawl_crypto_prices.py
[2026-03-20T03:48:13.020+0000] {processor.py:830} INFO - Processing file /opt/airflow/dags/crawl_crypto_prices.py for tasks to queue
[2026-03-20T03:48:13.020+0000] {logging_mixin.py:188} INFO - [2026-03-20T03:48:13.020+0000] {dagbag.py:538} INFO - Filling up the DagBag from /opt/airflow/dags/crawl_crypto_prices.py
[2026-03-20T03:48:13.033+0000] {processor.py:840} INFO - DAG(s) 'crawl_crypto_prices' retrieved from /opt/airflow/dags/crawl_crypto_prices.py
[2026-03-20T03:48:13.051+0000] {logging_mixin.py:188} INFO - [2026-03-20T03:48:13.051+0000] {dag.py:3036} INFO - Sync 1 DAGs
[2026-03-20T03:48:13.062+0000] {logging_mixin.py:188} INFO - [2026-03-20T03:48:13.062+0000] {dag.py:3823} INFO - Setting next_dagrun for crawl_crypto_prices to 2026-03-20 03:00:00+00:00, run_after=2026-03-20 04:00:00+00:00
[2026-03-20T03:48:13.068+0000] {processor.py:183} INFO - Processing /opt/airflow/dags/crawl_crypto_prices.py took 0.053 seconds
[2026-03-20T03:49:56.638+0000] {processor.py:161} INFO - Started process (PID=3193) to work on /opt/airflow/dags/crawl_crypto_prices.py
[2026-03-20T03:49:56.638+0000] {processor.py:830} INFO - Processing file /opt/airflow/dags/crawl_crypto_prices.py for tasks to queue
[2026-03-20T03:49:56.639+0000] {logging_mixin.py:188} INFO - [2026-03-20T03:49:56.639+0000] {dagbag.py:538} INFO - Filling up the DagBag from /opt/airflow/dags/crawl_crypto_prices.py
[2026-03-20T03:49:56.647+0000] {processor.py:840} INFO - DAG(s) 'crawl_crypto_prices' retrieved from /opt/airflow/dags/crawl_crypto_prices.py
[2026-03-20T03:49:56.664+0000] {logging_mixin.py:188} INFO - [2026-03-20T03:49:56.664+0000] {dag.py:3036} INFO - Sync 1 DAGs
[2026-03-20T03:49:56.675+0000] {logging_mixin.py:188} INFO - [2026-03-20T03:49:56.675+0000] {dag.py:3823} INFO - Setting next_dagrun for crawl_crypto_prices to 2026-03-20 03:00:00+00:00, run_after=2026-03-20 04:00:00+00:00
[2026-03-20T03:49:56.681+0000] {processor.py:183} INFO - Processing /opt/airflow/dags/crawl_crypto_prices.py took 0.046 seconds
[2026-03-20T04:10:11.270+0000] {processor.py:161} INFO - Started process (PID=3200) to work on /opt/airflow/dags/crawl_crypto_prices.py
[2026-03-20T04:10:11.271+0000] {processor.py:830} INFO - Processing file /opt/airflow/dags/crawl_crypto_prices.py for tasks to queue
[2026-03-20T04:10:11.273+0000] {logging_mixin.py:188} INFO - [2026-03-20T04:10:11.272+0000] {dagbag.py:538} INFO - Filling up the DagBag from /opt/airflow/dags/crawl_crypto_prices.py
[2026-03-20T04:10:11.290+0000] {processor.py:840} INFO - DAG(s) 'crawl_crypto_prices' retrieved from /opt/airflow/dags/crawl_crypto_prices.py
[2026-03-20T04:10:11.321+0000] {logging_mixin.py:188} INFO - [2026-03-20T04:10:11.321+0000] {dag.py:3036} INFO - Sync 1 DAGs
[2026-03-20T04:10:11.339+0000] {logging_mixin.py:188} INFO - [2026-03-20T04:10:11.339+0000] {dag.py:3823} INFO - Setting next_dagrun for crawl_crypto_prices to 2026-03-20 04:00:00+00:00, run_after=2026-03-20 05:00:00+00:00
[2026-03-20T04:10:11.365+0000] {processor.py:183} INFO - Processing /opt/airflow/dags/crawl_crypto_prices.py took 0.098 seconds
[2026-03-20T04:10:41.598+0000] {processor.py:161} INFO - Started process (PID=3207) to work on /opt/airflow/dags/crawl_crypto_prices.py
[2026-03-20T04:10:41.599+0000] {processor.py:830} INFO - Processing file /opt/airflow/dags/crawl_crypto_prices.py for tasks to queue
[2026-03-20T04:10:41.599+0000] {logging_mixin.py:188} INFO - [2026-03-20T04:10:41.599+0000] {dagbag.py:538} INFO - Filling up the DagBag from /opt/airflow/dags/crawl_crypto_prices.py
[2026-03-20T04:10:41.609+0000] {processor.py:840} INFO - DAG(s) 'crawl_crypto_prices' retrieved from /opt/airflow/dags/crawl_crypto_prices.py
[2026-03-20T04:10:41.626+0000] {logging_mixin.py:188} INFO - [2026-03-20T04:10:41.626+0000] {dag.py:3036} INFO - Sync 1 DAGs
[2026-03-20T04:10:41.635+0000] {logging_mixin.py:188} INFO - [2026-03-20T04:10:41.635+0000] {dag.py:3823} INFO - Setting next_dagrun for crawl_crypto_prices to 2026-03-20 04:00:00+00:00, run_after=2026-03-20 05:00:00+00:00
[2026-03-20T04:10:41.641+0000] {processor.py:183} INFO - Processing /opt/airflow/dags/crawl_crypto_prices.py took 0.046 seconds
[2026-03-20T04:11:11.922+0000] {processor.py:161} INFO - Started process (PID=3212) to work on /opt/airflow/dags/crawl_crypto_prices.py
[2026-03-20T04:11:11.923+0000] {processor.py:830} INFO - Processing file /opt/airflow/dags/crawl_crypto_prices.py for tasks to queue
[2026-03-20T04:11:11.924+0000] {logging_mixin.py:188} INFO - [2026-03-20T04:11:11.923+0000] {dagbag.py:538} INFO - Filling up the DagBag from /opt/airflow/dags/crawl_crypto_prices.py
[2026-03-20T04:11:11.934+0000] {processor.py:840} INFO - DAG(s) 'crawl_crypto_prices' retrieved from /opt/airflow/dags/crawl_crypto_prices.py
[2026-03-20T04:11:11.953+0000] {logging_mixin.py:188} INFO - [2026-03-20T04:11:11.953+0000] {dag.py:3036} INFO - Sync 1 DAGs
[2026-03-20T04:11:11.963+0000] {logging_mixin.py:188} INFO - [2026-03-20T04:11:11.962+0000] {dag.py:3823} INFO - Setting next_dagrun for crawl_crypto_prices to 2026-03-20 04:00:00+00:00, run_after=2026-03-20 05:00:00+00:00
[2026-03-20T04:11:11.969+0000] {processor.py:183} INFO - Processing /opt/airflow/dags/crawl_crypto_prices.py took 0.051 seconds
[2026-03-20T04:11:42.213+0000] {processor.py:161} INFO - Started process (PID=3217) to work on /opt/airflow/dags/crawl_crypto_prices.py
[2026-03-20T04:11:42.214+0000] {processor.py:830} INFO - Processing file /opt/airflow/dags/crawl_crypto_prices.py for tasks to queue
[2026-03-20T04:11:42.215+0000] {logging_mixin.py:188} INFO - [2026-03-20T04:11:42.215+0000] {dagbag.py:538} INFO - Filling up the DagBag from /opt/airflow/dags/crawl_crypto_prices.py
[2026-03-20T04:11:42.226+0000] {processor.py:840} INFO - DAG(s) 'crawl_crypto_prices' retrieved from /opt/airflow/dags/crawl_crypto_prices.py
[2026-03-20T04:11:42.246+0000] {logging_mixin.py:188} INFO - [2026-03-20T04:11:42.245+0000] {dag.py:3036} INFO - Sync 1 DAGs
[2026-03-20T04:11:42.255+0000] {logging_mixin.py:188} INFO - [2026-03-20T04:11:42.255+0000] {dag.py:3823} INFO - Setting next_dagrun for crawl_crypto_prices to 2026-03-20 04:00:00+00:00, run_after=2026-03-20 05:00:00+00:00
[2026-03-20T04:11:42.262+0000] {processor.py:183} INFO - Processing /opt/airflow/dags/crawl_crypto_prices.py took 0.052 seconds
[2026-03-20T04:12:12.503+0000] {processor.py:161} INFO - Started process (PID=3222) to work on /opt/airflow/dags/crawl_crypto_prices.py
[2026-03-20T04:12:12.504+0000] {processor.py:830} INFO - Processing file /opt/airflow/dags/crawl_crypto_prices.py for tasks to queue
[2026-03-20T04:12:12.505+0000] {logging_mixin.py:188} INFO - [2026-03-20T04:12:12.505+0000] {dagbag.py:538} INFO - Filling up the DagBag from /opt/airflow/dags/crawl_crypto_prices.py
[2026-03-20T04:12:12.515+0000] {processor.py:840} INFO - DAG(s) 'crawl_crypto_prices' retrieved from /opt/airflow/dags/crawl_crypto_prices.py
[2026-03-20T04:12:12.534+0000] {logging_mixin.py:188} INFO - [2026-03-20T04:12:12.534+0000] {dag.py:3036} INFO - Sync 1 DAGs
[2026-03-20T04:12:12.543+0000] {logging_mixin.py:188} INFO - [2026-03-20T04:12:12.543+0000] {dag.py:3823} INFO - Setting next_dagrun for crawl_crypto_prices to 2026-03-20 04:00:00+00:00, run_after=2026-03-20 05:00:00+00:00
[2026-03-20T04:12:12.550+0000] {processor.py:183} INFO - Processing /opt/airflow/dags/crawl_crypto_prices.py took 0.050 seconds
[2026-03-20T04:23:40.197+0000] {processor.py:161} INFO - Started process (PID=3227) to work on /opt/airflow/dags/crawl_crypto_prices.py
[2026-03-20T04:23:40.200+0000] {processor.py:830} INFO - Processing file /opt/airflow/dags/crawl_crypto_prices.py for tasks to queue
[2026-03-20T04:23:40.202+0000] {logging_mixin.py:188} INFO - [2026-03-20T04:23:40.201+0000] {dagbag.py:538} INFO - Filling up the DagBag from /opt/airflow/dags/crawl_crypto_prices.py
[2026-03-20T04:23:40.242+0000] {processor.py:840} INFO - DAG(s) 'crawl_crypto_prices' retrieved from /opt/airflow/dags/crawl_crypto_prices.py
[2026-03-20T04:23:40.281+0000] {logging_mixin.py:188} INFO - [2026-03-20T04:23:40.280+0000] {dag.py:3036} INFO - Sync 1 DAGs
[2026-03-20T04:23:40.311+0000] {logging_mixin.py:188} INFO - [2026-03-20T04:23:40.310+0000] {dag.py:3823} INFO - Setting next_dagrun for crawl_crypto_prices to 2026-03-20 04:00:00+00:00, run_after=2026-03-20 05:00:00+00:00
[2026-03-20T04:23:40.334+0000] {processor.py:183} INFO - Processing /opt/airflow/dags/crawl_crypto_prices.py took 0.146 seconds
[2026-03-20T04:24:10.494+0000] {processor.py:161} INFO - Started process (PID=3234) to work on /opt/airflow/dags/crawl_crypto_prices.py
[2026-03-20T04:24:10.495+0000] {processor.py:830} INFO - Processing file /opt/airflow/dags/crawl_crypto_prices.py for tasks to queue
[2026-03-20T04:24:10.496+0000] {logging_mixin.py:188} INFO - [2026-03-20T04:24:10.495+0000] {dagbag.py:538} INFO - Filling up the DagBag from /opt/airflow/dags/crawl_crypto_prices.py
[2026-03-20T04:24:10.506+0000] {processor.py:840} INFO - DAG(s) 'crawl_crypto_prices' retrieved from /opt/airflow/dags/crawl_crypto_prices.py
[2026-03-20T04:24:10.525+0000] {logging_mixin.py:188} INFO - [2026-03-20T04:24:10.525+0000] {dag.py:3036} INFO - Sync 1 DAGs
[2026-03-20T04:24:10.535+0000] {logging_mixin.py:188} INFO - [2026-03-20T04:24:10.535+0000] {dag.py:3823} INFO - Setting next_dagrun for crawl_crypto_prices to 2026-03-20 04:00:00+00:00, run_after=2026-03-20 05:00:00+00:00
[2026-03-20T04:24:10.542+0000] {processor.py:183} INFO - Processing /opt/airflow/dags/crawl_crypto_prices.py took 0.052 seconds
[2026-03-20T04:24:40.788+0000] {processor.py:161} INFO - Started process (PID=3239) to work on /opt/airflow/dags/crawl_crypto_prices.py
[2026-03-20T04:24:40.789+0000] {processor.py:830} INFO - Processing file /opt/airflow/dags/crawl_crypto_prices.py for tasks to queue
[2026-03-20T04:24:40.790+0000] {logging_mixin.py:188} INFO - [2026-03-20T04:24:40.790+0000] {dagbag.py:538} INFO - Filling up the DagBag from /opt/airflow/dags/crawl_crypto_prices.py
[2026-03-20T04:24:40.800+0000] {processor.py:840} INFO - DAG(s) 'crawl_crypto_prices' retrieved from /opt/airflow/dags/crawl_crypto_prices.py
[2026-03-20T04:24:40.819+0000] {logging_mixin.py:188} INFO - [2026-03-20T04:24:40.819+0000] {dag.py:3036} INFO - Sync 1 DAGs
[2026-03-20T04:24:40.830+0000] {logging_mixin.py:188} INFO - [2026-03-20T04:24:40.830+0000] {dag.py:3823} INFO - Setting next_dagrun for crawl_crypto_prices to 2026-03-20 04:00:00+00:00, run_after=2026-03-20 05:00:00+00:00
[2026-03-20T04:24:40.836+0000] {processor.py:183} INFO - Processing /opt/airflow/dags/crawl_crypto_prices.py took 0.051 seconds
[2026-03-20T04:25:11.126+0000] {processor.py:161} INFO - Started process (PID=3244) to work on /opt/airflow/dags/crawl_crypto_prices.py
[2026-03-20T04:25:11.127+0000] {processor.py:830} INFO - Processing file /opt/airflow/dags/crawl_crypto_prices.py for tasks to queue
[2026-03-20T04:25:11.128+0000] {logging_mixin.py:188} INFO - [2026-03-20T04:25:11.128+0000] {dagbag.py:538} INFO - Filling up the DagBag from /opt/airflow/dags/crawl_crypto_prices.py
[2026-03-20T04:25:11.139+0000] {processor.py:840} INFO - DAG(s) 'crawl_crypto_prices' retrieved from /opt/airflow/dags/crawl_crypto_prices.py
[2026-03-20T04:25:11.157+0000] {logging_mixin.py:188} INFO - [2026-03-20T04:25:11.157+0000] {dag.py:3036} INFO - Sync 1 DAGs
[2026-03-20T04:25:11.167+0000] {logging_mixin.py:188} INFO - [2026-03-20T04:25:11.167+0000] {dag.py:3823} INFO - Setting next_dagrun for crawl_crypto_prices to 2026-03-20 04:00:00+00:00, run_after=2026-03-20 05:00:00+00:00
[2026-03-20T04:25:11.173+0000] {processor.py:183} INFO - Processing /opt/airflow/dags/crawl_crypto_prices.py took 0.050 seconds
[2026-03-20T04:25:41.412+0000] {processor.py:161} INFO - Started process (PID=3249) to work on /opt/airflow/dags/crawl_crypto_prices.py
[2026-03-20T04:25:41.413+0000] {processor.py:830} INFO - Processing file /opt/airflow/dags/crawl_crypto_prices.py for tasks to queue
[2026-03-20T04:25:41.414+0000] {logging_mixin.py:188} INFO - [2026-03-20T04:25:41.413+0000] {dagbag.py:538} INFO - Filling up the DagBag from /opt/airflow/dags/crawl_crypto_prices.py
[2026-03-20T04:25:41.423+0000] {processor.py:840} INFO - DAG(s) 'crawl_crypto_prices' retrieved from /opt/airflow/dags/crawl_crypto_prices.py
[2026-03-20T04:25:41.441+0000] {logging_mixin.py:188} INFO - [2026-03-20T04:25:41.441+0000] {dag.py:3036} INFO - Sync 1 DAGs
[2026-03-20T04:25:41.450+0000] {logging_mixin.py:188} INFO - [2026-03-20T04:25:41.450+0000] {dag.py:3823} INFO - Setting next_dagrun for crawl_crypto_prices to 2026-03-20 04:00:00+00:00, run_after=2026-03-20 05:00:00+00:00
[2026-03-20T04:25:41.457+0000] {processor.py:183} INFO - Processing /opt/airflow/dags/crawl_crypto_prices.py took 0.047 seconds
[2026-03-20T04:26:11.726+0000] {processor.py:161} INFO - Started process (PID=3254) to work on /opt/airflow/dags/crawl_crypto_prices.py
[2026-03-20T04:26:11.727+0000] {processor.py:830} INFO - Processing file /opt/airflow/dags/crawl_crypto_prices.py for tasks to queue
[2026-03-20T04:26:11.727+0000] {logging_mixin.py:188} INFO - [2026-03-20T04:26:11.727+0000] {dagbag.py:538} INFO - Filling up the DagBag from /opt/airflow/dags/crawl_crypto_prices.py
[2026-03-20T04:26:11.737+0000] {processor.py:840} INFO - DAG(s) 'crawl_crypto_prices' retrieved from /opt/airflow/dags/crawl_crypto_prices.py
[2026-03-20T04:26:11.753+0000] {logging_mixin.py:188} INFO - [2026-03-20T04:26:11.753+0000] {dag.py:3036} INFO - Sync 1 DAGs
[2026-03-20T04:26:11.762+0000] {logging_mixin.py:188} INFO - [2026-03-20T04:26:11.762+0000] {dag.py:3823} INFO - Setting next_dagrun for crawl_crypto_prices to 2026-03-20 04:00:00+00:00, run_after=2026-03-20 05:00:00+00:00
[2026-03-20T04:26:11.769+0000] {processor.py:183} INFO - Processing /opt/airflow/dags/crawl_crypto_prices.py took 0.046 seconds
[2026-03-20T04:30:02.247+0000] {processor.py:161} INFO - Started process (PID=3259) to work on /opt/airflow/dags/crawl_crypto_prices.py
[2026-03-20T04:30:02.248+0000] {processor.py:830} INFO - Processing file /opt/airflow/dags/crawl_crypto_prices.py for tasks to queue
[2026-03-20T04:30:02.249+0000] {logging_mixin.py:188} INFO - [2026-03-20T04:30:02.249+0000] {dagbag.py:538} INFO - Filling up the DagBag from /opt/airflow/dags/crawl_crypto_prices.py
[2026-03-20T04:30:02.266+0000] {processor.py:840} INFO - DAG(s) 'crawl_crypto_prices' retrieved from /opt/airflow/dags/crawl_crypto_prices.py
[2026-03-20T04:30:02.287+0000] {logging_mixin.py:188} INFO - [2026-03-20T04:30:02.287+0000] {dag.py:3036} INFO - Sync 1 DAGs
[2026-03-20T04:30:02.301+0000] {logging_mixin.py:188} INFO - [2026-03-20T04:30:02.300+0000] {dag.py:3823} INFO - Setting next_dagrun for crawl_crypto_prices to 2026-03-20 04:00:00+00:00, run_after=2026-03-20 05:00:00+00:00
[2026-03-20T04:30:02.307+0000] {processor.py:183} INFO - Processing /opt/airflow/dags/crawl_crypto_prices.py took 0.066 seconds
[2026-03-20T04:30:32.597+0000] {processor.py:161} INFO - Started process (PID=3266) to work on /opt/airflow/dags/crawl_crypto_prices.py
[2026-03-20T04:30:32.597+0000] {processor.py:830} INFO - Processing file /opt/airflow/dags/crawl_crypto_prices.py for tasks to queue
[2026-03-20T04:30:32.598+0000] {logging_mixin.py:188} INFO - [2026-03-20T04:30:32.598+0000] {dagbag.py:538} INFO - Filling up the DagBag from /opt/airflow/dags/crawl_crypto_prices.py
[2026-03-20T04:30:32.608+0000] {processor.py:840} INFO - DAG(s) 'crawl_crypto_prices' retrieved from /opt/airflow/dags/crawl_crypto_prices.py
[2026-03-20T04:30:32.626+0000] {logging_mixin.py:188} INFO - [2026-03-20T04:30:32.625+0000] {dag.py:3036} INFO - Sync 1 DAGs
[2026-03-20T04:30:32.636+0000] {logging_mixin.py:188} INFO - [2026-03-20T04:30:32.636+0000] {dag.py:3823} INFO - Setting next_dagrun for crawl_crypto_prices to 2026-03-20 04:00:00+00:00, run_after=2026-03-20 05:00:00+00:00
[2026-03-20T04:30:32.642+0000] {processor.py:183} INFO - Processing /opt/airflow/dags/crawl_crypto_prices.py took 0.049 seconds
[2026-03-20T04:31:02.912+0000] {processor.py:161} INFO - Started process (PID=3271) to work on /opt/airflow/dags/crawl_crypto_prices.py
[2026-03-20T04:31:02.913+0000] {processor.py:830} INFO - Processing file /opt/airflow/dags/crawl_crypto_prices.py for tasks to queue
[2026-03-20T04:31:02.914+0000] {logging_mixin.py:188} INFO - [2026-03-20T04:31:02.914+0000] {dagbag.py:538} INFO - Filling up the DagBag from /opt/airflow/dags/crawl_crypto_prices.py
[2026-03-20T04:31:02.924+0000] {processor.py:840} INFO - DAG(s) 'crawl_crypto_prices' retrieved from /opt/airflow/dags/crawl_crypto_prices.py
[2026-03-20T04:31:02.941+0000] {logging_mixin.py:188} INFO - [2026-03-20T04:31:02.941+0000] {dag.py:3036} INFO - Sync 1 DAGs
[2026-03-20T04:31:02.950+0000] {logging_mixin.py:188} INFO - [2026-03-20T04:31:02.950+0000] {dag.py:3823} INFO - Setting next_dagrun for crawl_crypto_prices to 2026-03-20 04:00:00+00:00, run_after=2026-03-20 05:00:00+00:00
[2026-03-20T04:31:02.956+0000] {processor.py:183} INFO - Processing /opt/airflow/dags/crawl_crypto_prices.py took 0.048 seconds
[2026-03-20T04:31:33.254+0000] {processor.py:161} INFO - Started process (PID=3276) to work on /opt/airflow/dags/crawl_crypto_prices.py
[2026-03-20T04:31:33.255+0000] {processor.py:830} INFO - Processing file /opt/airflow/dags/crawl_crypto_prices.py for tasks to queue
[2026-03-20T04:31:33.256+0000] {logging_mixin.py:188} INFO - [2026-03-20T04:31:33.255+0000] {dagbag.py:538} INFO - Filling up the DagBag from /opt/airflow/dags/crawl_crypto_prices.py
[2026-03-20T04:31:33.266+0000] {processor.py:840} INFO - DAG(s) 'crawl_crypto_prices' retrieved from /opt/airflow/dags/crawl_crypto_prices.py
[2026-03-20T04:31:33.284+0000] {logging_mixin.py:188} INFO - [2026-03-20T04:31:33.284+0000] {dag.py:3036} INFO - Sync 1 DAGs
[2026-03-20T04:31:33.294+0000] {logging_mixin.py:188} INFO - [2026-03-20T04:31:33.294+0000] {dag.py:3823} INFO - Setting next_dagrun for crawl_crypto_prices to 2026-03-20 04:00:00+00:00, run_after=2026-03-20 05:00:00+00:00
[2026-03-20T04:31:33.300+0000] {processor.py:183} INFO - Processing /opt/airflow/dags/crawl_crypto_prices.py took 0.049 seconds
[2026-03-20T04:32:03.553+0000] {processor.py:161} INFO - Started process (PID=3281) to work on /opt/airflow/dags/crawl_crypto_prices.py
[2026-03-20T04:32:03.554+0000] {processor.py:830} INFO - Processing file /opt/airflow/dags/crawl_crypto_prices.py for tasks to queue
[2026-03-20T04:32:03.554+0000] {logging_mixin.py:188} INFO - [2026-03-20T04:32:03.554+0000] {dagbag.py:538} INFO - Filling up the DagBag from /opt/airflow/dags/crawl_crypto_prices.py
[2026-03-20T04:32:03.560+0000] {processor.py:840} INFO - DAG(s) 'crawl_crypto_prices' retrieved from /opt/airflow/dags/crawl_crypto_prices.py
[2026-03-20T04:32:03.572+0000] {logging_mixin.py:188} INFO - [2026-03-20T04:32:03.572+0000] {dag.py:3036} INFO - Sync 1 DAGs
[2026-03-20T04:32:03.580+0000] {logging_mixin.py:188} INFO - [2026-03-20T04:32:03.580+0000] {dag.py:3823} INFO - Setting next_dagrun for crawl_crypto_prices to 2026-03-20 04:00:00+00:00, run_after=2026-03-20 05:00:00+00:00
[2026-03-20T04:32:03.586+0000] {processor.py:183} INFO - Processing /opt/airflow/dags/crawl_crypto_prices.py took 0.034 seconds
[2026-03-20T04:46:17.840+0000] {processor.py:161} INFO - Started process (PID=3288) to work on /opt/airflow/dags/crawl_crypto_prices.py
[2026-03-20T04:46:17.840+0000] {processor.py:830} INFO - Processing file /opt/airflow/dags/crawl_crypto_prices.py for tasks to queue
[2026-03-20T04:46:17.841+0000] {logging_mixin.py:188} INFO - [2026-03-20T04:46:17.841+0000] {dagbag.py:538} INFO - Filling up the DagBag from /opt/airflow/dags/crawl_crypto_prices.py
[2026-03-20T04:46:17.849+0000] {processor.py:840} INFO - DAG(s) 'crawl_crypto_prices' retrieved from /opt/airflow/dags/crawl_crypto_prices.py
[2026-03-20T04:46:17.870+0000] {logging_mixin.py:188} INFO - [2026-03-20T04:46:17.869+0000] {dag.py:3036} INFO - Sync 1 DAGs
[2026-03-20T04:46:17.887+0000] {logging_mixin.py:188} INFO - [2026-03-20T04:46:17.887+0000] {dag.py:3823} INFO - Setting next_dagrun for crawl_crypto_prices to 2026-03-20 04:00:00+00:00, run_after=2026-03-20 05:00:00+00:00
[2026-03-20T04:46:17.902+0000] {processor.py:183} INFO - Processing /opt/airflow/dags/crawl_crypto_prices.py took 0.064 seconds
[2026-03-20T04:46:48.194+0000] {processor.py:161} INFO - Started process (PID=3293) to work on /opt/airflow/dags/crawl_crypto_prices.py
[2026-03-20T04:46:48.194+0000] {processor.py:830} INFO - Processing file /opt/airflow/dags/crawl_crypto_prices.py for tasks to queue
[2026-03-20T04:46:48.195+0000] {logging_mixin.py:188} INFO - [2026-03-20T04:46:48.195+0000] {dagbag.py:538} INFO - Filling up the DagBag from /opt/airflow/dags/crawl_crypto_prices.py
[2026-03-20T04:46:48.208+0000] {processor.py:840} INFO - DAG(s) 'crawl_crypto_prices' retrieved from /opt/airflow/dags/crawl_crypto_prices.py
[2026-03-20T04:46:48.227+0000] {logging_mixin.py:188} INFO - [2026-03-20T04:46:48.227+0000] {dag.py:3036} INFO - Sync 1 DAGs
[2026-03-20T04:46:48.239+0000] {logging_mixin.py:188} INFO - [2026-03-20T04:46:48.239+0000] {dag.py:3823} INFO - Setting next_dagrun for crawl_crypto_prices to 2026-03-20 04:00:00+00:00, run_after=2026-03-20 05:00:00+00:00
[2026-03-20T04:46:48.246+0000] {processor.py:183} INFO - Processing /opt/airflow/dags/crawl_crypto_prices.py took 0.056 seconds
[2026-03-20T04:47:18.547+0000] {processor.py:161} INFO - Started process (PID=3298) to work on /opt/airflow/dags/crawl_crypto_prices.py
[2026-03-20T04:47:18.548+0000] {processor.py:830} INFO - Processing file /opt/airflow/dags/crawl_crypto_prices.py for tasks to queue
[2026-03-20T04:47:18.548+0000] {logging_mixin.py:188} INFO - [2026-03-20T04:47:18.548+0000] {dagbag.py:538} INFO - Filling up the DagBag from /opt/airflow/dags/crawl_crypto_prices.py
[2026-03-20T04:47:18.557+0000] {processor.py:840} INFO - DAG(s) 'crawl_crypto_prices' retrieved from /opt/airflow/dags/crawl_crypto_prices.py
[2026-03-20T04:47:18.569+0000] {logging_mixin.py:188} INFO - [2026-03-20T04:47:18.569+0000] {dag.py:3036} INFO - Sync 1 DAGs
[2026-03-20T04:47:18.579+0000] {logging_mixin.py:188} INFO - [2026-03-20T04:47:18.579+0000] {dag.py:3823} INFO - Setting next_dagrun for crawl_crypto_prices to 2026-03-20 04:00:00+00:00, run_after=2026-03-20 05:00:00+00:00
[2026-03-20T04:47:18.585+0000] {processor.py:183} INFO - Processing /opt/airflow/dags/crawl_crypto_prices.py took 0.041 seconds
[2026-03-20T04:53:06.848+0000] {processor.py:161} INFO - Started process (PID=3305) to work on /opt/airflow/dags/crawl_crypto_prices.py
[2026-03-20T04:53:06.849+0000] {processor.py:830} INFO - Processing file /opt/airflow/dags/crawl_crypto_prices.py for tasks to queue
[2026-03-20T04:53:06.849+0000] {logging_mixin.py:188} INFO - [2026-03-20T04:53:06.849+0000] {dagbag.py:538} INFO - Filling up the DagBag from /opt/airflow/dags/crawl_crypto_prices.py
[2026-03-20T04:53:06.859+0000] {processor.py:840} INFO - DAG(s) 'crawl_crypto_prices' retrieved from /opt/airflow/dags/crawl_crypto_prices.py
[2026-03-20T04:53:06.879+0000] {logging_mixin.py:188} INFO - [2026-03-20T04:53:06.878+0000] {dag.py:3036} INFO - Sync 1 DAGs
[2026-03-20T04:53:06.895+0000] {logging_mixin.py:188} INFO - [2026-03-20T04:53:06.895+0000] {dag.py:3823} INFO - Setting next_dagrun for crawl_crypto_prices to 2026-03-20 04:00:00+00:00, run_after=2026-03-20 05:00:00+00:00
[2026-03-20T04:53:06.921+0000] {processor.py:183} INFO - Processing /opt/airflow/dags/crawl_crypto_prices.py took 0.076 seconds
[2026-03-20T04:53:37.182+0000] {processor.py:161} INFO - Started process (PID=3310) to work on /opt/airflow/dags/crawl_crypto_prices.py
[2026-03-20T04:53:37.183+0000] {processor.py:830} INFO - Processing file /opt/airflow/dags/crawl_crypto_prices.py for tasks to queue
[2026-03-20T04:53:37.184+0000] {logging_mixin.py:188} INFO - [2026-03-20T04:53:37.184+0000] {dagbag.py:538} INFO - Filling up the DagBag from /opt/airflow/dags/crawl_crypto_prices.py
[2026-03-20T04:53:37.195+0000] {processor.py:840} INFO - DAG(s) 'crawl_crypto_prices' retrieved from /opt/airflow/dags/crawl_crypto_prices.py
[2026-03-20T04:53:37.214+0000] {logging_mixin.py:188} INFO - [2026-03-20T04:53:37.214+0000] {dag.py:3036} INFO - Sync 1 DAGs
[2026-03-20T04:53:37.223+0000] {logging_mixin.py:188} INFO - [2026-03-20T04:53:37.223+0000] {dag.py:3823} INFO - Setting next_dagrun for crawl_crypto_prices to 2026-03-20 04:00:00+00:00, run_after=2026-03-20 05:00:00+00:00
[2026-03-20T04:53:37.230+0000] {processor.py:183} INFO - Processing /opt/airflow/dags/crawl_crypto_prices.py took 0.050 seconds
[2026-03-20T04:54:07.456+0000] {processor.py:161} INFO - Started process (PID=3315) to work on /opt/airflow/dags/crawl_crypto_prices.py
[2026-03-20T04:54:07.457+0000] {processor.py:830} INFO - Processing file /opt/airflow/dags/crawl_crypto_prices.py for tasks to queue
[2026-03-20T04:54:07.458+0000] {logging_mixin.py:188} INFO - [2026-03-20T04:54:07.458+0000] {dagbag.py:538} INFO - Filling up the DagBag from /opt/airflow/dags/crawl_crypto_prices.py
[2026-03-20T04:54:07.467+0000] {processor.py:840} INFO - DAG(s) 'crawl_crypto_prices' retrieved from /opt/airflow/dags/crawl_crypto_prices.py
[2026-03-20T04:54:07.485+0000] {logging_mixin.py:188} INFO - [2026-03-20T04:54:07.485+0000] {dag.py:3036} INFO - Sync 1 DAGs
[2026-03-20T04:54:07.495+0000] {logging_mixin.py:188} INFO - [2026-03-20T04:54:07.495+0000] {dag.py:3823} INFO - Setting next_dagrun for crawl_crypto_prices to 2026-03-20 04:00:00+00:00, run_after=2026-03-20 05:00:00+00:00
[2026-03-20T04:54:07.500+0000] {processor.py:183} INFO - Processing /opt/airflow/dags/crawl_crypto_prices.py took 0.047 seconds
[2026-03-20T04:54:37.802+0000] {processor.py:161} INFO - Started process (PID=3320) to work on /opt/airflow/dags/crawl_crypto_prices.py
[2026-03-20T04:54:37.803+0000] {processor.py:830} INFO - Processing file /opt/airflow/dags/crawl_crypto_prices.py for tasks to queue
[2026-03-20T04:54:37.804+0000] {logging_mixin.py:188} INFO - [2026-03-20T04:54:37.803+0000] {dagbag.py:538} INFO - Filling up the DagBag from /opt/airflow/dags/crawl_crypto_prices.py
[2026-03-20T04:54:37.813+0000] {processor.py:840} INFO - DAG(s) 'crawl_crypto_prices' retrieved from /opt/airflow/dags/crawl_crypto_prices.py
[2026-03-20T04:54:37.830+0000] {logging_mixin.py:188} INFO - [2026-03-20T04:54:37.830+0000] {dag.py:3036} INFO - Sync 1 DAGs
[2026-03-20T04:54:37.839+0000] {logging_mixin.py:188} INFO - [2026-03-20T04:54:37.839+0000] {dag.py:3823} INFO - Setting next_dagrun for crawl_crypto_prices to 2026-03-20 04:00:00+00:00, run_after=2026-03-20 05:00:00+00:00
[2026-03-20T04:54:37.845+0000] {processor.py:183} INFO - Processing /opt/airflow/dags/crawl_crypto_prices.py took 0.046 seconds
[2026-03-20T04:56:58.587+0000] {processor.py:161} INFO - Started process (PID=3327) to work on /opt/airflow/dags/crawl_crypto_prices.py
[2026-03-20T04:56:58.587+0000] {processor.py:830} INFO - Processing file /opt/airflow/dags/crawl_crypto_prices.py for tasks to queue
[2026-03-20T04:56:58.588+0000] {logging_mixin.py:188} INFO - [2026-03-20T04:56:58.588+0000] {dagbag.py:538} INFO - Filling up the DagBag from /opt/airflow/dags/crawl_crypto_prices.py
[2026-03-20T04:56:58.598+0000] {processor.py:840} INFO - DAG(s) 'crawl_crypto_prices' retrieved from /opt/airflow/dags/crawl_crypto_prices.py
[2026-03-20T04:56:58.620+0000] {logging_mixin.py:188} INFO - [2026-03-20T04:56:58.620+0000] {dag.py:3036} INFO - Sync 1 DAGs
[2026-03-20T04:56:58.640+0000] {logging_mixin.py:188} INFO - [2026-03-20T04:56:58.640+0000] {dag.py:3823} INFO - Setting next_dagrun for crawl_crypto_prices to 2026-03-20 04:00:00+00:00, run_after=2026-03-20 05:00:00+00:00
[2026-03-20T04:56:58.654+0000] {processor.py:183} INFO - Processing /opt/airflow/dags/crawl_crypto_prices.py took 0.070 seconds
[2026-03-20T05:28:37.143+0000] {processor.py:161} INFO - Started process (PID=3334) to work on /opt/airflow/dags/crawl_crypto_prices.py
[2026-03-20T05:28:37.144+0000] {processor.py:830} INFO - Processing file /opt/airflow/dags/crawl_crypto_prices.py for tasks to queue
[2026-03-20T05:28:37.144+0000] {logging_mixin.py:188} INFO - [2026-03-20T05:28:37.144+0000] {dagbag.py:538} INFO - Filling up the DagBag from /opt/airflow/dags/crawl_crypto_prices.py
[2026-03-20T05:28:37.151+0000] {processor.py:840} INFO - DAG(s) 'crawl_crypto_prices' retrieved from /opt/airflow/dags/crawl_crypto_prices.py
[2026-03-20T05:28:37.166+0000] {logging_mixin.py:188} INFO - [2026-03-20T05:28:37.166+0000] {dag.py:3036} INFO - Sync 1 DAGs
[2026-03-20T05:28:37.176+0000] {logging_mixin.py:188} INFO - [2026-03-20T05:28:37.176+0000] {dag.py:3823} INFO - Setting next_dagrun for crawl_crypto_prices to 2026-03-20 05:00:00+00:00, run_after=2026-03-20 06:00:00+00:00
[2026-03-20T05:28:37.182+0000] {processor.py:183} INFO - Processing /opt/airflow/dags/crawl_crypto_prices.py took 0.041 seconds
[2026-03-20T06:03:12.298+0000] {processor.py:161} INFO - Started process (PID=3341) to work on /opt/airflow/dags/crawl_crypto_prices.py
[2026-03-20T06:03:12.298+0000] {processor.py:830} INFO - Processing file /opt/airflow/dags/crawl_crypto_prices.py for tasks to queue
[2026-03-20T06:03:12.299+0000] {logging_mixin.py:188} INFO - [2026-03-20T06:03:12.299+0000] {dagbag.py:538} INFO - Filling up the DagBag from /opt/airflow/dags/crawl_crypto_prices.py
[2026-03-20T06:03:12.308+0000] {processor.py:840} INFO - DAG(s) 'crawl_crypto_prices' retrieved from /opt/airflow/dags/crawl_crypto_prices.py
[2026-03-20T06:03:12.333+0000] {logging_mixin.py:188} INFO - [2026-03-20T06:03:12.333+0000] {dag.py:3036} INFO - Sync 1 DAGs
[2026-03-20T06:03:12.352+0000] {logging_mixin.py:188} INFO - [2026-03-20T06:03:12.352+0000] {dag.py:3823} INFO - Setting next_dagrun for crawl_crypto_prices to 2026-03-20 06:00:00+00:00, run_after=2026-03-20 07:00:00+00:00
[2026-03-20T06:03:12.366+0000] {processor.py:183} INFO - Processing /opt/airflow/dags/crawl_crypto_prices.py took 0.071 seconds
[2026-03-20T06:09:49.738+0000] {processor.py:161} INFO - Started process (PID=3346) to work on /opt/airflow/dags/crawl_crypto_prices.py
[2026-03-20T06:09:49.739+0000] {processor.py:830} INFO - Processing file /opt/airflow/dags/crawl_crypto_prices.py for tasks to queue
[2026-03-20T06:09:49.739+0000] {logging_mixin.py:188} INFO - [2026-03-20T06:09:49.739+0000] {dagbag.py:538} INFO - Filling up the DagBag from /opt/airflow/dags/crawl_crypto_prices.py
[2026-03-20T06:09:49.744+0000] {processor.py:840} INFO - DAG(s) 'crawl_crypto_prices' retrieved from /opt/airflow/dags/crawl_crypto_prices.py
[2026-03-20T06:09:49.755+0000] {logging_mixin.py:188} INFO - [2026-03-20T06:09:49.754+0000] {dag.py:3036} INFO - Sync 1 DAGs
[2026-03-20T06:09:49.762+0000] {logging_mixin.py:188} INFO - [2026-03-20T06:09:49.762+0000] {dag.py:3823} INFO - Setting next_dagrun for crawl_crypto_prices to 2026-03-20 06:00:00+00:00, run_after=2026-03-20 07:00:00+00:00
[2026-03-20T06:09:49.767+0000] {processor.py:183} INFO - Processing /opt/airflow/dags/crawl_crypto_prices.py took 0.030 seconds
[2026-03-20T06:35:26.843+0000] {processor.py:161} INFO - Started process (PID=3353) to work on /opt/airflow/dags/crawl_crypto_prices.py
[2026-03-20T06:35:26.845+0000] {processor.py:830} INFO - Processing file /opt/airflow/dags/crawl_crypto_prices.py for tasks to queue
[2026-03-20T06:35:26.847+0000] {logging_mixin.py:188} INFO - [2026-03-20T06:35:26.846+0000] {dagbag.py:538} INFO - Filling up the DagBag from /opt/airflow/dags/crawl_crypto_prices.py
[2026-03-20T06:35:26.876+0000] {processor.py:840} INFO - DAG(s) 'crawl_crypto_prices' retrieved from /opt/airflow/dags/crawl_crypto_prices.py
[2026-03-20T06:35:26.916+0000] {logging_mixin.py:188} INFO - [2026-03-20T06:35:26.916+0000] {dag.py:3036} INFO - Sync 1 DAGs
[2026-03-20T06:35:26.941+0000] {logging_mixin.py:188} INFO - [2026-03-20T06:35:26.941+0000] {dag.py:3823} INFO - Setting next_dagrun for crawl_crypto_prices to 2026-03-20 06:00:00+00:00, run_after=2026-03-20 07:00:00+00:00
[2026-03-20T06:35:26.966+0000] {processor.py:183} INFO - Processing /opt/airflow/dags/crawl_crypto_prices.py took 0.130 seconds
[2026-03-20T06:35:57.143+0000] {processor.py:161} INFO - Started process (PID=3358) to work on /opt/airflow/dags/crawl_crypto_prices.py
[2026-03-20T06:35:57.145+0000] {processor.py:830} INFO - Processing file /opt/airflow/dags/crawl_crypto_prices.py for tasks to queue
[2026-03-20T06:35:57.145+0000] {logging_mixin.py:188} INFO - [2026-03-20T06:35:57.145+0000] {dagbag.py:538} INFO - Filling up the DagBag from /opt/airflow/dags/crawl_crypto_prices.py
[2026-03-20T06:35:57.156+0000] {processor.py:840} INFO - DAG(s) 'crawl_crypto_prices' retrieved from /opt/airflow/dags/crawl_crypto_prices.py
[2026-03-20T06:35:57.175+0000] {logging_mixin.py:188} INFO - [2026-03-20T06:35:57.175+0000] {dag.py:3036} INFO - Sync 1 DAGs
[2026-03-20T06:35:57.185+0000] {logging_mixin.py:188} INFO - [2026-03-20T06:35:57.185+0000] {dag.py:3823} INFO - Setting next_dagrun for crawl_crypto_prices to 2026-03-20 06:00:00+00:00, run_after=2026-03-20 07:00:00+00:00
[2026-03-20T06:35:57.191+0000] {processor.py:183} INFO - Processing /opt/airflow/dags/crawl_crypto_prices.py took 0.053 seconds
[2026-03-20T06:36:27.450+0000] {processor.py:161} INFO - Started process (PID=3363) to work on /opt/airflow/dags/crawl_crypto_prices.py
[2026-03-20T06:36:27.451+0000] {processor.py:830} INFO - Processing file /opt/airflow/dags/crawl_crypto_prices.py for tasks to queue
[2026-03-20T06:36:27.451+0000] {logging_mixin.py:188} INFO - [2026-03-20T06:36:27.451+0000] {dagbag.py:538} INFO - Filling up the DagBag from /opt/airflow/dags/crawl_crypto_prices.py
[2026-03-20T06:36:27.462+0000] {processor.py:840} INFO - DAG(s) 'crawl_crypto_prices' retrieved from /opt/airflow/dags/crawl_crypto_prices.py
[2026-03-20T06:36:27.481+0000] {logging_mixin.py:188} INFO - [2026-03-20T06:36:27.481+0000] {dag.py:3036} INFO - Sync 1 DAGs
[2026-03-20T06:36:27.492+0000] {logging_mixin.py:188} INFO - [2026-03-20T06:36:27.492+0000] {dag.py:3823} INFO - Setting next_dagrun for crawl_crypto_prices to 2026-03-20 06:00:00+00:00, run_after=2026-03-20 07:00:00+00:00
[2026-03-20T06:36:27.499+0000] {processor.py:183} INFO - Processing /opt/airflow/dags/crawl_crypto_prices.py took 0.053 seconds
[2026-03-20T06:36:57.780+0000] {processor.py:161} INFO - Started process (PID=3368) to work on /opt/airflow/dags/crawl_crypto_prices.py
[2026-03-20T06:36:57.781+0000] {processor.py:830} INFO - Processing file /opt/airflow/dags/crawl_crypto_prices.py for tasks to queue
[2026-03-20T06:36:57.782+0000] {logging_mixin.py:188} INFO - [2026-03-20T06:36:57.782+0000] {dagbag.py:538} INFO - Filling up the DagBag from /opt/airflow/dags/crawl_crypto_prices.py
[2026-03-20T06:36:57.793+0000] {processor.py:840} INFO - DAG(s) 'crawl_crypto_prices' retrieved from /opt/airflow/dags/crawl_crypto_prices.py
[2026-03-20T06:36:57.810+0000] {logging_mixin.py:188} INFO - [2026-03-20T06:36:57.810+0000] {dag.py:3036} INFO - Sync 1 DAGs
[2026-03-20T06:36:57.824+0000] {logging_mixin.py:188} INFO - [2026-03-20T06:36:57.824+0000] {dag.py:3823} INFO - Setting next_dagrun for crawl_crypto_prices to 2026-03-20 06:00:00+00:00, run_after=2026-03-20 07:00:00+00:00
[2026-03-20T06:36:57.831+0000] {processor.py:183} INFO - Processing /opt/airflow/dags/crawl_crypto_prices.py took 0.054 seconds
[2026-03-20T06:37:28.097+0000] {processor.py:161} INFO - Started process (PID=3373) to work on /opt/airflow/dags/crawl_crypto_prices.py
[2026-03-20T06:37:28.098+0000] {processor.py:830} INFO - Processing file /opt/airflow/dags/crawl_crypto_prices.py for tasks to queue
[2026-03-20T06:37:28.099+0000] {logging_mixin.py:188} INFO - [2026-03-20T06:37:28.099+0000] {dagbag.py:538} INFO - Filling up the DagBag from /opt/airflow/dags/crawl_crypto_prices.py
[2026-03-20T06:37:28.109+0000] {processor.py:840} INFO - DAG(s) 'crawl_crypto_prices' retrieved from /opt/airflow/dags/crawl_crypto_prices.py
[2026-03-20T06:37:28.125+0000] {logging_mixin.py:188} INFO - [2026-03-20T06:37:28.125+0000] {dag.py:3036} INFO - Sync 1 DAGs
[2026-03-20T06:37:28.134+0000] {logging_mixin.py:188} INFO - [2026-03-20T06:37:28.134+0000] {dag.py:3823} INFO - Setting next_dagrun for crawl_crypto_prices to 2026-03-20 06:00:00+00:00, run_after=2026-03-20 07:00:00+00:00
[2026-03-20T06:37:28.140+0000] {processor.py:183} INFO - Processing /opt/airflow/dags/crawl_crypto_prices.py took 0.046 seconds
[2026-03-20T06:37:58.384+0000] {processor.py:161} INFO - Started process (PID=3378) to work on /opt/airflow/dags/crawl_crypto_prices.py
[2026-03-20T06:37:58.385+0000] {processor.py:830} INFO - Processing file /opt/airflow/dags/crawl_crypto_prices.py for tasks to queue
[2026-03-20T06:37:58.386+0000] {logging_mixin.py:188} INFO - [2026-03-20T06:37:58.386+0000] {dagbag.py:538} INFO - Filling up the DagBag from /opt/airflow/dags/crawl_crypto_prices.py
[2026-03-20T06:37:58.397+0000] {processor.py:840} INFO - DAG(s) 'crawl_crypto_prices' retrieved from /opt/airflow/dags/crawl_crypto_prices.py
[2026-03-20T06:37:58.416+0000] {logging_mixin.py:188} INFO - [2026-03-20T06:37:58.416+0000] {dag.py:3036} INFO - Sync 1 DAGs
[2026-03-20T06:37:58.426+0000] {logging_mixin.py:188} INFO - [2026-03-20T06:37:58.426+0000] {dag.py:3823} INFO - Setting next_dagrun for crawl_crypto_prices to 2026-03-20 06:00:00+00:00, run_after=2026-03-20 07:00:00+00:00
[2026-03-20T06:37:58.432+0000] {processor.py:183} INFO - Processing /opt/airflow/dags/crawl_crypto_prices.py took 0.051 seconds
[2026-03-20T06:38:28.662+0000] {processor.py:161} INFO - Started process (PID=3383) to work on /opt/airflow/dags/crawl_crypto_prices.py
[2026-03-20T06:38:28.663+0000] {processor.py:830} INFO - Processing file /opt/airflow/dags/crawl_crypto_prices.py for tasks to queue
[2026-03-20T06:38:28.663+0000] {logging_mixin.py:188} INFO - [2026-03-20T06:38:28.663+0000] {dagbag.py:538} INFO - Filling up the DagBag from /opt/airflow/dags/crawl_crypto_prices.py
[2026-03-20T06:38:28.674+0000] {processor.py:840} INFO - DAG(s) 'crawl_crypto_prices' retrieved from /opt/airflow/dags/crawl_crypto_prices.py
[2026-03-20T06:38:28.693+0000] {logging_mixin.py:188} INFO - [2026-03-20T06:38:28.693+0000] {dag.py:3036} INFO - Sync 1 DAGs
[2026-03-20T06:38:28.703+0000] {logging_mixin.py:188} INFO - [2026-03-20T06:38:28.703+0000] {dag.py:3823} INFO - Setting next_dagrun for crawl_crypto_prices to 2026-03-20 06:00:00+00:00, run_after=2026-03-20 07:00:00+00:00
[2026-03-20T06:38:28.710+0000] {processor.py:183} INFO - Processing /opt/airflow/dags/crawl_crypto_prices.py took 0.051 seconds
[2026-03-20T06:38:58.899+0000] {processor.py:161} INFO - Started process (PID=3388) to work on /opt/airflow/dags/crawl_crypto_prices.py
[2026-03-20T06:38:58.900+0000] {processor.py:830} INFO - Processing file /opt/airflow/dags/crawl_crypto_prices.py for tasks to queue
[2026-03-20T06:38:58.902+0000] {logging_mixin.py:188} INFO - [2026-03-20T06:38:58.902+0000] {dagbag.py:538} INFO - Filling up the DagBag from /opt/airflow/dags/crawl_crypto_prices.py
[2026-03-20T06:38:58.913+0000] {processor.py:840} INFO - DAG(s) 'crawl_crypto_prices' retrieved from /opt/airflow/dags/crawl_crypto_prices.py
[2026-03-20T06:38:58.931+0000] {logging_mixin.py:188} INFO - [2026-03-20T06:38:58.931+0000] {dag.py:3036} INFO - Sync 1 DAGs
[2026-03-20T06:38:58.941+0000] {logging_mixin.py:188} INFO - [2026-03-20T06:38:58.940+0000] {dag.py:3823} INFO - Setting next_dagrun for crawl_crypto_prices to 2026-03-20 06:00:00+00:00, run_after=2026-03-20 07:00:00+00:00
[2026-03-20T06:38:58.947+0000] {processor.py:183} INFO - Processing /opt/airflow/dags/crawl_crypto_prices.py took 0.052 seconds
[2026-03-20T06:39:29.180+0000] {processor.py:161} INFO - Started process (PID=3393) to work on /opt/airflow/dags/crawl_crypto_prices.py
[2026-03-20T06:39:29.182+0000] {processor.py:830} INFO - Processing file /opt/airflow/dags/crawl_crypto_prices.py for tasks to queue
[2026-03-20T06:39:29.183+0000] {logging_mixin.py:188} INFO - [2026-03-20T06:39:29.182+0000] {dagbag.py:538} INFO - Filling up the DagBag from /opt/airflow/dags/crawl_crypto_prices.py
[2026-03-20T06:39:29.193+0000] {processor.py:840} INFO - DAG(s) 'crawl_crypto_prices' retrieved from /opt/airflow/dags/crawl_crypto_prices.py
[2026-03-20T06:39:29.213+0000] {logging_mixin.py:188} INFO - [2026-03-20T06:39:29.213+0000] {dag.py:3036} INFO - Sync 1 DAGs
[2026-03-20T06:39:29.225+0000] {logging_mixin.py:188} INFO - [2026-03-20T06:39:29.225+0000] {dag.py:3823} INFO - Setting next_dagrun for crawl_crypto_prices to 2026-03-20 06:00:00+00:00, run_after=2026-03-20 07:00:00+00:00
[2026-03-20T06:39:29.232+0000] {processor.py:183} INFO - Processing /opt/airflow/dags/crawl_crypto_prices.py took 0.055 seconds
[2026-03-20T06:39:59.497+0000] {processor.py:161} INFO - Started process (PID=3398) to work on /opt/airflow/dags/crawl_crypto_prices.py
[2026-03-20T06:39:59.498+0000] {processor.py:830} INFO - Processing file /opt/airflow/dags/crawl_crypto_prices.py for tasks to queue
[2026-03-20T06:39:59.499+0000] {logging_mixin.py:188} INFO - [2026-03-20T06:39:59.498+0000] {dagbag.py:538} INFO - Filling up the DagBag from /opt/airflow/dags/crawl_crypto_prices.py
[2026-03-20T06:39:59.511+0000] {processor.py:840} INFO - DAG(s) 'crawl_crypto_prices' retrieved from /opt/airflow/dags/crawl_crypto_prices.py
[2026-03-20T06:39:59.530+0000] {logging_mixin.py:188} INFO - [2026-03-20T06:39:59.530+0000] {dag.py:3036} INFO - Sync 1 DAGs
[2026-03-20T06:39:59.539+0000] {logging_mixin.py:188} INFO - [2026-03-20T06:39:59.539+0000] {dag.py:3823} INFO - Setting next_dagrun for crawl_crypto_prices to 2026-03-20 06:00:00+00:00, run_after=2026-03-20 07:00:00+00:00
[2026-03-20T06:39:59.545+0000] {processor.py:183} INFO - Processing /opt/airflow/dags/crawl_crypto_prices.py took 0.052 seconds
[2026-03-20T06:40:29.768+0000] {processor.py:161} INFO - Started process (PID=3403) to work on /opt/airflow/dags/crawl_crypto_prices.py
[2026-03-20T06:40:29.769+0000] {processor.py:830} INFO - Processing file /opt/airflow/dags/crawl_crypto_prices.py for tasks to queue
[2026-03-20T06:40:29.771+0000] {logging_mixin.py:188} INFO - [2026-03-20T06:40:29.771+0000] {dagbag.py:538} INFO - Filling up the DagBag from /opt/airflow/dags/crawl_crypto_prices.py
[2026-03-20T06:40:29.783+0000] {processor.py:840} INFO - DAG(s) 'crawl_crypto_prices' retrieved from /opt/airflow/dags/crawl_crypto_prices.py
[2026-03-20T06:40:29.805+0000] {logging_mixin.py:188} INFO - [2026-03-20T06:40:29.805+0000] {dag.py:3036} INFO - Sync 1 DAGs
[2026-03-20T06:40:29.815+0000] {logging_mixin.py:188} INFO - [2026-03-20T06:40:29.814+0000] {dag.py:3823} INFO - Setting next_dagrun for crawl_crypto_prices to 2026-03-20 06:00:00+00:00, run_after=2026-03-20 07:00:00+00:00
[2026-03-20T06:40:29.821+0000] {processor.py:183} INFO - Processing /opt/airflow/dags/crawl_crypto_prices.py took 0.057 seconds
[2026-03-20T06:41:00.108+0000] {processor.py:161} INFO - Started process (PID=3408) to work on /opt/airflow/dags/crawl_crypto_prices.py
[2026-03-20T06:41:00.109+0000] {processor.py:830} INFO - Processing file /opt/airflow/dags/crawl_crypto_prices.py for tasks to queue
[2026-03-20T06:41:00.109+0000] {logging_mixin.py:188} INFO - [2026-03-20T06:41:00.109+0000] {dagbag.py:538} INFO - Filling up the DagBag from /opt/airflow/dags/crawl_crypto_prices.py
[2026-03-20T06:41:00.120+0000] {processor.py:840} INFO - DAG(s) 'crawl_crypto_prices' retrieved from /opt/airflow/dags/crawl_crypto_prices.py
[2026-03-20T06:41:00.139+0000] {logging_mixin.py:188} INFO - [2026-03-20T06:41:00.138+0000] {dag.py:3036} INFO - Sync 1 DAGs
[2026-03-20T06:41:00.150+0000] {logging_mixin.py:188} INFO - [2026-03-20T06:41:00.150+0000] {dag.py:3823} INFO - Setting next_dagrun for crawl_crypto_prices to 2026-03-20 06:00:00+00:00, run_after=2026-03-20 07:00:00+00:00
[2026-03-20T06:41:00.156+0000] {processor.py:183} INFO - Processing /opt/airflow/dags/crawl_crypto_prices.py took 0.052 seconds
[2026-03-20T06:41:52.359+0000] {processor.py:161} INFO - Started process (PID=3415) to work on /opt/airflow/dags/crawl_crypto_prices.py
[2026-03-20T06:41:52.361+0000] {processor.py:830} INFO - Processing file /opt/airflow/dags/crawl_crypto_prices.py for tasks to queue
[2026-03-20T06:41:52.362+0000] {logging_mixin.py:188} INFO - [2026-03-20T06:41:52.361+0000] {dagbag.py:538} INFO - Filling up the DagBag from /opt/airflow/dags/crawl_crypto_prices.py
[2026-03-20T06:41:52.373+0000] {processor.py:840} INFO - DAG(s) 'crawl_crypto_prices' retrieved from /opt/airflow/dags/crawl_crypto_prices.py
[2026-03-20T06:41:52.393+0000] {logging_mixin.py:188} INFO - [2026-03-20T06:41:52.393+0000] {dag.py:3036} INFO - Sync 1 DAGs
[2026-03-20T06:41:52.404+0000] {logging_mixin.py:188} INFO - [2026-03-20T06:41:52.404+0000] {dag.py:3823} INFO - Setting next_dagrun for crawl_crypto_prices to 2026-03-20 06:00:00+00:00, run_after=2026-03-20 07:00:00+00:00
[2026-03-20T06:41:52.412+0000] {processor.py:183} INFO - Processing /opt/airflow/dags/crawl_crypto_prices.py took 0.058 seconds
[2026-03-20T06:42:22.731+0000] {processor.py:161} INFO - Started process (PID=3420) to work on /opt/airflow/dags/crawl_crypto_prices.py
[2026-03-20T06:42:22.732+0000] {processor.py:830} INFO - Processing file /opt/airflow/dags/crawl_crypto_prices.py for tasks to queue
[2026-03-20T06:42:22.733+0000] {logging_mixin.py:188} INFO - [2026-03-20T06:42:22.733+0000] {dagbag.py:538} INFO - Filling up the DagBag from /opt/airflow/dags/crawl_crypto_prices.py
[2026-03-20T06:42:22.744+0000] {processor.py:840} INFO - DAG(s) 'crawl_crypto_prices' retrieved from /opt/airflow/dags/crawl_crypto_prices.py
[2026-03-20T06:42:22.763+0000] {logging_mixin.py:188} INFO - [2026-03-20T06:42:22.763+0000] {dag.py:3036} INFO - Sync 1 DAGs
[2026-03-20T06:42:22.772+0000] {logging_mixin.py:188} INFO - [2026-03-20T06:42:22.772+0000] {dag.py:3823} INFO - Setting next_dagrun for crawl_crypto_prices to 2026-03-20 06:00:00+00:00, run_after=2026-03-20 07:00:00+00:00
[2026-03-20T06:42:22.778+0000] {processor.py:183} INFO - Processing /opt/airflow/dags/crawl_crypto_prices.py took 0.051 seconds
[2026-03-20T06:42:53.051+0000] {processor.py:161} INFO - Started process (PID=3425) to work on /opt/airflow/dags/crawl_crypto_prices.py
[2026-03-20T06:42:53.052+0000] {processor.py:830} INFO - Processing file /opt/airflow/dags/crawl_crypto_prices.py for tasks to queue
[2026-03-20T06:42:53.052+0000] {logging_mixin.py:188} INFO - [2026-03-20T06:42:53.052+0000] {dagbag.py:538} INFO - Filling up the DagBag from /opt/airflow/dags/crawl_crypto_prices.py
[2026-03-20T06:42:53.063+0000] {processor.py:840} INFO - DAG(s) 'crawl_crypto_prices' retrieved from /opt/airflow/dags/crawl_crypto_prices.py
[2026-03-20T06:42:53.085+0000] {logging_mixin.py:188} INFO - [2026-03-20T06:42:53.085+0000] {dag.py:3036} INFO - Sync 1 DAGs
[2026-03-20T06:42:53.098+0000] {logging_mixin.py:188} INFO - [2026-03-20T06:42:53.098+0000] {dag.py:3823} INFO - Setting next_dagrun for crawl_crypto_prices to 2026-03-20 06:00:00+00:00, run_after=2026-03-20 07:00:00+00:00
[2026-03-20T06:42:53.106+0000] {processor.py:183} INFO - Processing /opt/airflow/dags/crawl_crypto_prices.py took 0.059 seconds
[2026-03-20T06:43:23.394+0000] {processor.py:161} INFO - Started process (PID=3430) to work on /opt/airflow/dags/crawl_crypto_prices.py
[2026-03-20T06:43:23.395+0000] {processor.py:830} INFO - Processing file /opt/airflow/dags/crawl_crypto_prices.py for tasks to queue
[2026-03-20T06:43:23.396+0000] {logging_mixin.py:188} INFO - [2026-03-20T06:43:23.396+0000] {dagbag.py:538} INFO - Filling up the DagBag from /opt/airflow/dags/crawl_crypto_prices.py
[2026-03-20T06:43:23.407+0000] {processor.py:840} INFO - DAG(s) 'crawl_crypto_prices' retrieved from /opt/airflow/dags/crawl_crypto_prices.py
[2026-03-20T06:43:23.426+0000] {logging_mixin.py:188} INFO - [2026-03-20T06:43:23.426+0000] {dag.py:3036} INFO - Sync 1 DAGs
[2026-03-20T06:43:23.437+0000] {logging_mixin.py:188} INFO - [2026-03-20T06:43:23.437+0000] {dag.py:3823} INFO - Setting next_dagrun for crawl_crypto_prices to 2026-03-20 06:00:00+00:00, run_after=2026-03-20 07:00:00+00:00
[2026-03-20T06:43:23.443+0000] {processor.py:183} INFO - Processing /opt/airflow/dags/crawl_crypto_prices.py took 0.053 seconds
[2026-03-20T06:43:53.726+0000] {processor.py:161} INFO - Started process (PID=3435) to work on /opt/airflow/dags/crawl_crypto_prices.py
[2026-03-20T06:43:53.727+0000] {processor.py:830} INFO - Processing file /opt/airflow/dags/crawl_crypto_prices.py for tasks to queue
[2026-03-20T06:43:53.728+0000] {logging_mixin.py:188} INFO - [2026-03-20T06:43:53.728+0000] {dagbag.py:538} INFO - Filling up the DagBag from /opt/airflow/dags/crawl_crypto_prices.py
[2026-03-20T06:43:53.737+0000] {processor.py:840} INFO - DAG(s) 'crawl_crypto_prices' retrieved from /opt/airflow/dags/crawl_crypto_prices.py
[2026-03-20T06:43:53.754+0000] {logging_mixin.py:188} INFO - [2026-03-20T06:43:53.754+0000] {dag.py:3036} INFO - Sync 1 DAGs
[2026-03-20T06:43:53.763+0000] {logging_mixin.py:188} INFO - [2026-03-20T06:43:53.763+0000] {dag.py:3823} INFO - Setting next_dagrun for crawl_crypto_prices to 2026-03-20 06:00:00+00:00, run_after=2026-03-20 07:00:00+00:00
[2026-03-20T06:43:53.770+0000] {processor.py:183} INFO - Processing /opt/airflow/dags/crawl_crypto_prices.py took 0.047 seconds
[2026-03-20T06:44:24.028+0000] {processor.py:161} INFO - Started process (PID=3440) to work on /opt/airflow/dags/crawl_crypto_prices.py
[2026-03-20T06:44:24.029+0000] {processor.py:830} INFO - Processing file /opt/airflow/dags/crawl_crypto_prices.py for tasks to queue
[2026-03-20T06:44:24.030+0000] {logging_mixin.py:188} INFO - [2026-03-20T06:44:24.030+0000] {dagbag.py:538} INFO - Filling up the DagBag from /opt/airflow/dags/crawl_crypto_prices.py
[2026-03-20T06:44:24.041+0000] {processor.py:840} INFO - DAG(s) 'crawl_crypto_prices' retrieved from /opt/airflow/dags/crawl_crypto_prices.py
[2026-03-20T06:44:24.058+0000] {logging_mixin.py:188} INFO - [2026-03-20T06:44:24.058+0000] {dag.py:3036} INFO - Sync 1 DAGs
[2026-03-20T06:44:24.069+0000] {logging_mixin.py:188} INFO - [2026-03-20T06:44:24.069+0000] {dag.py:3823} INFO - Setting next_dagrun for crawl_crypto_prices to 2026-03-20 06:00:00+00:00, run_after=2026-03-20 07:00:00+00:00
[2026-03-20T06:44:24.076+0000] {processor.py:183} INFO - Processing /opt/airflow/dags/crawl_crypto_prices.py took 0.051 seconds
[2026-03-20T06:44:54.346+0000] {processor.py:161} INFO - Started process (PID=3445) to work on /opt/airflow/dags/crawl_crypto_prices.py
[2026-03-20T06:44:54.347+0000] {processor.py:830} INFO - Processing file /opt/airflow/dags/crawl_crypto_prices.py for tasks to queue
[2026-03-20T06:44:54.348+0000] {logging_mixin.py:188} INFO - [2026-03-20T06:44:54.347+0000] {dagbag.py:538} INFO - Filling up the DagBag from /opt/airflow/dags/crawl_crypto_prices.py
[2026-03-20T06:44:54.356+0000] {processor.py:840} INFO - DAG(s) 'crawl_crypto_prices' retrieved from /opt/airflow/dags/crawl_crypto_prices.py
[2026-03-20T06:44:54.373+0000] {logging_mixin.py:188} INFO - [2026-03-20T06:44:54.373+0000] {dag.py:3036} INFO - Sync 1 DAGs
[2026-03-20T06:44:54.383+0000] {logging_mixin.py:188} INFO - [2026-03-20T06:44:54.383+0000] {dag.py:3823} INFO - Setting next_dagrun for crawl_crypto_prices to 2026-03-20 06:00:00+00:00, run_after=2026-03-20 07:00:00+00:00
[2026-03-20T06:44:54.389+0000] {processor.py:183} INFO - Processing /opt/airflow/dags/crawl_crypto_prices.py took 0.045 seconds
[2026-03-20T06:45:24.645+0000] {processor.py:161} INFO - Started process (PID=3450) to work on /opt/airflow/dags/crawl_crypto_prices.py
[2026-03-20T06:45:24.646+0000] {processor.py:830} INFO - Processing file /opt/airflow/dags/crawl_crypto_prices.py for tasks to queue
[2026-03-20T06:45:24.647+0000] {logging_mixin.py:188} INFO - [2026-03-20T06:45:24.647+0000] {dagbag.py:538} INFO - Filling up the DagBag from /opt/airflow/dags/crawl_crypto_prices.py
[2026-03-20T06:45:24.657+0000] {processor.py:840} INFO - DAG(s) 'crawl_crypto_prices' retrieved from /opt/airflow/dags/crawl_crypto_prices.py
[2026-03-20T06:45:24.680+0000] {logging_mixin.py:188} INFO - [2026-03-20T06:45:24.680+0000] {dag.py:3036} INFO - Sync 1 DAGs
[2026-03-20T06:45:24.694+0000] {logging_mixin.py:188} INFO - [2026-03-20T06:45:24.694+0000] {dag.py:3823} INFO - Setting next_dagrun for crawl_crypto_prices to 2026-03-20 06:00:00+00:00, run_after=2026-03-20 07:00:00+00:00
[2026-03-20T06:45:24.701+0000] {processor.py:183} INFO - Processing /opt/airflow/dags/crawl_crypto_prices.py took 0.059 seconds
[2026-03-20T06:45:54.966+0000] {processor.py:161} INFO - Started process (PID=3455) to work on /opt/airflow/dags/crawl_crypto_prices.py
[2026-03-20T06:45:54.967+0000] {processor.py:830} INFO - Processing file /opt/airflow/dags/crawl_crypto_prices.py for tasks to queue
[2026-03-20T06:45:54.968+0000] {logging_mixin.py:188} INFO - [2026-03-20T06:45:54.968+0000] {dagbag.py:538} INFO - Filling up the DagBag from /opt/airflow/dags/crawl_crypto_prices.py
[2026-03-20T06:45:54.978+0000] {processor.py:840} INFO - DAG(s) 'crawl_crypto_prices' retrieved from /opt/airflow/dags/crawl_crypto_prices.py
[2026-03-20T06:45:55.002+0000] {logging_mixin.py:188} INFO - [2026-03-20T06:45:55.001+0000] {dag.py:3036} INFO - Sync 1 DAGs
[2026-03-20T06:45:55.013+0000] {logging_mixin.py:188} INFO - [2026-03-20T06:45:55.013+0000] {dag.py:3823} INFO - Setting next_dagrun for crawl_crypto_prices to 2026-03-20 06:00:00+00:00, run_after=2026-03-20 07:00:00+00:00
[2026-03-20T06:45:55.020+0000] {processor.py:183} INFO - Processing /opt/airflow/dags/crawl_crypto_prices.py took 0.060 seconds
[2026-03-20T06:46:25.309+0000] {processor.py:161} INFO - Started process (PID=3460) to work on /opt/airflow/dags/crawl_crypto_prices.py
[2026-03-20T06:46:25.310+0000] {processor.py:830} INFO - Processing file /opt/airflow/dags/crawl_crypto_prices.py for tasks to queue
[2026-03-20T06:46:25.310+0000] {logging_mixin.py:188} INFO - [2026-03-20T06:46:25.310+0000] {dagbag.py:538} INFO - Filling up the DagBag from /opt/airflow/dags/crawl_crypto_prices.py
[2026-03-20T06:46:25.321+0000] {processor.py:840} INFO - DAG(s) 'crawl_crypto_prices' retrieved from /opt/airflow/dags/crawl_crypto_prices.py
[2026-03-20T06:46:25.339+0000] {logging_mixin.py:188} INFO - [2026-03-20T06:46:25.339+0000] {dag.py:3036} INFO - Sync 1 DAGs
[2026-03-20T06:46:25.351+0000] {logging_mixin.py:188} INFO - [2026-03-20T06:46:25.351+0000] {dag.py:3823} INFO - Setting next_dagrun for crawl_crypto_prices to 2026-03-20 06:00:00+00:00, run_after=2026-03-20 07:00:00+00:00
[2026-03-20T06:46:25.359+0000] {processor.py:183} INFO - Processing /opt/airflow/dags/crawl_crypto_prices.py took 0.054 seconds
[2026-03-20T06:46:55.621+0000] {processor.py:161} INFO - Started process (PID=3465) to work on /opt/airflow/dags/crawl_crypto_prices.py
[2026-03-20T06:46:55.622+0000] {processor.py:830} INFO - Processing file /opt/airflow/dags/crawl_crypto_prices.py for tasks to queue
[2026-03-20T06:46:55.623+0000] {logging_mixin.py:188} INFO - [2026-03-20T06:46:55.622+0000] {dagbag.py:538} INFO - Filling up the DagBag from /opt/airflow/dags/crawl_crypto_prices.py
[2026-03-20T06:46:55.632+0000] {processor.py:840} INFO - DAG(s) 'crawl_crypto_prices' retrieved from /opt/airflow/dags/crawl_crypto_prices.py
[2026-03-20T06:46:55.647+0000] {logging_mixin.py:188} INFO - [2026-03-20T06:46:55.647+0000] {dag.py:3036} INFO - Sync 1 DAGs
[2026-03-20T06:46:55.656+0000] {logging_mixin.py:188} INFO - [2026-03-20T06:46:55.656+0000] {dag.py:3823} INFO - Setting next_dagrun for crawl_crypto_prices to 2026-03-20 06:00:00+00:00, run_after=2026-03-20 07:00:00+00:00
[2026-03-20T06:46:55.662+0000] {processor.py:183} INFO - Processing /opt/airflow/dags/crawl_crypto_prices.py took 0.044 seconds
[2026-03-20T06:47:25.906+0000] {processor.py:161} INFO - Started process (PID=3470) to work on /opt/airflow/dags/crawl_crypto_prices.py
[2026-03-20T06:47:25.907+0000] {processor.py:830} INFO - Processing file /opt/airflow/dags/crawl_crypto_prices.py for tasks to queue
[2026-03-20T06:47:25.908+0000] {logging_mixin.py:188} INFO - [2026-03-20T06:47:25.907+0000] {dagbag.py:538} INFO - Filling up the DagBag from /opt/airflow/dags/crawl_crypto_prices.py
[2026-03-20T06:47:25.919+0000] {processor.py:840} INFO - DAG(s) 'crawl_crypto_prices' retrieved from /opt/airflow/dags/crawl_crypto_prices.py
[2026-03-20T06:47:25.938+0000] {logging_mixin.py:188} INFO - [2026-03-20T06:47:25.938+0000] {dag.py:3036} INFO - Sync 1 DAGs
[2026-03-20T06:47:25.947+0000] {logging_mixin.py:188} INFO - [2026-03-20T06:47:25.947+0000] {dag.py:3823} INFO - Setting next_dagrun for crawl_crypto_prices to 2026-03-20 06:00:00+00:00, run_after=2026-03-20 07:00:00+00:00
[2026-03-20T06:47:25.953+0000] {processor.py:183} INFO - Processing /opt/airflow/dags/crawl_crypto_prices.py took 0.050 seconds
[2026-03-20T06:47:56.205+0000] {processor.py:161} INFO - Started process (PID=3475) to work on /opt/airflow/dags/crawl_crypto_prices.py
[2026-03-20T06:47:56.206+0000] {processor.py:830} INFO - Processing file /opt/airflow/dags/crawl_crypto_prices.py for tasks to queue
[2026-03-20T06:47:56.207+0000] {logging_mixin.py:188} INFO - [2026-03-20T06:47:56.207+0000] {dagbag.py:538} INFO - Filling up the DagBag from /opt/airflow/dags/crawl_crypto_prices.py
[2026-03-20T06:47:56.217+0000] {processor.py:840} INFO - DAG(s) 'crawl_crypto_prices' retrieved from /opt/airflow/dags/crawl_crypto_prices.py
[2026-03-20T06:47:56.235+0000] {logging_mixin.py:188} INFO - [2026-03-20T06:47:56.235+0000] {dag.py:3036} INFO - Sync 1 DAGs
[2026-03-20T06:47:56.247+0000] {logging_mixin.py:188} INFO - [2026-03-20T06:47:56.247+0000] {dag.py:3823} INFO - Setting next_dagrun for crawl_crypto_prices to 2026-03-20 06:00:00+00:00, run_after=2026-03-20 07:00:00+00:00
[2026-03-20T06:47:56.253+0000] {processor.py:183} INFO - Processing /opt/airflow/dags/crawl_crypto_prices.py took 0.051 seconds
[2026-03-20T06:48:26.493+0000] {processor.py:161} INFO - Started process (PID=3480) to work on /opt/airflow/dags/crawl_crypto_prices.py
[2026-03-20T06:48:26.493+0000] {processor.py:830} INFO - Processing file /opt/airflow/dags/crawl_crypto_prices.py for tasks to queue
[2026-03-20T06:48:26.494+0000] {logging_mixin.py:188} INFO - [2026-03-20T06:48:26.494+0000] {dagbag.py:538} INFO - Filling up the DagBag from /opt/airflow/dags/crawl_crypto_prices.py
[2026-03-20T06:48:26.503+0000] {processor.py:840} INFO - DAG(s) 'crawl_crypto_prices' retrieved from /opt/airflow/dags/crawl_crypto_prices.py
[2026-03-20T06:48:26.520+0000] {logging_mixin.py:188} INFO - [2026-03-20T06:48:26.520+0000] {dag.py:3036} INFO - Sync 1 DAGs
[2026-03-20T06:48:26.529+0000] {logging_mixin.py:188} INFO - [2026-03-20T06:48:26.529+0000] {dag.py:3823} INFO - Setting next_dagrun for crawl_crypto_prices to 2026-03-20 06:00:00+00:00, run_after=2026-03-20 07:00:00+00:00
[2026-03-20T06:48:26.535+0000] {processor.py:183} INFO - Processing /opt/airflow/dags/crawl_crypto_prices.py took 0.046 seconds
[2026-03-20T06:48:56.778+0000] {processor.py:161} INFO - Started process (PID=3485) to work on /opt/airflow/dags/crawl_crypto_prices.py
[2026-03-20T06:48:56.779+0000] {processor.py:830} INFO - Processing file /opt/airflow/dags/crawl_crypto_prices.py for tasks to queue
[2026-03-20T06:48:56.779+0000] {logging_mixin.py:188} INFO - [2026-03-20T06:48:56.779+0000] {dagbag.py:538} INFO - Filling up the DagBag from /opt/airflow/dags/crawl_crypto_prices.py
[2026-03-20T06:48:56.789+0000] {processor.py:840} INFO - DAG(s) 'crawl_crypto_prices' retrieved from /opt/airflow/dags/crawl_crypto_prices.py
[2026-03-20T06:48:56.807+0000] {logging_mixin.py:188} INFO - [2026-03-20T06:48:56.807+0000] {dag.py:3036} INFO - Sync 1 DAGs
[2026-03-20T06:48:56.816+0000] {logging_mixin.py:188} INFO - [2026-03-20T06:48:56.816+0000] {dag.py:3823} INFO - Setting next_dagrun for crawl_crypto_prices to 2026-03-20 06:00:00+00:00, run_after=2026-03-20 07:00:00+00:00
[2026-03-20T06:48:56.822+0000] {processor.py:183} INFO - Processing /opt/airflow/dags/crawl_crypto_prices.py took 0.048 seconds
[2026-03-20T06:49:27.064+0000] {processor.py:161} INFO - Started process (PID=3490) to work on /opt/airflow/dags/crawl_crypto_prices.py
[2026-03-20T06:49:27.065+0000] {processor.py:830} INFO - Processing file /opt/airflow/dags/crawl_crypto_prices.py for tasks to queue
[2026-03-20T06:49:27.066+0000] {logging_mixin.py:188} INFO - [2026-03-20T06:49:27.066+0000] {dagbag.py:538} INFO - Filling up the DagBag from /opt/airflow/dags/crawl_crypto_prices.py
[2026-03-20T06:49:27.078+0000] {processor.py:840} INFO - DAG(s) 'crawl_crypto_prices' retrieved from /opt/airflow/dags/crawl_crypto_prices.py
[2026-03-20T06:49:27.096+0000] {logging_mixin.py:188} INFO - [2026-03-20T06:49:27.096+0000] {dag.py:3036} INFO - Sync 1 DAGs
[2026-03-20T06:49:27.106+0000] {logging_mixin.py:188} INFO - [2026-03-20T06:49:27.106+0000] {dag.py:3823} INFO - Setting next_dagrun for crawl_crypto_prices to 2026-03-20 06:00:00+00:00, run_after=2026-03-20 07:00:00+00:00
[2026-03-20T06:49:27.112+0000] {processor.py:183} INFO - Processing /opt/airflow/dags/crawl_crypto_prices.py took 0.052 seconds
[2026-03-20T06:49:57.713+0000] {processor.py:161} INFO - Started process (PID=3495) to work on /opt/airflow/dags/crawl_crypto_prices.py
[2026-03-20T06:49:57.714+0000] {processor.py:830} INFO - Processing file /opt/airflow/dags/crawl_crypto_prices.py for tasks to queue
[2026-03-20T06:49:57.714+0000] {logging_mixin.py:188} INFO - [2026-03-20T06:49:57.714+0000] {dagbag.py:538} INFO - Filling up the DagBag from /opt/airflow/dags/crawl_crypto_prices.py
[2026-03-20T06:49:57.725+0000] {processor.py:840} INFO - DAG(s) 'crawl_crypto_prices' retrieved from /opt/airflow/dags/crawl_crypto_prices.py
[2026-03-20T06:49:57.744+0000] {logging_mixin.py:188} INFO - [2026-03-20T06:49:57.744+0000] {dag.py:3036} INFO - Sync 1 DAGs
[2026-03-20T06:49:57.754+0000] {logging_mixin.py:188} INFO - [2026-03-20T06:49:57.754+0000] {dag.py:3823} INFO - Setting next_dagrun for crawl_crypto_prices to 2026-03-20 06:00:00+00:00, run_after=2026-03-20 07:00:00+00:00
[2026-03-20T06:49:57.761+0000] {processor.py:183} INFO - Processing /opt/airflow/dags/crawl_crypto_prices.py took 0.051 seconds
[2026-03-20T06:50:28.069+0000] {processor.py:161} INFO - Started process (PID=3500) to work on /opt/airflow/dags/crawl_crypto_prices.py
[2026-03-20T06:50:28.070+0000] {processor.py:830} INFO - Processing file /opt/airflow/dags/crawl_crypto_prices.py for tasks to queue
[2026-03-20T06:50:28.070+0000] {logging_mixin.py:188} INFO - [2026-03-20T06:50:28.070+0000] {dagbag.py:538} INFO - Filling up the DagBag from /opt/airflow/dags/crawl_crypto_prices.py
[2026-03-20T06:50:28.080+0000] {processor.py:840} INFO - DAG(s) 'crawl_crypto_prices' retrieved from /opt/airflow/dags/crawl_crypto_prices.py
[2026-03-20T06:50:28.097+0000] {logging_mixin.py:188} INFO - [2026-03-20T06:50:28.097+0000] {dag.py:3036} INFO - Sync 1 DAGs
[2026-03-20T06:50:28.107+0000] {logging_mixin.py:188} INFO - [2026-03-20T06:50:28.106+0000] {dag.py:3823} INFO - Setting next_dagrun for crawl_crypto_prices to 2026-03-20 06:00:00+00:00, run_after=2026-03-20 07:00:00+00:00
[2026-03-20T06:50:28.113+0000] {processor.py:183} INFO - Processing /opt/airflow/dags/crawl_crypto_prices.py took 0.047 seconds
[2026-03-20T06:50:58.383+0000] {processor.py:161} INFO - Started process (PID=3505) to work on /opt/airflow/dags/crawl_crypto_prices.py
[2026-03-20T06:50:58.384+0000] {processor.py:830} INFO - Processing file /opt/airflow/dags/crawl_crypto_prices.py for tasks to queue
[2026-03-20T06:50:58.384+0000] {logging_mixin.py:188} INFO - [2026-03-20T06:50:58.384+0000] {dagbag.py:538} INFO - Filling up the DagBag from /opt/airflow/dags/crawl_crypto_prices.py
[2026-03-20T06:50:58.394+0000] {processor.py:840} INFO - DAG(s) 'crawl_crypto_prices' retrieved from /opt/airflow/dags/crawl_crypto_prices.py
[2026-03-20T06:50:58.413+0000] {logging_mixin.py:188} INFO - [2026-03-20T06:50:58.413+0000] {dag.py:3036} INFO - Sync 1 DAGs
[2026-03-20T06:50:58.425+0000] {logging_mixin.py:188} INFO - [2026-03-20T06:50:58.425+0000] {dag.py:3823} INFO - Setting next_dagrun for crawl_crypto_prices to 2026-03-20 06:00:00+00:00, run_after=2026-03-20 07:00:00+00:00
[2026-03-20T06:50:58.431+0000] {processor.py:183} INFO - Processing /opt/airflow/dags/crawl_crypto_prices.py took 0.052 seconds
[2026-03-20T06:51:28.673+0000] {processor.py:161} INFO - Started process (PID=3510) to work on /opt/airflow/dags/crawl_crypto_prices.py
[2026-03-20T06:51:28.674+0000] {processor.py:830} INFO - Processing file /opt/airflow/dags/crawl_crypto_prices.py for tasks to queue
[2026-03-20T06:51:28.675+0000] {logging_mixin.py:188} INFO - [2026-03-20T06:51:28.675+0000] {dagbag.py:538} INFO - Filling up the DagBag from /opt/airflow/dags/crawl_crypto_prices.py
[2026-03-20T06:51:28.685+0000] {processor.py:840} INFO - DAG(s) 'crawl_crypto_prices' retrieved from /opt/airflow/dags/crawl_crypto_prices.py
[2026-03-20T06:51:28.701+0000] {logging_mixin.py:188} INFO - [2026-03-20T06:51:28.701+0000] {dag.py:3036} INFO - Sync 1 DAGs
[2026-03-20T06:51:28.711+0000] {logging_mixin.py:188} INFO - [2026-03-20T06:51:28.711+0000] {dag.py:3823} INFO - Setting next_dagrun for crawl_crypto_prices to 2026-03-20 06:00:00+00:00, run_after=2026-03-20 07:00:00+00:00
[2026-03-20T06:51:28.717+0000] {processor.py:183} INFO - Processing /opt/airflow/dags/crawl_crypto_prices.py took 0.049 seconds
[2026-03-20T06:51:59.024+0000] {processor.py:161} INFO - Started process (PID=3515) to work on /opt/airflow/dags/crawl_crypto_prices.py
[2026-03-20T06:51:59.025+0000] {processor.py:830} INFO - Processing file /opt/airflow/dags/crawl_crypto_prices.py for tasks to queue
[2026-03-20T06:51:59.026+0000] {logging_mixin.py:188} INFO - [2026-03-20T06:51:59.025+0000] {dagbag.py:538} INFO - Filling up the DagBag from /opt/airflow/dags/crawl_crypto_prices.py
[2026-03-20T06:51:59.035+0000] {processor.py:840} INFO - DAG(s) 'crawl_crypto_prices' retrieved from /opt/airflow/dags/crawl_crypto_prices.py
[2026-03-20T06:51:59.053+0000] {logging_mixin.py:188} INFO - [2026-03-20T06:51:59.053+0000] {dag.py:3036} INFO - Sync 1 DAGs
[2026-03-20T06:51:59.063+0000] {logging_mixin.py:188} INFO - [2026-03-20T06:51:59.063+0000] {dag.py:3823} INFO - Setting next_dagrun for crawl_crypto_prices to 2026-03-20 06:00:00+00:00, run_after=2026-03-20 07:00:00+00:00
[2026-03-20T06:51:59.069+0000] {processor.py:183} INFO - Processing /opt/airflow/dags/crawl_crypto_prices.py took 0.048 seconds
[2026-03-20T06:52:29.370+0000] {processor.py:161} INFO - Started process (PID=3520) to work on /opt/airflow/dags/crawl_crypto_prices.py
[2026-03-20T06:52:29.372+0000] {processor.py:830} INFO - Processing file /opt/airflow/dags/crawl_crypto_prices.py for tasks to queue
[2026-03-20T06:52:29.373+0000] {logging_mixin.py:188} INFO - [2026-03-20T06:52:29.372+0000] {dagbag.py:538} INFO - Filling up the DagBag from /opt/airflow/dags/crawl_crypto_prices.py
[2026-03-20T06:52:29.387+0000] {processor.py:840} INFO - DAG(s) 'crawl_crypto_prices' retrieved from /opt/airflow/dags/crawl_crypto_prices.py
[2026-03-20T06:52:29.403+0000] {logging_mixin.py:188} INFO - [2026-03-20T06:52:29.403+0000] {dag.py:3036} INFO - Sync 1 DAGs
[2026-03-20T06:52:29.413+0000] {logging_mixin.py:188} INFO - [2026-03-20T06:52:29.413+0000] {dag.py:3823} INFO - Setting next_dagrun for crawl_crypto_prices to 2026-03-20 06:00:00+00:00, run_after=2026-03-20 07:00:00+00:00
[2026-03-20T06:52:29.420+0000] {processor.py:183} INFO - Processing /opt/airflow/dags/crawl_crypto_prices.py took 0.056 seconds
[2026-03-20T06:52:59.692+0000] {processor.py:161} INFO - Started process (PID=3525) to work on /opt/airflow/dags/crawl_crypto_prices.py
[2026-03-20T06:52:59.693+0000] {processor.py:830} INFO - Processing file /opt/airflow/dags/crawl_crypto_prices.py for tasks to queue
[2026-03-20T06:52:59.693+0000] {logging_mixin.py:188} INFO - [2026-03-20T06:52:59.693+0000] {dagbag.py:538} INFO - Filling up the DagBag from /opt/airflow/dags/crawl_crypto_prices.py
[2026-03-20T06:52:59.706+0000] {processor.py:840} INFO - DAG(s) 'crawl_crypto_prices' retrieved from /opt/airflow/dags/crawl_crypto_prices.py
[2026-03-20T06:52:59.729+0000] {logging_mixin.py:188} INFO - [2026-03-20T06:52:59.729+0000] {dag.py:3036} INFO - Sync 1 DAGs
[2026-03-20T06:52:59.740+0000] {logging_mixin.py:188} INFO - [2026-03-20T06:52:59.740+0000] {dag.py:3823} INFO - Setting next_dagrun for crawl_crypto_prices to 2026-03-20 06:00:00+00:00, run_after=2026-03-20 07:00:00+00:00
[2026-03-20T06:52:59.747+0000] {processor.py:183} INFO - Processing /opt/airflow/dags/crawl_crypto_prices.py took 0.059 seconds
[2026-03-20T06:53:30.010+0000] {processor.py:161} INFO - Started process (PID=3530) to work on /opt/airflow/dags/crawl_crypto_prices.py
[2026-03-20T06:53:30.011+0000] {processor.py:830} INFO - Processing file /opt/airflow/dags/crawl_crypto_prices.py for tasks to queue
[2026-03-20T06:53:30.012+0000] {logging_mixin.py:188} INFO - [2026-03-20T06:53:30.012+0000] {dagbag.py:538} INFO - Filling up the DagBag from /opt/airflow/dags/crawl_crypto_prices.py
[2026-03-20T06:53:30.023+0000] {processor.py:840} INFO - DAG(s) 'crawl_crypto_prices' retrieved from /opt/airflow/dags/crawl_crypto_prices.py
[2026-03-20T06:53:30.041+0000] {logging_mixin.py:188} INFO - [2026-03-20T06:53:30.041+0000] {dag.py:3036} INFO - Sync 1 DAGs
[2026-03-20T06:53:30.051+0000] {logging_mixin.py:188} INFO - [2026-03-20T06:53:30.051+0000] {dag.py:3823} INFO - Setting next_dagrun for crawl_crypto_prices to 2026-03-20 06:00:00+00:00, run_after=2026-03-20 07:00:00+00:00
[2026-03-20T06:53:30.058+0000] {processor.py:183} INFO - Processing /opt/airflow/dags/crawl_crypto_prices.py took 0.051 seconds
[2026-03-20T06:54:00.359+0000] {processor.py:161} INFO - Started process (PID=3535) to work on /opt/airflow/dags/crawl_crypto_prices.py
[2026-03-20T06:54:00.361+0000] {processor.py:830} INFO - Processing file /opt/airflow/dags/crawl_crypto_prices.py for tasks to queue
[2026-03-20T06:54:00.361+0000] {logging_mixin.py:188} INFO - [2026-03-20T06:54:00.361+0000] {dagbag.py:538} INFO - Filling up the DagBag from /opt/airflow/dags/crawl_crypto_prices.py
[2026-03-20T06:54:00.372+0000] {processor.py:840} INFO - DAG(s) 'crawl_crypto_prices' retrieved from /opt/airflow/dags/crawl_crypto_prices.py
[2026-03-20T06:54:00.392+0000] {logging_mixin.py:188} INFO - [2026-03-20T06:54:00.392+0000] {dag.py:3036} INFO - Sync 1 DAGs
[2026-03-20T06:54:00.404+0000] {logging_mixin.py:188} INFO - [2026-03-20T06:54:00.404+0000] {dag.py:3823} INFO - Setting next_dagrun for crawl_crypto_prices to 2026-03-20 06:00:00+00:00, run_after=2026-03-20 07:00:00+00:00
[2026-03-20T06:54:00.410+0000] {processor.py:183} INFO - Processing /opt/airflow/dags/crawl_crypto_prices.py took 0.054 seconds
[2026-03-20T06:54:30.692+0000] {processor.py:161} INFO - Started process (PID=3540) to work on /opt/airflow/dags/crawl_crypto_prices.py
[2026-03-20T06:54:30.693+0000] {processor.py:830} INFO - Processing file /opt/airflow/dags/crawl_crypto_prices.py for tasks to queue
[2026-03-20T06:54:30.693+0000] {logging_mixin.py:188} INFO - [2026-03-20T06:54:30.693+0000] {dagbag.py:538} INFO - Filling up the DagBag from /opt/airflow/dags/crawl_crypto_prices.py
[2026-03-20T06:54:30.704+0000] {processor.py:840} INFO - DAG(s) 'crawl_crypto_prices' retrieved from /opt/airflow/dags/crawl_crypto_prices.py
[2026-03-20T06:54:30.724+0000] {logging_mixin.py:188} INFO - [2026-03-20T06:54:30.724+0000] {dag.py:3036} INFO - Sync 1 DAGs
[2026-03-20T06:54:30.735+0000] {logging_mixin.py:188} INFO - [2026-03-20T06:54:30.735+0000] {dag.py:3823} INFO - Setting next_dagrun for crawl_crypto_prices to 2026-03-20 06:00:00+00:00, run_after=2026-03-20 07:00:00+00:00
[2026-03-20T06:54:30.741+0000] {processor.py:183} INFO - Processing /opt/airflow/dags/crawl_crypto_prices.py took 0.053 seconds
[2026-03-20T06:55:01.007+0000] {processor.py:161} INFO - Started process (PID=3545) to work on /opt/airflow/dags/crawl_crypto_prices.py
[2026-03-20T06:55:01.008+0000] {processor.py:830} INFO - Processing file /opt/airflow/dags/crawl_crypto_prices.py for tasks to queue
[2026-03-20T06:55:01.008+0000] {logging_mixin.py:188} INFO - [2026-03-20T06:55:01.008+0000] {dagbag.py:538} INFO - Filling up the DagBag from /opt/airflow/dags/crawl_crypto_prices.py
[2026-03-20T06:55:01.019+0000] {processor.py:840} INFO - DAG(s) 'crawl_crypto_prices' retrieved from /opt/airflow/dags/crawl_crypto_prices.py
[2026-03-20T06:55:01.037+0000] {logging_mixin.py:188} INFO - [2026-03-20T06:55:01.036+0000] {dag.py:3036} INFO - Sync 1 DAGs
[2026-03-20T06:55:01.046+0000] {logging_mixin.py:188} INFO - [2026-03-20T06:55:01.046+0000] {dag.py:3823} INFO - Setting next_dagrun for crawl_crypto_prices to 2026-03-20 06:00:00+00:00, run_after=2026-03-20 07:00:00+00:00
[2026-03-20T06:55:01.052+0000] {processor.py:183} INFO - Processing /opt/airflow/dags/crawl_crypto_prices.py took 0.049 seconds
[2026-03-20T06:55:31.277+0000] {processor.py:161} INFO - Started process (PID=3550) to work on /opt/airflow/dags/crawl_crypto_prices.py
[2026-03-20T06:55:31.278+0000] {processor.py:830} INFO - Processing file /opt/airflow/dags/crawl_crypto_prices.py for tasks to queue
[2026-03-20T06:55:31.278+0000] {logging_mixin.py:188} INFO - [2026-03-20T06:55:31.278+0000] {dagbag.py:538} INFO - Filling up the DagBag from /opt/airflow/dags/crawl_crypto_prices.py
[2026-03-20T06:55:31.287+0000] {processor.py:840} INFO - DAG(s) 'crawl_crypto_prices' retrieved from /opt/airflow/dags/crawl_crypto_prices.py
[2026-03-20T06:55:31.301+0000] {logging_mixin.py:188} INFO - [2026-03-20T06:55:31.301+0000] {dag.py:3036} INFO - Sync 1 DAGs
[2026-03-20T06:55:31.311+0000] {logging_mixin.py:188} INFO - [2026-03-20T06:55:31.311+0000] {dag.py:3823} INFO - Setting next_dagrun for crawl_crypto_prices to 2026-03-20 06:00:00+00:00, run_after=2026-03-20 07:00:00+00:00
[2026-03-20T06:55:31.318+0000] {processor.py:183} INFO - Processing /opt/airflow/dags/crawl_crypto_prices.py took 0.043 seconds
[2026-03-20T06:56:01.566+0000] {processor.py:161} INFO - Started process (PID=3555) to work on /opt/airflow/dags/crawl_crypto_prices.py
[2026-03-20T06:56:01.567+0000] {processor.py:830} INFO - Processing file /opt/airflow/dags/crawl_crypto_prices.py for tasks to queue
[2026-03-20T06:56:01.568+0000] {logging_mixin.py:188} INFO - [2026-03-20T06:56:01.567+0000] {dagbag.py:538} INFO - Filling up the DagBag from /opt/airflow/dags/crawl_crypto_prices.py
[2026-03-20T06:56:01.575+0000] {processor.py:840} INFO - DAG(s) 'crawl_crypto_prices' retrieved from /opt/airflow/dags/crawl_crypto_prices.py
[2026-03-20T06:56:01.588+0000] {logging_mixin.py:188} INFO - [2026-03-20T06:56:01.588+0000] {dag.py:3036} INFO - Sync 1 DAGs
[2026-03-20T06:56:01.597+0000] {logging_mixin.py:188} INFO - [2026-03-20T06:56:01.597+0000] {dag.py:3823} INFO - Setting next_dagrun for crawl_crypto_prices to 2026-03-20 06:00:00+00:00, run_after=2026-03-20 07:00:00+00:00
[2026-03-20T06:56:01.604+0000] {processor.py:183} INFO - Processing /opt/airflow/dags/crawl_crypto_prices.py took 0.041 seconds
[2026-03-20T06:56:31.861+0000] {processor.py:161} INFO - Started process (PID=3560) to work on /opt/airflow/dags/crawl_crypto_prices.py
[2026-03-20T06:56:31.862+0000] {processor.py:830} INFO - Processing file /opt/airflow/dags/crawl_crypto_prices.py for tasks to queue
[2026-03-20T06:56:31.863+0000] {logging_mixin.py:188} INFO - [2026-03-20T06:56:31.863+0000] {dagbag.py:538} INFO - Filling up the DagBag from /opt/airflow/dags/crawl_crypto_prices.py
[2026-03-20T06:56:31.875+0000] {processor.py:840} INFO - DAG(s) 'crawl_crypto_prices' retrieved from /opt/airflow/dags/crawl_crypto_prices.py
[2026-03-20T06:56:31.897+0000] {logging_mixin.py:188} INFO - [2026-03-20T06:56:31.896+0000] {dag.py:3036} INFO - Sync 1 DAGs
[2026-03-20T06:56:31.908+0000] {logging_mixin.py:188} INFO - [2026-03-20T06:56:31.908+0000] {dag.py:3823} INFO - Setting next_dagrun for crawl_crypto_prices to 2026-03-20 06:00:00+00:00, run_after=2026-03-20 07:00:00+00:00
[2026-03-20T06:56:31.914+0000] {processor.py:183} INFO - Processing /opt/airflow/dags/crawl_crypto_prices.py took 0.057 seconds
[2026-03-20T06:57:02.176+0000] {processor.py:161} INFO - Started process (PID=3565) to work on /opt/airflow/dags/crawl_crypto_prices.py
[2026-03-20T06:57:02.177+0000] {processor.py:830} INFO - Processing file /opt/airflow/dags/crawl_crypto_prices.py for tasks to queue
[2026-03-20T06:57:02.177+0000] {logging_mixin.py:188} INFO - [2026-03-20T06:57:02.177+0000] {dagbag.py:538} INFO - Filling up the DagBag from /opt/airflow/dags/crawl_crypto_prices.py
[2026-03-20T06:57:02.185+0000] {processor.py:840} INFO - DAG(s) 'crawl_crypto_prices' retrieved from /opt/airflow/dags/crawl_crypto_prices.py
[2026-03-20T06:57:02.207+0000] {logging_mixin.py:188} INFO - [2026-03-20T06:57:02.206+0000] {dag.py:3036} INFO - Sync 1 DAGs
[2026-03-20T06:57:02.220+0000] {logging_mixin.py:188} INFO - [2026-03-20T06:57:02.219+0000] {dag.py:3823} INFO - Setting next_dagrun for crawl_crypto_prices to 2026-03-20 06:00:00+00:00, run_after=2026-03-20 07:00:00+00:00
[2026-03-20T06:57:02.229+0000] {processor.py:183} INFO - Processing /opt/airflow/dags/crawl_crypto_prices.py took 0.055 seconds
[2026-03-20T06:57:32.420+0000] {processor.py:161} INFO - Started process (PID=3570) to work on /opt/airflow/dags/crawl_crypto_prices.py
[2026-03-20T06:57:32.421+0000] {processor.py:830} INFO - Processing file /opt/airflow/dags/crawl_crypto_prices.py for tasks to queue
[2026-03-20T06:57:32.422+0000] {logging_mixin.py:188} INFO - [2026-03-20T06:57:32.422+0000] {dagbag.py:538} INFO - Filling up the DagBag from /opt/airflow/dags/crawl_crypto_prices.py
[2026-03-20T06:57:32.432+0000] {processor.py:840} INFO - DAG(s) 'crawl_crypto_prices' retrieved from /opt/airflow/dags/crawl_crypto_prices.py
[2026-03-20T06:57:32.448+0000] {logging_mixin.py:188} INFO - [2026-03-20T06:57:32.448+0000] {dag.py:3036} INFO - Sync 1 DAGs
[2026-03-20T06:57:32.457+0000] {logging_mixin.py:188} INFO - [2026-03-20T06:57:32.457+0000] {dag.py:3823} INFO - Setting next_dagrun for crawl_crypto_prices to 2026-03-20 06:00:00+00:00, run_after=2026-03-20 07:00:00+00:00
[2026-03-20T06:57:32.463+0000] {processor.py:183} INFO - Processing /opt/airflow/dags/crawl_crypto_prices.py took 0.047 seconds
[2026-03-20T06:58:02.711+0000] {processor.py:161} INFO - Started process (PID=3575) to work on /opt/airflow/dags/crawl_crypto_prices.py
[2026-03-20T06:58:02.712+0000] {processor.py:830} INFO - Processing file /opt/airflow/dags/crawl_crypto_prices.py for tasks to queue
[2026-03-20T06:58:02.712+0000] {logging_mixin.py:188} INFO - [2026-03-20T06:58:02.712+0000] {dagbag.py:538} INFO - Filling up the DagBag from /opt/airflow/dags/crawl_crypto_prices.py
[2026-03-20T06:58:02.722+0000] {processor.py:840} INFO - DAG(s) 'crawl_crypto_prices' retrieved from /opt/airflow/dags/crawl_crypto_prices.py
[2026-03-20T06:58:02.741+0000] {logging_mixin.py:188} INFO - [2026-03-20T06:58:02.741+0000] {dag.py:3036} INFO - Sync 1 DAGs
[2026-03-20T06:58:02.751+0000] {logging_mixin.py:188} INFO - [2026-03-20T06:58:02.751+0000] {dag.py:3823} INFO - Setting next_dagrun for crawl_crypto_prices to 2026-03-20 06:00:00+00:00, run_after=2026-03-20 07:00:00+00:00
[2026-03-20T06:58:02.757+0000] {processor.py:183} INFO - Processing /opt/airflow/dags/crawl_crypto_prices.py took 0.050 seconds
[2026-03-20T06:58:32.985+0000] {processor.py:161} INFO - Started process (PID=3580) to work on /opt/airflow/dags/crawl_crypto_prices.py
[2026-03-20T06:58:32.985+0000] {processor.py:830} INFO - Processing file /opt/airflow/dags/crawl_crypto_prices.py for tasks to queue
[2026-03-20T06:58:32.986+0000] {logging_mixin.py:188} INFO - [2026-03-20T06:58:32.986+0000] {dagbag.py:538} INFO - Filling up the DagBag from /opt/airflow/dags/crawl_crypto_prices.py
[2026-03-20T06:58:32.997+0000] {processor.py:840} INFO - DAG(s) 'crawl_crypto_prices' retrieved from /opt/airflow/dags/crawl_crypto_prices.py
[2026-03-20T06:58:33.018+0000] {logging_mixin.py:188} INFO - [2026-03-20T06:58:33.018+0000] {dag.py:3036} INFO - Sync 1 DAGs
[2026-03-20T06:58:33.030+0000] {logging_mixin.py:188} INFO - [2026-03-20T06:58:33.030+0000] {dag.py:3823} INFO - Setting next_dagrun for crawl_crypto_prices to 2026-03-20 06:00:00+00:00, run_after=2026-03-20 07:00:00+00:00
[2026-03-20T06:58:33.038+0000] {processor.py:183} INFO - Processing /opt/airflow/dags/crawl_crypto_prices.py took 0.056 seconds
[2026-03-20T06:59:03.286+0000] {processor.py:161} INFO - Started process (PID=3585) to work on /opt/airflow/dags/crawl_crypto_prices.py
[2026-03-20T06:59:03.287+0000] {processor.py:830} INFO - Processing file /opt/airflow/dags/crawl_crypto_prices.py for tasks to queue
[2026-03-20T06:59:03.288+0000] {logging_mixin.py:188} INFO - [2026-03-20T06:59:03.287+0000] {dagbag.py:538} INFO - Filling up the DagBag from /opt/airflow/dags/crawl_crypto_prices.py
[2026-03-20T06:59:03.298+0000] {processor.py:840} INFO - DAG(s) 'crawl_crypto_prices' retrieved from /opt/airflow/dags/crawl_crypto_prices.py
[2026-03-20T06:59:03.318+0000] {logging_mixin.py:188} INFO - [2026-03-20T06:59:03.318+0000] {dag.py:3036} INFO - Sync 1 DAGs
[2026-03-20T06:59:03.331+0000] {logging_mixin.py:188} INFO - [2026-03-20T06:59:03.331+0000] {dag.py:3823} INFO - Setting next_dagrun for crawl_crypto_prices to 2026-03-20 06:00:00+00:00, run_after=2026-03-20 07:00:00+00:00
[2026-03-20T06:59:03.338+0000] {processor.py:183} INFO - Processing /opt/airflow/dags/crawl_crypto_prices.py took 0.056 seconds
[2026-03-20T06:59:33.630+0000] {processor.py:161} INFO - Started process (PID=3590) to work on /opt/airflow/dags/crawl_crypto_prices.py
[2026-03-20T06:59:33.631+0000] {processor.py:830} INFO - Processing file /opt/airflow/dags/crawl_crypto_prices.py for tasks to queue
[2026-03-20T06:59:33.632+0000] {logging_mixin.py:188} INFO - [2026-03-20T06:59:33.632+0000] {dagbag.py:538} INFO - Filling up the DagBag from /opt/airflow/dags/crawl_crypto_prices.py
[2026-03-20T06:59:33.643+0000] {processor.py:840} INFO - DAG(s) 'crawl_crypto_prices' retrieved from /opt/airflow/dags/crawl_crypto_prices.py
[2026-03-20T06:59:33.662+0000] {logging_mixin.py:188} INFO - [2026-03-20T06:59:33.662+0000] {dag.py:3036} INFO - Sync 1 DAGs
[2026-03-20T06:59:33.671+0000] {logging_mixin.py:188} INFO - [2026-03-20T06:59:33.671+0000] {dag.py:3823} INFO - Setting next_dagrun for crawl_crypto_prices to 2026-03-20 06:00:00+00:00, run_after=2026-03-20 07:00:00+00:00
[2026-03-20T06:59:33.678+0000] {processor.py:183} INFO - Processing /opt/airflow/dags/crawl_crypto_prices.py took 0.051 seconds
[2026-03-20T07:00:03.932+0000] {processor.py:161} INFO - Started process (PID=3597) to work on /opt/airflow/dags/crawl_crypto_prices.py
[2026-03-20T07:00:03.932+0000] {processor.py:830} INFO - Processing file /opt/airflow/dags/crawl_crypto_prices.py for tasks to queue
[2026-03-20T07:00:03.933+0000] {logging_mixin.py:188} INFO - [2026-03-20T07:00:03.933+0000] {dagbag.py:538} INFO - Filling up the DagBag from /opt/airflow/dags/crawl_crypto_prices.py
[2026-03-20T07:00:03.940+0000] {processor.py:840} INFO - DAG(s) 'crawl_crypto_prices' retrieved from /opt/airflow/dags/crawl_crypto_prices.py
[2026-03-20T07:00:03.952+0000] {logging_mixin.py:188} INFO - [2026-03-20T07:00:03.952+0000] {dag.py:3036} INFO - Sync 1 DAGs
[2026-03-20T07:00:03.961+0000] {logging_mixin.py:188} INFO - [2026-03-20T07:00:03.961+0000] {dag.py:3823} INFO - Setting next_dagrun for crawl_crypto_prices to 2026-03-20 07:00:00+00:00, run_after=2026-03-20 08:00:00+00:00
[2026-03-20T07:00:03.967+0000] {processor.py:183} INFO - Processing /opt/airflow/dags/crawl_crypto_prices.py took 0.038 seconds
[2026-03-20T07:00:34.262+0000] {processor.py:161} INFO - Started process (PID=3602) to work on /opt/airflow/dags/crawl_crypto_prices.py
[2026-03-20T07:00:34.264+0000] {processor.py:830} INFO - Processing file /opt/airflow/dags/crawl_crypto_prices.py for tasks to queue
[2026-03-20T07:00:34.264+0000] {logging_mixin.py:188} INFO - [2026-03-20T07:00:34.264+0000] {dagbag.py:538} INFO - Filling up the DagBag from /opt/airflow/dags/crawl_crypto_prices.py
[2026-03-20T07:00:34.277+0000] {processor.py:840} INFO - DAG(s) 'crawl_crypto_prices' retrieved from /opt/airflow/dags/crawl_crypto_prices.py
[2026-03-20T07:00:34.296+0000] {logging_mixin.py:188} INFO - [2026-03-20T07:00:34.296+0000] {dag.py:3036} INFO - Sync 1 DAGs
[2026-03-20T07:00:34.305+0000] {logging_mixin.py:188} INFO - [2026-03-20T07:00:34.305+0000] {dag.py:3823} INFO - Setting next_dagrun for crawl_crypto_prices to 2026-03-20 07:00:00+00:00, run_after=2026-03-20 08:00:00+00:00
[2026-03-20T07:00:34.311+0000] {processor.py:183} INFO - Processing /opt/airflow/dags/crawl_crypto_prices.py took 0.053 seconds
[2026-03-20T07:01:04.542+0000] {processor.py:161} INFO - Started process (PID=3607) to work on /opt/airflow/dags/crawl_crypto_prices.py
[2026-03-20T07:01:04.543+0000] {processor.py:830} INFO - Processing file /opt/airflow/dags/crawl_crypto_prices.py for tasks to queue
[2026-03-20T07:01:04.544+0000] {logging_mixin.py:188} INFO - [2026-03-20T07:01:04.544+0000] {dagbag.py:538} INFO - Filling up the DagBag from /opt/airflow/dags/crawl_crypto_prices.py
[2026-03-20T07:01:04.559+0000] {processor.py:840} INFO - DAG(s) 'crawl_crypto_prices' retrieved from /opt/airflow/dags/crawl_crypto_prices.py
[2026-03-20T07:01:04.582+0000] {logging_mixin.py:188} INFO - [2026-03-20T07:01:04.582+0000] {dag.py:3036} INFO - Sync 1 DAGs
[2026-03-20T07:01:04.593+0000] {logging_mixin.py:188} INFO - [2026-03-20T07:01:04.593+0000] {dag.py:3823} INFO - Setting next_dagrun for crawl_crypto_prices to 2026-03-20 07:00:00+00:00, run_after=2026-03-20 08:00:00+00:00
[2026-03-20T07:01:04.601+0000] {processor.py:183} INFO - Processing /opt/airflow/dags/crawl_crypto_prices.py took 0.062 seconds
[2026-03-20T07:01:34.862+0000] {processor.py:161} INFO - Started process (PID=3612) to work on /opt/airflow/dags/crawl_crypto_prices.py
[2026-03-20T07:01:34.863+0000] {processor.py:830} INFO - Processing file /opt/airflow/dags/crawl_crypto_prices.py for tasks to queue
[2026-03-20T07:01:34.864+0000] {logging_mixin.py:188} INFO - [2026-03-20T07:01:34.864+0000] {dagbag.py:538} INFO - Filling up the DagBag from /opt/airflow/dags/crawl_crypto_prices.py
[2026-03-20T07:01:34.875+0000] {processor.py:840} INFO - DAG(s) 'crawl_crypto_prices' retrieved from /opt/airflow/dags/crawl_crypto_prices.py
[2026-03-20T07:01:34.893+0000] {logging_mixin.py:188} INFO - [2026-03-20T07:01:34.893+0000] {dag.py:3036} INFO - Sync 1 DAGs
[2026-03-20T07:01:34.903+0000] {logging_mixin.py:188} INFO - [2026-03-20T07:01:34.903+0000] {dag.py:3823} INFO - Setting next_dagrun for crawl_crypto_prices to 2026-03-20 07:00:00+00:00, run_after=2026-03-20 08:00:00+00:00
[2026-03-20T07:01:34.909+0000] {processor.py:183} INFO - Processing /opt/airflow/dags/crawl_crypto_prices.py took 0.050 seconds
[2026-03-20T07:02:05.125+0000] {processor.py:161} INFO - Started process (PID=3617) to work on /opt/airflow/dags/crawl_crypto_prices.py
[2026-03-20T07:02:05.127+0000] {processor.py:830} INFO - Processing file /opt/airflow/dags/crawl_crypto_prices.py for tasks to queue
[2026-03-20T07:02:05.128+0000] {logging_mixin.py:188} INFO - [2026-03-20T07:02:05.127+0000] {dagbag.py:538} INFO - Filling up the DagBag from /opt/airflow/dags/crawl_crypto_prices.py
[2026-03-20T07:02:05.138+0000] {processor.py:840} INFO - DAG(s) 'crawl_crypto_prices' retrieved from /opt/airflow/dags/crawl_crypto_prices.py
[2026-03-20T07:02:05.156+0000] {logging_mixin.py:188} INFO - [2026-03-20T07:02:05.156+0000] {dag.py:3036} INFO - Sync 1 DAGs
[2026-03-20T07:02:05.198+0000] {logging_mixin.py:188} INFO - [2026-03-20T07:02:05.198+0000] {dag.py:3823} INFO - Setting next_dagrun for crawl_crypto_prices to 2026-03-20 07:00:00+00:00, run_after=2026-03-20 08:00:00+00:00
[2026-03-20T07:02:05.218+0000] {processor.py:183} INFO - Processing /opt/airflow/dags/crawl_crypto_prices.py took 0.097 seconds
[2026-03-20T07:02:35.482+0000] {processor.py:161} INFO - Started process (PID=3622) to work on /opt/airflow/dags/crawl_crypto_prices.py
[2026-03-20T07:02:35.483+0000] {processor.py:830} INFO - Processing file /opt/airflow/dags/crawl_crypto_prices.py for tasks to queue
[2026-03-20T07:02:35.483+0000] {logging_mixin.py:188} INFO - [2026-03-20T07:02:35.483+0000] {dagbag.py:538} INFO - Filling up the DagBag from /opt/airflow/dags/crawl_crypto_prices.py
[2026-03-20T07:02:35.496+0000] {processor.py:840} INFO - DAG(s) 'crawl_crypto_prices' retrieved from /opt/airflow/dags/crawl_crypto_prices.py
[2026-03-20T07:02:35.514+0000] {logging_mixin.py:188} INFO - [2026-03-20T07:02:35.514+0000] {dag.py:3036} INFO - Sync 1 DAGs
[2026-03-20T07:02:35.524+0000] {logging_mixin.py:188} INFO - [2026-03-20T07:02:35.524+0000] {dag.py:3823} INFO - Setting next_dagrun for crawl_crypto_prices to 2026-03-20 07:00:00+00:00, run_after=2026-03-20 08:00:00+00:00
[2026-03-20T07:02:35.530+0000] {processor.py:183} INFO - Processing /opt/airflow/dags/crawl_crypto_prices.py took 0.051 seconds
[2026-03-20T07:03:05.784+0000] {processor.py:161} INFO - Started process (PID=3627) to work on /opt/airflow/dags/crawl_crypto_prices.py
[2026-03-20T07:03:05.785+0000] {processor.py:830} INFO - Processing file /opt/airflow/dags/crawl_crypto_prices.py for tasks to queue
[2026-03-20T07:03:05.786+0000] {logging_mixin.py:188} INFO - [2026-03-20T07:03:05.786+0000] {dagbag.py:538} INFO - Filling up the DagBag from /opt/airflow/dags/crawl_crypto_prices.py
[2026-03-20T07:03:05.796+0000] {processor.py:840} INFO - DAG(s) 'crawl_crypto_prices' retrieved from /opt/airflow/dags/crawl_crypto_prices.py
[2026-03-20T07:03:05.815+0000] {logging_mixin.py:188} INFO - [2026-03-20T07:03:05.815+0000] {dag.py:3036} INFO - Sync 1 DAGs
[2026-03-20T07:03:05.827+0000] {logging_mixin.py:188} INFO - [2026-03-20T07:03:05.827+0000] {dag.py:3823} INFO - Setting next_dagrun for crawl_crypto_prices to 2026-03-20 07:00:00+00:00, run_after=2026-03-20 08:00:00+00:00
[2026-03-20T07:03:05.833+0000] {processor.py:183} INFO - Processing /opt/airflow/dags/crawl_crypto_prices.py took 0.052 seconds
[2026-03-20T07:03:36.074+0000] {processor.py:161} INFO - Started process (PID=3632) to work on /opt/airflow/dags/crawl_crypto_prices.py
[2026-03-20T07:03:36.075+0000] {processor.py:830} INFO - Processing file /opt/airflow/dags/crawl_crypto_prices.py for tasks to queue
[2026-03-20T07:03:36.075+0000] {logging_mixin.py:188} INFO - [2026-03-20T07:03:36.075+0000] {dagbag.py:538} INFO - Filling up the DagBag from /opt/airflow/dags/crawl_crypto_prices.py
[2026-03-20T07:03:36.085+0000] {processor.py:840} INFO - DAG(s) 'crawl_crypto_prices' retrieved from /opt/airflow/dags/crawl_crypto_prices.py
[2026-03-20T07:03:36.103+0000] {logging_mixin.py:188} INFO - [2026-03-20T07:03:36.103+0000] {dag.py:3036} INFO - Sync 1 DAGs
[2026-03-20T07:03:36.112+0000] {logging_mixin.py:188} INFO - [2026-03-20T07:03:36.112+0000] {dag.py:3823} INFO - Setting next_dagrun for crawl_crypto_prices to 2026-03-20 07:00:00+00:00, run_after=2026-03-20 08:00:00+00:00
[2026-03-20T07:03:36.118+0000] {processor.py:183} INFO - Processing /opt/airflow/dags/crawl_crypto_prices.py took 0.047 seconds
[2026-03-20T07:04:06.403+0000] {processor.py:161} INFO - Started process (PID=3637) to work on /opt/airflow/dags/crawl_crypto_prices.py
[2026-03-20T07:04:06.404+0000] {processor.py:830} INFO - Processing file /opt/airflow/dags/crawl_crypto_prices.py for tasks to queue
[2026-03-20T07:04:06.405+0000] {logging_mixin.py:188} INFO - [2026-03-20T07:04:06.405+0000] {dagbag.py:538} INFO - Filling up the DagBag from /opt/airflow/dags/crawl_crypto_prices.py
[2026-03-20T07:04:06.415+0000] {processor.py:840} INFO - DAG(s) 'crawl_crypto_prices' retrieved from /opt/airflow/dags/crawl_crypto_prices.py
[2026-03-20T07:04:06.434+0000] {logging_mixin.py:188} INFO - [2026-03-20T07:04:06.433+0000] {dag.py:3036} INFO - Sync 1 DAGs
[2026-03-20T07:04:06.443+0000] {logging_mixin.py:188} INFO - [2026-03-20T07:04:06.443+0000] {dag.py:3823} INFO - Setting next_dagrun for crawl_crypto_prices to 2026-03-20 07:00:00+00:00, run_after=2026-03-20 08:00:00+00:00
[2026-03-20T07:04:06.449+0000] {processor.py:183} INFO - Processing /opt/airflow/dags/crawl_crypto_prices.py took 0.050 seconds
[2026-03-20T07:04:36.700+0000] {processor.py:161} INFO - Started process (PID=3642) to work on /opt/airflow/dags/crawl_crypto_prices.py
[2026-03-20T07:04:36.701+0000] {processor.py:830} INFO - Processing file /opt/airflow/dags/crawl_crypto_prices.py for tasks to queue
[2026-03-20T07:04:36.702+0000] {logging_mixin.py:188} INFO - [2026-03-20T07:04:36.702+0000] {dagbag.py:538} INFO - Filling up the DagBag from /opt/airflow/dags/crawl_crypto_prices.py
[2026-03-20T07:04:36.712+0000] {processor.py:840} INFO - DAG(s) 'crawl_crypto_prices' retrieved from /opt/airflow/dags/crawl_crypto_prices.py
[2026-03-20T07:04:36.730+0000] {logging_mixin.py:188} INFO - [2026-03-20T07:04:36.730+0000] {dag.py:3036} INFO - Sync 1 DAGs
[2026-03-20T07:04:36.740+0000] {logging_mixin.py:188} INFO - [2026-03-20T07:04:36.739+0000] {dag.py:3823} INFO - Setting next_dagrun for crawl_crypto_prices to 2026-03-20 07:00:00+00:00, run_after=2026-03-20 08:00:00+00:00
[2026-03-20T07:04:36.746+0000] {processor.py:183} INFO - Processing /opt/airflow/dags/crawl_crypto_prices.py took 0.050 seconds
[2026-03-20T07:05:07.029+0000] {processor.py:161} INFO - Started process (PID=3647) to work on /opt/airflow/dags/crawl_crypto_prices.py
[2026-03-20T07:05:07.030+0000] {processor.py:830} INFO - Processing file /opt/airflow/dags/crawl_crypto_prices.py for tasks to queue
[2026-03-20T07:05:07.031+0000] {logging_mixin.py:188} INFO - [2026-03-20T07:05:07.030+0000] {dagbag.py:538} INFO - Filling up the DagBag from /opt/airflow/dags/crawl_crypto_prices.py
[2026-03-20T07:05:07.041+0000] {processor.py:840} INFO - DAG(s) 'crawl_crypto_prices' retrieved from /opt/airflow/dags/crawl_crypto_prices.py
[2026-03-20T07:05:07.056+0000] {logging_mixin.py:188} INFO - [2026-03-20T07:05:07.056+0000] {dag.py:3036} INFO - Sync 1 DAGs
[2026-03-20T07:05:07.066+0000] {logging_mixin.py:188} INFO - [2026-03-20T07:05:07.066+0000] {dag.py:3823} INFO - Setting next_dagrun for crawl_crypto_prices to 2026-03-20 07:00:00+00:00, run_after=2026-03-20 08:00:00+00:00
[2026-03-20T07:05:07.072+0000] {processor.py:183} INFO - Processing /opt/airflow/dags/crawl_crypto_prices.py took 0.046 seconds
[2026-03-20T07:05:37.382+0000] {processor.py:161} INFO - Started process (PID=3652) to work on /opt/airflow/dags/crawl_crypto_prices.py
[2026-03-20T07:05:37.383+0000] {processor.py:830} INFO - Processing file /opt/airflow/dags/crawl_crypto_prices.py for tasks to queue
[2026-03-20T07:05:37.384+0000] {logging_mixin.py:188} INFO - [2026-03-20T07:05:37.384+0000] {dagbag.py:538} INFO - Filling up the DagBag from /opt/airflow/dags/crawl_crypto_prices.py
[2026-03-20T07:05:37.395+0000] {processor.py:840} INFO - DAG(s) 'crawl_crypto_prices' retrieved from /opt/airflow/dags/crawl_crypto_prices.py
[2026-03-20T07:05:37.413+0000] {logging_mixin.py:188} INFO - [2026-03-20T07:05:37.413+0000] {dag.py:3036} INFO - Sync 1 DAGs
[2026-03-20T07:05:37.423+0000] {logging_mixin.py:188} INFO - [2026-03-20T07:05:37.423+0000] {dag.py:3823} INFO - Setting next_dagrun for crawl_crypto_prices to 2026-03-20 07:00:00+00:00, run_after=2026-03-20 08:00:00+00:00
[2026-03-20T07:05:37.429+0000] {processor.py:183} INFO - Processing /opt/airflow/dags/crawl_crypto_prices.py took 0.050 seconds
[2026-03-20T07:06:07.707+0000] {processor.py:161} INFO - Started process (PID=3657) to work on /opt/airflow/dags/crawl_crypto_prices.py
[2026-03-20T07:06:07.708+0000] {processor.py:830} INFO - Processing file /opt/airflow/dags/crawl_crypto_prices.py for tasks to queue
[2026-03-20T07:06:07.709+0000] {logging_mixin.py:188} INFO - [2026-03-20T07:06:07.709+0000] {dagbag.py:538} INFO - Filling up the DagBag from /opt/airflow/dags/crawl_crypto_prices.py
[2026-03-20T07:06:07.719+0000] {processor.py:840} INFO - DAG(s) 'crawl_crypto_prices' retrieved from /opt/airflow/dags/crawl_crypto_prices.py
[2026-03-20T07:06:07.739+0000] {logging_mixin.py:188} INFO - [2026-03-20T07:06:07.739+0000] {dag.py:3036} INFO - Sync 1 DAGs
[2026-03-20T07:06:07.749+0000] {logging_mixin.py:188} INFO - [2026-03-20T07:06:07.749+0000] {dag.py:3823} INFO - Setting next_dagrun for crawl_crypto_prices to 2026-03-20 07:00:00+00:00, run_after=2026-03-20 08:00:00+00:00
[2026-03-20T07:06:07.757+0000] {processor.py:183} INFO - Processing /opt/airflow/dags/crawl_crypto_prices.py took 0.053 seconds
[2026-03-20T07:06:38.023+0000] {processor.py:161} INFO - Started process (PID=3662) to work on /opt/airflow/dags/crawl_crypto_prices.py
[2026-03-20T07:06:38.024+0000] {processor.py:830} INFO - Processing file /opt/airflow/dags/crawl_crypto_prices.py for tasks to queue
[2026-03-20T07:06:38.025+0000] {logging_mixin.py:188} INFO - [2026-03-20T07:06:38.025+0000] {dagbag.py:538} INFO - Filling up the DagBag from /opt/airflow/dags/crawl_crypto_prices.py
[2026-03-20T07:06:38.035+0000] {processor.py:840} INFO - DAG(s) 'crawl_crypto_prices' retrieved from /opt/airflow/dags/crawl_crypto_prices.py
[2026-03-20T07:06:38.052+0000] {logging_mixin.py:188} INFO - [2026-03-20T07:06:38.052+0000] {dag.py:3036} INFO - Sync 1 DAGs
[2026-03-20T07:06:38.062+0000] {logging_mixin.py:188} INFO - [2026-03-20T07:06:38.062+0000] {dag.py:3823} INFO - Setting next_dagrun for crawl_crypto_prices to 2026-03-20 07:00:00+00:00, run_after=2026-03-20 08:00:00+00:00
[2026-03-20T07:06:38.068+0000] {processor.py:183} INFO - Processing /opt/airflow/dags/crawl_crypto_prices.py took 0.047 seconds
[2026-03-20T07:07:08.344+0000] {processor.py:161} INFO - Started process (PID=3667) to work on /opt/airflow/dags/crawl_crypto_prices.py
[2026-03-20T07:07:08.345+0000] {processor.py:830} INFO - Processing file /opt/airflow/dags/crawl_crypto_prices.py for tasks to queue
[2026-03-20T07:07:08.345+0000] {logging_mixin.py:188} INFO - [2026-03-20T07:07:08.345+0000] {dagbag.py:538} INFO - Filling up the DagBag from /opt/airflow/dags/crawl_crypto_prices.py
[2026-03-20T07:07:08.357+0000] {processor.py:840} INFO - DAG(s) 'crawl_crypto_prices' retrieved from /opt/airflow/dags/crawl_crypto_prices.py
[2026-03-20T07:07:08.376+0000] {logging_mixin.py:188} INFO - [2026-03-20T07:07:08.375+0000] {dag.py:3036} INFO - Sync 1 DAGs
[2026-03-20T07:07:08.385+0000] {logging_mixin.py:188} INFO - [2026-03-20T07:07:08.385+0000] {dag.py:3823} INFO - Setting next_dagrun for crawl_crypto_prices to 2026-03-20 07:00:00+00:00, run_after=2026-03-20 08:00:00+00:00
[2026-03-20T07:07:08.398+0000] {processor.py:183} INFO - Processing /opt/airflow/dags/crawl_crypto_prices.py took 0.058 seconds
[2026-03-20T07:07:38.661+0000] {processor.py:161} INFO - Started process (PID=3672) to work on /opt/airflow/dags/crawl_crypto_prices.py
[2026-03-20T07:07:38.662+0000] {processor.py:830} INFO - Processing file /opt/airflow/dags/crawl_crypto_prices.py for tasks to queue
[2026-03-20T07:07:38.663+0000] {logging_mixin.py:188} INFO - [2026-03-20T07:07:38.663+0000] {dagbag.py:538} INFO - Filling up the DagBag from /opt/airflow/dags/crawl_crypto_prices.py
[2026-03-20T07:07:38.678+0000] {processor.py:840} INFO - DAG(s) 'crawl_crypto_prices' retrieved from /opt/airflow/dags/crawl_crypto_prices.py
[2026-03-20T07:07:38.700+0000] {logging_mixin.py:188} INFO - [2026-03-20T07:07:38.700+0000] {dag.py:3036} INFO - Sync 1 DAGs
[2026-03-20T07:07:38.711+0000] {logging_mixin.py:188} INFO - [2026-03-20T07:07:38.711+0000] {dag.py:3823} INFO - Setting next_dagrun for crawl_crypto_prices to 2026-03-20 07:00:00+00:00, run_after=2026-03-20 08:00:00+00:00
[2026-03-20T07:07:38.718+0000] {processor.py:183} INFO - Processing /opt/airflow/dags/crawl_crypto_prices.py took 0.063 seconds
[2026-03-20T07:08:08.962+0000] {processor.py:161} INFO - Started process (PID=3677) to work on /opt/airflow/dags/crawl_crypto_prices.py
[2026-03-20T07:08:08.963+0000] {processor.py:830} INFO - Processing file /opt/airflow/dags/crawl_crypto_prices.py for tasks to queue
[2026-03-20T07:08:08.964+0000] {logging_mixin.py:188} INFO - [2026-03-20T07:08:08.964+0000] {dagbag.py:538} INFO - Filling up the DagBag from /opt/airflow/dags/crawl_crypto_prices.py
[2026-03-20T07:08:08.976+0000] {processor.py:840} INFO - DAG(s) 'crawl_crypto_prices' retrieved from /opt/airflow/dags/crawl_crypto_prices.py
[2026-03-20T07:08:08.995+0000] {logging_mixin.py:188} INFO - [2026-03-20T07:08:08.995+0000] {dag.py:3036} INFO - Sync 1 DAGs
[2026-03-20T07:08:09.005+0000] {logging_mixin.py:188} INFO - [2026-03-20T07:08:09.005+0000] {dag.py:3823} INFO - Setting next_dagrun for crawl_crypto_prices to 2026-03-20 07:00:00+00:00, run_after=2026-03-20 08:00:00+00:00
[2026-03-20T07:08:09.011+0000] {processor.py:183} INFO - Processing /opt/airflow/dags/crawl_crypto_prices.py took 0.054 seconds
[2026-03-20T07:08:39.226+0000] {processor.py:161} INFO - Started process (PID=3682) to work on /opt/airflow/dags/crawl_crypto_prices.py
[2026-03-20T07:08:39.227+0000] {processor.py:830} INFO - Processing file /opt/airflow/dags/crawl_crypto_prices.py for tasks to queue
[2026-03-20T07:08:39.228+0000] {logging_mixin.py:188} INFO - [2026-03-20T07:08:39.228+0000] {dagbag.py:538} INFO - Filling up the DagBag from /opt/airflow/dags/crawl_crypto_prices.py
[2026-03-20T07:08:39.238+0000] {processor.py:840} INFO - DAG(s) 'crawl_crypto_prices' retrieved from /opt/airflow/dags/crawl_crypto_prices.py
[2026-03-20T07:08:39.255+0000] {logging_mixin.py:188} INFO - [2026-03-20T07:08:39.254+0000] {dag.py:3036} INFO - Sync 1 DAGs
[2026-03-20T07:08:39.264+0000] {logging_mixin.py:188} INFO - [2026-03-20T07:08:39.264+0000] {dag.py:3823} INFO - Setting next_dagrun for crawl_crypto_prices to 2026-03-20 07:00:00+00:00, run_after=2026-03-20 08:00:00+00:00
[2026-03-20T07:08:39.271+0000] {processor.py:183} INFO - Processing /opt/airflow/dags/crawl_crypto_prices.py took 0.048 seconds
[2026-03-20T07:09:09.582+0000] {processor.py:161} INFO - Started process (PID=3687) to work on /opt/airflow/dags/crawl_crypto_prices.py
[2026-03-20T07:09:09.584+0000] {processor.py:830} INFO - Processing file /opt/airflow/dags/crawl_crypto_prices.py for tasks to queue
[2026-03-20T07:09:09.585+0000] {logging_mixin.py:188} INFO - [2026-03-20T07:09:09.585+0000] {dagbag.py:538} INFO - Filling up the DagBag from /opt/airflow/dags/crawl_crypto_prices.py
[2026-03-20T07:09:09.596+0000] {processor.py:840} INFO - DAG(s) 'crawl_crypto_prices' retrieved from /opt/airflow/dags/crawl_crypto_prices.py
[2026-03-20T07:09:09.616+0000] {logging_mixin.py:188} INFO - [2026-03-20T07:09:09.616+0000] {dag.py:3036} INFO - Sync 1 DAGs
[2026-03-20T07:09:09.626+0000] {logging_mixin.py:188} INFO - [2026-03-20T07:09:09.626+0000] {dag.py:3823} INFO - Setting next_dagrun for crawl_crypto_prices to 2026-03-20 07:00:00+00:00, run_after=2026-03-20 08:00:00+00:00
[2026-03-20T07:09:09.633+0000] {processor.py:183} INFO - Processing /opt/airflow/dags/crawl_crypto_prices.py took 0.055 seconds
[2026-03-20T07:09:39.927+0000] {processor.py:161} INFO - Started process (PID=3692) to work on /opt/airflow/dags/crawl_crypto_prices.py
[2026-03-20T07:09:39.928+0000] {processor.py:830} INFO - Processing file /opt/airflow/dags/crawl_crypto_prices.py for tasks to queue
[2026-03-20T07:09:39.928+0000] {logging_mixin.py:188} INFO - [2026-03-20T07:09:39.928+0000] {dagbag.py:538} INFO - Filling up the DagBag from /opt/airflow/dags/crawl_crypto_prices.py
[2026-03-20T07:09:39.941+0000] {processor.py:840} INFO - DAG(s) 'crawl_crypto_prices' retrieved from /opt/airflow/dags/crawl_crypto_prices.py
[2026-03-20T07:09:39.958+0000] {logging_mixin.py:188} INFO - [2026-03-20T07:09:39.958+0000] {dag.py:3036} INFO - Sync 1 DAGs
[2026-03-20T07:09:39.969+0000] {logging_mixin.py:188} INFO - [2026-03-20T07:09:39.969+0000] {dag.py:3823} INFO - Setting next_dagrun for crawl_crypto_prices to 2026-03-20 07:00:00+00:00, run_after=2026-03-20 08:00:00+00:00
[2026-03-20T07:09:39.975+0000] {processor.py:183} INFO - Processing /opt/airflow/dags/crawl_crypto_prices.py took 0.052 seconds
[2026-03-20T07:10:10.234+0000] {processor.py:161} INFO - Started process (PID=3697) to work on /opt/airflow/dags/crawl_crypto_prices.py
[2026-03-20T07:10:10.236+0000] {processor.py:830} INFO - Processing file /opt/airflow/dags/crawl_crypto_prices.py for tasks to queue
[2026-03-20T07:10:10.236+0000] {logging_mixin.py:188} INFO - [2026-03-20T07:10:10.236+0000] {dagbag.py:538} INFO - Filling up the DagBag from /opt/airflow/dags/crawl_crypto_prices.py
[2026-03-20T07:10:10.247+0000] {processor.py:840} INFO - DAG(s) 'crawl_crypto_prices' retrieved from /opt/airflow/dags/crawl_crypto_prices.py
[2026-03-20T07:10:10.263+0000] {logging_mixin.py:188} INFO - [2026-03-20T07:10:10.263+0000] {dag.py:3036} INFO - Sync 1 DAGs
[2026-03-20T07:10:10.272+0000] {logging_mixin.py:188} INFO - [2026-03-20T07:10:10.272+0000] {dag.py:3823} INFO - Setting next_dagrun for crawl_crypto_prices to 2026-03-20 07:00:00+00:00, run_after=2026-03-20 08:00:00+00:00
[2026-03-20T07:10:10.278+0000] {processor.py:183} INFO - Processing /opt/airflow/dags/crawl_crypto_prices.py took 0.047 seconds
[2026-03-20T07:10:40.587+0000] {processor.py:161} INFO - Started process (PID=3702) to work on /opt/airflow/dags/crawl_crypto_prices.py
[2026-03-20T07:10:40.587+0000] {processor.py:830} INFO - Processing file /opt/airflow/dags/crawl_crypto_prices.py for tasks to queue
[2026-03-20T07:10:40.588+0000] {logging_mixin.py:188} INFO - [2026-03-20T07:10:40.588+0000] {dagbag.py:538} INFO - Filling up the DagBag from /opt/airflow/dags/crawl_crypto_prices.py
[2026-03-20T07:10:40.598+0000] {processor.py:840} INFO - DAG(s) 'crawl_crypto_prices' retrieved from /opt/airflow/dags/crawl_crypto_prices.py
[2026-03-20T07:10:40.615+0000] {logging_mixin.py:188} INFO - [2026-03-20T07:10:40.615+0000] {dag.py:3036} INFO - Sync 1 DAGs
[2026-03-20T07:10:40.626+0000] {logging_mixin.py:188} INFO - [2026-03-20T07:10:40.626+0000] {dag.py:3823} INFO - Setting next_dagrun for crawl_crypto_prices to 2026-03-20 07:00:00+00:00, run_after=2026-03-20 08:00:00+00:00
[2026-03-20T07:10:40.633+0000] {processor.py:183} INFO - Processing /opt/airflow/dags/crawl_crypto_prices.py took 0.048 seconds
[2026-03-20T07:11:10.870+0000] {processor.py:161} INFO - Started process (PID=3707) to work on /opt/airflow/dags/crawl_crypto_prices.py
[2026-03-20T07:11:10.871+0000] {processor.py:830} INFO - Processing file /opt/airflow/dags/crawl_crypto_prices.py for tasks to queue
[2026-03-20T07:11:10.871+0000] {logging_mixin.py:188} INFO - [2026-03-20T07:11:10.871+0000] {dagbag.py:538} INFO - Filling up the DagBag from /opt/airflow/dags/crawl_crypto_prices.py
[2026-03-20T07:11:10.881+0000] {processor.py:840} INFO - DAG(s) 'crawl_crypto_prices' retrieved from /opt/airflow/dags/crawl_crypto_prices.py
[2026-03-20T07:11:10.900+0000] {logging_mixin.py:188} INFO - [2026-03-20T07:11:10.900+0000] {dag.py:3036} INFO - Sync 1 DAGs
[2026-03-20T07:11:10.911+0000] {logging_mixin.py:188} INFO - [2026-03-20T07:11:10.911+0000] {dag.py:3823} INFO - Setting next_dagrun for crawl_crypto_prices to 2026-03-20 07:00:00+00:00, run_after=2026-03-20 08:00:00+00:00
[2026-03-20T07:11:10.918+0000] {processor.py:183} INFO - Processing /opt/airflow/dags/crawl_crypto_prices.py took 0.051 seconds
[2026-03-20T07:11:41.194+0000] {processor.py:161} INFO - Started process (PID=3712) to work on /opt/airflow/dags/crawl_crypto_prices.py
[2026-03-20T07:11:41.195+0000] {processor.py:830} INFO - Processing file /opt/airflow/dags/crawl_crypto_prices.py for tasks to queue
[2026-03-20T07:11:41.196+0000] {logging_mixin.py:188} INFO - [2026-03-20T07:11:41.196+0000] {dagbag.py:538} INFO - Filling up the DagBag from /opt/airflow/dags/crawl_crypto_prices.py
[2026-03-20T07:11:41.206+0000] {processor.py:840} INFO - DAG(s) 'crawl_crypto_prices' retrieved from /opt/airflow/dags/crawl_crypto_prices.py
[2026-03-20T07:11:41.224+0000] {logging_mixin.py:188} INFO - [2026-03-20T07:11:41.224+0000] {dag.py:3036} INFO - Sync 1 DAGs
[2026-03-20T07:11:41.235+0000] {logging_mixin.py:188} INFO - [2026-03-20T07:11:41.235+0000] {dag.py:3823} INFO - Setting next_dagrun for crawl_crypto_prices to 2026-03-20 07:00:00+00:00, run_after=2026-03-20 08:00:00+00:00
[2026-03-20T07:11:41.241+0000] {processor.py:183} INFO - Processing /opt/airflow/dags/crawl_crypto_prices.py took 0.050 seconds
[2026-03-20T07:12:11.494+0000] {processor.py:161} INFO - Started process (PID=3717) to work on /opt/airflow/dags/crawl_crypto_prices.py
[2026-03-20T07:12:11.495+0000] {processor.py:830} INFO - Processing file /opt/airflow/dags/crawl_crypto_prices.py for tasks to queue
[2026-03-20T07:12:11.496+0000] {logging_mixin.py:188} INFO - [2026-03-20T07:12:11.495+0000] {dagbag.py:538} INFO - Filling up the DagBag from /opt/airflow/dags/crawl_crypto_prices.py
[2026-03-20T07:12:11.504+0000] {processor.py:840} INFO - DAG(s) 'crawl_crypto_prices' retrieved from /opt/airflow/dags/crawl_crypto_prices.py
[2026-03-20T07:12:11.522+0000] {logging_mixin.py:188} INFO - [2026-03-20T07:12:11.522+0000] {dag.py:3036} INFO - Sync 1 DAGs
[2026-03-20T07:12:11.532+0000] {logging_mixin.py:188} INFO - [2026-03-20T07:12:11.532+0000] {dag.py:3823} INFO - Setting next_dagrun for crawl_crypto_prices to 2026-03-20 07:00:00+00:00, run_after=2026-03-20 08:00:00+00:00
[2026-03-20T07:12:11.542+0000] {processor.py:183} INFO - Processing /opt/airflow/dags/crawl_crypto_prices.py took 0.051 seconds
[2026-03-20T07:12:41.797+0000] {processor.py:161} INFO - Started process (PID=3722) to work on /opt/airflow/dags/crawl_crypto_prices.py
[2026-03-20T07:12:41.797+0000] {processor.py:830} INFO - Processing file /opt/airflow/dags/crawl_crypto_prices.py for tasks to queue
[2026-03-20T07:12:41.798+0000] {logging_mixin.py:188} INFO - [2026-03-20T07:12:41.798+0000] {dagbag.py:538} INFO - Filling up the DagBag from /opt/airflow/dags/crawl_crypto_prices.py
[2026-03-20T07:12:41.806+0000] {processor.py:840} INFO - DAG(s) 'crawl_crypto_prices' retrieved from /opt/airflow/dags/crawl_crypto_prices.py
[2026-03-20T07:12:41.822+0000] {logging_mixin.py:188} INFO - [2026-03-20T07:12:41.822+0000] {dag.py:3036} INFO - Sync 1 DAGs
[2026-03-20T07:12:41.833+0000] {logging_mixin.py:188} INFO - [2026-03-20T07:12:41.833+0000] {dag.py:3823} INFO - Setting next_dagrun for crawl_crypto_prices to 2026-03-20 07:00:00+00:00, run_after=2026-03-20 08:00:00+00:00
[2026-03-20T07:12:41.840+0000] {processor.py:183} INFO - Processing /opt/airflow/dags/crawl_crypto_prices.py took 0.046 seconds
[2026-03-20T07:13:12.104+0000] {processor.py:161} INFO - Started process (PID=3727) to work on /opt/airflow/dags/crawl_crypto_prices.py
[2026-03-20T07:13:12.105+0000] {processor.py:830} INFO - Processing file /opt/airflow/dags/crawl_crypto_prices.py for tasks to queue
[2026-03-20T07:13:12.106+0000] {logging_mixin.py:188} INFO - [2026-03-20T07:13:12.106+0000] {dagbag.py:538} INFO - Filling up the DagBag from /opt/airflow/dags/crawl_crypto_prices.py
[2026-03-20T07:13:12.117+0000] {processor.py:840} INFO - DAG(s) 'crawl_crypto_prices' retrieved from /opt/airflow/dags/crawl_crypto_prices.py
[2026-03-20T07:13:12.135+0000] {logging_mixin.py:188} INFO - [2026-03-20T07:13:12.135+0000] {dag.py:3036} INFO - Sync 1 DAGs
[2026-03-20T07:13:12.144+0000] {logging_mixin.py:188} INFO - [2026-03-20T07:13:12.144+0000] {dag.py:3823} INFO - Setting next_dagrun for crawl_crypto_prices to 2026-03-20 07:00:00+00:00, run_after=2026-03-20 08:00:00+00:00
[2026-03-20T07:13:12.150+0000] {processor.py:183} INFO - Processing /opt/airflow/dags/crawl_crypto_prices.py took 0.049 seconds
[2026-03-20T07:13:42.448+0000] {processor.py:161} INFO - Started process (PID=3732) to work on /opt/airflow/dags/crawl_crypto_prices.py
[2026-03-20T07:13:42.449+0000] {processor.py:830} INFO - Processing file /opt/airflow/dags/crawl_crypto_prices.py for tasks to queue
[2026-03-20T07:13:42.450+0000] {logging_mixin.py:188} INFO - [2026-03-20T07:13:42.450+0000] {dagbag.py:538} INFO - Filling up the DagBag from /opt/airflow/dags/crawl_crypto_prices.py
[2026-03-20T07:13:42.460+0000] {processor.py:840} INFO - DAG(s) 'crawl_crypto_prices' retrieved from /opt/airflow/dags/crawl_crypto_prices.py
[2026-03-20T07:13:42.478+0000] {logging_mixin.py:188} INFO - [2026-03-20T07:13:42.478+0000] {dag.py:3036} INFO - Sync 1 DAGs
[2026-03-20T07:13:42.488+0000] {logging_mixin.py:188} INFO - [2026-03-20T07:13:42.488+0000] {dag.py:3823} INFO - Setting next_dagrun for crawl_crypto_prices to 2026-03-20 07:00:00+00:00, run_after=2026-03-20 08:00:00+00:00
[2026-03-20T07:13:42.494+0000] {processor.py:183} INFO - Processing /opt/airflow/dags/crawl_crypto_prices.py took 0.049 seconds
[2026-03-20T07:14:12.804+0000] {processor.py:161} INFO - Started process (PID=3737) to work on /opt/airflow/dags/crawl_crypto_prices.py
[2026-03-20T07:14:12.805+0000] {processor.py:830} INFO - Processing file /opt/airflow/dags/crawl_crypto_prices.py for tasks to queue
[2026-03-20T07:14:12.806+0000] {logging_mixin.py:188} INFO - [2026-03-20T07:14:12.806+0000] {dagbag.py:538} INFO - Filling up the DagBag from /opt/airflow/dags/crawl_crypto_prices.py
[2026-03-20T07:14:12.815+0000] {processor.py:840} INFO - DAG(s) 'crawl_crypto_prices' retrieved from /opt/airflow/dags/crawl_crypto_prices.py
[2026-03-20T07:14:12.833+0000] {logging_mixin.py:188} INFO - [2026-03-20T07:14:12.833+0000] {dag.py:3036} INFO - Sync 1 DAGs
[2026-03-20T07:14:12.843+0000] {logging_mixin.py:188} INFO - [2026-03-20T07:14:12.843+0000] {dag.py:3823} INFO - Setting next_dagrun for crawl_crypto_prices to 2026-03-20 07:00:00+00:00, run_after=2026-03-20 08:00:00+00:00
[2026-03-20T07:14:12.849+0000] {processor.py:183} INFO - Processing /opt/airflow/dags/crawl_crypto_prices.py took 0.048 seconds
[2026-03-20T07:14:43.132+0000] {processor.py:161} INFO - Started process (PID=3742) to work on /opt/airflow/dags/crawl_crypto_prices.py
[2026-03-20T07:14:43.133+0000] {processor.py:830} INFO - Processing file /opt/airflow/dags/crawl_crypto_prices.py for tasks to queue
[2026-03-20T07:14:43.134+0000] {logging_mixin.py:188} INFO - [2026-03-20T07:14:43.134+0000] {dagbag.py:538} INFO - Filling up the DagBag from /opt/airflow/dags/crawl_crypto_prices.py
[2026-03-20T07:14:43.145+0000] {processor.py:840} INFO - DAG(s) 'crawl_crypto_prices' retrieved from /opt/airflow/dags/crawl_crypto_prices.py
[2026-03-20T07:14:43.163+0000] {logging_mixin.py:188} INFO - [2026-03-20T07:14:43.163+0000] {dag.py:3036} INFO - Sync 1 DAGs
[2026-03-20T07:14:43.173+0000] {logging_mixin.py:188} INFO - [2026-03-20T07:14:43.173+0000] {dag.py:3823} INFO - Setting next_dagrun for crawl_crypto_prices to 2026-03-20 07:00:00+00:00, run_after=2026-03-20 08:00:00+00:00
[2026-03-20T07:14:43.179+0000] {processor.py:183} INFO - Processing /opt/airflow/dags/crawl_crypto_prices.py took 0.050 seconds
[2026-03-20T07:15:13.420+0000] {processor.py:161} INFO - Started process (PID=3747) to work on /opt/airflow/dags/crawl_crypto_prices.py
[2026-03-20T07:15:13.421+0000] {processor.py:830} INFO - Processing file /opt/airflow/dags/crawl_crypto_prices.py for tasks to queue
[2026-03-20T07:15:13.421+0000] {logging_mixin.py:188} INFO - [2026-03-20T07:15:13.421+0000] {dagbag.py:538} INFO - Filling up the DagBag from /opt/airflow/dags/crawl_crypto_prices.py
[2026-03-20T07:15:13.431+0000] {processor.py:840} INFO - DAG(s) 'crawl_crypto_prices' retrieved from /opt/airflow/dags/crawl_crypto_prices.py
[2026-03-20T07:15:13.448+0000] {logging_mixin.py:188} INFO - [2026-03-20T07:15:13.448+0000] {dag.py:3036} INFO - Sync 1 DAGs
[2026-03-20T07:15:13.458+0000] {logging_mixin.py:188} INFO - [2026-03-20T07:15:13.458+0000] {dag.py:3823} INFO - Setting next_dagrun for crawl_crypto_prices to 2026-03-20 07:00:00+00:00, run_after=2026-03-20 08:00:00+00:00
[2026-03-20T07:15:13.464+0000] {processor.py:183} INFO - Processing /opt/airflow/dags/crawl_crypto_prices.py took 0.046 seconds
[2026-03-20T07:15:43.693+0000] {processor.py:161} INFO - Started process (PID=3752) to work on /opt/airflow/dags/crawl_crypto_prices.py
[2026-03-20T07:15:43.694+0000] {processor.py:830} INFO - Processing file /opt/airflow/dags/crawl_crypto_prices.py for tasks to queue
[2026-03-20T07:15:43.694+0000] {logging_mixin.py:188} INFO - [2026-03-20T07:15:43.694+0000] {dagbag.py:538} INFO - Filling up the DagBag from /opt/airflow/dags/crawl_crypto_prices.py
[2026-03-20T07:15:43.701+0000] {processor.py:840} INFO - DAG(s) 'crawl_crypto_prices' retrieved from /opt/airflow/dags/crawl_crypto_prices.py
[2026-03-20T07:15:43.714+0000] {logging_mixin.py:188} INFO - [2026-03-20T07:15:43.714+0000] {dag.py:3036} INFO - Sync 1 DAGs
[2026-03-20T07:15:43.723+0000] {logging_mixin.py:188} INFO - [2026-03-20T07:15:43.723+0000] {dag.py:3823} INFO - Setting next_dagrun for crawl_crypto_prices to 2026-03-20 07:00:00+00:00, run_after=2026-03-20 08:00:00+00:00
[2026-03-20T07:15:43.730+0000] {processor.py:183} INFO - Processing /opt/airflow/dags/crawl_crypto_prices.py took 0.038 seconds
[2026-03-20T07:16:13.985+0000] {processor.py:161} INFO - Started process (PID=3757) to work on /opt/airflow/dags/crawl_crypto_prices.py
[2026-03-20T07:16:13.986+0000] {processor.py:830} INFO - Processing file /opt/airflow/dags/crawl_crypto_prices.py for tasks to queue
[2026-03-20T07:16:13.987+0000] {logging_mixin.py:188} INFO - [2026-03-20T07:16:13.987+0000] {dagbag.py:538} INFO - Filling up the DagBag from /opt/airflow/dags/crawl_crypto_prices.py
[2026-03-20T07:16:13.996+0000] {processor.py:840} INFO - DAG(s) 'crawl_crypto_prices' retrieved from /opt/airflow/dags/crawl_crypto_prices.py
[2026-03-20T07:16:14.011+0000] {logging_mixin.py:188} INFO - [2026-03-20T07:16:14.011+0000] {dag.py:3036} INFO - Sync 1 DAGs
[2026-03-20T07:16:14.020+0000] {logging_mixin.py:188} INFO - [2026-03-20T07:16:14.020+0000] {dag.py:3823} INFO - Setting next_dagrun for crawl_crypto_prices to 2026-03-20 07:00:00+00:00, run_after=2026-03-20 08:00:00+00:00
[2026-03-20T07:16:14.027+0000] {processor.py:183} INFO - Processing /opt/airflow/dags/crawl_crypto_prices.py took 0.045 seconds
[2026-03-20T07:16:44.267+0000] {processor.py:161} INFO - Started process (PID=3762) to work on /opt/airflow/dags/crawl_crypto_prices.py
[2026-03-20T07:16:44.267+0000] {processor.py:830} INFO - Processing file /opt/airflow/dags/crawl_crypto_prices.py for tasks to queue
[2026-03-20T07:16:44.268+0000] {logging_mixin.py:188} INFO - [2026-03-20T07:16:44.267+0000] {dagbag.py:538} INFO - Filling up the DagBag from /opt/airflow/dags/crawl_crypto_prices.py
[2026-03-20T07:16:44.273+0000] {processor.py:840} INFO - DAG(s) 'crawl_crypto_prices' retrieved from /opt/airflow/dags/crawl_crypto_prices.py
[2026-03-20T07:16:44.284+0000] {logging_mixin.py:188} INFO - [2026-03-20T07:16:44.284+0000] {dag.py:3036} INFO - Sync 1 DAGs
[2026-03-20T07:16:44.293+0000] {logging_mixin.py:188} INFO - [2026-03-20T07:16:44.293+0000] {dag.py:3823} INFO - Setting next_dagrun for crawl_crypto_prices to 2026-03-20 07:00:00+00:00, run_after=2026-03-20 08:00:00+00:00
[2026-03-20T07:16:44.298+0000] {processor.py:183} INFO - Processing /opt/airflow/dags/crawl_crypto_prices.py took 0.033 seconds
[2026-03-20T07:17:14.554+0000] {processor.py:161} INFO - Started process (PID=3767) to work on /opt/airflow/dags/crawl_crypto_prices.py
[2026-03-20T07:17:14.555+0000] {processor.py:830} INFO - Processing file /opt/airflow/dags/crawl_crypto_prices.py for tasks to queue
[2026-03-20T07:17:14.556+0000] {logging_mixin.py:188} INFO - [2026-03-20T07:17:14.556+0000] {dagbag.py:538} INFO - Filling up the DagBag from /opt/airflow/dags/crawl_crypto_prices.py
[2026-03-20T07:17:14.566+0000] {processor.py:840} INFO - DAG(s) 'crawl_crypto_prices' retrieved from /opt/airflow/dags/crawl_crypto_prices.py
[2026-03-20T07:17:14.585+0000] {logging_mixin.py:188} INFO - [2026-03-20T07:17:14.585+0000] {dag.py:3036} INFO - Sync 1 DAGs
[2026-03-20T07:17:14.596+0000] {logging_mixin.py:188} INFO - [2026-03-20T07:17:14.596+0000] {dag.py:3823} INFO - Setting next_dagrun for crawl_crypto_prices to 2026-03-20 07:00:00+00:00, run_after=2026-03-20 08:00:00+00:00
[2026-03-20T07:17:14.603+0000] {processor.py:183} INFO - Processing /opt/airflow/dags/crawl_crypto_prices.py took 0.052 seconds
[2026-03-20T07:17:44.837+0000] {processor.py:161} INFO - Started process (PID=3772) to work on /opt/airflow/dags/crawl_crypto_prices.py
[2026-03-20T07:17:44.838+0000] {processor.py:830} INFO - Processing file /opt/airflow/dags/crawl_crypto_prices.py for tasks to queue
[2026-03-20T07:17:44.838+0000] {logging_mixin.py:188} INFO - [2026-03-20T07:17:44.838+0000] {dagbag.py:538} INFO - Filling up the DagBag from /opt/airflow/dags/crawl_crypto_prices.py
[2026-03-20T07:17:44.848+0000] {processor.py:840} INFO - DAG(s) 'crawl_crypto_prices' retrieved from /opt/airflow/dags/crawl_crypto_prices.py
[2026-03-20T07:17:44.866+0000] {logging_mixin.py:188} INFO - [2026-03-20T07:17:44.866+0000] {dag.py:3036} INFO - Sync 1 DAGs
[2026-03-20T07:17:44.875+0000] {logging_mixin.py:188} INFO - [2026-03-20T07:17:44.875+0000] {dag.py:3823} INFO - Setting next_dagrun for crawl_crypto_prices to 2026-03-20 07:00:00+00:00, run_after=2026-03-20 08:00:00+00:00
[2026-03-20T07:17:44.881+0000] {processor.py:183} INFO - Processing /opt/airflow/dags/crawl_crypto_prices.py took 0.047 seconds
[2026-03-20T07:18:15.086+0000] {processor.py:161} INFO - Started process (PID=3777) to work on /opt/airflow/dags/crawl_crypto_prices.py
[2026-03-20T07:18:15.087+0000] {processor.py:830} INFO - Processing file /opt/airflow/dags/crawl_crypto_prices.py for tasks to queue
[2026-03-20T07:18:15.088+0000] {logging_mixin.py:188} INFO - [2026-03-20T07:18:15.088+0000] {dagbag.py:538} INFO - Filling up the DagBag from /opt/airflow/dags/crawl_crypto_prices.py
[2026-03-20T07:18:15.098+0000] {processor.py:840} INFO - DAG(s) 'crawl_crypto_prices' retrieved from /opt/airflow/dags/crawl_crypto_prices.py
[2026-03-20T07:18:15.116+0000] {logging_mixin.py:188} INFO - [2026-03-20T07:18:15.116+0000] {dag.py:3036} INFO - Sync 1 DAGs
[2026-03-20T07:18:15.126+0000] {logging_mixin.py:188} INFO - [2026-03-20T07:18:15.126+0000] {dag.py:3823} INFO - Setting next_dagrun for crawl_crypto_prices to 2026-03-20 07:00:00+00:00, run_after=2026-03-20 08:00:00+00:00
[2026-03-20T07:18:15.132+0000] {processor.py:183} INFO - Processing /opt/airflow/dags/crawl_crypto_prices.py took 0.050 seconds
[2026-03-20T07:18:45.397+0000] {processor.py:161} INFO - Started process (PID=3782) to work on /opt/airflow/dags/crawl_crypto_prices.py
[2026-03-20T07:18:45.398+0000] {processor.py:830} INFO - Processing file /opt/airflow/dags/crawl_crypto_prices.py for tasks to queue
[2026-03-20T07:18:45.399+0000] {logging_mixin.py:188} INFO - [2026-03-20T07:18:45.399+0000] {dagbag.py:538} INFO - Filling up the DagBag from /opt/airflow/dags/crawl_crypto_prices.py
[2026-03-20T07:18:45.410+0000] {processor.py:840} INFO - DAG(s) 'crawl_crypto_prices' retrieved from /opt/airflow/dags/crawl_crypto_prices.py
[2026-03-20T07:18:45.429+0000] {logging_mixin.py:188} INFO - [2026-03-20T07:18:45.429+0000] {dag.py:3036} INFO - Sync 1 DAGs
[2026-03-20T07:18:45.439+0000] {logging_mixin.py:188} INFO - [2026-03-20T07:18:45.439+0000] {dag.py:3823} INFO - Setting next_dagrun for crawl_crypto_prices to 2026-03-20 07:00:00+00:00, run_after=2026-03-20 08:00:00+00:00
[2026-03-20T07:18:45.445+0000] {processor.py:183} INFO - Processing /opt/airflow/dags/crawl_crypto_prices.py took 0.051 seconds
[2026-03-20T07:19:15.725+0000] {processor.py:161} INFO - Started process (PID=3787) to work on /opt/airflow/dags/crawl_crypto_prices.py
[2026-03-20T07:19:15.726+0000] {processor.py:830} INFO - Processing file /opt/airflow/dags/crawl_crypto_prices.py for tasks to queue
[2026-03-20T07:19:15.727+0000] {logging_mixin.py:188} INFO - [2026-03-20T07:19:15.726+0000] {dagbag.py:538} INFO - Filling up the DagBag from /opt/airflow/dags/crawl_crypto_prices.py
[2026-03-20T07:19:15.736+0000] {processor.py:840} INFO - DAG(s) 'crawl_crypto_prices' retrieved from /opt/airflow/dags/crawl_crypto_prices.py
[2026-03-20T07:19:15.754+0000] {logging_mixin.py:188} INFO - [2026-03-20T07:19:15.754+0000] {dag.py:3036} INFO - Sync 1 DAGs
[2026-03-20T07:19:15.764+0000] {logging_mixin.py:188} INFO - [2026-03-20T07:19:15.764+0000] {dag.py:3823} INFO - Setting next_dagrun for crawl_crypto_prices to 2026-03-20 07:00:00+00:00, run_after=2026-03-20 08:00:00+00:00
[2026-03-20T07:19:15.771+0000] {processor.py:183} INFO - Processing /opt/airflow/dags/crawl_crypto_prices.py took 0.049 seconds
[2026-03-20T07:19:46.037+0000] {processor.py:161} INFO - Started process (PID=3792) to work on /opt/airflow/dags/crawl_crypto_prices.py
[2026-03-20T07:19:46.039+0000] {processor.py:830} INFO - Processing file /opt/airflow/dags/crawl_crypto_prices.py for tasks to queue
[2026-03-20T07:19:46.040+0000] {logging_mixin.py:188} INFO - [2026-03-20T07:19:46.039+0000] {dagbag.py:538} INFO - Filling up the DagBag from /opt/airflow/dags/crawl_crypto_prices.py
[2026-03-20T07:19:46.054+0000] {processor.py:840} INFO - DAG(s) 'crawl_crypto_prices' retrieved from /opt/airflow/dags/crawl_crypto_prices.py
[2026-03-20T07:19:46.076+0000] {logging_mixin.py:188} INFO - [2026-03-20T07:19:46.076+0000] {dag.py:3036} INFO - Sync 1 DAGs
[2026-03-20T07:19:46.087+0000] {logging_mixin.py:188} INFO - [2026-03-20T07:19:46.087+0000] {dag.py:3823} INFO - Setting next_dagrun for crawl_crypto_prices to 2026-03-20 07:00:00+00:00, run_after=2026-03-20 08:00:00+00:00
[2026-03-20T07:19:46.094+0000] {processor.py:183} INFO - Processing /opt/airflow/dags/crawl_crypto_prices.py took 0.062 seconds
[2026-03-20T07:20:16.345+0000] {processor.py:161} INFO - Started process (PID=3797) to work on /opt/airflow/dags/crawl_crypto_prices.py
[2026-03-20T07:20:16.346+0000] {processor.py:830} INFO - Processing file /opt/airflow/dags/crawl_crypto_prices.py for tasks to queue
[2026-03-20T07:20:16.347+0000] {logging_mixin.py:188} INFO - [2026-03-20T07:20:16.347+0000] {dagbag.py:538} INFO - Filling up the DagBag from /opt/airflow/dags/crawl_crypto_prices.py
[2026-03-20T07:20:16.357+0000] {processor.py:840} INFO - DAG(s) 'crawl_crypto_prices' retrieved from /opt/airflow/dags/crawl_crypto_prices.py
[2026-03-20T07:20:16.377+0000] {logging_mixin.py:188} INFO - [2026-03-20T07:20:16.377+0000] {dag.py:3036} INFO - Sync 1 DAGs
[2026-03-20T07:20:16.388+0000] {logging_mixin.py:188} INFO - [2026-03-20T07:20:16.388+0000] {dag.py:3823} INFO - Setting next_dagrun for crawl_crypto_prices to 2026-03-20 07:00:00+00:00, run_after=2026-03-20 08:00:00+00:00
[2026-03-20T07:20:16.394+0000] {processor.py:183} INFO - Processing /opt/airflow/dags/crawl_crypto_prices.py took 0.051 seconds
[2026-03-20T07:20:46.671+0000] {processor.py:161} INFO - Started process (PID=3802) to work on /opt/airflow/dags/crawl_crypto_prices.py
[2026-03-20T07:20:46.672+0000] {processor.py:830} INFO - Processing file /opt/airflow/dags/crawl_crypto_prices.py for tasks to queue
[2026-03-20T07:20:46.673+0000] {logging_mixin.py:188} INFO - [2026-03-20T07:20:46.673+0000] {dagbag.py:538} INFO - Filling up the DagBag from /opt/airflow/dags/crawl_crypto_prices.py
[2026-03-20T07:20:46.682+0000] {processor.py:840} INFO - DAG(s) 'crawl_crypto_prices' retrieved from /opt/airflow/dags/crawl_crypto_prices.py
[2026-03-20T07:20:46.701+0000] {logging_mixin.py:188} INFO - [2026-03-20T07:20:46.701+0000] {dag.py:3036} INFO - Sync 1 DAGs
[2026-03-20T07:20:46.710+0000] {logging_mixin.py:188} INFO - [2026-03-20T07:20:46.710+0000] {dag.py:3823} INFO - Setting next_dagrun for crawl_crypto_prices to 2026-03-20 07:00:00+00:00, run_after=2026-03-20 08:00:00+00:00
[2026-03-20T07:20:46.716+0000] {processor.py:183} INFO - Processing /opt/airflow/dags/crawl_crypto_prices.py took 0.048 seconds
[2026-03-20T07:21:17.006+0000] {processor.py:161} INFO - Started process (PID=3807) to work on /opt/airflow/dags/crawl_crypto_prices.py
[2026-03-20T07:21:17.007+0000] {processor.py:830} INFO - Processing file /opt/airflow/dags/crawl_crypto_prices.py for tasks to queue
[2026-03-20T07:21:17.008+0000] {logging_mixin.py:188} INFO - [2026-03-20T07:21:17.007+0000] {dagbag.py:538} INFO - Filling up the DagBag from /opt/airflow/dags/crawl_crypto_prices.py
[2026-03-20T07:21:17.019+0000] {processor.py:840} INFO - DAG(s) 'crawl_crypto_prices' retrieved from /opt/airflow/dags/crawl_crypto_prices.py
[2026-03-20T07:21:17.037+0000] {logging_mixin.py:188} INFO - [2026-03-20T07:21:17.037+0000] {dag.py:3036} INFO - Sync 1 DAGs
[2026-03-20T07:21:17.047+0000] {logging_mixin.py:188} INFO - [2026-03-20T07:21:17.047+0000] {dag.py:3823} INFO - Setting next_dagrun for crawl_crypto_prices to 2026-03-20 07:00:00+00:00, run_after=2026-03-20 08:00:00+00:00
[2026-03-20T07:21:17.053+0000] {processor.py:183} INFO - Processing /opt/airflow/dags/crawl_crypto_prices.py took 0.051 seconds
[2026-03-20T07:21:47.339+0000] {processor.py:161} INFO - Started process (PID=3812) to work on /opt/airflow/dags/crawl_crypto_prices.py
[2026-03-20T07:21:47.340+0000] {processor.py:830} INFO - Processing file /opt/airflow/dags/crawl_crypto_prices.py for tasks to queue
[2026-03-20T07:21:47.341+0000] {logging_mixin.py:188} INFO - [2026-03-20T07:21:47.341+0000] {dagbag.py:538} INFO - Filling up the DagBag from /opt/airflow/dags/crawl_crypto_prices.py
[2026-03-20T07:21:47.353+0000] {processor.py:840} INFO - DAG(s) 'crawl_crypto_prices' retrieved from /opt/airflow/dags/crawl_crypto_prices.py
[2026-03-20T07:21:47.372+0000] {logging_mixin.py:188} INFO - [2026-03-20T07:21:47.371+0000] {dag.py:3036} INFO - Sync 1 DAGs
[2026-03-20T07:21:47.381+0000] {logging_mixin.py:188} INFO - [2026-03-20T07:21:47.381+0000] {dag.py:3823} INFO - Setting next_dagrun for crawl_crypto_prices to 2026-03-20 07:00:00+00:00, run_after=2026-03-20 08:00:00+00:00
[2026-03-20T07:21:47.388+0000] {processor.py:183} INFO - Processing /opt/airflow/dags/crawl_crypto_prices.py took 0.052 seconds
[2026-03-20T07:22:17.631+0000] {processor.py:161} INFO - Started process (PID=3817) to work on /opt/airflow/dags/crawl_crypto_prices.py
[2026-03-20T07:22:17.633+0000] {processor.py:830} INFO - Processing file /opt/airflow/dags/crawl_crypto_prices.py for tasks to queue
[2026-03-20T07:22:17.634+0000] {logging_mixin.py:188} INFO - [2026-03-20T07:22:17.633+0000] {dagbag.py:538} INFO - Filling up the DagBag from /opt/airflow/dags/crawl_crypto_prices.py
[2026-03-20T07:22:17.645+0000] {processor.py:840} INFO - DAG(s) 'crawl_crypto_prices' retrieved from /opt/airflow/dags/crawl_crypto_prices.py
[2026-03-20T07:22:17.664+0000] {logging_mixin.py:188} INFO - [2026-03-20T07:22:17.664+0000] {dag.py:3036} INFO - Sync 1 DAGs
[2026-03-20T07:22:17.673+0000] {logging_mixin.py:188} INFO - [2026-03-20T07:22:17.673+0000] {dag.py:3823} INFO - Setting next_dagrun for crawl_crypto_prices to 2026-03-20 07:00:00+00:00, run_after=2026-03-20 08:00:00+00:00
[2026-03-20T07:22:17.680+0000] {processor.py:183} INFO - Processing /opt/airflow/dags/crawl_crypto_prices.py took 0.052 seconds
[2026-03-20T07:22:47.972+0000] {processor.py:161} INFO - Started process (PID=3822) to work on /opt/airflow/dags/crawl_crypto_prices.py
[2026-03-20T07:22:47.973+0000] {processor.py:830} INFO - Processing file /opt/airflow/dags/crawl_crypto_prices.py for tasks to queue
[2026-03-20T07:22:47.974+0000] {logging_mixin.py:188} INFO - [2026-03-20T07:22:47.973+0000] {dagbag.py:538} INFO - Filling up the DagBag from /opt/airflow/dags/crawl_crypto_prices.py
[2026-03-20T07:22:47.987+0000] {processor.py:840} INFO - DAG(s) 'crawl_crypto_prices' retrieved from /opt/airflow/dags/crawl_crypto_prices.py
[2026-03-20T07:22:48.006+0000] {logging_mixin.py:188} INFO - [2026-03-20T07:22:48.005+0000] {dag.py:3036} INFO - Sync 1 DAGs
[2026-03-20T07:22:48.016+0000] {logging_mixin.py:188} INFO - [2026-03-20T07:22:48.016+0000] {dag.py:3823} INFO - Setting next_dagrun for crawl_crypto_prices to 2026-03-20 07:00:00+00:00, run_after=2026-03-20 08:00:00+00:00
[2026-03-20T07:22:48.022+0000] {processor.py:183} INFO - Processing /opt/airflow/dags/crawl_crypto_prices.py took 0.054 seconds
[2026-03-20T07:23:18.224+0000] {processor.py:161} INFO - Started process (PID=3827) to work on /opt/airflow/dags/crawl_crypto_prices.py
[2026-03-20T07:23:18.224+0000] {processor.py:830} INFO - Processing file /opt/airflow/dags/crawl_crypto_prices.py for tasks to queue
[2026-03-20T07:23:18.225+0000] {logging_mixin.py:188} INFO - [2026-03-20T07:23:18.225+0000] {dagbag.py:538} INFO - Filling up the DagBag from /opt/airflow/dags/crawl_crypto_prices.py
[2026-03-20T07:23:18.238+0000] {processor.py:840} INFO - DAG(s) 'crawl_crypto_prices' retrieved from /opt/airflow/dags/crawl_crypto_prices.py
[2026-03-20T07:23:18.260+0000] {logging_mixin.py:188} INFO - [2026-03-20T07:23:18.260+0000] {dag.py:3036} INFO - Sync 1 DAGs
[2026-03-20T07:23:18.272+0000] {logging_mixin.py:188} INFO - [2026-03-20T07:23:18.272+0000] {dag.py:3823} INFO - Setting next_dagrun for crawl_crypto_prices to 2026-03-20 07:00:00+00:00, run_after=2026-03-20 08:00:00+00:00
[2026-03-20T07:23:18.278+0000] {processor.py:183} INFO - Processing /opt/airflow/dags/crawl_crypto_prices.py took 0.058 seconds
[2026-03-20T07:23:48.568+0000] {processor.py:161} INFO - Started process (PID=3832) to work on /opt/airflow/dags/crawl_crypto_prices.py
[2026-03-20T07:23:48.569+0000] {processor.py:830} INFO - Processing file /opt/airflow/dags/crawl_crypto_prices.py for tasks to queue
[2026-03-20T07:23:48.570+0000] {logging_mixin.py:188} INFO - [2026-03-20T07:23:48.570+0000] {dagbag.py:538} INFO - Filling up the DagBag from /opt/airflow/dags/crawl_crypto_prices.py
[2026-03-20T07:23:48.582+0000] {processor.py:840} INFO - DAG(s) 'crawl_crypto_prices' retrieved from /opt/airflow/dags/crawl_crypto_prices.py
[2026-03-20T07:23:48.600+0000] {logging_mixin.py:188} INFO - [2026-03-20T07:23:48.600+0000] {dag.py:3036} INFO - Sync 1 DAGs
[2026-03-20T07:23:48.609+0000] {logging_mixin.py:188} INFO - [2026-03-20T07:23:48.609+0000] {dag.py:3823} INFO - Setting next_dagrun for crawl_crypto_prices to 2026-03-20 07:00:00+00:00, run_after=2026-03-20 08:00:00+00:00
[2026-03-20T07:23:48.616+0000] {processor.py:183} INFO - Processing /opt/airflow/dags/crawl_crypto_prices.py took 0.051 seconds
[2026-03-20T07:24:18.890+0000] {processor.py:161} INFO - Started process (PID=3837) to work on /opt/airflow/dags/crawl_crypto_prices.py
[2026-03-20T07:24:18.892+0000] {processor.py:830} INFO - Processing file /opt/airflow/dags/crawl_crypto_prices.py for tasks to queue
[2026-03-20T07:24:18.893+0000] {logging_mixin.py:188} INFO - [2026-03-20T07:24:18.893+0000] {dagbag.py:538} INFO - Filling up the DagBag from /opt/airflow/dags/crawl_crypto_prices.py
[2026-03-20T07:24:18.904+0000] {processor.py:840} INFO - DAG(s) 'crawl_crypto_prices' retrieved from /opt/airflow/dags/crawl_crypto_prices.py
[2026-03-20T07:24:18.922+0000] {logging_mixin.py:188} INFO - [2026-03-20T07:24:18.922+0000] {dag.py:3036} INFO - Sync 1 DAGs
[2026-03-20T07:24:18.931+0000] {logging_mixin.py:188} INFO - [2026-03-20T07:24:18.931+0000] {dag.py:3823} INFO - Setting next_dagrun for crawl_crypto_prices to 2026-03-20 07:00:00+00:00, run_after=2026-03-20 08:00:00+00:00
[2026-03-20T07:24:18.937+0000] {processor.py:183} INFO - Processing /opt/airflow/dags/crawl_crypto_prices.py took 0.050 seconds
[2026-03-20T07:24:49.203+0000] {processor.py:161} INFO - Started process (PID=3842) to work on /opt/airflow/dags/crawl_crypto_prices.py
[2026-03-20T07:24:49.204+0000] {processor.py:830} INFO - Processing file /opt/airflow/dags/crawl_crypto_prices.py for tasks to queue
[2026-03-20T07:24:49.205+0000] {logging_mixin.py:188} INFO - [2026-03-20T07:24:49.204+0000] {dagbag.py:538} INFO - Filling up the DagBag from /opt/airflow/dags/crawl_crypto_prices.py
[2026-03-20T07:24:49.217+0000] {processor.py:840} INFO - DAG(s) 'crawl_crypto_prices' retrieved from /opt/airflow/dags/crawl_crypto_prices.py
[2026-03-20T07:24:49.235+0000] {logging_mixin.py:188} INFO - [2026-03-20T07:24:49.235+0000] {dag.py:3036} INFO - Sync 1 DAGs
[2026-03-20T07:24:49.246+0000] {logging_mixin.py:188} INFO - [2026-03-20T07:24:49.246+0000] {dag.py:3823} INFO - Setting next_dagrun for crawl_crypto_prices to 2026-03-20 07:00:00+00:00, run_after=2026-03-20 08:00:00+00:00
[2026-03-20T07:24:49.252+0000] {processor.py:183} INFO - Processing /opt/airflow/dags/crawl_crypto_prices.py took 0.052 seconds
[2026-03-20T07:25:19.503+0000] {processor.py:161} INFO - Started process (PID=3847) to work on /opt/airflow/dags/crawl_crypto_prices.py
[2026-03-20T07:25:19.503+0000] {processor.py:830} INFO - Processing file /opt/airflow/dags/crawl_crypto_prices.py for tasks to queue
[2026-03-20T07:25:19.504+0000] {logging_mixin.py:188} INFO - [2026-03-20T07:25:19.504+0000] {dagbag.py:538} INFO - Filling up the DagBag from /opt/airflow/dags/crawl_crypto_prices.py
[2026-03-20T07:25:19.510+0000] {processor.py:840} INFO - DAG(s) 'crawl_crypto_prices' retrieved from /opt/airflow/dags/crawl_crypto_prices.py
[2026-03-20T07:25:19.520+0000] {logging_mixin.py:188} INFO - [2026-03-20T07:25:19.520+0000] {dag.py:3036} INFO - Sync 1 DAGs
[2026-03-20T07:25:19.528+0000] {logging_mixin.py:188} INFO - [2026-03-20T07:25:19.528+0000] {dag.py:3823} INFO - Setting next_dagrun for crawl_crypto_prices to 2026-03-20 07:00:00+00:00, run_after=2026-03-20 08:00:00+00:00
[2026-03-20T07:25:19.534+0000] {processor.py:183} INFO - Processing /opt/airflow/dags/crawl_crypto_prices.py took 0.032 seconds
[2026-03-20T07:25:49.838+0000] {processor.py:161} INFO - Started process (PID=3852) to work on /opt/airflow/dags/crawl_crypto_prices.py
[2026-03-20T07:25:49.839+0000] {processor.py:830} INFO - Processing file /opt/airflow/dags/crawl_crypto_prices.py for tasks to queue
[2026-03-20T07:25:49.839+0000] {logging_mixin.py:188} INFO - [2026-03-20T07:25:49.839+0000] {dagbag.py:538} INFO - Filling up the DagBag from /opt/airflow/dags/crawl_crypto_prices.py
[2026-03-20T07:25:49.850+0000] {processor.py:840} INFO - DAG(s) 'crawl_crypto_prices' retrieved from /opt/airflow/dags/crawl_crypto_prices.py
[2026-03-20T07:25:49.863+0000] {logging_mixin.py:188} INFO - [2026-03-20T07:25:49.863+0000] {dag.py:3036} INFO - Sync 1 DAGs
[2026-03-20T07:25:49.873+0000] {logging_mixin.py:188} INFO - [2026-03-20T07:25:49.873+0000] {dag.py:3823} INFO - Setting next_dagrun for crawl_crypto_prices to 2026-03-20 07:00:00+00:00, run_after=2026-03-20 08:00:00+00:00
[2026-03-20T07:25:49.879+0000] {processor.py:183} INFO - Processing /opt/airflow/dags/crawl_crypto_prices.py took 0.044 seconds
[2026-03-20T07:26:20.127+0000] {processor.py:161} INFO - Started process (PID=3857) to work on /opt/airflow/dags/crawl_crypto_prices.py
[2026-03-20T07:26:20.128+0000] {processor.py:830} INFO - Processing file /opt/airflow/dags/crawl_crypto_prices.py for tasks to queue
[2026-03-20T07:26:20.128+0000] {logging_mixin.py:188} INFO - [2026-03-20T07:26:20.128+0000] {dagbag.py:538} INFO - Filling up the DagBag from /opt/airflow/dags/crawl_crypto_prices.py
[2026-03-20T07:26:20.139+0000] {processor.py:840} INFO - DAG(s) 'crawl_crypto_prices' retrieved from /opt/airflow/dags/crawl_crypto_prices.py
[2026-03-20T07:26:20.153+0000] {logging_mixin.py:188} INFO - [2026-03-20T07:26:20.153+0000] {dag.py:3036} INFO - Sync 1 DAGs
[2026-03-20T07:26:20.162+0000] {logging_mixin.py:188} INFO - [2026-03-20T07:26:20.162+0000] {dag.py:3823} INFO - Setting next_dagrun for crawl_crypto_prices to 2026-03-20 07:00:00+00:00, run_after=2026-03-20 08:00:00+00:00
[2026-03-20T07:26:20.169+0000] {processor.py:183} INFO - Processing /opt/airflow/dags/crawl_crypto_prices.py took 0.045 seconds
[2026-03-20T07:26:50.425+0000] {processor.py:161} INFO - Started process (PID=3862) to work on /opt/airflow/dags/crawl_crypto_prices.py
[2026-03-20T07:26:50.426+0000] {processor.py:830} INFO - Processing file /opt/airflow/dags/crawl_crypto_prices.py for tasks to queue
[2026-03-20T07:26:50.427+0000] {logging_mixin.py:188} INFO - [2026-03-20T07:26:50.427+0000] {dagbag.py:538} INFO - Filling up the DagBag from /opt/airflow/dags/crawl_crypto_prices.py
[2026-03-20T07:26:50.437+0000] {processor.py:840} INFO - DAG(s) 'crawl_crypto_prices' retrieved from /opt/airflow/dags/crawl_crypto_prices.py
[2026-03-20T07:26:50.453+0000] {logging_mixin.py:188} INFO - [2026-03-20T07:26:50.453+0000] {dag.py:3036} INFO - Sync 1 DAGs
[2026-03-20T07:26:50.462+0000] {logging_mixin.py:188} INFO - [2026-03-20T07:26:50.462+0000] {dag.py:3823} INFO - Setting next_dagrun for crawl_crypto_prices to 2026-03-20 07:00:00+00:00, run_after=2026-03-20 08:00:00+00:00
[2026-03-20T07:26:50.468+0000] {processor.py:183} INFO - Processing /opt/airflow/dags/crawl_crypto_prices.py took 0.046 seconds
[2026-03-20T07:27:20.722+0000] {processor.py:161} INFO - Started process (PID=3867) to work on /opt/airflow/dags/crawl_crypto_prices.py
[2026-03-20T07:27:20.722+0000] {processor.py:830} INFO - Processing file /opt/airflow/dags/crawl_crypto_prices.py for tasks to queue
[2026-03-20T07:27:20.723+0000] {logging_mixin.py:188} INFO - [2026-03-20T07:27:20.723+0000] {dagbag.py:538} INFO - Filling up the DagBag from /opt/airflow/dags/crawl_crypto_prices.py
[2026-03-20T07:27:20.730+0000] {processor.py:840} INFO - DAG(s) 'crawl_crypto_prices' retrieved from /opt/airflow/dags/crawl_crypto_prices.py
[2026-03-20T07:27:20.744+0000] {logging_mixin.py:188} INFO - [2026-03-20T07:27:20.744+0000] {dag.py:3036} INFO - Sync 1 DAGs
[2026-03-20T07:27:20.756+0000] {logging_mixin.py:188} INFO - [2026-03-20T07:27:20.756+0000] {dag.py:3823} INFO - Setting next_dagrun for crawl_crypto_prices to 2026-03-20 07:00:00+00:00, run_after=2026-03-20 08:00:00+00:00
[2026-03-20T07:27:20.763+0000] {processor.py:183} INFO - Processing /opt/airflow/dags/crawl_crypto_prices.py took 0.043 seconds
[2026-03-20T07:27:51.019+0000] {processor.py:161} INFO - Started process (PID=3872) to work on /opt/airflow/dags/crawl_crypto_prices.py
[2026-03-20T07:27:51.020+0000] {processor.py:830} INFO - Processing file /opt/airflow/dags/crawl_crypto_prices.py for tasks to queue
[2026-03-20T07:27:51.021+0000] {logging_mixin.py:188} INFO - [2026-03-20T07:27:51.021+0000] {dagbag.py:538} INFO - Filling up the DagBag from /opt/airflow/dags/crawl_crypto_prices.py
[2026-03-20T07:27:51.030+0000] {processor.py:840} INFO - DAG(s) 'crawl_crypto_prices' retrieved from /opt/airflow/dags/crawl_crypto_prices.py
[2026-03-20T07:27:51.048+0000] {logging_mixin.py:188} INFO - [2026-03-20T07:27:51.047+0000] {dag.py:3036} INFO - Sync 1 DAGs
[2026-03-20T07:27:51.056+0000] {logging_mixin.py:188} INFO - [2026-03-20T07:27:51.056+0000] {dag.py:3823} INFO - Setting next_dagrun for crawl_crypto_prices to 2026-03-20 07:00:00+00:00, run_after=2026-03-20 08:00:00+00:00
[2026-03-20T07:27:51.062+0000] {processor.py:183} INFO - Processing /opt/airflow/dags/crawl_crypto_prices.py took 0.046 seconds
[2026-03-20T07:28:21.350+0000] {processor.py:161} INFO - Started process (PID=3877) to work on /opt/airflow/dags/crawl_crypto_prices.py
[2026-03-20T07:28:21.351+0000] {processor.py:830} INFO - Processing file /opt/airflow/dags/crawl_crypto_prices.py for tasks to queue
[2026-03-20T07:28:21.351+0000] {logging_mixin.py:188} INFO - [2026-03-20T07:28:21.351+0000] {dagbag.py:538} INFO - Filling up the DagBag from /opt/airflow/dags/crawl_crypto_prices.py
[2026-03-20T07:28:21.362+0000] {processor.py:840} INFO - DAG(s) 'crawl_crypto_prices' retrieved from /opt/airflow/dags/crawl_crypto_prices.py
[2026-03-20T07:28:21.380+0000] {logging_mixin.py:188} INFO - [2026-03-20T07:28:21.380+0000] {dag.py:3036} INFO - Sync 1 DAGs
[2026-03-20T07:28:21.391+0000] {logging_mixin.py:188} INFO - [2026-03-20T07:28:21.391+0000] {dag.py:3823} INFO - Setting next_dagrun for crawl_crypto_prices to 2026-03-20 07:00:00+00:00, run_after=2026-03-20 08:00:00+00:00
[2026-03-20T07:28:21.397+0000] {processor.py:183} INFO - Processing /opt/airflow/dags/crawl_crypto_prices.py took 0.051 seconds
[2026-03-20T07:28:51.678+0000] {processor.py:161} INFO - Started process (PID=3882) to work on /opt/airflow/dags/crawl_crypto_prices.py
[2026-03-20T07:28:51.678+0000] {processor.py:830} INFO - Processing file /opt/airflow/dags/crawl_crypto_prices.py for tasks to queue
[2026-03-20T07:28:51.679+0000] {logging_mixin.py:188} INFO - [2026-03-20T07:28:51.679+0000] {dagbag.py:538} INFO - Filling up the DagBag from /opt/airflow/dags/crawl_crypto_prices.py
[2026-03-20T07:28:51.684+0000] {processor.py:840} INFO - DAG(s) 'crawl_crypto_prices' retrieved from /opt/airflow/dags/crawl_crypto_prices.py
[2026-03-20T07:28:51.695+0000] {logging_mixin.py:188} INFO - [2026-03-20T07:28:51.695+0000] {dag.py:3036} INFO - Sync 1 DAGs
[2026-03-20T07:28:51.703+0000] {logging_mixin.py:188} INFO - [2026-03-20T07:28:51.703+0000] {dag.py:3823} INFO - Setting next_dagrun for crawl_crypto_prices to 2026-03-20 07:00:00+00:00, run_after=2026-03-20 08:00:00+00:00
[2026-03-20T07:28:51.709+0000] {processor.py:183} INFO - Processing /opt/airflow/dags/crawl_crypto_prices.py took 0.033 seconds
[2026-03-20T07:29:21.968+0000] {processor.py:161} INFO - Started process (PID=3887) to work on /opt/airflow/dags/crawl_crypto_prices.py
[2026-03-20T07:29:21.968+0000] {processor.py:830} INFO - Processing file /opt/airflow/dags/crawl_crypto_prices.py for tasks to queue
[2026-03-20T07:29:21.969+0000] {logging_mixin.py:188} INFO - [2026-03-20T07:29:21.969+0000] {dagbag.py:538} INFO - Filling up the DagBag from /opt/airflow/dags/crawl_crypto_prices.py
[2026-03-20T07:29:21.974+0000] {processor.py:840} INFO - DAG(s) 'crawl_crypto_prices' retrieved from /opt/airflow/dags/crawl_crypto_prices.py
[2026-03-20T07:29:21.984+0000] {logging_mixin.py:188} INFO - [2026-03-20T07:29:21.984+0000] {dag.py:3036} INFO - Sync 1 DAGs
[2026-03-20T07:29:21.992+0000] {logging_mixin.py:188} INFO - [2026-03-20T07:29:21.992+0000] {dag.py:3823} INFO - Setting next_dagrun for crawl_crypto_prices to 2026-03-20 07:00:00+00:00, run_after=2026-03-20 08:00:00+00:00
[2026-03-20T07:29:21.997+0000] {processor.py:183} INFO - Processing /opt/airflow/dags/crawl_crypto_prices.py took 0.030 seconds
[2026-03-20T07:29:52.298+0000] {processor.py:161} INFO - Started process (PID=3892) to work on /opt/airflow/dags/crawl_crypto_prices.py
[2026-03-20T07:29:52.299+0000] {processor.py:830} INFO - Processing file /opt/airflow/dags/crawl_crypto_prices.py for tasks to queue
[2026-03-20T07:29:52.300+0000] {logging_mixin.py:188} INFO - [2026-03-20T07:29:52.300+0000] {dagbag.py:538} INFO - Filling up the DagBag from /opt/airflow/dags/crawl_crypto_prices.py
[2026-03-20T07:29:52.310+0000] {processor.py:840} INFO - DAG(s) 'crawl_crypto_prices' retrieved from /opt/airflow/dags/crawl_crypto_prices.py
[2026-03-20T07:29:52.329+0000] {logging_mixin.py:188} INFO - [2026-03-20T07:29:52.329+0000] {dag.py:3036} INFO - Sync 1 DAGs
[2026-03-20T07:29:52.340+0000] {logging_mixin.py:188} INFO - [2026-03-20T07:29:52.340+0000] {dag.py:3823} INFO - Setting next_dagrun for crawl_crypto_prices to 2026-03-20 07:00:00+00:00, run_after=2026-03-20 08:00:00+00:00
[2026-03-20T07:29:52.346+0000] {processor.py:183} INFO - Processing /opt/airflow/dags/crawl_crypto_prices.py took 0.052 seconds
[2026-03-20T07:30:22.598+0000] {processor.py:161} INFO - Started process (PID=3897) to work on /opt/airflow/dags/crawl_crypto_prices.py
[2026-03-20T07:30:22.599+0000] {processor.py:830} INFO - Processing file /opt/airflow/dags/crawl_crypto_prices.py for tasks to queue
[2026-03-20T07:30:22.599+0000] {logging_mixin.py:188} INFO - [2026-03-20T07:30:22.599+0000] {dagbag.py:538} INFO - Filling up the DagBag from /opt/airflow/dags/crawl_crypto_prices.py
[2026-03-20T07:30:22.608+0000] {processor.py:840} INFO - DAG(s) 'crawl_crypto_prices' retrieved from /opt/airflow/dags/crawl_crypto_prices.py
[2026-03-20T07:30:22.625+0000] {logging_mixin.py:188} INFO - [2026-03-20T07:30:22.625+0000] {dag.py:3036} INFO - Sync 1 DAGs
[2026-03-20T07:30:22.634+0000] {logging_mixin.py:188} INFO - [2026-03-20T07:30:22.634+0000] {dag.py:3823} INFO - Setting next_dagrun for crawl_crypto_prices to 2026-03-20 07:00:00+00:00, run_after=2026-03-20 08:00:00+00:00
[2026-03-20T07:30:22.640+0000] {processor.py:183} INFO - Processing /opt/airflow/dags/crawl_crypto_prices.py took 0.045 seconds
[2026-03-20T07:30:53.043+0000] {processor.py:161} INFO - Started process (PID=3902) to work on /opt/airflow/dags/crawl_crypto_prices.py
[2026-03-20T07:30:53.044+0000] {processor.py:830} INFO - Processing file /opt/airflow/dags/crawl_crypto_prices.py for tasks to queue
[2026-03-20T07:30:53.045+0000] {logging_mixin.py:188} INFO - [2026-03-20T07:30:53.045+0000] {dagbag.py:538} INFO - Filling up the DagBag from /opt/airflow/dags/crawl_crypto_prices.py
[2026-03-20T07:30:53.061+0000] {processor.py:840} INFO - DAG(s) 'crawl_crypto_prices' retrieved from /opt/airflow/dags/crawl_crypto_prices.py
[2026-03-20T07:30:53.082+0000] {logging_mixin.py:188} INFO - [2026-03-20T07:30:53.082+0000] {dag.py:3036} INFO - Sync 1 DAGs
[2026-03-20T07:30:53.102+0000] {logging_mixin.py:188} INFO - [2026-03-20T07:30:53.101+0000] {dag.py:3823} INFO - Setting next_dagrun for crawl_crypto_prices to 2026-03-20 07:00:00+00:00, run_after=2026-03-20 08:00:00+00:00
[2026-03-20T07:30:53.111+0000] {processor.py:183} INFO - Processing /opt/airflow/dags/crawl_crypto_prices.py took 0.074 seconds
[2026-03-20T07:31:23.377+0000] {processor.py:161} INFO - Started process (PID=3907) to work on /opt/airflow/dags/crawl_crypto_prices.py
[2026-03-20T07:31:23.377+0000] {processor.py:830} INFO - Processing file /opt/airflow/dags/crawl_crypto_prices.py for tasks to queue
[2026-03-20T07:31:23.378+0000] {logging_mixin.py:188} INFO - [2026-03-20T07:31:23.378+0000] {dagbag.py:538} INFO - Filling up the DagBag from /opt/airflow/dags/crawl_crypto_prices.py
[2026-03-20T07:31:23.388+0000] {processor.py:840} INFO - DAG(s) 'crawl_crypto_prices' retrieved from /opt/airflow/dags/crawl_crypto_prices.py
[2026-03-20T07:31:23.406+0000] {logging_mixin.py:188} INFO - [2026-03-20T07:31:23.405+0000] {dag.py:3036} INFO - Sync 1 DAGs
[2026-03-20T07:31:23.415+0000] {logging_mixin.py:188} INFO - [2026-03-20T07:31:23.415+0000] {dag.py:3823} INFO - Setting next_dagrun for crawl_crypto_prices to 2026-03-20 07:00:00+00:00, run_after=2026-03-20 08:00:00+00:00
[2026-03-20T07:31:23.422+0000] {processor.py:183} INFO - Processing /opt/airflow/dags/crawl_crypto_prices.py took 0.048 seconds
[2026-03-20T07:31:53.715+0000] {processor.py:161} INFO - Started process (PID=3912) to work on /opt/airflow/dags/crawl_crypto_prices.py
[2026-03-20T07:31:53.716+0000] {processor.py:830} INFO - Processing file /opt/airflow/dags/crawl_crypto_prices.py for tasks to queue
[2026-03-20T07:31:53.717+0000] {logging_mixin.py:188} INFO - [2026-03-20T07:31:53.716+0000] {dagbag.py:538} INFO - Filling up the DagBag from /opt/airflow/dags/crawl_crypto_prices.py
[2026-03-20T07:31:53.727+0000] {processor.py:840} INFO - DAG(s) 'crawl_crypto_prices' retrieved from /opt/airflow/dags/crawl_crypto_prices.py
[2026-03-20T07:31:53.747+0000] {logging_mixin.py:188} INFO - [2026-03-20T07:31:53.746+0000] {dag.py:3036} INFO - Sync 1 DAGs
[2026-03-20T07:31:53.758+0000] {logging_mixin.py:188} INFO - [2026-03-20T07:31:53.758+0000] {dag.py:3823} INFO - Setting next_dagrun for crawl_crypto_prices to 2026-03-20 07:00:00+00:00, run_after=2026-03-20 08:00:00+00:00
[2026-03-20T07:31:53.765+0000] {processor.py:183} INFO - Processing /opt/airflow/dags/crawl_crypto_prices.py took 0.053 seconds
[2026-03-20T07:32:24.002+0000] {processor.py:161} INFO - Started process (PID=3917) to work on /opt/airflow/dags/crawl_crypto_prices.py
[2026-03-20T07:32:24.003+0000] {processor.py:830} INFO - Processing file /opt/airflow/dags/crawl_crypto_prices.py for tasks to queue
[2026-03-20T07:32:24.004+0000] {logging_mixin.py:188} INFO - [2026-03-20T07:32:24.004+0000] {dagbag.py:538} INFO - Filling up the DagBag from /opt/airflow/dags/crawl_crypto_prices.py
[2026-03-20T07:32:24.014+0000] {processor.py:840} INFO - DAG(s) 'crawl_crypto_prices' retrieved from /opt/airflow/dags/crawl_crypto_prices.py
[2026-03-20T07:32:24.033+0000] {logging_mixin.py:188} INFO - [2026-03-20T07:32:24.033+0000] {dag.py:3036} INFO - Sync 1 DAGs
[2026-03-20T07:32:24.044+0000] {logging_mixin.py:188} INFO - [2026-03-20T07:32:24.044+0000] {dag.py:3823} INFO - Setting next_dagrun for crawl_crypto_prices to 2026-03-20 07:00:00+00:00, run_after=2026-03-20 08:00:00+00:00
[2026-03-20T07:32:24.051+0000] {processor.py:183} INFO - Processing /opt/airflow/dags/crawl_crypto_prices.py took 0.051 seconds
[2026-03-20T07:32:54.310+0000] {processor.py:161} INFO - Started process (PID=3922) to work on /opt/airflow/dags/crawl_crypto_prices.py
[2026-03-20T07:32:54.311+0000] {processor.py:830} INFO - Processing file /opt/airflow/dags/crawl_crypto_prices.py for tasks to queue
[2026-03-20T07:32:54.312+0000] {logging_mixin.py:188} INFO - [2026-03-20T07:32:54.312+0000] {dagbag.py:538} INFO - Filling up the DagBag from /opt/airflow/dags/crawl_crypto_prices.py
[2026-03-20T07:32:54.323+0000] {processor.py:840} INFO - DAG(s) 'crawl_crypto_prices' retrieved from /opt/airflow/dags/crawl_crypto_prices.py
[2026-03-20T07:32:54.340+0000] {logging_mixin.py:188} INFO - [2026-03-20T07:32:54.340+0000] {dag.py:3036} INFO - Sync 1 DAGs
[2026-03-20T07:32:54.350+0000] {logging_mixin.py:188} INFO - [2026-03-20T07:32:54.350+0000] {dag.py:3823} INFO - Setting next_dagrun for crawl_crypto_prices to 2026-03-20 07:00:00+00:00, run_after=2026-03-20 08:00:00+00:00
[2026-03-20T07:32:54.357+0000] {processor.py:183} INFO - Processing /opt/airflow/dags/crawl_crypto_prices.py took 0.050 seconds
[2026-03-20T07:33:24.640+0000] {processor.py:161} INFO - Started process (PID=3927) to work on /opt/airflow/dags/crawl_crypto_prices.py
[2026-03-20T07:33:24.641+0000] {processor.py:830} INFO - Processing file /opt/airflow/dags/crawl_crypto_prices.py for tasks to queue
[2026-03-20T07:33:24.642+0000] {logging_mixin.py:188} INFO - [2026-03-20T07:33:24.641+0000] {dagbag.py:538} INFO - Filling up the DagBag from /opt/airflow/dags/crawl_crypto_prices.py
[2026-03-20T07:33:24.650+0000] {processor.py:840} INFO - DAG(s) 'crawl_crypto_prices' retrieved from /opt/airflow/dags/crawl_crypto_prices.py
[2026-03-20T07:33:24.674+0000] {logging_mixin.py:188} INFO - [2026-03-20T07:33:24.674+0000] {dag.py:3036} INFO - Sync 1 DAGs
[2026-03-20T07:33:24.684+0000] {logging_mixin.py:188} INFO - [2026-03-20T07:33:24.684+0000] {dag.py:3823} INFO - Setting next_dagrun for crawl_crypto_prices to 2026-03-20 07:00:00+00:00, run_after=2026-03-20 08:00:00+00:00
[2026-03-20T07:33:24.692+0000] {processor.py:183} INFO - Processing /opt/airflow/dags/crawl_crypto_prices.py took 0.055 seconds
[2026-03-20T07:33:54.970+0000] {processor.py:161} INFO - Started process (PID=3932) to work on /opt/airflow/dags/crawl_crypto_prices.py
[2026-03-20T07:33:54.971+0000] {processor.py:830} INFO - Processing file /opt/airflow/dags/crawl_crypto_prices.py for tasks to queue
[2026-03-20T07:33:54.972+0000] {logging_mixin.py:188} INFO - [2026-03-20T07:33:54.971+0000] {dagbag.py:538} INFO - Filling up the DagBag from /opt/airflow/dags/crawl_crypto_prices.py
[2026-03-20T07:33:54.982+0000] {processor.py:840} INFO - DAG(s) 'crawl_crypto_prices' retrieved from /opt/airflow/dags/crawl_crypto_prices.py
[2026-03-20T07:33:55.000+0000] {logging_mixin.py:188} INFO - [2026-03-20T07:33:55.000+0000] {dag.py:3036} INFO - Sync 1 DAGs
[2026-03-20T07:33:55.009+0000] {logging_mixin.py:188} INFO - [2026-03-20T07:33:55.009+0000] {dag.py:3823} INFO - Setting next_dagrun for crawl_crypto_prices to 2026-03-20 07:00:00+00:00, run_after=2026-03-20 08:00:00+00:00
[2026-03-20T07:33:55.016+0000] {processor.py:183} INFO - Processing /opt/airflow/dags/crawl_crypto_prices.py took 0.049 seconds
[2026-03-20T07:34:25.256+0000] {processor.py:161} INFO - Started process (PID=3937) to work on /opt/airflow/dags/crawl_crypto_prices.py
[2026-03-20T07:34:25.257+0000] {processor.py:830} INFO - Processing file /opt/airflow/dags/crawl_crypto_prices.py for tasks to queue
[2026-03-20T07:34:25.257+0000] {logging_mixin.py:188} INFO - [2026-03-20T07:34:25.257+0000] {dagbag.py:538} INFO - Filling up the DagBag from /opt/airflow/dags/crawl_crypto_prices.py
[2026-03-20T07:34:25.268+0000] {processor.py:840} INFO - DAG(s) 'crawl_crypto_prices' retrieved from /opt/airflow/dags/crawl_crypto_prices.py
[2026-03-20T07:34:25.283+0000] {logging_mixin.py:188} INFO - [2026-03-20T07:34:25.283+0000] {dag.py:3036} INFO - Sync 1 DAGs
[2026-03-20T07:34:25.293+0000] {logging_mixin.py:188} INFO - [2026-03-20T07:34:25.293+0000] {dag.py:3823} INFO - Setting next_dagrun for crawl_crypto_prices to 2026-03-20 07:00:00+00:00, run_after=2026-03-20 08:00:00+00:00
[2026-03-20T07:34:25.299+0000] {processor.py:183} INFO - Processing /opt/airflow/dags/crawl_crypto_prices.py took 0.046 seconds
[2026-03-20T07:34:55.537+0000] {processor.py:161} INFO - Started process (PID=3942) to work on /opt/airflow/dags/crawl_crypto_prices.py
[2026-03-20T07:34:55.538+0000] {processor.py:830} INFO - Processing file /opt/airflow/dags/crawl_crypto_prices.py for tasks to queue
[2026-03-20T07:34:55.539+0000] {logging_mixin.py:188} INFO - [2026-03-20T07:34:55.539+0000] {dagbag.py:538} INFO - Filling up the DagBag from /opt/airflow/dags/crawl_crypto_prices.py
[2026-03-20T07:34:55.550+0000] {processor.py:840} INFO - DAG(s) 'crawl_crypto_prices' retrieved from /opt/airflow/dags/crawl_crypto_prices.py
[2026-03-20T07:34:55.564+0000] {logging_mixin.py:188} INFO - [2026-03-20T07:34:55.564+0000] {dag.py:3036} INFO - Sync 1 DAGs
[2026-03-20T07:34:55.575+0000] {logging_mixin.py:188} INFO - [2026-03-20T07:34:55.575+0000] {dag.py:3823} INFO - Setting next_dagrun for crawl_crypto_prices to 2026-03-20 07:00:00+00:00, run_after=2026-03-20 08:00:00+00:00
[2026-03-20T07:34:55.581+0000] {processor.py:183} INFO - Processing /opt/airflow/dags/crawl_crypto_prices.py took 0.047 seconds
[2026-03-20T07:35:25.786+0000] {processor.py:161} INFO - Started process (PID=3947) to work on /opt/airflow/dags/crawl_crypto_prices.py
[2026-03-20T07:35:25.786+0000] {processor.py:830} INFO - Processing file /opt/airflow/dags/crawl_crypto_prices.py for tasks to queue
[2026-03-20T07:35:25.787+0000] {logging_mixin.py:188} INFO - [2026-03-20T07:35:25.787+0000] {dagbag.py:538} INFO - Filling up the DagBag from /opt/airflow/dags/crawl_crypto_prices.py
[2026-03-20T07:35:25.796+0000] {processor.py:840} INFO - DAG(s) 'crawl_crypto_prices' retrieved from /opt/airflow/dags/crawl_crypto_prices.py
[2026-03-20T07:35:25.811+0000] {logging_mixin.py:188} INFO - [2026-03-20T07:35:25.811+0000] {dag.py:3036} INFO - Sync 1 DAGs
[2026-03-20T07:35:25.820+0000] {logging_mixin.py:188} INFO - [2026-03-20T07:35:25.820+0000] {dag.py:3823} INFO - Setting next_dagrun for crawl_crypto_prices to 2026-03-20 07:00:00+00:00, run_after=2026-03-20 08:00:00+00:00
[2026-03-20T07:35:25.827+0000] {processor.py:183} INFO - Processing /opt/airflow/dags/crawl_crypto_prices.py took 0.043 seconds
[2026-03-20T07:35:56.110+0000] {processor.py:161} INFO - Started process (PID=3952) to work on /opt/airflow/dags/crawl_crypto_prices.py
[2026-03-20T07:35:56.111+0000] {processor.py:830} INFO - Processing file /opt/airflow/dags/crawl_crypto_prices.py for tasks to queue
[2026-03-20T07:35:56.112+0000] {logging_mixin.py:188} INFO - [2026-03-20T07:35:56.111+0000] {dagbag.py:538} INFO - Filling up the DagBag from /opt/airflow/dags/crawl_crypto_prices.py
[2026-03-20T07:35:56.122+0000] {processor.py:840} INFO - DAG(s) 'crawl_crypto_prices' retrieved from /opt/airflow/dags/crawl_crypto_prices.py
[2026-03-20T07:35:56.141+0000] {logging_mixin.py:188} INFO - [2026-03-20T07:35:56.141+0000] {dag.py:3036} INFO - Sync 1 DAGs
[2026-03-20T07:35:56.152+0000] {logging_mixin.py:188} INFO - [2026-03-20T07:35:56.152+0000] {dag.py:3823} INFO - Setting next_dagrun for crawl_crypto_prices to 2026-03-20 07:00:00+00:00, run_after=2026-03-20 08:00:00+00:00
[2026-03-20T07:35:56.158+0000] {processor.py:183} INFO - Processing /opt/airflow/dags/crawl_crypto_prices.py took 0.051 seconds
[2026-03-20T07:36:26.415+0000] {processor.py:161} INFO - Started process (PID=3957) to work on /opt/airflow/dags/crawl_crypto_prices.py
[2026-03-20T07:36:26.416+0000] {processor.py:830} INFO - Processing file /opt/airflow/dags/crawl_crypto_prices.py for tasks to queue
[2026-03-20T07:36:26.416+0000] {logging_mixin.py:188} INFO - [2026-03-20T07:36:26.416+0000] {dagbag.py:538} INFO - Filling up the DagBag from /opt/airflow/dags/crawl_crypto_prices.py
[2026-03-20T07:36:26.426+0000] {processor.py:840} INFO - DAG(s) 'crawl_crypto_prices' retrieved from /opt/airflow/dags/crawl_crypto_prices.py
[2026-03-20T07:36:26.445+0000] {logging_mixin.py:188} INFO - [2026-03-20T07:36:26.445+0000] {dag.py:3036} INFO - Sync 1 DAGs
[2026-03-20T07:36:26.455+0000] {logging_mixin.py:188} INFO - [2026-03-20T07:36:26.455+0000] {dag.py:3823} INFO - Setting next_dagrun for crawl_crypto_prices to 2026-03-20 07:00:00+00:00, run_after=2026-03-20 08:00:00+00:00
[2026-03-20T07:36:26.461+0000] {processor.py:183} INFO - Processing /opt/airflow/dags/crawl_crypto_prices.py took 0.049 seconds
[2026-03-20T07:36:56.748+0000] {processor.py:161} INFO - Started process (PID=3962) to work on /opt/airflow/dags/crawl_crypto_prices.py
[2026-03-20T07:36:56.749+0000] {processor.py:830} INFO - Processing file /opt/airflow/dags/crawl_crypto_prices.py for tasks to queue
[2026-03-20T07:36:56.750+0000] {logging_mixin.py:188} INFO - [2026-03-20T07:36:56.750+0000] {dagbag.py:538} INFO - Filling up the DagBag from /opt/airflow/dags/crawl_crypto_prices.py
[2026-03-20T07:36:56.760+0000] {processor.py:840} INFO - DAG(s) 'crawl_crypto_prices' retrieved from /opt/airflow/dags/crawl_crypto_prices.py
[2026-03-20T07:36:56.778+0000] {logging_mixin.py:188} INFO - [2026-03-20T07:36:56.778+0000] {dag.py:3036} INFO - Sync 1 DAGs
[2026-03-20T07:36:56.789+0000] {logging_mixin.py:188} INFO - [2026-03-20T07:36:56.789+0000] {dag.py:3823} INFO - Setting next_dagrun for crawl_crypto_prices to 2026-03-20 07:00:00+00:00, run_after=2026-03-20 08:00:00+00:00
[2026-03-20T07:36:56.796+0000] {processor.py:183} INFO - Processing /opt/airflow/dags/crawl_crypto_prices.py took 0.051 seconds
[2026-03-20T07:37:27.084+0000] {processor.py:161} INFO - Started process (PID=3967) to work on /opt/airflow/dags/crawl_crypto_prices.py
[2026-03-20T07:37:27.085+0000] {processor.py:830} INFO - Processing file /opt/airflow/dags/crawl_crypto_prices.py for tasks to queue
[2026-03-20T07:37:27.086+0000] {logging_mixin.py:188} INFO - [2026-03-20T07:37:27.085+0000] {dagbag.py:538} INFO - Filling up the DagBag from /opt/airflow/dags/crawl_crypto_prices.py
[2026-03-20T07:37:27.096+0000] {processor.py:840} INFO - DAG(s) 'crawl_crypto_prices' retrieved from /opt/airflow/dags/crawl_crypto_prices.py
[2026-03-20T07:37:27.114+0000] {logging_mixin.py:188} INFO - [2026-03-20T07:37:27.114+0000] {dag.py:3036} INFO - Sync 1 DAGs
[2026-03-20T07:37:27.124+0000] {logging_mixin.py:188} INFO - [2026-03-20T07:37:27.124+0000] {dag.py:3823} INFO - Setting next_dagrun for crawl_crypto_prices to 2026-03-20 07:00:00+00:00, run_after=2026-03-20 08:00:00+00:00
[2026-03-20T07:37:27.131+0000] {processor.py:183} INFO - Processing /opt/airflow/dags/crawl_crypto_prices.py took 0.050 seconds
[2026-03-20T07:37:57.424+0000] {processor.py:161} INFO - Started process (PID=3972) to work on /opt/airflow/dags/crawl_crypto_prices.py
[2026-03-20T07:37:57.425+0000] {processor.py:830} INFO - Processing file /opt/airflow/dags/crawl_crypto_prices.py for tasks to queue
[2026-03-20T07:37:57.426+0000] {logging_mixin.py:188} INFO - [2026-03-20T07:37:57.425+0000] {dagbag.py:538} INFO - Filling up the DagBag from /opt/airflow/dags/crawl_crypto_prices.py
[2026-03-20T07:37:57.436+0000] {processor.py:840} INFO - DAG(s) 'crawl_crypto_prices' retrieved from /opt/airflow/dags/crawl_crypto_prices.py
[2026-03-20T07:37:57.456+0000] {logging_mixin.py:188} INFO - [2026-03-20T07:37:57.456+0000] {dag.py:3036} INFO - Sync 1 DAGs
[2026-03-20T07:37:57.466+0000] {logging_mixin.py:188} INFO - [2026-03-20T07:37:57.466+0000] {dag.py:3823} INFO - Setting next_dagrun for crawl_crypto_prices to 2026-03-20 07:00:00+00:00, run_after=2026-03-20 08:00:00+00:00
[2026-03-20T07:37:57.472+0000] {processor.py:183} INFO - Processing /opt/airflow/dags/crawl_crypto_prices.py took 0.052 seconds
[2026-03-20T07:38:27.751+0000] {processor.py:161} INFO - Started process (PID=3977) to work on /opt/airflow/dags/crawl_crypto_prices.py
[2026-03-20T07:38:27.752+0000] {processor.py:830} INFO - Processing file /opt/airflow/dags/crawl_crypto_prices.py for tasks to queue
[2026-03-20T07:38:27.752+0000] {logging_mixin.py:188} INFO - [2026-03-20T07:38:27.752+0000] {dagbag.py:538} INFO - Filling up the DagBag from /opt/airflow/dags/crawl_crypto_prices.py
[2026-03-20T07:38:27.763+0000] {processor.py:840} INFO - DAG(s) 'crawl_crypto_prices' retrieved from /opt/airflow/dags/crawl_crypto_prices.py
[2026-03-20T07:38:27.782+0000] {logging_mixin.py:188} INFO - [2026-03-20T07:38:27.781+0000] {dag.py:3036} INFO - Sync 1 DAGs
[2026-03-20T07:38:27.792+0000] {logging_mixin.py:188} INFO - [2026-03-20T07:38:27.792+0000] {dag.py:3823} INFO - Setting next_dagrun for crawl_crypto_prices to 2026-03-20 07:00:00+00:00, run_after=2026-03-20 08:00:00+00:00
[2026-03-20T07:38:27.798+0000] {processor.py:183} INFO - Processing /opt/airflow/dags/crawl_crypto_prices.py took 0.051 seconds
[2026-03-20T07:45:11.707+0000] {processor.py:161} INFO - Started process (PID=3983) to work on /opt/airflow/dags/crawl_crypto_prices.py
[2026-03-20T07:45:11.710+0000] {processor.py:830} INFO - Processing file /opt/airflow/dags/crawl_crypto_prices.py for tasks to queue
[2026-03-20T07:45:11.711+0000] {logging_mixin.py:188} INFO - [2026-03-20T07:45:11.710+0000] {dagbag.py:538} INFO - Filling up the DagBag from /opt/airflow/dags/crawl_crypto_prices.py
[2026-03-20T07:45:11.730+0000] {processor.py:840} INFO - DAG(s) 'crawl_crypto_prices' retrieved from /opt/airflow/dags/crawl_crypto_prices.py
[2026-03-20T07:45:11.766+0000] {logging_mixin.py:188} INFO - [2026-03-20T07:45:11.766+0000] {dag.py:3036} INFO - Sync 1 DAGs
[2026-03-20T07:45:11.795+0000] {logging_mixin.py:188} INFO - [2026-03-20T07:45:11.795+0000] {dag.py:3823} INFO - Setting next_dagrun for crawl_crypto_prices to 2026-03-20 07:00:00+00:00, run_after=2026-03-20 08:00:00+00:00
[2026-03-20T07:45:11.819+0000] {processor.py:183} INFO - Processing /opt/airflow/dags/crawl_crypto_prices.py took 0.119 seconds
[2026-03-20T07:45:42.017+0000] {processor.py:161} INFO - Started process (PID=3989) to work on /opt/airflow/dags/crawl_crypto_prices.py
[2026-03-20T07:45:42.018+0000] {processor.py:830} INFO - Processing file /opt/airflow/dags/crawl_crypto_prices.py for tasks to queue
[2026-03-20T07:45:42.019+0000] {logging_mixin.py:188} INFO - [2026-03-20T07:45:42.018+0000] {dagbag.py:538} INFO - Filling up the DagBag from /opt/airflow/dags/crawl_crypto_prices.py
[2026-03-20T07:45:42.030+0000] {processor.py:840} INFO - DAG(s) 'crawl_crypto_prices' retrieved from /opt/airflow/dags/crawl_crypto_prices.py
[2026-03-20T07:45:42.050+0000] {logging_mixin.py:188} INFO - [2026-03-20T07:45:42.050+0000] {dag.py:3036} INFO - Sync 1 DAGs
[2026-03-20T07:45:42.060+0000] {logging_mixin.py:188} INFO - [2026-03-20T07:45:42.060+0000] {dag.py:3823} INFO - Setting next_dagrun for crawl_crypto_prices to 2026-03-20 07:00:00+00:00, run_after=2026-03-20 08:00:00+00:00
[2026-03-20T07:45:42.066+0000] {processor.py:183} INFO - Processing /opt/airflow/dags/crawl_crypto_prices.py took 0.053 seconds
[2026-03-20T07:46:12.329+0000] {processor.py:161} INFO - Started process (PID=3994) to work on /opt/airflow/dags/crawl_crypto_prices.py
[2026-03-20T07:46:12.330+0000] {processor.py:830} INFO - Processing file /opt/airflow/dags/crawl_crypto_prices.py for tasks to queue
[2026-03-20T07:46:12.331+0000] {logging_mixin.py:188} INFO - [2026-03-20T07:46:12.330+0000] {dagbag.py:538} INFO - Filling up the DagBag from /opt/airflow/dags/crawl_crypto_prices.py
[2026-03-20T07:46:12.341+0000] {processor.py:840} INFO - DAG(s) 'crawl_crypto_prices' retrieved from /opt/airflow/dags/crawl_crypto_prices.py
[2026-03-20T07:46:12.359+0000] {logging_mixin.py:188} INFO - [2026-03-20T07:46:12.359+0000] {dag.py:3036} INFO - Sync 1 DAGs
[2026-03-20T07:46:12.370+0000] {logging_mixin.py:188} INFO - [2026-03-20T07:46:12.370+0000] {dag.py:3823} INFO - Setting next_dagrun for crawl_crypto_prices to 2026-03-20 07:00:00+00:00, run_after=2026-03-20 08:00:00+00:00
[2026-03-20T07:46:12.376+0000] {processor.py:183} INFO - Processing /opt/airflow/dags/crawl_crypto_prices.py took 0.050 seconds
[2026-03-20T07:46:42.643+0000] {processor.py:161} INFO - Started process (PID=3999) to work on /opt/airflow/dags/crawl_crypto_prices.py
[2026-03-20T07:46:42.644+0000] {processor.py:830} INFO - Processing file /opt/airflow/dags/crawl_crypto_prices.py for tasks to queue
[2026-03-20T07:46:42.645+0000] {logging_mixin.py:188} INFO - [2026-03-20T07:46:42.645+0000] {dagbag.py:538} INFO - Filling up the DagBag from /opt/airflow/dags/crawl_crypto_prices.py
[2026-03-20T07:46:42.656+0000] {processor.py:840} INFO - DAG(s) 'crawl_crypto_prices' retrieved from /opt/airflow/dags/crawl_crypto_prices.py
[2026-03-20T07:46:42.675+0000] {logging_mixin.py:188} INFO - [2026-03-20T07:46:42.674+0000] {dag.py:3036} INFO - Sync 1 DAGs
[2026-03-20T07:46:42.685+0000] {logging_mixin.py:188} INFO - [2026-03-20T07:46:42.685+0000] {dag.py:3823} INFO - Setting next_dagrun for crawl_crypto_prices to 2026-03-20 07:00:00+00:00, run_after=2026-03-20 08:00:00+00:00
[2026-03-20T07:46:42.691+0000] {processor.py:183} INFO - Processing /opt/airflow/dags/crawl_crypto_prices.py took 0.051 seconds
[2026-03-20T07:47:12.995+0000] {processor.py:161} INFO - Started process (PID=4004) to work on /opt/airflow/dags/crawl_crypto_prices.py
[2026-03-20T07:47:12.996+0000] {processor.py:830} INFO - Processing file /opt/airflow/dags/crawl_crypto_prices.py for tasks to queue
[2026-03-20T07:47:12.997+0000] {logging_mixin.py:188} INFO - [2026-03-20T07:47:12.996+0000] {dagbag.py:538} INFO - Filling up the DagBag from /opt/airflow/dags/crawl_crypto_prices.py
[2026-03-20T07:47:13.007+0000] {processor.py:840} INFO - DAG(s) 'crawl_crypto_prices' retrieved from /opt/airflow/dags/crawl_crypto_prices.py
[2026-03-20T07:47:13.027+0000] {logging_mixin.py:188} INFO - [2026-03-20T07:47:13.027+0000] {dag.py:3036} INFO - Sync 1 DAGs
[2026-03-20T07:47:13.037+0000] {logging_mixin.py:188} INFO - [2026-03-20T07:47:13.037+0000] {dag.py:3823} INFO - Setting next_dagrun for crawl_crypto_prices to 2026-03-20 07:00:00+00:00, run_after=2026-03-20 08:00:00+00:00
[2026-03-20T07:47:13.043+0000] {processor.py:183} INFO - Processing /opt/airflow/dags/crawl_crypto_prices.py took 0.051 seconds
[2026-03-20T07:48:22.283+0000] {processor.py:161} INFO - Started process (PID=4009) to work on /opt/airflow/dags/crawl_crypto_prices.py
[2026-03-20T07:48:22.284+0000] {processor.py:830} INFO - Processing file /opt/airflow/dags/crawl_crypto_prices.py for tasks to queue
[2026-03-20T07:48:22.285+0000] {logging_mixin.py:188} INFO - [2026-03-20T07:48:22.285+0000] {dagbag.py:538} INFO - Filling up the DagBag from /opt/airflow/dags/crawl_crypto_prices.py
[2026-03-20T07:48:22.295+0000] {processor.py:840} INFO - DAG(s) 'crawl_crypto_prices' retrieved from /opt/airflow/dags/crawl_crypto_prices.py
[2026-03-20T07:48:22.312+0000] {logging_mixin.py:188} INFO - [2026-03-20T07:48:22.312+0000] {dag.py:3036} INFO - Sync 1 DAGs
[2026-03-20T07:48:22.322+0000] {logging_mixin.py:188} INFO - [2026-03-20T07:48:22.322+0000] {dag.py:3823} INFO - Setting next_dagrun for crawl_crypto_prices to 2026-03-20 07:00:00+00:00, run_after=2026-03-20 08:00:00+00:00
[2026-03-20T07:48:22.328+0000] {processor.py:183} INFO - Processing /opt/airflow/dags/crawl_crypto_prices.py took 0.047 seconds
[2026-03-20T07:48:52.558+0000] {processor.py:161} INFO - Started process (PID=4016) to work on /opt/airflow/dags/crawl_crypto_prices.py
[2026-03-20T07:48:52.558+0000] {processor.py:830} INFO - Processing file /opt/airflow/dags/crawl_crypto_prices.py for tasks to queue
[2026-03-20T07:48:52.559+0000] {logging_mixin.py:188} INFO - [2026-03-20T07:48:52.559+0000] {dagbag.py:538} INFO - Filling up the DagBag from /opt/airflow/dags/crawl_crypto_prices.py
[2026-03-20T07:48:52.568+0000] {processor.py:840} INFO - DAG(s) 'crawl_crypto_prices' retrieved from /opt/airflow/dags/crawl_crypto_prices.py
[2026-03-20T07:48:52.583+0000] {logging_mixin.py:188} INFO - [2026-03-20T07:48:52.583+0000] {dag.py:3036} INFO - Sync 1 DAGs
[2026-03-20T07:48:52.592+0000] {logging_mixin.py:188} INFO - [2026-03-20T07:48:52.592+0000] {dag.py:3823} INFO - Setting next_dagrun for crawl_crypto_prices to 2026-03-20 07:00:00+00:00, run_after=2026-03-20 08:00:00+00:00
[2026-03-20T07:48:52.598+0000] {processor.py:183} INFO - Processing /opt/airflow/dags/crawl_crypto_prices.py took 0.043 seconds
[2026-03-20T07:49:22.855+0000] {processor.py:161} INFO - Started process (PID=4021) to work on /opt/airflow/dags/crawl_crypto_prices.py
[2026-03-20T07:49:22.856+0000] {processor.py:830} INFO - Processing file /opt/airflow/dags/crawl_crypto_prices.py for tasks to queue
[2026-03-20T07:49:22.857+0000] {logging_mixin.py:188} INFO - [2026-03-20T07:49:22.857+0000] {dagbag.py:538} INFO - Filling up the DagBag from /opt/airflow/dags/crawl_crypto_prices.py
[2026-03-20T07:49:22.867+0000] {processor.py:840} INFO - DAG(s) 'crawl_crypto_prices' retrieved from /opt/airflow/dags/crawl_crypto_prices.py
[2026-03-20T07:49:22.885+0000] {logging_mixin.py:188} INFO - [2026-03-20T07:49:22.885+0000] {dag.py:3036} INFO - Sync 1 DAGs
[2026-03-20T07:49:22.894+0000] {logging_mixin.py:188} INFO - [2026-03-20T07:49:22.894+0000] {dag.py:3823} INFO - Setting next_dagrun for crawl_crypto_prices to 2026-03-20 07:00:00+00:00, run_after=2026-03-20 08:00:00+00:00
[2026-03-20T07:49:22.900+0000] {processor.py:183} INFO - Processing /opt/airflow/dags/crawl_crypto_prices.py took 0.048 seconds
[2026-03-20T07:49:53.156+0000] {processor.py:161} INFO - Started process (PID=4026) to work on /opt/airflow/dags/crawl_crypto_prices.py
[2026-03-20T07:49:53.157+0000] {processor.py:830} INFO - Processing file /opt/airflow/dags/crawl_crypto_prices.py for tasks to queue
[2026-03-20T07:49:53.158+0000] {logging_mixin.py:188} INFO - [2026-03-20T07:49:53.157+0000] {dagbag.py:538} INFO - Filling up the DagBag from /opt/airflow/dags/crawl_crypto_prices.py
[2026-03-20T07:49:53.168+0000] {processor.py:840} INFO - DAG(s) 'crawl_crypto_prices' retrieved from /opt/airflow/dags/crawl_crypto_prices.py
[2026-03-20T07:49:53.185+0000] {logging_mixin.py:188} INFO - [2026-03-20T07:49:53.185+0000] {dag.py:3036} INFO - Sync 1 DAGs
[2026-03-20T07:49:53.195+0000] {logging_mixin.py:188} INFO - [2026-03-20T07:49:53.195+0000] {dag.py:3823} INFO - Setting next_dagrun for crawl_crypto_prices to 2026-03-20 07:00:00+00:00, run_after=2026-03-20 08:00:00+00:00
[2026-03-20T07:49:53.202+0000] {processor.py:183} INFO - Processing /opt/airflow/dags/crawl_crypto_prices.py took 0.051 seconds
[2026-03-20T07:50:23.452+0000] {processor.py:161} INFO - Started process (PID=4031) to work on /opt/airflow/dags/crawl_crypto_prices.py
[2026-03-20T07:50:23.453+0000] {processor.py:830} INFO - Processing file /opt/airflow/dags/crawl_crypto_prices.py for tasks to queue
[2026-03-20T07:50:23.454+0000] {logging_mixin.py:188} INFO - [2026-03-20T07:50:23.454+0000] {dagbag.py:538} INFO - Filling up the DagBag from /opt/airflow/dags/crawl_crypto_prices.py
[2026-03-20T07:50:23.464+0000] {processor.py:840} INFO - DAG(s) 'crawl_crypto_prices' retrieved from /opt/airflow/dags/crawl_crypto_prices.py
[2026-03-20T07:50:23.482+0000] {logging_mixin.py:188} INFO - [2026-03-20T07:50:23.482+0000] {dag.py:3036} INFO - Sync 1 DAGs
[2026-03-20T07:50:23.493+0000] {logging_mixin.py:188} INFO - [2026-03-20T07:50:23.493+0000] {dag.py:3823} INFO - Setting next_dagrun for crawl_crypto_prices to 2026-03-20 07:00:00+00:00, run_after=2026-03-20 08:00:00+00:00
[2026-03-20T07:50:23.499+0000] {processor.py:183} INFO - Processing /opt/airflow/dags/crawl_crypto_prices.py took 0.050 seconds
[2026-03-20T07:54:47.179+0000] {processor.py:161} INFO - Started process (PID=4038) to work on /opt/airflow/dags/crawl_crypto_prices.py
[2026-03-20T07:54:47.180+0000] {processor.py:830} INFO - Processing file /opt/airflow/dags/crawl_crypto_prices.py for tasks to queue
[2026-03-20T07:54:47.181+0000] {logging_mixin.py:188} INFO - [2026-03-20T07:54:47.180+0000] {dagbag.py:538} INFO - Filling up the DagBag from /opt/airflow/dags/crawl_crypto_prices.py
[2026-03-20T07:54:47.191+0000] {processor.py:840} INFO - DAG(s) 'crawl_crypto_prices' retrieved from /opt/airflow/dags/crawl_crypto_prices.py
[2026-03-20T07:54:47.213+0000] {logging_mixin.py:188} INFO - [2026-03-20T07:54:47.213+0000] {dag.py:3036} INFO - Sync 1 DAGs
[2026-03-20T07:54:47.233+0000] {logging_mixin.py:188} INFO - [2026-03-20T07:54:47.233+0000] {dag.py:3823} INFO - Setting next_dagrun for crawl_crypto_prices to 2026-03-20 07:00:00+00:00, run_after=2026-03-20 08:00:00+00:00
[2026-03-20T07:54:47.248+0000] {processor.py:183} INFO - Processing /opt/airflow/dags/crawl_crypto_prices.py took 0.072 seconds
[2026-03-20T07:55:17.538+0000] {processor.py:161} INFO - Started process (PID=4043) to work on /opt/airflow/dags/crawl_crypto_prices.py
[2026-03-20T07:55:17.539+0000] {processor.py:830} INFO - Processing file /opt/airflow/dags/crawl_crypto_prices.py for tasks to queue
[2026-03-20T07:55:17.540+0000] {logging_mixin.py:188} INFO - [2026-03-20T07:55:17.539+0000] {dagbag.py:538} INFO - Filling up the DagBag from /opt/airflow/dags/crawl_crypto_prices.py
[2026-03-20T07:55:17.554+0000] {processor.py:840} INFO - DAG(s) 'crawl_crypto_prices' retrieved from /opt/airflow/dags/crawl_crypto_prices.py
[2026-03-20T07:55:17.576+0000] {logging_mixin.py:188} INFO - [2026-03-20T07:55:17.576+0000] {dag.py:3036} INFO - Sync 1 DAGs
[2026-03-20T07:55:17.586+0000] {logging_mixin.py:188} INFO - [2026-03-20T07:55:17.586+0000] {dag.py:3823} INFO - Setting next_dagrun for crawl_crypto_prices to 2026-03-20 07:00:00+00:00, run_after=2026-03-20 08:00:00+00:00
[2026-03-20T07:55:17.594+0000] {processor.py:183} INFO - Processing /opt/airflow/dags/crawl_crypto_prices.py took 0.061 seconds
[2026-03-20T07:55:47.860+0000] {processor.py:161} INFO - Started process (PID=4048) to work on /opt/airflow/dags/crawl_crypto_prices.py
[2026-03-20T07:55:47.861+0000] {processor.py:830} INFO - Processing file /opt/airflow/dags/crawl_crypto_prices.py for tasks to queue
[2026-03-20T07:55:47.862+0000] {logging_mixin.py:188} INFO - [2026-03-20T07:55:47.862+0000] {dagbag.py:538} INFO - Filling up the DagBag from /opt/airflow/dags/crawl_crypto_prices.py
[2026-03-20T07:55:47.871+0000] {processor.py:840} INFO - DAG(s) 'crawl_crypto_prices' retrieved from /opt/airflow/dags/crawl_crypto_prices.py
[2026-03-20T07:55:47.888+0000] {logging_mixin.py:188} INFO - [2026-03-20T07:55:47.888+0000] {dag.py:3036} INFO - Sync 1 DAGs
[2026-03-20T07:55:47.897+0000] {logging_mixin.py:188} INFO - [2026-03-20T07:55:47.897+0000] {dag.py:3823} INFO - Setting next_dagrun for crawl_crypto_prices to 2026-03-20 07:00:00+00:00, run_after=2026-03-20 08:00:00+00:00
[2026-03-20T07:55:47.903+0000] {processor.py:183} INFO - Processing /opt/airflow/dags/crawl_crypto_prices.py took 0.046 seconds
[2026-03-20T07:56:18.173+0000] {processor.py:161} INFO - Started process (PID=4053) to work on /opt/airflow/dags/crawl_crypto_prices.py
[2026-03-20T07:56:18.174+0000] {processor.py:830} INFO - Processing file /opt/airflow/dags/crawl_crypto_prices.py for tasks to queue
[2026-03-20T07:56:18.174+0000] {logging_mixin.py:188} INFO - [2026-03-20T07:56:18.174+0000] {dagbag.py:538} INFO - Filling up the DagBag from /opt/airflow/dags/crawl_crypto_prices.py
[2026-03-20T07:56:18.185+0000] {processor.py:840} INFO - DAG(s) 'crawl_crypto_prices' retrieved from /opt/airflow/dags/crawl_crypto_prices.py
[2026-03-20T07:56:18.201+0000] {logging_mixin.py:188} INFO - [2026-03-20T07:56:18.201+0000] {dag.py:3036} INFO - Sync 1 DAGs
[2026-03-20T07:56:18.210+0000] {logging_mixin.py:188} INFO - [2026-03-20T07:56:18.210+0000] {dag.py:3823} INFO - Setting next_dagrun for crawl_crypto_prices to 2026-03-20 07:00:00+00:00, run_after=2026-03-20 08:00:00+00:00
[2026-03-20T07:56:18.217+0000] {processor.py:183} INFO - Processing /opt/airflow/dags/crawl_crypto_prices.py took 0.046 seconds
[2026-03-20T07:56:48.517+0000] {processor.py:161} INFO - Started process (PID=4058) to work on /opt/airflow/dags/crawl_crypto_prices.py
[2026-03-20T07:56:48.518+0000] {processor.py:830} INFO - Processing file /opt/airflow/dags/crawl_crypto_prices.py for tasks to queue
[2026-03-20T07:56:48.518+0000] {logging_mixin.py:188} INFO - [2026-03-20T07:56:48.518+0000] {dagbag.py:538} INFO - Filling up the DagBag from /opt/airflow/dags/crawl_crypto_prices.py
[2026-03-20T07:56:48.526+0000] {processor.py:840} INFO - DAG(s) 'crawl_crypto_prices' retrieved from /opt/airflow/dags/crawl_crypto_prices.py
[2026-03-20T07:56:48.540+0000] {logging_mixin.py:188} INFO - [2026-03-20T07:56:48.539+0000] {dag.py:3036} INFO - Sync 1 DAGs
[2026-03-20T07:56:48.550+0000] {logging_mixin.py:188} INFO - [2026-03-20T07:56:48.550+0000] {dag.py:3823} INFO - Setting next_dagrun for crawl_crypto_prices to 2026-03-20 07:00:00+00:00, run_after=2026-03-20 08:00:00+00:00
[2026-03-20T07:56:48.556+0000] {processor.py:183} INFO - Processing /opt/airflow/dags/crawl_crypto_prices.py took 0.041 seconds
[2026-03-20T07:59:13.584+0000] {processor.py:161} INFO - Started process (PID=4063) to work on /opt/airflow/dags/crawl_crypto_prices.py
[2026-03-20T07:59:13.585+0000] {processor.py:830} INFO - Processing file /opt/airflow/dags/crawl_crypto_prices.py for tasks to queue
[2026-03-20T07:59:13.585+0000] {logging_mixin.py:188} INFO - [2026-03-20T07:59:13.585+0000] {dagbag.py:538} INFO - Filling up the DagBag from /opt/airflow/dags/crawl_crypto_prices.py
[2026-03-20T07:59:13.595+0000] {processor.py:840} INFO - DAG(s) 'crawl_crypto_prices' retrieved from /opt/airflow/dags/crawl_crypto_prices.py
[2026-03-20T07:59:13.615+0000] {logging_mixin.py:188} INFO - [2026-03-20T07:59:13.615+0000] {dag.py:3036} INFO - Sync 1 DAGs
[2026-03-20T07:59:13.625+0000] {logging_mixin.py:188} INFO - [2026-03-20T07:59:13.625+0000] {dag.py:3823} INFO - Setting next_dagrun for crawl_crypto_prices to 2026-03-20 07:00:00+00:00, run_after=2026-03-20 08:00:00+00:00
[2026-03-20T07:59:13.632+0000] {processor.py:183} INFO - Processing /opt/airflow/dags/crawl_crypto_prices.py took 0.050 seconds
[2026-03-20T07:59:43.895+0000] {processor.py:161} INFO - Started process (PID=4070) to work on /opt/airflow/dags/crawl_crypto_prices.py
[2026-03-20T07:59:43.896+0000] {processor.py:830} INFO - Processing file /opt/airflow/dags/crawl_crypto_prices.py for tasks to queue
[2026-03-20T07:59:43.897+0000] {logging_mixin.py:188} INFO - [2026-03-20T07:59:43.896+0000] {dagbag.py:538} INFO - Filling up the DagBag from /opt/airflow/dags/crawl_crypto_prices.py
[2026-03-20T07:59:43.906+0000] {processor.py:840} INFO - DAG(s) 'crawl_crypto_prices' retrieved from /opt/airflow/dags/crawl_crypto_prices.py
[2026-03-20T07:59:43.924+0000] {logging_mixin.py:188} INFO - [2026-03-20T07:59:43.924+0000] {dag.py:3036} INFO - Sync 1 DAGs
[2026-03-20T07:59:43.934+0000] {logging_mixin.py:188} INFO - [2026-03-20T07:59:43.934+0000] {dag.py:3823} INFO - Setting next_dagrun for crawl_crypto_prices to 2026-03-20 07:00:00+00:00, run_after=2026-03-20 08:00:00+00:00
[2026-03-20T07:59:43.940+0000] {processor.py:183} INFO - Processing /opt/airflow/dags/crawl_crypto_prices.py took 0.048 seconds
[2026-03-20T08:00:14.201+0000] {processor.py:161} INFO - Started process (PID=4077) to work on /opt/airflow/dags/crawl_crypto_prices.py
[2026-03-20T08:00:14.202+0000] {processor.py:830} INFO - Processing file /opt/airflow/dags/crawl_crypto_prices.py for tasks to queue
[2026-03-20T08:00:14.203+0000] {logging_mixin.py:188} INFO - [2026-03-20T08:00:14.203+0000] {dagbag.py:538} INFO - Filling up the DagBag from /opt/airflow/dags/crawl_crypto_prices.py
[2026-03-20T08:00:14.214+0000] {processor.py:840} INFO - DAG(s) 'crawl_crypto_prices' retrieved from /opt/airflow/dags/crawl_crypto_prices.py
[2026-03-20T08:00:14.233+0000] {logging_mixin.py:188} INFO - [2026-03-20T08:00:14.233+0000] {dag.py:3036} INFO - Sync 1 DAGs
[2026-03-20T08:00:14.244+0000] {logging_mixin.py:188} INFO - [2026-03-20T08:00:14.244+0000] {dag.py:3823} INFO - Setting next_dagrun for crawl_crypto_prices to 2026-03-20 08:00:00+00:00, run_after=2026-03-20 09:00:00+00:00
[2026-03-20T08:00:14.250+0000] {processor.py:183} INFO - Processing /opt/airflow/dags/crawl_crypto_prices.py took 0.052 seconds
[2026-03-20T08:00:44.531+0000] {processor.py:161} INFO - Started process (PID=4082) to work on /opt/airflow/dags/crawl_crypto_prices.py
[2026-03-20T08:00:44.532+0000] {processor.py:830} INFO - Processing file /opt/airflow/dags/crawl_crypto_prices.py for tasks to queue
[2026-03-20T08:00:44.533+0000] {logging_mixin.py:188} INFO - [2026-03-20T08:00:44.533+0000] {dagbag.py:538} INFO - Filling up the DagBag from /opt/airflow/dags/crawl_crypto_prices.py
[2026-03-20T08:00:44.544+0000] {processor.py:840} INFO - DAG(s) 'crawl_crypto_prices' retrieved from /opt/airflow/dags/crawl_crypto_prices.py
[2026-03-20T08:00:44.562+0000] {logging_mixin.py:188} INFO - [2026-03-20T08:00:44.562+0000] {dag.py:3036} INFO - Sync 1 DAGs
[2026-03-20T08:00:44.572+0000] {logging_mixin.py:188} INFO - [2026-03-20T08:00:44.572+0000] {dag.py:3823} INFO - Setting next_dagrun for crawl_crypto_prices to 2026-03-20 08:00:00+00:00, run_after=2026-03-20 09:00:00+00:00
[2026-03-20T08:00:44.578+0000] {processor.py:183} INFO - Processing /opt/airflow/dags/crawl_crypto_prices.py took 0.050 seconds
[2026-03-20T08:01:14.847+0000] {processor.py:161} INFO - Started process (PID=4087) to work on /opt/airflow/dags/crawl_crypto_prices.py
[2026-03-20T08:01:14.848+0000] {processor.py:830} INFO - Processing file /opt/airflow/dags/crawl_crypto_prices.py for tasks to queue
[2026-03-20T08:01:14.849+0000] {logging_mixin.py:188} INFO - [2026-03-20T08:01:14.848+0000] {dagbag.py:538} INFO - Filling up the DagBag from /opt/airflow/dags/crawl_crypto_prices.py
[2026-03-20T08:01:14.859+0000] {processor.py:840} INFO - DAG(s) 'crawl_crypto_prices' retrieved from /opt/airflow/dags/crawl_crypto_prices.py
[2026-03-20T08:01:14.875+0000] {logging_mixin.py:188} INFO - [2026-03-20T08:01:14.875+0000] {dag.py:3036} INFO - Sync 1 DAGs
[2026-03-20T08:01:14.884+0000] {logging_mixin.py:188} INFO - [2026-03-20T08:01:14.884+0000] {dag.py:3823} INFO - Setting next_dagrun for crawl_crypto_prices to 2026-03-20 08:00:00+00:00, run_after=2026-03-20 09:00:00+00:00
[2026-03-20T08:01:14.891+0000] {processor.py:183} INFO - Processing /opt/airflow/dags/crawl_crypto_prices.py took 0.047 seconds
[2026-03-20T08:01:45.119+0000] {processor.py:161} INFO - Started process (PID=4092) to work on /opt/airflow/dags/crawl_crypto_prices.py
[2026-03-20T08:01:45.119+0000] {processor.py:830} INFO - Processing file /opt/airflow/dags/crawl_crypto_prices.py for tasks to queue
[2026-03-20T08:01:45.120+0000] {logging_mixin.py:188} INFO - [2026-03-20T08:01:45.120+0000] {dagbag.py:538} INFO - Filling up the DagBag from /opt/airflow/dags/crawl_crypto_prices.py
[2026-03-20T08:01:45.129+0000] {processor.py:840} INFO - DAG(s) 'crawl_crypto_prices' retrieved from /opt/airflow/dags/crawl_crypto_prices.py
[2026-03-20T08:01:45.144+0000] {logging_mixin.py:188} INFO - [2026-03-20T08:01:45.144+0000] {dag.py:3036} INFO - Sync 1 DAGs
[2026-03-20T08:01:45.154+0000] {logging_mixin.py:188} INFO - [2026-03-20T08:01:45.154+0000] {dag.py:3823} INFO - Setting next_dagrun for crawl_crypto_prices to 2026-03-20 08:00:00+00:00, run_after=2026-03-20 09:00:00+00:00
[2026-03-20T08:01:45.160+0000] {processor.py:183} INFO - Processing /opt/airflow/dags/crawl_crypto_prices.py took 0.045 seconds
[2026-03-20T08:02:15.393+0000] {processor.py:161} INFO - Started process (PID=4097) to work on /opt/airflow/dags/crawl_crypto_prices.py
[2026-03-20T08:02:15.394+0000] {processor.py:830} INFO - Processing file /opt/airflow/dags/crawl_crypto_prices.py for tasks to queue
[2026-03-20T08:02:15.395+0000] {logging_mixin.py:188} INFO - [2026-03-20T08:02:15.394+0000] {dagbag.py:538} INFO - Filling up the DagBag from /opt/airflow/dags/crawl_crypto_prices.py
[2026-03-20T08:02:15.405+0000] {processor.py:840} INFO - DAG(s) 'crawl_crypto_prices' retrieved from /opt/airflow/dags/crawl_crypto_prices.py
[2026-03-20T08:02:15.424+0000] {logging_mixin.py:188} INFO - [2026-03-20T08:02:15.424+0000] {dag.py:3036} INFO - Sync 1 DAGs
[2026-03-20T08:02:15.435+0000] {logging_mixin.py:188} INFO - [2026-03-20T08:02:15.435+0000] {dag.py:3823} INFO - Setting next_dagrun for crawl_crypto_prices to 2026-03-20 08:00:00+00:00, run_after=2026-03-20 09:00:00+00:00
[2026-03-20T08:02:15.441+0000] {processor.py:183} INFO - Processing /opt/airflow/dags/crawl_crypto_prices.py took 0.051 seconds
[2026-03-20T08:02:45.675+0000] {processor.py:161} INFO - Started process (PID=4102) to work on /opt/airflow/dags/crawl_crypto_prices.py
[2026-03-20T08:02:45.676+0000] {processor.py:830} INFO - Processing file /opt/airflow/dags/crawl_crypto_prices.py for tasks to queue
[2026-03-20T08:02:45.677+0000] {logging_mixin.py:188} INFO - [2026-03-20T08:02:45.677+0000] {dagbag.py:538} INFO - Filling up the DagBag from /opt/airflow/dags/crawl_crypto_prices.py
[2026-03-20T08:02:45.688+0000] {processor.py:840} INFO - DAG(s) 'crawl_crypto_prices' retrieved from /opt/airflow/dags/crawl_crypto_prices.py
[2026-03-20T08:02:45.706+0000] {logging_mixin.py:188} INFO - [2026-03-20T08:02:45.706+0000] {dag.py:3036} INFO - Sync 1 DAGs
[2026-03-20T08:02:45.716+0000] {logging_mixin.py:188} INFO - [2026-03-20T08:02:45.716+0000] {dag.py:3823} INFO - Setting next_dagrun for crawl_crypto_prices to 2026-03-20 08:00:00+00:00, run_after=2026-03-20 09:00:00+00:00
[2026-03-20T08:02:45.722+0000] {processor.py:183} INFO - Processing /opt/airflow/dags/crawl_crypto_prices.py took 0.050 seconds
[2026-03-20T08:03:15.946+0000] {processor.py:161} INFO - Started process (PID=4107) to work on /opt/airflow/dags/crawl_crypto_prices.py
[2026-03-20T08:03:15.947+0000] {processor.py:830} INFO - Processing file /opt/airflow/dags/crawl_crypto_prices.py for tasks to queue
[2026-03-20T08:03:15.947+0000] {logging_mixin.py:188} INFO - [2026-03-20T08:03:15.947+0000] {dagbag.py:538} INFO - Filling up the DagBag from /opt/airflow/dags/crawl_crypto_prices.py
[2026-03-20T08:03:15.952+0000] {processor.py:840} INFO - DAG(s) 'crawl_crypto_prices' retrieved from /opt/airflow/dags/crawl_crypto_prices.py
[2026-03-20T08:03:15.963+0000] {logging_mixin.py:188} INFO - [2026-03-20T08:03:15.963+0000] {dag.py:3036} INFO - Sync 1 DAGs
[2026-03-20T08:03:15.971+0000] {logging_mixin.py:188} INFO - [2026-03-20T08:03:15.971+0000] {dag.py:3823} INFO - Setting next_dagrun for crawl_crypto_prices to 2026-03-20 08:00:00+00:00, run_after=2026-03-20 09:00:00+00:00
[2026-03-20T08:03:15.977+0000] {processor.py:183} INFO - Processing /opt/airflow/dags/crawl_crypto_prices.py took 0.032 seconds
[2026-03-20T08:03:46.294+0000] {processor.py:161} INFO - Started process (PID=4112) to work on /opt/airflow/dags/crawl_crypto_prices.py
[2026-03-20T08:03:46.295+0000] {processor.py:830} INFO - Processing file /opt/airflow/dags/crawl_crypto_prices.py for tasks to queue
[2026-03-20T08:03:46.295+0000] {logging_mixin.py:188} INFO - [2026-03-20T08:03:46.295+0000] {dagbag.py:538} INFO - Filling up the DagBag from /opt/airflow/dags/crawl_crypto_prices.py
[2026-03-20T08:03:46.306+0000] {processor.py:840} INFO - DAG(s) 'crawl_crypto_prices' retrieved from /opt/airflow/dags/crawl_crypto_prices.py
[2026-03-20T08:03:46.324+0000] {logging_mixin.py:188} INFO - [2026-03-20T08:03:46.324+0000] {dag.py:3036} INFO - Sync 1 DAGs
[2026-03-20T08:03:46.335+0000] {logging_mixin.py:188} INFO - [2026-03-20T08:03:46.335+0000] {dag.py:3823} INFO - Setting next_dagrun for crawl_crypto_prices to 2026-03-20 08:00:00+00:00, run_after=2026-03-20 09:00:00+00:00
[2026-03-20T08:03:46.341+0000] {processor.py:183} INFO - Processing /opt/airflow/dags/crawl_crypto_prices.py took 0.050 seconds
[2026-03-20T08:16:18.743+0000] {processor.py:161} INFO - Started process (PID=4117) to work on /opt/airflow/dags/crawl_crypto_prices.py
[2026-03-20T08:16:18.744+0000] {processor.py:830} INFO - Processing file /opt/airflow/dags/crawl_crypto_prices.py for tasks to queue
[2026-03-20T08:16:18.744+0000] {logging_mixin.py:188} INFO - [2026-03-20T08:16:18.744+0000] {dagbag.py:538} INFO - Filling up the DagBag from /opt/airflow/dags/crawl_crypto_prices.py
[2026-03-20T08:16:18.753+0000] {processor.py:840} INFO - DAG(s) 'crawl_crypto_prices' retrieved from /opt/airflow/dags/crawl_crypto_prices.py
[2026-03-20T08:16:18.769+0000] {logging_mixin.py:188} INFO - [2026-03-20T08:16:18.768+0000] {dag.py:3036} INFO - Sync 1 DAGs
[2026-03-20T08:16:18.779+0000] {logging_mixin.py:188} INFO - [2026-03-20T08:16:18.779+0000] {dag.py:3823} INFO - Setting next_dagrun for crawl_crypto_prices to 2026-03-20 08:00:00+00:00, run_after=2026-03-20 09:00:00+00:00
[2026-03-20T08:16:18.785+0000] {processor.py:183} INFO - Processing /opt/airflow/dags/crawl_crypto_prices.py took 0.045 seconds
[2026-03-20T08:16:49.068+0000] {processor.py:161} INFO - Started process (PID=4122) to work on /opt/airflow/dags/crawl_crypto_prices.py
[2026-03-20T08:16:49.069+0000] {processor.py:830} INFO - Processing file /opt/airflow/dags/crawl_crypto_prices.py for tasks to queue
[2026-03-20T08:16:49.070+0000] {logging_mixin.py:188} INFO - [2026-03-20T08:16:49.069+0000] {dagbag.py:538} INFO - Filling up the DagBag from /opt/airflow/dags/crawl_crypto_prices.py
[2026-03-20T08:16:49.081+0000] {processor.py:840} INFO - DAG(s) 'crawl_crypto_prices' retrieved from /opt/airflow/dags/crawl_crypto_prices.py
[2026-03-20T08:16:49.101+0000] {logging_mixin.py:188} INFO - [2026-03-20T08:16:49.101+0000] {dag.py:3036} INFO - Sync 1 DAGs
[2026-03-20T08:16:49.112+0000] {logging_mixin.py:188} INFO - [2026-03-20T08:16:49.112+0000] {dag.py:3823} INFO - Setting next_dagrun for crawl_crypto_prices to 2026-03-20 08:00:00+00:00, run_after=2026-03-20 09:00:00+00:00
[2026-03-20T08:16:49.118+0000] {processor.py:183} INFO - Processing /opt/airflow/dags/crawl_crypto_prices.py took 0.053 seconds
[2026-03-20T08:17:19.380+0000] {processor.py:161} INFO - Started process (PID=4127) to work on /opt/airflow/dags/crawl_crypto_prices.py
[2026-03-20T08:17:19.382+0000] {processor.py:830} INFO - Processing file /opt/airflow/dags/crawl_crypto_prices.py for tasks to queue
[2026-03-20T08:17:19.382+0000] {logging_mixin.py:188} INFO - [2026-03-20T08:17:19.382+0000] {dagbag.py:538} INFO - Filling up the DagBag from /opt/airflow/dags/crawl_crypto_prices.py
[2026-03-20T08:17:19.394+0000] {processor.py:840} INFO - DAG(s) 'crawl_crypto_prices' retrieved from /opt/airflow/dags/crawl_crypto_prices.py
[2026-03-20T08:17:19.413+0000] {logging_mixin.py:188} INFO - [2026-03-20T08:17:19.412+0000] {dag.py:3036} INFO - Sync 1 DAGs
[2026-03-20T08:17:19.422+0000] {logging_mixin.py:188} INFO - [2026-03-20T08:17:19.422+0000] {dag.py:3823} INFO - Setting next_dagrun for crawl_crypto_prices to 2026-03-20 08:00:00+00:00, run_after=2026-03-20 09:00:00+00:00
[2026-03-20T08:17:19.428+0000] {processor.py:183} INFO - Processing /opt/airflow/dags/crawl_crypto_prices.py took 0.052 seconds
[2026-03-20T08:17:49.696+0000] {processor.py:161} INFO - Started process (PID=4132) to work on /opt/airflow/dags/crawl_crypto_prices.py
[2026-03-20T08:17:49.697+0000] {processor.py:830} INFO - Processing file /opt/airflow/dags/crawl_crypto_prices.py for tasks to queue
[2026-03-20T08:17:49.698+0000] {logging_mixin.py:188} INFO - [2026-03-20T08:17:49.697+0000] {dagbag.py:538} INFO - Filling up the DagBag from /opt/airflow/dags/crawl_crypto_prices.py
[2026-03-20T08:17:49.709+0000] {processor.py:840} INFO - DAG(s) 'crawl_crypto_prices' retrieved from /opt/airflow/dags/crawl_crypto_prices.py
[2026-03-20T08:17:49.726+0000] {logging_mixin.py:188} INFO - [2026-03-20T08:17:49.726+0000] {dag.py:3036} INFO - Sync 1 DAGs
[2026-03-20T08:17:49.736+0000] {logging_mixin.py:188} INFO - [2026-03-20T08:17:49.736+0000] {dag.py:3823} INFO - Setting next_dagrun for crawl_crypto_prices to 2026-03-20 08:00:00+00:00, run_after=2026-03-20 09:00:00+00:00
[2026-03-20T08:17:49.742+0000] {processor.py:183} INFO - Processing /opt/airflow/dags/crawl_crypto_prices.py took 0.050 seconds
[2026-03-20T08:18:20.035+0000] {processor.py:161} INFO - Started process (PID=4137) to work on /opt/airflow/dags/crawl_crypto_prices.py
[2026-03-20T08:18:20.036+0000] {processor.py:830} INFO - Processing file /opt/airflow/dags/crawl_crypto_prices.py for tasks to queue
[2026-03-20T08:18:20.036+0000] {logging_mixin.py:188} INFO - [2026-03-20T08:18:20.036+0000] {dagbag.py:538} INFO - Filling up the DagBag from /opt/airflow/dags/crawl_crypto_prices.py
[2026-03-20T08:18:20.047+0000] {processor.py:840} INFO - DAG(s) 'crawl_crypto_prices' retrieved from /opt/airflow/dags/crawl_crypto_prices.py
[2026-03-20T08:18:20.067+0000] {logging_mixin.py:188} INFO - [2026-03-20T08:18:20.067+0000] {dag.py:3036} INFO - Sync 1 DAGs
[2026-03-20T08:18:20.077+0000] {logging_mixin.py:188} INFO - [2026-03-20T08:18:20.077+0000] {dag.py:3823} INFO - Setting next_dagrun for crawl_crypto_prices to 2026-03-20 08:00:00+00:00, run_after=2026-03-20 09:00:00+00:00
[2026-03-20T08:18:20.084+0000] {processor.py:183} INFO - Processing /opt/airflow/dags/crawl_crypto_prices.py took 0.052 seconds
[2026-03-20T08:18:50.361+0000] {processor.py:161} INFO - Started process (PID=4142) to work on /opt/airflow/dags/crawl_crypto_prices.py
[2026-03-20T08:18:50.363+0000] {processor.py:830} INFO - Processing file /opt/airflow/dags/crawl_crypto_prices.py for tasks to queue
[2026-03-20T08:18:50.364+0000] {logging_mixin.py:188} INFO - [2026-03-20T08:18:50.363+0000] {dagbag.py:538} INFO - Filling up the DagBag from /opt/airflow/dags/crawl_crypto_prices.py
[2026-03-20T08:18:50.374+0000] {processor.py:840} INFO - DAG(s) 'crawl_crypto_prices' retrieved from /opt/airflow/dags/crawl_crypto_prices.py
[2026-03-20T08:18:50.393+0000] {logging_mixin.py:188} INFO - [2026-03-20T08:18:50.393+0000] {dag.py:3036} INFO - Sync 1 DAGs
[2026-03-20T08:18:50.404+0000] {logging_mixin.py:188} INFO - [2026-03-20T08:18:50.404+0000] {dag.py:3823} INFO - Setting next_dagrun for crawl_crypto_prices to 2026-03-20 08:00:00+00:00, run_after=2026-03-20 09:00:00+00:00
[2026-03-20T08:18:50.411+0000] {processor.py:183} INFO - Processing /opt/airflow/dags/crawl_crypto_prices.py took 0.053 seconds
[2026-03-20T08:19:20.679+0000] {processor.py:161} INFO - Started process (PID=4147) to work on /opt/airflow/dags/crawl_crypto_prices.py
[2026-03-20T08:19:20.680+0000] {processor.py:830} INFO - Processing file /opt/airflow/dags/crawl_crypto_prices.py for tasks to queue
[2026-03-20T08:19:20.681+0000] {logging_mixin.py:188} INFO - [2026-03-20T08:19:20.681+0000] {dagbag.py:538} INFO - Filling up the DagBag from /opt/airflow/dags/crawl_crypto_prices.py
[2026-03-20T08:19:20.691+0000] {processor.py:840} INFO - DAG(s) 'crawl_crypto_prices' retrieved from /opt/airflow/dags/crawl_crypto_prices.py
[2026-03-20T08:19:20.710+0000] {logging_mixin.py:188} INFO - [2026-03-20T08:19:20.709+0000] {dag.py:3036} INFO - Sync 1 DAGs
[2026-03-20T08:19:20.720+0000] {logging_mixin.py:188} INFO - [2026-03-20T08:19:20.720+0000] {dag.py:3823} INFO - Setting next_dagrun for crawl_crypto_prices to 2026-03-20 08:00:00+00:00, run_after=2026-03-20 09:00:00+00:00
[2026-03-20T08:19:20.727+0000] {processor.py:183} INFO - Processing /opt/airflow/dags/crawl_crypto_prices.py took 0.051 seconds
[2026-03-20T08:19:51.009+0000] {processor.py:161} INFO - Started process (PID=4152) to work on /opt/airflow/dags/crawl_crypto_prices.py
[2026-03-20T08:19:51.010+0000] {processor.py:830} INFO - Processing file /opt/airflow/dags/crawl_crypto_prices.py for tasks to queue
[2026-03-20T08:19:51.011+0000] {logging_mixin.py:188} INFO - [2026-03-20T08:19:51.011+0000] {dagbag.py:538} INFO - Filling up the DagBag from /opt/airflow/dags/crawl_crypto_prices.py
[2026-03-20T08:19:51.023+0000] {processor.py:840} INFO - DAG(s) 'crawl_crypto_prices' retrieved from /opt/airflow/dags/crawl_crypto_prices.py
[2026-03-20T08:19:51.041+0000] {logging_mixin.py:188} INFO - [2026-03-20T08:19:51.041+0000] {dag.py:3036} INFO - Sync 1 DAGs
[2026-03-20T08:19:51.052+0000] {logging_mixin.py:188} INFO - [2026-03-20T08:19:51.052+0000] {dag.py:3823} INFO - Setting next_dagrun for crawl_crypto_prices to 2026-03-20 08:00:00+00:00, run_after=2026-03-20 09:00:00+00:00
[2026-03-20T08:19:51.059+0000] {processor.py:183} INFO - Processing /opt/airflow/dags/crawl_crypto_prices.py took 0.053 seconds
[2026-03-20T08:20:21.357+0000] {processor.py:161} INFO - Started process (PID=4157) to work on /opt/airflow/dags/crawl_crypto_prices.py
[2026-03-20T08:20:21.358+0000] {processor.py:830} INFO - Processing file /opt/airflow/dags/crawl_crypto_prices.py for tasks to queue
[2026-03-20T08:20:21.359+0000] {logging_mixin.py:188} INFO - [2026-03-20T08:20:21.358+0000] {dagbag.py:538} INFO - Filling up the DagBag from /opt/airflow/dags/crawl_crypto_prices.py
[2026-03-20T08:20:21.369+0000] {processor.py:840} INFO - DAG(s) 'crawl_crypto_prices' retrieved from /opt/airflow/dags/crawl_crypto_prices.py
[2026-03-20T08:20:21.388+0000] {logging_mixin.py:188} INFO - [2026-03-20T08:20:21.388+0000] {dag.py:3036} INFO - Sync 1 DAGs
[2026-03-20T08:20:21.398+0000] {logging_mixin.py:188} INFO - [2026-03-20T08:20:21.398+0000] {dag.py:3823} INFO - Setting next_dagrun for crawl_crypto_prices to 2026-03-20 08:00:00+00:00, run_after=2026-03-20 09:00:00+00:00
[2026-03-20T08:20:21.404+0000] {processor.py:183} INFO - Processing /opt/airflow/dags/crawl_crypto_prices.py took 0.051 seconds
[2026-03-20T08:20:51.664+0000] {processor.py:161} INFO - Started process (PID=4162) to work on /opt/airflow/dags/crawl_crypto_prices.py
[2026-03-20T08:20:51.665+0000] {processor.py:830} INFO - Processing file /opt/airflow/dags/crawl_crypto_prices.py for tasks to queue
[2026-03-20T08:20:51.666+0000] {logging_mixin.py:188} INFO - [2026-03-20T08:20:51.665+0000] {dagbag.py:538} INFO - Filling up the DagBag from /opt/airflow/dags/crawl_crypto_prices.py
[2026-03-20T08:20:51.678+0000] {processor.py:840} INFO - DAG(s) 'crawl_crypto_prices' retrieved from /opt/airflow/dags/crawl_crypto_prices.py
[2026-03-20T08:20:51.696+0000] {logging_mixin.py:188} INFO - [2026-03-20T08:20:51.696+0000] {dag.py:3036} INFO - Sync 1 DAGs
[2026-03-20T08:20:51.707+0000] {logging_mixin.py:188} INFO - [2026-03-20T08:20:51.707+0000] {dag.py:3823} INFO - Setting next_dagrun for crawl_crypto_prices to 2026-03-20 08:00:00+00:00, run_after=2026-03-20 09:00:00+00:00
[2026-03-20T08:20:51.713+0000] {processor.py:183} INFO - Processing /opt/airflow/dags/crawl_crypto_prices.py took 0.053 seconds
[2026-03-20T08:21:21.971+0000] {processor.py:161} INFO - Started process (PID=4167) to work on /opt/airflow/dags/crawl_crypto_prices.py
[2026-03-20T08:21:21.973+0000] {processor.py:830} INFO - Processing file /opt/airflow/dags/crawl_crypto_prices.py for tasks to queue
[2026-03-20T08:21:21.973+0000] {logging_mixin.py:188} INFO - [2026-03-20T08:21:21.973+0000] {dagbag.py:538} INFO - Filling up the DagBag from /opt/airflow/dags/crawl_crypto_prices.py
[2026-03-20T08:21:21.983+0000] {processor.py:840} INFO - DAG(s) 'crawl_crypto_prices' retrieved from /opt/airflow/dags/crawl_crypto_prices.py
[2026-03-20T08:21:22.002+0000] {logging_mixin.py:188} INFO - [2026-03-20T08:21:22.002+0000] {dag.py:3036} INFO - Sync 1 DAGs
[2026-03-20T08:21:22.012+0000] {logging_mixin.py:188} INFO - [2026-03-20T08:21:22.012+0000] {dag.py:3823} INFO - Setting next_dagrun for crawl_crypto_prices to 2026-03-20 08:00:00+00:00, run_after=2026-03-20 09:00:00+00:00
[2026-03-20T08:21:22.019+0000] {processor.py:183} INFO - Processing /opt/airflow/dags/crawl_crypto_prices.py took 0.052 seconds
[2026-03-20T08:21:52.252+0000] {processor.py:161} INFO - Started process (PID=4172) to work on /opt/airflow/dags/crawl_crypto_prices.py
[2026-03-20T08:21:52.254+0000] {processor.py:830} INFO - Processing file /opt/airflow/dags/crawl_crypto_prices.py for tasks to queue
[2026-03-20T08:21:52.254+0000] {logging_mixin.py:188} INFO - [2026-03-20T08:21:52.254+0000] {dagbag.py:538} INFO - Filling up the DagBag from /opt/airflow/dags/crawl_crypto_prices.py
[2026-03-20T08:21:52.266+0000] {processor.py:840} INFO - DAG(s) 'crawl_crypto_prices' retrieved from /opt/airflow/dags/crawl_crypto_prices.py
[2026-03-20T08:21:52.284+0000] {logging_mixin.py:188} INFO - [2026-03-20T08:21:52.284+0000] {dag.py:3036} INFO - Sync 1 DAGs
[2026-03-20T08:21:52.294+0000] {logging_mixin.py:188} INFO - [2026-03-20T08:21:52.294+0000] {dag.py:3823} INFO - Setting next_dagrun for crawl_crypto_prices to 2026-03-20 08:00:00+00:00, run_after=2026-03-20 09:00:00+00:00
[2026-03-20T08:21:52.301+0000] {processor.py:183} INFO - Processing /opt/airflow/dags/crawl_crypto_prices.py took 0.052 seconds
[2026-03-20T08:22:22.589+0000] {processor.py:161} INFO - Started process (PID=4177) to work on /opt/airflow/dags/crawl_crypto_prices.py
[2026-03-20T08:22:22.591+0000] {processor.py:830} INFO - Processing file /opt/airflow/dags/crawl_crypto_prices.py for tasks to queue
[2026-03-20T08:22:22.591+0000] {logging_mixin.py:188} INFO - [2026-03-20T08:22:22.591+0000] {dagbag.py:538} INFO - Filling up the DagBag from /opt/airflow/dags/crawl_crypto_prices.py
[2026-03-20T08:22:22.601+0000] {processor.py:840} INFO - DAG(s) 'crawl_crypto_prices' retrieved from /opt/airflow/dags/crawl_crypto_prices.py
[2026-03-20T08:22:22.619+0000] {logging_mixin.py:188} INFO - [2026-03-20T08:22:22.619+0000] {dag.py:3036} INFO - Sync 1 DAGs
[2026-03-20T08:22:22.628+0000] {logging_mixin.py:188} INFO - [2026-03-20T08:22:22.628+0000] {dag.py:3823} INFO - Setting next_dagrun for crawl_crypto_prices to 2026-03-20 08:00:00+00:00, run_after=2026-03-20 09:00:00+00:00
[2026-03-20T08:22:22.634+0000] {processor.py:183} INFO - Processing /opt/airflow/dags/crawl_crypto_prices.py took 0.049 seconds
[2026-03-20T08:22:52.926+0000] {processor.py:161} INFO - Started process (PID=4182) to work on /opt/airflow/dags/crawl_crypto_prices.py
[2026-03-20T08:22:52.926+0000] {processor.py:830} INFO - Processing file /opt/airflow/dags/crawl_crypto_prices.py for tasks to queue
[2026-03-20T08:22:52.927+0000] {logging_mixin.py:188} INFO - [2026-03-20T08:22:52.927+0000] {dagbag.py:538} INFO - Filling up the DagBag from /opt/airflow/dags/crawl_crypto_prices.py
[2026-03-20T08:22:52.937+0000] {processor.py:840} INFO - DAG(s) 'crawl_crypto_prices' retrieved from /opt/airflow/dags/crawl_crypto_prices.py
[2026-03-20T08:22:52.955+0000] {logging_mixin.py:188} INFO - [2026-03-20T08:22:52.955+0000] {dag.py:3036} INFO - Sync 1 DAGs
[2026-03-20T08:22:52.964+0000] {logging_mixin.py:188} INFO - [2026-03-20T08:22:52.964+0000] {dag.py:3823} INFO - Setting next_dagrun for crawl_crypto_prices to 2026-03-20 08:00:00+00:00, run_after=2026-03-20 09:00:00+00:00
[2026-03-20T08:22:52.970+0000] {processor.py:183} INFO - Processing /opt/airflow/dags/crawl_crypto_prices.py took 0.048 seconds
[2026-03-20T08:23:23.268+0000] {processor.py:161} INFO - Started process (PID=4187) to work on /opt/airflow/dags/crawl_crypto_prices.py
[2026-03-20T08:23:23.270+0000] {processor.py:830} INFO - Processing file /opt/airflow/dags/crawl_crypto_prices.py for tasks to queue
[2026-03-20T08:23:23.271+0000] {logging_mixin.py:188} INFO - [2026-03-20T08:23:23.271+0000] {dagbag.py:538} INFO - Filling up the DagBag from /opt/airflow/dags/crawl_crypto_prices.py
[2026-03-20T08:23:23.286+0000] {processor.py:840} INFO - DAG(s) 'crawl_crypto_prices' retrieved from /opt/airflow/dags/crawl_crypto_prices.py
[2026-03-20T08:23:23.316+0000] {logging_mixin.py:188} INFO - [2026-03-20T08:23:23.316+0000] {dag.py:3036} INFO - Sync 1 DAGs
[2026-03-20T08:23:23.328+0000] {logging_mixin.py:188} INFO - [2026-03-20T08:23:23.328+0000] {dag.py:3823} INFO - Setting next_dagrun for crawl_crypto_prices to 2026-03-20 08:00:00+00:00, run_after=2026-03-20 09:00:00+00:00
[2026-03-20T08:23:23.335+0000] {processor.py:183} INFO - Processing /opt/airflow/dags/crawl_crypto_prices.py took 0.072 seconds
[2026-03-20T08:23:53.581+0000] {processor.py:161} INFO - Started process (PID=4192) to work on /opt/airflow/dags/crawl_crypto_prices.py
[2026-03-20T08:23:53.583+0000] {processor.py:830} INFO - Processing file /opt/airflow/dags/crawl_crypto_prices.py for tasks to queue
[2026-03-20T08:23:53.584+0000] {logging_mixin.py:188} INFO - [2026-03-20T08:23:53.584+0000] {dagbag.py:538} INFO - Filling up the DagBag from /opt/airflow/dags/crawl_crypto_prices.py
[2026-03-20T08:23:53.593+0000] {processor.py:840} INFO - DAG(s) 'crawl_crypto_prices' retrieved from /opt/airflow/dags/crawl_crypto_prices.py
[2026-03-20T08:23:53.610+0000] {logging_mixin.py:188} INFO - [2026-03-20T08:23:53.610+0000] {dag.py:3036} INFO - Sync 1 DAGs
[2026-03-20T08:23:53.623+0000] {logging_mixin.py:188} INFO - [2026-03-20T08:23:53.623+0000] {dag.py:3823} INFO - Setting next_dagrun for crawl_crypto_prices to 2026-03-20 08:00:00+00:00, run_after=2026-03-20 09:00:00+00:00
[2026-03-20T08:23:53.629+0000] {processor.py:183} INFO - Processing /opt/airflow/dags/crawl_crypto_prices.py took 0.051 seconds
[2026-03-20T08:24:23.922+0000] {processor.py:161} INFO - Started process (PID=4197) to work on /opt/airflow/dags/crawl_crypto_prices.py
[2026-03-20T08:24:23.924+0000] {processor.py:830} INFO - Processing file /opt/airflow/dags/crawl_crypto_prices.py for tasks to queue
[2026-03-20T08:24:23.924+0000] {logging_mixin.py:188} INFO - [2026-03-20T08:24:23.924+0000] {dagbag.py:538} INFO - Filling up the DagBag from /opt/airflow/dags/crawl_crypto_prices.py
[2026-03-20T08:24:23.935+0000] {processor.py:840} INFO - DAG(s) 'crawl_crypto_prices' retrieved from /opt/airflow/dags/crawl_crypto_prices.py
[2026-03-20T08:24:23.953+0000] {logging_mixin.py:188} INFO - [2026-03-20T08:24:23.953+0000] {dag.py:3036} INFO - Sync 1 DAGs
[2026-03-20T08:24:23.962+0000] {logging_mixin.py:188} INFO - [2026-03-20T08:24:23.962+0000] {dag.py:3823} INFO - Setting next_dagrun for crawl_crypto_prices to 2026-03-20 08:00:00+00:00, run_after=2026-03-20 09:00:00+00:00
[2026-03-20T08:24:23.968+0000] {processor.py:183} INFO - Processing /opt/airflow/dags/crawl_crypto_prices.py took 0.050 seconds
[2026-03-20T08:24:54.248+0000] {processor.py:161} INFO - Started process (PID=4202) to work on /opt/airflow/dags/crawl_crypto_prices.py
[2026-03-20T08:24:54.249+0000] {processor.py:830} INFO - Processing file /opt/airflow/dags/crawl_crypto_prices.py for tasks to queue
[2026-03-20T08:24:54.250+0000] {logging_mixin.py:188} INFO - [2026-03-20T08:24:54.249+0000] {dagbag.py:538} INFO - Filling up the DagBag from /opt/airflow/dags/crawl_crypto_prices.py
[2026-03-20T08:24:54.258+0000] {processor.py:840} INFO - DAG(s) 'crawl_crypto_prices' retrieved from /opt/airflow/dags/crawl_crypto_prices.py
[2026-03-20T08:24:54.275+0000] {logging_mixin.py:188} INFO - [2026-03-20T08:24:54.275+0000] {dag.py:3036} INFO - Sync 1 DAGs
[2026-03-20T08:24:54.286+0000] {logging_mixin.py:188} INFO - [2026-03-20T08:24:54.286+0000] {dag.py:3823} INFO - Setting next_dagrun for crawl_crypto_prices to 2026-03-20 08:00:00+00:00, run_after=2026-03-20 09:00:00+00:00
[2026-03-20T08:24:54.295+0000] {processor.py:183} INFO - Processing /opt/airflow/dags/crawl_crypto_prices.py took 0.049 seconds
[2026-03-20T08:25:24.541+0000] {processor.py:161} INFO - Started process (PID=4207) to work on /opt/airflow/dags/crawl_crypto_prices.py
[2026-03-20T08:25:24.543+0000] {processor.py:830} INFO - Processing file /opt/airflow/dags/crawl_crypto_prices.py for tasks to queue
[2026-03-20T08:25:24.544+0000] {logging_mixin.py:188} INFO - [2026-03-20T08:25:24.543+0000] {dagbag.py:538} INFO - Filling up the DagBag from /opt/airflow/dags/crawl_crypto_prices.py
[2026-03-20T08:25:24.554+0000] {processor.py:840} INFO - DAG(s) 'crawl_crypto_prices' retrieved from /opt/airflow/dags/crawl_crypto_prices.py
[2026-03-20T08:25:24.572+0000] {logging_mixin.py:188} INFO - [2026-03-20T08:25:24.572+0000] {dag.py:3036} INFO - Sync 1 DAGs
[2026-03-20T08:25:24.583+0000] {logging_mixin.py:188} INFO - [2026-03-20T08:25:24.583+0000] {dag.py:3823} INFO - Setting next_dagrun for crawl_crypto_prices to 2026-03-20 08:00:00+00:00, run_after=2026-03-20 09:00:00+00:00
[2026-03-20T08:25:24.589+0000] {processor.py:183} INFO - Processing /opt/airflow/dags/crawl_crypto_prices.py took 0.051 seconds
[2026-03-20T08:25:54.854+0000] {processor.py:161} INFO - Started process (PID=4212) to work on /opt/airflow/dags/crawl_crypto_prices.py
[2026-03-20T08:25:54.855+0000] {processor.py:830} INFO - Processing file /opt/airflow/dags/crawl_crypto_prices.py for tasks to queue
[2026-03-20T08:25:54.856+0000] {logging_mixin.py:188} INFO - [2026-03-20T08:25:54.856+0000] {dagbag.py:538} INFO - Filling up the DagBag from /opt/airflow/dags/crawl_crypto_prices.py
[2026-03-20T08:25:54.868+0000] {processor.py:840} INFO - DAG(s) 'crawl_crypto_prices' retrieved from /opt/airflow/dags/crawl_crypto_prices.py
[2026-03-20T08:25:54.893+0000] {logging_mixin.py:188} INFO - [2026-03-20T08:25:54.893+0000] {dag.py:3036} INFO - Sync 1 DAGs
[2026-03-20T08:25:54.905+0000] {logging_mixin.py:188} INFO - [2026-03-20T08:25:54.905+0000] {dag.py:3823} INFO - Setting next_dagrun for crawl_crypto_prices to 2026-03-20 08:00:00+00:00, run_after=2026-03-20 09:00:00+00:00
[2026-03-20T08:25:54.912+0000] {processor.py:183} INFO - Processing /opt/airflow/dags/crawl_crypto_prices.py took 0.061 seconds
[2026-03-20T08:26:25.209+0000] {processor.py:161} INFO - Started process (PID=4217) to work on /opt/airflow/dags/crawl_crypto_prices.py
[2026-03-20T08:26:25.210+0000] {processor.py:830} INFO - Processing file /opt/airflow/dags/crawl_crypto_prices.py for tasks to queue
[2026-03-20T08:26:25.211+0000] {logging_mixin.py:188} INFO - [2026-03-20T08:26:25.210+0000] {dagbag.py:538} INFO - Filling up the DagBag from /opt/airflow/dags/crawl_crypto_prices.py
[2026-03-20T08:26:25.220+0000] {processor.py:840} INFO - DAG(s) 'crawl_crypto_prices' retrieved from /opt/airflow/dags/crawl_crypto_prices.py
[2026-03-20T08:26:25.241+0000] {logging_mixin.py:188} INFO - [2026-03-20T08:26:25.241+0000] {dag.py:3036} INFO - Sync 1 DAGs
[2026-03-20T08:26:25.251+0000] {logging_mixin.py:188} INFO - [2026-03-20T08:26:25.251+0000] {dag.py:3823} INFO - Setting next_dagrun for crawl_crypto_prices to 2026-03-20 08:00:00+00:00, run_after=2026-03-20 09:00:00+00:00
[2026-03-20T08:26:25.258+0000] {processor.py:183} INFO - Processing /opt/airflow/dags/crawl_crypto_prices.py took 0.052 seconds
[2026-03-20T08:26:55.523+0000] {processor.py:161} INFO - Started process (PID=4222) to work on /opt/airflow/dags/crawl_crypto_prices.py
[2026-03-20T08:26:55.524+0000] {processor.py:830} INFO - Processing file /opt/airflow/dags/crawl_crypto_prices.py for tasks to queue
[2026-03-20T08:26:55.525+0000] {logging_mixin.py:188} INFO - [2026-03-20T08:26:55.525+0000] {dagbag.py:538} INFO - Filling up the DagBag from /opt/airflow/dags/crawl_crypto_prices.py
[2026-03-20T08:26:55.536+0000] {processor.py:840} INFO - DAG(s) 'crawl_crypto_prices' retrieved from /opt/airflow/dags/crawl_crypto_prices.py
[2026-03-20T08:26:55.550+0000] {logging_mixin.py:188} INFO - [2026-03-20T08:26:55.550+0000] {dag.py:3036} INFO - Sync 1 DAGs
[2026-03-20T08:26:55.559+0000] {logging_mixin.py:188} INFO - [2026-03-20T08:26:55.559+0000] {dag.py:3823} INFO - Setting next_dagrun for crawl_crypto_prices to 2026-03-20 08:00:00+00:00, run_after=2026-03-20 09:00:00+00:00
[2026-03-20T08:26:55.566+0000] {processor.py:183} INFO - Processing /opt/airflow/dags/crawl_crypto_prices.py took 0.046 seconds
[2026-03-20T08:27:25.842+0000] {processor.py:161} INFO - Started process (PID=4227) to work on /opt/airflow/dags/crawl_crypto_prices.py
[2026-03-20T08:27:25.844+0000] {processor.py:830} INFO - Processing file /opt/airflow/dags/crawl_crypto_prices.py for tasks to queue
[2026-03-20T08:27:25.845+0000] {logging_mixin.py:188} INFO - [2026-03-20T08:27:25.844+0000] {dagbag.py:538} INFO - Filling up the DagBag from /opt/airflow/dags/crawl_crypto_prices.py
[2026-03-20T08:27:25.856+0000] {processor.py:840} INFO - DAG(s) 'crawl_crypto_prices' retrieved from /opt/airflow/dags/crawl_crypto_prices.py
[2026-03-20T08:27:25.874+0000] {logging_mixin.py:188} INFO - [2026-03-20T08:27:25.874+0000] {dag.py:3036} INFO - Sync 1 DAGs
[2026-03-20T08:27:25.884+0000] {logging_mixin.py:188} INFO - [2026-03-20T08:27:25.883+0000] {dag.py:3823} INFO - Setting next_dagrun for crawl_crypto_prices to 2026-03-20 08:00:00+00:00, run_after=2026-03-20 09:00:00+00:00
[2026-03-20T08:27:25.890+0000] {processor.py:183} INFO - Processing /opt/airflow/dags/crawl_crypto_prices.py took 0.051 seconds
[2026-03-20T08:27:56.150+0000] {processor.py:161} INFO - Started process (PID=4232) to work on /opt/airflow/dags/crawl_crypto_prices.py
[2026-03-20T08:27:56.151+0000] {processor.py:830} INFO - Processing file /opt/airflow/dags/crawl_crypto_prices.py for tasks to queue
[2026-03-20T08:27:56.152+0000] {logging_mixin.py:188} INFO - [2026-03-20T08:27:56.152+0000] {dagbag.py:538} INFO - Filling up the DagBag from /opt/airflow/dags/crawl_crypto_prices.py
[2026-03-20T08:27:56.162+0000] {processor.py:840} INFO - DAG(s) 'crawl_crypto_prices' retrieved from /opt/airflow/dags/crawl_crypto_prices.py
[2026-03-20T08:27:56.180+0000] {logging_mixin.py:188} INFO - [2026-03-20T08:27:56.180+0000] {dag.py:3036} INFO - Sync 1 DAGs
[2026-03-20T08:27:56.190+0000] {logging_mixin.py:188} INFO - [2026-03-20T08:27:56.190+0000] {dag.py:3823} INFO - Setting next_dagrun for crawl_crypto_prices to 2026-03-20 08:00:00+00:00, run_after=2026-03-20 09:00:00+00:00
[2026-03-20T08:27:56.197+0000] {processor.py:183} INFO - Processing /opt/airflow/dags/crawl_crypto_prices.py took 0.050 seconds
[2026-03-20T08:28:26.502+0000] {processor.py:161} INFO - Started process (PID=4237) to work on /opt/airflow/dags/crawl_crypto_prices.py
[2026-03-20T08:28:26.503+0000] {processor.py:830} INFO - Processing file /opt/airflow/dags/crawl_crypto_prices.py for tasks to queue
[2026-03-20T08:28:26.504+0000] {logging_mixin.py:188} INFO - [2026-03-20T08:28:26.503+0000] {dagbag.py:538} INFO - Filling up the DagBag from /opt/airflow/dags/crawl_crypto_prices.py
[2026-03-20T08:28:26.514+0000] {processor.py:840} INFO - DAG(s) 'crawl_crypto_prices' retrieved from /opt/airflow/dags/crawl_crypto_prices.py
[2026-03-20T08:28:26.533+0000] {logging_mixin.py:188} INFO - [2026-03-20T08:28:26.533+0000] {dag.py:3036} INFO - Sync 1 DAGs
[2026-03-20T08:28:26.544+0000] {logging_mixin.py:188} INFO - [2026-03-20T08:28:26.544+0000] {dag.py:3823} INFO - Setting next_dagrun for crawl_crypto_prices to 2026-03-20 08:00:00+00:00, run_after=2026-03-20 09:00:00+00:00
[2026-03-20T08:28:26.551+0000] {processor.py:183} INFO - Processing /opt/airflow/dags/crawl_crypto_prices.py took 0.052 seconds
[2026-03-20T08:28:56.836+0000] {processor.py:161} INFO - Started process (PID=4242) to work on /opt/airflow/dags/crawl_crypto_prices.py
[2026-03-20T08:28:56.837+0000] {processor.py:830} INFO - Processing file /opt/airflow/dags/crawl_crypto_prices.py for tasks to queue
[2026-03-20T08:28:56.838+0000] {logging_mixin.py:188} INFO - [2026-03-20T08:28:56.837+0000] {dagbag.py:538} INFO - Filling up the DagBag from /opt/airflow/dags/crawl_crypto_prices.py
[2026-03-20T08:28:56.847+0000] {processor.py:840} INFO - DAG(s) 'crawl_crypto_prices' retrieved from /opt/airflow/dags/crawl_crypto_prices.py
[2026-03-20T08:28:56.863+0000] {logging_mixin.py:188} INFO - [2026-03-20T08:28:56.863+0000] {dag.py:3036} INFO - Sync 1 DAGs
[2026-03-20T08:28:56.872+0000] {logging_mixin.py:188} INFO - [2026-03-20T08:28:56.872+0000] {dag.py:3823} INFO - Setting next_dagrun for crawl_crypto_prices to 2026-03-20 08:00:00+00:00, run_after=2026-03-20 09:00:00+00:00
[2026-03-20T08:28:56.878+0000] {processor.py:183} INFO - Processing /opt/airflow/dags/crawl_crypto_prices.py took 0.045 seconds
[2026-03-20T08:29:27.150+0000] {processor.py:161} INFO - Started process (PID=4247) to work on /opt/airflow/dags/crawl_crypto_prices.py
[2026-03-20T08:29:27.152+0000] {processor.py:830} INFO - Processing file /opt/airflow/dags/crawl_crypto_prices.py for tasks to queue
[2026-03-20T08:29:27.152+0000] {logging_mixin.py:188} INFO - [2026-03-20T08:29:27.152+0000] {dagbag.py:538} INFO - Filling up the DagBag from /opt/airflow/dags/crawl_crypto_prices.py
[2026-03-20T08:29:27.163+0000] {processor.py:840} INFO - DAG(s) 'crawl_crypto_prices' retrieved from /opt/airflow/dags/crawl_crypto_prices.py
[2026-03-20T08:29:27.183+0000] {logging_mixin.py:188} INFO - [2026-03-20T08:29:27.183+0000] {dag.py:3036} INFO - Sync 1 DAGs
[2026-03-20T08:29:27.194+0000] {logging_mixin.py:188} INFO - [2026-03-20T08:29:27.193+0000] {dag.py:3823} INFO - Setting next_dagrun for crawl_crypto_prices to 2026-03-20 08:00:00+00:00, run_after=2026-03-20 09:00:00+00:00
[2026-03-20T08:29:27.200+0000] {processor.py:183} INFO - Processing /opt/airflow/dags/crawl_crypto_prices.py took 0.053 seconds
[2026-03-20T08:29:57.377+0000] {processor.py:161} INFO - Started process (PID=4252) to work on /opt/airflow/dags/crawl_crypto_prices.py
[2026-03-20T08:29:57.378+0000] {processor.py:830} INFO - Processing file /opt/airflow/dags/crawl_crypto_prices.py for tasks to queue
[2026-03-20T08:29:57.379+0000] {logging_mixin.py:188} INFO - [2026-03-20T08:29:57.378+0000] {dagbag.py:538} INFO - Filling up the DagBag from /opt/airflow/dags/crawl_crypto_prices.py
[2026-03-20T08:29:57.393+0000] {processor.py:840} INFO - DAG(s) 'crawl_crypto_prices' retrieved from /opt/airflow/dags/crawl_crypto_prices.py
[2026-03-20T08:29:57.411+0000] {logging_mixin.py:188} INFO - [2026-03-20T08:29:57.410+0000] {dag.py:3036} INFO - Sync 1 DAGs
[2026-03-20T08:29:57.420+0000] {logging_mixin.py:188} INFO - [2026-03-20T08:29:57.420+0000] {dag.py:3823} INFO - Setting next_dagrun for crawl_crypto_prices to 2026-03-20 08:00:00+00:00, run_after=2026-03-20 09:00:00+00:00
[2026-03-20T08:29:57.426+0000] {processor.py:183} INFO - Processing /opt/airflow/dags/crawl_crypto_prices.py took 0.054 seconds
[2026-03-20T08:30:27.650+0000] {processor.py:161} INFO - Started process (PID=4257) to work on /opt/airflow/dags/crawl_crypto_prices.py
[2026-03-20T08:30:27.650+0000] {processor.py:830} INFO - Processing file /opt/airflow/dags/crawl_crypto_prices.py for tasks to queue
[2026-03-20T08:30:27.651+0000] {logging_mixin.py:188} INFO - [2026-03-20T08:30:27.651+0000] {dagbag.py:538} INFO - Filling up the DagBag from /opt/airflow/dags/crawl_crypto_prices.py
[2026-03-20T08:30:27.658+0000] {processor.py:840} INFO - DAG(s) 'crawl_crypto_prices' retrieved from /opt/airflow/dags/crawl_crypto_prices.py
[2026-03-20T08:30:27.672+0000] {logging_mixin.py:188} INFO - [2026-03-20T08:30:27.672+0000] {dag.py:3036} INFO - Sync 1 DAGs
[2026-03-20T08:30:27.682+0000] {logging_mixin.py:188} INFO - [2026-03-20T08:30:27.681+0000] {dag.py:3823} INFO - Setting next_dagrun for crawl_crypto_prices to 2026-03-20 08:00:00+00:00, run_after=2026-03-20 09:00:00+00:00
[2026-03-20T08:30:27.688+0000] {processor.py:183} INFO - Processing /opt/airflow/dags/crawl_crypto_prices.py took 0.041 seconds
[2026-03-20T08:30:57.944+0000] {processor.py:161} INFO - Started process (PID=4262) to work on /opt/airflow/dags/crawl_crypto_prices.py
[2026-03-20T08:30:57.945+0000] {processor.py:830} INFO - Processing file /opt/airflow/dags/crawl_crypto_prices.py for tasks to queue
[2026-03-20T08:30:57.946+0000] {logging_mixin.py:188} INFO - [2026-03-20T08:30:57.945+0000] {dagbag.py:538} INFO - Filling up the DagBag from /opt/airflow/dags/crawl_crypto_prices.py
[2026-03-20T08:30:57.955+0000] {processor.py:840} INFO - DAG(s) 'crawl_crypto_prices' retrieved from /opt/airflow/dags/crawl_crypto_prices.py
[2026-03-20T08:30:57.973+0000] {logging_mixin.py:188} INFO - [2026-03-20T08:30:57.973+0000] {dag.py:3036} INFO - Sync 1 DAGs
[2026-03-20T08:30:57.983+0000] {logging_mixin.py:188} INFO - [2026-03-20T08:30:57.983+0000] {dag.py:3823} INFO - Setting next_dagrun for crawl_crypto_prices to 2026-03-20 08:00:00+00:00, run_after=2026-03-20 09:00:00+00:00
[2026-03-20T08:30:57.989+0000] {processor.py:183} INFO - Processing /opt/airflow/dags/crawl_crypto_prices.py took 0.048 seconds
[2026-03-20T08:31:28.287+0000] {processor.py:161} INFO - Started process (PID=4267) to work on /opt/airflow/dags/crawl_crypto_prices.py
[2026-03-20T08:31:28.287+0000] {processor.py:830} INFO - Processing file /opt/airflow/dags/crawl_crypto_prices.py for tasks to queue
[2026-03-20T08:31:28.288+0000] {logging_mixin.py:188} INFO - [2026-03-20T08:31:28.288+0000] {dagbag.py:538} INFO - Filling up the DagBag from /opt/airflow/dags/crawl_crypto_prices.py
[2026-03-20T08:31:28.298+0000] {processor.py:840} INFO - DAG(s) 'crawl_crypto_prices' retrieved from /opt/airflow/dags/crawl_crypto_prices.py
[2026-03-20T08:31:28.317+0000] {logging_mixin.py:188} INFO - [2026-03-20T08:31:28.316+0000] {dag.py:3036} INFO - Sync 1 DAGs
[2026-03-20T08:31:28.327+0000] {logging_mixin.py:188} INFO - [2026-03-20T08:31:28.326+0000] {dag.py:3823} INFO - Setting next_dagrun for crawl_crypto_prices to 2026-03-20 08:00:00+00:00, run_after=2026-03-20 09:00:00+00:00
[2026-03-20T08:31:28.333+0000] {processor.py:183} INFO - Processing /opt/airflow/dags/crawl_crypto_prices.py took 0.050 seconds
[2026-03-20T08:31:58.618+0000] {processor.py:161} INFO - Started process (PID=4272) to work on /opt/airflow/dags/crawl_crypto_prices.py
[2026-03-20T08:31:58.619+0000] {processor.py:830} INFO - Processing file /opt/airflow/dags/crawl_crypto_prices.py for tasks to queue
[2026-03-20T08:31:58.620+0000] {logging_mixin.py:188} INFO - [2026-03-20T08:31:58.620+0000] {dagbag.py:538} INFO - Filling up the DagBag from /opt/airflow/dags/crawl_crypto_prices.py
[2026-03-20T08:31:58.630+0000] {processor.py:840} INFO - DAG(s) 'crawl_crypto_prices' retrieved from /opt/airflow/dags/crawl_crypto_prices.py
[2026-03-20T08:31:58.649+0000] {logging_mixin.py:188} INFO - [2026-03-20T08:31:58.649+0000] {dag.py:3036} INFO - Sync 1 DAGs
[2026-03-20T08:31:58.659+0000] {logging_mixin.py:188} INFO - [2026-03-20T08:31:58.659+0000] {dag.py:3823} INFO - Setting next_dagrun for crawl_crypto_prices to 2026-03-20 08:00:00+00:00, run_after=2026-03-20 09:00:00+00:00
[2026-03-20T08:31:58.665+0000] {processor.py:183} INFO - Processing /opt/airflow/dags/crawl_crypto_prices.py took 0.051 seconds
[2026-03-20T08:32:28.958+0000] {processor.py:161} INFO - Started process (PID=4277) to work on /opt/airflow/dags/crawl_crypto_prices.py
[2026-03-20T08:32:28.959+0000] {processor.py:830} INFO - Processing file /opt/airflow/dags/crawl_crypto_prices.py for tasks to queue
[2026-03-20T08:32:28.959+0000] {logging_mixin.py:188} INFO - [2026-03-20T08:32:28.959+0000] {dagbag.py:538} INFO - Filling up the DagBag from /opt/airflow/dags/crawl_crypto_prices.py
[2026-03-20T08:32:28.969+0000] {processor.py:840} INFO - DAG(s) 'crawl_crypto_prices' retrieved from /opt/airflow/dags/crawl_crypto_prices.py
[2026-03-20T08:32:28.987+0000] {logging_mixin.py:188} INFO - [2026-03-20T08:32:28.987+0000] {dag.py:3036} INFO - Sync 1 DAGs
[2026-03-20T08:32:28.998+0000] {logging_mixin.py:188} INFO - [2026-03-20T08:32:28.998+0000] {dag.py:3823} INFO - Setting next_dagrun for crawl_crypto_prices to 2026-03-20 08:00:00+00:00, run_after=2026-03-20 09:00:00+00:00
[2026-03-20T08:32:29.004+0000] {processor.py:183} INFO - Processing /opt/airflow/dags/crawl_crypto_prices.py took 0.050 seconds
[2026-03-20T08:32:59.280+0000] {processor.py:161} INFO - Started process (PID=4282) to work on /opt/airflow/dags/crawl_crypto_prices.py
[2026-03-20T08:32:59.281+0000] {processor.py:830} INFO - Processing file /opt/airflow/dags/crawl_crypto_prices.py for tasks to queue
[2026-03-20T08:32:59.281+0000] {logging_mixin.py:188} INFO - [2026-03-20T08:32:59.281+0000] {dagbag.py:538} INFO - Filling up the DagBag from /opt/airflow/dags/crawl_crypto_prices.py
[2026-03-20T08:32:59.291+0000] {processor.py:840} INFO - DAG(s) 'crawl_crypto_prices' retrieved from /opt/airflow/dags/crawl_crypto_prices.py
[2026-03-20T08:32:59.310+0000] {logging_mixin.py:188} INFO - [2026-03-20T08:32:59.310+0000] {dag.py:3036} INFO - Sync 1 DAGs
[2026-03-20T08:32:59.320+0000] {logging_mixin.py:188} INFO - [2026-03-20T08:32:59.320+0000] {dag.py:3823} INFO - Setting next_dagrun for crawl_crypto_prices to 2026-03-20 08:00:00+00:00, run_after=2026-03-20 09:00:00+00:00
[2026-03-20T08:32:59.326+0000] {processor.py:183} INFO - Processing /opt/airflow/dags/crawl_crypto_prices.py took 0.050 seconds
[2026-03-20T08:33:29.615+0000] {processor.py:161} INFO - Started process (PID=4287) to work on /opt/airflow/dags/crawl_crypto_prices.py
[2026-03-20T08:33:29.616+0000] {processor.py:830} INFO - Processing file /opt/airflow/dags/crawl_crypto_prices.py for tasks to queue
[2026-03-20T08:33:29.617+0000] {logging_mixin.py:188} INFO - [2026-03-20T08:33:29.617+0000] {dagbag.py:538} INFO - Filling up the DagBag from /opt/airflow/dags/crawl_crypto_prices.py
[2026-03-20T08:33:29.632+0000] {processor.py:840} INFO - DAG(s) 'crawl_crypto_prices' retrieved from /opt/airflow/dags/crawl_crypto_prices.py
[2026-03-20T08:33:29.652+0000] {logging_mixin.py:188} INFO - [2026-03-20T08:33:29.652+0000] {dag.py:3036} INFO - Sync 1 DAGs
[2026-03-20T08:33:29.664+0000] {logging_mixin.py:188} INFO - [2026-03-20T08:33:29.664+0000] {dag.py:3823} INFO - Setting next_dagrun for crawl_crypto_prices to 2026-03-20 08:00:00+00:00, run_after=2026-03-20 09:00:00+00:00
[2026-03-20T08:33:29.671+0000] {processor.py:183} INFO - Processing /opt/airflow/dags/crawl_crypto_prices.py took 0.061 seconds
[2026-03-20T08:46:29.418+0000] {processor.py:161} INFO - Started process (PID=4292) to work on /opt/airflow/dags/crawl_crypto_prices.py
[2026-03-20T08:46:29.418+0000] {processor.py:830} INFO - Processing file /opt/airflow/dags/crawl_crypto_prices.py for tasks to queue
[2026-03-20T08:46:29.419+0000] {logging_mixin.py:188} INFO - [2026-03-20T08:46:29.419+0000] {dagbag.py:538} INFO - Filling up the DagBag from /opt/airflow/dags/crawl_crypto_prices.py
[2026-03-20T08:46:29.427+0000] {processor.py:840} INFO - DAG(s) 'crawl_crypto_prices' retrieved from /opt/airflow/dags/crawl_crypto_prices.py
[2026-03-20T08:46:29.443+0000] {logging_mixin.py:188} INFO - [2026-03-20T08:46:29.442+0000] {dag.py:3036} INFO - Sync 1 DAGs
[2026-03-20T08:46:29.451+0000] {logging_mixin.py:188} INFO - [2026-03-20T08:46:29.451+0000] {dag.py:3823} INFO - Setting next_dagrun for crawl_crypto_prices to 2026-03-20 08:00:00+00:00, run_after=2026-03-20 09:00:00+00:00
[2026-03-20T08:46:29.458+0000] {processor.py:183} INFO - Processing /opt/airflow/dags/crawl_crypto_prices.py took 0.043 seconds
[2026-03-20T08:46:59.715+0000] {processor.py:161} INFO - Started process (PID=4299) to work on /opt/airflow/dags/crawl_crypto_prices.py
[2026-03-20T08:46:59.716+0000] {processor.py:830} INFO - Processing file /opt/airflow/dags/crawl_crypto_prices.py for tasks to queue
[2026-03-20T08:46:59.717+0000] {logging_mixin.py:188} INFO - [2026-03-20T08:46:59.717+0000] {dagbag.py:538} INFO - Filling up the DagBag from /opt/airflow/dags/crawl_crypto_prices.py
[2026-03-20T08:46:59.728+0000] {processor.py:840} INFO - DAG(s) 'crawl_crypto_prices' retrieved from /opt/airflow/dags/crawl_crypto_prices.py
[2026-03-20T08:46:59.744+0000] {logging_mixin.py:188} INFO - [2026-03-20T08:46:59.743+0000] {dag.py:3036} INFO - Sync 1 DAGs
[2026-03-20T08:46:59.755+0000] {logging_mixin.py:188} INFO - [2026-03-20T08:46:59.755+0000] {dag.py:3823} INFO - Setting next_dagrun for crawl_crypto_prices to 2026-03-20 08:00:00+00:00, run_after=2026-03-20 09:00:00+00:00
[2026-03-20T08:46:59.761+0000] {processor.py:183} INFO - Processing /opt/airflow/dags/crawl_crypto_prices.py took 0.049 seconds
[2026-03-20T08:47:30.081+0000] {processor.py:161} INFO - Started process (PID=4304) to work on /opt/airflow/dags/crawl_crypto_prices.py
[2026-03-20T08:47:30.082+0000] {processor.py:830} INFO - Processing file /opt/airflow/dags/crawl_crypto_prices.py for tasks to queue
[2026-03-20T08:47:30.083+0000] {logging_mixin.py:188} INFO - [2026-03-20T08:47:30.082+0000] {dagbag.py:538} INFO - Filling up the DagBag from /opt/airflow/dags/crawl_crypto_prices.py
[2026-03-20T08:47:30.093+0000] {processor.py:840} INFO - DAG(s) 'crawl_crypto_prices' retrieved from /opt/airflow/dags/crawl_crypto_prices.py
[2026-03-20T08:47:30.112+0000] {logging_mixin.py:188} INFO - [2026-03-20T08:47:30.112+0000] {dag.py:3036} INFO - Sync 1 DAGs
[2026-03-20T08:47:30.121+0000] {logging_mixin.py:188} INFO - [2026-03-20T08:47:30.121+0000] {dag.py:3823} INFO - Setting next_dagrun for crawl_crypto_prices to 2026-03-20 08:00:00+00:00, run_after=2026-03-20 09:00:00+00:00
[2026-03-20T08:47:30.128+0000] {processor.py:183} INFO - Processing /opt/airflow/dags/crawl_crypto_prices.py took 0.050 seconds
[2026-03-20T08:48:00.355+0000] {processor.py:161} INFO - Started process (PID=4309) to work on /opt/airflow/dags/crawl_crypto_prices.py
[2026-03-20T08:48:00.356+0000] {processor.py:830} INFO - Processing file /opt/airflow/dags/crawl_crypto_prices.py for tasks to queue
[2026-03-20T08:48:00.358+0000] {logging_mixin.py:188} INFO - [2026-03-20T08:48:00.357+0000] {dagbag.py:538} INFO - Filling up the DagBag from /opt/airflow/dags/crawl_crypto_prices.py
[2026-03-20T08:48:00.370+0000] {processor.py:840} INFO - DAG(s) 'crawl_crypto_prices' retrieved from /opt/airflow/dags/crawl_crypto_prices.py
[2026-03-20T08:48:00.387+0000] {logging_mixin.py:188} INFO - [2026-03-20T08:48:00.387+0000] {dag.py:3036} INFO - Sync 1 DAGs
[2026-03-20T08:48:00.396+0000] {logging_mixin.py:188} INFO - [2026-03-20T08:48:00.396+0000] {dag.py:3823} INFO - Setting next_dagrun for crawl_crypto_prices to 2026-03-20 08:00:00+00:00, run_after=2026-03-20 09:00:00+00:00
[2026-03-20T08:48:00.402+0000] {processor.py:183} INFO - Processing /opt/airflow/dags/crawl_crypto_prices.py took 0.052 seconds
[2026-03-20T08:49:24.331+0000] {processor.py:161} INFO - Started process (PID=4314) to work on /opt/airflow/dags/crawl_crypto_prices.py
[2026-03-20T08:49:24.332+0000] {processor.py:830} INFO - Processing file /opt/airflow/dags/crawl_crypto_prices.py for tasks to queue
[2026-03-20T08:49:24.333+0000] {logging_mixin.py:188} INFO - [2026-03-20T08:49:24.332+0000] {dagbag.py:538} INFO - Filling up the DagBag from /opt/airflow/dags/crawl_crypto_prices.py
[2026-03-20T08:49:24.345+0000] {processor.py:840} INFO - DAG(s) 'crawl_crypto_prices' retrieved from /opt/airflow/dags/crawl_crypto_prices.py
[2026-03-20T08:49:24.361+0000] {logging_mixin.py:188} INFO - [2026-03-20T08:49:24.361+0000] {dag.py:3036} INFO - Sync 1 DAGs
[2026-03-20T08:49:24.371+0000] {logging_mixin.py:188} INFO - [2026-03-20T08:49:24.371+0000] {dag.py:3823} INFO - Setting next_dagrun for crawl_crypto_prices to 2026-03-20 08:00:00+00:00, run_after=2026-03-20 09:00:00+00:00
[2026-03-20T08:49:24.378+0000] {processor.py:183} INFO - Processing /opt/airflow/dags/crawl_crypto_prices.py took 0.050 seconds
[2026-03-20T08:49:54.592+0000] {processor.py:161} INFO - Started process (PID=4319) to work on /opt/airflow/dags/crawl_crypto_prices.py
[2026-03-20T08:49:54.593+0000] {processor.py:830} INFO - Processing file /opt/airflow/dags/crawl_crypto_prices.py for tasks to queue
[2026-03-20T08:49:54.593+0000] {logging_mixin.py:188} INFO - [2026-03-20T08:49:54.593+0000] {dagbag.py:538} INFO - Filling up the DagBag from /opt/airflow/dags/crawl_crypto_prices.py
[2026-03-20T08:49:54.598+0000] {processor.py:840} INFO - DAG(s) 'crawl_crypto_prices' retrieved from /opt/airflow/dags/crawl_crypto_prices.py
[2026-03-20T08:49:54.609+0000] {logging_mixin.py:188} INFO - [2026-03-20T08:49:54.609+0000] {dag.py:3036} INFO - Sync 1 DAGs
[2026-03-20T08:49:54.616+0000] {logging_mixin.py:188} INFO - [2026-03-20T08:49:54.616+0000] {dag.py:3823} INFO - Setting next_dagrun for crawl_crypto_prices to 2026-03-20 08:00:00+00:00, run_after=2026-03-20 09:00:00+00:00
[2026-03-20T08:49:54.622+0000] {processor.py:183} INFO - Processing /opt/airflow/dags/crawl_crypto_prices.py took 0.031 seconds
[2026-03-20T08:50:24.864+0000] {processor.py:161} INFO - Started process (PID=4324) to work on /opt/airflow/dags/crawl_crypto_prices.py
[2026-03-20T08:50:24.865+0000] {processor.py:830} INFO - Processing file /opt/airflow/dags/crawl_crypto_prices.py for tasks to queue
[2026-03-20T08:50:24.866+0000] {logging_mixin.py:188} INFO - [2026-03-20T08:50:24.866+0000] {dagbag.py:538} INFO - Filling up the DagBag from /opt/airflow/dags/crawl_crypto_prices.py
[2026-03-20T08:50:24.879+0000] {processor.py:840} INFO - DAG(s) 'crawl_crypto_prices' retrieved from /opt/airflow/dags/crawl_crypto_prices.py
[2026-03-20T08:50:24.901+0000] {logging_mixin.py:188} INFO - [2026-03-20T08:50:24.901+0000] {dag.py:3036} INFO - Sync 1 DAGs
[2026-03-20T08:50:24.912+0000] {logging_mixin.py:188} INFO - [2026-03-20T08:50:24.912+0000] {dag.py:3823} INFO - Setting next_dagrun for crawl_crypto_prices to 2026-03-20 08:00:00+00:00, run_after=2026-03-20 09:00:00+00:00
[2026-03-20T08:50:24.918+0000] {processor.py:183} INFO - Processing /opt/airflow/dags/crawl_crypto_prices.py took 0.058 seconds
[2026-03-20T08:50:55.172+0000] {processor.py:161} INFO - Started process (PID=4329) to work on /opt/airflow/dags/crawl_crypto_prices.py
[2026-03-20T08:50:55.173+0000] {processor.py:830} INFO - Processing file /opt/airflow/dags/crawl_crypto_prices.py for tasks to queue
[2026-03-20T08:50:55.174+0000] {logging_mixin.py:188} INFO - [2026-03-20T08:50:55.173+0000] {dagbag.py:538} INFO - Filling up the DagBag from /opt/airflow/dags/crawl_crypto_prices.py
[2026-03-20T08:50:55.184+0000] {processor.py:840} INFO - DAG(s) 'crawl_crypto_prices' retrieved from /opt/airflow/dags/crawl_crypto_prices.py
[2026-03-20T08:50:55.204+0000] {logging_mixin.py:188} INFO - [2026-03-20T08:50:55.204+0000] {dag.py:3036} INFO - Sync 1 DAGs
[2026-03-20T08:50:55.215+0000] {logging_mixin.py:188} INFO - [2026-03-20T08:50:55.215+0000] {dag.py:3823} INFO - Setting next_dagrun for crawl_crypto_prices to 2026-03-20 08:00:00+00:00, run_after=2026-03-20 09:00:00+00:00
[2026-03-20T08:50:55.222+0000] {processor.py:183} INFO - Processing /opt/airflow/dags/crawl_crypto_prices.py took 0.053 seconds
[2026-03-20T08:51:25.439+0000] {processor.py:161} INFO - Started process (PID=4334) to work on /opt/airflow/dags/crawl_crypto_prices.py
[2026-03-20T08:51:25.440+0000] {processor.py:830} INFO - Processing file /opt/airflow/dags/crawl_crypto_prices.py for tasks to queue
[2026-03-20T08:51:25.442+0000] {logging_mixin.py:188} INFO - [2026-03-20T08:51:25.442+0000] {dagbag.py:538} INFO - Filling up the DagBag from /opt/airflow/dags/crawl_crypto_prices.py
[2026-03-20T08:51:25.453+0000] {processor.py:840} INFO - DAG(s) 'crawl_crypto_prices' retrieved from /opt/airflow/dags/crawl_crypto_prices.py
[2026-03-20T08:51:25.471+0000] {logging_mixin.py:188} INFO - [2026-03-20T08:51:25.471+0000] {dag.py:3036} INFO - Sync 1 DAGs
[2026-03-20T08:51:25.480+0000] {logging_mixin.py:188} INFO - [2026-03-20T08:51:25.480+0000] {dag.py:3823} INFO - Setting next_dagrun for crawl_crypto_prices to 2026-03-20 08:00:00+00:00, run_after=2026-03-20 09:00:00+00:00
[2026-03-20T08:51:25.487+0000] {processor.py:183} INFO - Processing /opt/airflow/dags/crawl_crypto_prices.py took 0.051 seconds
[2026-03-20T08:51:55.784+0000] {processor.py:161} INFO - Started process (PID=4339) to work on /opt/airflow/dags/crawl_crypto_prices.py
[2026-03-20T08:51:55.785+0000] {processor.py:830} INFO - Processing file /opt/airflow/dags/crawl_crypto_prices.py for tasks to queue
[2026-03-20T08:51:55.785+0000] {logging_mixin.py:188} INFO - [2026-03-20T08:51:55.785+0000] {dagbag.py:538} INFO - Filling up the DagBag from /opt/airflow/dags/crawl_crypto_prices.py
[2026-03-20T08:51:55.796+0000] {processor.py:840} INFO - DAG(s) 'crawl_crypto_prices' retrieved from /opt/airflow/dags/crawl_crypto_prices.py
[2026-03-20T08:51:55.815+0000] {logging_mixin.py:188} INFO - [2026-03-20T08:51:55.815+0000] {dag.py:3036} INFO - Sync 1 DAGs
[2026-03-20T08:51:55.826+0000] {logging_mixin.py:188} INFO - [2026-03-20T08:51:55.826+0000] {dag.py:3823} INFO - Setting next_dagrun for crawl_crypto_prices to 2026-03-20 08:00:00+00:00, run_after=2026-03-20 09:00:00+00:00
[2026-03-20T08:51:55.833+0000] {processor.py:183} INFO - Processing /opt/airflow/dags/crawl_crypto_prices.py took 0.052 seconds
[2026-03-20T08:52:26.068+0000] {processor.py:161} INFO - Started process (PID=4344) to work on /opt/airflow/dags/crawl_crypto_prices.py
[2026-03-20T08:52:26.069+0000] {processor.py:830} INFO - Processing file /opt/airflow/dags/crawl_crypto_prices.py for tasks to queue
[2026-03-20T08:52:26.070+0000] {logging_mixin.py:188} INFO - [2026-03-20T08:52:26.070+0000] {dagbag.py:538} INFO - Filling up the DagBag from /opt/airflow/dags/crawl_crypto_prices.py
[2026-03-20T08:52:26.081+0000] {processor.py:840} INFO - DAG(s) 'crawl_crypto_prices' retrieved from /opt/airflow/dags/crawl_crypto_prices.py
[2026-03-20T08:52:26.099+0000] {logging_mixin.py:188} INFO - [2026-03-20T08:52:26.098+0000] {dag.py:3036} INFO - Sync 1 DAGs
[2026-03-20T08:52:26.108+0000] {logging_mixin.py:188} INFO - [2026-03-20T08:52:26.108+0000] {dag.py:3823} INFO - Setting next_dagrun for crawl_crypto_prices to 2026-03-20 08:00:00+00:00, run_after=2026-03-20 09:00:00+00:00
[2026-03-20T08:52:26.114+0000] {processor.py:183} INFO - Processing /opt/airflow/dags/crawl_crypto_prices.py took 0.049 seconds
[2026-03-20T08:52:56.376+0000] {processor.py:161} INFO - Started process (PID=4349) to work on /opt/airflow/dags/crawl_crypto_prices.py
[2026-03-20T08:52:56.377+0000] {processor.py:830} INFO - Processing file /opt/airflow/dags/crawl_crypto_prices.py for tasks to queue
[2026-03-20T08:52:56.378+0000] {logging_mixin.py:188} INFO - [2026-03-20T08:52:56.378+0000] {dagbag.py:538} INFO - Filling up the DagBag from /opt/airflow/dags/crawl_crypto_prices.py
[2026-03-20T08:52:56.389+0000] {processor.py:840} INFO - DAG(s) 'crawl_crypto_prices' retrieved from /opt/airflow/dags/crawl_crypto_prices.py
[2026-03-20T08:52:56.408+0000] {logging_mixin.py:188} INFO - [2026-03-20T08:52:56.408+0000] {dag.py:3036} INFO - Sync 1 DAGs
[2026-03-20T08:52:56.418+0000] {logging_mixin.py:188} INFO - [2026-03-20T08:52:56.418+0000] {dag.py:3823} INFO - Setting next_dagrun for crawl_crypto_prices to 2026-03-20 08:00:00+00:00, run_after=2026-03-20 09:00:00+00:00
[2026-03-20T08:52:56.425+0000] {processor.py:183} INFO - Processing /opt/airflow/dags/crawl_crypto_prices.py took 0.053 seconds
[2026-03-20T08:53:26.719+0000] {processor.py:161} INFO - Started process (PID=4354) to work on /opt/airflow/dags/crawl_crypto_prices.py
[2026-03-20T08:53:26.720+0000] {processor.py:830} INFO - Processing file /opt/airflow/dags/crawl_crypto_prices.py for tasks to queue
[2026-03-20T08:53:26.721+0000] {logging_mixin.py:188} INFO - [2026-03-20T08:53:26.720+0000] {dagbag.py:538} INFO - Filling up the DagBag from /opt/airflow/dags/crawl_crypto_prices.py
[2026-03-20T08:53:26.730+0000] {processor.py:840} INFO - DAG(s) 'crawl_crypto_prices' retrieved from /opt/airflow/dags/crawl_crypto_prices.py
[2026-03-20T08:53:26.747+0000] {logging_mixin.py:188} INFO - [2026-03-20T08:53:26.747+0000] {dag.py:3036} INFO - Sync 1 DAGs
[2026-03-20T08:53:26.756+0000] {logging_mixin.py:188} INFO - [2026-03-20T08:53:26.756+0000] {dag.py:3823} INFO - Setting next_dagrun for crawl_crypto_prices to 2026-03-20 08:00:00+00:00, run_after=2026-03-20 09:00:00+00:00
[2026-03-20T08:53:26.763+0000] {processor.py:183} INFO - Processing /opt/airflow/dags/crawl_crypto_prices.py took 0.046 seconds
[2026-03-20T08:53:57.042+0000] {processor.py:161} INFO - Started process (PID=4359) to work on /opt/airflow/dags/crawl_crypto_prices.py
[2026-03-20T08:53:57.043+0000] {processor.py:830} INFO - Processing file /opt/airflow/dags/crawl_crypto_prices.py for tasks to queue
[2026-03-20T08:53:57.044+0000] {logging_mixin.py:188} INFO - [2026-03-20T08:53:57.043+0000] {dagbag.py:538} INFO - Filling up the DagBag from /opt/airflow/dags/crawl_crypto_prices.py
[2026-03-20T08:53:57.055+0000] {processor.py:840} INFO - DAG(s) 'crawl_crypto_prices' retrieved from /opt/airflow/dags/crawl_crypto_prices.py
[2026-03-20T08:53:57.074+0000] {logging_mixin.py:188} INFO - [2026-03-20T08:53:57.074+0000] {dag.py:3036} INFO - Sync 1 DAGs
[2026-03-20T08:53:57.085+0000] {logging_mixin.py:188} INFO - [2026-03-20T08:53:57.085+0000] {dag.py:3823} INFO - Setting next_dagrun for crawl_crypto_prices to 2026-03-20 08:00:00+00:00, run_after=2026-03-20 09:00:00+00:00
[2026-03-20T08:53:57.091+0000] {processor.py:183} INFO - Processing /opt/airflow/dags/crawl_crypto_prices.py took 0.053 seconds
[2026-03-20T08:54:27.394+0000] {processor.py:161} INFO - Started process (PID=4364) to work on /opt/airflow/dags/crawl_crypto_prices.py
[2026-03-20T08:54:27.395+0000] {processor.py:830} INFO - Processing file /opt/airflow/dags/crawl_crypto_prices.py for tasks to queue
[2026-03-20T08:54:27.396+0000] {logging_mixin.py:188} INFO - [2026-03-20T08:54:27.396+0000] {dagbag.py:538} INFO - Filling up the DagBag from /opt/airflow/dags/crawl_crypto_prices.py
[2026-03-20T08:54:27.406+0000] {processor.py:840} INFO - DAG(s) 'crawl_crypto_prices' retrieved from /opt/airflow/dags/crawl_crypto_prices.py
[2026-03-20T08:54:27.424+0000] {logging_mixin.py:188} INFO - [2026-03-20T08:54:27.424+0000] {dag.py:3036} INFO - Sync 1 DAGs
[2026-03-20T08:54:27.434+0000] {logging_mixin.py:188} INFO - [2026-03-20T08:54:27.434+0000] {dag.py:3823} INFO - Setting next_dagrun for crawl_crypto_prices to 2026-03-20 08:00:00+00:00, run_after=2026-03-20 09:00:00+00:00
[2026-03-20T08:54:27.441+0000] {processor.py:183} INFO - Processing /opt/airflow/dags/crawl_crypto_prices.py took 0.050 seconds
[2026-03-20T08:54:57.697+0000] {processor.py:161} INFO - Started process (PID=4369) to work on /opt/airflow/dags/crawl_crypto_prices.py
[2026-03-20T08:54:57.698+0000] {processor.py:830} INFO - Processing file /opt/airflow/dags/crawl_crypto_prices.py for tasks to queue
[2026-03-20T08:54:57.699+0000] {logging_mixin.py:188} INFO - [2026-03-20T08:54:57.699+0000] {dagbag.py:538} INFO - Filling up the DagBag from /opt/airflow/dags/crawl_crypto_prices.py
[2026-03-20T08:54:57.709+0000] {processor.py:840} INFO - DAG(s) 'crawl_crypto_prices' retrieved from /opt/airflow/dags/crawl_crypto_prices.py
[2026-03-20T08:54:57.726+0000] {logging_mixin.py:188} INFO - [2026-03-20T08:54:57.726+0000] {dag.py:3036} INFO - Sync 1 DAGs
[2026-03-20T08:54:57.736+0000] {logging_mixin.py:188} INFO - [2026-03-20T08:54:57.736+0000] {dag.py:3823} INFO - Setting next_dagrun for crawl_crypto_prices to 2026-03-20 08:00:00+00:00, run_after=2026-03-20 09:00:00+00:00
[2026-03-20T08:54:57.742+0000] {processor.py:183} INFO - Processing /opt/airflow/dags/crawl_crypto_prices.py took 0.048 seconds
[2026-03-20T08:55:28.015+0000] {processor.py:161} INFO - Started process (PID=4374) to work on /opt/airflow/dags/crawl_crypto_prices.py
[2026-03-20T08:55:28.016+0000] {processor.py:830} INFO - Processing file /opt/airflow/dags/crawl_crypto_prices.py for tasks to queue
[2026-03-20T08:55:28.017+0000] {logging_mixin.py:188} INFO - [2026-03-20T08:55:28.017+0000] {dagbag.py:538} INFO - Filling up the DagBag from /opt/airflow/dags/crawl_crypto_prices.py
[2026-03-20T08:55:28.028+0000] {processor.py:840} INFO - DAG(s) 'crawl_crypto_prices' retrieved from /opt/airflow/dags/crawl_crypto_prices.py
[2026-03-20T08:55:28.047+0000] {logging_mixin.py:188} INFO - [2026-03-20T08:55:28.046+0000] {dag.py:3036} INFO - Sync 1 DAGs
[2026-03-20T08:55:28.056+0000] {logging_mixin.py:188} INFO - [2026-03-20T08:55:28.056+0000] {dag.py:3823} INFO - Setting next_dagrun for crawl_crypto_prices to 2026-03-20 08:00:00+00:00, run_after=2026-03-20 09:00:00+00:00
[2026-03-20T08:55:28.063+0000] {processor.py:183} INFO - Processing /opt/airflow/dags/crawl_crypto_prices.py took 0.051 seconds
[2026-03-20T08:55:58.350+0000] {processor.py:161} INFO - Started process (PID=4379) to work on /opt/airflow/dags/crawl_crypto_prices.py
[2026-03-20T08:55:58.351+0000] {processor.py:830} INFO - Processing file /opt/airflow/dags/crawl_crypto_prices.py for tasks to queue
[2026-03-20T08:55:58.351+0000] {logging_mixin.py:188} INFO - [2026-03-20T08:55:58.351+0000] {dagbag.py:538} INFO - Filling up the DagBag from /opt/airflow/dags/crawl_crypto_prices.py
[2026-03-20T08:55:58.362+0000] {processor.py:840} INFO - DAG(s) 'crawl_crypto_prices' retrieved from /opt/airflow/dags/crawl_crypto_prices.py
[2026-03-20T08:55:58.381+0000] {logging_mixin.py:188} INFO - [2026-03-20T08:55:58.381+0000] {dag.py:3036} INFO - Sync 1 DAGs
[2026-03-20T08:55:58.392+0000] {logging_mixin.py:188} INFO - [2026-03-20T08:55:58.392+0000] {dag.py:3823} INFO - Setting next_dagrun for crawl_crypto_prices to 2026-03-20 08:00:00+00:00, run_after=2026-03-20 09:00:00+00:00
[2026-03-20T08:55:58.398+0000] {processor.py:183} INFO - Processing /opt/airflow/dags/crawl_crypto_prices.py took 0.052 seconds
[2026-03-20T08:56:28.665+0000] {processor.py:161} INFO - Started process (PID=4384) to work on /opt/airflow/dags/crawl_crypto_prices.py
[2026-03-20T08:56:28.666+0000] {processor.py:830} INFO - Processing file /opt/airflow/dags/crawl_crypto_prices.py for tasks to queue
[2026-03-20T08:56:28.667+0000] {logging_mixin.py:188} INFO - [2026-03-20T08:56:28.666+0000] {dagbag.py:538} INFO - Filling up the DagBag from /opt/airflow/dags/crawl_crypto_prices.py
[2026-03-20T08:56:28.676+0000] {processor.py:840} INFO - DAG(s) 'crawl_crypto_prices' retrieved from /opt/airflow/dags/crawl_crypto_prices.py
[2026-03-20T08:56:28.695+0000] {logging_mixin.py:188} INFO - [2026-03-20T08:56:28.695+0000] {dag.py:3036} INFO - Sync 1 DAGs
[2026-03-20T08:56:28.706+0000] {logging_mixin.py:188} INFO - [2026-03-20T08:56:28.706+0000] {dag.py:3823} INFO - Setting next_dagrun for crawl_crypto_prices to 2026-03-20 08:00:00+00:00, run_after=2026-03-20 09:00:00+00:00
[2026-03-20T08:56:28.713+0000] {processor.py:183} INFO - Processing /opt/airflow/dags/crawl_crypto_prices.py took 0.051 seconds
[2026-03-20T08:58:15.508+0000] {processor.py:161} INFO - Started process (PID=4391) to work on /opt/airflow/dags/crawl_crypto_prices.py
[2026-03-20T08:58:15.509+0000] {processor.py:830} INFO - Processing file /opt/airflow/dags/crawl_crypto_prices.py for tasks to queue
[2026-03-20T08:58:15.509+0000] {logging_mixin.py:188} INFO - [2026-03-20T08:58:15.509+0000] {dagbag.py:538} INFO - Filling up the DagBag from /opt/airflow/dags/crawl_crypto_prices.py
[2026-03-20T08:58:15.517+0000] {processor.py:840} INFO - DAG(s) 'crawl_crypto_prices' retrieved from /opt/airflow/dags/crawl_crypto_prices.py
[2026-03-20T08:58:15.531+0000] {logging_mixin.py:188} INFO - [2026-03-20T08:58:15.530+0000] {dag.py:3036} INFO - Sync 1 DAGs
[2026-03-20T08:58:15.539+0000] {logging_mixin.py:188} INFO - [2026-03-20T08:58:15.539+0000] {dag.py:3823} INFO - Setting next_dagrun for crawl_crypto_prices to 2026-03-20 08:00:00+00:00, run_after=2026-03-20 09:00:00+00:00
[2026-03-20T08:58:15.545+0000] {processor.py:183} INFO - Processing /opt/airflow/dags/crawl_crypto_prices.py took 0.038 seconds
[2026-03-20T08:58:45.840+0000] {processor.py:161} INFO - Started process (PID=4396) to work on /opt/airflow/dags/crawl_crypto_prices.py
[2026-03-20T08:58:45.841+0000] {processor.py:830} INFO - Processing file /opt/airflow/dags/crawl_crypto_prices.py for tasks to queue
[2026-03-20T08:58:45.842+0000] {logging_mixin.py:188} INFO - [2026-03-20T08:58:45.842+0000] {dagbag.py:538} INFO - Filling up the DagBag from /opt/airflow/dags/crawl_crypto_prices.py
[2026-03-20T08:58:45.857+0000] {processor.py:840} INFO - DAG(s) 'crawl_crypto_prices' retrieved from /opt/airflow/dags/crawl_crypto_prices.py
[2026-03-20T08:58:45.880+0000] {logging_mixin.py:188} INFO - [2026-03-20T08:58:45.880+0000] {dag.py:3036} INFO - Sync 1 DAGs
[2026-03-20T08:58:45.889+0000] {logging_mixin.py:188} INFO - [2026-03-20T08:58:45.889+0000] {dag.py:3823} INFO - Setting next_dagrun for crawl_crypto_prices to 2026-03-20 08:00:00+00:00, run_after=2026-03-20 09:00:00+00:00
[2026-03-20T08:58:45.895+0000] {processor.py:183} INFO - Processing /opt/airflow/dags/crawl_crypto_prices.py took 0.059 seconds
[2026-03-20T08:59:16.110+0000] {processor.py:161} INFO - Started process (PID=4401) to work on /opt/airflow/dags/crawl_crypto_prices.py
[2026-03-20T08:59:16.111+0000] {processor.py:830} INFO - Processing file /opt/airflow/dags/crawl_crypto_prices.py for tasks to queue
[2026-03-20T08:59:16.112+0000] {logging_mixin.py:188} INFO - [2026-03-20T08:59:16.112+0000] {dagbag.py:538} INFO - Filling up the DagBag from /opt/airflow/dags/crawl_crypto_prices.py
[2026-03-20T08:59:16.123+0000] {processor.py:840} INFO - DAG(s) 'crawl_crypto_prices' retrieved from /opt/airflow/dags/crawl_crypto_prices.py
[2026-03-20T08:59:16.140+0000] {logging_mixin.py:188} INFO - [2026-03-20T08:59:16.140+0000] {dag.py:3036} INFO - Sync 1 DAGs
[2026-03-20T08:59:16.149+0000] {logging_mixin.py:188} INFO - [2026-03-20T08:59:16.149+0000] {dag.py:3823} INFO - Setting next_dagrun for crawl_crypto_prices to 2026-03-20 08:00:00+00:00, run_after=2026-03-20 09:00:00+00:00
[2026-03-20T08:59:16.155+0000] {processor.py:183} INFO - Processing /opt/airflow/dags/crawl_crypto_prices.py took 0.048 seconds
[2026-03-20T08:59:46.398+0000] {processor.py:161} INFO - Started process (PID=4406) to work on /opt/airflow/dags/crawl_crypto_prices.py
[2026-03-20T08:59:46.399+0000] {processor.py:830} INFO - Processing file /opt/airflow/dags/crawl_crypto_prices.py for tasks to queue
[2026-03-20T08:59:46.400+0000] {logging_mixin.py:188} INFO - [2026-03-20T08:59:46.400+0000] {dagbag.py:538} INFO - Filling up the DagBag from /opt/airflow/dags/crawl_crypto_prices.py
[2026-03-20T08:59:46.409+0000] {processor.py:840} INFO - DAG(s) 'crawl_crypto_prices' retrieved from /opt/airflow/dags/crawl_crypto_prices.py
[2026-03-20T08:59:46.422+0000] {logging_mixin.py:188} INFO - [2026-03-20T08:59:46.422+0000] {dag.py:3036} INFO - Sync 1 DAGs
[2026-03-20T08:59:46.432+0000] {logging_mixin.py:188} INFO - [2026-03-20T08:59:46.431+0000] {dag.py:3823} INFO - Setting next_dagrun for crawl_crypto_prices to 2026-03-20 08:00:00+00:00, run_after=2026-03-20 09:00:00+00:00
[2026-03-20T08:59:46.438+0000] {processor.py:183} INFO - Processing /opt/airflow/dags/crawl_crypto_prices.py took 0.043 seconds
[2026-03-20T09:00:16.662+0000] {processor.py:161} INFO - Started process (PID=4413) to work on /opt/airflow/dags/crawl_crypto_prices.py
[2026-03-20T09:00:16.663+0000] {processor.py:830} INFO - Processing file /opt/airflow/dags/crawl_crypto_prices.py for tasks to queue
[2026-03-20T09:00:16.663+0000] {logging_mixin.py:188} INFO - [2026-03-20T09:00:16.663+0000] {dagbag.py:538} INFO - Filling up the DagBag from /opt/airflow/dags/crawl_crypto_prices.py
[2026-03-20T09:00:16.670+0000] {processor.py:840} INFO - DAG(s) 'crawl_crypto_prices' retrieved from /opt/airflow/dags/crawl_crypto_prices.py
[2026-03-20T09:00:16.692+0000] {logging_mixin.py:188} INFO - [2026-03-20T09:00:16.692+0000] {dag.py:3036} INFO - Sync 1 DAGs
[2026-03-20T09:00:16.703+0000] {logging_mixin.py:188} INFO - [2026-03-20T09:00:16.703+0000] {dag.py:3823} INFO - Setting next_dagrun for crawl_crypto_prices to 2026-03-20 09:00:00+00:00, run_after=2026-03-20 10:00:00+00:00
[2026-03-20T09:00:16.709+0000] {processor.py:183} INFO - Processing /opt/airflow/dags/crawl_crypto_prices.py took 0.049 seconds
[2026-03-20T09:00:46.971+0000] {processor.py:161} INFO - Started process (PID=4418) to work on /opt/airflow/dags/crawl_crypto_prices.py
[2026-03-20T09:00:46.972+0000] {processor.py:830} INFO - Processing file /opt/airflow/dags/crawl_crypto_prices.py for tasks to queue
[2026-03-20T09:00:46.973+0000] {logging_mixin.py:188} INFO - [2026-03-20T09:00:46.973+0000] {dagbag.py:538} INFO - Filling up the DagBag from /opt/airflow/dags/crawl_crypto_prices.py
[2026-03-20T09:00:46.984+0000] {processor.py:840} INFO - DAG(s) 'crawl_crypto_prices' retrieved from /opt/airflow/dags/crawl_crypto_prices.py
[2026-03-20T09:00:47.004+0000] {logging_mixin.py:188} INFO - [2026-03-20T09:00:47.004+0000] {dag.py:3036} INFO - Sync 1 DAGs
[2026-03-20T09:00:47.016+0000] {logging_mixin.py:188} INFO - [2026-03-20T09:00:47.016+0000] {dag.py:3823} INFO - Setting next_dagrun for crawl_crypto_prices to 2026-03-20 09:00:00+00:00, run_after=2026-03-20 10:00:00+00:00
[2026-03-20T09:00:47.023+0000] {processor.py:183} INFO - Processing /opt/airflow/dags/crawl_crypto_prices.py took 0.055 seconds
[2026-03-20T09:01:17.280+0000] {processor.py:161} INFO - Started process (PID=4423) to work on /opt/airflow/dags/crawl_crypto_prices.py
[2026-03-20T09:01:17.281+0000] {processor.py:830} INFO - Processing file /opt/airflow/dags/crawl_crypto_prices.py for tasks to queue
[2026-03-20T09:01:17.282+0000] {logging_mixin.py:188} INFO - [2026-03-20T09:01:17.282+0000] {dagbag.py:538} INFO - Filling up the DagBag from /opt/airflow/dags/crawl_crypto_prices.py
[2026-03-20T09:01:17.292+0000] {processor.py:840} INFO - DAG(s) 'crawl_crypto_prices' retrieved from /opt/airflow/dags/crawl_crypto_prices.py
[2026-03-20T09:01:17.310+0000] {logging_mixin.py:188} INFO - [2026-03-20T09:01:17.310+0000] {dag.py:3036} INFO - Sync 1 DAGs
[2026-03-20T09:01:17.319+0000] {logging_mixin.py:188} INFO - [2026-03-20T09:01:17.319+0000] {dag.py:3823} INFO - Setting next_dagrun for crawl_crypto_prices to 2026-03-20 09:00:00+00:00, run_after=2026-03-20 10:00:00+00:00
[2026-03-20T09:01:17.326+0000] {processor.py:183} INFO - Processing /opt/airflow/dags/crawl_crypto_prices.py took 0.049 seconds
[2026-03-20T09:01:47.589+0000] {processor.py:161} INFO - Started process (PID=4428) to work on /opt/airflow/dags/crawl_crypto_prices.py
[2026-03-20T09:01:47.590+0000] {processor.py:830} INFO - Processing file /opt/airflow/dags/crawl_crypto_prices.py for tasks to queue
[2026-03-20T09:01:47.591+0000] {logging_mixin.py:188} INFO - [2026-03-20T09:01:47.591+0000] {dagbag.py:538} INFO - Filling up the DagBag from /opt/airflow/dags/crawl_crypto_prices.py
[2026-03-20T09:01:47.602+0000] {processor.py:840} INFO - DAG(s) 'crawl_crypto_prices' retrieved from /opt/airflow/dags/crawl_crypto_prices.py
[2026-03-20T09:01:47.620+0000] {logging_mixin.py:188} INFO - [2026-03-20T09:01:47.620+0000] {dag.py:3036} INFO - Sync 1 DAGs
[2026-03-20T09:01:47.630+0000] {logging_mixin.py:188} INFO - [2026-03-20T09:01:47.630+0000] {dag.py:3823} INFO - Setting next_dagrun for crawl_crypto_prices to 2026-03-20 09:00:00+00:00, run_after=2026-03-20 10:00:00+00:00
[2026-03-20T09:01:47.636+0000] {processor.py:183} INFO - Processing /opt/airflow/dags/crawl_crypto_prices.py took 0.050 seconds
[2026-03-20T09:02:17.936+0000] {processor.py:161} INFO - Started process (PID=4433) to work on /opt/airflow/dags/crawl_crypto_prices.py
[2026-03-20T09:02:17.937+0000] {processor.py:830} INFO - Processing file /opt/airflow/dags/crawl_crypto_prices.py for tasks to queue
[2026-03-20T09:02:17.938+0000] {logging_mixin.py:188} INFO - [2026-03-20T09:02:17.938+0000] {dagbag.py:538} INFO - Filling up the DagBag from /opt/airflow/dags/crawl_crypto_prices.py
[2026-03-20T09:02:17.948+0000] {processor.py:840} INFO - DAG(s) 'crawl_crypto_prices' retrieved from /opt/airflow/dags/crawl_crypto_prices.py
[2026-03-20T09:02:17.966+0000] {logging_mixin.py:188} INFO - [2026-03-20T09:02:17.966+0000] {dag.py:3036} INFO - Sync 1 DAGs
[2026-03-20T09:02:17.977+0000] {logging_mixin.py:188} INFO - [2026-03-20T09:02:17.977+0000] {dag.py:3823} INFO - Setting next_dagrun for crawl_crypto_prices to 2026-03-20 09:00:00+00:00, run_after=2026-03-20 10:00:00+00:00
[2026-03-20T09:02:17.984+0000] {processor.py:183} INFO - Processing /opt/airflow/dags/crawl_crypto_prices.py took 0.051 seconds
[2026-03-20T09:02:48.276+0000] {processor.py:161} INFO - Started process (PID=4438) to work on /opt/airflow/dags/crawl_crypto_prices.py
[2026-03-20T09:02:48.277+0000] {processor.py:830} INFO - Processing file /opt/airflow/dags/crawl_crypto_prices.py for tasks to queue
[2026-03-20T09:02:48.277+0000] {logging_mixin.py:188} INFO - [2026-03-20T09:02:48.277+0000] {dagbag.py:538} INFO - Filling up the DagBag from /opt/airflow/dags/crawl_crypto_prices.py
[2026-03-20T09:02:48.288+0000] {processor.py:840} INFO - DAG(s) 'crawl_crypto_prices' retrieved from /opt/airflow/dags/crawl_crypto_prices.py
[2026-03-20T09:02:48.307+0000] {logging_mixin.py:188} INFO - [2026-03-20T09:02:48.307+0000] {dag.py:3036} INFO - Sync 1 DAGs
[2026-03-20T09:02:48.317+0000] {logging_mixin.py:188} INFO - [2026-03-20T09:02:48.317+0000] {dag.py:3823} INFO - Setting next_dagrun for crawl_crypto_prices to 2026-03-20 09:00:00+00:00, run_after=2026-03-20 10:00:00+00:00
[2026-03-20T09:02:48.325+0000] {processor.py:183} INFO - Processing /opt/airflow/dags/crawl_crypto_prices.py took 0.053 seconds
[2026-03-20T09:05:41.857+0000] {processor.py:161} INFO - Started process (PID=4443) to work on /opt/airflow/dags/crawl_crypto_prices.py
[2026-03-20T09:05:41.859+0000] {processor.py:830} INFO - Processing file /opt/airflow/dags/crawl_crypto_prices.py for tasks to queue
[2026-03-20T09:05:41.860+0000] {logging_mixin.py:188} INFO - [2026-03-20T09:05:41.859+0000] {dagbag.py:538} INFO - Filling up the DagBag from /opt/airflow/dags/crawl_crypto_prices.py
[2026-03-20T09:05:41.875+0000] {processor.py:840} INFO - DAG(s) 'crawl_crypto_prices' retrieved from /opt/airflow/dags/crawl_crypto_prices.py
[2026-03-20T09:05:41.907+0000] {logging_mixin.py:188} INFO - [2026-03-20T09:05:41.907+0000] {dag.py:3036} INFO - Sync 1 DAGs
[2026-03-20T09:05:41.931+0000] {logging_mixin.py:188} INFO - [2026-03-20T09:05:41.931+0000] {dag.py:3823} INFO - Setting next_dagrun for crawl_crypto_prices to 2026-03-20 09:00:00+00:00, run_after=2026-03-20 10:00:00+00:00
[2026-03-20T09:05:41.946+0000] {processor.py:183} INFO - Processing /opt/airflow/dags/crawl_crypto_prices.py took 0.092 seconds
[2026-03-20T09:06:12.151+0000] {processor.py:161} INFO - Started process (PID=4448) to work on /opt/airflow/dags/crawl_crypto_prices.py
[2026-03-20T09:06:12.153+0000] {processor.py:830} INFO - Processing file /opt/airflow/dags/crawl_crypto_prices.py for tasks to queue
[2026-03-20T09:06:12.154+0000] {logging_mixin.py:188} INFO - [2026-03-20T09:06:12.154+0000] {dagbag.py:538} INFO - Filling up the DagBag from /opt/airflow/dags/crawl_crypto_prices.py
[2026-03-20T09:06:12.165+0000] {processor.py:840} INFO - DAG(s) 'crawl_crypto_prices' retrieved from /opt/airflow/dags/crawl_crypto_prices.py
[2026-03-20T09:06:12.184+0000] {logging_mixin.py:188} INFO - [2026-03-20T09:06:12.184+0000] {dag.py:3036} INFO - Sync 1 DAGs
[2026-03-20T09:06:12.194+0000] {logging_mixin.py:188} INFO - [2026-03-20T09:06:12.194+0000] {dag.py:3823} INFO - Setting next_dagrun for crawl_crypto_prices to 2026-03-20 09:00:00+00:00, run_after=2026-03-20 10:00:00+00:00
[2026-03-20T09:06:12.200+0000] {processor.py:183} INFO - Processing /opt/airflow/dags/crawl_crypto_prices.py took 0.053 seconds
[2026-03-20T09:06:42.519+0000] {processor.py:161} INFO - Started process (PID=4453) to work on /opt/airflow/dags/crawl_crypto_prices.py
[2026-03-20T09:06:42.519+0000] {processor.py:830} INFO - Processing file /opt/airflow/dags/crawl_crypto_prices.py for tasks to queue
[2026-03-20T09:06:42.520+0000] {logging_mixin.py:188} INFO - [2026-03-20T09:06:42.520+0000] {dagbag.py:538} INFO - Filling up the DagBag from /opt/airflow/dags/crawl_crypto_prices.py
[2026-03-20T09:06:42.524+0000] {processor.py:840} INFO - DAG(s) 'crawl_crypto_prices' retrieved from /opt/airflow/dags/crawl_crypto_prices.py
[2026-03-20T09:06:42.535+0000] {logging_mixin.py:188} INFO - [2026-03-20T09:06:42.535+0000] {dag.py:3036} INFO - Sync 1 DAGs
[2026-03-20T09:06:42.542+0000] {logging_mixin.py:188} INFO - [2026-03-20T09:06:42.542+0000] {dag.py:3823} INFO - Setting next_dagrun for crawl_crypto_prices to 2026-03-20 09:00:00+00:00, run_after=2026-03-20 10:00:00+00:00
[2026-03-20T09:06:42.547+0000] {processor.py:183} INFO - Processing /opt/airflow/dags/crawl_crypto_prices.py took 0.029 seconds
[2026-03-20T09:07:12.833+0000] {processor.py:161} INFO - Started process (PID=4458) to work on /opt/airflow/dags/crawl_crypto_prices.py
[2026-03-20T09:07:12.834+0000] {processor.py:830} INFO - Processing file /opt/airflow/dags/crawl_crypto_prices.py for tasks to queue
[2026-03-20T09:07:12.835+0000] {logging_mixin.py:188} INFO - [2026-03-20T09:07:12.834+0000] {dagbag.py:538} INFO - Filling up the DagBag from /opt/airflow/dags/crawl_crypto_prices.py
[2026-03-20T09:07:12.845+0000] {processor.py:840} INFO - DAG(s) 'crawl_crypto_prices' retrieved from /opt/airflow/dags/crawl_crypto_prices.py
[2026-03-20T09:07:12.863+0000] {logging_mixin.py:188} INFO - [2026-03-20T09:07:12.863+0000] {dag.py:3036} INFO - Sync 1 DAGs
[2026-03-20T09:07:12.873+0000] {logging_mixin.py:188} INFO - [2026-03-20T09:07:12.873+0000] {dag.py:3823} INFO - Setting next_dagrun for crawl_crypto_prices to 2026-03-20 09:00:00+00:00, run_after=2026-03-20 10:00:00+00:00
[2026-03-20T09:07:12.879+0000] {processor.py:183} INFO - Processing /opt/airflow/dags/crawl_crypto_prices.py took 0.049 seconds
[2026-03-20T09:07:43.170+0000] {processor.py:161} INFO - Started process (PID=4463) to work on /opt/airflow/dags/crawl_crypto_prices.py
[2026-03-20T09:07:43.171+0000] {processor.py:830} INFO - Processing file /opt/airflow/dags/crawl_crypto_prices.py for tasks to queue
[2026-03-20T09:07:43.172+0000] {logging_mixin.py:188} INFO - [2026-03-20T09:07:43.172+0000] {dagbag.py:538} INFO - Filling up the DagBag from /opt/airflow/dags/crawl_crypto_prices.py
[2026-03-20T09:07:43.183+0000] {processor.py:840} INFO - DAG(s) 'crawl_crypto_prices' retrieved from /opt/airflow/dags/crawl_crypto_prices.py
[2026-03-20T09:07:43.200+0000] {logging_mixin.py:188} INFO - [2026-03-20T09:07:43.200+0000] {dag.py:3036} INFO - Sync 1 DAGs
[2026-03-20T09:07:43.209+0000] {logging_mixin.py:188} INFO - [2026-03-20T09:07:43.209+0000] {dag.py:3823} INFO - Setting next_dagrun for crawl_crypto_prices to 2026-03-20 09:00:00+00:00, run_after=2026-03-20 10:00:00+00:00
[2026-03-20T09:07:43.215+0000] {processor.py:183} INFO - Processing /opt/airflow/dags/crawl_crypto_prices.py took 0.048 seconds
[2026-03-20T09:08:13.483+0000] {processor.py:161} INFO - Started process (PID=4468) to work on /opt/airflow/dags/crawl_crypto_prices.py
[2026-03-20T09:08:13.484+0000] {processor.py:830} INFO - Processing file /opt/airflow/dags/crawl_crypto_prices.py for tasks to queue
[2026-03-20T09:08:13.485+0000] {logging_mixin.py:188} INFO - [2026-03-20T09:08:13.485+0000] {dagbag.py:538} INFO - Filling up the DagBag from /opt/airflow/dags/crawl_crypto_prices.py
[2026-03-20T09:08:13.495+0000] {processor.py:840} INFO - DAG(s) 'crawl_crypto_prices' retrieved from /opt/airflow/dags/crawl_crypto_prices.py
[2026-03-20T09:08:13.514+0000] {logging_mixin.py:188} INFO - [2026-03-20T09:08:13.514+0000] {dag.py:3036} INFO - Sync 1 DAGs
[2026-03-20T09:08:13.524+0000] {logging_mixin.py:188} INFO - [2026-03-20T09:08:13.524+0000] {dag.py:3823} INFO - Setting next_dagrun for crawl_crypto_prices to 2026-03-20 09:00:00+00:00, run_after=2026-03-20 10:00:00+00:00
[2026-03-20T09:08:13.531+0000] {processor.py:183} INFO - Processing /opt/airflow/dags/crawl_crypto_prices.py took 0.051 seconds
[2026-03-20T09:08:43.795+0000] {processor.py:161} INFO - Started process (PID=4473) to work on /opt/airflow/dags/crawl_crypto_prices.py
[2026-03-20T09:08:43.796+0000] {processor.py:830} INFO - Processing file /opt/airflow/dags/crawl_crypto_prices.py for tasks to queue
[2026-03-20T09:08:43.797+0000] {logging_mixin.py:188} INFO - [2026-03-20T09:08:43.797+0000] {dagbag.py:538} INFO - Filling up the DagBag from /opt/airflow/dags/crawl_crypto_prices.py
[2026-03-20T09:08:43.808+0000] {processor.py:840} INFO - DAG(s) 'crawl_crypto_prices' retrieved from /opt/airflow/dags/crawl_crypto_prices.py
[2026-03-20T09:08:43.826+0000] {logging_mixin.py:188} INFO - [2026-03-20T09:08:43.826+0000] {dag.py:3036} INFO - Sync 1 DAGs
[2026-03-20T09:08:43.836+0000] {logging_mixin.py:188} INFO - [2026-03-20T09:08:43.836+0000] {dag.py:3823} INFO - Setting next_dagrun for crawl_crypto_prices to 2026-03-20 09:00:00+00:00, run_after=2026-03-20 10:00:00+00:00
[2026-03-20T09:08:43.843+0000] {processor.py:183} INFO - Processing /opt/airflow/dags/crawl_crypto_prices.py took 0.051 seconds
[2026-03-20T09:09:14.094+0000] {processor.py:161} INFO - Started process (PID=4478) to work on /opt/airflow/dags/crawl_crypto_prices.py
[2026-03-20T09:09:14.095+0000] {processor.py:830} INFO - Processing file /opt/airflow/dags/crawl_crypto_prices.py for tasks to queue
[2026-03-20T09:09:14.095+0000] {logging_mixin.py:188} INFO - [2026-03-20T09:09:14.095+0000] {dagbag.py:538} INFO - Filling up the DagBag from /opt/airflow/dags/crawl_crypto_prices.py
[2026-03-20T09:09:14.108+0000] {processor.py:840} INFO - DAG(s) 'crawl_crypto_prices' retrieved from /opt/airflow/dags/crawl_crypto_prices.py
[2026-03-20T09:09:14.125+0000] {logging_mixin.py:188} INFO - [2026-03-20T09:09:14.125+0000] {dag.py:3036} INFO - Sync 1 DAGs
[2026-03-20T09:09:14.135+0000] {logging_mixin.py:188} INFO - [2026-03-20T09:09:14.135+0000] {dag.py:3823} INFO - Setting next_dagrun for crawl_crypto_prices to 2026-03-20 09:00:00+00:00, run_after=2026-03-20 10:00:00+00:00
[2026-03-20T09:09:14.141+0000] {processor.py:183} INFO - Processing /opt/airflow/dags/crawl_crypto_prices.py took 0.050 seconds
[2026-03-20T09:09:44.376+0000] {processor.py:161} INFO - Started process (PID=4483) to work on /opt/airflow/dags/crawl_crypto_prices.py
[2026-03-20T09:09:44.378+0000] {processor.py:830} INFO - Processing file /opt/airflow/dags/crawl_crypto_prices.py for tasks to queue
[2026-03-20T09:09:44.378+0000] {logging_mixin.py:188} INFO - [2026-03-20T09:09:44.378+0000] {dagbag.py:538} INFO - Filling up the DagBag from /opt/airflow/dags/crawl_crypto_prices.py
[2026-03-20T09:09:44.389+0000] {processor.py:840} INFO - DAG(s) 'crawl_crypto_prices' retrieved from /opt/airflow/dags/crawl_crypto_prices.py
[2026-03-20T09:09:44.402+0000] {logging_mixin.py:188} INFO - [2026-03-20T09:09:44.402+0000] {dag.py:3036} INFO - Sync 1 DAGs
[2026-03-20T09:09:44.412+0000] {logging_mixin.py:188} INFO - [2026-03-20T09:09:44.412+0000] {dag.py:3823} INFO - Setting next_dagrun for crawl_crypto_prices to 2026-03-20 09:00:00+00:00, run_after=2026-03-20 10:00:00+00:00
[2026-03-20T09:09:44.418+0000] {processor.py:183} INFO - Processing /opt/airflow/dags/crawl_crypto_prices.py took 0.046 seconds
[2026-03-20T09:10:14.676+0000] {processor.py:161} INFO - Started process (PID=4488) to work on /opt/airflow/dags/crawl_crypto_prices.py
[2026-03-20T09:10:14.677+0000] {processor.py:830} INFO - Processing file /opt/airflow/dags/crawl_crypto_prices.py for tasks to queue
[2026-03-20T09:10:14.677+0000] {logging_mixin.py:188} INFO - [2026-03-20T09:10:14.677+0000] {dagbag.py:538} INFO - Filling up the DagBag from /opt/airflow/dags/crawl_crypto_prices.py
[2026-03-20T09:10:14.688+0000] {processor.py:840} INFO - DAG(s) 'crawl_crypto_prices' retrieved from /opt/airflow/dags/crawl_crypto_prices.py
[2026-03-20T09:10:14.706+0000] {logging_mixin.py:188} INFO - [2026-03-20T09:10:14.706+0000] {dag.py:3036} INFO - Sync 1 DAGs
[2026-03-20T09:10:14.717+0000] {logging_mixin.py:188} INFO - [2026-03-20T09:10:14.716+0000] {dag.py:3823} INFO - Setting next_dagrun for crawl_crypto_prices to 2026-03-20 09:00:00+00:00, run_after=2026-03-20 10:00:00+00:00
[2026-03-20T09:10:14.723+0000] {processor.py:183} INFO - Processing /opt/airflow/dags/crawl_crypto_prices.py took 0.050 seconds
[2026-03-20T09:10:44.969+0000] {processor.py:161} INFO - Started process (PID=4493) to work on /opt/airflow/dags/crawl_crypto_prices.py
[2026-03-20T09:10:44.970+0000] {processor.py:830} INFO - Processing file /opt/airflow/dags/crawl_crypto_prices.py for tasks to queue
[2026-03-20T09:10:44.971+0000] {logging_mixin.py:188} INFO - [2026-03-20T09:10:44.970+0000] {dagbag.py:538} INFO - Filling up the DagBag from /opt/airflow/dags/crawl_crypto_prices.py
[2026-03-20T09:10:44.982+0000] {processor.py:840} INFO - DAG(s) 'crawl_crypto_prices' retrieved from /opt/airflow/dags/crawl_crypto_prices.py
[2026-03-20T09:10:45.001+0000] {logging_mixin.py:188} INFO - [2026-03-20T09:10:45.000+0000] {dag.py:3036} INFO - Sync 1 DAGs
[2026-03-20T09:10:45.011+0000] {logging_mixin.py:188} INFO - [2026-03-20T09:10:45.011+0000] {dag.py:3823} INFO - Setting next_dagrun for crawl_crypto_prices to 2026-03-20 09:00:00+00:00, run_after=2026-03-20 10:00:00+00:00
[2026-03-20T09:10:45.017+0000] {processor.py:183} INFO - Processing /opt/airflow/dags/crawl_crypto_prices.py took 0.052 seconds
[2026-03-20T09:11:15.292+0000] {processor.py:161} INFO - Started process (PID=4498) to work on /opt/airflow/dags/crawl_crypto_prices.py
[2026-03-20T09:11:15.292+0000] {processor.py:830} INFO - Processing file /opt/airflow/dags/crawl_crypto_prices.py for tasks to queue
[2026-03-20T09:11:15.293+0000] {logging_mixin.py:188} INFO - [2026-03-20T09:11:15.293+0000] {dagbag.py:538} INFO - Filling up the DagBag from /opt/airflow/dags/crawl_crypto_prices.py
[2026-03-20T09:11:15.298+0000] {processor.py:840} INFO - DAG(s) 'crawl_crypto_prices' retrieved from /opt/airflow/dags/crawl_crypto_prices.py
[2026-03-20T09:11:15.310+0000] {logging_mixin.py:188} INFO - [2026-03-20T09:11:15.310+0000] {dag.py:3036} INFO - Sync 1 DAGs
[2026-03-20T09:11:15.319+0000] {logging_mixin.py:188} INFO - [2026-03-20T09:11:15.319+0000] {dag.py:3823} INFO - Setting next_dagrun for crawl_crypto_prices to 2026-03-20 09:00:00+00:00, run_after=2026-03-20 10:00:00+00:00
[2026-03-20T09:11:15.326+0000] {processor.py:183} INFO - Processing /opt/airflow/dags/crawl_crypto_prices.py took 0.035 seconds
[2026-03-20T09:11:45.633+0000] {processor.py:161} INFO - Started process (PID=4503) to work on /opt/airflow/dags/crawl_crypto_prices.py
[2026-03-20T09:11:45.634+0000] {processor.py:830} INFO - Processing file /opt/airflow/dags/crawl_crypto_prices.py for tasks to queue
[2026-03-20T09:11:45.634+0000] {logging_mixin.py:188} INFO - [2026-03-20T09:11:45.634+0000] {dagbag.py:538} INFO - Filling up the DagBag from /opt/airflow/dags/crawl_crypto_prices.py
[2026-03-20T09:11:45.643+0000] {processor.py:840} INFO - DAG(s) 'crawl_crypto_prices' retrieved from /opt/airflow/dags/crawl_crypto_prices.py
[2026-03-20T09:11:45.662+0000] {logging_mixin.py:188} INFO - [2026-03-20T09:11:45.661+0000] {dag.py:3036} INFO - Sync 1 DAGs
[2026-03-20T09:11:45.673+0000] {logging_mixin.py:188} INFO - [2026-03-20T09:11:45.673+0000] {dag.py:3823} INFO - Setting next_dagrun for crawl_crypto_prices to 2026-03-20 09:00:00+00:00, run_after=2026-03-20 10:00:00+00:00
[2026-03-20T09:11:45.679+0000] {processor.py:183} INFO - Processing /opt/airflow/dags/crawl_crypto_prices.py took 0.049 seconds
[2026-03-20T09:12:15.966+0000] {processor.py:161} INFO - Started process (PID=4508) to work on /opt/airflow/dags/crawl_crypto_prices.py
[2026-03-20T09:12:15.968+0000] {processor.py:830} INFO - Processing file /opt/airflow/dags/crawl_crypto_prices.py for tasks to queue
[2026-03-20T09:12:15.968+0000] {logging_mixin.py:188} INFO - [2026-03-20T09:12:15.968+0000] {dagbag.py:538} INFO - Filling up the DagBag from /opt/airflow/dags/crawl_crypto_prices.py
[2026-03-20T09:12:15.979+0000] {processor.py:840} INFO - DAG(s) 'crawl_crypto_prices' retrieved from /opt/airflow/dags/crawl_crypto_prices.py
[2026-03-20T09:12:15.997+0000] {logging_mixin.py:188} INFO - [2026-03-20T09:12:15.997+0000] {dag.py:3036} INFO - Sync 1 DAGs
[2026-03-20T09:12:16.007+0000] {logging_mixin.py:188} INFO - [2026-03-20T09:12:16.007+0000] {dag.py:3823} INFO - Setting next_dagrun for crawl_crypto_prices to 2026-03-20 09:00:00+00:00, run_after=2026-03-20 10:00:00+00:00
[2026-03-20T09:12:16.013+0000] {processor.py:183} INFO - Processing /opt/airflow/dags/crawl_crypto_prices.py took 0.051 seconds
[2026-03-20T09:12:46.276+0000] {processor.py:161} INFO - Started process (PID=4513) to work on /opt/airflow/dags/crawl_crypto_prices.py
[2026-03-20T09:12:46.278+0000] {processor.py:830} INFO - Processing file /opt/airflow/dags/crawl_crypto_prices.py for tasks to queue
[2026-03-20T09:12:46.279+0000] {logging_mixin.py:188} INFO - [2026-03-20T09:12:46.278+0000] {dagbag.py:538} INFO - Filling up the DagBag from /opt/airflow/dags/crawl_crypto_prices.py
[2026-03-20T09:12:46.291+0000] {processor.py:840} INFO - DAG(s) 'crawl_crypto_prices' retrieved from /opt/airflow/dags/crawl_crypto_prices.py
[2026-03-20T09:12:46.310+0000] {logging_mixin.py:188} INFO - [2026-03-20T09:12:46.309+0000] {dag.py:3036} INFO - Sync 1 DAGs
[2026-03-20T09:12:46.320+0000] {logging_mixin.py:188} INFO - [2026-03-20T09:12:46.320+0000] {dag.py:3823} INFO - Setting next_dagrun for crawl_crypto_prices to 2026-03-20 09:00:00+00:00, run_after=2026-03-20 10:00:00+00:00
[2026-03-20T09:12:46.327+0000] {processor.py:183} INFO - Processing /opt/airflow/dags/crawl_crypto_prices.py took 0.054 seconds
[2026-03-20T09:13:16.614+0000] {processor.py:161} INFO - Started process (PID=4518) to work on /opt/airflow/dags/crawl_crypto_prices.py
[2026-03-20T09:13:16.615+0000] {processor.py:830} INFO - Processing file /opt/airflow/dags/crawl_crypto_prices.py for tasks to queue
[2026-03-20T09:13:16.615+0000] {logging_mixin.py:188} INFO - [2026-03-20T09:13:16.615+0000] {dagbag.py:538} INFO - Filling up the DagBag from /opt/airflow/dags/crawl_crypto_prices.py
[2026-03-20T09:13:16.626+0000] {processor.py:840} INFO - DAG(s) 'crawl_crypto_prices' retrieved from /opt/airflow/dags/crawl_crypto_prices.py
[2026-03-20T09:13:16.645+0000] {logging_mixin.py:188} INFO - [2026-03-20T09:13:16.645+0000] {dag.py:3036} INFO - Sync 1 DAGs
[2026-03-20T09:13:16.659+0000] {logging_mixin.py:188} INFO - [2026-03-20T09:13:16.659+0000] {dag.py:3823} INFO - Setting next_dagrun for crawl_crypto_prices to 2026-03-20 09:00:00+00:00, run_after=2026-03-20 10:00:00+00:00
[2026-03-20T09:13:16.667+0000] {processor.py:183} INFO - Processing /opt/airflow/dags/crawl_crypto_prices.py took 0.056 seconds
[2026-03-20T09:13:46.953+0000] {processor.py:161} INFO - Started process (PID=4523) to work on /opt/airflow/dags/crawl_crypto_prices.py
[2026-03-20T09:13:46.954+0000] {processor.py:830} INFO - Processing file /opt/airflow/dags/crawl_crypto_prices.py for tasks to queue
[2026-03-20T09:13:46.955+0000] {logging_mixin.py:188} INFO - [2026-03-20T09:13:46.955+0000] {dagbag.py:538} INFO - Filling up the DagBag from /opt/airflow/dags/crawl_crypto_prices.py
[2026-03-20T09:13:46.965+0000] {processor.py:840} INFO - DAG(s) 'crawl_crypto_prices' retrieved from /opt/airflow/dags/crawl_crypto_prices.py
[2026-03-20T09:13:46.984+0000] {logging_mixin.py:188} INFO - [2026-03-20T09:13:46.984+0000] {dag.py:3036} INFO - Sync 1 DAGs
[2026-03-20T09:13:46.994+0000] {logging_mixin.py:188} INFO - [2026-03-20T09:13:46.994+0000] {dag.py:3823} INFO - Setting next_dagrun for crawl_crypto_prices to 2026-03-20 09:00:00+00:00, run_after=2026-03-20 10:00:00+00:00
[2026-03-20T09:13:47.002+0000] {processor.py:183} INFO - Processing /opt/airflow/dags/crawl_crypto_prices.py took 0.055 seconds
[2026-03-20T09:14:17.210+0000] {processor.py:161} INFO - Started process (PID=4528) to work on /opt/airflow/dags/crawl_crypto_prices.py
[2026-03-20T09:14:17.211+0000] {processor.py:830} INFO - Processing file /opt/airflow/dags/crawl_crypto_prices.py for tasks to queue
[2026-03-20T09:14:17.212+0000] {logging_mixin.py:188} INFO - [2026-03-20T09:14:17.212+0000] {dagbag.py:538} INFO - Filling up the DagBag from /opt/airflow/dags/crawl_crypto_prices.py
[2026-03-20T09:14:17.224+0000] {processor.py:840} INFO - DAG(s) 'crawl_crypto_prices' retrieved from /opt/airflow/dags/crawl_crypto_prices.py
[2026-03-20T09:14:17.242+0000] {logging_mixin.py:188} INFO - [2026-03-20T09:14:17.242+0000] {dag.py:3036} INFO - Sync 1 DAGs
[2026-03-20T09:14:17.254+0000] {logging_mixin.py:188} INFO - [2026-03-20T09:14:17.254+0000] {dag.py:3823} INFO - Setting next_dagrun for crawl_crypto_prices to 2026-03-20 09:00:00+00:00, run_after=2026-03-20 10:00:00+00:00
[2026-03-20T09:14:17.260+0000] {processor.py:183} INFO - Processing /opt/airflow/dags/crawl_crypto_prices.py took 0.053 seconds
[2026-03-20T09:14:47.538+0000] {processor.py:161} INFO - Started process (PID=4533) to work on /opt/airflow/dags/crawl_crypto_prices.py
[2026-03-20T09:14:47.539+0000] {processor.py:830} INFO - Processing file /opt/airflow/dags/crawl_crypto_prices.py for tasks to queue
[2026-03-20T09:14:47.540+0000] {logging_mixin.py:188} INFO - [2026-03-20T09:14:47.540+0000] {dagbag.py:538} INFO - Filling up the DagBag from /opt/airflow/dags/crawl_crypto_prices.py
[2026-03-20T09:14:47.554+0000] {processor.py:840} INFO - DAG(s) 'crawl_crypto_prices' retrieved from /opt/airflow/dags/crawl_crypto_prices.py
[2026-03-20T09:14:47.576+0000] {logging_mixin.py:188} INFO - [2026-03-20T09:14:47.576+0000] {dag.py:3036} INFO - Sync 1 DAGs
[2026-03-20T09:14:47.585+0000] {logging_mixin.py:188} INFO - [2026-03-20T09:14:47.585+0000] {dag.py:3823} INFO - Setting next_dagrun for crawl_crypto_prices to 2026-03-20 09:00:00+00:00, run_after=2026-03-20 10:00:00+00:00
[2026-03-20T09:14:47.591+0000] {processor.py:183} INFO - Processing /opt/airflow/dags/crawl_crypto_prices.py took 0.058 seconds
[2026-03-20T09:15:17.735+0000] {processor.py:161} INFO - Started process (PID=4538) to work on /opt/airflow/dags/crawl_crypto_prices.py
[2026-03-20T09:15:17.736+0000] {processor.py:830} INFO - Processing file /opt/airflow/dags/crawl_crypto_prices.py for tasks to queue
[2026-03-20T09:15:17.737+0000] {logging_mixin.py:188} INFO - [2026-03-20T09:15:17.737+0000] {dagbag.py:538} INFO - Filling up the DagBag from /opt/airflow/dags/crawl_crypto_prices.py
[2026-03-20T09:15:17.750+0000] {processor.py:840} INFO - DAG(s) 'crawl_crypto_prices' retrieved from /opt/airflow/dags/crawl_crypto_prices.py
[2026-03-20T09:15:17.773+0000] {logging_mixin.py:188} INFO - [2026-03-20T09:15:17.772+0000] {dag.py:3036} INFO - Sync 1 DAGs
[2026-03-20T09:15:17.786+0000] {logging_mixin.py:188} INFO - [2026-03-20T09:15:17.786+0000] {dag.py:3823} INFO - Setting next_dagrun for crawl_crypto_prices to 2026-03-20 09:00:00+00:00, run_after=2026-03-20 10:00:00+00:00
[2026-03-20T09:15:17.795+0000] {processor.py:183} INFO - Processing /opt/airflow/dags/crawl_crypto_prices.py took 0.064 seconds
[2026-03-20T09:15:48.048+0000] {processor.py:161} INFO - Started process (PID=4543) to work on /opt/airflow/dags/crawl_crypto_prices.py
[2026-03-20T09:15:48.048+0000] {processor.py:830} INFO - Processing file /opt/airflow/dags/crawl_crypto_prices.py for tasks to queue
[2026-03-20T09:15:48.049+0000] {logging_mixin.py:188} INFO - [2026-03-20T09:15:48.049+0000] {dagbag.py:538} INFO - Filling up the DagBag from /opt/airflow/dags/crawl_crypto_prices.py
[2026-03-20T09:15:48.056+0000] {processor.py:840} INFO - DAG(s) 'crawl_crypto_prices' retrieved from /opt/airflow/dags/crawl_crypto_prices.py
[2026-03-20T09:15:48.068+0000] {logging_mixin.py:188} INFO - [2026-03-20T09:15:48.068+0000] {dag.py:3036} INFO - Sync 1 DAGs
[2026-03-20T09:15:48.077+0000] {logging_mixin.py:188} INFO - [2026-03-20T09:15:48.077+0000] {dag.py:3823} INFO - Setting next_dagrun for crawl_crypto_prices to 2026-03-20 09:00:00+00:00, run_after=2026-03-20 10:00:00+00:00
[2026-03-20T09:15:48.083+0000] {processor.py:183} INFO - Processing /opt/airflow/dags/crawl_crypto_prices.py took 0.037 seconds
[2026-03-20T09:16:18.388+0000] {processor.py:161} INFO - Started process (PID=4548) to work on /opt/airflow/dags/crawl_crypto_prices.py
[2026-03-20T09:16:18.390+0000] {processor.py:830} INFO - Processing file /opt/airflow/dags/crawl_crypto_prices.py for tasks to queue
[2026-03-20T09:16:18.391+0000] {logging_mixin.py:188} INFO - [2026-03-20T09:16:18.390+0000] {dagbag.py:538} INFO - Filling up the DagBag from /opt/airflow/dags/crawl_crypto_prices.py
[2026-03-20T09:16:18.401+0000] {processor.py:840} INFO - DAG(s) 'crawl_crypto_prices' retrieved from /opt/airflow/dags/crawl_crypto_prices.py
[2026-03-20T09:16:18.417+0000] {logging_mixin.py:188} INFO - [2026-03-20T09:16:18.417+0000] {dag.py:3036} INFO - Sync 1 DAGs
[2026-03-20T09:16:18.427+0000] {logging_mixin.py:188} INFO - [2026-03-20T09:16:18.427+0000] {dag.py:3823} INFO - Setting next_dagrun for crawl_crypto_prices to 2026-03-20 09:00:00+00:00, run_after=2026-03-20 10:00:00+00:00
[2026-03-20T09:16:18.433+0000] {processor.py:183} INFO - Processing /opt/airflow/dags/crawl_crypto_prices.py took 0.048 seconds
[2026-03-20T09:16:48.707+0000] {processor.py:161} INFO - Started process (PID=4553) to work on /opt/airflow/dags/crawl_crypto_prices.py
[2026-03-20T09:16:48.708+0000] {processor.py:830} INFO - Processing file /opt/airflow/dags/crawl_crypto_prices.py for tasks to queue
[2026-03-20T09:16:48.709+0000] {logging_mixin.py:188} INFO - [2026-03-20T09:16:48.708+0000] {dagbag.py:538} INFO - Filling up the DagBag from /opt/airflow/dags/crawl_crypto_prices.py
[2026-03-20T09:16:48.719+0000] {processor.py:840} INFO - DAG(s) 'crawl_crypto_prices' retrieved from /opt/airflow/dags/crawl_crypto_prices.py
[2026-03-20T09:16:48.737+0000] {logging_mixin.py:188} INFO - [2026-03-20T09:16:48.737+0000] {dag.py:3036} INFO - Sync 1 DAGs
[2026-03-20T09:16:48.746+0000] {logging_mixin.py:188} INFO - [2026-03-20T09:16:48.746+0000] {dag.py:3823} INFO - Setting next_dagrun for crawl_crypto_prices to 2026-03-20 09:00:00+00:00, run_after=2026-03-20 10:00:00+00:00
[2026-03-20T09:16:48.752+0000] {processor.py:183} INFO - Processing /opt/airflow/dags/crawl_crypto_prices.py took 0.048 seconds
[2026-03-20T09:17:18.975+0000] {processor.py:161} INFO - Started process (PID=4558) to work on /opt/airflow/dags/crawl_crypto_prices.py
[2026-03-20T09:17:18.975+0000] {processor.py:830} INFO - Processing file /opt/airflow/dags/crawl_crypto_prices.py for tasks to queue
[2026-03-20T09:17:18.976+0000] {logging_mixin.py:188} INFO - [2026-03-20T09:17:18.976+0000] {dagbag.py:538} INFO - Filling up the DagBag from /opt/airflow/dags/crawl_crypto_prices.py
[2026-03-20T09:17:18.985+0000] {processor.py:840} INFO - DAG(s) 'crawl_crypto_prices' retrieved from /opt/airflow/dags/crawl_crypto_prices.py
[2026-03-20T09:17:19.001+0000] {logging_mixin.py:188} INFO - [2026-03-20T09:17:19.001+0000] {dag.py:3036} INFO - Sync 1 DAGs
[2026-03-20T09:17:19.010+0000] {logging_mixin.py:188} INFO - [2026-03-20T09:17:19.010+0000] {dag.py:3823} INFO - Setting next_dagrun for crawl_crypto_prices to 2026-03-20 09:00:00+00:00, run_after=2026-03-20 10:00:00+00:00
[2026-03-20T09:17:19.016+0000] {processor.py:183} INFO - Processing /opt/airflow/dags/crawl_crypto_prices.py took 0.044 seconds
[2026-03-20T09:17:49.249+0000] {processor.py:161} INFO - Started process (PID=4563) to work on /opt/airflow/dags/crawl_crypto_prices.py
[2026-03-20T09:17:49.250+0000] {processor.py:830} INFO - Processing file /opt/airflow/dags/crawl_crypto_prices.py for tasks to queue
[2026-03-20T09:17:49.251+0000] {logging_mixin.py:188} INFO - [2026-03-20T09:17:49.251+0000] {dagbag.py:538} INFO - Filling up the DagBag from /opt/airflow/dags/crawl_crypto_prices.py
[2026-03-20T09:17:49.261+0000] {processor.py:840} INFO - DAG(s) 'crawl_crypto_prices' retrieved from /opt/airflow/dags/crawl_crypto_prices.py
[2026-03-20T09:17:49.279+0000] {logging_mixin.py:188} INFO - [2026-03-20T09:17:49.279+0000] {dag.py:3036} INFO - Sync 1 DAGs
[2026-03-20T09:17:49.289+0000] {logging_mixin.py:188} INFO - [2026-03-20T09:17:49.289+0000] {dag.py:3823} INFO - Setting next_dagrun for crawl_crypto_prices to 2026-03-20 09:00:00+00:00, run_after=2026-03-20 10:00:00+00:00
[2026-03-20T09:17:49.295+0000] {processor.py:183} INFO - Processing /opt/airflow/dags/crawl_crypto_prices.py took 0.048 seconds
[2026-03-20T09:18:19.509+0000] {processor.py:161} INFO - Started process (PID=4568) to work on /opt/airflow/dags/crawl_crypto_prices.py
[2026-03-20T09:18:19.510+0000] {processor.py:830} INFO - Processing file /opt/airflow/dags/crawl_crypto_prices.py for tasks to queue
[2026-03-20T09:18:19.511+0000] {logging_mixin.py:188} INFO - [2026-03-20T09:18:19.510+0000] {dagbag.py:538} INFO - Filling up the DagBag from /opt/airflow/dags/crawl_crypto_prices.py
[2026-03-20T09:18:19.521+0000] {processor.py:840} INFO - DAG(s) 'crawl_crypto_prices' retrieved from /opt/airflow/dags/crawl_crypto_prices.py
[2026-03-20T09:18:19.538+0000] {logging_mixin.py:188} INFO - [2026-03-20T09:18:19.538+0000] {dag.py:3036} INFO - Sync 1 DAGs
[2026-03-20T09:18:19.548+0000] {logging_mixin.py:188} INFO - [2026-03-20T09:18:19.548+0000] {dag.py:3823} INFO - Setting next_dagrun for crawl_crypto_prices to 2026-03-20 09:00:00+00:00, run_after=2026-03-20 10:00:00+00:00
[2026-03-20T09:18:19.554+0000] {processor.py:183} INFO - Processing /opt/airflow/dags/crawl_crypto_prices.py took 0.048 seconds
[2026-03-20T09:18:49.796+0000] {processor.py:161} INFO - Started process (PID=4573) to work on /opt/airflow/dags/crawl_crypto_prices.py
[2026-03-20T09:18:49.797+0000] {processor.py:830} INFO - Processing file /opt/airflow/dags/crawl_crypto_prices.py for tasks to queue
[2026-03-20T09:18:49.797+0000] {logging_mixin.py:188} INFO - [2026-03-20T09:18:49.797+0000] {dagbag.py:538} INFO - Filling up the DagBag from /opt/airflow/dags/crawl_crypto_prices.py
[2026-03-20T09:18:49.807+0000] {processor.py:840} INFO - DAG(s) 'crawl_crypto_prices' retrieved from /opt/airflow/dags/crawl_crypto_prices.py
[2026-03-20T09:18:49.825+0000] {logging_mixin.py:188} INFO - [2026-03-20T09:18:49.824+0000] {dag.py:3036} INFO - Sync 1 DAGs
[2026-03-20T09:18:49.834+0000] {logging_mixin.py:188} INFO - [2026-03-20T09:18:49.834+0000] {dag.py:3823} INFO - Setting next_dagrun for crawl_crypto_prices to 2026-03-20 09:00:00+00:00, run_after=2026-03-20 10:00:00+00:00
[2026-03-20T09:18:49.840+0000] {processor.py:183} INFO - Processing /opt/airflow/dags/crawl_crypto_prices.py took 0.049 seconds
[2026-03-20T09:19:20.089+0000] {processor.py:161} INFO - Started process (PID=4578) to work on /opt/airflow/dags/crawl_crypto_prices.py
[2026-03-20T09:19:20.091+0000] {processor.py:830} INFO - Processing file /opt/airflow/dags/crawl_crypto_prices.py for tasks to queue
[2026-03-20T09:19:20.092+0000] {logging_mixin.py:188} INFO - [2026-03-20T09:19:20.091+0000] {dagbag.py:538} INFO - Filling up the DagBag from /opt/airflow/dags/crawl_crypto_prices.py
[2026-03-20T09:19:20.101+0000] {processor.py:840} INFO - DAG(s) 'crawl_crypto_prices' retrieved from /opt/airflow/dags/crawl_crypto_prices.py
[2026-03-20T09:19:20.118+0000] {logging_mixin.py:188} INFO - [2026-03-20T09:19:20.118+0000] {dag.py:3036} INFO - Sync 1 DAGs
[2026-03-20T09:19:20.128+0000] {logging_mixin.py:188} INFO - [2026-03-20T09:19:20.128+0000] {dag.py:3823} INFO - Setting next_dagrun for crawl_crypto_prices to 2026-03-20 09:00:00+00:00, run_after=2026-03-20 10:00:00+00:00
[2026-03-20T09:19:20.134+0000] {processor.py:183} INFO - Processing /opt/airflow/dags/crawl_crypto_prices.py took 0.048 seconds
[2026-03-20T09:19:50.423+0000] {processor.py:161} INFO - Started process (PID=4583) to work on /opt/airflow/dags/crawl_crypto_prices.py
[2026-03-20T09:19:50.424+0000] {processor.py:830} INFO - Processing file /opt/airflow/dags/crawl_crypto_prices.py for tasks to queue
[2026-03-20T09:19:50.424+0000] {logging_mixin.py:188} INFO - [2026-03-20T09:19:50.424+0000] {dagbag.py:538} INFO - Filling up the DagBag from /opt/airflow/dags/crawl_crypto_prices.py
[2026-03-20T09:19:50.436+0000] {processor.py:840} INFO - DAG(s) 'crawl_crypto_prices' retrieved from /opt/airflow/dags/crawl_crypto_prices.py
[2026-03-20T09:19:50.455+0000] {logging_mixin.py:188} INFO - [2026-03-20T09:19:50.455+0000] {dag.py:3036} INFO - Sync 1 DAGs
[2026-03-20T09:19:50.465+0000] {logging_mixin.py:188} INFO - [2026-03-20T09:19:50.465+0000] {dag.py:3823} INFO - Setting next_dagrun for crawl_crypto_prices to 2026-03-20 09:00:00+00:00, run_after=2026-03-20 10:00:00+00:00
[2026-03-20T09:19:50.472+0000] {processor.py:183} INFO - Processing /opt/airflow/dags/crawl_crypto_prices.py took 0.052 seconds
[2026-03-20T09:20:20.724+0000] {processor.py:161} INFO - Started process (PID=4588) to work on /opt/airflow/dags/crawl_crypto_prices.py
[2026-03-20T09:20:20.725+0000] {processor.py:830} INFO - Processing file /opt/airflow/dags/crawl_crypto_prices.py for tasks to queue
[2026-03-20T09:20:20.725+0000] {logging_mixin.py:188} INFO - [2026-03-20T09:20:20.725+0000] {dagbag.py:538} INFO - Filling up the DagBag from /opt/airflow/dags/crawl_crypto_prices.py
[2026-03-20T09:20:20.730+0000] {processor.py:840} INFO - DAG(s) 'crawl_crypto_prices' retrieved from /opt/airflow/dags/crawl_crypto_prices.py
[2026-03-20T09:20:20.741+0000] {logging_mixin.py:188} INFO - [2026-03-20T09:20:20.741+0000] {dag.py:3036} INFO - Sync 1 DAGs
[2026-03-20T09:20:20.750+0000] {logging_mixin.py:188} INFO - [2026-03-20T09:20:20.750+0000] {dag.py:3823} INFO - Setting next_dagrun for crawl_crypto_prices to 2026-03-20 09:00:00+00:00, run_after=2026-03-20 10:00:00+00:00
[2026-03-20T09:20:20.756+0000] {processor.py:183} INFO - Processing /opt/airflow/dags/crawl_crypto_prices.py took 0.033 seconds
[2026-03-20T09:20:51.048+0000] {processor.py:161} INFO - Started process (PID=4593) to work on /opt/airflow/dags/crawl_crypto_prices.py
[2026-03-20T09:20:51.049+0000] {processor.py:830} INFO - Processing file /opt/airflow/dags/crawl_crypto_prices.py for tasks to queue
[2026-03-20T09:20:51.050+0000] {logging_mixin.py:188} INFO - [2026-03-20T09:20:51.050+0000] {dagbag.py:538} INFO - Filling up the DagBag from /opt/airflow/dags/crawl_crypto_prices.py
[2026-03-20T09:20:51.061+0000] {processor.py:840} INFO - DAG(s) 'crawl_crypto_prices' retrieved from /opt/airflow/dags/crawl_crypto_prices.py
[2026-03-20T09:20:51.080+0000] {logging_mixin.py:188} INFO - [2026-03-20T09:20:51.079+0000] {dag.py:3036} INFO - Sync 1 DAGs
[2026-03-20T09:20:51.091+0000] {logging_mixin.py:188} INFO - [2026-03-20T09:20:51.091+0000] {dag.py:3823} INFO - Setting next_dagrun for crawl_crypto_prices to 2026-03-20 09:00:00+00:00, run_after=2026-03-20 10:00:00+00:00
[2026-03-20T09:20:51.098+0000] {processor.py:183} INFO - Processing /opt/airflow/dags/crawl_crypto_prices.py took 0.053 seconds
[2026-03-20T09:21:21.361+0000] {processor.py:161} INFO - Started process (PID=4598) to work on /opt/airflow/dags/crawl_crypto_prices.py
[2026-03-20T09:21:21.362+0000] {processor.py:830} INFO - Processing file /opt/airflow/dags/crawl_crypto_prices.py for tasks to queue
[2026-03-20T09:21:21.363+0000] {logging_mixin.py:188} INFO - [2026-03-20T09:21:21.363+0000] {dagbag.py:538} INFO - Filling up the DagBag from /opt/airflow/dags/crawl_crypto_prices.py
[2026-03-20T09:21:21.374+0000] {processor.py:840} INFO - DAG(s) 'crawl_crypto_prices' retrieved from /opt/airflow/dags/crawl_crypto_prices.py
[2026-03-20T09:21:21.392+0000] {logging_mixin.py:188} INFO - [2026-03-20T09:21:21.392+0000] {dag.py:3036} INFO - Sync 1 DAGs
[2026-03-20T09:21:21.401+0000] {logging_mixin.py:188} INFO - [2026-03-20T09:21:21.401+0000] {dag.py:3823} INFO - Setting next_dagrun for crawl_crypto_prices to 2026-03-20 09:00:00+00:00, run_after=2026-03-20 10:00:00+00:00
[2026-03-20T09:21:21.408+0000] {processor.py:183} INFO - Processing /opt/airflow/dags/crawl_crypto_prices.py took 0.050 seconds
[2026-03-20T09:21:51.695+0000] {processor.py:161} INFO - Started process (PID=4603) to work on /opt/airflow/dags/crawl_crypto_prices.py
[2026-03-20T09:21:51.696+0000] {processor.py:830} INFO - Processing file /opt/airflow/dags/crawl_crypto_prices.py for tasks to queue
[2026-03-20T09:21:51.697+0000] {logging_mixin.py:188} INFO - [2026-03-20T09:21:51.696+0000] {dagbag.py:538} INFO - Filling up the DagBag from /opt/airflow/dags/crawl_crypto_prices.py
[2026-03-20T09:21:51.708+0000] {processor.py:840} INFO - DAG(s) 'crawl_crypto_prices' retrieved from /opt/airflow/dags/crawl_crypto_prices.py
[2026-03-20T09:21:51.728+0000] {logging_mixin.py:188} INFO - [2026-03-20T09:21:51.728+0000] {dag.py:3036} INFO - Sync 1 DAGs
[2026-03-20T09:21:51.738+0000] {logging_mixin.py:188} INFO - [2026-03-20T09:21:51.738+0000] {dag.py:3823} INFO - Setting next_dagrun for crawl_crypto_prices to 2026-03-20 09:00:00+00:00, run_after=2026-03-20 10:00:00+00:00
[2026-03-20T09:21:51.745+0000] {processor.py:183} INFO - Processing /opt/airflow/dags/crawl_crypto_prices.py took 0.053 seconds
[2026-03-20T09:22:22.033+0000] {processor.py:161} INFO - Started process (PID=4608) to work on /opt/airflow/dags/crawl_crypto_prices.py
[2026-03-20T09:22:22.034+0000] {processor.py:830} INFO - Processing file /opt/airflow/dags/crawl_crypto_prices.py for tasks to queue
[2026-03-20T09:22:22.035+0000] {logging_mixin.py:188} INFO - [2026-03-20T09:22:22.035+0000] {dagbag.py:538} INFO - Filling up the DagBag from /opt/airflow/dags/crawl_crypto_prices.py
[2026-03-20T09:22:22.045+0000] {processor.py:840} INFO - DAG(s) 'crawl_crypto_prices' retrieved from /opt/airflow/dags/crawl_crypto_prices.py
[2026-03-20T09:22:22.064+0000] {logging_mixin.py:188} INFO - [2026-03-20T09:22:22.064+0000] {dag.py:3036} INFO - Sync 1 DAGs
[2026-03-20T09:22:22.075+0000] {logging_mixin.py:188} INFO - [2026-03-20T09:22:22.075+0000] {dag.py:3823} INFO - Setting next_dagrun for crawl_crypto_prices to 2026-03-20 09:00:00+00:00, run_after=2026-03-20 10:00:00+00:00
[2026-03-20T09:22:22.081+0000] {processor.py:183} INFO - Processing /opt/airflow/dags/crawl_crypto_prices.py took 0.051 seconds
[2026-03-20T09:22:52.358+0000] {processor.py:161} INFO - Started process (PID=4613) to work on /opt/airflow/dags/crawl_crypto_prices.py
[2026-03-20T09:22:52.359+0000] {processor.py:830} INFO - Processing file /opt/airflow/dags/crawl_crypto_prices.py for tasks to queue
[2026-03-20T09:22:52.360+0000] {logging_mixin.py:188} INFO - [2026-03-20T09:22:52.359+0000] {dagbag.py:538} INFO - Filling up the DagBag from /opt/airflow/dags/crawl_crypto_prices.py
[2026-03-20T09:22:52.371+0000] {processor.py:840} INFO - DAG(s) 'crawl_crypto_prices' retrieved from /opt/airflow/dags/crawl_crypto_prices.py
[2026-03-20T09:22:52.389+0000] {logging_mixin.py:188} INFO - [2026-03-20T09:22:52.389+0000] {dag.py:3036} INFO - Sync 1 DAGs
[2026-03-20T09:22:52.400+0000] {logging_mixin.py:188} INFO - [2026-03-20T09:22:52.400+0000] {dag.py:3823} INFO - Setting next_dagrun for crawl_crypto_prices to 2026-03-20 09:00:00+00:00, run_after=2026-03-20 10:00:00+00:00
[2026-03-20T09:22:52.406+0000] {processor.py:183} INFO - Processing /opt/airflow/dags/crawl_crypto_prices.py took 0.052 seconds
[2026-03-20T09:23:22.648+0000] {processor.py:161} INFO - Started process (PID=4618) to work on /opt/airflow/dags/crawl_crypto_prices.py
[2026-03-20T09:23:22.649+0000] {processor.py:830} INFO - Processing file /opt/airflow/dags/crawl_crypto_prices.py for tasks to queue
[2026-03-20T09:23:22.650+0000] {logging_mixin.py:188} INFO - [2026-03-20T09:23:22.650+0000] {dagbag.py:538} INFO - Filling up the DagBag from /opt/airflow/dags/crawl_crypto_prices.py
[2026-03-20T09:23:22.660+0000] {processor.py:840} INFO - DAG(s) 'crawl_crypto_prices' retrieved from /opt/airflow/dags/crawl_crypto_prices.py
[2026-03-20T09:23:22.679+0000] {logging_mixin.py:188} INFO - [2026-03-20T09:23:22.678+0000] {dag.py:3036} INFO - Sync 1 DAGs
[2026-03-20T09:23:22.689+0000] {logging_mixin.py:188} INFO - [2026-03-20T09:23:22.689+0000] {dag.py:3823} INFO - Setting next_dagrun for crawl_crypto_prices to 2026-03-20 09:00:00+00:00, run_after=2026-03-20 10:00:00+00:00
[2026-03-20T09:23:22.695+0000] {processor.py:183} INFO - Processing /opt/airflow/dags/crawl_crypto_prices.py took 0.051 seconds
[2026-03-20T09:23:52.960+0000] {processor.py:161} INFO - Started process (PID=4623) to work on /opt/airflow/dags/crawl_crypto_prices.py
[2026-03-20T09:23:52.961+0000] {processor.py:830} INFO - Processing file /opt/airflow/dags/crawl_crypto_prices.py for tasks to queue
[2026-03-20T09:23:52.961+0000] {logging_mixin.py:188} INFO - [2026-03-20T09:23:52.961+0000] {dagbag.py:538} INFO - Filling up the DagBag from /opt/airflow/dags/crawl_crypto_prices.py
[2026-03-20T09:23:52.972+0000] {processor.py:840} INFO - DAG(s) 'crawl_crypto_prices' retrieved from /opt/airflow/dags/crawl_crypto_prices.py
[2026-03-20T09:23:52.990+0000] {logging_mixin.py:188} INFO - [2026-03-20T09:23:52.990+0000] {dag.py:3036} INFO - Sync 1 DAGs
[2026-03-20T09:23:53.000+0000] {logging_mixin.py:188} INFO - [2026-03-20T09:23:53.000+0000] {dag.py:3823} INFO - Setting next_dagrun for crawl_crypto_prices to 2026-03-20 09:00:00+00:00, run_after=2026-03-20 10:00:00+00:00
[2026-03-20T09:23:53.007+0000] {processor.py:183} INFO - Processing /opt/airflow/dags/crawl_crypto_prices.py took 0.050 seconds
[2026-03-20T09:24:23.288+0000] {processor.py:161} INFO - Started process (PID=4628) to work on /opt/airflow/dags/crawl_crypto_prices.py
[2026-03-20T09:24:23.289+0000] {processor.py:830} INFO - Processing file /opt/airflow/dags/crawl_crypto_prices.py for tasks to queue
[2026-03-20T09:24:23.290+0000] {logging_mixin.py:188} INFO - [2026-03-20T09:24:23.289+0000] {dagbag.py:538} INFO - Filling up the DagBag from /opt/airflow/dags/crawl_crypto_prices.py
[2026-03-20T09:24:23.301+0000] {processor.py:840} INFO - DAG(s) 'crawl_crypto_prices' retrieved from /opt/airflow/dags/crawl_crypto_prices.py
[2026-03-20T09:24:23.320+0000] {logging_mixin.py:188} INFO - [2026-03-20T09:24:23.320+0000] {dag.py:3036} INFO - Sync 1 DAGs
[2026-03-20T09:24:23.331+0000] {logging_mixin.py:188} INFO - [2026-03-20T09:24:23.331+0000] {dag.py:3823} INFO - Setting next_dagrun for crawl_crypto_prices to 2026-03-20 09:00:00+00:00, run_after=2026-03-20 10:00:00+00:00
[2026-03-20T09:24:23.337+0000] {processor.py:183} INFO - Processing /opt/airflow/dags/crawl_crypto_prices.py took 0.053 seconds
[2026-03-20T09:26:42.856+0000] {processor.py:161} INFO - Started process (PID=4633) to work on /opt/airflow/dags/crawl_crypto_prices.py
[2026-03-20T09:26:42.856+0000] {processor.py:830} INFO - Processing file /opt/airflow/dags/crawl_crypto_prices.py for tasks to queue
[2026-03-20T09:26:42.857+0000] {logging_mixin.py:188} INFO - [2026-03-20T09:26:42.857+0000] {dagbag.py:538} INFO - Filling up the DagBag from /opt/airflow/dags/crawl_crypto_prices.py
[2026-03-20T09:26:42.877+0000] {processor.py:840} INFO - DAG(s) 'crawl_crypto_prices' retrieved from /opt/airflow/dags/crawl_crypto_prices.py
[2026-03-20T09:26:42.926+0000] {logging_mixin.py:188} INFO - [2026-03-20T09:26:42.926+0000] {dag.py:3036} INFO - Sync 1 DAGs
[2026-03-20T09:26:42.948+0000] {logging_mixin.py:188} INFO - [2026-03-20T09:26:42.948+0000] {dag.py:3823} INFO - Setting next_dagrun for crawl_crypto_prices to 2026-03-20 09:00:00+00:00, run_after=2026-03-20 10:00:00+00:00
[2026-03-20T09:26:42.964+0000] {processor.py:183} INFO - Processing /opt/airflow/dags/crawl_crypto_prices.py took 0.113 seconds
[2026-03-20T09:27:13.143+0000] {processor.py:161} INFO - Started process (PID=4640) to work on /opt/airflow/dags/crawl_crypto_prices.py
[2026-03-20T09:27:13.145+0000] {processor.py:830} INFO - Processing file /opt/airflow/dags/crawl_crypto_prices.py for tasks to queue
[2026-03-20T09:27:13.146+0000] {logging_mixin.py:188} INFO - [2026-03-20T09:27:13.146+0000] {dagbag.py:538} INFO - Filling up the DagBag from /opt/airflow/dags/crawl_crypto_prices.py
[2026-03-20T09:27:13.159+0000] {processor.py:840} INFO - DAG(s) 'crawl_crypto_prices' retrieved from /opt/airflow/dags/crawl_crypto_prices.py
[2026-03-20T09:27:13.180+0000] {logging_mixin.py:188} INFO - [2026-03-20T09:27:13.180+0000] {dag.py:3036} INFO - Sync 1 DAGs
[2026-03-20T09:27:13.189+0000] {logging_mixin.py:188} INFO - [2026-03-20T09:27:13.189+0000] {dag.py:3823} INFO - Setting next_dagrun for crawl_crypto_prices to 2026-03-20 09:00:00+00:00, run_after=2026-03-20 10:00:00+00:00
[2026-03-20T09:27:13.196+0000] {processor.py:183} INFO - Processing /opt/airflow/dags/crawl_crypto_prices.py took 0.059 seconds
[2026-03-20T09:27:43.540+0000] {processor.py:161} INFO - Started process (PID=4645) to work on /opt/airflow/dags/crawl_crypto_prices.py
[2026-03-20T09:27:43.541+0000] {processor.py:830} INFO - Processing file /opt/airflow/dags/crawl_crypto_prices.py for tasks to queue
[2026-03-20T09:27:43.542+0000] {logging_mixin.py:188} INFO - [2026-03-20T09:27:43.542+0000] {dagbag.py:538} INFO - Filling up the DagBag from /opt/airflow/dags/crawl_crypto_prices.py
[2026-03-20T09:27:43.555+0000] {processor.py:840} INFO - DAG(s) 'crawl_crypto_prices' retrieved from /opt/airflow/dags/crawl_crypto_prices.py
[2026-03-20T09:27:43.572+0000] {logging_mixin.py:188} INFO - [2026-03-20T09:27:43.572+0000] {dag.py:3036} INFO - Sync 1 DAGs
[2026-03-20T09:27:43.583+0000] {logging_mixin.py:188} INFO - [2026-03-20T09:27:43.583+0000] {dag.py:3823} INFO - Setting next_dagrun for crawl_crypto_prices to 2026-03-20 09:00:00+00:00, run_after=2026-03-20 10:00:00+00:00
[2026-03-20T09:27:43.589+0000] {processor.py:183} INFO - Processing /opt/airflow/dags/crawl_crypto_prices.py took 0.054 seconds
[2026-03-20T09:28:13.842+0000] {processor.py:161} INFO - Started process (PID=4650) to work on /opt/airflow/dags/crawl_crypto_prices.py
[2026-03-20T09:28:13.843+0000] {processor.py:830} INFO - Processing file /opt/airflow/dags/crawl_crypto_prices.py for tasks to queue
[2026-03-20T09:28:13.844+0000] {logging_mixin.py:188} INFO - [2026-03-20T09:28:13.844+0000] {dagbag.py:538} INFO - Filling up the DagBag from /opt/airflow/dags/crawl_crypto_prices.py
[2026-03-20T09:28:13.854+0000] {processor.py:840} INFO - DAG(s) 'crawl_crypto_prices' retrieved from /opt/airflow/dags/crawl_crypto_prices.py
[2026-03-20T09:28:13.874+0000] {logging_mixin.py:188} INFO - [2026-03-20T09:28:13.874+0000] {dag.py:3036} INFO - Sync 1 DAGs
[2026-03-20T09:28:13.885+0000] {logging_mixin.py:188} INFO - [2026-03-20T09:28:13.885+0000] {dag.py:3823} INFO - Setting next_dagrun for crawl_crypto_prices to 2026-03-20 09:00:00+00:00, run_after=2026-03-20 10:00:00+00:00
[2026-03-20T09:28:13.892+0000] {processor.py:183} INFO - Processing /opt/airflow/dags/crawl_crypto_prices.py took 0.053 seconds
[2026-03-20T09:28:44.170+0000] {processor.py:161} INFO - Started process (PID=4655) to work on /opt/airflow/dags/crawl_crypto_prices.py
[2026-03-20T09:28:44.171+0000] {processor.py:830} INFO - Processing file /opt/airflow/dags/crawl_crypto_prices.py for tasks to queue
[2026-03-20T09:28:44.172+0000] {logging_mixin.py:188} INFO - [2026-03-20T09:28:44.171+0000] {dagbag.py:538} INFO - Filling up the DagBag from /opt/airflow/dags/crawl_crypto_prices.py
[2026-03-20T09:28:44.181+0000] {processor.py:840} INFO - DAG(s) 'crawl_crypto_prices' retrieved from /opt/airflow/dags/crawl_crypto_prices.py
[2026-03-20T09:28:44.199+0000] {logging_mixin.py:188} INFO - [2026-03-20T09:28:44.199+0000] {dag.py:3036} INFO - Sync 1 DAGs
[2026-03-20T09:28:44.209+0000] {logging_mixin.py:188} INFO - [2026-03-20T09:28:44.209+0000] {dag.py:3823} INFO - Setting next_dagrun for crawl_crypto_prices to 2026-03-20 09:00:00+00:00, run_after=2026-03-20 10:00:00+00:00
[2026-03-20T09:28:44.216+0000] {processor.py:183} INFO - Processing /opt/airflow/dags/crawl_crypto_prices.py took 0.048 seconds
[2026-03-20T09:29:14.493+0000] {processor.py:161} INFO - Started process (PID=4660) to work on /opt/airflow/dags/crawl_crypto_prices.py
[2026-03-20T09:29:14.494+0000] {processor.py:830} INFO - Processing file /opt/airflow/dags/crawl_crypto_prices.py for tasks to queue
[2026-03-20T09:29:14.495+0000] {logging_mixin.py:188} INFO - [2026-03-20T09:29:14.495+0000] {dagbag.py:538} INFO - Filling up the DagBag from /opt/airflow/dags/crawl_crypto_prices.py
[2026-03-20T09:29:14.505+0000] {processor.py:840} INFO - DAG(s) 'crawl_crypto_prices' retrieved from /opt/airflow/dags/crawl_crypto_prices.py
[2026-03-20T09:29:14.524+0000] {logging_mixin.py:188} INFO - [2026-03-20T09:29:14.523+0000] {dag.py:3036} INFO - Sync 1 DAGs
[2026-03-20T09:29:14.535+0000] {logging_mixin.py:188} INFO - [2026-03-20T09:29:14.535+0000] {dag.py:3823} INFO - Setting next_dagrun for crawl_crypto_prices to 2026-03-20 09:00:00+00:00, run_after=2026-03-20 10:00:00+00:00
[2026-03-20T09:29:14.542+0000] {processor.py:183} INFO - Processing /opt/airflow/dags/crawl_crypto_prices.py took 0.052 seconds
[2026-03-20T09:29:44.844+0000] {processor.py:161} INFO - Started process (PID=4665) to work on /opt/airflow/dags/crawl_crypto_prices.py
[2026-03-20T09:29:44.845+0000] {processor.py:830} INFO - Processing file /opt/airflow/dags/crawl_crypto_prices.py for tasks to queue
[2026-03-20T09:29:44.846+0000] {logging_mixin.py:188} INFO - [2026-03-20T09:29:44.845+0000] {dagbag.py:538} INFO - Filling up the DagBag from /opt/airflow/dags/crawl_crypto_prices.py
[2026-03-20T09:29:44.855+0000] {processor.py:840} INFO - DAG(s) 'crawl_crypto_prices' retrieved from /opt/airflow/dags/crawl_crypto_prices.py
[2026-03-20T09:29:44.873+0000] {logging_mixin.py:188} INFO - [2026-03-20T09:29:44.873+0000] {dag.py:3036} INFO - Sync 1 DAGs
[2026-03-20T09:29:44.882+0000] {logging_mixin.py:188} INFO - [2026-03-20T09:29:44.882+0000] {dag.py:3823} INFO - Setting next_dagrun for crawl_crypto_prices to 2026-03-20 09:00:00+00:00, run_after=2026-03-20 10:00:00+00:00
[2026-03-20T09:29:44.889+0000] {processor.py:183} INFO - Processing /opt/airflow/dags/crawl_crypto_prices.py took 0.048 seconds
[2026-03-20T09:30:15.189+0000] {processor.py:161} INFO - Started process (PID=4670) to work on /opt/airflow/dags/crawl_crypto_prices.py
[2026-03-20T09:30:15.190+0000] {processor.py:830} INFO - Processing file /opt/airflow/dags/crawl_crypto_prices.py for tasks to queue
[2026-03-20T09:30:15.191+0000] {logging_mixin.py:188} INFO - [2026-03-20T09:30:15.191+0000] {dagbag.py:538} INFO - Filling up the DagBag from /opt/airflow/dags/crawl_crypto_prices.py
[2026-03-20T09:30:15.203+0000] {processor.py:840} INFO - DAG(s) 'crawl_crypto_prices' retrieved from /opt/airflow/dags/crawl_crypto_prices.py
[2026-03-20T09:30:15.224+0000] {logging_mixin.py:188} INFO - [2026-03-20T09:30:15.224+0000] {dag.py:3036} INFO - Sync 1 DAGs
[2026-03-20T09:30:15.235+0000] {logging_mixin.py:188} INFO - [2026-03-20T09:30:15.235+0000] {dag.py:3823} INFO - Setting next_dagrun for crawl_crypto_prices to 2026-03-20 09:00:00+00:00, run_after=2026-03-20 10:00:00+00:00
[2026-03-20T09:30:15.242+0000] {processor.py:183} INFO - Processing /opt/airflow/dags/crawl_crypto_prices.py took 0.056 seconds
[2026-03-20T09:31:10.280+0000] {processor.py:161} INFO - Started process (PID=4675) to work on /opt/airflow/dags/crawl_crypto_prices.py
[2026-03-20T09:31:10.282+0000] {processor.py:830} INFO - Processing file /opt/airflow/dags/crawl_crypto_prices.py for tasks to queue
[2026-03-20T09:31:10.282+0000] {logging_mixin.py:188} INFO - [2026-03-20T09:31:10.282+0000] {dagbag.py:538} INFO - Filling up the DagBag from /opt/airflow/dags/crawl_crypto_prices.py
[2026-03-20T09:31:10.293+0000] {processor.py:840} INFO - DAG(s) 'crawl_crypto_prices' retrieved from /opt/airflow/dags/crawl_crypto_prices.py
[2026-03-20T09:31:10.311+0000] {logging_mixin.py:188} INFO - [2026-03-20T09:31:10.311+0000] {dag.py:3036} INFO - Sync 1 DAGs
[2026-03-20T09:31:10.321+0000] {logging_mixin.py:188} INFO - [2026-03-20T09:31:10.321+0000] {dag.py:3823} INFO - Setting next_dagrun for crawl_crypto_prices to 2026-03-20 09:00:00+00:00, run_after=2026-03-20 10:00:00+00:00
[2026-03-20T09:31:10.328+0000] {processor.py:183} INFO - Processing /opt/airflow/dags/crawl_crypto_prices.py took 0.050 seconds
[2026-03-20T09:31:40.576+0000] {processor.py:161} INFO - Started process (PID=4682) to work on /opt/airflow/dags/crawl_crypto_prices.py
[2026-03-20T09:31:40.577+0000] {processor.py:830} INFO - Processing file /opt/airflow/dags/crawl_crypto_prices.py for tasks to queue
[2026-03-20T09:31:40.578+0000] {logging_mixin.py:188} INFO - [2026-03-20T09:31:40.578+0000] {dagbag.py:538} INFO - Filling up the DagBag from /opt/airflow/dags/crawl_crypto_prices.py
[2026-03-20T09:31:40.588+0000] {processor.py:840} INFO - DAG(s) 'crawl_crypto_prices' retrieved from /opt/airflow/dags/crawl_crypto_prices.py
[2026-03-20T09:31:40.605+0000] {logging_mixin.py:188} INFO - [2026-03-20T09:31:40.605+0000] {dag.py:3036} INFO - Sync 1 DAGs
[2026-03-20T09:31:40.615+0000] {logging_mixin.py:188} INFO - [2026-03-20T09:31:40.615+0000] {dag.py:3823} INFO - Setting next_dagrun for crawl_crypto_prices to 2026-03-20 09:00:00+00:00, run_after=2026-03-20 10:00:00+00:00
[2026-03-20T09:31:40.621+0000] {processor.py:183} INFO - Processing /opt/airflow/dags/crawl_crypto_prices.py took 0.048 seconds
[2026-03-20T09:32:10.939+0000] {processor.py:161} INFO - Started process (PID=4687) to work on /opt/airflow/dags/crawl_crypto_prices.py
[2026-03-20T09:32:10.940+0000] {processor.py:830} INFO - Processing file /opt/airflow/dags/crawl_crypto_prices.py for tasks to queue
[2026-03-20T09:32:10.941+0000] {logging_mixin.py:188} INFO - [2026-03-20T09:32:10.940+0000] {dagbag.py:538} INFO - Filling up the DagBag from /opt/airflow/dags/crawl_crypto_prices.py
[2026-03-20T09:32:10.952+0000] {processor.py:840} INFO - DAG(s) 'crawl_crypto_prices' retrieved from /opt/airflow/dags/crawl_crypto_prices.py
[2026-03-20T09:32:10.971+0000] {logging_mixin.py:188} INFO - [2026-03-20T09:32:10.971+0000] {dag.py:3036} INFO - Sync 1 DAGs
[2026-03-20T09:32:10.981+0000] {logging_mixin.py:188} INFO - [2026-03-20T09:32:10.981+0000] {dag.py:3823} INFO - Setting next_dagrun for crawl_crypto_prices to 2026-03-20 09:00:00+00:00, run_after=2026-03-20 10:00:00+00:00
[2026-03-20T09:32:10.988+0000] {processor.py:183} INFO - Processing /opt/airflow/dags/crawl_crypto_prices.py took 0.053 seconds
[2026-03-20T09:32:41.266+0000] {processor.py:161} INFO - Started process (PID=4692) to work on /opt/airflow/dags/crawl_crypto_prices.py
[2026-03-20T09:32:41.267+0000] {processor.py:830} INFO - Processing file /opt/airflow/dags/crawl_crypto_prices.py for tasks to queue
[2026-03-20T09:32:41.268+0000] {logging_mixin.py:188} INFO - [2026-03-20T09:32:41.267+0000] {dagbag.py:538} INFO - Filling up the DagBag from /opt/airflow/dags/crawl_crypto_prices.py
[2026-03-20T09:32:41.279+0000] {processor.py:840} INFO - DAG(s) 'crawl_crypto_prices' retrieved from /opt/airflow/dags/crawl_crypto_prices.py
[2026-03-20T09:32:41.300+0000] {logging_mixin.py:188} INFO - [2026-03-20T09:32:41.300+0000] {dag.py:3036} INFO - Sync 1 DAGs
[2026-03-20T09:32:41.311+0000] {logging_mixin.py:188} INFO - [2026-03-20T09:32:41.311+0000] {dag.py:3823} INFO - Setting next_dagrun for crawl_crypto_prices to 2026-03-20 09:00:00+00:00, run_after=2026-03-20 10:00:00+00:00
[2026-03-20T09:32:41.318+0000] {processor.py:183} INFO - Processing /opt/airflow/dags/crawl_crypto_prices.py took 0.056 seconds
[2026-03-20T09:33:11.602+0000] {processor.py:161} INFO - Started process (PID=4697) to work on /opt/airflow/dags/crawl_crypto_prices.py
[2026-03-20T09:33:11.603+0000] {processor.py:830} INFO - Processing file /opt/airflow/dags/crawl_crypto_prices.py for tasks to queue
[2026-03-20T09:33:11.604+0000] {logging_mixin.py:188} INFO - [2026-03-20T09:33:11.604+0000] {dagbag.py:538} INFO - Filling up the DagBag from /opt/airflow/dags/crawl_crypto_prices.py
[2026-03-20T09:33:11.616+0000] {processor.py:840} INFO - DAG(s) 'crawl_crypto_prices' retrieved from /opt/airflow/dags/crawl_crypto_prices.py
[2026-03-20T09:33:11.635+0000] {logging_mixin.py:188} INFO - [2026-03-20T09:33:11.635+0000] {dag.py:3036} INFO - Sync 1 DAGs
[2026-03-20T09:33:11.648+0000] {logging_mixin.py:188} INFO - [2026-03-20T09:33:11.647+0000] {dag.py:3823} INFO - Setting next_dagrun for crawl_crypto_prices to 2026-03-20 09:00:00+00:00, run_after=2026-03-20 10:00:00+00:00
[2026-03-20T09:33:11.655+0000] {processor.py:183} INFO - Processing /opt/airflow/dags/crawl_crypto_prices.py took 0.057 seconds
[2026-03-20T09:33:41.904+0000] {processor.py:161} INFO - Started process (PID=4702) to work on /opt/airflow/dags/crawl_crypto_prices.py
[2026-03-20T09:33:41.905+0000] {processor.py:830} INFO - Processing file /opt/airflow/dags/crawl_crypto_prices.py for tasks to queue
[2026-03-20T09:33:41.906+0000] {logging_mixin.py:188} INFO - [2026-03-20T09:33:41.906+0000] {dagbag.py:538} INFO - Filling up the DagBag from /opt/airflow/dags/crawl_crypto_prices.py
[2026-03-20T09:33:41.920+0000] {processor.py:840} INFO - DAG(s) 'crawl_crypto_prices' retrieved from /opt/airflow/dags/crawl_crypto_prices.py
[2026-03-20T09:33:41.935+0000] {logging_mixin.py:188} INFO - [2026-03-20T09:33:41.935+0000] {dag.py:3036} INFO - Sync 1 DAGs
[2026-03-20T09:33:41.944+0000] {logging_mixin.py:188} INFO - [2026-03-20T09:33:41.944+0000] {dag.py:3823} INFO - Setting next_dagrun for crawl_crypto_prices to 2026-03-20 09:00:00+00:00, run_after=2026-03-20 10:00:00+00:00
[2026-03-20T09:33:41.951+0000] {processor.py:183} INFO - Processing /opt/airflow/dags/crawl_crypto_prices.py took 0.051 seconds
[2026-03-20T09:34:12.184+0000] {processor.py:161} INFO - Started process (PID=4707) to work on /opt/airflow/dags/crawl_crypto_prices.py
[2026-03-20T09:34:12.185+0000] {processor.py:830} INFO - Processing file /opt/airflow/dags/crawl_crypto_prices.py for tasks to queue
[2026-03-20T09:34:12.185+0000] {logging_mixin.py:188} INFO - [2026-03-20T09:34:12.185+0000] {dagbag.py:538} INFO - Filling up the DagBag from /opt/airflow/dags/crawl_crypto_prices.py
[2026-03-20T09:34:12.193+0000] {processor.py:840} INFO - DAG(s) 'crawl_crypto_prices' retrieved from /opt/airflow/dags/crawl_crypto_prices.py
[2026-03-20T09:34:12.206+0000] {logging_mixin.py:188} INFO - [2026-03-20T09:34:12.206+0000] {dag.py:3036} INFO - Sync 1 DAGs
[2026-03-20T09:34:12.216+0000] {logging_mixin.py:188} INFO - [2026-03-20T09:34:12.216+0000] {dag.py:3823} INFO - Setting next_dagrun for crawl_crypto_prices to 2026-03-20 09:00:00+00:00, run_after=2026-03-20 10:00:00+00:00
[2026-03-20T09:34:12.222+0000] {processor.py:183} INFO - Processing /opt/airflow/dags/crawl_crypto_prices.py took 0.039 seconds
[2026-03-20T09:34:42.480+0000] {processor.py:161} INFO - Started process (PID=4712) to work on /opt/airflow/dags/crawl_crypto_prices.py
[2026-03-20T09:34:42.481+0000] {processor.py:830} INFO - Processing file /opt/airflow/dags/crawl_crypto_prices.py for tasks to queue
[2026-03-20T09:34:42.482+0000] {logging_mixin.py:188} INFO - [2026-03-20T09:34:42.482+0000] {dagbag.py:538} INFO - Filling up the DagBag from /opt/airflow/dags/crawl_crypto_prices.py
[2026-03-20T09:34:42.491+0000] {processor.py:840} INFO - DAG(s) 'crawl_crypto_prices' retrieved from /opt/airflow/dags/crawl_crypto_prices.py
[2026-03-20T09:34:42.509+0000] {logging_mixin.py:188} INFO - [2026-03-20T09:34:42.509+0000] {dag.py:3036} INFO - Sync 1 DAGs
[2026-03-20T09:34:42.519+0000] {logging_mixin.py:188} INFO - [2026-03-20T09:34:42.519+0000] {dag.py:3823} INFO - Setting next_dagrun for crawl_crypto_prices to 2026-03-20 09:00:00+00:00, run_after=2026-03-20 10:00:00+00:00
[2026-03-20T09:34:42.525+0000] {processor.py:183} INFO - Processing /opt/airflow/dags/crawl_crypto_prices.py took 0.047 seconds
[2026-03-20T09:35:12.753+0000] {processor.py:161} INFO - Started process (PID=4717) to work on /opt/airflow/dags/crawl_crypto_prices.py
[2026-03-20T09:35:12.754+0000] {processor.py:830} INFO - Processing file /opt/airflow/dags/crawl_crypto_prices.py for tasks to queue
[2026-03-20T09:35:12.755+0000] {logging_mixin.py:188} INFO - [2026-03-20T09:35:12.754+0000] {dagbag.py:538} INFO - Filling up the DagBag from /opt/airflow/dags/crawl_crypto_prices.py
[2026-03-20T09:35:12.763+0000] {processor.py:840} INFO - DAG(s) 'crawl_crypto_prices' retrieved from /opt/airflow/dags/crawl_crypto_prices.py
[2026-03-20T09:35:12.780+0000] {logging_mixin.py:188} INFO - [2026-03-20T09:35:12.780+0000] {dag.py:3036} INFO - Sync 1 DAGs
[2026-03-20T09:35:12.788+0000] {logging_mixin.py:188} INFO - [2026-03-20T09:35:12.788+0000] {dag.py:3823} INFO - Setting next_dagrun for crawl_crypto_prices to 2026-03-20 09:00:00+00:00, run_after=2026-03-20 10:00:00+00:00
[2026-03-20T09:35:12.794+0000] {processor.py:183} INFO - Processing /opt/airflow/dags/crawl_crypto_prices.py took 0.044 seconds
[2026-03-20T09:35:43.010+0000] {processor.py:161} INFO - Started process (PID=4722) to work on /opt/airflow/dags/crawl_crypto_prices.py
[2026-03-20T09:35:43.011+0000] {processor.py:830} INFO - Processing file /opt/airflow/dags/crawl_crypto_prices.py for tasks to queue
[2026-03-20T09:35:43.012+0000] {logging_mixin.py:188} INFO - [2026-03-20T09:35:43.012+0000] {dagbag.py:538} INFO - Filling up the DagBag from /opt/airflow/dags/crawl_crypto_prices.py
[2026-03-20T09:35:43.022+0000] {processor.py:840} INFO - DAG(s) 'crawl_crypto_prices' retrieved from /opt/airflow/dags/crawl_crypto_prices.py
[2026-03-20T09:35:43.040+0000] {logging_mixin.py:188} INFO - [2026-03-20T09:35:43.040+0000] {dag.py:3036} INFO - Sync 1 DAGs
[2026-03-20T09:35:43.048+0000] {logging_mixin.py:188} INFO - [2026-03-20T09:35:43.048+0000] {dag.py:3823} INFO - Setting next_dagrun for crawl_crypto_prices to 2026-03-20 09:00:00+00:00, run_after=2026-03-20 10:00:00+00:00
[2026-03-20T09:35:43.054+0000] {processor.py:183} INFO - Processing /opt/airflow/dags/crawl_crypto_prices.py took 0.047 seconds
[2026-03-20T09:36:13.265+0000] {processor.py:161} INFO - Started process (PID=4727) to work on /opt/airflow/dags/crawl_crypto_prices.py
[2026-03-20T09:36:13.266+0000] {processor.py:830} INFO - Processing file /opt/airflow/dags/crawl_crypto_prices.py for tasks to queue
[2026-03-20T09:36:13.266+0000] {logging_mixin.py:188} INFO - [2026-03-20T09:36:13.266+0000] {dagbag.py:538} INFO - Filling up the DagBag from /opt/airflow/dags/crawl_crypto_prices.py
[2026-03-20T09:36:13.276+0000] {processor.py:840} INFO - DAG(s) 'crawl_crypto_prices' retrieved from /opt/airflow/dags/crawl_crypto_prices.py
[2026-03-20T09:36:13.297+0000] {logging_mixin.py:188} INFO - [2026-03-20T09:36:13.297+0000] {dag.py:3036} INFO - Sync 1 DAGs
[2026-03-20T09:36:13.308+0000] {logging_mixin.py:188} INFO - [2026-03-20T09:36:13.308+0000] {dag.py:3823} INFO - Setting next_dagrun for crawl_crypto_prices to 2026-03-20 09:00:00+00:00, run_after=2026-03-20 10:00:00+00:00
[2026-03-20T09:36:13.315+0000] {processor.py:183} INFO - Processing /opt/airflow/dags/crawl_crypto_prices.py took 0.053 seconds
[2026-03-20T09:36:43.552+0000] {processor.py:161} INFO - Started process (PID=4732) to work on /opt/airflow/dags/crawl_crypto_prices.py
[2026-03-20T09:36:43.552+0000] {processor.py:830} INFO - Processing file /opt/airflow/dags/crawl_crypto_prices.py for tasks to queue
[2026-03-20T09:36:43.553+0000] {logging_mixin.py:188} INFO - [2026-03-20T09:36:43.553+0000] {dagbag.py:538} INFO - Filling up the DagBag from /opt/airflow/dags/crawl_crypto_prices.py
[2026-03-20T09:36:43.562+0000] {processor.py:840} INFO - DAG(s) 'crawl_crypto_prices' retrieved from /opt/airflow/dags/crawl_crypto_prices.py
[2026-03-20T09:36:43.580+0000] {logging_mixin.py:188} INFO - [2026-03-20T09:36:43.579+0000] {dag.py:3036} INFO - Sync 1 DAGs
[2026-03-20T09:36:43.588+0000] {logging_mixin.py:188} INFO - [2026-03-20T09:36:43.588+0000] {dag.py:3823} INFO - Setting next_dagrun for crawl_crypto_prices to 2026-03-20 09:00:00+00:00, run_after=2026-03-20 10:00:00+00:00
[2026-03-20T09:36:43.596+0000] {processor.py:183} INFO - Processing /opt/airflow/dags/crawl_crypto_prices.py took 0.047 seconds
[2026-03-20T09:37:13.831+0000] {processor.py:161} INFO - Started process (PID=4737) to work on /opt/airflow/dags/crawl_crypto_prices.py
[2026-03-20T09:37:13.832+0000] {processor.py:830} INFO - Processing file /opt/airflow/dags/crawl_crypto_prices.py for tasks to queue
[2026-03-20T09:37:13.832+0000] {logging_mixin.py:188} INFO - [2026-03-20T09:37:13.832+0000] {dagbag.py:538} INFO - Filling up the DagBag from /opt/airflow/dags/crawl_crypto_prices.py
[2026-03-20T09:37:13.837+0000] {processor.py:840} INFO - DAG(s) 'crawl_crypto_prices' retrieved from /opt/airflow/dags/crawl_crypto_prices.py
[2026-03-20T09:37:13.848+0000] {logging_mixin.py:188} INFO - [2026-03-20T09:37:13.848+0000] {dag.py:3036} INFO - Sync 1 DAGs
[2026-03-20T09:37:13.856+0000] {logging_mixin.py:188} INFO - [2026-03-20T09:37:13.856+0000] {dag.py:3823} INFO - Setting next_dagrun for crawl_crypto_prices to 2026-03-20 09:00:00+00:00, run_after=2026-03-20 10:00:00+00:00
[2026-03-20T09:37:13.862+0000] {processor.py:183} INFO - Processing /opt/airflow/dags/crawl_crypto_prices.py took 0.032 seconds
[2026-03-20T09:37:44.084+0000] {processor.py:161} INFO - Started process (PID=4742) to work on /opt/airflow/dags/crawl_crypto_prices.py
[2026-03-20T09:37:44.085+0000] {processor.py:830} INFO - Processing file /opt/airflow/dags/crawl_crypto_prices.py for tasks to queue
[2026-03-20T09:37:44.085+0000] {logging_mixin.py:188} INFO - [2026-03-20T09:37:44.085+0000] {dagbag.py:538} INFO - Filling up the DagBag from /opt/airflow/dags/crawl_crypto_prices.py
[2026-03-20T09:37:44.094+0000] {processor.py:840} INFO - DAG(s) 'crawl_crypto_prices' retrieved from /opt/airflow/dags/crawl_crypto_prices.py
[2026-03-20T09:37:44.109+0000] {logging_mixin.py:188} INFO - [2026-03-20T09:37:44.109+0000] {dag.py:3036} INFO - Sync 1 DAGs
[2026-03-20T09:37:44.119+0000] {logging_mixin.py:188} INFO - [2026-03-20T09:37:44.118+0000] {dag.py:3823} INFO - Setting next_dagrun for crawl_crypto_prices to 2026-03-20 09:00:00+00:00, run_after=2026-03-20 10:00:00+00:00
[2026-03-20T09:37:44.125+0000] {processor.py:183} INFO - Processing /opt/airflow/dags/crawl_crypto_prices.py took 0.044 seconds
[2026-03-20T09:38:14.354+0000] {processor.py:161} INFO - Started process (PID=4747) to work on /opt/airflow/dags/crawl_crypto_prices.py
[2026-03-20T09:38:14.355+0000] {processor.py:830} INFO - Processing file /opt/airflow/dags/crawl_crypto_prices.py for tasks to queue
[2026-03-20T09:38:14.355+0000] {logging_mixin.py:188} INFO - [2026-03-20T09:38:14.355+0000] {dagbag.py:538} INFO - Filling up the DagBag from /opt/airflow/dags/crawl_crypto_prices.py
[2026-03-20T09:38:14.366+0000] {processor.py:840} INFO - DAG(s) 'crawl_crypto_prices' retrieved from /opt/airflow/dags/crawl_crypto_prices.py
[2026-03-20T09:38:14.385+0000] {logging_mixin.py:188} INFO - [2026-03-20T09:38:14.385+0000] {dag.py:3036} INFO - Sync 1 DAGs
[2026-03-20T09:38:14.394+0000] {logging_mixin.py:188} INFO - [2026-03-20T09:38:14.394+0000] {dag.py:3823} INFO - Setting next_dagrun for crawl_crypto_prices to 2026-03-20 09:00:00+00:00, run_after=2026-03-20 10:00:00+00:00
[2026-03-20T09:38:14.400+0000] {processor.py:183} INFO - Processing /opt/airflow/dags/crawl_crypto_prices.py took 0.050 seconds
[2026-03-20T09:38:44.618+0000] {processor.py:161} INFO - Started process (PID=4752) to work on /opt/airflow/dags/crawl_crypto_prices.py
[2026-03-20T09:38:44.618+0000] {processor.py:830} INFO - Processing file /opt/airflow/dags/crawl_crypto_prices.py for tasks to queue
[2026-03-20T09:38:44.619+0000] {logging_mixin.py:188} INFO - [2026-03-20T09:38:44.619+0000] {dagbag.py:538} INFO - Filling up the DagBag from /opt/airflow/dags/crawl_crypto_prices.py
[2026-03-20T09:38:44.629+0000] {processor.py:840} INFO - DAG(s) 'crawl_crypto_prices' retrieved from /opt/airflow/dags/crawl_crypto_prices.py
[2026-03-20T09:38:44.647+0000] {logging_mixin.py:188} INFO - [2026-03-20T09:38:44.647+0000] {dag.py:3036} INFO - Sync 1 DAGs
[2026-03-20T09:38:44.656+0000] {logging_mixin.py:188} INFO - [2026-03-20T09:38:44.656+0000] {dag.py:3823} INFO - Setting next_dagrun for crawl_crypto_prices to 2026-03-20 09:00:00+00:00, run_after=2026-03-20 10:00:00+00:00
[2026-03-20T09:38:44.662+0000] {processor.py:183} INFO - Processing /opt/airflow/dags/crawl_crypto_prices.py took 0.047 seconds
[2026-03-20T09:39:14.897+0000] {processor.py:161} INFO - Started process (PID=4757) to work on /opt/airflow/dags/crawl_crypto_prices.py
[2026-03-20T09:39:14.898+0000] {processor.py:830} INFO - Processing file /opt/airflow/dags/crawl_crypto_prices.py for tasks to queue
[2026-03-20T09:39:14.898+0000] {logging_mixin.py:188} INFO - [2026-03-20T09:39:14.898+0000] {dagbag.py:538} INFO - Filling up the DagBag from /opt/airflow/dags/crawl_crypto_prices.py
[2026-03-20T09:39:14.909+0000] {processor.py:840} INFO - DAG(s) 'crawl_crypto_prices' retrieved from /opt/airflow/dags/crawl_crypto_prices.py
[2026-03-20T09:39:14.927+0000] {logging_mixin.py:188} INFO - [2026-03-20T09:39:14.927+0000] {dag.py:3036} INFO - Sync 1 DAGs
[2026-03-20T09:39:14.936+0000] {logging_mixin.py:188} INFO - [2026-03-20T09:39:14.936+0000] {dag.py:3823} INFO - Setting next_dagrun for crawl_crypto_prices to 2026-03-20 09:00:00+00:00, run_after=2026-03-20 10:00:00+00:00
[2026-03-20T09:39:14.943+0000] {processor.py:183} INFO - Processing /opt/airflow/dags/crawl_crypto_prices.py took 0.049 seconds
[2026-03-20T09:39:45.187+0000] {processor.py:161} INFO - Started process (PID=4762) to work on /opt/airflow/dags/crawl_crypto_prices.py
[2026-03-20T09:39:45.188+0000] {processor.py:830} INFO - Processing file /opt/airflow/dags/crawl_crypto_prices.py for tasks to queue
[2026-03-20T09:39:45.188+0000] {logging_mixin.py:188} INFO - [2026-03-20T09:39:45.188+0000] {dagbag.py:538} INFO - Filling up the DagBag from /opt/airflow/dags/crawl_crypto_prices.py
[2026-03-20T09:39:45.199+0000] {processor.py:840} INFO - DAG(s) 'crawl_crypto_prices' retrieved from /opt/airflow/dags/crawl_crypto_prices.py
[2026-03-20T09:39:45.217+0000] {logging_mixin.py:188} INFO - [2026-03-20T09:39:45.217+0000] {dag.py:3036} INFO - Sync 1 DAGs
[2026-03-20T09:39:45.227+0000] {logging_mixin.py:188} INFO - [2026-03-20T09:39:45.227+0000] {dag.py:3823} INFO - Setting next_dagrun for crawl_crypto_prices to 2026-03-20 09:00:00+00:00, run_after=2026-03-20 10:00:00+00:00
[2026-03-20T09:39:45.234+0000] {processor.py:183} INFO - Processing /opt/airflow/dags/crawl_crypto_prices.py took 0.051 seconds
[2026-03-20T09:40:15.480+0000] {processor.py:161} INFO - Started process (PID=4767) to work on /opt/airflow/dags/crawl_crypto_prices.py
[2026-03-20T09:40:15.481+0000] {processor.py:830} INFO - Processing file /opt/airflow/dags/crawl_crypto_prices.py for tasks to queue
[2026-03-20T09:40:15.482+0000] {logging_mixin.py:188} INFO - [2026-03-20T09:40:15.482+0000] {dagbag.py:538} INFO - Filling up the DagBag from /opt/airflow/dags/crawl_crypto_prices.py
[2026-03-20T09:40:15.493+0000] {processor.py:840} INFO - DAG(s) 'crawl_crypto_prices' retrieved from /opt/airflow/dags/crawl_crypto_prices.py
[2026-03-20T09:40:15.511+0000] {logging_mixin.py:188} INFO - [2026-03-20T09:40:15.510+0000] {dag.py:3036} INFO - Sync 1 DAGs
[2026-03-20T09:40:15.520+0000] {logging_mixin.py:188} INFO - [2026-03-20T09:40:15.520+0000] {dag.py:3823} INFO - Setting next_dagrun for crawl_crypto_prices to 2026-03-20 09:00:00+00:00, run_after=2026-03-20 10:00:00+00:00
[2026-03-20T09:40:15.527+0000] {processor.py:183} INFO - Processing /opt/airflow/dags/crawl_crypto_prices.py took 0.051 seconds
[2026-03-20T09:40:45.798+0000] {processor.py:161} INFO - Started process (PID=4772) to work on /opt/airflow/dags/crawl_crypto_prices.py
[2026-03-20T09:40:45.799+0000] {processor.py:830} INFO - Processing file /opt/airflow/dags/crawl_crypto_prices.py for tasks to queue
[2026-03-20T09:40:45.799+0000] {logging_mixin.py:188} INFO - [2026-03-20T09:40:45.799+0000] {dagbag.py:538} INFO - Filling up the DagBag from /opt/airflow/dags/crawl_crypto_prices.py
[2026-03-20T09:40:45.809+0000] {processor.py:840} INFO - DAG(s) 'crawl_crypto_prices' retrieved from /opt/airflow/dags/crawl_crypto_prices.py
[2026-03-20T09:40:45.826+0000] {logging_mixin.py:188} INFO - [2026-03-20T09:40:45.826+0000] {dag.py:3036} INFO - Sync 1 DAGs
[2026-03-20T09:40:45.836+0000] {logging_mixin.py:188} INFO - [2026-03-20T09:40:45.836+0000] {dag.py:3823} INFO - Setting next_dagrun for crawl_crypto_prices to 2026-03-20 09:00:00+00:00, run_after=2026-03-20 10:00:00+00:00
[2026-03-20T09:40:45.842+0000] {processor.py:183} INFO - Processing /opt/airflow/dags/crawl_crypto_prices.py took 0.047 seconds
[2026-03-20T09:41:16.115+0000] {processor.py:161} INFO - Started process (PID=4777) to work on /opt/airflow/dags/crawl_crypto_prices.py
[2026-03-20T09:41:16.116+0000] {processor.py:830} INFO - Processing file /opt/airflow/dags/crawl_crypto_prices.py for tasks to queue
[2026-03-20T09:41:16.117+0000] {logging_mixin.py:188} INFO - [2026-03-20T09:41:16.116+0000] {dagbag.py:538} INFO - Filling up the DagBag from /opt/airflow/dags/crawl_crypto_prices.py
[2026-03-20T09:41:16.126+0000] {processor.py:840} INFO - DAG(s) 'crawl_crypto_prices' retrieved from /opt/airflow/dags/crawl_crypto_prices.py
[2026-03-20T09:41:16.145+0000] {logging_mixin.py:188} INFO - [2026-03-20T09:41:16.145+0000] {dag.py:3036} INFO - Sync 1 DAGs
[2026-03-20T09:41:16.154+0000] {logging_mixin.py:188} INFO - [2026-03-20T09:41:16.154+0000] {dag.py:3823} INFO - Setting next_dagrun for crawl_crypto_prices to 2026-03-20 09:00:00+00:00, run_after=2026-03-20 10:00:00+00:00
[2026-03-20T09:41:16.160+0000] {processor.py:183} INFO - Processing /opt/airflow/dags/crawl_crypto_prices.py took 0.048 seconds
[2026-03-20T09:41:46.463+0000] {processor.py:161} INFO - Started process (PID=4782) to work on /opt/airflow/dags/crawl_crypto_prices.py
[2026-03-20T09:41:46.464+0000] {processor.py:830} INFO - Processing file /opt/airflow/dags/crawl_crypto_prices.py for tasks to queue
[2026-03-20T09:41:46.465+0000] {logging_mixin.py:188} INFO - [2026-03-20T09:41:46.464+0000] {dagbag.py:538} INFO - Filling up the DagBag from /opt/airflow/dags/crawl_crypto_prices.py
[2026-03-20T09:41:46.475+0000] {processor.py:840} INFO - DAG(s) 'crawl_crypto_prices' retrieved from /opt/airflow/dags/crawl_crypto_prices.py
[2026-03-20T09:41:46.494+0000] {logging_mixin.py:188} INFO - [2026-03-20T09:41:46.494+0000] {dag.py:3036} INFO - Sync 1 DAGs
[2026-03-20T09:41:46.505+0000] {logging_mixin.py:188} INFO - [2026-03-20T09:41:46.504+0000] {dag.py:3823} INFO - Setting next_dagrun for crawl_crypto_prices to 2026-03-20 09:00:00+00:00, run_after=2026-03-20 10:00:00+00:00
[2026-03-20T09:41:46.511+0000] {processor.py:183} INFO - Processing /opt/airflow/dags/crawl_crypto_prices.py took 0.052 seconds
[2026-03-20T09:42:51.043+0000] {processor.py:161} INFO - Started process (PID=4787) to work on /opt/airflow/dags/crawl_crypto_prices.py
[2026-03-20T09:42:51.044+0000] {processor.py:830} INFO - Processing file /opt/airflow/dags/crawl_crypto_prices.py for tasks to queue
[2026-03-20T09:42:51.044+0000] {logging_mixin.py:188} INFO - [2026-03-20T09:42:51.044+0000] {dagbag.py:538} INFO - Filling up the DagBag from /opt/airflow/dags/crawl_crypto_prices.py
[2026-03-20T09:42:51.056+0000] {processor.py:840} INFO - DAG(s) 'crawl_crypto_prices' retrieved from /opt/airflow/dags/crawl_crypto_prices.py
[2026-03-20T09:42:51.077+0000] {logging_mixin.py:188} INFO - [2026-03-20T09:42:51.077+0000] {dag.py:3036} INFO - Sync 1 DAGs
[2026-03-20T09:42:51.086+0000] {logging_mixin.py:188} INFO - [2026-03-20T09:42:51.086+0000] {dag.py:3823} INFO - Setting next_dagrun for crawl_crypto_prices to 2026-03-20 09:00:00+00:00, run_after=2026-03-20 10:00:00+00:00
[2026-03-20T09:42:51.092+0000] {processor.py:183} INFO - Processing /opt/airflow/dags/crawl_crypto_prices.py took 0.054 seconds
[2026-03-20T09:43:21.372+0000] {processor.py:161} INFO - Started process (PID=4794) to work on /opt/airflow/dags/crawl_crypto_prices.py
[2026-03-20T09:43:21.373+0000] {processor.py:830} INFO - Processing file /opt/airflow/dags/crawl_crypto_prices.py for tasks to queue
[2026-03-20T09:43:21.374+0000] {logging_mixin.py:188} INFO - [2026-03-20T09:43:21.373+0000] {dagbag.py:538} INFO - Filling up the DagBag from /opt/airflow/dags/crawl_crypto_prices.py
[2026-03-20T09:43:21.384+0000] {processor.py:840} INFO - DAG(s) 'crawl_crypto_prices' retrieved from /opt/airflow/dags/crawl_crypto_prices.py
[2026-03-20T09:43:21.403+0000] {logging_mixin.py:188} INFO - [2026-03-20T09:43:21.403+0000] {dag.py:3036} INFO - Sync 1 DAGs
[2026-03-20T09:43:21.415+0000] {logging_mixin.py:188} INFO - [2026-03-20T09:43:21.415+0000] {dag.py:3823} INFO - Setting next_dagrun for crawl_crypto_prices to 2026-03-20 09:00:00+00:00, run_after=2026-03-20 10:00:00+00:00
[2026-03-20T09:43:21.423+0000] {processor.py:183} INFO - Processing /opt/airflow/dags/crawl_crypto_prices.py took 0.055 seconds
[2026-03-20T09:43:51.705+0000] {processor.py:161} INFO - Started process (PID=4799) to work on /opt/airflow/dags/crawl_crypto_prices.py
[2026-03-20T09:43:51.706+0000] {processor.py:830} INFO - Processing file /opt/airflow/dags/crawl_crypto_prices.py for tasks to queue
[2026-03-20T09:43:51.707+0000] {logging_mixin.py:188} INFO - [2026-03-20T09:43:51.706+0000] {dagbag.py:538} INFO - Filling up the DagBag from /opt/airflow/dags/crawl_crypto_prices.py
[2026-03-20T09:43:51.717+0000] {processor.py:840} INFO - DAG(s) 'crawl_crypto_prices' retrieved from /opt/airflow/dags/crawl_crypto_prices.py
[2026-03-20T09:43:51.736+0000] {logging_mixin.py:188} INFO - [2026-03-20T09:43:51.736+0000] {dag.py:3036} INFO - Sync 1 DAGs
[2026-03-20T09:43:51.746+0000] {logging_mixin.py:188} INFO - [2026-03-20T09:43:51.746+0000] {dag.py:3823} INFO - Setting next_dagrun for crawl_crypto_prices to 2026-03-20 09:00:00+00:00, run_after=2026-03-20 10:00:00+00:00
[2026-03-20T09:43:51.754+0000] {processor.py:183} INFO - Processing /opt/airflow/dags/crawl_crypto_prices.py took 0.052 seconds
[2026-03-20T09:44:22.024+0000] {processor.py:161} INFO - Started process (PID=4804) to work on /opt/airflow/dags/crawl_crypto_prices.py
[2026-03-20T09:44:22.025+0000] {processor.py:830} INFO - Processing file /opt/airflow/dags/crawl_crypto_prices.py for tasks to queue
[2026-03-20T09:44:22.025+0000] {logging_mixin.py:188} INFO - [2026-03-20T09:44:22.025+0000] {dagbag.py:538} INFO - Filling up the DagBag from /opt/airflow/dags/crawl_crypto_prices.py
[2026-03-20T09:44:22.034+0000] {processor.py:840} INFO - DAG(s) 'crawl_crypto_prices' retrieved from /opt/airflow/dags/crawl_crypto_prices.py
[2026-03-20T09:44:22.047+0000] {logging_mixin.py:188} INFO - [2026-03-20T09:44:22.046+0000] {dag.py:3036} INFO - Sync 1 DAGs
[2026-03-20T09:44:22.055+0000] {logging_mixin.py:188} INFO - [2026-03-20T09:44:22.055+0000] {dag.py:3823} INFO - Setting next_dagrun for crawl_crypto_prices to 2026-03-20 09:00:00+00:00, run_after=2026-03-20 10:00:00+00:00
[2026-03-20T09:44:22.061+0000] {processor.py:183} INFO - Processing /opt/airflow/dags/crawl_crypto_prices.py took 0.040 seconds
[2026-03-20T09:44:52.330+0000] {processor.py:161} INFO - Started process (PID=4809) to work on /opt/airflow/dags/crawl_crypto_prices.py
[2026-03-20T09:44:52.331+0000] {processor.py:830} INFO - Processing file /opt/airflow/dags/crawl_crypto_prices.py for tasks to queue
[2026-03-20T09:44:52.332+0000] {logging_mixin.py:188} INFO - [2026-03-20T09:44:52.332+0000] {dagbag.py:538} INFO - Filling up the DagBag from /opt/airflow/dags/crawl_crypto_prices.py
[2026-03-20T09:44:52.342+0000] {processor.py:840} INFO - DAG(s) 'crawl_crypto_prices' retrieved from /opt/airflow/dags/crawl_crypto_prices.py
[2026-03-20T09:44:52.360+0000] {logging_mixin.py:188} INFO - [2026-03-20T09:44:52.360+0000] {dag.py:3036} INFO - Sync 1 DAGs
[2026-03-20T09:44:52.369+0000] {logging_mixin.py:188} INFO - [2026-03-20T09:44:52.369+0000] {dag.py:3823} INFO - Setting next_dagrun for crawl_crypto_prices to 2026-03-20 09:00:00+00:00, run_after=2026-03-20 10:00:00+00:00
[2026-03-20T09:44:52.376+0000] {processor.py:183} INFO - Processing /opt/airflow/dags/crawl_crypto_prices.py took 0.049 seconds
[2026-03-20T10:01:31.271+0000] {processor.py:161} INFO - Started process (PID=4818) to work on /opt/airflow/dags/crawl_crypto_prices.py
[2026-03-20T10:01:31.272+0000] {processor.py:830} INFO - Processing file /opt/airflow/dags/crawl_crypto_prices.py for tasks to queue
[2026-03-20T10:01:31.273+0000] {logging_mixin.py:188} INFO - [2026-03-20T10:01:31.272+0000] {dagbag.py:538} INFO - Filling up the DagBag from /opt/airflow/dags/crawl_crypto_prices.py
[2026-03-20T10:01:31.285+0000] {processor.py:840} INFO - DAG(s) 'crawl_crypto_prices' retrieved from /opt/airflow/dags/crawl_crypto_prices.py
[2026-03-20T10:01:31.312+0000] {logging_mixin.py:188} INFO - [2026-03-20T10:01:31.312+0000] {dag.py:3036} INFO - Sync 1 DAGs
[2026-03-20T10:01:31.332+0000] {logging_mixin.py:188} INFO - [2026-03-20T10:01:31.331+0000] {dag.py:3823} INFO - Setting next_dagrun for crawl_crypto_prices to 2026-03-20 10:00:00+00:00, run_after=2026-03-20 11:00:00+00:00
[2026-03-20T10:01:31.346+0000] {processor.py:183} INFO - Processing /opt/airflow/dags/crawl_crypto_prices.py took 0.078 seconds
[2026-03-20T10:04:50.405+0000] {processor.py:161} INFO - Started process (PID=4825) to work on /opt/airflow/dags/crawl_crypto_prices.py
[2026-03-20T10:04:50.406+0000] {processor.py:830} INFO - Processing file /opt/airflow/dags/crawl_crypto_prices.py for tasks to queue
[2026-03-20T10:04:50.407+0000] {logging_mixin.py:188} INFO - [2026-03-20T10:04:50.406+0000] {dagbag.py:538} INFO - Filling up the DagBag from /opt/airflow/dags/crawl_crypto_prices.py
[2026-03-20T10:04:50.419+0000] {processor.py:840} INFO - DAG(s) 'crawl_crypto_prices' retrieved from /opt/airflow/dags/crawl_crypto_prices.py
[2026-03-20T10:04:50.439+0000] {logging_mixin.py:188} INFO - [2026-03-20T10:04:50.439+0000] {dag.py:3036} INFO - Sync 1 DAGs
[2026-03-20T10:04:50.450+0000] {logging_mixin.py:188} INFO - [2026-03-20T10:04:50.450+0000] {dag.py:3823} INFO - Setting next_dagrun for crawl_crypto_prices to 2026-03-20 10:00:00+00:00, run_after=2026-03-20 11:00:00+00:00
[2026-03-20T10:04:50.458+0000] {processor.py:183} INFO - Processing /opt/airflow/dags/crawl_crypto_prices.py took 0.056 seconds
[2026-03-20T10:05:20.735+0000] {processor.py:161} INFO - Started process (PID=4830) to work on /opt/airflow/dags/crawl_crypto_prices.py
[2026-03-20T10:05:20.738+0000] {processor.py:830} INFO - Processing file /opt/airflow/dags/crawl_crypto_prices.py for tasks to queue
[2026-03-20T10:05:20.738+0000] {logging_mixin.py:188} INFO - [2026-03-20T10:05:20.738+0000] {dagbag.py:538} INFO - Filling up the DagBag from /opt/airflow/dags/crawl_crypto_prices.py
[2026-03-20T10:05:20.750+0000] {processor.py:840} INFO - DAG(s) 'crawl_crypto_prices' retrieved from /opt/airflow/dags/crawl_crypto_prices.py
[2026-03-20T10:05:20.770+0000] {logging_mixin.py:188} INFO - [2026-03-20T10:05:20.770+0000] {dag.py:3036} INFO - Sync 1 DAGs
[2026-03-20T10:05:20.780+0000] {logging_mixin.py:188} INFO - [2026-03-20T10:05:20.780+0000] {dag.py:3823} INFO - Setting next_dagrun for crawl_crypto_prices to 2026-03-20 10:00:00+00:00, run_after=2026-03-20 11:00:00+00:00
[2026-03-20T10:05:20.786+0000] {processor.py:183} INFO - Processing /opt/airflow/dags/crawl_crypto_prices.py took 0.055 seconds
[2026-03-20T10:05:51.074+0000] {processor.py:161} INFO - Started process (PID=4835) to work on /opt/airflow/dags/crawl_crypto_prices.py
[2026-03-20T10:05:51.076+0000] {processor.py:830} INFO - Processing file /opt/airflow/dags/crawl_crypto_prices.py for tasks to queue
[2026-03-20T10:05:51.077+0000] {logging_mixin.py:188} INFO - [2026-03-20T10:05:51.077+0000] {dagbag.py:538} INFO - Filling up the DagBag from /opt/airflow/dags/crawl_crypto_prices.py
[2026-03-20T10:05:51.091+0000] {processor.py:840} INFO - DAG(s) 'crawl_crypto_prices' retrieved from /opt/airflow/dags/crawl_crypto_prices.py
[2026-03-20T10:05:51.109+0000] {logging_mixin.py:188} INFO - [2026-03-20T10:05:51.109+0000] {dag.py:3036} INFO - Sync 1 DAGs
[2026-03-20T10:05:51.119+0000] {logging_mixin.py:188} INFO - [2026-03-20T10:05:51.119+0000] {dag.py:3823} INFO - Setting next_dagrun for crawl_crypto_prices to 2026-03-20 10:00:00+00:00, run_after=2026-03-20 11:00:00+00:00
[2026-03-20T10:05:51.124+0000] {processor.py:183} INFO - Processing /opt/airflow/dags/crawl_crypto_prices.py took 0.054 seconds
[2026-03-20T10:06:21.396+0000] {processor.py:161} INFO - Started process (PID=4840) to work on /opt/airflow/dags/crawl_crypto_prices.py
[2026-03-20T10:06:21.397+0000] {processor.py:830} INFO - Processing file /opt/airflow/dags/crawl_crypto_prices.py for tasks to queue
[2026-03-20T10:06:21.398+0000] {logging_mixin.py:188} INFO - [2026-03-20T10:06:21.398+0000] {dagbag.py:538} INFO - Filling up the DagBag from /opt/airflow/dags/crawl_crypto_prices.py
[2026-03-20T10:06:21.410+0000] {processor.py:840} INFO - DAG(s) 'crawl_crypto_prices' retrieved from /opt/airflow/dags/crawl_crypto_prices.py
[2026-03-20T10:06:21.431+0000] {logging_mixin.py:188} INFO - [2026-03-20T10:06:21.430+0000] {dag.py:3036} INFO - Sync 1 DAGs
[2026-03-20T10:06:21.440+0000] {logging_mixin.py:188} INFO - [2026-03-20T10:06:21.440+0000] {dag.py:3823} INFO - Setting next_dagrun for crawl_crypto_prices to 2026-03-20 10:00:00+00:00, run_after=2026-03-20 11:00:00+00:00
[2026-03-20T10:06:21.447+0000] {processor.py:183} INFO - Processing /opt/airflow/dags/crawl_crypto_prices.py took 0.053 seconds
[2026-03-20T10:06:51.725+0000] {processor.py:161} INFO - Started process (PID=4845) to work on /opt/airflow/dags/crawl_crypto_prices.py
[2026-03-20T10:06:51.725+0000] {processor.py:830} INFO - Processing file /opt/airflow/dags/crawl_crypto_prices.py for tasks to queue
[2026-03-20T10:06:51.726+0000] {logging_mixin.py:188} INFO - [2026-03-20T10:06:51.726+0000] {dagbag.py:538} INFO - Filling up the DagBag from /opt/airflow/dags/crawl_crypto_prices.py
[2026-03-20T10:06:51.733+0000] {processor.py:840} INFO - DAG(s) 'crawl_crypto_prices' retrieved from /opt/airflow/dags/crawl_crypto_prices.py
[2026-03-20T10:06:51.747+0000] {logging_mixin.py:188} INFO - [2026-03-20T10:06:51.747+0000] {dag.py:3036} INFO - Sync 1 DAGs
[2026-03-20T10:06:51.756+0000] {logging_mixin.py:188} INFO - [2026-03-20T10:06:51.756+0000] {dag.py:3823} INFO - Setting next_dagrun for crawl_crypto_prices to 2026-03-20 10:00:00+00:00, run_after=2026-03-20 11:00:00+00:00
[2026-03-20T10:06:51.762+0000] {processor.py:183} INFO - Processing /opt/airflow/dags/crawl_crypto_prices.py took 0.039 seconds
[2026-03-20T10:07:22.077+0000] {processor.py:161} INFO - Started process (PID=4850) to work on /opt/airflow/dags/crawl_crypto_prices.py
[2026-03-20T10:07:22.078+0000] {processor.py:830} INFO - Processing file /opt/airflow/dags/crawl_crypto_prices.py for tasks to queue
[2026-03-20T10:07:22.079+0000] {logging_mixin.py:188} INFO - [2026-03-20T10:07:22.079+0000] {dagbag.py:538} INFO - Filling up the DagBag from /opt/airflow/dags/crawl_crypto_prices.py
[2026-03-20T10:07:22.090+0000] {processor.py:840} INFO - DAG(s) 'crawl_crypto_prices' retrieved from /opt/airflow/dags/crawl_crypto_prices.py
[2026-03-20T10:07:22.110+0000] {logging_mixin.py:188} INFO - [2026-03-20T10:07:22.109+0000] {dag.py:3036} INFO - Sync 1 DAGs
[2026-03-20T10:07:22.121+0000] {logging_mixin.py:188} INFO - [2026-03-20T10:07:22.121+0000] {dag.py:3823} INFO - Setting next_dagrun for crawl_crypto_prices to 2026-03-20 10:00:00+00:00, run_after=2026-03-20 11:00:00+00:00
[2026-03-20T10:07:22.127+0000] {processor.py:183} INFO - Processing /opt/airflow/dags/crawl_crypto_prices.py took 0.054 seconds
[2026-03-20T10:07:52.401+0000] {processor.py:161} INFO - Started process (PID=4855) to work on /opt/airflow/dags/crawl_crypto_prices.py
[2026-03-20T10:07:52.402+0000] {processor.py:830} INFO - Processing file /opt/airflow/dags/crawl_crypto_prices.py for tasks to queue
[2026-03-20T10:07:52.402+0000] {logging_mixin.py:188} INFO - [2026-03-20T10:07:52.402+0000] {dagbag.py:538} INFO - Filling up the DagBag from /opt/airflow/dags/crawl_crypto_prices.py
[2026-03-20T10:07:52.413+0000] {processor.py:840} INFO - DAG(s) 'crawl_crypto_prices' retrieved from /opt/airflow/dags/crawl_crypto_prices.py
[2026-03-20T10:07:52.431+0000] {logging_mixin.py:188} INFO - [2026-03-20T10:07:52.431+0000] {dag.py:3036} INFO - Sync 1 DAGs
[2026-03-20T10:07:52.441+0000] {logging_mixin.py:188} INFO - [2026-03-20T10:07:52.441+0000] {dag.py:3823} INFO - Setting next_dagrun for crawl_crypto_prices to 2026-03-20 10:00:00+00:00, run_after=2026-03-20 11:00:00+00:00
[2026-03-20T10:07:52.448+0000] {processor.py:183} INFO - Processing /opt/airflow/dags/crawl_crypto_prices.py took 0.050 seconds
[2026-03-20T10:08:22.741+0000] {processor.py:161} INFO - Started process (PID=4860) to work on /opt/airflow/dags/crawl_crypto_prices.py
[2026-03-20T10:08:22.742+0000] {processor.py:830} INFO - Processing file /opt/airflow/dags/crawl_crypto_prices.py for tasks to queue
[2026-03-20T10:08:22.743+0000] {logging_mixin.py:188} INFO - [2026-03-20T10:08:22.742+0000] {dagbag.py:538} INFO - Filling up the DagBag from /opt/airflow/dags/crawl_crypto_prices.py
[2026-03-20T10:08:22.753+0000] {processor.py:840} INFO - DAG(s) 'crawl_crypto_prices' retrieved from /opt/airflow/dags/crawl_crypto_prices.py
[2026-03-20T10:08:22.772+0000] {logging_mixin.py:188} INFO - [2026-03-20T10:08:22.772+0000] {dag.py:3036} INFO - Sync 1 DAGs
[2026-03-20T10:08:22.784+0000] {logging_mixin.py:188} INFO - [2026-03-20T10:08:22.784+0000] {dag.py:3823} INFO - Setting next_dagrun for crawl_crypto_prices to 2026-03-20 10:00:00+00:00, run_after=2026-03-20 11:00:00+00:00
[2026-03-20T10:08:22.790+0000] {processor.py:183} INFO - Processing /opt/airflow/dags/crawl_crypto_prices.py took 0.052 seconds
[2026-03-20T10:08:53.012+0000] {processor.py:161} INFO - Started process (PID=4865) to work on /opt/airflow/dags/crawl_crypto_prices.py
[2026-03-20T10:08:53.013+0000] {processor.py:830} INFO - Processing file /opt/airflow/dags/crawl_crypto_prices.py for tasks to queue
[2026-03-20T10:08:53.013+0000] {logging_mixin.py:188} INFO - [2026-03-20T10:08:53.013+0000] {dagbag.py:538} INFO - Filling up the DagBag from /opt/airflow/dags/crawl_crypto_prices.py
[2026-03-20T10:08:53.023+0000] {processor.py:840} INFO - DAG(s) 'crawl_crypto_prices' retrieved from /opt/airflow/dags/crawl_crypto_prices.py
[2026-03-20T10:08:53.039+0000] {logging_mixin.py:188} INFO - [2026-03-20T10:08:53.039+0000] {dag.py:3036} INFO - Sync 1 DAGs
[2026-03-20T10:08:53.049+0000] {logging_mixin.py:188} INFO - [2026-03-20T10:08:53.049+0000] {dag.py:3823} INFO - Setting next_dagrun for crawl_crypto_prices to 2026-03-20 10:00:00+00:00, run_after=2026-03-20 11:00:00+00:00
[2026-03-20T10:08:53.055+0000] {processor.py:183} INFO - Processing /opt/airflow/dags/crawl_crypto_prices.py took 0.046 seconds
[2026-03-20T10:14:12.720+0000] {processor.py:161} INFO - Started process (PID=4870) to work on /opt/airflow/dags/crawl_crypto_prices.py
[2026-03-20T10:14:12.721+0000] {processor.py:830} INFO - Processing file /opt/airflow/dags/crawl_crypto_prices.py for tasks to queue
[2026-03-20T10:14:12.721+0000] {logging_mixin.py:188} INFO - [2026-03-20T10:14:12.721+0000] {dagbag.py:538} INFO - Filling up the DagBag from /opt/airflow/dags/crawl_crypto_prices.py
[2026-03-20T10:14:12.732+0000] {processor.py:840} INFO - DAG(s) 'crawl_crypto_prices' retrieved from /opt/airflow/dags/crawl_crypto_prices.py
[2026-03-20T10:14:12.752+0000] {logging_mixin.py:188} INFO - [2026-03-20T10:14:12.752+0000] {dag.py:3036} INFO - Sync 1 DAGs
[2026-03-20T10:14:12.763+0000] {logging_mixin.py:188} INFO - [2026-03-20T10:14:12.763+0000] {dag.py:3823} INFO - Setting next_dagrun for crawl_crypto_prices to 2026-03-20 10:00:00+00:00, run_after=2026-03-20 11:00:00+00:00
[2026-03-20T10:14:12.770+0000] {processor.py:183} INFO - Processing /opt/airflow/dags/crawl_crypto_prices.py took 0.053 seconds
[2026-03-20T10:14:43.035+0000] {processor.py:161} INFO - Started process (PID=4875) to work on /opt/airflow/dags/crawl_crypto_prices.py
[2026-03-20T10:14:43.036+0000] {processor.py:830} INFO - Processing file /opt/airflow/dags/crawl_crypto_prices.py for tasks to queue
[2026-03-20T10:14:43.037+0000] {logging_mixin.py:188} INFO - [2026-03-20T10:14:43.037+0000] {dagbag.py:538} INFO - Filling up the DagBag from /opt/airflow/dags/crawl_crypto_prices.py
[2026-03-20T10:14:43.049+0000] {processor.py:840} INFO - DAG(s) 'crawl_crypto_prices' retrieved from /opt/airflow/dags/crawl_crypto_prices.py
[2026-03-20T10:14:43.069+0000] {logging_mixin.py:188} INFO - [2026-03-20T10:14:43.069+0000] {dag.py:3036} INFO - Sync 1 DAGs
[2026-03-20T10:14:43.079+0000] {logging_mixin.py:188} INFO - [2026-03-20T10:14:43.079+0000] {dag.py:3823} INFO - Setting next_dagrun for crawl_crypto_prices to 2026-03-20 10:00:00+00:00, run_after=2026-03-20 11:00:00+00:00
[2026-03-20T10:14:43.085+0000] {processor.py:183} INFO - Processing /opt/airflow/dags/crawl_crypto_prices.py took 0.053 seconds
[2026-03-20T10:15:13.375+0000] {processor.py:161} INFO - Started process (PID=4880) to work on /opt/airflow/dags/crawl_crypto_prices.py
[2026-03-20T10:15:13.376+0000] {processor.py:830} INFO - Processing file /opt/airflow/dags/crawl_crypto_prices.py for tasks to queue
[2026-03-20T10:15:13.377+0000] {logging_mixin.py:188} INFO - [2026-03-20T10:15:13.377+0000] {dagbag.py:538} INFO - Filling up the DagBag from /opt/airflow/dags/crawl_crypto_prices.py
[2026-03-20T10:15:13.388+0000] {processor.py:840} INFO - DAG(s) 'crawl_crypto_prices' retrieved from /opt/airflow/dags/crawl_crypto_prices.py
[2026-03-20T10:15:13.402+0000] {logging_mixin.py:188} INFO - [2026-03-20T10:15:13.402+0000] {dag.py:3036} INFO - Sync 1 DAGs
[2026-03-20T10:15:13.412+0000] {logging_mixin.py:188} INFO - [2026-03-20T10:15:13.412+0000] {dag.py:3823} INFO - Setting next_dagrun for crawl_crypto_prices to 2026-03-20 10:00:00+00:00, run_after=2026-03-20 11:00:00+00:00
[2026-03-20T10:15:13.418+0000] {processor.py:183} INFO - Processing /opt/airflow/dags/crawl_crypto_prices.py took 0.047 seconds
[2026-03-20T10:15:43.642+0000] {processor.py:161} INFO - Started process (PID=4885) to work on /opt/airflow/dags/crawl_crypto_prices.py
[2026-03-20T10:15:43.643+0000] {processor.py:830} INFO - Processing file /opt/airflow/dags/crawl_crypto_prices.py for tasks to queue
[2026-03-20T10:15:43.644+0000] {logging_mixin.py:188} INFO - [2026-03-20T10:15:43.643+0000] {dagbag.py:538} INFO - Filling up the DagBag from /opt/airflow/dags/crawl_crypto_prices.py
[2026-03-20T10:15:43.660+0000] {processor.py:840} INFO - DAG(s) 'crawl_crypto_prices' retrieved from /opt/airflow/dags/crawl_crypto_prices.py
[2026-03-20T10:15:43.677+0000] {logging_mixin.py:188} INFO - [2026-03-20T10:15:43.677+0000] {dag.py:3036} INFO - Sync 1 DAGs
[2026-03-20T10:15:43.686+0000] {logging_mixin.py:188} INFO - [2026-03-20T10:15:43.686+0000] {dag.py:3823} INFO - Setting next_dagrun for crawl_crypto_prices to 2026-03-20 10:00:00+00:00, run_after=2026-03-20 11:00:00+00:00
[2026-03-20T10:15:43.692+0000] {processor.py:183} INFO - Processing /opt/airflow/dags/crawl_crypto_prices.py took 0.054 seconds
[2026-03-20T10:16:13.956+0000] {processor.py:161} INFO - Started process (PID=4890) to work on /opt/airflow/dags/crawl_crypto_prices.py
[2026-03-20T10:16:13.956+0000] {processor.py:830} INFO - Processing file /opt/airflow/dags/crawl_crypto_prices.py for tasks to queue
[2026-03-20T10:16:13.957+0000] {logging_mixin.py:188} INFO - [2026-03-20T10:16:13.957+0000] {dagbag.py:538} INFO - Filling up the DagBag from /opt/airflow/dags/crawl_crypto_prices.py
[2026-03-20T10:16:13.967+0000] {processor.py:840} INFO - DAG(s) 'crawl_crypto_prices' retrieved from /opt/airflow/dags/crawl_crypto_prices.py
[2026-03-20T10:16:13.989+0000] {logging_mixin.py:188} INFO - [2026-03-20T10:16:13.989+0000] {dag.py:3036} INFO - Sync 1 DAGs
[2026-03-20T10:16:13.999+0000] {logging_mixin.py:188} INFO - [2026-03-20T10:16:13.999+0000] {dag.py:3823} INFO - Setting next_dagrun for crawl_crypto_prices to 2026-03-20 10:00:00+00:00, run_after=2026-03-20 11:00:00+00:00
[2026-03-20T10:16:14.006+0000] {processor.py:183} INFO - Processing /opt/airflow/dags/crawl_crypto_prices.py took 0.054 seconds
[2026-03-20T10:16:44.202+0000] {processor.py:161} INFO - Started process (PID=4895) to work on /opt/airflow/dags/crawl_crypto_prices.py
[2026-03-20T10:16:44.202+0000] {processor.py:830} INFO - Processing file /opt/airflow/dags/crawl_crypto_prices.py for tasks to queue
[2026-03-20T10:16:44.203+0000] {logging_mixin.py:188} INFO - [2026-03-20T10:16:44.203+0000] {dagbag.py:538} INFO - Filling up the DagBag from /opt/airflow/dags/crawl_crypto_prices.py
[2026-03-20T10:16:44.213+0000] {processor.py:840} INFO - DAG(s) 'crawl_crypto_prices' retrieved from /opt/airflow/dags/crawl_crypto_prices.py
[2026-03-20T10:16:44.231+0000] {logging_mixin.py:188} INFO - [2026-03-20T10:16:44.231+0000] {dag.py:3036} INFO - Sync 1 DAGs
[2026-03-20T10:16:44.240+0000] {logging_mixin.py:188} INFO - [2026-03-20T10:16:44.240+0000] {dag.py:3823} INFO - Setting next_dagrun for crawl_crypto_prices to 2026-03-20 10:00:00+00:00, run_after=2026-03-20 11:00:00+00:00
[2026-03-20T10:16:44.247+0000] {processor.py:183} INFO - Processing /opt/airflow/dags/crawl_crypto_prices.py took 0.048 seconds
[2026-03-20T10:17:14.504+0000] {processor.py:161} INFO - Started process (PID=4900) to work on /opt/airflow/dags/crawl_crypto_prices.py
[2026-03-20T10:17:14.505+0000] {processor.py:830} INFO - Processing file /opt/airflow/dags/crawl_crypto_prices.py for tasks to queue
[2026-03-20T10:17:14.506+0000] {logging_mixin.py:188} INFO - [2026-03-20T10:17:14.506+0000] {dagbag.py:538} INFO - Filling up the DagBag from /opt/airflow/dags/crawl_crypto_prices.py
[2026-03-20T10:17:14.517+0000] {processor.py:840} INFO - DAG(s) 'crawl_crypto_prices' retrieved from /opt/airflow/dags/crawl_crypto_prices.py
[2026-03-20T10:17:14.537+0000] {logging_mixin.py:188} INFO - [2026-03-20T10:17:14.537+0000] {dag.py:3036} INFO - Sync 1 DAGs
[2026-03-20T10:17:14.547+0000] {logging_mixin.py:188} INFO - [2026-03-20T10:17:14.547+0000] {dag.py:3823} INFO - Setting next_dagrun for crawl_crypto_prices to 2026-03-20 10:00:00+00:00, run_after=2026-03-20 11:00:00+00:00
[2026-03-20T10:17:14.553+0000] {processor.py:183} INFO - Processing /opt/airflow/dags/crawl_crypto_prices.py took 0.052 seconds
[2026-03-20T10:17:44.811+0000] {processor.py:161} INFO - Started process (PID=4905) to work on /opt/airflow/dags/crawl_crypto_prices.py
[2026-03-20T10:17:44.812+0000] {processor.py:830} INFO - Processing file /opt/airflow/dags/crawl_crypto_prices.py for tasks to queue
[2026-03-20T10:17:44.813+0000] {logging_mixin.py:188} INFO - [2026-03-20T10:17:44.813+0000] {dagbag.py:538} INFO - Filling up the DagBag from /opt/airflow/dags/crawl_crypto_prices.py
[2026-03-20T10:17:44.822+0000] {processor.py:840} INFO - DAG(s) 'crawl_crypto_prices' retrieved from /opt/airflow/dags/crawl_crypto_prices.py
[2026-03-20T10:17:44.839+0000] {logging_mixin.py:188} INFO - [2026-03-20T10:17:44.839+0000] {dag.py:3036} INFO - Sync 1 DAGs
[2026-03-20T10:17:44.848+0000] {logging_mixin.py:188} INFO - [2026-03-20T10:17:44.848+0000] {dag.py:3823} INFO - Setting next_dagrun for crawl_crypto_prices to 2026-03-20 10:00:00+00:00, run_after=2026-03-20 11:00:00+00:00
[2026-03-20T10:17:44.854+0000] {processor.py:183} INFO - Processing /opt/airflow/dags/crawl_crypto_prices.py took 0.045 seconds
[2026-03-20T10:18:15.128+0000] {processor.py:161} INFO - Started process (PID=4910) to work on /opt/airflow/dags/crawl_crypto_prices.py
[2026-03-20T10:18:15.128+0000] {processor.py:830} INFO - Processing file /opt/airflow/dags/crawl_crypto_prices.py for tasks to queue
[2026-03-20T10:18:15.129+0000] {logging_mixin.py:188} INFO - [2026-03-20T10:18:15.129+0000] {dagbag.py:538} INFO - Filling up the DagBag from /opt/airflow/dags/crawl_crypto_prices.py
[2026-03-20T10:18:15.138+0000] {processor.py:840} INFO - DAG(s) 'crawl_crypto_prices' retrieved from /opt/airflow/dags/crawl_crypto_prices.py
[2026-03-20T10:18:15.155+0000] {logging_mixin.py:188} INFO - [2026-03-20T10:18:15.155+0000] {dag.py:3036} INFO - Sync 1 DAGs
[2026-03-20T10:18:15.164+0000] {logging_mixin.py:188} INFO - [2026-03-20T10:18:15.164+0000] {dag.py:3823} INFO - Setting next_dagrun for crawl_crypto_prices to 2026-03-20 10:00:00+00:00, run_after=2026-03-20 11:00:00+00:00
[2026-03-20T10:18:15.170+0000] {processor.py:183} INFO - Processing /opt/airflow/dags/crawl_crypto_prices.py took 0.045 seconds
[2026-03-20T10:18:45.456+0000] {processor.py:161} INFO - Started process (PID=4915) to work on /opt/airflow/dags/crawl_crypto_prices.py
[2026-03-20T10:18:45.457+0000] {processor.py:830} INFO - Processing file /opt/airflow/dags/crawl_crypto_prices.py for tasks to queue
[2026-03-20T10:18:45.458+0000] {logging_mixin.py:188} INFO - [2026-03-20T10:18:45.458+0000] {dagbag.py:538} INFO - Filling up the DagBag from /opt/airflow/dags/crawl_crypto_prices.py
[2026-03-20T10:18:45.470+0000] {processor.py:840} INFO - DAG(s) 'crawl_crypto_prices' retrieved from /opt/airflow/dags/crawl_crypto_prices.py
[2026-03-20T10:18:45.489+0000] {logging_mixin.py:188} INFO - [2026-03-20T10:18:45.489+0000] {dag.py:3036} INFO - Sync 1 DAGs
[2026-03-20T10:18:45.501+0000] {logging_mixin.py:188} INFO - [2026-03-20T10:18:45.501+0000] {dag.py:3823} INFO - Setting next_dagrun for crawl_crypto_prices to 2026-03-20 10:00:00+00:00, run_after=2026-03-20 11:00:00+00:00
[2026-03-20T10:18:45.509+0000] {processor.py:183} INFO - Processing /opt/airflow/dags/crawl_crypto_prices.py took 0.056 seconds
[2026-03-20T10:19:15.757+0000] {processor.py:161} INFO - Started process (PID=4920) to work on /opt/airflow/dags/crawl_crypto_prices.py
[2026-03-20T10:19:15.758+0000] {processor.py:830} INFO - Processing file /opt/airflow/dags/crawl_crypto_prices.py for tasks to queue
[2026-03-20T10:19:15.759+0000] {logging_mixin.py:188} INFO - [2026-03-20T10:19:15.759+0000] {dagbag.py:538} INFO - Filling up the DagBag from /opt/airflow/dags/crawl_crypto_prices.py
[2026-03-20T10:19:15.770+0000] {processor.py:840} INFO - DAG(s) 'crawl_crypto_prices' retrieved from /opt/airflow/dags/crawl_crypto_prices.py
[2026-03-20T10:19:15.790+0000] {logging_mixin.py:188} INFO - [2026-03-20T10:19:15.790+0000] {dag.py:3036} INFO - Sync 1 DAGs
[2026-03-20T10:19:15.802+0000] {logging_mixin.py:188} INFO - [2026-03-20T10:19:15.802+0000] {dag.py:3823} INFO - Setting next_dagrun for crawl_crypto_prices to 2026-03-20 10:00:00+00:00, run_after=2026-03-20 11:00:00+00:00
[2026-03-20T10:19:15.809+0000] {processor.py:183} INFO - Processing /opt/airflow/dags/crawl_crypto_prices.py took 0.055 seconds
[2026-03-20T10:19:46.030+0000] {processor.py:161} INFO - Started process (PID=4925) to work on /opt/airflow/dags/crawl_crypto_prices.py
[2026-03-20T10:19:46.030+0000] {processor.py:830} INFO - Processing file /opt/airflow/dags/crawl_crypto_prices.py for tasks to queue
[2026-03-20T10:19:46.031+0000] {logging_mixin.py:188} INFO - [2026-03-20T10:19:46.031+0000] {dagbag.py:538} INFO - Filling up the DagBag from /opt/airflow/dags/crawl_crypto_prices.py
[2026-03-20T10:19:46.040+0000] {processor.py:840} INFO - DAG(s) 'crawl_crypto_prices' retrieved from /opt/airflow/dags/crawl_crypto_prices.py
[2026-03-20T10:19:46.057+0000] {logging_mixin.py:188} INFO - [2026-03-20T10:19:46.057+0000] {dag.py:3036} INFO - Sync 1 DAGs
[2026-03-20T10:19:46.067+0000] {logging_mixin.py:188} INFO - [2026-03-20T10:19:46.067+0000] {dag.py:3823} INFO - Setting next_dagrun for crawl_crypto_prices to 2026-03-20 10:00:00+00:00, run_after=2026-03-20 11:00:00+00:00
[2026-03-20T10:19:46.073+0000] {processor.py:183} INFO - Processing /opt/airflow/dags/crawl_crypto_prices.py took 0.046 seconds
[2026-03-20T10:20:16.350+0000] {processor.py:161} INFO - Started process (PID=4930) to work on /opt/airflow/dags/crawl_crypto_prices.py
[2026-03-20T10:20:16.351+0000] {processor.py:830} INFO - Processing file /opt/airflow/dags/crawl_crypto_prices.py for tasks to queue
[2026-03-20T10:20:16.352+0000] {logging_mixin.py:188} INFO - [2026-03-20T10:20:16.351+0000] {dagbag.py:538} INFO - Filling up the DagBag from /opt/airflow/dags/crawl_crypto_prices.py
[2026-03-20T10:20:16.362+0000] {processor.py:840} INFO - DAG(s) 'crawl_crypto_prices' retrieved from /opt/airflow/dags/crawl_crypto_prices.py
[2026-03-20T10:20:16.381+0000] {logging_mixin.py:188} INFO - [2026-03-20T10:20:16.381+0000] {dag.py:3036} INFO - Sync 1 DAGs
[2026-03-20T10:20:16.392+0000] {logging_mixin.py:188} INFO - [2026-03-20T10:20:16.392+0000] {dag.py:3823} INFO - Setting next_dagrun for crawl_crypto_prices to 2026-03-20 10:00:00+00:00, run_after=2026-03-20 11:00:00+00:00
[2026-03-20T10:20:16.398+0000] {processor.py:183} INFO - Processing /opt/airflow/dags/crawl_crypto_prices.py took 0.052 seconds
[2026-03-20T10:20:46.687+0000] {processor.py:161} INFO - Started process (PID=4935) to work on /opt/airflow/dags/crawl_crypto_prices.py
[2026-03-20T10:20:46.688+0000] {processor.py:830} INFO - Processing file /opt/airflow/dags/crawl_crypto_prices.py for tasks to queue
[2026-03-20T10:20:46.689+0000] {logging_mixin.py:188} INFO - [2026-03-20T10:20:46.688+0000] {dagbag.py:538} INFO - Filling up the DagBag from /opt/airflow/dags/crawl_crypto_prices.py
[2026-03-20T10:20:46.700+0000] {processor.py:840} INFO - DAG(s) 'crawl_crypto_prices' retrieved from /opt/airflow/dags/crawl_crypto_prices.py
[2026-03-20T10:20:46.719+0000] {logging_mixin.py:188} INFO - [2026-03-20T10:20:46.719+0000] {dag.py:3036} INFO - Sync 1 DAGs
[2026-03-20T10:20:46.729+0000] {logging_mixin.py:188} INFO - [2026-03-20T10:20:46.729+0000] {dag.py:3823} INFO - Setting next_dagrun for crawl_crypto_prices to 2026-03-20 10:00:00+00:00, run_after=2026-03-20 11:00:00+00:00
[2026-03-20T10:20:46.736+0000] {processor.py:183} INFO - Processing /opt/airflow/dags/crawl_crypto_prices.py took 0.052 seconds
[2026-03-20T10:21:17.010+0000] {processor.py:161} INFO - Started process (PID=4940) to work on /opt/airflow/dags/crawl_crypto_prices.py
[2026-03-20T10:21:17.011+0000] {processor.py:830} INFO - Processing file /opt/airflow/dags/crawl_crypto_prices.py for tasks to queue
[2026-03-20T10:21:17.012+0000] {logging_mixin.py:188} INFO - [2026-03-20T10:21:17.012+0000] {dagbag.py:538} INFO - Filling up the DagBag from /opt/airflow/dags/crawl_crypto_prices.py
[2026-03-20T10:21:17.022+0000] {processor.py:840} INFO - DAG(s) 'crawl_crypto_prices' retrieved from /opt/airflow/dags/crawl_crypto_prices.py
[2026-03-20T10:21:17.041+0000] {logging_mixin.py:188} INFO - [2026-03-20T10:21:17.041+0000] {dag.py:3036} INFO - Sync 1 DAGs
[2026-03-20T10:21:17.050+0000] {logging_mixin.py:188} INFO - [2026-03-20T10:21:17.050+0000] {dag.py:3823} INFO - Setting next_dagrun for crawl_crypto_prices to 2026-03-20 10:00:00+00:00, run_after=2026-03-20 11:00:00+00:00
[2026-03-20T10:21:17.058+0000] {processor.py:183} INFO - Processing /opt/airflow/dags/crawl_crypto_prices.py took 0.050 seconds
[2026-03-20T10:21:47.344+0000] {processor.py:161} INFO - Started process (PID=4945) to work on /opt/airflow/dags/crawl_crypto_prices.py
[2026-03-20T10:21:47.345+0000] {processor.py:830} INFO - Processing file /opt/airflow/dags/crawl_crypto_prices.py for tasks to queue
[2026-03-20T10:21:47.345+0000] {logging_mixin.py:188} INFO - [2026-03-20T10:21:47.345+0000] {dagbag.py:538} INFO - Filling up the DagBag from /opt/airflow/dags/crawl_crypto_prices.py
[2026-03-20T10:21:47.355+0000] {processor.py:840} INFO - DAG(s) 'crawl_crypto_prices' retrieved from /opt/airflow/dags/crawl_crypto_prices.py
[2026-03-20T10:21:47.374+0000] {logging_mixin.py:188} INFO - [2026-03-20T10:21:47.373+0000] {dag.py:3036} INFO - Sync 1 DAGs
[2026-03-20T10:21:47.385+0000] {logging_mixin.py:188} INFO - [2026-03-20T10:21:47.385+0000] {dag.py:3823} INFO - Setting next_dagrun for crawl_crypto_prices to 2026-03-20 10:00:00+00:00, run_after=2026-03-20 11:00:00+00:00
[2026-03-20T10:21:47.392+0000] {processor.py:183} INFO - Processing /opt/airflow/dags/crawl_crypto_prices.py took 0.051 seconds
[2026-03-20T10:22:17.674+0000] {processor.py:161} INFO - Started process (PID=4950) to work on /opt/airflow/dags/crawl_crypto_prices.py
[2026-03-20T10:22:17.675+0000] {processor.py:830} INFO - Processing file /opt/airflow/dags/crawl_crypto_prices.py for tasks to queue
[2026-03-20T10:22:17.676+0000] {logging_mixin.py:188} INFO - [2026-03-20T10:22:17.676+0000] {dagbag.py:538} INFO - Filling up the DagBag from /opt/airflow/dags/crawl_crypto_prices.py
[2026-03-20T10:22:17.686+0000] {processor.py:840} INFO - DAG(s) 'crawl_crypto_prices' retrieved from /opt/airflow/dags/crawl_crypto_prices.py
[2026-03-20T10:22:17.704+0000] {logging_mixin.py:188} INFO - [2026-03-20T10:22:17.704+0000] {dag.py:3036} INFO - Sync 1 DAGs
[2026-03-20T10:22:17.714+0000] {logging_mixin.py:188} INFO - [2026-03-20T10:22:17.714+0000] {dag.py:3823} INFO - Setting next_dagrun for crawl_crypto_prices to 2026-03-20 10:00:00+00:00, run_after=2026-03-20 11:00:00+00:00
[2026-03-20T10:22:17.720+0000] {processor.py:183} INFO - Processing /opt/airflow/dags/crawl_crypto_prices.py took 0.049 seconds
[2026-03-20T10:22:47.971+0000] {processor.py:161} INFO - Started process (PID=4955) to work on /opt/airflow/dags/crawl_crypto_prices.py
[2026-03-20T10:22:47.972+0000] {processor.py:830} INFO - Processing file /opt/airflow/dags/crawl_crypto_prices.py for tasks to queue
[2026-03-20T10:22:47.972+0000] {logging_mixin.py:188} INFO - [2026-03-20T10:22:47.972+0000] {dagbag.py:538} INFO - Filling up the DagBag from /opt/airflow/dags/crawl_crypto_prices.py
[2026-03-20T10:22:47.978+0000] {processor.py:840} INFO - DAG(s) 'crawl_crypto_prices' retrieved from /opt/airflow/dags/crawl_crypto_prices.py
[2026-03-20T10:22:47.990+0000] {logging_mixin.py:188} INFO - [2026-03-20T10:22:47.990+0000] {dag.py:3036} INFO - Sync 1 DAGs
[2026-03-20T10:22:47.999+0000] {logging_mixin.py:188} INFO - [2026-03-20T10:22:47.999+0000] {dag.py:3823} INFO - Setting next_dagrun for crawl_crypto_prices to 2026-03-20 10:00:00+00:00, run_after=2026-03-20 11:00:00+00:00
[2026-03-20T10:22:48.005+0000] {processor.py:183} INFO - Processing /opt/airflow/dags/crawl_crypto_prices.py took 0.035 seconds
[2026-03-20T10:23:18.314+0000] {processor.py:161} INFO - Started process (PID=4960) to work on /opt/airflow/dags/crawl_crypto_prices.py
[2026-03-20T10:23:18.315+0000] {processor.py:830} INFO - Processing file /opt/airflow/dags/crawl_crypto_prices.py for tasks to queue
[2026-03-20T10:23:18.316+0000] {logging_mixin.py:188} INFO - [2026-03-20T10:23:18.316+0000] {dagbag.py:538} INFO - Filling up the DagBag from /opt/airflow/dags/crawl_crypto_prices.py
[2026-03-20T10:23:18.326+0000] {processor.py:840} INFO - DAG(s) 'crawl_crypto_prices' retrieved from /opt/airflow/dags/crawl_crypto_prices.py
[2026-03-20T10:23:18.343+0000] {logging_mixin.py:188} INFO - [2026-03-20T10:23:18.343+0000] {dag.py:3036} INFO - Sync 1 DAGs
[2026-03-20T10:23:18.355+0000] {logging_mixin.py:188} INFO - [2026-03-20T10:23:18.354+0000] {dag.py:3823} INFO - Setting next_dagrun for crawl_crypto_prices to 2026-03-20 10:00:00+00:00, run_after=2026-03-20 11:00:00+00:00
[2026-03-20T10:23:18.362+0000] {processor.py:183} INFO - Processing /opt/airflow/dags/crawl_crypto_prices.py took 0.051 seconds
[2026-03-20T10:23:48.638+0000] {processor.py:161} INFO - Started process (PID=4965) to work on /opt/airflow/dags/crawl_crypto_prices.py
[2026-03-20T10:23:48.639+0000] {processor.py:830} INFO - Processing file /opt/airflow/dags/crawl_crypto_prices.py for tasks to queue
[2026-03-20T10:23:48.640+0000] {logging_mixin.py:188} INFO - [2026-03-20T10:23:48.639+0000] {dagbag.py:538} INFO - Filling up the DagBag from /opt/airflow/dags/crawl_crypto_prices.py
[2026-03-20T10:23:48.651+0000] {processor.py:840} INFO - DAG(s) 'crawl_crypto_prices' retrieved from /opt/airflow/dags/crawl_crypto_prices.py
[2026-03-20T10:23:48.666+0000] {logging_mixin.py:188} INFO - [2026-03-20T10:23:48.666+0000] {dag.py:3036} INFO - Sync 1 DAGs
[2026-03-20T10:23:48.676+0000] {logging_mixin.py:188} INFO - [2026-03-20T10:23:48.676+0000] {dag.py:3823} INFO - Setting next_dagrun for crawl_crypto_prices to 2026-03-20 10:00:00+00:00, run_after=2026-03-20 11:00:00+00:00
[2026-03-20T10:23:48.682+0000] {processor.py:183} INFO - Processing /opt/airflow/dags/crawl_crypto_prices.py took 0.048 seconds
[2026-03-20T10:24:18.936+0000] {processor.py:161} INFO - Started process (PID=4970) to work on /opt/airflow/dags/crawl_crypto_prices.py
[2026-03-20T10:24:18.937+0000] {processor.py:830} INFO - Processing file /opt/airflow/dags/crawl_crypto_prices.py for tasks to queue
[2026-03-20T10:24:18.938+0000] {logging_mixin.py:188} INFO - [2026-03-20T10:24:18.937+0000] {dagbag.py:538} INFO - Filling up the DagBag from /opt/airflow/dags/crawl_crypto_prices.py
[2026-03-20T10:24:18.948+0000] {processor.py:840} INFO - DAG(s) 'crawl_crypto_prices' retrieved from /opt/airflow/dags/crawl_crypto_prices.py
[2026-03-20T10:24:18.966+0000] {logging_mixin.py:188} INFO - [2026-03-20T10:24:18.966+0000] {dag.py:3036} INFO - Sync 1 DAGs
[2026-03-20T10:24:18.976+0000] {logging_mixin.py:188} INFO - [2026-03-20T10:24:18.976+0000] {dag.py:3823} INFO - Setting next_dagrun for crawl_crypto_prices to 2026-03-20 10:00:00+00:00, run_after=2026-03-20 11:00:00+00:00
[2026-03-20T10:24:18.983+0000] {processor.py:183} INFO - Processing /opt/airflow/dags/crawl_crypto_prices.py took 0.050 seconds
[2026-03-20T10:24:49.199+0000] {processor.py:161} INFO - Started process (PID=4975) to work on /opt/airflow/dags/crawl_crypto_prices.py
[2026-03-20T10:24:49.200+0000] {processor.py:830} INFO - Processing file /opt/airflow/dags/crawl_crypto_prices.py for tasks to queue
[2026-03-20T10:24:49.201+0000] {logging_mixin.py:188} INFO - [2026-03-20T10:24:49.200+0000] {dagbag.py:538} INFO - Filling up the DagBag from /opt/airflow/dags/crawl_crypto_prices.py
[2026-03-20T10:24:49.211+0000] {processor.py:840} INFO - DAG(s) 'crawl_crypto_prices' retrieved from /opt/airflow/dags/crawl_crypto_prices.py
[2026-03-20T10:24:49.225+0000] {logging_mixin.py:188} INFO - [2026-03-20T10:24:49.225+0000] {dag.py:3036} INFO - Sync 1 DAGs
[2026-03-20T10:24:49.235+0000] {logging_mixin.py:188} INFO - [2026-03-20T10:24:49.234+0000] {dag.py:3823} INFO - Setting next_dagrun for crawl_crypto_prices to 2026-03-20 10:00:00+00:00, run_after=2026-03-20 11:00:00+00:00
[2026-03-20T10:24:49.241+0000] {processor.py:183} INFO - Processing /opt/airflow/dags/crawl_crypto_prices.py took 0.046 seconds
[2026-03-20T10:25:19.455+0000] {processor.py:161} INFO - Started process (PID=4980) to work on /opt/airflow/dags/crawl_crypto_prices.py
[2026-03-20T10:25:19.456+0000] {processor.py:830} INFO - Processing file /opt/airflow/dags/crawl_crypto_prices.py for tasks to queue
[2026-03-20T10:25:19.457+0000] {logging_mixin.py:188} INFO - [2026-03-20T10:25:19.456+0000] {dagbag.py:538} INFO - Filling up the DagBag from /opt/airflow/dags/crawl_crypto_prices.py
[2026-03-20T10:25:19.467+0000] {processor.py:840} INFO - DAG(s) 'crawl_crypto_prices' retrieved from /opt/airflow/dags/crawl_crypto_prices.py
[2026-03-20T10:25:19.484+0000] {logging_mixin.py:188} INFO - [2026-03-20T10:25:19.484+0000] {dag.py:3036} INFO - Sync 1 DAGs
[2026-03-20T10:25:19.494+0000] {logging_mixin.py:188} INFO - [2026-03-20T10:25:19.494+0000] {dag.py:3823} INFO - Setting next_dagrun for crawl_crypto_prices to 2026-03-20 10:00:00+00:00, run_after=2026-03-20 11:00:00+00:00
[2026-03-20T10:25:19.500+0000] {processor.py:183} INFO - Processing /opt/airflow/dags/crawl_crypto_prices.py took 0.048 seconds
[2026-03-20T10:25:49.725+0000] {processor.py:161} INFO - Started process (PID=4985) to work on /opt/airflow/dags/crawl_crypto_prices.py
[2026-03-20T10:25:49.726+0000] {processor.py:830} INFO - Processing file /opt/airflow/dags/crawl_crypto_prices.py for tasks to queue
[2026-03-20T10:25:49.726+0000] {logging_mixin.py:188} INFO - [2026-03-20T10:25:49.726+0000] {dagbag.py:538} INFO - Filling up the DagBag from /opt/airflow/dags/crawl_crypto_prices.py
[2026-03-20T10:25:49.736+0000] {processor.py:840} INFO - DAG(s) 'crawl_crypto_prices' retrieved from /opt/airflow/dags/crawl_crypto_prices.py
[2026-03-20T10:25:49.750+0000] {logging_mixin.py:188} INFO - [2026-03-20T10:25:49.750+0000] {dag.py:3036} INFO - Sync 1 DAGs
[2026-03-20T10:25:49.759+0000] {logging_mixin.py:188} INFO - [2026-03-20T10:25:49.759+0000] {dag.py:3823} INFO - Setting next_dagrun for crawl_crypto_prices to 2026-03-20 10:00:00+00:00, run_after=2026-03-20 11:00:00+00:00
[2026-03-20T10:25:49.766+0000] {processor.py:183} INFO - Processing /opt/airflow/dags/crawl_crypto_prices.py took 0.044 seconds
[2026-03-20T10:26:20.019+0000] {processor.py:161} INFO - Started process (PID=4990) to work on /opt/airflow/dags/crawl_crypto_prices.py
[2026-03-20T10:26:20.020+0000] {processor.py:830} INFO - Processing file /opt/airflow/dags/crawl_crypto_prices.py for tasks to queue
[2026-03-20T10:26:20.020+0000] {logging_mixin.py:188} INFO - [2026-03-20T10:26:20.020+0000] {dagbag.py:538} INFO - Filling up the DagBag from /opt/airflow/dags/crawl_crypto_prices.py
[2026-03-20T10:26:20.030+0000] {processor.py:840} INFO - DAG(s) 'crawl_crypto_prices' retrieved from /opt/airflow/dags/crawl_crypto_prices.py
[2026-03-20T10:26:20.051+0000] {logging_mixin.py:188} INFO - [2026-03-20T10:26:20.050+0000] {dag.py:3036} INFO - Sync 1 DAGs
[2026-03-20T10:26:20.062+0000] {logging_mixin.py:188} INFO - [2026-03-20T10:26:20.062+0000] {dag.py:3823} INFO - Setting next_dagrun for crawl_crypto_prices to 2026-03-20 10:00:00+00:00, run_after=2026-03-20 11:00:00+00:00
[2026-03-20T10:26:20.070+0000] {processor.py:183} INFO - Processing /opt/airflow/dags/crawl_crypto_prices.py took 0.053 seconds
[2026-03-20T10:26:50.288+0000] {processor.py:161} INFO - Started process (PID=4995) to work on /opt/airflow/dags/crawl_crypto_prices.py
[2026-03-20T10:26:50.289+0000] {processor.py:830} INFO - Processing file /opt/airflow/dags/crawl_crypto_prices.py for tasks to queue
[2026-03-20T10:26:50.290+0000] {logging_mixin.py:188} INFO - [2026-03-20T10:26:50.289+0000] {dagbag.py:538} INFO - Filling up the DagBag from /opt/airflow/dags/crawl_crypto_prices.py
[2026-03-20T10:26:50.298+0000] {processor.py:840} INFO - DAG(s) 'crawl_crypto_prices' retrieved from /opt/airflow/dags/crawl_crypto_prices.py
[2026-03-20T10:26:50.311+0000] {logging_mixin.py:188} INFO - [2026-03-20T10:26:50.311+0000] {dag.py:3036} INFO - Sync 1 DAGs
[2026-03-20T10:26:50.320+0000] {logging_mixin.py:188} INFO - [2026-03-20T10:26:50.320+0000] {dag.py:3823} INFO - Setting next_dagrun for crawl_crypto_prices to 2026-03-20 10:00:00+00:00, run_after=2026-03-20 11:00:00+00:00
[2026-03-20T10:26:50.326+0000] {processor.py:183} INFO - Processing /opt/airflow/dags/crawl_crypto_prices.py took 0.040 seconds
[2026-03-20T10:27:20.600+0000] {processor.py:161} INFO - Started process (PID=5000) to work on /opt/airflow/dags/crawl_crypto_prices.py
[2026-03-20T10:27:20.601+0000] {processor.py:830} INFO - Processing file /opt/airflow/dags/crawl_crypto_prices.py for tasks to queue
[2026-03-20T10:27:20.602+0000] {logging_mixin.py:188} INFO - [2026-03-20T10:27:20.601+0000] {dagbag.py:538} INFO - Filling up the DagBag from /opt/airflow/dags/crawl_crypto_prices.py
[2026-03-20T10:27:20.613+0000] {processor.py:840} INFO - DAG(s) 'crawl_crypto_prices' retrieved from /opt/airflow/dags/crawl_crypto_prices.py
[2026-03-20T10:27:20.632+0000] {logging_mixin.py:188} INFO - [2026-03-20T10:27:20.632+0000] {dag.py:3036} INFO - Sync 1 DAGs
[2026-03-20T10:27:20.642+0000] {logging_mixin.py:188} INFO - [2026-03-20T10:27:20.642+0000] {dag.py:3823} INFO - Setting next_dagrun for crawl_crypto_prices to 2026-03-20 10:00:00+00:00, run_after=2026-03-20 11:00:00+00:00
[2026-03-20T10:27:20.649+0000] {processor.py:183} INFO - Processing /opt/airflow/dags/crawl_crypto_prices.py took 0.053 seconds
[2026-03-20T10:27:50.938+0000] {processor.py:161} INFO - Started process (PID=5005) to work on /opt/airflow/dags/crawl_crypto_prices.py
[2026-03-20T10:27:50.939+0000] {processor.py:830} INFO - Processing file /opt/airflow/dags/crawl_crypto_prices.py for tasks to queue
[2026-03-20T10:27:50.939+0000] {logging_mixin.py:188} INFO - [2026-03-20T10:27:50.939+0000] {dagbag.py:538} INFO - Filling up the DagBag from /opt/airflow/dags/crawl_crypto_prices.py
[2026-03-20T10:27:50.950+0000] {processor.py:840} INFO - DAG(s) 'crawl_crypto_prices' retrieved from /opt/airflow/dags/crawl_crypto_prices.py
[2026-03-20T10:27:50.969+0000] {logging_mixin.py:188} INFO - [2026-03-20T10:27:50.969+0000] {dag.py:3036} INFO - Sync 1 DAGs
[2026-03-20T10:27:50.979+0000] {logging_mixin.py:188} INFO - [2026-03-20T10:27:50.979+0000] {dag.py:3823} INFO - Setting next_dagrun for crawl_crypto_prices to 2026-03-20 10:00:00+00:00, run_after=2026-03-20 11:00:00+00:00
[2026-03-20T10:27:50.985+0000] {processor.py:183} INFO - Processing /opt/airflow/dags/crawl_crypto_prices.py took 0.051 seconds
[2026-03-20T10:28:21.264+0000] {processor.py:161} INFO - Started process (PID=5010) to work on /opt/airflow/dags/crawl_crypto_prices.py
[2026-03-20T10:28:21.266+0000] {processor.py:830} INFO - Processing file /opt/airflow/dags/crawl_crypto_prices.py for tasks to queue
[2026-03-20T10:28:21.267+0000] {logging_mixin.py:188} INFO - [2026-03-20T10:28:21.266+0000] {dagbag.py:538} INFO - Filling up the DagBag from /opt/airflow/dags/crawl_crypto_prices.py
[2026-03-20T10:28:21.279+0000] {processor.py:840} INFO - DAG(s) 'crawl_crypto_prices' retrieved from /opt/airflow/dags/crawl_crypto_prices.py
[2026-03-20T10:28:21.296+0000] {logging_mixin.py:188} INFO - [2026-03-20T10:28:21.295+0000] {dag.py:3036} INFO - Sync 1 DAGs
[2026-03-20T10:28:21.305+0000] {logging_mixin.py:188} INFO - [2026-03-20T10:28:21.305+0000] {dag.py:3823} INFO - Setting next_dagrun for crawl_crypto_prices to 2026-03-20 10:00:00+00:00, run_after=2026-03-20 11:00:00+00:00
[2026-03-20T10:28:21.311+0000] {processor.py:183} INFO - Processing /opt/airflow/dags/crawl_crypto_prices.py took 0.051 seconds
[2026-03-20T10:28:51.595+0000] {processor.py:161} INFO - Started process (PID=5015) to work on /opt/airflow/dags/crawl_crypto_prices.py
[2026-03-20T10:28:51.596+0000] {processor.py:830} INFO - Processing file /opt/airflow/dags/crawl_crypto_prices.py for tasks to queue
[2026-03-20T10:28:51.597+0000] {logging_mixin.py:188} INFO - [2026-03-20T10:28:51.597+0000] {dagbag.py:538} INFO - Filling up the DagBag from /opt/airflow/dags/crawl_crypto_prices.py
[2026-03-20T10:28:51.608+0000] {processor.py:840} INFO - DAG(s) 'crawl_crypto_prices' retrieved from /opt/airflow/dags/crawl_crypto_prices.py
[2026-03-20T10:28:51.626+0000] {logging_mixin.py:188} INFO - [2026-03-20T10:28:51.626+0000] {dag.py:3036} INFO - Sync 1 DAGs
[2026-03-20T10:28:51.636+0000] {logging_mixin.py:188} INFO - [2026-03-20T10:28:51.636+0000] {dag.py:3823} INFO - Setting next_dagrun for crawl_crypto_prices to 2026-03-20 10:00:00+00:00, run_after=2026-03-20 11:00:00+00:00
[2026-03-20T10:28:51.643+0000] {processor.py:183} INFO - Processing /opt/airflow/dags/crawl_crypto_prices.py took 0.051 seconds
[2026-03-20T10:29:21.928+0000] {processor.py:161} INFO - Started process (PID=5020) to work on /opt/airflow/dags/crawl_crypto_prices.py
[2026-03-20T10:29:21.929+0000] {processor.py:830} INFO - Processing file /opt/airflow/dags/crawl_crypto_prices.py for tasks to queue
[2026-03-20T10:29:21.929+0000] {logging_mixin.py:188} INFO - [2026-03-20T10:29:21.929+0000] {dagbag.py:538} INFO - Filling up the DagBag from /opt/airflow/dags/crawl_crypto_prices.py
[2026-03-20T10:29:21.939+0000] {processor.py:840} INFO - DAG(s) 'crawl_crypto_prices' retrieved from /opt/airflow/dags/crawl_crypto_prices.py
[2026-03-20T10:29:21.953+0000] {logging_mixin.py:188} INFO - [2026-03-20T10:29:21.953+0000] {dag.py:3036} INFO - Sync 1 DAGs
[2026-03-20T10:29:21.963+0000] {logging_mixin.py:188} INFO - [2026-03-20T10:29:21.963+0000] {dag.py:3823} INFO - Setting next_dagrun for crawl_crypto_prices to 2026-03-20 10:00:00+00:00, run_after=2026-03-20 11:00:00+00:00
[2026-03-20T10:29:21.969+0000] {processor.py:183} INFO - Processing /opt/airflow/dags/crawl_crypto_prices.py took 0.044 seconds
[2026-03-20T10:29:52.209+0000] {processor.py:161} INFO - Started process (PID=5025) to work on /opt/airflow/dags/crawl_crypto_prices.py
[2026-03-20T10:29:52.210+0000] {processor.py:830} INFO - Processing file /opt/airflow/dags/crawl_crypto_prices.py for tasks to queue
[2026-03-20T10:29:52.211+0000] {logging_mixin.py:188} INFO - [2026-03-20T10:29:52.210+0000] {dagbag.py:538} INFO - Filling up the DagBag from /opt/airflow/dags/crawl_crypto_prices.py
[2026-03-20T10:29:52.220+0000] {processor.py:840} INFO - DAG(s) 'crawl_crypto_prices' retrieved from /opt/airflow/dags/crawl_crypto_prices.py
[2026-03-20T10:29:52.235+0000] {logging_mixin.py:188} INFO - [2026-03-20T10:29:52.235+0000] {dag.py:3036} INFO - Sync 1 DAGs
[2026-03-20T10:29:52.245+0000] {logging_mixin.py:188} INFO - [2026-03-20T10:29:52.245+0000] {dag.py:3823} INFO - Setting next_dagrun for crawl_crypto_prices to 2026-03-20 10:00:00+00:00, run_after=2026-03-20 11:00:00+00:00
[2026-03-20T10:29:52.251+0000] {processor.py:183} INFO - Processing /opt/airflow/dags/crawl_crypto_prices.py took 0.045 seconds
[2026-03-20T10:30:22.508+0000] {processor.py:161} INFO - Started process (PID=5030) to work on /opt/airflow/dags/crawl_crypto_prices.py
[2026-03-20T10:30:22.509+0000] {processor.py:830} INFO - Processing file /opt/airflow/dags/crawl_crypto_prices.py for tasks to queue
[2026-03-20T10:30:22.510+0000] {logging_mixin.py:188} INFO - [2026-03-20T10:30:22.510+0000] {dagbag.py:538} INFO - Filling up the DagBag from /opt/airflow/dags/crawl_crypto_prices.py
[2026-03-20T10:30:22.518+0000] {processor.py:840} INFO - DAG(s) 'crawl_crypto_prices' retrieved from /opt/airflow/dags/crawl_crypto_prices.py
[2026-03-20T10:30:22.532+0000] {logging_mixin.py:188} INFO - [2026-03-20T10:30:22.532+0000] {dag.py:3036} INFO - Sync 1 DAGs
[2026-03-20T10:30:22.541+0000] {logging_mixin.py:188} INFO - [2026-03-20T10:30:22.541+0000] {dag.py:3823} INFO - Setting next_dagrun for crawl_crypto_prices to 2026-03-20 10:00:00+00:00, run_after=2026-03-20 11:00:00+00:00
[2026-03-20T10:30:22.547+0000] {processor.py:183} INFO - Processing /opt/airflow/dags/crawl_crypto_prices.py took 0.041 seconds
[2026-03-20T10:30:53.215+0000] {processor.py:161} INFO - Started process (PID=5035) to work on /opt/airflow/dags/crawl_crypto_prices.py
[2026-03-20T10:30:53.216+0000] {processor.py:830} INFO - Processing file /opt/airflow/dags/crawl_crypto_prices.py for tasks to queue
[2026-03-20T10:30:53.217+0000] {logging_mixin.py:188} INFO - [2026-03-20T10:30:53.217+0000] {dagbag.py:538} INFO - Filling up the DagBag from /opt/airflow/dags/crawl_crypto_prices.py
[2026-03-20T10:30:53.229+0000] {processor.py:840} INFO - DAG(s) 'crawl_crypto_prices' retrieved from /opt/airflow/dags/crawl_crypto_prices.py
[2026-03-20T10:30:53.251+0000] {logging_mixin.py:188} INFO - [2026-03-20T10:30:53.251+0000] {dag.py:3036} INFO - Sync 1 DAGs
[2026-03-20T10:30:53.263+0000] {logging_mixin.py:188} INFO - [2026-03-20T10:30:53.263+0000] {dag.py:3823} INFO - Setting next_dagrun for crawl_crypto_prices to 2026-03-20 10:00:00+00:00, run_after=2026-03-20 11:00:00+00:00
[2026-03-20T10:30:53.270+0000] {processor.py:183} INFO - Processing /opt/airflow/dags/crawl_crypto_prices.py took 0.058 seconds
[2026-03-20T10:31:23.526+0000] {processor.py:161} INFO - Started process (PID=5040) to work on /opt/airflow/dags/crawl_crypto_prices.py
[2026-03-20T10:31:23.527+0000] {processor.py:830} INFO - Processing file /opt/airflow/dags/crawl_crypto_prices.py for tasks to queue
[2026-03-20T10:31:23.528+0000] {logging_mixin.py:188} INFO - [2026-03-20T10:31:23.527+0000] {dagbag.py:538} INFO - Filling up the DagBag from /opt/airflow/dags/crawl_crypto_prices.py
[2026-03-20T10:31:23.538+0000] {processor.py:840} INFO - DAG(s) 'crawl_crypto_prices' retrieved from /opt/airflow/dags/crawl_crypto_prices.py
[2026-03-20T10:31:23.557+0000] {logging_mixin.py:188} INFO - [2026-03-20T10:31:23.557+0000] {dag.py:3036} INFO - Sync 1 DAGs
[2026-03-20T10:31:23.566+0000] {logging_mixin.py:188} INFO - [2026-03-20T10:31:23.566+0000] {dag.py:3823} INFO - Setting next_dagrun for crawl_crypto_prices to 2026-03-20 10:00:00+00:00, run_after=2026-03-20 11:00:00+00:00
[2026-03-20T10:31:23.573+0000] {processor.py:183} INFO - Processing /opt/airflow/dags/crawl_crypto_prices.py took 0.050 seconds
[2026-03-20T10:31:53.885+0000] {processor.py:161} INFO - Started process (PID=5045) to work on /opt/airflow/dags/crawl_crypto_prices.py
[2026-03-20T10:31:53.886+0000] {processor.py:830} INFO - Processing file /opt/airflow/dags/crawl_crypto_prices.py for tasks to queue
[2026-03-20T10:31:53.887+0000] {logging_mixin.py:188} INFO - [2026-03-20T10:31:53.886+0000] {dagbag.py:538} INFO - Filling up the DagBag from /opt/airflow/dags/crawl_crypto_prices.py
[2026-03-20T10:31:53.897+0000] {processor.py:840} INFO - DAG(s) 'crawl_crypto_prices' retrieved from /opt/airflow/dags/crawl_crypto_prices.py
[2026-03-20T10:31:53.916+0000] {logging_mixin.py:188} INFO - [2026-03-20T10:31:53.916+0000] {dag.py:3036} INFO - Sync 1 DAGs
[2026-03-20T10:31:53.925+0000] {logging_mixin.py:188} INFO - [2026-03-20T10:31:53.925+0000] {dag.py:3823} INFO - Setting next_dagrun for crawl_crypto_prices to 2026-03-20 10:00:00+00:00, run_after=2026-03-20 11:00:00+00:00
[2026-03-20T10:31:53.931+0000] {processor.py:183} INFO - Processing /opt/airflow/dags/crawl_crypto_prices.py took 0.050 seconds
[2026-03-20T10:32:24.217+0000] {processor.py:161} INFO - Started process (PID=5050) to work on /opt/airflow/dags/crawl_crypto_prices.py
[2026-03-20T10:32:24.218+0000] {processor.py:830} INFO - Processing file /opt/airflow/dags/crawl_crypto_prices.py for tasks to queue
[2026-03-20T10:32:24.219+0000] {logging_mixin.py:188} INFO - [2026-03-20T10:32:24.219+0000] {dagbag.py:538} INFO - Filling up the DagBag from /opt/airflow/dags/crawl_crypto_prices.py
[2026-03-20T10:32:24.230+0000] {processor.py:840} INFO - DAG(s) 'crawl_crypto_prices' retrieved from /opt/airflow/dags/crawl_crypto_prices.py
[2026-03-20T10:32:24.249+0000] {logging_mixin.py:188} INFO - [2026-03-20T10:32:24.249+0000] {dag.py:3036} INFO - Sync 1 DAGs
[2026-03-20T10:32:24.259+0000] {logging_mixin.py:188} INFO - [2026-03-20T10:32:24.259+0000] {dag.py:3823} INFO - Setting next_dagrun for crawl_crypto_prices to 2026-03-20 10:00:00+00:00, run_after=2026-03-20 11:00:00+00:00
[2026-03-20T10:32:24.266+0000] {processor.py:183} INFO - Processing /opt/airflow/dags/crawl_crypto_prices.py took 0.052 seconds
[2026-03-20T10:32:54.529+0000] {processor.py:161} INFO - Started process (PID=5055) to work on /opt/airflow/dags/crawl_crypto_prices.py
[2026-03-20T10:32:54.529+0000] {processor.py:830} INFO - Processing file /opt/airflow/dags/crawl_crypto_prices.py for tasks to queue
[2026-03-20T10:32:54.530+0000] {logging_mixin.py:188} INFO - [2026-03-20T10:32:54.530+0000] {dagbag.py:538} INFO - Filling up the DagBag from /opt/airflow/dags/crawl_crypto_prices.py
[2026-03-20T10:32:54.540+0000] {processor.py:840} INFO - DAG(s) 'crawl_crypto_prices' retrieved from /opt/airflow/dags/crawl_crypto_prices.py
[2026-03-20T10:32:54.557+0000] {logging_mixin.py:188} INFO - [2026-03-20T10:32:54.557+0000] {dag.py:3036} INFO - Sync 1 DAGs
[2026-03-20T10:32:54.566+0000] {logging_mixin.py:188} INFO - [2026-03-20T10:32:54.566+0000] {dag.py:3823} INFO - Setting next_dagrun for crawl_crypto_prices to 2026-03-20 10:00:00+00:00, run_after=2026-03-20 11:00:00+00:00
[2026-03-20T10:32:54.573+0000] {processor.py:183} INFO - Processing /opt/airflow/dags/crawl_crypto_prices.py took 0.047 seconds
[2026-03-20T10:33:24.845+0000] {processor.py:161} INFO - Started process (PID=5060) to work on /opt/airflow/dags/crawl_crypto_prices.py
[2026-03-20T10:33:24.846+0000] {processor.py:830} INFO - Processing file /opt/airflow/dags/crawl_crypto_prices.py for tasks to queue
[2026-03-20T10:33:24.847+0000] {logging_mixin.py:188} INFO - [2026-03-20T10:33:24.846+0000] {dagbag.py:538} INFO - Filling up the DagBag from /opt/airflow/dags/crawl_crypto_prices.py
[2026-03-20T10:33:24.857+0000] {processor.py:840} INFO - DAG(s) 'crawl_crypto_prices' retrieved from /opt/airflow/dags/crawl_crypto_prices.py
[2026-03-20T10:33:24.875+0000] {logging_mixin.py:188} INFO - [2026-03-20T10:33:24.875+0000] {dag.py:3036} INFO - Sync 1 DAGs
[2026-03-20T10:33:24.886+0000] {logging_mixin.py:188} INFO - [2026-03-20T10:33:24.886+0000] {dag.py:3823} INFO - Setting next_dagrun for crawl_crypto_prices to 2026-03-20 10:00:00+00:00, run_after=2026-03-20 11:00:00+00:00
[2026-03-20T10:33:24.893+0000] {processor.py:183} INFO - Processing /opt/airflow/dags/crawl_crypto_prices.py took 0.051 seconds
[2026-03-20T10:33:55.139+0000] {processor.py:161} INFO - Started process (PID=5065) to work on /opt/airflow/dags/crawl_crypto_prices.py
[2026-03-20T10:33:55.140+0000] {processor.py:830} INFO - Processing file /opt/airflow/dags/crawl_crypto_prices.py for tasks to queue
[2026-03-20T10:33:55.141+0000] {logging_mixin.py:188} INFO - [2026-03-20T10:33:55.140+0000] {dagbag.py:538} INFO - Filling up the DagBag from /opt/airflow/dags/crawl_crypto_prices.py
[2026-03-20T10:33:55.152+0000] {processor.py:840} INFO - DAG(s) 'crawl_crypto_prices' retrieved from /opt/airflow/dags/crawl_crypto_prices.py
[2026-03-20T10:33:55.170+0000] {logging_mixin.py:188} INFO - [2026-03-20T10:33:55.170+0000] {dag.py:3036} INFO - Sync 1 DAGs
[2026-03-20T10:33:55.180+0000] {logging_mixin.py:188} INFO - [2026-03-20T10:33:55.180+0000] {dag.py:3823} INFO - Setting next_dagrun for crawl_crypto_prices to 2026-03-20 10:00:00+00:00, run_after=2026-03-20 11:00:00+00:00
[2026-03-20T10:33:55.186+0000] {processor.py:183} INFO - Processing /opt/airflow/dags/crawl_crypto_prices.py took 0.051 seconds
[2026-03-20T10:34:25.445+0000] {processor.py:161} INFO - Started process (PID=5070) to work on /opt/airflow/dags/crawl_crypto_prices.py
[2026-03-20T10:34:25.446+0000] {processor.py:830} INFO - Processing file /opt/airflow/dags/crawl_crypto_prices.py for tasks to queue
[2026-03-20T10:34:25.447+0000] {logging_mixin.py:188} INFO - [2026-03-20T10:34:25.447+0000] {dagbag.py:538} INFO - Filling up the DagBag from /opt/airflow/dags/crawl_crypto_prices.py
[2026-03-20T10:34:25.457+0000] {processor.py:840} INFO - DAG(s) 'crawl_crypto_prices' retrieved from /opt/airflow/dags/crawl_crypto_prices.py
[2026-03-20T10:34:25.475+0000] {logging_mixin.py:188} INFO - [2026-03-20T10:34:25.475+0000] {dag.py:3036} INFO - Sync 1 DAGs
[2026-03-20T10:34:25.484+0000] {logging_mixin.py:188} INFO - [2026-03-20T10:34:25.484+0000] {dag.py:3823} INFO - Setting next_dagrun for crawl_crypto_prices to 2026-03-20 10:00:00+00:00, run_after=2026-03-20 11:00:00+00:00
[2026-03-20T10:34:25.490+0000] {processor.py:183} INFO - Processing /opt/airflow/dags/crawl_crypto_prices.py took 0.048 seconds
[2026-03-20T10:34:55.726+0000] {processor.py:161} INFO - Started process (PID=5075) to work on /opt/airflow/dags/crawl_crypto_prices.py
[2026-03-20T10:34:55.727+0000] {processor.py:830} INFO - Processing file /opt/airflow/dags/crawl_crypto_prices.py for tasks to queue
[2026-03-20T10:34:55.728+0000] {logging_mixin.py:188} INFO - [2026-03-20T10:34:55.728+0000] {dagbag.py:538} INFO - Filling up the DagBag from /opt/airflow/dags/crawl_crypto_prices.py
[2026-03-20T10:34:55.739+0000] {processor.py:840} INFO - DAG(s) 'crawl_crypto_prices' retrieved from /opt/airflow/dags/crawl_crypto_prices.py
[2026-03-20T10:34:55.757+0000] {logging_mixin.py:188} INFO - [2026-03-20T10:34:55.757+0000] {dag.py:3036} INFO - Sync 1 DAGs
[2026-03-20T10:34:55.767+0000] {logging_mixin.py:188} INFO - [2026-03-20T10:34:55.767+0000] {dag.py:3823} INFO - Setting next_dagrun for crawl_crypto_prices to 2026-03-20 10:00:00+00:00, run_after=2026-03-20 11:00:00+00:00
[2026-03-20T10:34:55.774+0000] {processor.py:183} INFO - Processing /opt/airflow/dags/crawl_crypto_prices.py took 0.051 seconds
[2026-03-20T10:35:26.043+0000] {processor.py:161} INFO - Started process (PID=5080) to work on /opt/airflow/dags/crawl_crypto_prices.py
[2026-03-20T10:35:26.044+0000] {processor.py:830} INFO - Processing file /opt/airflow/dags/crawl_crypto_prices.py for tasks to queue
[2026-03-20T10:35:26.045+0000] {logging_mixin.py:188} INFO - [2026-03-20T10:35:26.045+0000] {dagbag.py:538} INFO - Filling up the DagBag from /opt/airflow/dags/crawl_crypto_prices.py
[2026-03-20T10:35:26.055+0000] {processor.py:840} INFO - DAG(s) 'crawl_crypto_prices' retrieved from /opt/airflow/dags/crawl_crypto_prices.py
[2026-03-20T10:35:26.074+0000] {logging_mixin.py:188} INFO - [2026-03-20T10:35:26.074+0000] {dag.py:3036} INFO - Sync 1 DAGs
[2026-03-20T10:35:26.085+0000] {logging_mixin.py:188} INFO - [2026-03-20T10:35:26.085+0000] {dag.py:3823} INFO - Setting next_dagrun for crawl_crypto_prices to 2026-03-20 10:00:00+00:00, run_after=2026-03-20 11:00:00+00:00
[2026-03-20T10:35:26.091+0000] {processor.py:183} INFO - Processing /opt/airflow/dags/crawl_crypto_prices.py took 0.051 seconds
[2026-03-20T10:35:56.376+0000] {processor.py:161} INFO - Started process (PID=5085) to work on /opt/airflow/dags/crawl_crypto_prices.py
[2026-03-20T10:35:56.377+0000] {processor.py:830} INFO - Processing file /opt/airflow/dags/crawl_crypto_prices.py for tasks to queue
[2026-03-20T10:35:56.378+0000] {logging_mixin.py:188} INFO - [2026-03-20T10:35:56.377+0000] {dagbag.py:538} INFO - Filling up the DagBag from /opt/airflow/dags/crawl_crypto_prices.py
[2026-03-20T10:35:56.388+0000] {processor.py:840} INFO - DAG(s) 'crawl_crypto_prices' retrieved from /opt/airflow/dags/crawl_crypto_prices.py
[2026-03-20T10:35:56.406+0000] {logging_mixin.py:188} INFO - [2026-03-20T10:35:56.406+0000] {dag.py:3036} INFO - Sync 1 DAGs
[2026-03-20T10:35:56.416+0000] {logging_mixin.py:188} INFO - [2026-03-20T10:35:56.416+0000] {dag.py:3823} INFO - Setting next_dagrun for crawl_crypto_prices to 2026-03-20 10:00:00+00:00, run_after=2026-03-20 11:00:00+00:00
[2026-03-20T10:35:56.423+0000] {processor.py:183} INFO - Processing /opt/airflow/dags/crawl_crypto_prices.py took 0.050 seconds
[2026-03-20T10:40:59.320+0000] {processor.py:161} INFO - Started process (PID=5090) to work on /opt/airflow/dags/crawl_crypto_prices.py
[2026-03-20T10:40:59.321+0000] {processor.py:830} INFO - Processing file /opt/airflow/dags/crawl_crypto_prices.py for tasks to queue
[2026-03-20T10:40:59.321+0000] {logging_mixin.py:188} INFO - [2026-03-20T10:40:59.321+0000] {dagbag.py:538} INFO - Filling up the DagBag from /opt/airflow/dags/crawl_crypto_prices.py
[2026-03-20T10:40:59.335+0000] {processor.py:840} INFO - DAG(s) 'crawl_crypto_prices' retrieved from /opt/airflow/dags/crawl_crypto_prices.py
[2026-03-20T10:40:59.350+0000] {logging_mixin.py:188} INFO - [2026-03-20T10:40:59.350+0000] {dag.py:3036} INFO - Sync 1 DAGs
[2026-03-20T10:40:59.360+0000] {logging_mixin.py:188} INFO - [2026-03-20T10:40:59.360+0000] {dag.py:3823} INFO - Setting next_dagrun for crawl_crypto_prices to 2026-03-20 10:00:00+00:00, run_after=2026-03-20 11:00:00+00:00
[2026-03-20T10:40:59.367+0000] {processor.py:183} INFO - Processing /opt/airflow/dags/crawl_crypto_prices.py took 0.049 seconds
[2026-03-20T10:41:29.684+0000] {processor.py:161} INFO - Started process (PID=5097) to work on /opt/airflow/dags/crawl_crypto_prices.py
[2026-03-20T10:41:29.685+0000] {processor.py:830} INFO - Processing file /opt/airflow/dags/crawl_crypto_prices.py for tasks to queue
[2026-03-20T10:41:29.686+0000] {logging_mixin.py:188} INFO - [2026-03-20T10:41:29.685+0000] {dagbag.py:538} INFO - Filling up the DagBag from /opt/airflow/dags/crawl_crypto_prices.py
[2026-03-20T10:41:29.698+0000] {processor.py:840} INFO - DAG(s) 'crawl_crypto_prices' retrieved from /opt/airflow/dags/crawl_crypto_prices.py
[2026-03-20T10:41:29.722+0000] {logging_mixin.py:188} INFO - [2026-03-20T10:41:29.722+0000] {dag.py:3036} INFO - Sync 1 DAGs
[2026-03-20T10:41:29.734+0000] {logging_mixin.py:188} INFO - [2026-03-20T10:41:29.733+0000] {dag.py:3823} INFO - Setting next_dagrun for crawl_crypto_prices to 2026-03-20 10:00:00+00:00, run_after=2026-03-20 11:00:00+00:00
[2026-03-20T10:41:29.740+0000] {processor.py:183} INFO - Processing /opt/airflow/dags/crawl_crypto_prices.py took 0.060 seconds
[2026-03-20T10:41:59.985+0000] {processor.py:161} INFO - Started process (PID=5102) to work on /opt/airflow/dags/crawl_crypto_prices.py
[2026-03-20T10:41:59.986+0000] {processor.py:830} INFO - Processing file /opt/airflow/dags/crawl_crypto_prices.py for tasks to queue
[2026-03-20T10:41:59.987+0000] {logging_mixin.py:188} INFO - [2026-03-20T10:41:59.987+0000] {dagbag.py:538} INFO - Filling up the DagBag from /opt/airflow/dags/crawl_crypto_prices.py
[2026-03-20T10:41:59.997+0000] {processor.py:840} INFO - DAG(s) 'crawl_crypto_prices' retrieved from /opt/airflow/dags/crawl_crypto_prices.py
[2026-03-20T10:42:00.015+0000] {logging_mixin.py:188} INFO - [2026-03-20T10:42:00.015+0000] {dag.py:3036} INFO - Sync 1 DAGs
[2026-03-20T10:42:00.025+0000] {logging_mixin.py:188} INFO - [2026-03-20T10:42:00.025+0000] {dag.py:3823} INFO - Setting next_dagrun for crawl_crypto_prices to 2026-03-20 10:00:00+00:00, run_after=2026-03-20 11:00:00+00:00
[2026-03-20T10:42:00.031+0000] {processor.py:183} INFO - Processing /opt/airflow/dags/crawl_crypto_prices.py took 0.050 seconds
[2026-03-20T10:42:30.323+0000] {processor.py:161} INFO - Started process (PID=5107) to work on /opt/airflow/dags/crawl_crypto_prices.py
[2026-03-20T10:42:30.324+0000] {processor.py:830} INFO - Processing file /opt/airflow/dags/crawl_crypto_prices.py for tasks to queue
[2026-03-20T10:42:30.324+0000] {logging_mixin.py:188} INFO - [2026-03-20T10:42:30.324+0000] {dagbag.py:538} INFO - Filling up the DagBag from /opt/airflow/dags/crawl_crypto_prices.py
[2026-03-20T10:42:30.336+0000] {processor.py:840} INFO - DAG(s) 'crawl_crypto_prices' retrieved from /opt/airflow/dags/crawl_crypto_prices.py
[2026-03-20T10:42:30.355+0000] {logging_mixin.py:188} INFO - [2026-03-20T10:42:30.355+0000] {dag.py:3036} INFO - Sync 1 DAGs
[2026-03-20T10:42:30.365+0000] {logging_mixin.py:188} INFO - [2026-03-20T10:42:30.365+0000] {dag.py:3823} INFO - Setting next_dagrun for crawl_crypto_prices to 2026-03-20 10:00:00+00:00, run_after=2026-03-20 11:00:00+00:00
[2026-03-20T10:42:30.371+0000] {processor.py:183} INFO - Processing /opt/airflow/dags/crawl_crypto_prices.py took 0.053 seconds
[2026-03-20T10:43:00.670+0000] {processor.py:161} INFO - Started process (PID=5112) to work on /opt/airflow/dags/crawl_crypto_prices.py
[2026-03-20T10:43:00.672+0000] {processor.py:830} INFO - Processing file /opt/airflow/dags/crawl_crypto_prices.py for tasks to queue
[2026-03-20T10:43:00.673+0000] {logging_mixin.py:188} INFO - [2026-03-20T10:43:00.672+0000] {dagbag.py:538} INFO - Filling up the DagBag from /opt/airflow/dags/crawl_crypto_prices.py
[2026-03-20T10:43:00.684+0000] {processor.py:840} INFO - DAG(s) 'crawl_crypto_prices' retrieved from /opt/airflow/dags/crawl_crypto_prices.py
[2026-03-20T10:43:00.702+0000] {logging_mixin.py:188} INFO - [2026-03-20T10:43:00.702+0000] {dag.py:3036} INFO - Sync 1 DAGs
[2026-03-20T10:43:00.711+0000] {logging_mixin.py:188} INFO - [2026-03-20T10:43:00.711+0000] {dag.py:3823} INFO - Setting next_dagrun for crawl_crypto_prices to 2026-03-20 10:00:00+00:00, run_after=2026-03-20 11:00:00+00:00
[2026-03-20T10:43:00.718+0000] {processor.py:183} INFO - Processing /opt/airflow/dags/crawl_crypto_prices.py took 0.053 seconds
[2026-03-20T10:43:30.995+0000] {processor.py:161} INFO - Started process (PID=5117) to work on /opt/airflow/dags/crawl_crypto_prices.py
[2026-03-20T10:43:30.996+0000] {processor.py:830} INFO - Processing file /opt/airflow/dags/crawl_crypto_prices.py for tasks to queue
[2026-03-20T10:43:30.997+0000] {logging_mixin.py:188} INFO - [2026-03-20T10:43:30.997+0000] {dagbag.py:538} INFO - Filling up the DagBag from /opt/airflow/dags/crawl_crypto_prices.py
[2026-03-20T10:43:31.008+0000] {processor.py:840} INFO - DAG(s) 'crawl_crypto_prices' retrieved from /opt/airflow/dags/crawl_crypto_prices.py
[2026-03-20T10:43:31.026+0000] {logging_mixin.py:188} INFO - [2026-03-20T10:43:31.026+0000] {dag.py:3036} INFO - Sync 1 DAGs
[2026-03-20T10:43:31.036+0000] {logging_mixin.py:188} INFO - [2026-03-20T10:43:31.036+0000] {dag.py:3823} INFO - Setting next_dagrun for crawl_crypto_prices to 2026-03-20 10:00:00+00:00, run_after=2026-03-20 11:00:00+00:00
[2026-03-20T10:43:31.044+0000] {processor.py:183} INFO - Processing /opt/airflow/dags/crawl_crypto_prices.py took 0.051 seconds
[2026-03-20T10:44:01.300+0000] {processor.py:161} INFO - Started process (PID=5122) to work on /opt/airflow/dags/crawl_crypto_prices.py
[2026-03-20T10:44:01.301+0000] {processor.py:830} INFO - Processing file /opt/airflow/dags/crawl_crypto_prices.py for tasks to queue
[2026-03-20T10:44:01.302+0000] {logging_mixin.py:188} INFO - [2026-03-20T10:44:01.302+0000] {dagbag.py:538} INFO - Filling up the DagBag from /opt/airflow/dags/crawl_crypto_prices.py
[2026-03-20T10:44:01.311+0000] {processor.py:840} INFO - DAG(s) 'crawl_crypto_prices' retrieved from /opt/airflow/dags/crawl_crypto_prices.py
[2026-03-20T10:44:01.329+0000] {logging_mixin.py:188} INFO - [2026-03-20T10:44:01.328+0000] {dag.py:3036} INFO - Sync 1 DAGs
[2026-03-20T10:44:01.339+0000] {logging_mixin.py:188} INFO - [2026-03-20T10:44:01.338+0000] {dag.py:3823} INFO - Setting next_dagrun for crawl_crypto_prices to 2026-03-20 10:00:00+00:00, run_after=2026-03-20 11:00:00+00:00
[2026-03-20T10:44:01.345+0000] {processor.py:183} INFO - Processing /opt/airflow/dags/crawl_crypto_prices.py took 0.048 seconds
[2026-03-20T10:44:31.635+0000] {processor.py:161} INFO - Started process (PID=5127) to work on /opt/airflow/dags/crawl_crypto_prices.py
[2026-03-20T10:44:31.636+0000] {processor.py:830} INFO - Processing file /opt/airflow/dags/crawl_crypto_prices.py for tasks to queue
[2026-03-20T10:44:31.637+0000] {logging_mixin.py:188} INFO - [2026-03-20T10:44:31.637+0000] {dagbag.py:538} INFO - Filling up the DagBag from /opt/airflow/dags/crawl_crypto_prices.py
[2026-03-20T10:44:31.649+0000] {processor.py:840} INFO - DAG(s) 'crawl_crypto_prices' retrieved from /opt/airflow/dags/crawl_crypto_prices.py
[2026-03-20T10:44:31.668+0000] {logging_mixin.py:188} INFO - [2026-03-20T10:44:31.668+0000] {dag.py:3036} INFO - Sync 1 DAGs
[2026-03-20T10:44:31.678+0000] {logging_mixin.py:188} INFO - [2026-03-20T10:44:31.678+0000] {dag.py:3823} INFO - Setting next_dagrun for crawl_crypto_prices to 2026-03-20 10:00:00+00:00, run_after=2026-03-20 11:00:00+00:00
[2026-03-20T10:44:31.684+0000] {processor.py:183} INFO - Processing /opt/airflow/dags/crawl_crypto_prices.py took 0.052 seconds
[2026-03-20T10:45:01.970+0000] {processor.py:161} INFO - Started process (PID=5132) to work on /opt/airflow/dags/crawl_crypto_prices.py
[2026-03-20T10:45:01.970+0000] {processor.py:830} INFO - Processing file /opt/airflow/dags/crawl_crypto_prices.py for tasks to queue
[2026-03-20T10:45:01.971+0000] {logging_mixin.py:188} INFO - [2026-03-20T10:45:01.971+0000] {dagbag.py:538} INFO - Filling up the DagBag from /opt/airflow/dags/crawl_crypto_prices.py
[2026-03-20T10:45:01.980+0000] {processor.py:840} INFO - DAG(s) 'crawl_crypto_prices' retrieved from /opt/airflow/dags/crawl_crypto_prices.py
[2026-03-20T10:45:01.998+0000] {logging_mixin.py:188} INFO - [2026-03-20T10:45:01.998+0000] {dag.py:3036} INFO - Sync 1 DAGs
[2026-03-20T10:45:02.008+0000] {logging_mixin.py:188} INFO - [2026-03-20T10:45:02.008+0000] {dag.py:3823} INFO - Setting next_dagrun for crawl_crypto_prices to 2026-03-20 10:00:00+00:00, run_after=2026-03-20 11:00:00+00:00
[2026-03-20T10:45:02.014+0000] {processor.py:183} INFO - Processing /opt/airflow/dags/crawl_crypto_prices.py took 0.047 seconds
[2026-03-20T10:45:32.255+0000] {processor.py:161} INFO - Started process (PID=5137) to work on /opt/airflow/dags/crawl_crypto_prices.py
[2026-03-20T10:45:32.255+0000] {processor.py:830} INFO - Processing file /opt/airflow/dags/crawl_crypto_prices.py for tasks to queue
[2026-03-20T10:45:32.256+0000] {logging_mixin.py:188} INFO - [2026-03-20T10:45:32.256+0000] {dagbag.py:538} INFO - Filling up the DagBag from /opt/airflow/dags/crawl_crypto_prices.py
[2026-03-20T10:45:32.262+0000] {processor.py:840} INFO - DAG(s) 'crawl_crypto_prices' retrieved from /opt/airflow/dags/crawl_crypto_prices.py
[2026-03-20T10:45:32.272+0000] {logging_mixin.py:188} INFO - [2026-03-20T10:45:32.272+0000] {dag.py:3036} INFO - Sync 1 DAGs
[2026-03-20T10:45:32.280+0000] {logging_mixin.py:188} INFO - [2026-03-20T10:45:32.280+0000] {dag.py:3823} INFO - Setting next_dagrun for crawl_crypto_prices to 2026-03-20 10:00:00+00:00, run_after=2026-03-20 11:00:00+00:00
[2026-03-20T10:45:32.286+0000] {processor.py:183} INFO - Processing /opt/airflow/dags/crawl_crypto_prices.py took 0.034 seconds
[2026-03-20T10:46:02.564+0000] {processor.py:161} INFO - Started process (PID=5142) to work on /opt/airflow/dags/crawl_crypto_prices.py
[2026-03-20T10:46:02.565+0000] {processor.py:830} INFO - Processing file /opt/airflow/dags/crawl_crypto_prices.py for tasks to queue
[2026-03-20T10:46:02.566+0000] {logging_mixin.py:188} INFO - [2026-03-20T10:46:02.566+0000] {dagbag.py:538} INFO - Filling up the DagBag from /opt/airflow/dags/crawl_crypto_prices.py
[2026-03-20T10:46:02.575+0000] {processor.py:840} INFO - DAG(s) 'crawl_crypto_prices' retrieved from /opt/airflow/dags/crawl_crypto_prices.py
[2026-03-20T10:46:02.597+0000] {logging_mixin.py:188} INFO - [2026-03-20T10:46:02.597+0000] {dag.py:3036} INFO - Sync 1 DAGs
[2026-03-20T10:46:02.608+0000] {logging_mixin.py:188} INFO - [2026-03-20T10:46:02.608+0000] {dag.py:3823} INFO - Setting next_dagrun for crawl_crypto_prices to 2026-03-20 10:00:00+00:00, run_after=2026-03-20 11:00:00+00:00
[2026-03-20T10:46:02.615+0000] {processor.py:183} INFO - Processing /opt/airflow/dags/crawl_crypto_prices.py took 0.054 seconds
[2026-03-20T10:46:32.849+0000] {processor.py:161} INFO - Started process (PID=5147) to work on /opt/airflow/dags/crawl_crypto_prices.py
[2026-03-20T10:46:32.850+0000] {processor.py:830} INFO - Processing file /opt/airflow/dags/crawl_crypto_prices.py for tasks to queue
[2026-03-20T10:46:32.850+0000] {logging_mixin.py:188} INFO - [2026-03-20T10:46:32.850+0000] {dagbag.py:538} INFO - Filling up the DagBag from /opt/airflow/dags/crawl_crypto_prices.py
[2026-03-20T10:46:32.859+0000] {processor.py:840} INFO - DAG(s) 'crawl_crypto_prices' retrieved from /opt/airflow/dags/crawl_crypto_prices.py
[2026-03-20T10:46:32.877+0000] {logging_mixin.py:188} INFO - [2026-03-20T10:46:32.877+0000] {dag.py:3036} INFO - Sync 1 DAGs
[2026-03-20T10:46:32.888+0000] {logging_mixin.py:188} INFO - [2026-03-20T10:46:32.887+0000] {dag.py:3823} INFO - Setting next_dagrun for crawl_crypto_prices to 2026-03-20 10:00:00+00:00, run_after=2026-03-20 11:00:00+00:00
[2026-03-20T10:46:32.894+0000] {processor.py:183} INFO - Processing /opt/airflow/dags/crawl_crypto_prices.py took 0.048 seconds
[2026-03-20T10:47:03.144+0000] {processor.py:161} INFO - Started process (PID=5152) to work on /opt/airflow/dags/crawl_crypto_prices.py
[2026-03-20T10:47:03.145+0000] {processor.py:830} INFO - Processing file /opt/airflow/dags/crawl_crypto_prices.py for tasks to queue
[2026-03-20T10:47:03.146+0000] {logging_mixin.py:188} INFO - [2026-03-20T10:47:03.146+0000] {dagbag.py:538} INFO - Filling up the DagBag from /opt/airflow/dags/crawl_crypto_prices.py
[2026-03-20T10:47:03.156+0000] {processor.py:840} INFO - DAG(s) 'crawl_crypto_prices' retrieved from /opt/airflow/dags/crawl_crypto_prices.py
[2026-03-20T10:47:03.175+0000] {logging_mixin.py:188} INFO - [2026-03-20T10:47:03.175+0000] {dag.py:3036} INFO - Sync 1 DAGs
[2026-03-20T10:47:03.185+0000] {logging_mixin.py:188} INFO - [2026-03-20T10:47:03.185+0000] {dag.py:3823} INFO - Setting next_dagrun for crawl_crypto_prices to 2026-03-20 10:00:00+00:00, run_after=2026-03-20 11:00:00+00:00
[2026-03-20T10:47:03.192+0000] {processor.py:183} INFO - Processing /opt/airflow/dags/crawl_crypto_prices.py took 0.051 seconds
[2026-03-20T10:47:33.467+0000] {processor.py:161} INFO - Started process (PID=5157) to work on /opt/airflow/dags/crawl_crypto_prices.py
[2026-03-20T10:47:33.468+0000] {processor.py:830} INFO - Processing file /opt/airflow/dags/crawl_crypto_prices.py for tasks to queue
[2026-03-20T10:47:33.468+0000] {logging_mixin.py:188} INFO - [2026-03-20T10:47:33.468+0000] {dagbag.py:538} INFO - Filling up the DagBag from /opt/airflow/dags/crawl_crypto_prices.py
[2026-03-20T10:47:33.476+0000] {processor.py:840} INFO - DAG(s) 'crawl_crypto_prices' retrieved from /opt/airflow/dags/crawl_crypto_prices.py
[2026-03-20T10:47:33.493+0000] {logging_mixin.py:188} INFO - [2026-03-20T10:47:33.493+0000] {dag.py:3036} INFO - Sync 1 DAGs
[2026-03-20T10:47:33.504+0000] {logging_mixin.py:188} INFO - [2026-03-20T10:47:33.504+0000] {dag.py:3823} INFO - Setting next_dagrun for crawl_crypto_prices to 2026-03-20 10:00:00+00:00, run_after=2026-03-20 11:00:00+00:00
[2026-03-20T10:47:33.512+0000] {processor.py:183} INFO - Processing /opt/airflow/dags/crawl_crypto_prices.py took 0.047 seconds
[2026-03-20T10:48:03.786+0000] {processor.py:161} INFO - Started process (PID=5162) to work on /opt/airflow/dags/crawl_crypto_prices.py
[2026-03-20T10:48:03.788+0000] {processor.py:830} INFO - Processing file /opt/airflow/dags/crawl_crypto_prices.py for tasks to queue
[2026-03-20T10:48:03.788+0000] {logging_mixin.py:188} INFO - [2026-03-20T10:48:03.788+0000] {dagbag.py:538} INFO - Filling up the DagBag from /opt/airflow/dags/crawl_crypto_prices.py
[2026-03-20T10:48:03.798+0000] {processor.py:840} INFO - DAG(s) 'crawl_crypto_prices' retrieved from /opt/airflow/dags/crawl_crypto_prices.py
[2026-03-20T10:48:03.815+0000] {logging_mixin.py:188} INFO - [2026-03-20T10:48:03.815+0000] {dag.py:3036} INFO - Sync 1 DAGs
[2026-03-20T10:48:03.824+0000] {logging_mixin.py:188} INFO - [2026-03-20T10:48:03.824+0000] {dag.py:3823} INFO - Setting next_dagrun for crawl_crypto_prices to 2026-03-20 10:00:00+00:00, run_after=2026-03-20 11:00:00+00:00
[2026-03-20T10:48:03.830+0000] {processor.py:183} INFO - Processing /opt/airflow/dags/crawl_crypto_prices.py took 0.047 seconds
[2026-03-20T10:48:34.083+0000] {processor.py:161} INFO - Started process (PID=5167) to work on /opt/airflow/dags/crawl_crypto_prices.py
[2026-03-20T10:48:34.084+0000] {processor.py:830} INFO - Processing file /opt/airflow/dags/crawl_crypto_prices.py for tasks to queue
[2026-03-20T10:48:34.084+0000] {logging_mixin.py:188} INFO - [2026-03-20T10:48:34.084+0000] {dagbag.py:538} INFO - Filling up the DagBag from /opt/airflow/dags/crawl_crypto_prices.py
[2026-03-20T10:48:34.095+0000] {processor.py:840} INFO - DAG(s) 'crawl_crypto_prices' retrieved from /opt/airflow/dags/crawl_crypto_prices.py
[2026-03-20T10:48:34.113+0000] {logging_mixin.py:188} INFO - [2026-03-20T10:48:34.113+0000] {dag.py:3036} INFO - Sync 1 DAGs
[2026-03-20T10:48:34.124+0000] {logging_mixin.py:188} INFO - [2026-03-20T10:48:34.124+0000] {dag.py:3823} INFO - Setting next_dagrun for crawl_crypto_prices to 2026-03-20 10:00:00+00:00, run_after=2026-03-20 11:00:00+00:00
[2026-03-20T10:48:34.130+0000] {processor.py:183} INFO - Processing /opt/airflow/dags/crawl_crypto_prices.py took 0.051 seconds
[2026-03-20T10:49:04.408+0000] {processor.py:161} INFO - Started process (PID=5172) to work on /opt/airflow/dags/crawl_crypto_prices.py
[2026-03-20T10:49:04.408+0000] {processor.py:830} INFO - Processing file /opt/airflow/dags/crawl_crypto_prices.py for tasks to queue
[2026-03-20T10:49:04.409+0000] {logging_mixin.py:188} INFO - [2026-03-20T10:49:04.409+0000] {dagbag.py:538} INFO - Filling up the DagBag from /opt/airflow/dags/crawl_crypto_prices.py
[2026-03-20T10:49:04.418+0000] {processor.py:840} INFO - DAG(s) 'crawl_crypto_prices' retrieved from /opt/airflow/dags/crawl_crypto_prices.py
[2026-03-20T10:49:04.435+0000] {logging_mixin.py:188} INFO - [2026-03-20T10:49:04.435+0000] {dag.py:3036} INFO - Sync 1 DAGs
[2026-03-20T10:49:04.444+0000] {logging_mixin.py:188} INFO - [2026-03-20T10:49:04.444+0000] {dag.py:3823} INFO - Setting next_dagrun for crawl_crypto_prices to 2026-03-20 10:00:00+00:00, run_after=2026-03-20 11:00:00+00:00
[2026-03-20T10:49:04.450+0000] {processor.py:183} INFO - Processing /opt/airflow/dags/crawl_crypto_prices.py took 0.045 seconds
[2026-03-20T10:49:34.763+0000] {processor.py:161} INFO - Started process (PID=5177) to work on /opt/airflow/dags/crawl_crypto_prices.py
[2026-03-20T10:49:34.764+0000] {processor.py:830} INFO - Processing file /opt/airflow/dags/crawl_crypto_prices.py for tasks to queue
[2026-03-20T10:49:34.765+0000] {logging_mixin.py:188} INFO - [2026-03-20T10:49:34.765+0000] {dagbag.py:538} INFO - Filling up the DagBag from /opt/airflow/dags/crawl_crypto_prices.py
[2026-03-20T10:49:34.776+0000] {processor.py:840} INFO - DAG(s) 'crawl_crypto_prices' retrieved from /opt/airflow/dags/crawl_crypto_prices.py
[2026-03-20T10:49:34.793+0000] {logging_mixin.py:188} INFO - [2026-03-20T10:49:34.793+0000] {dag.py:3036} INFO - Sync 1 DAGs
[2026-03-20T10:49:34.803+0000] {logging_mixin.py:188} INFO - [2026-03-20T10:49:34.803+0000] {dag.py:3823} INFO - Setting next_dagrun for crawl_crypto_prices to 2026-03-20 10:00:00+00:00, run_after=2026-03-20 11:00:00+00:00
[2026-03-20T10:49:34.810+0000] {processor.py:183} INFO - Processing /opt/airflow/dags/crawl_crypto_prices.py took 0.050 seconds
[2026-03-20T10:55:37.160+0000] {processor.py:161} INFO - Started process (PID=5182) to work on /opt/airflow/dags/crawl_crypto_prices.py
[2026-03-20T10:55:37.160+0000] {processor.py:830} INFO - Processing file /opt/airflow/dags/crawl_crypto_prices.py for tasks to queue
[2026-03-20T10:55:37.161+0000] {logging_mixin.py:188} INFO - [2026-03-20T10:55:37.161+0000] {dagbag.py:538} INFO - Filling up the DagBag from /opt/airflow/dags/crawl_crypto_prices.py
[2026-03-20T10:55:37.169+0000] {processor.py:840} INFO - DAG(s) 'crawl_crypto_prices' retrieved from /opt/airflow/dags/crawl_crypto_prices.py
[2026-03-20T10:55:37.186+0000] {logging_mixin.py:188} INFO - [2026-03-20T10:55:37.186+0000] {dag.py:3036} INFO - Sync 1 DAGs
[2026-03-20T10:55:37.196+0000] {logging_mixin.py:188} INFO - [2026-03-20T10:55:37.196+0000] {dag.py:3823} INFO - Setting next_dagrun for crawl_crypto_prices to 2026-03-20 10:00:00+00:00, run_after=2026-03-20 11:00:00+00:00
[2026-03-20T10:55:37.202+0000] {processor.py:183} INFO - Processing /opt/airflow/dags/crawl_crypto_prices.py took 0.045 seconds
[2026-03-20T10:57:01.788+0000] {processor.py:161} INFO - Started process (PID=5189) to work on /opt/airflow/dags/crawl_crypto_prices.py
[2026-03-20T10:57:01.789+0000] {processor.py:830} INFO - Processing file /opt/airflow/dags/crawl_crypto_prices.py for tasks to queue
[2026-03-20T10:57:01.789+0000] {logging_mixin.py:188} INFO - [2026-03-20T10:57:01.789+0000] {dagbag.py:538} INFO - Filling up the DagBag from /opt/airflow/dags/crawl_crypto_prices.py
[2026-03-20T10:57:01.801+0000] {processor.py:840} INFO - DAG(s) 'crawl_crypto_prices' retrieved from /opt/airflow/dags/crawl_crypto_prices.py
[2026-03-20T10:57:01.817+0000] {logging_mixin.py:188} INFO - [2026-03-20T10:57:01.817+0000] {dag.py:3036} INFO - Sync 1 DAGs
[2026-03-20T10:57:01.826+0000] {logging_mixin.py:188} INFO - [2026-03-20T10:57:01.826+0000] {dag.py:3823} INFO - Setting next_dagrun for crawl_crypto_prices to 2026-03-20 10:00:00+00:00, run_after=2026-03-20 11:00:00+00:00
[2026-03-20T10:57:01.832+0000] {processor.py:183} INFO - Processing /opt/airflow/dags/crawl_crypto_prices.py took 0.047 seconds
[2026-03-20T11:00:21.418+0000] {processor.py:161} INFO - Started process (PID=5194) to work on /opt/airflow/dags/crawl_crypto_prices.py
[2026-03-20T11:00:21.419+0000] {processor.py:830} INFO - Processing file /opt/airflow/dags/crawl_crypto_prices.py for tasks to queue
[2026-03-20T11:00:21.420+0000] {logging_mixin.py:188} INFO - [2026-03-20T11:00:21.419+0000] {dagbag.py:538} INFO - Filling up the DagBag from /opt/airflow/dags/crawl_crypto_prices.py
[2026-03-20T11:00:21.429+0000] {processor.py:840} INFO - DAG(s) 'crawl_crypto_prices' retrieved from /opt/airflow/dags/crawl_crypto_prices.py
[2026-03-20T11:00:21.449+0000] {logging_mixin.py:188} INFO - [2026-03-20T11:00:21.448+0000] {dag.py:3036} INFO - Sync 1 DAGs
[2026-03-20T11:00:21.466+0000] {logging_mixin.py:188} INFO - [2026-03-20T11:00:21.466+0000] {dag.py:3823} INFO - Setting next_dagrun for crawl_crypto_prices to 2026-03-20 10:00:00+00:00, run_after=2026-03-20 11:00:00+00:00
[2026-03-20T11:00:21.481+0000] {processor.py:183} INFO - Processing /opt/airflow/dags/crawl_crypto_prices.py took 0.064 seconds
[2026-03-20T12:19:45.465+0000] {processor.py:161} INFO - Started process (PID=5203) to work on /opt/airflow/dags/crawl_crypto_prices.py
[2026-03-20T12:19:45.469+0000] {processor.py:830} INFO - Processing file /opt/airflow/dags/crawl_crypto_prices.py for tasks to queue
[2026-03-20T12:19:45.471+0000] {logging_mixin.py:188} INFO - [2026-03-20T12:19:45.470+0000] {dagbag.py:538} INFO - Filling up the DagBag from /opt/airflow/dags/crawl_crypto_prices.py
[2026-03-20T12:19:45.493+0000] {processor.py:840} INFO - DAG(s) 'crawl_crypto_prices' retrieved from /opt/airflow/dags/crawl_crypto_prices.py
[2026-03-20T12:19:45.537+0000] {logging_mixin.py:188} INFO - [2026-03-20T12:19:45.537+0000] {dag.py:3036} INFO - Sync 1 DAGs
[2026-03-20T12:19:45.563+0000] {logging_mixin.py:188} INFO - [2026-03-20T12:19:45.563+0000] {dag.py:3823} INFO - Setting next_dagrun for crawl_crypto_prices to 2026-03-20 12:00:00+00:00, run_after=2026-03-20 13:00:00+00:00
[2026-03-20T12:19:45.598+0000] {processor.py:183} INFO - Processing /opt/airflow/dags/crawl_crypto_prices.py took 0.140 seconds
[2026-03-20T13:42:44.771+0000] {processor.py:161} INFO - Started process (PID=5210) to work on /opt/airflow/dags/crawl_crypto_prices.py
[2026-03-20T13:42:44.772+0000] {processor.py:830} INFO - Processing file /opt/airflow/dags/crawl_crypto_prices.py for tasks to queue
[2026-03-20T13:42:44.773+0000] {logging_mixin.py:188} INFO - [2026-03-20T13:42:44.773+0000] {dagbag.py:538} INFO - Filling up the DagBag from /opt/airflow/dags/crawl_crypto_prices.py
[2026-03-20T13:42:44.784+0000] {processor.py:840} INFO - DAG(s) 'crawl_crypto_prices' retrieved from /opt/airflow/dags/crawl_crypto_prices.py
[2026-03-20T13:42:44.809+0000] {logging_mixin.py:188} INFO - [2026-03-20T13:42:44.808+0000] {dag.py:3036} INFO - Sync 1 DAGs
[2026-03-20T13:42:44.829+0000] {logging_mixin.py:188} INFO - [2026-03-20T13:42:44.829+0000] {dag.py:3823} INFO - Setting next_dagrun for crawl_crypto_prices to 2026-03-20 12:00:00+00:00, run_after=2026-03-20 13:00:00+00:00
[2026-03-20T13:42:44.847+0000] {processor.py:183} INFO - Processing /opt/airflow/dags/crawl_crypto_prices.py took 0.079 seconds
[2026-03-20T14:32:26.844+0000] {processor.py:161} INFO - Started process (PID=5217) to work on /opt/airflow/dags/crawl_crypto_prices.py
[2026-03-20T14:32:26.845+0000] {processor.py:830} INFO - Processing file /opt/airflow/dags/crawl_crypto_prices.py for tasks to queue
[2026-03-20T14:32:26.846+0000] {logging_mixin.py:188} INFO - [2026-03-20T14:32:26.845+0000] {dagbag.py:538} INFO - Filling up the DagBag from /opt/airflow/dags/crawl_crypto_prices.py
[2026-03-20T14:32:26.863+0000] {processor.py:840} INFO - DAG(s) 'crawl_crypto_prices' retrieved from /opt/airflow/dags/crawl_crypto_prices.py
[2026-03-20T14:32:26.890+0000] {logging_mixin.py:188} INFO - [2026-03-20T14:32:26.889+0000] {dag.py:3036} INFO - Sync 1 DAGs
[2026-03-20T14:32:26.916+0000] {logging_mixin.py:188} INFO - [2026-03-20T14:32:26.915+0000] {dag.py:3823} INFO - Setting next_dagrun for crawl_crypto_prices to 2026-03-20 13:00:00+00:00, run_after=2026-03-20 14:00:00+00:00
[2026-03-20T14:32:26.936+0000] {processor.py:183} INFO - Processing /opt/airflow/dags/crawl_crypto_prices.py took 0.097 seconds
[2026-03-20T15:14:03.800+0000] {processor.py:161} INFO - Started process (PID=5226) to work on /opt/airflow/dags/crawl_crypto_prices.py
[2026-03-20T15:14:03.801+0000] {processor.py:830} INFO - Processing file /opt/airflow/dags/crawl_crypto_prices.py for tasks to queue
[2026-03-20T15:14:03.803+0000] {logging_mixin.py:188} INFO - [2026-03-20T15:14:03.802+0000] {dagbag.py:538} INFO - Filling up the DagBag from /opt/airflow/dags/crawl_crypto_prices.py
[2026-03-20T15:14:03.820+0000] {processor.py:840} INFO - DAG(s) 'crawl_crypto_prices' retrieved from /opt/airflow/dags/crawl_crypto_prices.py
[2026-03-20T15:14:03.847+0000] {logging_mixin.py:188} INFO - [2026-03-20T15:14:03.847+0000] {dag.py:3036} INFO - Sync 1 DAGs
[2026-03-20T15:14:03.870+0000] {logging_mixin.py:188} INFO - [2026-03-20T15:14:03.869+0000] {dag.py:3823} INFO - Setting next_dagrun for crawl_crypto_prices to 2026-03-20 15:00:00+00:00, run_after=2026-03-20 16:00:00+00:00
[2026-03-20T15:14:03.891+0000] {processor.py:183} INFO - Processing /opt/airflow/dags/crawl_crypto_prices.py took 0.096 seconds
[2026-03-20T15:15:04.619+0000] {processor.py:161} INFO - Started process (PID=5233) to work on /opt/airflow/dags/crawl_crypto_prices.py
[2026-03-20T15:15:04.620+0000] {processor.py:830} INFO - Processing file /opt/airflow/dags/crawl_crypto_prices.py for tasks to queue
[2026-03-20T15:15:04.621+0000] {logging_mixin.py:188} INFO - [2026-03-20T15:15:04.621+0000] {dagbag.py:538} INFO - Filling up the DagBag from /opt/airflow/dags/crawl_crypto_prices.py
[2026-03-20T15:15:04.631+0000] {processor.py:840} INFO - DAG(s) 'crawl_crypto_prices' retrieved from /opt/airflow/dags/crawl_crypto_prices.py
[2026-03-20T15:15:04.649+0000] {logging_mixin.py:188} INFO - [2026-03-20T15:15:04.649+0000] {dag.py:3036} INFO - Sync 1 DAGs
[2026-03-20T15:15:04.659+0000] {logging_mixin.py:188} INFO - [2026-03-20T15:15:04.659+0000] {dag.py:3823} INFO - Setting next_dagrun for crawl_crypto_prices to 2026-03-20 15:00:00+00:00, run_after=2026-03-20 16:00:00+00:00
[2026-03-20T15:15:04.666+0000] {processor.py:183} INFO - Processing /opt/airflow/dags/crawl_crypto_prices.py took 0.049 seconds
[2026-03-20T15:15:50.159+0000] {processor.py:161} INFO - Started process (PID=5238) to work on /opt/airflow/dags/crawl_crypto_prices.py
[2026-03-20T15:15:50.160+0000] {processor.py:830} INFO - Processing file /opt/airflow/dags/crawl_crypto_prices.py for tasks to queue
[2026-03-20T15:15:50.161+0000] {logging_mixin.py:188} INFO - [2026-03-20T15:15:50.160+0000] {dagbag.py:538} INFO - Filling up the DagBag from /opt/airflow/dags/crawl_crypto_prices.py
[2026-03-20T15:15:50.171+0000] {processor.py:840} INFO - DAG(s) 'crawl_crypto_prices' retrieved from /opt/airflow/dags/crawl_crypto_prices.py
[2026-03-20T15:15:50.189+0000] {logging_mixin.py:188} INFO - [2026-03-20T15:15:50.189+0000] {dag.py:3036} INFO - Sync 1 DAGs
[2026-03-20T15:15:50.199+0000] {logging_mixin.py:188} INFO - [2026-03-20T15:15:50.199+0000] {dag.py:3823} INFO - Setting next_dagrun for crawl_crypto_prices to 2026-03-20 15:00:00+00:00, run_after=2026-03-20 16:00:00+00:00
[2026-03-20T15:15:50.206+0000] {processor.py:183} INFO - Processing /opt/airflow/dags/crawl_crypto_prices.py took 0.051 seconds
[2026-03-20T15:19:01.051+0000] {processor.py:161} INFO - Started process (PID=5243) to work on /opt/airflow/dags/crawl_crypto_prices.py
[2026-03-20T15:19:01.052+0000] {processor.py:830} INFO - Processing file /opt/airflow/dags/crawl_crypto_prices.py for tasks to queue
[2026-03-20T15:19:01.053+0000] {logging_mixin.py:188} INFO - [2026-03-20T15:19:01.052+0000] {dagbag.py:538} INFO - Filling up the DagBag from /opt/airflow/dags/crawl_crypto_prices.py
[2026-03-20T15:19:01.062+0000] {processor.py:840} INFO - DAG(s) 'crawl_crypto_prices' retrieved from /opt/airflow/dags/crawl_crypto_prices.py
[2026-03-20T15:19:01.083+0000] {logging_mixin.py:188} INFO - [2026-03-20T15:19:01.083+0000] {dag.py:3036} INFO - Sync 1 DAGs
[2026-03-20T15:19:01.101+0000] {logging_mixin.py:188} INFO - [2026-03-20T15:19:01.100+0000] {dag.py:3823} INFO - Setting next_dagrun for crawl_crypto_prices to 2026-03-20 15:00:00+00:00, run_after=2026-03-20 16:00:00+00:00
[2026-03-20T15:19:01.114+0000] {processor.py:183} INFO - Processing /opt/airflow/dags/crawl_crypto_prices.py took 0.065 seconds
[2026-03-20T15:59:25.944+0000] {processor.py:161} INFO - Started process (PID=5250) to work on /opt/airflow/dags/crawl_crypto_prices.py
[2026-03-20T15:59:25.944+0000] {processor.py:830} INFO - Processing file /opt/airflow/dags/crawl_crypto_prices.py for tasks to queue
[2026-03-20T15:59:25.945+0000] {logging_mixin.py:188} INFO - [2026-03-20T15:59:25.945+0000] {dagbag.py:538} INFO - Filling up the DagBag from /opt/airflow/dags/crawl_crypto_prices.py
[2026-03-20T15:59:25.953+0000] {processor.py:840} INFO - DAG(s) 'crawl_crypto_prices' retrieved from /opt/airflow/dags/crawl_crypto_prices.py
[2026-03-20T15:59:25.968+0000] {logging_mixin.py:188} INFO - [2026-03-20T15:59:25.968+0000] {dag.py:3036} INFO - Sync 1 DAGs
[2026-03-20T15:59:25.978+0000] {logging_mixin.py:188} INFO - [2026-03-20T15:59:25.978+0000] {dag.py:3823} INFO - Setting next_dagrun for crawl_crypto_prices to 2026-03-20 15:00:00+00:00, run_after=2026-03-20 16:00:00+00:00
[2026-03-20T15:59:25.984+0000] {processor.py:183} INFO - Processing /opt/airflow/dags/crawl_crypto_prices.py took 0.043 seconds
[2026-03-20T17:17:49.000+0000] {processor.py:161} INFO - Started process (PID=5255) to work on /opt/airflow/dags/crawl_crypto_prices.py
[2026-03-20T17:17:49.001+0000] {processor.py:830} INFO - Processing file /opt/airflow/dags/crawl_crypto_prices.py for tasks to queue
[2026-03-20T17:17:49.001+0000] {logging_mixin.py:188} INFO - [2026-03-20T17:17:49.001+0000] {dagbag.py:538} INFO - Filling up the DagBag from /opt/airflow/dags/crawl_crypto_prices.py
[2026-03-20T17:17:49.014+0000] {processor.py:840} INFO - DAG(s) 'crawl_crypto_prices' retrieved from /opt/airflow/dags/crawl_crypto_prices.py
[2026-03-20T17:17:49.035+0000] {logging_mixin.py:188} INFO - [2026-03-20T17:17:49.035+0000] {dag.py:3036} INFO - Sync 1 DAGs
[2026-03-20T17:17:49.051+0000] {logging_mixin.py:188} INFO - [2026-03-20T17:17:49.051+0000] {dag.py:3823} INFO - Setting next_dagrun for crawl_crypto_prices to 2026-03-20 16:00:00+00:00, run_after=2026-03-20 17:00:00+00:00
[2026-03-20T17:17:49.057+0000] {processor.py:183} INFO - Processing /opt/airflow/dags/crawl_crypto_prices.py took 0.060 seconds
[2026-03-20T18:01:30.271+0000] {processor.py:161} INFO - Started process (PID=5264) to work on /opt/airflow/dags/crawl_crypto_prices.py
[2026-03-20T18:01:30.272+0000] {processor.py:830} INFO - Processing file /opt/airflow/dags/crawl_crypto_prices.py for tasks to queue
[2026-03-20T18:01:30.272+0000] {logging_mixin.py:188} INFO - [2026-03-20T18:01:30.272+0000] {dagbag.py:538} INFO - Filling up the DagBag from /opt/airflow/dags/crawl_crypto_prices.py
[2026-03-20T18:01:30.278+0000] {processor.py:840} INFO - DAG(s) 'crawl_crypto_prices' retrieved from /opt/airflow/dags/crawl_crypto_prices.py
[2026-03-20T18:01:30.289+0000] {logging_mixin.py:188} INFO - [2026-03-20T18:01:30.289+0000] {dag.py:3036} INFO - Sync 1 DAGs
[2026-03-20T18:01:30.299+0000] {logging_mixin.py:188} INFO - [2026-03-20T18:01:30.298+0000] {dag.py:3823} INFO - Setting next_dagrun for crawl_crypto_prices to 2026-03-20 17:00:00+00:00, run_after=2026-03-20 18:00:00+00:00
[2026-03-20T18:01:30.305+0000] {processor.py:183} INFO - Processing /opt/airflow/dags/crawl_crypto_prices.py took 0.035 seconds
[2026-03-20T19:02:29.387+0000] {processor.py:161} INFO - Started process (PID=5273) to work on /opt/airflow/dags/crawl_crypto_prices.py
[2026-03-20T19:02:29.388+0000] {processor.py:830} INFO - Processing file /opt/airflow/dags/crawl_crypto_prices.py for tasks to queue
[2026-03-20T19:02:29.388+0000] {logging_mixin.py:188} INFO - [2026-03-20T19:02:29.388+0000] {dagbag.py:538} INFO - Filling up the DagBag from /opt/airflow/dags/crawl_crypto_prices.py
[2026-03-20T19:02:29.394+0000] {processor.py:840} INFO - DAG(s) 'crawl_crypto_prices' retrieved from /opt/airflow/dags/crawl_crypto_prices.py
[2026-03-20T19:02:29.405+0000] {logging_mixin.py:188} INFO - [2026-03-20T19:02:29.405+0000] {dag.py:3036} INFO - Sync 1 DAGs
[2026-03-20T19:02:29.414+0000] {logging_mixin.py:188} INFO - [2026-03-20T19:02:29.414+0000] {dag.py:3823} INFO - Setting next_dagrun for crawl_crypto_prices to 2026-03-20 19:00:00+00:00, run_after=2026-03-20 20:00:00+00:00
[2026-03-20T19:02:29.419+0000] {processor.py:183} INFO - Processing /opt/airflow/dags/crawl_crypto_prices.py took 0.034 seconds
[2026-03-20T20:15:53.345+0000] {processor.py:161} INFO - Started process (PID=5282) to work on /opt/airflow/dags/crawl_crypto_prices.py
[2026-03-20T20:15:53.346+0000] {processor.py:830} INFO - Processing file /opt/airflow/dags/crawl_crypto_prices.py for tasks to queue
[2026-03-20T20:15:53.347+0000] {logging_mixin.py:188} INFO - [2026-03-20T20:15:53.347+0000] {dagbag.py:538} INFO - Filling up the DagBag from /opt/airflow/dags/crawl_crypto_prices.py
[2026-03-20T20:15:53.361+0000] {processor.py:840} INFO - DAG(s) 'crawl_crypto_prices' retrieved from /opt/airflow/dags/crawl_crypto_prices.py
[2026-03-20T20:15:53.388+0000] {logging_mixin.py:188} INFO - [2026-03-20T20:15:53.388+0000] {dag.py:3036} INFO - Sync 1 DAGs
[2026-03-20T20:15:53.405+0000] {logging_mixin.py:188} INFO - [2026-03-20T20:15:53.405+0000] {dag.py:3823} INFO - Setting next_dagrun for crawl_crypto_prices to 2026-03-20 20:00:00+00:00, run_after=2026-03-20 21:00:00+00:00
[2026-03-20T20:15:53.424+0000] {processor.py:183} INFO - Processing /opt/airflow/dags/crawl_crypto_prices.py took 0.081 seconds
[2026-03-20T21:36:07.222+0000] {processor.py:161} INFO - Started process (PID=5287) to work on /opt/airflow/dags/crawl_crypto_prices.py
[2026-03-20T21:36:07.223+0000] {processor.py:830} INFO - Processing file /opt/airflow/dags/crawl_crypto_prices.py for tasks to queue
[2026-03-20T21:36:07.224+0000] {logging_mixin.py:188} INFO - [2026-03-20T21:36:07.223+0000] {dagbag.py:538} INFO - Filling up the DagBag from /opt/airflow/dags/crawl_crypto_prices.py
[2026-03-20T21:36:07.234+0000] {processor.py:840} INFO - DAG(s) 'crawl_crypto_prices' retrieved from /opt/airflow/dags/crawl_crypto_prices.py
[2026-03-20T21:36:07.254+0000] {logging_mixin.py:188} INFO - [2026-03-20T21:36:07.254+0000] {dag.py:3036} INFO - Sync 1 DAGs
[2026-03-20T21:36:07.265+0000] {logging_mixin.py:188} INFO - [2026-03-20T21:36:07.265+0000] {dag.py:3823} INFO - Setting next_dagrun for crawl_crypto_prices to 2026-03-20 20:00:00+00:00, run_after=2026-03-20 21:00:00+00:00
[2026-03-20T21:36:07.271+0000] {processor.py:183} INFO - Processing /opt/airflow/dags/crawl_crypto_prices.py took 0.052 seconds
[2026-03-20T22:53:47.196+0000] {processor.py:161} INFO - Started process (PID=5294) to work on /opt/airflow/dags/crawl_crypto_prices.py
[2026-03-20T22:53:47.197+0000] {processor.py:830} INFO - Processing file /opt/airflow/dags/crawl_crypto_prices.py for tasks to queue
[2026-03-20T22:53:47.197+0000] {logging_mixin.py:188} INFO - [2026-03-20T22:53:47.197+0000] {dagbag.py:538} INFO - Filling up the DagBag from /opt/airflow/dags/crawl_crypto_prices.py
[2026-03-20T22:53:47.207+0000] {processor.py:840} INFO - DAG(s) 'crawl_crypto_prices' retrieved from /opt/airflow/dags/crawl_crypto_prices.py
[2026-03-20T22:53:47.228+0000] {logging_mixin.py:188} INFO - [2026-03-20T22:53:47.228+0000] {dag.py:3036} INFO - Sync 1 DAGs
[2026-03-20T22:53:47.247+0000] {logging_mixin.py:188} INFO - [2026-03-20T22:53:47.247+0000] {dag.py:3823} INFO - Setting next_dagrun for crawl_crypto_prices to 2026-03-20 21:00:00+00:00, run_after=2026-03-20 22:00:00+00:00
[2026-03-20T22:53:47.261+0000] {processor.py:183} INFO - Processing /opt/airflow/dags/crawl_crypto_prices.py took 0.067 seconds
