[2026-03-22T00:09:23.625+0000] {processor.py:161} INFO - Started process (PID=6544) to work on /opt/airflow/dags/crawl_crypto_prices.py
[2026-03-22T00:09:23.626+0000] {processor.py:830} INFO - Processing file /opt/airflow/dags/crawl_crypto_prices.py for tasks to queue
[2026-03-22T00:09:23.627+0000] {logging_mixin.py:188} INFO - [2026-03-22T00:09:23.626+0000] {dagbag.py:538} INFO - Filling up the DagBag from /opt/airflow/dags/crawl_crypto_prices.py
[2026-03-22T00:09:23.640+0000] {processor.py:840} INFO - DAG(s) 'crawl_crypto_prices' retrieved from /opt/airflow/dags/crawl_crypto_prices.py
[2026-03-22T00:09:23.665+0000] {logging_mixin.py:188} INFO - [2026-03-22T00:09:23.665+0000] {dag.py:3036} INFO - Sync 1 DAGs
[2026-03-22T00:09:23.799+0000] {logging_mixin.py:188} INFO - [2026-03-22T00:09:23.798+0000] {dag.py:3823} INFO - Setting next_dagrun for crawl_crypto_prices to 2026-03-21 23:00:00+00:00, run_after=2026-03-22 00:00:00+00:00
[2026-03-22T00:09:23.811+0000] {processor.py:183} INFO - Processing /opt/airflow/dags/crawl_crypto_prices.py took 0.190 seconds
[2026-03-22T01:23:28.037+0000] {processor.py:161} INFO - Started process (PID=6553) to work on /opt/airflow/dags/crawl_crypto_prices.py
[2026-03-22T01:23:28.037+0000] {processor.py:830} INFO - Processing file /opt/airflow/dags/crawl_crypto_prices.py for tasks to queue
[2026-03-22T01:23:28.038+0000] {logging_mixin.py:188} INFO - [2026-03-22T01:23:28.038+0000] {dagbag.py:538} INFO - Filling up the DagBag from /opt/airflow/dags/crawl_crypto_prices.py
[2026-03-22T01:23:28.049+0000] {processor.py:840} INFO - DAG(s) 'crawl_crypto_prices' retrieved from /opt/airflow/dags/crawl_crypto_prices.py
[2026-03-22T01:23:28.208+0000] {logging_mixin.py:188} INFO - [2026-03-22T01:23:28.208+0000] {dag.py:3036} INFO - Sync 1 DAGs
[2026-03-22T01:23:28.217+0000] {logging_mixin.py:188} INFO - [2026-03-22T01:23:28.216+0000] {dag.py:3823} INFO - Setting next_dagrun for crawl_crypto_prices to 2026-03-22 01:00:00+00:00, run_after=2026-03-22 02:00:00+00:00
[2026-03-22T01:23:28.226+0000] {processor.py:183} INFO - Processing /opt/airflow/dags/crawl_crypto_prices.py took 0.192 seconds
[2026-03-22T02:38:22.517+0000] {processor.py:161} INFO - Started process (PID=6560) to work on /opt/airflow/dags/crawl_crypto_prices.py
[2026-03-22T02:38:22.518+0000] {processor.py:830} INFO - Processing file /opt/airflow/dags/crawl_crypto_prices.py for tasks to queue
[2026-03-22T02:38:22.519+0000] {logging_mixin.py:188} INFO - [2026-03-22T02:38:22.519+0000] {dagbag.py:538} INFO - Filling up the DagBag from /opt/airflow/dags/crawl_crypto_prices.py
[2026-03-22T02:38:22.536+0000] {processor.py:840} INFO - DAG(s) 'crawl_crypto_prices' retrieved from /opt/airflow/dags/crawl_crypto_prices.py
[2026-03-22T02:38:22.563+0000] {logging_mixin.py:188} INFO - [2026-03-22T02:38:22.563+0000] {dag.py:3036} INFO - Sync 1 DAGs
[2026-03-22T02:38:22.586+0000] {logging_mixin.py:188} INFO - [2026-03-22T02:38:22.586+0000] {dag.py:3823} INFO - Setting next_dagrun for crawl_crypto_prices to 2026-03-22 02:00:00+00:00, run_after=2026-03-22 03:00:00+00:00
[2026-03-22T02:38:22.603+0000] {processor.py:183} INFO - Processing /opt/airflow/dags/crawl_crypto_prices.py took 0.088 seconds
[2026-03-22T03:23:37.183+0000] {processor.py:161} INFO - Started process (PID=6569) to work on /opt/airflow/dags/crawl_crypto_prices.py
[2026-03-22T03:23:37.184+0000] {processor.py:830} INFO - Processing file /opt/airflow/dags/crawl_crypto_prices.py for tasks to queue
[2026-03-22T03:23:37.186+0000] {logging_mixin.py:188} INFO - [2026-03-22T03:23:37.185+0000] {dagbag.py:538} INFO - Filling up the DagBag from /opt/airflow/dags/crawl_crypto_prices.py
[2026-03-22T03:23:37.206+0000] {processor.py:840} INFO - DAG(s) 'crawl_crypto_prices' retrieved from /opt/airflow/dags/crawl_crypto_prices.py
[2026-03-22T03:23:37.251+0000] {logging_mixin.py:188} INFO - [2026-03-22T03:23:37.250+0000] {dag.py:3036} INFO - Sync 1 DAGs
[2026-03-22T03:23:37.276+0000] {logging_mixin.py:188} INFO - [2026-03-22T03:23:37.275+0000] {dag.py:3823} INFO - Setting next_dagrun for crawl_crypto_prices to 2026-03-22 03:00:00+00:00, run_after=2026-03-22 04:00:00+00:00
[2026-03-22T03:23:37.293+0000] {processor.py:183} INFO - Processing /opt/airflow/dags/crawl_crypto_prices.py took 0.116 seconds
[2026-03-22T03:33:46.348+0000] {processor.py:161} INFO - Started process (PID=6574) to work on /opt/airflow/dags/crawl_crypto_prices.py
[2026-03-22T03:33:46.349+0000] {processor.py:830} INFO - Processing file /opt/airflow/dags/crawl_crypto_prices.py for tasks to queue
[2026-03-22T03:33:46.350+0000] {logging_mixin.py:188} INFO - [2026-03-22T03:33:46.349+0000] {dagbag.py:538} INFO - Filling up the DagBag from /opt/airflow/dags/crawl_crypto_prices.py
[2026-03-22T03:33:46.366+0000] {processor.py:840} INFO - DAG(s) 'crawl_crypto_prices' retrieved from /opt/airflow/dags/crawl_crypto_prices.py
[2026-03-22T03:33:46.391+0000] {logging_mixin.py:188} INFO - [2026-03-22T03:33:46.391+0000] {dag.py:3036} INFO - Sync 1 DAGs
[2026-03-22T03:33:46.409+0000] {logging_mixin.py:188} INFO - [2026-03-22T03:33:46.409+0000] {dag.py:3823} INFO - Setting next_dagrun for crawl_crypto_prices to 2026-03-22 03:00:00+00:00, run_after=2026-03-22 04:00:00+00:00
[2026-03-22T03:33:46.562+0000] {processor.py:183} INFO - Processing /opt/airflow/dags/crawl_crypto_prices.py took 0.218 seconds
[2026-03-22T03:45:24.773+0000] {processor.py:161} INFO - Started process (PID=6579) to work on /opt/airflow/dags/crawl_crypto_prices.py
[2026-03-22T03:45:24.774+0000] {processor.py:830} INFO - Processing file /opt/airflow/dags/crawl_crypto_prices.py for tasks to queue
[2026-03-22T03:45:24.775+0000] {logging_mixin.py:188} INFO - [2026-03-22T03:45:24.775+0000] {dagbag.py:538} INFO - Filling up the DagBag from /opt/airflow/dags/crawl_crypto_prices.py
[2026-03-22T03:45:24.786+0000] {processor.py:840} INFO - DAG(s) 'crawl_crypto_prices' retrieved from /opt/airflow/dags/crawl_crypto_prices.py
[2026-03-22T03:45:24.801+0000] {logging_mixin.py:188} INFO - [2026-03-22T03:45:24.800+0000] {dag.py:3036} INFO - Sync 1 DAGs
[2026-03-22T03:45:24.872+0000] {logging_mixin.py:188} INFO - [2026-03-22T03:45:24.872+0000] {dag.py:3823} INFO - Setting next_dagrun for crawl_crypto_prices to 2026-03-22 03:00:00+00:00, run_after=2026-03-22 04:00:00+00:00
[2026-03-22T03:45:24.877+0000] {processor.py:183} INFO - Processing /opt/airflow/dags/crawl_crypto_prices.py took 0.108 seconds
[2026-03-22T03:46:11.950+0000] {processor.py:161} INFO - Started process (PID=6586) to work on /opt/airflow/dags/crawl_crypto_prices.py
[2026-03-22T03:46:11.952+0000] {processor.py:830} INFO - Processing file /opt/airflow/dags/crawl_crypto_prices.py for tasks to queue
[2026-03-22T03:46:11.952+0000] {logging_mixin.py:188} INFO - [2026-03-22T03:46:11.952+0000] {dagbag.py:538} INFO - Filling up the DagBag from /opt/airflow/dags/crawl_crypto_prices.py
[2026-03-22T03:46:11.963+0000] {processor.py:840} INFO - DAG(s) 'crawl_crypto_prices' retrieved from /opt/airflow/dags/crawl_crypto_prices.py
[2026-03-22T03:46:11.981+0000] {logging_mixin.py:188} INFO - [2026-03-22T03:46:11.980+0000] {dag.py:3036} INFO - Sync 1 DAGs
[2026-03-22T03:46:12.063+0000] {logging_mixin.py:188} INFO - [2026-03-22T03:46:12.063+0000] {dag.py:3823} INFO - Setting next_dagrun for crawl_crypto_prices to 2026-03-22 03:00:00+00:00, run_after=2026-03-22 04:00:00+00:00
[2026-03-22T03:46:12.069+0000] {processor.py:183} INFO - Processing /opt/airflow/dags/crawl_crypto_prices.py took 0.123 seconds
[2026-03-22T03:46:57.140+0000] {processor.py:161} INFO - Started process (PID=6591) to work on /opt/airflow/dags/crawl_crypto_prices.py
[2026-03-22T03:46:57.142+0000] {processor.py:830} INFO - Processing file /opt/airflow/dags/crawl_crypto_prices.py for tasks to queue
[2026-03-22T03:46:57.143+0000] {logging_mixin.py:188} INFO - [2026-03-22T03:46:57.142+0000] {dagbag.py:538} INFO - Filling up the DagBag from /opt/airflow/dags/crawl_crypto_prices.py
[2026-03-22T03:46:57.154+0000] {processor.py:840} INFO - DAG(s) 'crawl_crypto_prices' retrieved from /opt/airflow/dags/crawl_crypto_prices.py
[2026-03-22T03:46:57.241+0000] {logging_mixin.py:188} INFO - [2026-03-22T03:46:57.241+0000] {dag.py:3036} INFO - Sync 1 DAGs
[2026-03-22T03:46:57.248+0000] {logging_mixin.py:188} INFO - [2026-03-22T03:46:57.248+0000] {dag.py:3823} INFO - Setting next_dagrun for crawl_crypto_prices to 2026-03-22 03:00:00+00:00, run_after=2026-03-22 04:00:00+00:00
[2026-03-22T03:46:57.253+0000] {processor.py:183} INFO - Processing /opt/airflow/dags/crawl_crypto_prices.py took 0.119 seconds
[2026-03-22T03:48:01.268+0000] {processor.py:161} INFO - Started process (PID=6596) to work on /opt/airflow/dags/crawl_crypto_prices.py
[2026-03-22T03:48:01.269+0000] {processor.py:830} INFO - Processing file /opt/airflow/dags/crawl_crypto_prices.py for tasks to queue
[2026-03-22T03:48:01.269+0000] {logging_mixin.py:188} INFO - [2026-03-22T03:48:01.269+0000] {dagbag.py:538} INFO - Filling up the DagBag from /opt/airflow/dags/crawl_crypto_prices.py
[2026-03-22T03:48:01.279+0000] {processor.py:840} INFO - DAG(s) 'crawl_crypto_prices' retrieved from /opt/airflow/dags/crawl_crypto_prices.py
[2026-03-22T03:48:01.294+0000] {logging_mixin.py:188} INFO - [2026-03-22T03:48:01.294+0000] {dag.py:3036} INFO - Sync 1 DAGs
[2026-03-22T03:48:01.303+0000] {logging_mixin.py:188} INFO - [2026-03-22T03:48:01.303+0000] {dag.py:3823} INFO - Setting next_dagrun for crawl_crypto_prices to 2026-03-22 03:00:00+00:00, run_after=2026-03-22 04:00:00+00:00
[2026-03-22T03:48:01.309+0000] {processor.py:183} INFO - Processing /opt/airflow/dags/crawl_crypto_prices.py took 0.044 seconds
[2026-03-22T03:48:53.304+0000] {processor.py:161} INFO - Started process (PID=6602) to work on /opt/airflow/dags/crawl_crypto_prices.py
[2026-03-22T03:48:53.305+0000] {processor.py:830} INFO - Processing file /opt/airflow/dags/crawl_crypto_prices.py for tasks to queue
[2026-03-22T03:48:53.306+0000] {logging_mixin.py:188} INFO - [2026-03-22T03:48:53.306+0000] {dagbag.py:538} INFO - Filling up the DagBag from /opt/airflow/dags/crawl_crypto_prices.py
[2026-03-22T03:48:53.319+0000] {processor.py:840} INFO - DAG(s) 'crawl_crypto_prices' retrieved from /opt/airflow/dags/crawl_crypto_prices.py
[2026-03-22T03:48:53.336+0000] {logging_mixin.py:188} INFO - [2026-03-22T03:48:53.336+0000] {dag.py:3036} INFO - Sync 1 DAGs
[2026-03-22T03:48:53.348+0000] {logging_mixin.py:188} INFO - [2026-03-22T03:48:53.348+0000] {dag.py:3823} INFO - Setting next_dagrun for crawl_crypto_prices to 2026-03-22 03:00:00+00:00, run_after=2026-03-22 04:00:00+00:00
[2026-03-22T03:48:53.354+0000] {processor.py:183} INFO - Processing /opt/airflow/dags/crawl_crypto_prices.py took 0.055 seconds
[2026-03-22T03:49:31.294+0000] {processor.py:161} INFO - Started process (PID=6607) to work on /opt/airflow/dags/crawl_crypto_prices.py
[2026-03-22T03:49:31.295+0000] {processor.py:830} INFO - Processing file /opt/airflow/dags/crawl_crypto_prices.py for tasks to queue
[2026-03-22T03:49:31.295+0000] {logging_mixin.py:188} INFO - [2026-03-22T03:49:31.295+0000] {dagbag.py:538} INFO - Filling up the DagBag from /opt/airflow/dags/crawl_crypto_prices.py
[2026-03-22T03:49:31.301+0000] {processor.py:840} INFO - DAG(s) 'crawl_crypto_prices' retrieved from /opt/airflow/dags/crawl_crypto_prices.py
[2026-03-22T03:49:31.313+0000] {logging_mixin.py:188} INFO - [2026-03-22T03:49:31.313+0000] {dag.py:3036} INFO - Sync 1 DAGs
[2026-03-22T03:49:31.539+0000] {logging_mixin.py:188} INFO - [2026-03-22T03:49:31.539+0000] {dag.py:3823} INFO - Setting next_dagrun for crawl_crypto_prices to 2026-03-22 03:00:00+00:00, run_after=2026-03-22 04:00:00+00:00
[2026-03-22T03:49:31.546+0000] {processor.py:183} INFO - Processing /opt/airflow/dags/crawl_crypto_prices.py took 0.253 seconds
[2026-03-22T03:50:23.156+0000] {processor.py:161} INFO - Started process (PID=6612) to work on /opt/airflow/dags/crawl_crypto_prices.py
[2026-03-22T03:50:23.157+0000] {processor.py:830} INFO - Processing file /opt/airflow/dags/crawl_crypto_prices.py for tasks to queue
[2026-03-22T03:50:23.158+0000] {logging_mixin.py:188} INFO - [2026-03-22T03:50:23.158+0000] {dagbag.py:538} INFO - Filling up the DagBag from /opt/airflow/dags/crawl_crypto_prices.py
[2026-03-22T03:50:23.169+0000] {processor.py:840} INFO - DAG(s) 'crawl_crypto_prices' retrieved from /opt/airflow/dags/crawl_crypto_prices.py
[2026-03-22T03:50:23.189+0000] {logging_mixin.py:188} INFO - [2026-03-22T03:50:23.189+0000] {dag.py:3036} INFO - Sync 1 DAGs
[2026-03-22T03:50:23.256+0000] {logging_mixin.py:188} INFO - [2026-03-22T03:50:23.255+0000] {dag.py:3823} INFO - Setting next_dagrun for crawl_crypto_prices to 2026-03-22 03:00:00+00:00, run_after=2026-03-22 04:00:00+00:00
[2026-03-22T03:50:23.261+0000] {processor.py:183} INFO - Processing /opt/airflow/dags/crawl_crypto_prices.py took 0.109 seconds
[2026-03-22T03:58:39.321+0000] {processor.py:161} INFO - Started process (PID=6619) to work on /opt/airflow/dags/crawl_crypto_prices.py
[2026-03-22T03:58:39.322+0000] {processor.py:830} INFO - Processing file /opt/airflow/dags/crawl_crypto_prices.py for tasks to queue
[2026-03-22T03:58:39.323+0000] {logging_mixin.py:188} INFO - [2026-03-22T03:58:39.323+0000] {dagbag.py:538} INFO - Filling up the DagBag from /opt/airflow/dags/crawl_crypto_prices.py
[2026-03-22T03:58:39.333+0000] {processor.py:840} INFO - DAG(s) 'crawl_crypto_prices' retrieved from /opt/airflow/dags/crawl_crypto_prices.py
[2026-03-22T03:58:39.434+0000] {logging_mixin.py:188} INFO - [2026-03-22T03:58:39.434+0000] {dag.py:3036} INFO - Sync 1 DAGs
[2026-03-22T03:58:39.441+0000] {logging_mixin.py:188} INFO - [2026-03-22T03:58:39.441+0000] {dag.py:3823} INFO - Setting next_dagrun for crawl_crypto_prices to 2026-03-22 03:00:00+00:00, run_after=2026-03-22 04:00:00+00:00
[2026-03-22T03:58:39.447+0000] {processor.py:183} INFO - Processing /opt/airflow/dags/crawl_crypto_prices.py took 0.129 seconds
[2026-03-22T04:52:07.941+0000] {processor.py:161} INFO - Started process (PID=6624) to work on /opt/airflow/dags/crawl_crypto_prices.py
[2026-03-22T04:52:07.942+0000] {processor.py:830} INFO - Processing file /opt/airflow/dags/crawl_crypto_prices.py for tasks to queue
[2026-03-22T04:52:07.943+0000] {logging_mixin.py:188} INFO - [2026-03-22T04:52:07.943+0000] {dagbag.py:538} INFO - Filling up the DagBag from /opt/airflow/dags/crawl_crypto_prices.py
[2026-03-22T04:52:07.958+0000] {processor.py:840} INFO - DAG(s) 'crawl_crypto_prices' retrieved from /opt/airflow/dags/crawl_crypto_prices.py
[2026-03-22T04:52:07.980+0000] {logging_mixin.py:188} INFO - [2026-03-22T04:52:07.980+0000] {dag.py:3036} INFO - Sync 1 DAGs
[2026-03-22T04:52:07.991+0000] {logging_mixin.py:188} INFO - [2026-03-22T04:52:07.991+0000] {dag.py:3823} INFO - Setting next_dagrun for crawl_crypto_prices to 2026-03-22 03:00:00+00:00, run_after=2026-03-22 04:00:00+00:00
[2026-03-22T04:52:08.001+0000] {processor.py:183} INFO - Processing /opt/airflow/dags/crawl_crypto_prices.py took 0.064 seconds
[2026-03-22T05:53:03.404+0000] {processor.py:161} INFO - Started process (PID=6631) to work on /opt/airflow/dags/crawl_crypto_prices.py
[2026-03-22T05:53:03.406+0000] {processor.py:830} INFO - Processing file /opt/airflow/dags/crawl_crypto_prices.py for tasks to queue
[2026-03-22T05:53:03.407+0000] {logging_mixin.py:188} INFO - [2026-03-22T05:53:03.407+0000] {dagbag.py:538} INFO - Filling up the DagBag from /opt/airflow/dags/crawl_crypto_prices.py
[2026-03-22T05:53:03.427+0000] {processor.py:840} INFO - DAG(s) 'crawl_crypto_prices' retrieved from /opt/airflow/dags/crawl_crypto_prices.py
[2026-03-22T05:53:03.455+0000] {logging_mixin.py:188} INFO - [2026-03-22T05:53:03.455+0000] {dag.py:3036} INFO - Sync 1 DAGs
[2026-03-22T05:53:03.481+0000] {logging_mixin.py:188} INFO - [2026-03-22T05:53:03.481+0000] {dag.py:3823} INFO - Setting next_dagrun for crawl_crypto_prices to 2026-03-22 04:00:00+00:00, run_after=2026-03-22 05:00:00+00:00
[2026-03-22T05:53:03.510+0000] {processor.py:183} INFO - Processing /opt/airflow/dags/crawl_crypto_prices.py took 0.111 seconds
[2026-03-22T06:12:03.439+0000] {processor.py:161} INFO - Started process (PID=6640) to work on /opt/airflow/dags/crawl_crypto_prices.py
[2026-03-22T06:12:03.441+0000] {processor.py:830} INFO - Processing file /opt/airflow/dags/crawl_crypto_prices.py for tasks to queue
[2026-03-22T06:12:03.441+0000] {logging_mixin.py:188} INFO - [2026-03-22T06:12:03.441+0000] {dagbag.py:538} INFO - Filling up the DagBag from /opt/airflow/dags/crawl_crypto_prices.py
[2026-03-22T06:12:03.454+0000] {processor.py:840} INFO - DAG(s) 'crawl_crypto_prices' retrieved from /opt/airflow/dags/crawl_crypto_prices.py
[2026-03-22T06:12:03.485+0000] {logging_mixin.py:188} INFO - [2026-03-22T06:12:03.485+0000] {dag.py:3036} INFO - Sync 1 DAGs
[2026-03-22T06:12:03.501+0000] {logging_mixin.py:188} INFO - [2026-03-22T06:12:03.501+0000] {dag.py:3823} INFO - Setting next_dagrun for crawl_crypto_prices to 2026-03-22 05:00:00+00:00, run_after=2026-03-22 06:00:00+00:00
[2026-03-22T06:12:03.647+0000] {processor.py:183} INFO - Processing /opt/airflow/dags/crawl_crypto_prices.py took 0.217 seconds
[2026-03-22T06:12:33.734+0000] {processor.py:161} INFO - Started process (PID=6647) to work on /opt/airflow/dags/crawl_crypto_prices.py
[2026-03-22T06:12:33.735+0000] {processor.py:830} INFO - Processing file /opt/airflow/dags/crawl_crypto_prices.py for tasks to queue
[2026-03-22T06:12:33.736+0000] {logging_mixin.py:188} INFO - [2026-03-22T06:12:33.736+0000] {dagbag.py:538} INFO - Filling up the DagBag from /opt/airflow/dags/crawl_crypto_prices.py
[2026-03-22T06:12:33.751+0000] {processor.py:840} INFO - DAG(s) 'crawl_crypto_prices' retrieved from /opt/airflow/dags/crawl_crypto_prices.py
[2026-03-22T06:12:33.771+0000] {logging_mixin.py:188} INFO - [2026-03-22T06:12:33.771+0000] {dag.py:3036} INFO - Sync 1 DAGs
[2026-03-22T06:12:33.835+0000] {logging_mixin.py:188} INFO - [2026-03-22T06:12:33.835+0000] {dag.py:3823} INFO - Setting next_dagrun for crawl_crypto_prices to 2026-03-22 06:00:00+00:00, run_after=2026-03-22 07:00:00+00:00
[2026-03-22T06:12:33.841+0000] {processor.py:183} INFO - Processing /opt/airflow/dags/crawl_crypto_prices.py took 0.112 seconds
[2026-03-22T06:13:04.019+0000] {processor.py:161} INFO - Started process (PID=6652) to work on /opt/airflow/dags/crawl_crypto_prices.py
[2026-03-22T06:13:04.020+0000] {processor.py:830} INFO - Processing file /opt/airflow/dags/crawl_crypto_prices.py for tasks to queue
[2026-03-22T06:13:04.021+0000] {logging_mixin.py:188} INFO - [2026-03-22T06:13:04.021+0000] {dagbag.py:538} INFO - Filling up the DagBag from /opt/airflow/dags/crawl_crypto_prices.py
[2026-03-22T06:13:04.033+0000] {processor.py:840} INFO - DAG(s) 'crawl_crypto_prices' retrieved from /opt/airflow/dags/crawl_crypto_prices.py
[2026-03-22T06:13:04.058+0000] {logging_mixin.py:188} INFO - [2026-03-22T06:13:04.058+0000] {dag.py:3036} INFO - Sync 1 DAGs
[2026-03-22T06:13:04.148+0000] {logging_mixin.py:188} INFO - [2026-03-22T06:13:04.148+0000] {dag.py:3823} INFO - Setting next_dagrun for crawl_crypto_prices to 2026-03-22 06:00:00+00:00, run_after=2026-03-22 07:00:00+00:00
[2026-03-22T06:13:04.153+0000] {processor.py:183} INFO - Processing /opt/airflow/dags/crawl_crypto_prices.py took 0.139 seconds
[2026-03-22T06:13:34.434+0000] {processor.py:161} INFO - Started process (PID=6657) to work on /opt/airflow/dags/crawl_crypto_prices.py
[2026-03-22T06:13:34.435+0000] {processor.py:830} INFO - Processing file /opt/airflow/dags/crawl_crypto_prices.py for tasks to queue
[2026-03-22T06:13:34.436+0000] {logging_mixin.py:188} INFO - [2026-03-22T06:13:34.436+0000] {dagbag.py:538} INFO - Filling up the DagBag from /opt/airflow/dags/crawl_crypto_prices.py
[2026-03-22T06:13:34.450+0000] {processor.py:840} INFO - DAG(s) 'crawl_crypto_prices' retrieved from /opt/airflow/dags/crawl_crypto_prices.py
[2026-03-22T06:13:34.548+0000] {logging_mixin.py:188} INFO - [2026-03-22T06:13:34.548+0000] {dag.py:3036} INFO - Sync 1 DAGs
[2026-03-22T06:13:34.555+0000] {logging_mixin.py:188} INFO - [2026-03-22T06:13:34.555+0000] {dag.py:3823} INFO - Setting next_dagrun for crawl_crypto_prices to 2026-03-22 06:00:00+00:00, run_after=2026-03-22 07:00:00+00:00
[2026-03-22T06:13:34.561+0000] {processor.py:183} INFO - Processing /opt/airflow/dags/crawl_crypto_prices.py took 0.130 seconds
[2026-03-22T06:14:04.767+0000] {processor.py:161} INFO - Started process (PID=6662) to work on /opt/airflow/dags/crawl_crypto_prices.py
[2026-03-22T06:14:04.768+0000] {processor.py:830} INFO - Processing file /opt/airflow/dags/crawl_crypto_prices.py for tasks to queue
[2026-03-22T06:14:04.769+0000] {logging_mixin.py:188} INFO - [2026-03-22T06:14:04.769+0000] {dagbag.py:538} INFO - Filling up the DagBag from /opt/airflow/dags/crawl_crypto_prices.py
[2026-03-22T06:14:04.853+0000] {processor.py:840} INFO - DAG(s) 'crawl_crypto_prices' retrieved from /opt/airflow/dags/crawl_crypto_prices.py
[2026-03-22T06:14:04.862+0000] {logging_mixin.py:188} INFO - [2026-03-22T06:14:04.862+0000] {dag.py:3036} INFO - Sync 1 DAGs
[2026-03-22T06:14:04.869+0000] {logging_mixin.py:188} INFO - [2026-03-22T06:14:04.869+0000] {dag.py:3823} INFO - Setting next_dagrun for crawl_crypto_prices to 2026-03-22 06:00:00+00:00, run_after=2026-03-22 07:00:00+00:00
[2026-03-22T06:14:04.874+0000] {processor.py:183} INFO - Processing /opt/airflow/dags/crawl_crypto_prices.py took 0.112 seconds
[2026-03-22T06:14:35.070+0000] {processor.py:161} INFO - Started process (PID=6667) to work on /opt/airflow/dags/crawl_crypto_prices.py
[2026-03-22T06:14:35.072+0000] {processor.py:830} INFO - Processing file /opt/airflow/dags/crawl_crypto_prices.py for tasks to queue
[2026-03-22T06:14:35.072+0000] {logging_mixin.py:188} INFO - [2026-03-22T06:14:35.072+0000] {dagbag.py:538} INFO - Filling up the DagBag from /opt/airflow/dags/crawl_crypto_prices.py
[2026-03-22T06:14:35.083+0000] {processor.py:840} INFO - DAG(s) 'crawl_crypto_prices' retrieved from /opt/airflow/dags/crawl_crypto_prices.py
[2026-03-22T06:14:35.101+0000] {logging_mixin.py:188} INFO - [2026-03-22T06:14:35.101+0000] {dag.py:3036} INFO - Sync 1 DAGs
[2026-03-22T06:14:35.110+0000] {logging_mixin.py:188} INFO - [2026-03-22T06:14:35.110+0000] {dag.py:3823} INFO - Setting next_dagrun for crawl_crypto_prices to 2026-03-22 06:00:00+00:00, run_after=2026-03-22 07:00:00+00:00
[2026-03-22T06:14:35.117+0000] {processor.py:183} INFO - Processing /opt/airflow/dags/crawl_crypto_prices.py took 0.051 seconds
[2026-03-22T06:15:05.372+0000] {processor.py:161} INFO - Started process (PID=6672) to work on /opt/airflow/dags/crawl_crypto_prices.py
[2026-03-22T06:15:05.372+0000] {processor.py:830} INFO - Processing file /opt/airflow/dags/crawl_crypto_prices.py for tasks to queue
[2026-03-22T06:15:05.373+0000] {logging_mixin.py:188} INFO - [2026-03-22T06:15:05.373+0000] {dagbag.py:538} INFO - Filling up the DagBag from /opt/airflow/dags/crawl_crypto_prices.py
[2026-03-22T06:15:05.381+0000] {processor.py:840} INFO - DAG(s) 'crawl_crypto_prices' retrieved from /opt/airflow/dags/crawl_crypto_prices.py
[2026-03-22T06:15:05.396+0000] {logging_mixin.py:188} INFO - [2026-03-22T06:15:05.396+0000] {dag.py:3036} INFO - Sync 1 DAGs
[2026-03-22T06:15:05.410+0000] {logging_mixin.py:188} INFO - [2026-03-22T06:15:05.410+0000] {dag.py:3823} INFO - Setting next_dagrun for crawl_crypto_prices to 2026-03-22 06:00:00+00:00, run_after=2026-03-22 07:00:00+00:00
[2026-03-22T06:15:05.416+0000] {processor.py:183} INFO - Processing /opt/airflow/dags/crawl_crypto_prices.py took 0.047 seconds
[2026-03-22T06:15:35.696+0000] {processor.py:161} INFO - Started process (PID=6677) to work on /opt/airflow/dags/crawl_crypto_prices.py
[2026-03-22T06:15:35.697+0000] {processor.py:830} INFO - Processing file /opt/airflow/dags/crawl_crypto_prices.py for tasks to queue
[2026-03-22T06:15:35.698+0000] {logging_mixin.py:188} INFO - [2026-03-22T06:15:35.698+0000] {dagbag.py:538} INFO - Filling up the DagBag from /opt/airflow/dags/crawl_crypto_prices.py
[2026-03-22T06:15:35.709+0000] {processor.py:840} INFO - DAG(s) 'crawl_crypto_prices' retrieved from /opt/airflow/dags/crawl_crypto_prices.py
[2026-03-22T06:15:35.728+0000] {logging_mixin.py:188} INFO - [2026-03-22T06:15:35.728+0000] {dag.py:3036} INFO - Sync 1 DAGs
[2026-03-22T06:15:35.738+0000] {logging_mixin.py:188} INFO - [2026-03-22T06:15:35.738+0000] {dag.py:3823} INFO - Setting next_dagrun for crawl_crypto_prices to 2026-03-22 06:00:00+00:00, run_after=2026-03-22 07:00:00+00:00
[2026-03-22T06:15:35.745+0000] {processor.py:183} INFO - Processing /opt/airflow/dags/crawl_crypto_prices.py took 0.052 seconds
[2026-03-22T06:16:54.118+0000] {processor.py:161} INFO - Started process (PID=6682) to work on /opt/airflow/dags/crawl_crypto_prices.py
[2026-03-22T06:16:54.120+0000] {processor.py:830} INFO - Processing file /opt/airflow/dags/crawl_crypto_prices.py for tasks to queue
[2026-03-22T06:16:54.121+0000] {logging_mixin.py:188} INFO - [2026-03-22T06:16:54.120+0000] {dagbag.py:538} INFO - Filling up the DagBag from /opt/airflow/dags/crawl_crypto_prices.py
[2026-03-22T06:16:54.133+0000] {processor.py:840} INFO - DAG(s) 'crawl_crypto_prices' retrieved from /opt/airflow/dags/crawl_crypto_prices.py
[2026-03-22T06:16:54.154+0000] {logging_mixin.py:188} INFO - [2026-03-22T06:16:54.154+0000] {dag.py:3036} INFO - Sync 1 DAGs
[2026-03-22T06:16:54.164+0000] {logging_mixin.py:188} INFO - [2026-03-22T06:16:54.164+0000] {dag.py:3823} INFO - Setting next_dagrun for crawl_crypto_prices to 2026-03-22 06:00:00+00:00, run_after=2026-03-22 07:00:00+00:00
[2026-03-22T06:16:54.170+0000] {processor.py:183} INFO - Processing /opt/airflow/dags/crawl_crypto_prices.py took 0.055 seconds
[2026-03-22T06:17:24.473+0000] {processor.py:161} INFO - Started process (PID=6687) to work on /opt/airflow/dags/crawl_crypto_prices.py
[2026-03-22T06:17:24.474+0000] {processor.py:830} INFO - Processing file /opt/airflow/dags/crawl_crypto_prices.py for tasks to queue
[2026-03-22T06:17:24.475+0000] {logging_mixin.py:188} INFO - [2026-03-22T06:17:24.474+0000] {dagbag.py:538} INFO - Filling up the DagBag from /opt/airflow/dags/crawl_crypto_prices.py
[2026-03-22T06:17:24.486+0000] {processor.py:840} INFO - DAG(s) 'crawl_crypto_prices' retrieved from /opt/airflow/dags/crawl_crypto_prices.py
[2026-03-22T06:17:24.501+0000] {logging_mixin.py:188} INFO - [2026-03-22T06:17:24.501+0000] {dag.py:3036} INFO - Sync 1 DAGs
[2026-03-22T06:17:24.511+0000] {logging_mixin.py:188} INFO - [2026-03-22T06:17:24.511+0000] {dag.py:3823} INFO - Setting next_dagrun for crawl_crypto_prices to 2026-03-22 06:00:00+00:00, run_after=2026-03-22 07:00:00+00:00
[2026-03-22T06:17:24.517+0000] {processor.py:183} INFO - Processing /opt/airflow/dags/crawl_crypto_prices.py took 0.049 seconds
[2026-03-22T06:17:54.737+0000] {processor.py:161} INFO - Started process (PID=6692) to work on /opt/airflow/dags/crawl_crypto_prices.py
[2026-03-22T06:17:54.739+0000] {processor.py:830} INFO - Processing file /opt/airflow/dags/crawl_crypto_prices.py for tasks to queue
[2026-03-22T06:17:54.739+0000] {logging_mixin.py:188} INFO - [2026-03-22T06:17:54.739+0000] {dagbag.py:538} INFO - Filling up the DagBag from /opt/airflow/dags/crawl_crypto_prices.py
[2026-03-22T06:17:54.754+0000] {processor.py:840} INFO - DAG(s) 'crawl_crypto_prices' retrieved from /opt/airflow/dags/crawl_crypto_prices.py
[2026-03-22T06:17:54.776+0000] {logging_mixin.py:188} INFO - [2026-03-22T06:17:54.776+0000] {dag.py:3036} INFO - Sync 1 DAGs
[2026-03-22T06:17:54.787+0000] {logging_mixin.py:188} INFO - [2026-03-22T06:17:54.787+0000] {dag.py:3823} INFO - Setting next_dagrun for crawl_crypto_prices to 2026-03-22 06:00:00+00:00, run_after=2026-03-22 07:00:00+00:00
[2026-03-22T06:17:54.793+0000] {processor.py:183} INFO - Processing /opt/airflow/dags/crawl_crypto_prices.py took 0.059 seconds
[2026-03-22T06:18:25.041+0000] {processor.py:161} INFO - Started process (PID=6697) to work on /opt/airflow/dags/crawl_crypto_prices.py
[2026-03-22T06:18:25.042+0000] {processor.py:830} INFO - Processing file /opt/airflow/dags/crawl_crypto_prices.py for tasks to queue
[2026-03-22T06:18:25.043+0000] {logging_mixin.py:188} INFO - [2026-03-22T06:18:25.042+0000] {dagbag.py:538} INFO - Filling up the DagBag from /opt/airflow/dags/crawl_crypto_prices.py
[2026-03-22T06:18:25.053+0000] {processor.py:840} INFO - DAG(s) 'crawl_crypto_prices' retrieved from /opt/airflow/dags/crawl_crypto_prices.py
[2026-03-22T06:18:25.070+0000] {logging_mixin.py:188} INFO - [2026-03-22T06:18:25.070+0000] {dag.py:3036} INFO - Sync 1 DAGs
[2026-03-22T06:18:25.080+0000] {logging_mixin.py:188} INFO - [2026-03-22T06:18:25.080+0000] {dag.py:3823} INFO - Setting next_dagrun for crawl_crypto_prices to 2026-03-22 06:00:00+00:00, run_after=2026-03-22 07:00:00+00:00
[2026-03-22T06:18:25.087+0000] {processor.py:183} INFO - Processing /opt/airflow/dags/crawl_crypto_prices.py took 0.049 seconds
[2026-03-22T06:18:55.372+0000] {processor.py:161} INFO - Started process (PID=6702) to work on /opt/airflow/dags/crawl_crypto_prices.py
[2026-03-22T06:18:55.373+0000] {processor.py:830} INFO - Processing file /opt/airflow/dags/crawl_crypto_prices.py for tasks to queue
[2026-03-22T06:18:55.374+0000] {logging_mixin.py:188} INFO - [2026-03-22T06:18:55.374+0000] {dagbag.py:538} INFO - Filling up the DagBag from /opt/airflow/dags/crawl_crypto_prices.py
[2026-03-22T06:18:55.383+0000] {processor.py:840} INFO - DAG(s) 'crawl_crypto_prices' retrieved from /opt/airflow/dags/crawl_crypto_prices.py
[2026-03-22T06:18:55.397+0000] {logging_mixin.py:188} INFO - [2026-03-22T06:18:55.397+0000] {dag.py:3036} INFO - Sync 1 DAGs
[2026-03-22T06:18:55.407+0000] {logging_mixin.py:188} INFO - [2026-03-22T06:18:55.407+0000] {dag.py:3823} INFO - Setting next_dagrun for crawl_crypto_prices to 2026-03-22 06:00:00+00:00, run_after=2026-03-22 07:00:00+00:00
[2026-03-22T06:18:55.415+0000] {processor.py:183} INFO - Processing /opt/airflow/dags/crawl_crypto_prices.py took 0.045 seconds
[2026-03-22T06:19:25.685+0000] {processor.py:161} INFO - Started process (PID=6707) to work on /opt/airflow/dags/crawl_crypto_prices.py
[2026-03-22T06:19:25.687+0000] {processor.py:830} INFO - Processing file /opt/airflow/dags/crawl_crypto_prices.py for tasks to queue
[2026-03-22T06:19:25.687+0000] {logging_mixin.py:188} INFO - [2026-03-22T06:19:25.687+0000] {dagbag.py:538} INFO - Filling up the DagBag from /opt/airflow/dags/crawl_crypto_prices.py
[2026-03-22T06:19:25.699+0000] {processor.py:840} INFO - DAG(s) 'crawl_crypto_prices' retrieved from /opt/airflow/dags/crawl_crypto_prices.py
[2026-03-22T06:19:25.718+0000] {logging_mixin.py:188} INFO - [2026-03-22T06:19:25.718+0000] {dag.py:3036} INFO - Sync 1 DAGs
[2026-03-22T06:19:25.729+0000] {logging_mixin.py:188} INFO - [2026-03-22T06:19:25.729+0000] {dag.py:3823} INFO - Setting next_dagrun for crawl_crypto_prices to 2026-03-22 06:00:00+00:00, run_after=2026-03-22 07:00:00+00:00
[2026-03-22T06:19:25.735+0000] {processor.py:183} INFO - Processing /opt/airflow/dags/crawl_crypto_prices.py took 0.054 seconds
[2026-03-22T06:20:16.486+0000] {processor.py:161} INFO - Started process (PID=6714) to work on /opt/airflow/dags/crawl_crypto_prices.py
[2026-03-22T06:20:16.487+0000] {processor.py:830} INFO - Processing file /opt/airflow/dags/crawl_crypto_prices.py for tasks to queue
[2026-03-22T06:20:16.488+0000] {logging_mixin.py:188} INFO - [2026-03-22T06:20:16.488+0000] {dagbag.py:538} INFO - Filling up the DagBag from /opt/airflow/dags/crawl_crypto_prices.py
[2026-03-22T06:20:16.498+0000] {processor.py:840} INFO - DAG(s) 'crawl_crypto_prices' retrieved from /opt/airflow/dags/crawl_crypto_prices.py
[2026-03-22T06:20:16.518+0000] {logging_mixin.py:188} INFO - [2026-03-22T06:20:16.518+0000] {dag.py:3036} INFO - Sync 1 DAGs
[2026-03-22T06:20:16.530+0000] {logging_mixin.py:188} INFO - [2026-03-22T06:20:16.530+0000] {dag.py:3823} INFO - Setting next_dagrun for crawl_crypto_prices to 2026-03-22 06:00:00+00:00, run_after=2026-03-22 07:00:00+00:00
[2026-03-22T06:20:16.537+0000] {processor.py:183} INFO - Processing /opt/airflow/dags/crawl_crypto_prices.py took 0.055 seconds
[2026-03-22T07:26:59.450+0000] {processor.py:161} INFO - Started process (PID=6721) to work on /opt/airflow/dags/crawl_crypto_prices.py
[2026-03-22T07:26:59.452+0000] {processor.py:830} INFO - Processing file /opt/airflow/dags/crawl_crypto_prices.py for tasks to queue
[2026-03-22T07:26:59.454+0000] {logging_mixin.py:188} INFO - [2026-03-22T07:26:59.453+0000] {dagbag.py:538} INFO - Filling up the DagBag from /opt/airflow/dags/crawl_crypto_prices.py
[2026-03-22T07:26:59.469+0000] {processor.py:840} INFO - DAG(s) 'crawl_crypto_prices' retrieved from /opt/airflow/dags/crawl_crypto_prices.py
[2026-03-22T07:26:59.502+0000] {logging_mixin.py:188} INFO - [2026-03-22T07:26:59.501+0000] {dag.py:3036} INFO - Sync 1 DAGs
[2026-03-22T07:26:59.529+0000] {logging_mixin.py:188} INFO - [2026-03-22T07:26:59.529+0000] {dag.py:3823} INFO - Setting next_dagrun for crawl_crypto_prices to 2026-03-22 07:00:00+00:00, run_after=2026-03-22 08:00:00+00:00
[2026-03-22T07:26:59.547+0000] {processor.py:183} INFO - Processing /opt/airflow/dags/crawl_crypto_prices.py took 0.102 seconds
[2026-03-22T08:38:09.366+0000] {processor.py:161} INFO - Started process (PID=6726) to work on /opt/airflow/dags/crawl_crypto_prices.py
[2026-03-22T08:38:09.367+0000] {processor.py:830} INFO - Processing file /opt/airflow/dags/crawl_crypto_prices.py for tasks to queue
[2026-03-22T08:38:09.368+0000] {logging_mixin.py:188} INFO - [2026-03-22T08:38:09.368+0000] {dagbag.py:538} INFO - Filling up the DagBag from /opt/airflow/dags/crawl_crypto_prices.py
[2026-03-22T08:38:09.379+0000] {processor.py:840} INFO - DAG(s) 'crawl_crypto_prices' retrieved from /opt/airflow/dags/crawl_crypto_prices.py
[2026-03-22T08:38:09.395+0000] {logging_mixin.py:188} INFO - [2026-03-22T08:38:09.395+0000] {dag.py:3036} INFO - Sync 1 DAGs
[2026-03-22T08:38:09.408+0000] {logging_mixin.py:188} INFO - [2026-03-22T08:38:09.408+0000] {dag.py:3823} INFO - Setting next_dagrun for crawl_crypto_prices to 2026-03-22 07:00:00+00:00, run_after=2026-03-22 08:00:00+00:00
[2026-03-22T08:38:09.415+0000] {processor.py:183} INFO - Processing /opt/airflow/dags/crawl_crypto_prices.py took 0.050 seconds
[2026-03-22T09:56:25.434+0000] {processor.py:161} INFO - Started process (PID=6735) to work on /opt/airflow/dags/crawl_crypto_prices.py
[2026-03-22T09:56:25.436+0000] {processor.py:830} INFO - Processing file /opt/airflow/dags/crawl_crypto_prices.py for tasks to queue
[2026-03-22T09:56:25.437+0000] {logging_mixin.py:188} INFO - [2026-03-22T09:56:25.437+0000] {dagbag.py:538} INFO - Filling up the DagBag from /opt/airflow/dags/crawl_crypto_prices.py
[2026-03-22T09:56:25.457+0000] {processor.py:840} INFO - DAG(s) 'crawl_crypto_prices' retrieved from /opt/airflow/dags/crawl_crypto_prices.py
[2026-03-22T09:56:25.497+0000] {logging_mixin.py:188} INFO - [2026-03-22T09:56:25.496+0000] {dag.py:3036} INFO - Sync 1 DAGs
[2026-03-22T09:56:25.527+0000] {logging_mixin.py:188} INFO - [2026-03-22T09:56:25.527+0000] {dag.py:3823} INFO - Setting next_dagrun for crawl_crypto_prices to 2026-03-22 09:00:00+00:00, run_after=2026-03-22 10:00:00+00:00
[2026-03-22T09:56:25.561+0000] {processor.py:183} INFO - Processing /opt/airflow/dags/crawl_crypto_prices.py took 0.133 seconds
[2026-03-22T11:15:27.414+0000] {processor.py:161} INFO - Started process (PID=6742) to work on /opt/airflow/dags/crawl_crypto_prices.py
[2026-03-22T11:15:27.415+0000] {processor.py:830} INFO - Processing file /opt/airflow/dags/crawl_crypto_prices.py for tasks to queue
[2026-03-22T11:15:27.416+0000] {logging_mixin.py:188} INFO - [2026-03-22T11:15:27.416+0000] {dagbag.py:538} INFO - Filling up the DagBag from /opt/airflow/dags/crawl_crypto_prices.py
[2026-03-22T11:15:27.432+0000] {processor.py:840} INFO - DAG(s) 'crawl_crypto_prices' retrieved from /opt/airflow/dags/crawl_crypto_prices.py
[2026-03-22T11:15:27.450+0000] {logging_mixin.py:188} INFO - [2026-03-22T11:15:27.450+0000] {dag.py:3036} INFO - Sync 1 DAGs
[2026-03-22T11:15:27.464+0000] {logging_mixin.py:188} INFO - [2026-03-22T11:15:27.463+0000] {dag.py:3823} INFO - Setting next_dagrun for crawl_crypto_prices to 2026-03-22 10:00:00+00:00, run_after=2026-03-22 11:00:00+00:00
[2026-03-22T11:15:27.471+0000] {processor.py:183} INFO - Processing /opt/airflow/dags/crawl_crypto_prices.py took 0.060 seconds
[2026-03-22T12:13:24.971+0000] {processor.py:161} INFO - Started process (PID=6750) to work on /opt/airflow/dags/crawl_crypto_prices.py
[2026-03-22T12:13:24.972+0000] {processor.py:830} INFO - Processing file /opt/airflow/dags/crawl_crypto_prices.py for tasks to queue
[2026-03-22T12:13:24.973+0000] {logging_mixin.py:188} INFO - [2026-03-22T12:13:24.972+0000] {dagbag.py:538} INFO - Filling up the DagBag from /opt/airflow/dags/crawl_crypto_prices.py
[2026-03-22T12:13:24.987+0000] {processor.py:840} INFO - DAG(s) 'crawl_crypto_prices' retrieved from /opt/airflow/dags/crawl_crypto_prices.py
[2026-03-22T12:13:25.012+0000] {logging_mixin.py:188} INFO - [2026-03-22T12:13:25.011+0000] {dag.py:3036} INFO - Sync 1 DAGs
[2026-03-22T12:13:25.024+0000] {logging_mixin.py:188} INFO - [2026-03-22T12:13:25.024+0000] {dag.py:3823} INFO - Setting next_dagrun for crawl_crypto_prices to 2026-03-22 12:00:00+00:00, run_after=2026-03-22 13:00:00+00:00
[2026-03-22T12:13:25.033+0000] {processor.py:183} INFO - Processing /opt/airflow/dags/crawl_crypto_prices.py took 0.065 seconds
[2026-03-22T12:13:55.286+0000] {processor.py:161} INFO - Started process (PID=6756) to work on /opt/airflow/dags/crawl_crypto_prices.py
[2026-03-22T12:13:55.287+0000] {processor.py:830} INFO - Processing file /opt/airflow/dags/crawl_crypto_prices.py for tasks to queue
[2026-03-22T12:13:55.288+0000] {logging_mixin.py:188} INFO - [2026-03-22T12:13:55.287+0000] {dagbag.py:538} INFO - Filling up the DagBag from /opt/airflow/dags/crawl_crypto_prices.py
[2026-03-22T12:13:55.303+0000] {processor.py:840} INFO - DAG(s) 'crawl_crypto_prices' retrieved from /opt/airflow/dags/crawl_crypto_prices.py
[2026-03-22T12:13:55.325+0000] {logging_mixin.py:188} INFO - [2026-03-22T12:13:55.325+0000] {dag.py:3036} INFO - Sync 1 DAGs
[2026-03-22T12:13:55.338+0000] {logging_mixin.py:188} INFO - [2026-03-22T12:13:55.338+0000] {dag.py:3823} INFO - Setting next_dagrun for crawl_crypto_prices to 2026-03-22 12:00:00+00:00, run_after=2026-03-22 13:00:00+00:00
[2026-03-22T12:13:55.346+0000] {processor.py:183} INFO - Processing /opt/airflow/dags/crawl_crypto_prices.py took 0.064 seconds
[2026-03-22T12:14:25.608+0000] {processor.py:161} INFO - Started process (PID=6761) to work on /opt/airflow/dags/crawl_crypto_prices.py
[2026-03-22T12:14:25.609+0000] {processor.py:830} INFO - Processing file /opt/airflow/dags/crawl_crypto_prices.py for tasks to queue
[2026-03-22T12:14:25.610+0000] {logging_mixin.py:188} INFO - [2026-03-22T12:14:25.609+0000] {dagbag.py:538} INFO - Filling up the DagBag from /opt/airflow/dags/crawl_crypto_prices.py
[2026-03-22T12:14:25.621+0000] {processor.py:840} INFO - DAG(s) 'crawl_crypto_prices' retrieved from /opt/airflow/dags/crawl_crypto_prices.py
[2026-03-22T12:14:25.640+0000] {logging_mixin.py:188} INFO - [2026-03-22T12:14:25.640+0000] {dag.py:3036} INFO - Sync 1 DAGs
[2026-03-22T12:14:25.652+0000] {logging_mixin.py:188} INFO - [2026-03-22T12:14:25.652+0000] {dag.py:3823} INFO - Setting next_dagrun for crawl_crypto_prices to 2026-03-22 12:00:00+00:00, run_after=2026-03-22 13:00:00+00:00
[2026-03-22T12:14:25.659+0000] {processor.py:183} INFO - Processing /opt/airflow/dags/crawl_crypto_prices.py took 0.056 seconds
[2026-03-22T12:14:55.885+0000] {processor.py:161} INFO - Started process (PID=6766) to work on /opt/airflow/dags/crawl_crypto_prices.py
[2026-03-22T12:14:55.886+0000] {processor.py:830} INFO - Processing file /opt/airflow/dags/crawl_crypto_prices.py for tasks to queue
[2026-03-22T12:14:55.886+0000] {logging_mixin.py:188} INFO - [2026-03-22T12:14:55.886+0000] {dagbag.py:538} INFO - Filling up the DagBag from /opt/airflow/dags/crawl_crypto_prices.py
[2026-03-22T12:14:55.895+0000] {processor.py:840} INFO - DAG(s) 'crawl_crypto_prices' retrieved from /opt/airflow/dags/crawl_crypto_prices.py
[2026-03-22T12:14:55.911+0000] {logging_mixin.py:188} INFO - [2026-03-22T12:14:55.911+0000] {dag.py:3036} INFO - Sync 1 DAGs
[2026-03-22T12:14:55.924+0000] {logging_mixin.py:188} INFO - [2026-03-22T12:14:55.924+0000] {dag.py:3823} INFO - Setting next_dagrun for crawl_crypto_prices to 2026-03-22 12:00:00+00:00, run_after=2026-03-22 13:00:00+00:00
[2026-03-22T12:14:55.932+0000] {processor.py:183} INFO - Processing /opt/airflow/dags/crawl_crypto_prices.py took 0.049 seconds
[2026-03-22T12:15:26.166+0000] {processor.py:161} INFO - Started process (PID=6771) to work on /opt/airflow/dags/crawl_crypto_prices.py
[2026-03-22T12:15:26.167+0000] {processor.py:830} INFO - Processing file /opt/airflow/dags/crawl_crypto_prices.py for tasks to queue
[2026-03-22T12:15:26.167+0000] {logging_mixin.py:188} INFO - [2026-03-22T12:15:26.167+0000] {dagbag.py:538} INFO - Filling up the DagBag from /opt/airflow/dags/crawl_crypto_prices.py
[2026-03-22T12:15:26.178+0000] {processor.py:840} INFO - DAG(s) 'crawl_crypto_prices' retrieved from /opt/airflow/dags/crawl_crypto_prices.py
[2026-03-22T12:15:26.193+0000] {logging_mixin.py:188} INFO - [2026-03-22T12:15:26.193+0000] {dag.py:3036} INFO - Sync 1 DAGs
[2026-03-22T12:15:26.203+0000] {logging_mixin.py:188} INFO - [2026-03-22T12:15:26.203+0000] {dag.py:3823} INFO - Setting next_dagrun for crawl_crypto_prices to 2026-03-22 12:00:00+00:00, run_after=2026-03-22 13:00:00+00:00
[2026-03-22T12:15:26.210+0000] {processor.py:183} INFO - Processing /opt/airflow/dags/crawl_crypto_prices.py took 0.048 seconds
[2026-03-22T12:15:56.493+0000] {processor.py:161} INFO - Started process (PID=6776) to work on /opt/airflow/dags/crawl_crypto_prices.py
[2026-03-22T12:15:56.495+0000] {processor.py:830} INFO - Processing file /opt/airflow/dags/crawl_crypto_prices.py for tasks to queue
[2026-03-22T12:15:56.496+0000] {logging_mixin.py:188} INFO - [2026-03-22T12:15:56.496+0000] {dagbag.py:538} INFO - Filling up the DagBag from /opt/airflow/dags/crawl_crypto_prices.py
[2026-03-22T12:15:56.507+0000] {processor.py:840} INFO - DAG(s) 'crawl_crypto_prices' retrieved from /opt/airflow/dags/crawl_crypto_prices.py
[2026-03-22T12:15:56.527+0000] {logging_mixin.py:188} INFO - [2026-03-22T12:15:56.527+0000] {dag.py:3036} INFO - Sync 1 DAGs
[2026-03-22T12:15:56.539+0000] {logging_mixin.py:188} INFO - [2026-03-22T12:15:56.539+0000] {dag.py:3823} INFO - Setting next_dagrun for crawl_crypto_prices to 2026-03-22 12:00:00+00:00, run_after=2026-03-22 13:00:00+00:00
[2026-03-22T12:15:56.545+0000] {processor.py:183} INFO - Processing /opt/airflow/dags/crawl_crypto_prices.py took 0.056 seconds
[2026-03-22T12:16:26.799+0000] {processor.py:161} INFO - Started process (PID=6781) to work on /opt/airflow/dags/crawl_crypto_prices.py
[2026-03-22T12:16:26.800+0000] {processor.py:830} INFO - Processing file /opt/airflow/dags/crawl_crypto_prices.py for tasks to queue
[2026-03-22T12:16:26.801+0000] {logging_mixin.py:188} INFO - [2026-03-22T12:16:26.800+0000] {dagbag.py:538} INFO - Filling up the DagBag from /opt/airflow/dags/crawl_crypto_prices.py
[2026-03-22T12:16:26.810+0000] {processor.py:840} INFO - DAG(s) 'crawl_crypto_prices' retrieved from /opt/airflow/dags/crawl_crypto_prices.py
[2026-03-22T12:16:26.832+0000] {logging_mixin.py:188} INFO - [2026-03-22T12:16:26.832+0000] {dag.py:3036} INFO - Sync 1 DAGs
[2026-03-22T12:16:26.843+0000] {logging_mixin.py:188} INFO - [2026-03-22T12:16:26.843+0000] {dag.py:3823} INFO - Setting next_dagrun for crawl_crypto_prices to 2026-03-22 12:00:00+00:00, run_after=2026-03-22 13:00:00+00:00
[2026-03-22T12:16:26.849+0000] {processor.py:183} INFO - Processing /opt/airflow/dags/crawl_crypto_prices.py took 0.053 seconds
[2026-03-22T12:16:57.120+0000] {processor.py:161} INFO - Started process (PID=6786) to work on /opt/airflow/dags/crawl_crypto_prices.py
[2026-03-22T12:16:57.121+0000] {processor.py:830} INFO - Processing file /opt/airflow/dags/crawl_crypto_prices.py for tasks to queue
[2026-03-22T12:16:57.122+0000] {logging_mixin.py:188} INFO - [2026-03-22T12:16:57.122+0000] {dagbag.py:538} INFO - Filling up the DagBag from /opt/airflow/dags/crawl_crypto_prices.py
[2026-03-22T12:16:57.133+0000] {processor.py:840} INFO - DAG(s) 'crawl_crypto_prices' retrieved from /opt/airflow/dags/crawl_crypto_prices.py
[2026-03-22T12:16:57.153+0000] {logging_mixin.py:188} INFO - [2026-03-22T12:16:57.153+0000] {dag.py:3036} INFO - Sync 1 DAGs
[2026-03-22T12:16:57.164+0000] {logging_mixin.py:188} INFO - [2026-03-22T12:16:57.164+0000] {dag.py:3823} INFO - Setting next_dagrun for crawl_crypto_prices to 2026-03-22 12:00:00+00:00, run_after=2026-03-22 13:00:00+00:00
[2026-03-22T12:16:57.170+0000] {processor.py:183} INFO - Processing /opt/airflow/dags/crawl_crypto_prices.py took 0.053 seconds
[2026-03-22T12:17:27.421+0000] {processor.py:161} INFO - Started process (PID=6791) to work on /opt/airflow/dags/crawl_crypto_prices.py
[2026-03-22T12:17:27.422+0000] {processor.py:830} INFO - Processing file /opt/airflow/dags/crawl_crypto_prices.py for tasks to queue
[2026-03-22T12:17:27.423+0000] {logging_mixin.py:188} INFO - [2026-03-22T12:17:27.422+0000] {dagbag.py:538} INFO - Filling up the DagBag from /opt/airflow/dags/crawl_crypto_prices.py
[2026-03-22T12:17:27.432+0000] {processor.py:840} INFO - DAG(s) 'crawl_crypto_prices' retrieved from /opt/airflow/dags/crawl_crypto_prices.py
[2026-03-22T12:17:27.448+0000] {logging_mixin.py:188} INFO - [2026-03-22T12:17:27.448+0000] {dag.py:3036} INFO - Sync 1 DAGs
[2026-03-22T12:17:27.460+0000] {logging_mixin.py:188} INFO - [2026-03-22T12:17:27.460+0000] {dag.py:3823} INFO - Setting next_dagrun for crawl_crypto_prices to 2026-03-22 12:00:00+00:00, run_after=2026-03-22 13:00:00+00:00
[2026-03-22T12:17:27.468+0000] {processor.py:183} INFO - Processing /opt/airflow/dags/crawl_crypto_prices.py took 0.050 seconds
[2026-03-22T12:17:57.724+0000] {processor.py:161} INFO - Started process (PID=6796) to work on /opt/airflow/dags/crawl_crypto_prices.py
[2026-03-22T12:17:57.725+0000] {processor.py:830} INFO - Processing file /opt/airflow/dags/crawl_crypto_prices.py for tasks to queue
[2026-03-22T12:17:57.726+0000] {logging_mixin.py:188} INFO - [2026-03-22T12:17:57.726+0000] {dagbag.py:538} INFO - Filling up the DagBag from /opt/airflow/dags/crawl_crypto_prices.py
[2026-03-22T12:17:57.738+0000] {processor.py:840} INFO - DAG(s) 'crawl_crypto_prices' retrieved from /opt/airflow/dags/crawl_crypto_prices.py
[2026-03-22T12:17:57.757+0000] {logging_mixin.py:188} INFO - [2026-03-22T12:17:57.757+0000] {dag.py:3036} INFO - Sync 1 DAGs
[2026-03-22T12:17:57.769+0000] {logging_mixin.py:188} INFO - [2026-03-22T12:17:57.769+0000] {dag.py:3823} INFO - Setting next_dagrun for crawl_crypto_prices to 2026-03-22 12:00:00+00:00, run_after=2026-03-22 13:00:00+00:00
[2026-03-22T12:17:57.775+0000] {processor.py:183} INFO - Processing /opt/airflow/dags/crawl_crypto_prices.py took 0.054 seconds
[2026-03-22T12:18:28.031+0000] {processor.py:161} INFO - Started process (PID=6801) to work on /opt/airflow/dags/crawl_crypto_prices.py
[2026-03-22T12:18:28.032+0000] {processor.py:830} INFO - Processing file /opt/airflow/dags/crawl_crypto_prices.py for tasks to queue
[2026-03-22T12:18:28.033+0000] {logging_mixin.py:188} INFO - [2026-03-22T12:18:28.033+0000] {dagbag.py:538} INFO - Filling up the DagBag from /opt/airflow/dags/crawl_crypto_prices.py
[2026-03-22T12:18:28.044+0000] {processor.py:840} INFO - DAG(s) 'crawl_crypto_prices' retrieved from /opt/airflow/dags/crawl_crypto_prices.py
[2026-03-22T12:18:28.062+0000] {logging_mixin.py:188} INFO - [2026-03-22T12:18:28.062+0000] {dag.py:3036} INFO - Sync 1 DAGs
[2026-03-22T12:18:28.072+0000] {logging_mixin.py:188} INFO - [2026-03-22T12:18:28.072+0000] {dag.py:3823} INFO - Setting next_dagrun for crawl_crypto_prices to 2026-03-22 12:00:00+00:00, run_after=2026-03-22 13:00:00+00:00
[2026-03-22T12:18:28.078+0000] {processor.py:183} INFO - Processing /opt/airflow/dags/crawl_crypto_prices.py took 0.050 seconds
[2026-03-22T12:18:58.357+0000] {processor.py:161} INFO - Started process (PID=6806) to work on /opt/airflow/dags/crawl_crypto_prices.py
[2026-03-22T12:18:58.358+0000] {processor.py:830} INFO - Processing file /opt/airflow/dags/crawl_crypto_prices.py for tasks to queue
[2026-03-22T12:18:58.359+0000] {logging_mixin.py:188} INFO - [2026-03-22T12:18:58.359+0000] {dagbag.py:538} INFO - Filling up the DagBag from /opt/airflow/dags/crawl_crypto_prices.py
[2026-03-22T12:18:58.371+0000] {processor.py:840} INFO - DAG(s) 'crawl_crypto_prices' retrieved from /opt/airflow/dags/crawl_crypto_prices.py
[2026-03-22T12:18:58.391+0000] {logging_mixin.py:188} INFO - [2026-03-22T12:18:58.391+0000] {dag.py:3036} INFO - Sync 1 DAGs
[2026-03-22T12:18:58.402+0000] {logging_mixin.py:188} INFO - [2026-03-22T12:18:58.401+0000] {dag.py:3823} INFO - Setting next_dagrun for crawl_crypto_prices to 2026-03-22 12:00:00+00:00, run_after=2026-03-22 13:00:00+00:00
[2026-03-22T12:18:58.408+0000] {processor.py:183} INFO - Processing /opt/airflow/dags/crawl_crypto_prices.py took 0.054 seconds
[2026-03-22T12:19:28.653+0000] {processor.py:161} INFO - Started process (PID=6811) to work on /opt/airflow/dags/crawl_crypto_prices.py
[2026-03-22T12:19:28.654+0000] {processor.py:830} INFO - Processing file /opt/airflow/dags/crawl_crypto_prices.py for tasks to queue
[2026-03-22T12:19:28.655+0000] {logging_mixin.py:188} INFO - [2026-03-22T12:19:28.654+0000] {dagbag.py:538} INFO - Filling up the DagBag from /opt/airflow/dags/crawl_crypto_prices.py
[2026-03-22T12:19:28.662+0000] {processor.py:840} INFO - DAG(s) 'crawl_crypto_prices' retrieved from /opt/airflow/dags/crawl_crypto_prices.py
[2026-03-22T12:19:28.679+0000] {logging_mixin.py:188} INFO - [2026-03-22T12:19:28.679+0000] {dag.py:3036} INFO - Sync 1 DAGs
[2026-03-22T12:19:28.690+0000] {logging_mixin.py:188} INFO - [2026-03-22T12:19:28.690+0000] {dag.py:3823} INFO - Setting next_dagrun for crawl_crypto_prices to 2026-03-22 12:00:00+00:00, run_after=2026-03-22 13:00:00+00:00
[2026-03-22T12:19:28.697+0000] {processor.py:183} INFO - Processing /opt/airflow/dags/crawl_crypto_prices.py took 0.045 seconds
[2026-03-22T12:19:58.934+0000] {processor.py:161} INFO - Started process (PID=6816) to work on /opt/airflow/dags/crawl_crypto_prices.py
[2026-03-22T12:19:58.935+0000] {processor.py:830} INFO - Processing file /opt/airflow/dags/crawl_crypto_prices.py for tasks to queue
[2026-03-22T12:19:58.936+0000] {logging_mixin.py:188} INFO - [2026-03-22T12:19:58.935+0000] {dagbag.py:538} INFO - Filling up the DagBag from /opt/airflow/dags/crawl_crypto_prices.py
[2026-03-22T12:19:58.945+0000] {processor.py:840} INFO - DAG(s) 'crawl_crypto_prices' retrieved from /opt/airflow/dags/crawl_crypto_prices.py
[2026-03-22T12:19:58.961+0000] {logging_mixin.py:188} INFO - [2026-03-22T12:19:58.961+0000] {dag.py:3036} INFO - Sync 1 DAGs
[2026-03-22T12:19:58.972+0000] {logging_mixin.py:188} INFO - [2026-03-22T12:19:58.972+0000] {dag.py:3823} INFO - Setting next_dagrun for crawl_crypto_prices to 2026-03-22 12:00:00+00:00, run_after=2026-03-22 13:00:00+00:00
[2026-03-22T12:19:58.982+0000] {processor.py:183} INFO - Processing /opt/airflow/dags/crawl_crypto_prices.py took 0.049 seconds
[2026-03-22T12:20:29.242+0000] {processor.py:161} INFO - Started process (PID=6821) to work on /opt/airflow/dags/crawl_crypto_prices.py
[2026-03-22T12:20:29.243+0000] {processor.py:830} INFO - Processing file /opt/airflow/dags/crawl_crypto_prices.py for tasks to queue
[2026-03-22T12:20:29.244+0000] {logging_mixin.py:188} INFO - [2026-03-22T12:20:29.244+0000] {dagbag.py:538} INFO - Filling up the DagBag from /opt/airflow/dags/crawl_crypto_prices.py
[2026-03-22T12:20:29.253+0000] {processor.py:840} INFO - DAG(s) 'crawl_crypto_prices' retrieved from /opt/airflow/dags/crawl_crypto_prices.py
[2026-03-22T12:20:29.270+0000] {logging_mixin.py:188} INFO - [2026-03-22T12:20:29.270+0000] {dag.py:3036} INFO - Sync 1 DAGs
[2026-03-22T12:20:29.282+0000] {logging_mixin.py:188} INFO - [2026-03-22T12:20:29.282+0000] {dag.py:3823} INFO - Setting next_dagrun for crawl_crypto_prices to 2026-03-22 12:00:00+00:00, run_after=2026-03-22 13:00:00+00:00
[2026-03-22T12:20:29.290+0000] {processor.py:183} INFO - Processing /opt/airflow/dags/crawl_crypto_prices.py took 0.051 seconds
[2026-03-22T12:20:59.522+0000] {processor.py:161} INFO - Started process (PID=6826) to work on /opt/airflow/dags/crawl_crypto_prices.py
[2026-03-22T12:20:59.523+0000] {processor.py:830} INFO - Processing file /opt/airflow/dags/crawl_crypto_prices.py for tasks to queue
[2026-03-22T12:20:59.524+0000] {logging_mixin.py:188} INFO - [2026-03-22T12:20:59.524+0000] {dagbag.py:538} INFO - Filling up the DagBag from /opt/airflow/dags/crawl_crypto_prices.py
[2026-03-22T12:20:59.530+0000] {processor.py:840} INFO - DAG(s) 'crawl_crypto_prices' retrieved from /opt/airflow/dags/crawl_crypto_prices.py
[2026-03-22T12:20:59.541+0000] {logging_mixin.py:188} INFO - [2026-03-22T12:20:59.541+0000] {dag.py:3036} INFO - Sync 1 DAGs
[2026-03-22T12:20:59.550+0000] {logging_mixin.py:188} INFO - [2026-03-22T12:20:59.550+0000] {dag.py:3823} INFO - Setting next_dagrun for crawl_crypto_prices to 2026-03-22 12:00:00+00:00, run_after=2026-03-22 13:00:00+00:00
[2026-03-22T12:20:59.556+0000] {processor.py:183} INFO - Processing /opt/airflow/dags/crawl_crypto_prices.py took 0.037 seconds
[2026-03-22T12:21:29.825+0000] {processor.py:161} INFO - Started process (PID=6831) to work on /opt/airflow/dags/crawl_crypto_prices.py
[2026-03-22T12:21:29.826+0000] {processor.py:830} INFO - Processing file /opt/airflow/dags/crawl_crypto_prices.py for tasks to queue
[2026-03-22T12:21:29.826+0000] {logging_mixin.py:188} INFO - [2026-03-22T12:21:29.826+0000] {dagbag.py:538} INFO - Filling up the DagBag from /opt/airflow/dags/crawl_crypto_prices.py
[2026-03-22T12:21:29.836+0000] {processor.py:840} INFO - DAG(s) 'crawl_crypto_prices' retrieved from /opt/airflow/dags/crawl_crypto_prices.py
[2026-03-22T12:21:29.854+0000] {logging_mixin.py:188} INFO - [2026-03-22T12:21:29.854+0000] {dag.py:3036} INFO - Sync 1 DAGs
[2026-03-22T12:21:29.865+0000] {logging_mixin.py:188} INFO - [2026-03-22T12:21:29.865+0000] {dag.py:3823} INFO - Setting next_dagrun for crawl_crypto_prices to 2026-03-22 12:00:00+00:00, run_after=2026-03-22 13:00:00+00:00
[2026-03-22T12:21:29.871+0000] {processor.py:183} INFO - Processing /opt/airflow/dags/crawl_crypto_prices.py took 0.050 seconds
[2026-03-22T12:22:00.098+0000] {processor.py:161} INFO - Started process (PID=6836) to work on /opt/airflow/dags/crawl_crypto_prices.py
[2026-03-22T12:22:00.099+0000] {processor.py:830} INFO - Processing file /opt/airflow/dags/crawl_crypto_prices.py for tasks to queue
[2026-03-22T12:22:00.099+0000] {logging_mixin.py:188} INFO - [2026-03-22T12:22:00.099+0000] {dagbag.py:538} INFO - Filling up the DagBag from /opt/airflow/dags/crawl_crypto_prices.py
[2026-03-22T12:22:00.105+0000] {processor.py:840} INFO - DAG(s) 'crawl_crypto_prices' retrieved from /opt/airflow/dags/crawl_crypto_prices.py
[2026-03-22T12:22:00.118+0000] {logging_mixin.py:188} INFO - [2026-03-22T12:22:00.118+0000] {dag.py:3036} INFO - Sync 1 DAGs
[2026-03-22T12:22:00.128+0000] {logging_mixin.py:188} INFO - [2026-03-22T12:22:00.128+0000] {dag.py:3823} INFO - Setting next_dagrun for crawl_crypto_prices to 2026-03-22 12:00:00+00:00, run_after=2026-03-22 13:00:00+00:00
[2026-03-22T12:22:00.135+0000] {processor.py:183} INFO - Processing /opt/airflow/dags/crawl_crypto_prices.py took 0.038 seconds
[2026-03-22T12:22:30.371+0000] {processor.py:161} INFO - Started process (PID=6841) to work on /opt/airflow/dags/crawl_crypto_prices.py
[2026-03-22T12:22:30.372+0000] {processor.py:830} INFO - Processing file /opt/airflow/dags/crawl_crypto_prices.py for tasks to queue
[2026-03-22T12:22:30.373+0000] {logging_mixin.py:188} INFO - [2026-03-22T12:22:30.373+0000] {dagbag.py:538} INFO - Filling up the DagBag from /opt/airflow/dags/crawl_crypto_prices.py
[2026-03-22T12:22:30.384+0000] {processor.py:840} INFO - DAG(s) 'crawl_crypto_prices' retrieved from /opt/airflow/dags/crawl_crypto_prices.py
[2026-03-22T12:22:30.398+0000] {logging_mixin.py:188} INFO - [2026-03-22T12:22:30.398+0000] {dag.py:3036} INFO - Sync 1 DAGs
[2026-03-22T12:22:30.407+0000] {logging_mixin.py:188} INFO - [2026-03-22T12:22:30.407+0000] {dag.py:3823} INFO - Setting next_dagrun for crawl_crypto_prices to 2026-03-22 12:00:00+00:00, run_after=2026-03-22 13:00:00+00:00
[2026-03-22T12:22:30.414+0000] {processor.py:183} INFO - Processing /opt/airflow/dags/crawl_crypto_prices.py took 0.045 seconds
[2026-03-22T12:23:00.647+0000] {processor.py:161} INFO - Started process (PID=6846) to work on /opt/airflow/dags/crawl_crypto_prices.py
[2026-03-22T12:23:00.648+0000] {processor.py:830} INFO - Processing file /opt/airflow/dags/crawl_crypto_prices.py for tasks to queue
[2026-03-22T12:23:00.649+0000] {logging_mixin.py:188} INFO - [2026-03-22T12:23:00.648+0000] {dagbag.py:538} INFO - Filling up the DagBag from /opt/airflow/dags/crawl_crypto_prices.py
[2026-03-22T12:23:00.658+0000] {processor.py:840} INFO - DAG(s) 'crawl_crypto_prices' retrieved from /opt/airflow/dags/crawl_crypto_prices.py
[2026-03-22T12:23:00.672+0000] {logging_mixin.py:188} INFO - [2026-03-22T12:23:00.672+0000] {dag.py:3036} INFO - Sync 1 DAGs
[2026-03-22T12:23:00.681+0000] {logging_mixin.py:188} INFO - [2026-03-22T12:23:00.681+0000] {dag.py:3823} INFO - Setting next_dagrun for crawl_crypto_prices to 2026-03-22 12:00:00+00:00, run_after=2026-03-22 13:00:00+00:00
[2026-03-22T12:23:00.687+0000] {processor.py:183} INFO - Processing /opt/airflow/dags/crawl_crypto_prices.py took 0.043 seconds
[2026-03-22T12:23:30.934+0000] {processor.py:161} INFO - Started process (PID=6851) to work on /opt/airflow/dags/crawl_crypto_prices.py
[2026-03-22T12:23:30.935+0000] {processor.py:830} INFO - Processing file /opt/airflow/dags/crawl_crypto_prices.py for tasks to queue
[2026-03-22T12:23:30.935+0000] {logging_mixin.py:188} INFO - [2026-03-22T12:23:30.935+0000] {dagbag.py:538} INFO - Filling up the DagBag from /opt/airflow/dags/crawl_crypto_prices.py
[2026-03-22T12:23:30.940+0000] {processor.py:840} INFO - DAG(s) 'crawl_crypto_prices' retrieved from /opt/airflow/dags/crawl_crypto_prices.py
[2026-03-22T12:23:30.951+0000] {logging_mixin.py:188} INFO - [2026-03-22T12:23:30.951+0000] {dag.py:3036} INFO - Sync 1 DAGs
[2026-03-22T12:23:30.959+0000] {logging_mixin.py:188} INFO - [2026-03-22T12:23:30.959+0000] {dag.py:3823} INFO - Setting next_dagrun for crawl_crypto_prices to 2026-03-22 12:00:00+00:00, run_after=2026-03-22 13:00:00+00:00
[2026-03-22T12:23:30.965+0000] {processor.py:183} INFO - Processing /opt/airflow/dags/crawl_crypto_prices.py took 0.032 seconds
[2026-03-22T12:24:01.219+0000] {processor.py:161} INFO - Started process (PID=6856) to work on /opt/airflow/dags/crawl_crypto_prices.py
[2026-03-22T12:24:01.220+0000] {processor.py:830} INFO - Processing file /opt/airflow/dags/crawl_crypto_prices.py for tasks to queue
[2026-03-22T12:24:01.220+0000] {logging_mixin.py:188} INFO - [2026-03-22T12:24:01.220+0000] {dagbag.py:538} INFO - Filling up the DagBag from /opt/airflow/dags/crawl_crypto_prices.py
[2026-03-22T12:24:01.229+0000] {processor.py:840} INFO - DAG(s) 'crawl_crypto_prices' retrieved from /opt/airflow/dags/crawl_crypto_prices.py
[2026-03-22T12:24:01.245+0000] {logging_mixin.py:188} INFO - [2026-03-22T12:24:01.245+0000] {dag.py:3036} INFO - Sync 1 DAGs
[2026-03-22T12:24:01.256+0000] {logging_mixin.py:188} INFO - [2026-03-22T12:24:01.256+0000] {dag.py:3823} INFO - Setting next_dagrun for crawl_crypto_prices to 2026-03-22 12:00:00+00:00, run_after=2026-03-22 13:00:00+00:00
[2026-03-22T12:24:01.272+0000] {processor.py:183} INFO - Processing /opt/airflow/dags/crawl_crypto_prices.py took 0.056 seconds
[2026-03-22T12:24:31.476+0000] {processor.py:161} INFO - Started process (PID=6861) to work on /opt/airflow/dags/crawl_crypto_prices.py
[2026-03-22T12:24:31.476+0000] {processor.py:830} INFO - Processing file /opt/airflow/dags/crawl_crypto_prices.py for tasks to queue
[2026-03-22T12:24:31.477+0000] {logging_mixin.py:188} INFO - [2026-03-22T12:24:31.477+0000] {dagbag.py:538} INFO - Filling up the DagBag from /opt/airflow/dags/crawl_crypto_prices.py
[2026-03-22T12:24:31.482+0000] {processor.py:840} INFO - DAG(s) 'crawl_crypto_prices' retrieved from /opt/airflow/dags/crawl_crypto_prices.py
[2026-03-22T12:24:31.495+0000] {logging_mixin.py:188} INFO - [2026-03-22T12:24:31.495+0000] {dag.py:3036} INFO - Sync 1 DAGs
[2026-03-22T12:24:31.505+0000] {logging_mixin.py:188} INFO - [2026-03-22T12:24:31.505+0000] {dag.py:3823} INFO - Setting next_dagrun for crawl_crypto_prices to 2026-03-22 12:00:00+00:00, run_after=2026-03-22 13:00:00+00:00
[2026-03-22T12:24:31.512+0000] {processor.py:183} INFO - Processing /opt/airflow/dags/crawl_crypto_prices.py took 0.038 seconds
[2026-03-22T12:25:01.786+0000] {processor.py:161} INFO - Started process (PID=6866) to work on /opt/airflow/dags/crawl_crypto_prices.py
[2026-03-22T12:25:01.788+0000] {processor.py:830} INFO - Processing file /opt/airflow/dags/crawl_crypto_prices.py for tasks to queue
[2026-03-22T12:25:01.789+0000] {logging_mixin.py:188} INFO - [2026-03-22T12:25:01.788+0000] {dagbag.py:538} INFO - Filling up the DagBag from /opt/airflow/dags/crawl_crypto_prices.py
[2026-03-22T12:25:01.799+0000] {processor.py:840} INFO - DAG(s) 'crawl_crypto_prices' retrieved from /opt/airflow/dags/crawl_crypto_prices.py
[2026-03-22T12:25:01.817+0000] {logging_mixin.py:188} INFO - [2026-03-22T12:25:01.817+0000] {dag.py:3036} INFO - Sync 1 DAGs
[2026-03-22T12:25:01.828+0000] {logging_mixin.py:188} INFO - [2026-03-22T12:25:01.828+0000] {dag.py:3823} INFO - Setting next_dagrun for crawl_crypto_prices to 2026-03-22 12:00:00+00:00, run_after=2026-03-22 13:00:00+00:00
[2026-03-22T12:25:01.835+0000] {processor.py:183} INFO - Processing /opt/airflow/dags/crawl_crypto_prices.py took 0.051 seconds
[2026-03-22T12:25:32.039+0000] {processor.py:161} INFO - Started process (PID=6871) to work on /opt/airflow/dags/crawl_crypto_prices.py
[2026-03-22T12:25:32.039+0000] {processor.py:830} INFO - Processing file /opt/airflow/dags/crawl_crypto_prices.py for tasks to queue
[2026-03-22T12:25:32.040+0000] {logging_mixin.py:188} INFO - [2026-03-22T12:25:32.040+0000] {dagbag.py:538} INFO - Filling up the DagBag from /opt/airflow/dags/crawl_crypto_prices.py
[2026-03-22T12:25:32.049+0000] {processor.py:840} INFO - DAG(s) 'crawl_crypto_prices' retrieved from /opt/airflow/dags/crawl_crypto_prices.py
[2026-03-22T12:25:32.064+0000] {logging_mixin.py:188} INFO - [2026-03-22T12:25:32.063+0000] {dag.py:3036} INFO - Sync 1 DAGs
[2026-03-22T12:25:32.073+0000] {logging_mixin.py:188} INFO - [2026-03-22T12:25:32.073+0000] {dag.py:3823} INFO - Setting next_dagrun for crawl_crypto_prices to 2026-03-22 12:00:00+00:00, run_after=2026-03-22 13:00:00+00:00
[2026-03-22T12:25:32.079+0000] {processor.py:183} INFO - Processing /opt/airflow/dags/crawl_crypto_prices.py took 0.043 seconds
[2026-03-22T12:26:02.332+0000] {processor.py:161} INFO - Started process (PID=6876) to work on /opt/airflow/dags/crawl_crypto_prices.py
[2026-03-22T12:26:02.332+0000] {processor.py:830} INFO - Processing file /opt/airflow/dags/crawl_crypto_prices.py for tasks to queue
[2026-03-22T12:26:02.333+0000] {logging_mixin.py:188} INFO - [2026-03-22T12:26:02.333+0000] {dagbag.py:538} INFO - Filling up the DagBag from /opt/airflow/dags/crawl_crypto_prices.py
[2026-03-22T12:26:02.342+0000] {processor.py:840} INFO - DAG(s) 'crawl_crypto_prices' retrieved from /opt/airflow/dags/crawl_crypto_prices.py
[2026-03-22T12:26:02.357+0000] {logging_mixin.py:188} INFO - [2026-03-22T12:26:02.357+0000] {dag.py:3036} INFO - Sync 1 DAGs
[2026-03-22T12:26:02.367+0000] {logging_mixin.py:188} INFO - [2026-03-22T12:26:02.367+0000] {dag.py:3823} INFO - Setting next_dagrun for crawl_crypto_prices to 2026-03-22 12:00:00+00:00, run_after=2026-03-22 13:00:00+00:00
[2026-03-22T12:26:02.375+0000] {processor.py:183} INFO - Processing /opt/airflow/dags/crawl_crypto_prices.py took 0.045 seconds
[2026-03-22T12:26:32.637+0000] {processor.py:161} INFO - Started process (PID=6881) to work on /opt/airflow/dags/crawl_crypto_prices.py
[2026-03-22T12:26:32.638+0000] {processor.py:830} INFO - Processing file /opt/airflow/dags/crawl_crypto_prices.py for tasks to queue
[2026-03-22T12:26:32.639+0000] {logging_mixin.py:188} INFO - [2026-03-22T12:26:32.638+0000] {dagbag.py:538} INFO - Filling up the DagBag from /opt/airflow/dags/crawl_crypto_prices.py
[2026-03-22T12:26:32.649+0000] {processor.py:840} INFO - DAG(s) 'crawl_crypto_prices' retrieved from /opt/airflow/dags/crawl_crypto_prices.py
[2026-03-22T12:26:32.667+0000] {logging_mixin.py:188} INFO - [2026-03-22T12:26:32.667+0000] {dag.py:3036} INFO - Sync 1 DAGs
[2026-03-22T12:26:32.677+0000] {logging_mixin.py:188} INFO - [2026-03-22T12:26:32.677+0000] {dag.py:3823} INFO - Setting next_dagrun for crawl_crypto_prices to 2026-03-22 12:00:00+00:00, run_after=2026-03-22 13:00:00+00:00
[2026-03-22T12:26:32.683+0000] {processor.py:183} INFO - Processing /opt/airflow/dags/crawl_crypto_prices.py took 0.049 seconds
[2026-03-22T12:27:02.899+0000] {processor.py:161} INFO - Started process (PID=6886) to work on /opt/airflow/dags/crawl_crypto_prices.py
[2026-03-22T12:27:02.900+0000] {processor.py:830} INFO - Processing file /opt/airflow/dags/crawl_crypto_prices.py for tasks to queue
[2026-03-22T12:27:02.900+0000] {logging_mixin.py:188} INFO - [2026-03-22T12:27:02.900+0000] {dagbag.py:538} INFO - Filling up the DagBag from /opt/airflow/dags/crawl_crypto_prices.py
[2026-03-22T12:27:02.910+0000] {processor.py:840} INFO - DAG(s) 'crawl_crypto_prices' retrieved from /opt/airflow/dags/crawl_crypto_prices.py
[2026-03-22T12:27:02.923+0000] {logging_mixin.py:188} INFO - [2026-03-22T12:27:02.923+0000] {dag.py:3036} INFO - Sync 1 DAGs
[2026-03-22T12:27:02.933+0000] {logging_mixin.py:188} INFO - [2026-03-22T12:27:02.933+0000] {dag.py:3823} INFO - Setting next_dagrun for crawl_crypto_prices to 2026-03-22 12:00:00+00:00, run_after=2026-03-22 13:00:00+00:00
[2026-03-22T12:27:02.939+0000] {processor.py:183} INFO - Processing /opt/airflow/dags/crawl_crypto_prices.py took 0.043 seconds
[2026-03-22T12:27:33.197+0000] {processor.py:161} INFO - Started process (PID=6891) to work on /opt/airflow/dags/crawl_crypto_prices.py
[2026-03-22T12:27:33.198+0000] {processor.py:830} INFO - Processing file /opt/airflow/dags/crawl_crypto_prices.py for tasks to queue
[2026-03-22T12:27:33.198+0000] {logging_mixin.py:188} INFO - [2026-03-22T12:27:33.198+0000] {dagbag.py:538} INFO - Filling up the DagBag from /opt/airflow/dags/crawl_crypto_prices.py
[2026-03-22T12:27:33.208+0000] {processor.py:840} INFO - DAG(s) 'crawl_crypto_prices' retrieved from /opt/airflow/dags/crawl_crypto_prices.py
[2026-03-22T12:27:33.227+0000] {logging_mixin.py:188} INFO - [2026-03-22T12:27:33.227+0000] {dag.py:3036} INFO - Sync 1 DAGs
[2026-03-22T12:27:33.238+0000] {logging_mixin.py:188} INFO - [2026-03-22T12:27:33.238+0000] {dag.py:3823} INFO - Setting next_dagrun for crawl_crypto_prices to 2026-03-22 12:00:00+00:00, run_after=2026-03-22 13:00:00+00:00
[2026-03-22T12:27:33.245+0000] {processor.py:183} INFO - Processing /opt/airflow/dags/crawl_crypto_prices.py took 0.051 seconds
[2026-03-22T12:28:03.506+0000] {processor.py:161} INFO - Started process (PID=6896) to work on /opt/airflow/dags/crawl_crypto_prices.py
[2026-03-22T12:28:03.507+0000] {processor.py:830} INFO - Processing file /opt/airflow/dags/crawl_crypto_prices.py for tasks to queue
[2026-03-22T12:28:03.508+0000] {logging_mixin.py:188} INFO - [2026-03-22T12:28:03.508+0000] {dagbag.py:538} INFO - Filling up the DagBag from /opt/airflow/dags/crawl_crypto_prices.py
[2026-03-22T12:28:03.519+0000] {processor.py:840} INFO - DAG(s) 'crawl_crypto_prices' retrieved from /opt/airflow/dags/crawl_crypto_prices.py
[2026-03-22T12:28:03.547+0000] {logging_mixin.py:188} INFO - [2026-03-22T12:28:03.546+0000] {dag.py:3036} INFO - Sync 1 DAGs
[2026-03-22T12:28:03.560+0000] {logging_mixin.py:188} INFO - [2026-03-22T12:28:03.560+0000] {dag.py:3823} INFO - Setting next_dagrun for crawl_crypto_prices to 2026-03-22 12:00:00+00:00, run_after=2026-03-22 13:00:00+00:00
[2026-03-22T12:28:03.568+0000] {processor.py:183} INFO - Processing /opt/airflow/dags/crawl_crypto_prices.py took 0.065 seconds
[2026-03-22T12:28:33.843+0000] {processor.py:161} INFO - Started process (PID=6901) to work on /opt/airflow/dags/crawl_crypto_prices.py
[2026-03-22T12:28:33.844+0000] {processor.py:830} INFO - Processing file /opt/airflow/dags/crawl_crypto_prices.py for tasks to queue
[2026-03-22T12:28:33.844+0000] {logging_mixin.py:188} INFO - [2026-03-22T12:28:33.844+0000] {dagbag.py:538} INFO - Filling up the DagBag from /opt/airflow/dags/crawl_crypto_prices.py
[2026-03-22T12:28:33.855+0000] {processor.py:840} INFO - DAG(s) 'crawl_crypto_prices' retrieved from /opt/airflow/dags/crawl_crypto_prices.py
[2026-03-22T12:28:33.873+0000] {logging_mixin.py:188} INFO - [2026-03-22T12:28:33.873+0000] {dag.py:3036} INFO - Sync 1 DAGs
[2026-03-22T12:28:33.883+0000] {logging_mixin.py:188} INFO - [2026-03-22T12:28:33.883+0000] {dag.py:3823} INFO - Setting next_dagrun for crawl_crypto_prices to 2026-03-22 12:00:00+00:00, run_after=2026-03-22 13:00:00+00:00
[2026-03-22T12:28:33.889+0000] {processor.py:183} INFO - Processing /opt/airflow/dags/crawl_crypto_prices.py took 0.050 seconds
[2026-03-22T12:29:04.174+0000] {processor.py:161} INFO - Started process (PID=6906) to work on /opt/airflow/dags/crawl_crypto_prices.py
[2026-03-22T12:29:04.175+0000] {processor.py:830} INFO - Processing file /opt/airflow/dags/crawl_crypto_prices.py for tasks to queue
[2026-03-22T12:29:04.176+0000] {logging_mixin.py:188} INFO - [2026-03-22T12:29:04.176+0000] {dagbag.py:538} INFO - Filling up the DagBag from /opt/airflow/dags/crawl_crypto_prices.py
[2026-03-22T12:29:04.188+0000] {processor.py:840} INFO - DAG(s) 'crawl_crypto_prices' retrieved from /opt/airflow/dags/crawl_crypto_prices.py
[2026-03-22T12:29:04.206+0000] {logging_mixin.py:188} INFO - [2026-03-22T12:29:04.206+0000] {dag.py:3036} INFO - Sync 1 DAGs
[2026-03-22T12:29:04.216+0000] {logging_mixin.py:188} INFO - [2026-03-22T12:29:04.216+0000] {dag.py:3823} INFO - Setting next_dagrun for crawl_crypto_prices to 2026-03-22 12:00:00+00:00, run_after=2026-03-22 13:00:00+00:00
[2026-03-22T12:29:04.222+0000] {processor.py:183} INFO - Processing /opt/airflow/dags/crawl_crypto_prices.py took 0.051 seconds
[2026-03-22T12:29:34.468+0000] {processor.py:161} INFO - Started process (PID=6911) to work on /opt/airflow/dags/crawl_crypto_prices.py
[2026-03-22T12:29:34.468+0000] {processor.py:830} INFO - Processing file /opt/airflow/dags/crawl_crypto_prices.py for tasks to queue
[2026-03-22T12:29:34.469+0000] {logging_mixin.py:188} INFO - [2026-03-22T12:29:34.469+0000] {dagbag.py:538} INFO - Filling up the DagBag from /opt/airflow/dags/crawl_crypto_prices.py
[2026-03-22T12:29:34.481+0000] {processor.py:840} INFO - DAG(s) 'crawl_crypto_prices' retrieved from /opt/airflow/dags/crawl_crypto_prices.py
[2026-03-22T12:29:34.502+0000] {logging_mixin.py:188} INFO - [2026-03-22T12:29:34.502+0000] {dag.py:3036} INFO - Sync 1 DAGs
[2026-03-22T12:29:34.517+0000] {logging_mixin.py:188} INFO - [2026-03-22T12:29:34.517+0000] {dag.py:3823} INFO - Setting next_dagrun for crawl_crypto_prices to 2026-03-22 12:00:00+00:00, run_after=2026-03-22 13:00:00+00:00
[2026-03-22T12:29:34.524+0000] {processor.py:183} INFO - Processing /opt/airflow/dags/crawl_crypto_prices.py took 0.059 seconds
[2026-03-22T12:30:04.758+0000] {processor.py:161} INFO - Started process (PID=6916) to work on /opt/airflow/dags/crawl_crypto_prices.py
[2026-03-22T12:30:04.759+0000] {processor.py:830} INFO - Processing file /opt/airflow/dags/crawl_crypto_prices.py for tasks to queue
[2026-03-22T12:30:04.760+0000] {logging_mixin.py:188} INFO - [2026-03-22T12:30:04.759+0000] {dagbag.py:538} INFO - Filling up the DagBag from /opt/airflow/dags/crawl_crypto_prices.py
[2026-03-22T12:30:04.773+0000] {processor.py:840} INFO - DAG(s) 'crawl_crypto_prices' retrieved from /opt/airflow/dags/crawl_crypto_prices.py
[2026-03-22T12:30:04.791+0000] {logging_mixin.py:188} INFO - [2026-03-22T12:30:04.791+0000] {dag.py:3036} INFO - Sync 1 DAGs
[2026-03-22T12:30:04.802+0000] {logging_mixin.py:188} INFO - [2026-03-22T12:30:04.802+0000] {dag.py:3823} INFO - Setting next_dagrun for crawl_crypto_prices to 2026-03-22 12:00:00+00:00, run_after=2026-03-22 13:00:00+00:00
[2026-03-22T12:30:04.808+0000] {processor.py:183} INFO - Processing /opt/airflow/dags/crawl_crypto_prices.py took 0.054 seconds
[2026-03-22T12:30:35.098+0000] {processor.py:161} INFO - Started process (PID=6921) to work on /opt/airflow/dags/crawl_crypto_prices.py
[2026-03-22T12:30:35.099+0000] {processor.py:830} INFO - Processing file /opt/airflow/dags/crawl_crypto_prices.py for tasks to queue
[2026-03-22T12:30:35.100+0000] {logging_mixin.py:188} INFO - [2026-03-22T12:30:35.099+0000] {dagbag.py:538} INFO - Filling up the DagBag from /opt/airflow/dags/crawl_crypto_prices.py
[2026-03-22T12:30:35.111+0000] {processor.py:840} INFO - DAG(s) 'crawl_crypto_prices' retrieved from /opt/airflow/dags/crawl_crypto_prices.py
[2026-03-22T12:30:35.131+0000] {logging_mixin.py:188} INFO - [2026-03-22T12:30:35.131+0000] {dag.py:3036} INFO - Sync 1 DAGs
[2026-03-22T12:30:35.141+0000] {logging_mixin.py:188} INFO - [2026-03-22T12:30:35.141+0000] {dag.py:3823} INFO - Setting next_dagrun for crawl_crypto_prices to 2026-03-22 12:00:00+00:00, run_after=2026-03-22 13:00:00+00:00
[2026-03-22T12:30:35.147+0000] {processor.py:183} INFO - Processing /opt/airflow/dags/crawl_crypto_prices.py took 0.054 seconds
[2026-03-22T12:31:05.391+0000] {processor.py:161} INFO - Started process (PID=6926) to work on /opt/airflow/dags/crawl_crypto_prices.py
[2026-03-22T12:31:05.392+0000] {processor.py:830} INFO - Processing file /opt/airflow/dags/crawl_crypto_prices.py for tasks to queue
[2026-03-22T12:31:05.393+0000] {logging_mixin.py:188} INFO - [2026-03-22T12:31:05.393+0000] {dagbag.py:538} INFO - Filling up the DagBag from /opt/airflow/dags/crawl_crypto_prices.py
[2026-03-22T12:31:05.403+0000] {processor.py:840} INFO - DAG(s) 'crawl_crypto_prices' retrieved from /opt/airflow/dags/crawl_crypto_prices.py
[2026-03-22T12:31:05.422+0000] {logging_mixin.py:188} INFO - [2026-03-22T12:31:05.422+0000] {dag.py:3036} INFO - Sync 1 DAGs
[2026-03-22T12:31:05.433+0000] {logging_mixin.py:188} INFO - [2026-03-22T12:31:05.433+0000] {dag.py:3823} INFO - Setting next_dagrun for crawl_crypto_prices to 2026-03-22 12:00:00+00:00, run_after=2026-03-22 13:00:00+00:00
[2026-03-22T12:31:05.439+0000] {processor.py:183} INFO - Processing /opt/airflow/dags/crawl_crypto_prices.py took 0.051 seconds
[2026-03-22T12:31:35.705+0000] {processor.py:161} INFO - Started process (PID=6931) to work on /opt/airflow/dags/crawl_crypto_prices.py
[2026-03-22T12:31:35.706+0000] {processor.py:830} INFO - Processing file /opt/airflow/dags/crawl_crypto_prices.py for tasks to queue
[2026-03-22T12:31:35.706+0000] {logging_mixin.py:188} INFO - [2026-03-22T12:31:35.706+0000] {dagbag.py:538} INFO - Filling up the DagBag from /opt/airflow/dags/crawl_crypto_prices.py
[2026-03-22T12:31:35.713+0000] {processor.py:840} INFO - DAG(s) 'crawl_crypto_prices' retrieved from /opt/airflow/dags/crawl_crypto_prices.py
[2026-03-22T12:31:35.724+0000] {logging_mixin.py:188} INFO - [2026-03-22T12:31:35.724+0000] {dag.py:3036} INFO - Sync 1 DAGs
[2026-03-22T12:31:35.733+0000] {logging_mixin.py:188} INFO - [2026-03-22T12:31:35.733+0000] {dag.py:3823} INFO - Setting next_dagrun for crawl_crypto_prices to 2026-03-22 12:00:00+00:00, run_after=2026-03-22 13:00:00+00:00
[2026-03-22T12:31:35.739+0000] {processor.py:183} INFO - Processing /opt/airflow/dags/crawl_crypto_prices.py took 0.036 seconds
[2026-03-22T12:32:06.006+0000] {processor.py:161} INFO - Started process (PID=6936) to work on /opt/airflow/dags/crawl_crypto_prices.py
[2026-03-22T12:32:06.007+0000] {processor.py:830} INFO - Processing file /opt/airflow/dags/crawl_crypto_prices.py for tasks to queue
[2026-03-22T12:32:06.008+0000] {logging_mixin.py:188} INFO - [2026-03-22T12:32:06.008+0000] {dagbag.py:538} INFO - Filling up the DagBag from /opt/airflow/dags/crawl_crypto_prices.py
[2026-03-22T12:32:06.024+0000] {processor.py:840} INFO - DAG(s) 'crawl_crypto_prices' retrieved from /opt/airflow/dags/crawl_crypto_prices.py
[2026-03-22T12:32:06.045+0000] {logging_mixin.py:188} INFO - [2026-03-22T12:32:06.045+0000] {dag.py:3036} INFO - Sync 1 DAGs
[2026-03-22T12:32:06.055+0000] {logging_mixin.py:188} INFO - [2026-03-22T12:32:06.055+0000] {dag.py:3823} INFO - Setting next_dagrun for crawl_crypto_prices to 2026-03-22 12:00:00+00:00, run_after=2026-03-22 13:00:00+00:00
[2026-03-22T12:32:06.061+0000] {processor.py:183} INFO - Processing /opt/airflow/dags/crawl_crypto_prices.py took 0.059 seconds
[2026-03-22T12:32:36.309+0000] {processor.py:161} INFO - Started process (PID=6941) to work on /opt/airflow/dags/crawl_crypto_prices.py
[2026-03-22T12:32:36.310+0000] {processor.py:830} INFO - Processing file /opt/airflow/dags/crawl_crypto_prices.py for tasks to queue
[2026-03-22T12:32:36.311+0000] {logging_mixin.py:188} INFO - [2026-03-22T12:32:36.311+0000] {dagbag.py:538} INFO - Filling up the DagBag from /opt/airflow/dags/crawl_crypto_prices.py
[2026-03-22T12:32:36.323+0000] {processor.py:840} INFO - DAG(s) 'crawl_crypto_prices' retrieved from /opt/airflow/dags/crawl_crypto_prices.py
[2026-03-22T12:32:36.343+0000] {logging_mixin.py:188} INFO - [2026-03-22T12:32:36.343+0000] {dag.py:3036} INFO - Sync 1 DAGs
[2026-03-22T12:32:36.357+0000] {logging_mixin.py:188} INFO - [2026-03-22T12:32:36.357+0000] {dag.py:3823} INFO - Setting next_dagrun for crawl_crypto_prices to 2026-03-22 12:00:00+00:00, run_after=2026-03-22 13:00:00+00:00
[2026-03-22T12:32:36.365+0000] {processor.py:183} INFO - Processing /opt/airflow/dags/crawl_crypto_prices.py took 0.058 seconds
[2026-03-22T12:33:06.609+0000] {processor.py:161} INFO - Started process (PID=6946) to work on /opt/airflow/dags/crawl_crypto_prices.py
[2026-03-22T12:33:06.610+0000] {processor.py:830} INFO - Processing file /opt/airflow/dags/crawl_crypto_prices.py for tasks to queue
[2026-03-22T12:33:06.611+0000] {logging_mixin.py:188} INFO - [2026-03-22T12:33:06.610+0000] {dagbag.py:538} INFO - Filling up the DagBag from /opt/airflow/dags/crawl_crypto_prices.py
[2026-03-22T12:33:06.623+0000] {processor.py:840} INFO - DAG(s) 'crawl_crypto_prices' retrieved from /opt/airflow/dags/crawl_crypto_prices.py
[2026-03-22T12:33:06.643+0000] {logging_mixin.py:188} INFO - [2026-03-22T12:33:06.643+0000] {dag.py:3036} INFO - Sync 1 DAGs
[2026-03-22T12:33:06.654+0000] {logging_mixin.py:188} INFO - [2026-03-22T12:33:06.654+0000] {dag.py:3823} INFO - Setting next_dagrun for crawl_crypto_prices to 2026-03-22 12:00:00+00:00, run_after=2026-03-22 13:00:00+00:00
[2026-03-22T12:33:06.661+0000] {processor.py:183} INFO - Processing /opt/airflow/dags/crawl_crypto_prices.py took 0.056 seconds
[2026-03-22T12:33:36.946+0000] {processor.py:161} INFO - Started process (PID=6951) to work on /opt/airflow/dags/crawl_crypto_prices.py
[2026-03-22T12:33:36.947+0000] {processor.py:830} INFO - Processing file /opt/airflow/dags/crawl_crypto_prices.py for tasks to queue
[2026-03-22T12:33:36.948+0000] {logging_mixin.py:188} INFO - [2026-03-22T12:33:36.948+0000] {dagbag.py:538} INFO - Filling up the DagBag from /opt/airflow/dags/crawl_crypto_prices.py
[2026-03-22T12:33:36.959+0000] {processor.py:840} INFO - DAG(s) 'crawl_crypto_prices' retrieved from /opt/airflow/dags/crawl_crypto_prices.py
[2026-03-22T12:33:36.977+0000] {logging_mixin.py:188} INFO - [2026-03-22T12:33:36.977+0000] {dag.py:3036} INFO - Sync 1 DAGs
[2026-03-22T12:33:36.989+0000] {logging_mixin.py:188} INFO - [2026-03-22T12:33:36.989+0000] {dag.py:3823} INFO - Setting next_dagrun for crawl_crypto_prices to 2026-03-22 12:00:00+00:00, run_after=2026-03-22 13:00:00+00:00
[2026-03-22T12:33:36.996+0000] {processor.py:183} INFO - Processing /opt/airflow/dags/crawl_crypto_prices.py took 0.053 seconds
[2026-03-22T12:34:07.249+0000] {processor.py:161} INFO - Started process (PID=6956) to work on /opt/airflow/dags/crawl_crypto_prices.py
[2026-03-22T12:34:07.250+0000] {processor.py:830} INFO - Processing file /opt/airflow/dags/crawl_crypto_prices.py for tasks to queue
[2026-03-22T12:34:07.251+0000] {logging_mixin.py:188} INFO - [2026-03-22T12:34:07.251+0000] {dagbag.py:538} INFO - Filling up the DagBag from /opt/airflow/dags/crawl_crypto_prices.py
[2026-03-22T12:34:07.262+0000] {processor.py:840} INFO - DAG(s) 'crawl_crypto_prices' retrieved from /opt/airflow/dags/crawl_crypto_prices.py
[2026-03-22T12:34:07.282+0000] {logging_mixin.py:188} INFO - [2026-03-22T12:34:07.282+0000] {dag.py:3036} INFO - Sync 1 DAGs
[2026-03-22T12:34:07.292+0000] {logging_mixin.py:188} INFO - [2026-03-22T12:34:07.292+0000] {dag.py:3823} INFO - Setting next_dagrun for crawl_crypto_prices to 2026-03-22 12:00:00+00:00, run_after=2026-03-22 13:00:00+00:00
[2026-03-22T12:34:07.298+0000] {processor.py:183} INFO - Processing /opt/airflow/dags/crawl_crypto_prices.py took 0.052 seconds
[2026-03-22T12:34:37.571+0000] {processor.py:161} INFO - Started process (PID=6961) to work on /opt/airflow/dags/crawl_crypto_prices.py
[2026-03-22T12:34:37.572+0000] {processor.py:830} INFO - Processing file /opt/airflow/dags/crawl_crypto_prices.py for tasks to queue
[2026-03-22T12:34:37.573+0000] {logging_mixin.py:188} INFO - [2026-03-22T12:34:37.573+0000] {dagbag.py:538} INFO - Filling up the DagBag from /opt/airflow/dags/crawl_crypto_prices.py
[2026-03-22T12:34:37.586+0000] {processor.py:840} INFO - DAG(s) 'crawl_crypto_prices' retrieved from /opt/airflow/dags/crawl_crypto_prices.py
[2026-03-22T12:34:37.604+0000] {logging_mixin.py:188} INFO - [2026-03-22T12:34:37.604+0000] {dag.py:3036} INFO - Sync 1 DAGs
[2026-03-22T12:34:37.614+0000] {logging_mixin.py:188} INFO - [2026-03-22T12:34:37.614+0000] {dag.py:3823} INFO - Setting next_dagrun for crawl_crypto_prices to 2026-03-22 12:00:00+00:00, run_after=2026-03-22 13:00:00+00:00
[2026-03-22T12:34:37.620+0000] {processor.py:183} INFO - Processing /opt/airflow/dags/crawl_crypto_prices.py took 0.052 seconds
[2026-03-22T12:35:07.851+0000] {processor.py:161} INFO - Started process (PID=6966) to work on /opt/airflow/dags/crawl_crypto_prices.py
[2026-03-22T12:35:07.853+0000] {processor.py:830} INFO - Processing file /opt/airflow/dags/crawl_crypto_prices.py for tasks to queue
[2026-03-22T12:35:07.854+0000] {logging_mixin.py:188} INFO - [2026-03-22T12:35:07.854+0000] {dagbag.py:538} INFO - Filling up the DagBag from /opt/airflow/dags/crawl_crypto_prices.py
[2026-03-22T12:35:07.864+0000] {processor.py:840} INFO - DAG(s) 'crawl_crypto_prices' retrieved from /opt/airflow/dags/crawl_crypto_prices.py
[2026-03-22T12:35:07.881+0000] {logging_mixin.py:188} INFO - [2026-03-22T12:35:07.881+0000] {dag.py:3036} INFO - Sync 1 DAGs
[2026-03-22T12:35:07.893+0000] {logging_mixin.py:188} INFO - [2026-03-22T12:35:07.893+0000] {dag.py:3823} INFO - Setting next_dagrun for crawl_crypto_prices to 2026-03-22 12:00:00+00:00, run_after=2026-03-22 13:00:00+00:00
[2026-03-22T12:35:07.900+0000] {processor.py:183} INFO - Processing /opt/airflow/dags/crawl_crypto_prices.py took 0.052 seconds
[2026-03-22T12:35:38.162+0000] {processor.py:161} INFO - Started process (PID=6971) to work on /opt/airflow/dags/crawl_crypto_prices.py
[2026-03-22T12:35:38.163+0000] {processor.py:830} INFO - Processing file /opt/airflow/dags/crawl_crypto_prices.py for tasks to queue
[2026-03-22T12:35:38.164+0000] {logging_mixin.py:188} INFO - [2026-03-22T12:35:38.163+0000] {dagbag.py:538} INFO - Filling up the DagBag from /opt/airflow/dags/crawl_crypto_prices.py
[2026-03-22T12:35:38.176+0000] {processor.py:840} INFO - DAG(s) 'crawl_crypto_prices' retrieved from /opt/airflow/dags/crawl_crypto_prices.py
[2026-03-22T12:35:38.195+0000] {logging_mixin.py:188} INFO - [2026-03-22T12:35:38.194+0000] {dag.py:3036} INFO - Sync 1 DAGs
[2026-03-22T12:35:38.205+0000] {logging_mixin.py:188} INFO - [2026-03-22T12:35:38.205+0000] {dag.py:3823} INFO - Setting next_dagrun for crawl_crypto_prices to 2026-03-22 12:00:00+00:00, run_after=2026-03-22 13:00:00+00:00
[2026-03-22T12:35:38.212+0000] {processor.py:183} INFO - Processing /opt/airflow/dags/crawl_crypto_prices.py took 0.053 seconds
[2026-03-22T12:36:08.465+0000] {processor.py:161} INFO - Started process (PID=6976) to work on /opt/airflow/dags/crawl_crypto_prices.py
[2026-03-22T12:36:08.466+0000] {processor.py:830} INFO - Processing file /opt/airflow/dags/crawl_crypto_prices.py for tasks to queue
[2026-03-22T12:36:08.466+0000] {logging_mixin.py:188} INFO - [2026-03-22T12:36:08.466+0000] {dagbag.py:538} INFO - Filling up the DagBag from /opt/airflow/dags/crawl_crypto_prices.py
[2026-03-22T12:36:08.477+0000] {processor.py:840} INFO - DAG(s) 'crawl_crypto_prices' retrieved from /opt/airflow/dags/crawl_crypto_prices.py
[2026-03-22T12:36:08.490+0000] {logging_mixin.py:188} INFO - [2026-03-22T12:36:08.490+0000] {dag.py:3036} INFO - Sync 1 DAGs
[2026-03-22T12:36:08.501+0000] {logging_mixin.py:188} INFO - [2026-03-22T12:36:08.501+0000] {dag.py:3823} INFO - Setting next_dagrun for crawl_crypto_prices to 2026-03-22 12:00:00+00:00, run_after=2026-03-22 13:00:00+00:00
[2026-03-22T12:36:08.507+0000] {processor.py:183} INFO - Processing /opt/airflow/dags/crawl_crypto_prices.py took 0.046 seconds
[2026-03-22T12:36:38.753+0000] {processor.py:161} INFO - Started process (PID=6981) to work on /opt/airflow/dags/crawl_crypto_prices.py
[2026-03-22T12:36:38.755+0000] {processor.py:830} INFO - Processing file /opt/airflow/dags/crawl_crypto_prices.py for tasks to queue
[2026-03-22T12:36:38.756+0000] {logging_mixin.py:188} INFO - [2026-03-22T12:36:38.756+0000] {dagbag.py:538} INFO - Filling up the DagBag from /opt/airflow/dags/crawl_crypto_prices.py
[2026-03-22T12:36:38.767+0000] {processor.py:840} INFO - DAG(s) 'crawl_crypto_prices' retrieved from /opt/airflow/dags/crawl_crypto_prices.py
[2026-03-22T12:36:38.784+0000] {logging_mixin.py:188} INFO - [2026-03-22T12:36:38.784+0000] {dag.py:3036} INFO - Sync 1 DAGs
[2026-03-22T12:36:38.793+0000] {logging_mixin.py:188} INFO - [2026-03-22T12:36:38.793+0000] {dag.py:3823} INFO - Setting next_dagrun for crawl_crypto_prices to 2026-03-22 12:00:00+00:00, run_after=2026-03-22 13:00:00+00:00
[2026-03-22T12:36:38.799+0000] {processor.py:183} INFO - Processing /opt/airflow/dags/crawl_crypto_prices.py took 0.050 seconds
[2026-03-22T12:37:09.007+0000] {processor.py:161} INFO - Started process (PID=6986) to work on /opt/airflow/dags/crawl_crypto_prices.py
[2026-03-22T12:37:09.008+0000] {processor.py:830} INFO - Processing file /opt/airflow/dags/crawl_crypto_prices.py for tasks to queue
[2026-03-22T12:37:09.008+0000] {logging_mixin.py:188} INFO - [2026-03-22T12:37:09.008+0000] {dagbag.py:538} INFO - Filling up the DagBag from /opt/airflow/dags/crawl_crypto_prices.py
[2026-03-22T12:37:09.018+0000] {processor.py:840} INFO - DAG(s) 'crawl_crypto_prices' retrieved from /opt/airflow/dags/crawl_crypto_prices.py
[2026-03-22T12:37:09.030+0000] {logging_mixin.py:188} INFO - [2026-03-22T12:37:09.030+0000] {dag.py:3036} INFO - Sync 1 DAGs
[2026-03-22T12:37:09.038+0000] {logging_mixin.py:188} INFO - [2026-03-22T12:37:09.038+0000] {dag.py:3823} INFO - Setting next_dagrun for crawl_crypto_prices to 2026-03-22 12:00:00+00:00, run_after=2026-03-22 13:00:00+00:00
[2026-03-22T12:37:09.043+0000] {processor.py:183} INFO - Processing /opt/airflow/dags/crawl_crypto_prices.py took 0.038 seconds
[2026-03-22T12:37:39.293+0000] {processor.py:161} INFO - Started process (PID=6991) to work on /opt/airflow/dags/crawl_crypto_prices.py
[2026-03-22T12:37:39.294+0000] {processor.py:830} INFO - Processing file /opt/airflow/dags/crawl_crypto_prices.py for tasks to queue
[2026-03-22T12:37:39.295+0000] {logging_mixin.py:188} INFO - [2026-03-22T12:37:39.295+0000] {dagbag.py:538} INFO - Filling up the DagBag from /opt/airflow/dags/crawl_crypto_prices.py
[2026-03-22T12:37:39.307+0000] {processor.py:840} INFO - DAG(s) 'crawl_crypto_prices' retrieved from /opt/airflow/dags/crawl_crypto_prices.py
[2026-03-22T12:37:39.326+0000] {logging_mixin.py:188} INFO - [2026-03-22T12:37:39.326+0000] {dag.py:3036} INFO - Sync 1 DAGs
[2026-03-22T12:37:39.336+0000] {logging_mixin.py:188} INFO - [2026-03-22T12:37:39.336+0000] {dag.py:3823} INFO - Setting next_dagrun for crawl_crypto_prices to 2026-03-22 12:00:00+00:00, run_after=2026-03-22 13:00:00+00:00
[2026-03-22T12:37:39.342+0000] {processor.py:183} INFO - Processing /opt/airflow/dags/crawl_crypto_prices.py took 0.052 seconds
[2026-03-22T12:38:09.572+0000] {processor.py:161} INFO - Started process (PID=6996) to work on /opt/airflow/dags/crawl_crypto_prices.py
[2026-03-22T12:38:09.574+0000] {processor.py:830} INFO - Processing file /opt/airflow/dags/crawl_crypto_prices.py for tasks to queue
[2026-03-22T12:38:09.575+0000] {logging_mixin.py:188} INFO - [2026-03-22T12:38:09.575+0000] {dagbag.py:538} INFO - Filling up the DagBag from /opt/airflow/dags/crawl_crypto_prices.py
[2026-03-22T12:38:09.587+0000] {processor.py:840} INFO - DAG(s) 'crawl_crypto_prices' retrieved from /opt/airflow/dags/crawl_crypto_prices.py
[2026-03-22T12:38:09.602+0000] {logging_mixin.py:188} INFO - [2026-03-22T12:38:09.602+0000] {dag.py:3036} INFO - Sync 1 DAGs
[2026-03-22T12:38:09.613+0000] {logging_mixin.py:188} INFO - [2026-03-22T12:38:09.613+0000] {dag.py:3823} INFO - Setting next_dagrun for crawl_crypto_prices to 2026-03-22 12:00:00+00:00, run_after=2026-03-22 13:00:00+00:00
[2026-03-22T12:38:09.620+0000] {processor.py:183} INFO - Processing /opt/airflow/dags/crawl_crypto_prices.py took 0.051 seconds
[2026-03-22T12:38:39.854+0000] {processor.py:161} INFO - Started process (PID=7001) to work on /opt/airflow/dags/crawl_crypto_prices.py
[2026-03-22T12:38:39.855+0000] {processor.py:830} INFO - Processing file /opt/airflow/dags/crawl_crypto_prices.py for tasks to queue
[2026-03-22T12:38:39.855+0000] {logging_mixin.py:188} INFO - [2026-03-22T12:38:39.855+0000] {dagbag.py:538} INFO - Filling up the DagBag from /opt/airflow/dags/crawl_crypto_prices.py
[2026-03-22T12:38:39.863+0000] {processor.py:840} INFO - DAG(s) 'crawl_crypto_prices' retrieved from /opt/airflow/dags/crawl_crypto_prices.py
[2026-03-22T12:38:39.878+0000] {logging_mixin.py:188} INFO - [2026-03-22T12:38:39.878+0000] {dag.py:3036} INFO - Sync 1 DAGs
[2026-03-22T12:38:39.890+0000] {logging_mixin.py:188} INFO - [2026-03-22T12:38:39.890+0000] {dag.py:3823} INFO - Setting next_dagrun for crawl_crypto_prices to 2026-03-22 12:00:00+00:00, run_after=2026-03-22 13:00:00+00:00
[2026-03-22T12:38:39.896+0000] {processor.py:183} INFO - Processing /opt/airflow/dags/crawl_crypto_prices.py took 0.045 seconds
[2026-03-22T12:39:10.071+0000] {processor.py:161} INFO - Started process (PID=7006) to work on /opt/airflow/dags/crawl_crypto_prices.py
[2026-03-22T12:39:10.072+0000] {processor.py:830} INFO - Processing file /opt/airflow/dags/crawl_crypto_prices.py for tasks to queue
[2026-03-22T12:39:10.073+0000] {logging_mixin.py:188} INFO - [2026-03-22T12:39:10.073+0000] {dagbag.py:538} INFO - Filling up the DagBag from /opt/airflow/dags/crawl_crypto_prices.py
[2026-03-22T12:39:10.084+0000] {processor.py:840} INFO - DAG(s) 'crawl_crypto_prices' retrieved from /opt/airflow/dags/crawl_crypto_prices.py
[2026-03-22T12:39:10.101+0000] {logging_mixin.py:188} INFO - [2026-03-22T12:39:10.101+0000] {dag.py:3036} INFO - Sync 1 DAGs
[2026-03-22T12:39:10.111+0000] {logging_mixin.py:188} INFO - [2026-03-22T12:39:10.111+0000] {dag.py:3823} INFO - Setting next_dagrun for crawl_crypto_prices to 2026-03-22 12:00:00+00:00, run_after=2026-03-22 13:00:00+00:00
[2026-03-22T12:39:10.117+0000] {processor.py:183} INFO - Processing /opt/airflow/dags/crawl_crypto_prices.py took 0.049 seconds
[2026-03-22T12:39:40.395+0000] {processor.py:161} INFO - Started process (PID=7011) to work on /opt/airflow/dags/crawl_crypto_prices.py
[2026-03-22T12:39:40.397+0000] {processor.py:830} INFO - Processing file /opt/airflow/dags/crawl_crypto_prices.py for tasks to queue
[2026-03-22T12:39:40.397+0000] {logging_mixin.py:188} INFO - [2026-03-22T12:39:40.397+0000] {dagbag.py:538} INFO - Filling up the DagBag from /opt/airflow/dags/crawl_crypto_prices.py
[2026-03-22T12:39:40.408+0000] {processor.py:840} INFO - DAG(s) 'crawl_crypto_prices' retrieved from /opt/airflow/dags/crawl_crypto_prices.py
[2026-03-22T12:39:40.422+0000] {logging_mixin.py:188} INFO - [2026-03-22T12:39:40.422+0000] {dag.py:3036} INFO - Sync 1 DAGs
[2026-03-22T12:39:40.432+0000] {logging_mixin.py:188} INFO - [2026-03-22T12:39:40.432+0000] {dag.py:3823} INFO - Setting next_dagrun for crawl_crypto_prices to 2026-03-22 12:00:00+00:00, run_after=2026-03-22 13:00:00+00:00
[2026-03-22T12:39:40.438+0000] {processor.py:183} INFO - Processing /opt/airflow/dags/crawl_crypto_prices.py took 0.046 seconds
[2026-03-22T12:40:10.733+0000] {processor.py:161} INFO - Started process (PID=7016) to work on /opt/airflow/dags/crawl_crypto_prices.py
[2026-03-22T12:40:10.733+0000] {processor.py:830} INFO - Processing file /opt/airflow/dags/crawl_crypto_prices.py for tasks to queue
[2026-03-22T12:40:10.734+0000] {logging_mixin.py:188} INFO - [2026-03-22T12:40:10.734+0000] {dagbag.py:538} INFO - Filling up the DagBag from /opt/airflow/dags/crawl_crypto_prices.py
[2026-03-22T12:40:10.745+0000] {processor.py:840} INFO - DAG(s) 'crawl_crypto_prices' retrieved from /opt/airflow/dags/crawl_crypto_prices.py
[2026-03-22T12:40:10.762+0000] {logging_mixin.py:188} INFO - [2026-03-22T12:40:10.762+0000] {dag.py:3036} INFO - Sync 1 DAGs
[2026-03-22T12:40:10.775+0000] {logging_mixin.py:188} INFO - [2026-03-22T12:40:10.775+0000] {dag.py:3823} INFO - Setting next_dagrun for crawl_crypto_prices to 2026-03-22 12:00:00+00:00, run_after=2026-03-22 13:00:00+00:00
[2026-03-22T12:40:10.782+0000] {processor.py:183} INFO - Processing /opt/airflow/dags/crawl_crypto_prices.py took 0.052 seconds
[2026-03-22T12:40:41.034+0000] {processor.py:161} INFO - Started process (PID=7021) to work on /opt/airflow/dags/crawl_crypto_prices.py
[2026-03-22T12:40:41.035+0000] {processor.py:830} INFO - Processing file /opt/airflow/dags/crawl_crypto_prices.py for tasks to queue
[2026-03-22T12:40:41.036+0000] {logging_mixin.py:188} INFO - [2026-03-22T12:40:41.035+0000] {dagbag.py:538} INFO - Filling up the DagBag from /opt/airflow/dags/crawl_crypto_prices.py
[2026-03-22T12:40:41.046+0000] {processor.py:840} INFO - DAG(s) 'crawl_crypto_prices' retrieved from /opt/airflow/dags/crawl_crypto_prices.py
[2026-03-22T12:40:41.062+0000] {logging_mixin.py:188} INFO - [2026-03-22T12:40:41.062+0000] {dag.py:3036} INFO - Sync 1 DAGs
[2026-03-22T12:40:41.072+0000] {logging_mixin.py:188} INFO - [2026-03-22T12:40:41.072+0000] {dag.py:3823} INFO - Setting next_dagrun for crawl_crypto_prices to 2026-03-22 12:00:00+00:00, run_after=2026-03-22 13:00:00+00:00
[2026-03-22T12:40:41.079+0000] {processor.py:183} INFO - Processing /opt/airflow/dags/crawl_crypto_prices.py took 0.047 seconds
[2026-03-22T12:41:11.302+0000] {processor.py:161} INFO - Started process (PID=7026) to work on /opt/airflow/dags/crawl_crypto_prices.py
[2026-03-22T12:41:11.303+0000] {processor.py:830} INFO - Processing file /opt/airflow/dags/crawl_crypto_prices.py for tasks to queue
[2026-03-22T12:41:11.304+0000] {logging_mixin.py:188} INFO - [2026-03-22T12:41:11.304+0000] {dagbag.py:538} INFO - Filling up the DagBag from /opt/airflow/dags/crawl_crypto_prices.py
[2026-03-22T12:41:11.315+0000] {processor.py:840} INFO - DAG(s) 'crawl_crypto_prices' retrieved from /opt/airflow/dags/crawl_crypto_prices.py
[2026-03-22T12:41:11.333+0000] {logging_mixin.py:188} INFO - [2026-03-22T12:41:11.333+0000] {dag.py:3036} INFO - Sync 1 DAGs
[2026-03-22T12:41:11.343+0000] {logging_mixin.py:188} INFO - [2026-03-22T12:41:11.343+0000] {dag.py:3823} INFO - Setting next_dagrun for crawl_crypto_prices to 2026-03-22 12:00:00+00:00, run_after=2026-03-22 13:00:00+00:00
[2026-03-22T12:41:11.350+0000] {processor.py:183} INFO - Processing /opt/airflow/dags/crawl_crypto_prices.py took 0.052 seconds
[2026-03-22T12:41:41.650+0000] {processor.py:161} INFO - Started process (PID=7031) to work on /opt/airflow/dags/crawl_crypto_prices.py
[2026-03-22T12:41:41.650+0000] {processor.py:830} INFO - Processing file /opt/airflow/dags/crawl_crypto_prices.py for tasks to queue
[2026-03-22T12:41:41.651+0000] {logging_mixin.py:188} INFO - [2026-03-22T12:41:41.651+0000] {dagbag.py:538} INFO - Filling up the DagBag from /opt/airflow/dags/crawl_crypto_prices.py
[2026-03-22T12:41:41.660+0000] {processor.py:840} INFO - DAG(s) 'crawl_crypto_prices' retrieved from /opt/airflow/dags/crawl_crypto_prices.py
[2026-03-22T12:41:41.677+0000] {logging_mixin.py:188} INFO - [2026-03-22T12:41:41.677+0000] {dag.py:3036} INFO - Sync 1 DAGs
[2026-03-22T12:41:41.694+0000] {logging_mixin.py:188} INFO - [2026-03-22T12:41:41.694+0000] {dag.py:3823} INFO - Setting next_dagrun for crawl_crypto_prices to 2026-03-22 12:00:00+00:00, run_after=2026-03-22 13:00:00+00:00
[2026-03-22T12:41:41.702+0000] {processor.py:183} INFO - Processing /opt/airflow/dags/crawl_crypto_prices.py took 0.055 seconds
[2026-03-22T12:42:11.941+0000] {processor.py:161} INFO - Started process (PID=7036) to work on /opt/airflow/dags/crawl_crypto_prices.py
[2026-03-22T12:42:11.942+0000] {processor.py:830} INFO - Processing file /opt/airflow/dags/crawl_crypto_prices.py for tasks to queue
[2026-03-22T12:42:11.942+0000] {logging_mixin.py:188} INFO - [2026-03-22T12:42:11.942+0000] {dagbag.py:538} INFO - Filling up the DagBag from /opt/airflow/dags/crawl_crypto_prices.py
[2026-03-22T12:42:11.949+0000] {processor.py:840} INFO - DAG(s) 'crawl_crypto_prices' retrieved from /opt/airflow/dags/crawl_crypto_prices.py
[2026-03-22T12:42:11.961+0000] {logging_mixin.py:188} INFO - [2026-03-22T12:42:11.961+0000] {dag.py:3036} INFO - Sync 1 DAGs
[2026-03-22T12:42:11.970+0000] {logging_mixin.py:188} INFO - [2026-03-22T12:42:11.970+0000] {dag.py:3823} INFO - Setting next_dagrun for crawl_crypto_prices to 2026-03-22 12:00:00+00:00, run_after=2026-03-22 13:00:00+00:00
[2026-03-22T12:42:11.977+0000] {processor.py:183} INFO - Processing /opt/airflow/dags/crawl_crypto_prices.py took 0.038 seconds
[2026-03-22T12:42:42.240+0000] {processor.py:161} INFO - Started process (PID=7041) to work on /opt/airflow/dags/crawl_crypto_prices.py
[2026-03-22T12:42:42.241+0000] {processor.py:830} INFO - Processing file /opt/airflow/dags/crawl_crypto_prices.py for tasks to queue
[2026-03-22T12:42:42.242+0000] {logging_mixin.py:188} INFO - [2026-03-22T12:42:42.242+0000] {dagbag.py:538} INFO - Filling up the DagBag from /opt/airflow/dags/crawl_crypto_prices.py
[2026-03-22T12:42:42.253+0000] {processor.py:840} INFO - DAG(s) 'crawl_crypto_prices' retrieved from /opt/airflow/dags/crawl_crypto_prices.py
[2026-03-22T12:42:42.272+0000] {logging_mixin.py:188} INFO - [2026-03-22T12:42:42.272+0000] {dag.py:3036} INFO - Sync 1 DAGs
[2026-03-22T12:42:42.282+0000] {logging_mixin.py:188} INFO - [2026-03-22T12:42:42.282+0000] {dag.py:3823} INFO - Setting next_dagrun for crawl_crypto_prices to 2026-03-22 12:00:00+00:00, run_after=2026-03-22 13:00:00+00:00
[2026-03-22T12:42:42.289+0000] {processor.py:183} INFO - Processing /opt/airflow/dags/crawl_crypto_prices.py took 0.052 seconds
[2026-03-22T12:43:12.569+0000] {processor.py:161} INFO - Started process (PID=7046) to work on /opt/airflow/dags/crawl_crypto_prices.py
[2026-03-22T12:43:12.571+0000] {processor.py:830} INFO - Processing file /opt/airflow/dags/crawl_crypto_prices.py for tasks to queue
[2026-03-22T12:43:12.572+0000] {logging_mixin.py:188} INFO - [2026-03-22T12:43:12.572+0000] {dagbag.py:538} INFO - Filling up the DagBag from /opt/airflow/dags/crawl_crypto_prices.py
[2026-03-22T12:43:12.582+0000] {processor.py:840} INFO - DAG(s) 'crawl_crypto_prices' retrieved from /opt/airflow/dags/crawl_crypto_prices.py
[2026-03-22T12:43:12.602+0000] {logging_mixin.py:188} INFO - [2026-03-22T12:43:12.601+0000] {dag.py:3036} INFO - Sync 1 DAGs
[2026-03-22T12:43:12.612+0000] {logging_mixin.py:188} INFO - [2026-03-22T12:43:12.612+0000] {dag.py:3823} INFO - Setting next_dagrun for crawl_crypto_prices to 2026-03-22 12:00:00+00:00, run_after=2026-03-22 13:00:00+00:00
[2026-03-22T12:43:12.619+0000] {processor.py:183} INFO - Processing /opt/airflow/dags/crawl_crypto_prices.py took 0.053 seconds
[2026-03-22T12:43:42.887+0000] {processor.py:161} INFO - Started process (PID=7051) to work on /opt/airflow/dags/crawl_crypto_prices.py
[2026-03-22T12:43:42.888+0000] {processor.py:830} INFO - Processing file /opt/airflow/dags/crawl_crypto_prices.py for tasks to queue
[2026-03-22T12:43:42.888+0000] {logging_mixin.py:188} INFO - [2026-03-22T12:43:42.888+0000] {dagbag.py:538} INFO - Filling up the DagBag from /opt/airflow/dags/crawl_crypto_prices.py
[2026-03-22T12:43:42.895+0000] {processor.py:840} INFO - DAG(s) 'crawl_crypto_prices' retrieved from /opt/airflow/dags/crawl_crypto_prices.py
[2026-03-22T12:43:42.912+0000] {logging_mixin.py:188} INFO - [2026-03-22T12:43:42.912+0000] {dag.py:3036} INFO - Sync 1 DAGs
[2026-03-22T12:43:42.925+0000] {logging_mixin.py:188} INFO - [2026-03-22T12:43:42.925+0000] {dag.py:3823} INFO - Setting next_dagrun for crawl_crypto_prices to 2026-03-22 12:00:00+00:00, run_after=2026-03-22 13:00:00+00:00
[2026-03-22T12:43:42.933+0000] {processor.py:183} INFO - Processing /opt/airflow/dags/crawl_crypto_prices.py took 0.048 seconds
[2026-03-22T12:44:13.201+0000] {processor.py:161} INFO - Started process (PID=7056) to work on /opt/airflow/dags/crawl_crypto_prices.py
[2026-03-22T12:44:13.202+0000] {processor.py:830} INFO - Processing file /opt/airflow/dags/crawl_crypto_prices.py for tasks to queue
[2026-03-22T12:44:13.203+0000] {logging_mixin.py:188} INFO - [2026-03-22T12:44:13.203+0000] {dagbag.py:538} INFO - Filling up the DagBag from /opt/airflow/dags/crawl_crypto_prices.py
[2026-03-22T12:44:13.216+0000] {processor.py:840} INFO - DAG(s) 'crawl_crypto_prices' retrieved from /opt/airflow/dags/crawl_crypto_prices.py
[2026-03-22T12:44:13.241+0000] {logging_mixin.py:188} INFO - [2026-03-22T12:44:13.241+0000] {dag.py:3036} INFO - Sync 1 DAGs
[2026-03-22T12:44:13.255+0000] {logging_mixin.py:188} INFO - [2026-03-22T12:44:13.254+0000] {dag.py:3823} INFO - Setting next_dagrun for crawl_crypto_prices to 2026-03-22 12:00:00+00:00, run_after=2026-03-22 13:00:00+00:00
[2026-03-22T12:44:13.262+0000] {processor.py:183} INFO - Processing /opt/airflow/dags/crawl_crypto_prices.py took 0.065 seconds
[2026-03-22T12:44:43.466+0000] {processor.py:161} INFO - Started process (PID=7061) to work on /opt/airflow/dags/crawl_crypto_prices.py
[2026-03-22T12:44:43.467+0000] {processor.py:830} INFO - Processing file /opt/airflow/dags/crawl_crypto_prices.py for tasks to queue
[2026-03-22T12:44:43.468+0000] {logging_mixin.py:188} INFO - [2026-03-22T12:44:43.468+0000] {dagbag.py:538} INFO - Filling up the DagBag from /opt/airflow/dags/crawl_crypto_prices.py
[2026-03-22T12:44:43.480+0000] {processor.py:840} INFO - DAG(s) 'crawl_crypto_prices' retrieved from /opt/airflow/dags/crawl_crypto_prices.py
[2026-03-22T12:44:43.501+0000] {logging_mixin.py:188} INFO - [2026-03-22T12:44:43.501+0000] {dag.py:3036} INFO - Sync 1 DAGs
[2026-03-22T12:44:43.510+0000] {logging_mixin.py:188} INFO - [2026-03-22T12:44:43.510+0000] {dag.py:3823} INFO - Setting next_dagrun for crawl_crypto_prices to 2026-03-22 12:00:00+00:00, run_after=2026-03-22 13:00:00+00:00
[2026-03-22T12:44:43.516+0000] {processor.py:183} INFO - Processing /opt/airflow/dags/crawl_crypto_prices.py took 0.054 seconds
[2026-03-22T12:45:13.780+0000] {processor.py:161} INFO - Started process (PID=7066) to work on /opt/airflow/dags/crawl_crypto_prices.py
[2026-03-22T12:45:13.781+0000] {processor.py:830} INFO - Processing file /opt/airflow/dags/crawl_crypto_prices.py for tasks to queue
[2026-03-22T12:45:13.782+0000] {logging_mixin.py:188} INFO - [2026-03-22T12:45:13.782+0000] {dagbag.py:538} INFO - Filling up the DagBag from /opt/airflow/dags/crawl_crypto_prices.py
[2026-03-22T12:45:13.794+0000] {processor.py:840} INFO - DAG(s) 'crawl_crypto_prices' retrieved from /opt/airflow/dags/crawl_crypto_prices.py
[2026-03-22T12:45:13.811+0000] {logging_mixin.py:188} INFO - [2026-03-22T12:45:13.811+0000] {dag.py:3036} INFO - Sync 1 DAGs
[2026-03-22T12:45:13.820+0000] {logging_mixin.py:188} INFO - [2026-03-22T12:45:13.820+0000] {dag.py:3823} INFO - Setting next_dagrun for crawl_crypto_prices to 2026-03-22 12:00:00+00:00, run_after=2026-03-22 13:00:00+00:00
[2026-03-22T12:45:13.826+0000] {processor.py:183} INFO - Processing /opt/airflow/dags/crawl_crypto_prices.py took 0.051 seconds
[2026-03-22T12:45:44.082+0000] {processor.py:161} INFO - Started process (PID=7071) to work on /opt/airflow/dags/crawl_crypto_prices.py
[2026-03-22T12:45:44.083+0000] {processor.py:830} INFO - Processing file /opt/airflow/dags/crawl_crypto_prices.py for tasks to queue
[2026-03-22T12:45:44.084+0000] {logging_mixin.py:188} INFO - [2026-03-22T12:45:44.083+0000] {dagbag.py:538} INFO - Filling up the DagBag from /opt/airflow/dags/crawl_crypto_prices.py
[2026-03-22T12:45:44.094+0000] {processor.py:840} INFO - DAG(s) 'crawl_crypto_prices' retrieved from /opt/airflow/dags/crawl_crypto_prices.py
[2026-03-22T12:45:44.114+0000] {logging_mixin.py:188} INFO - [2026-03-22T12:45:44.114+0000] {dag.py:3036} INFO - Sync 1 DAGs
[2026-03-22T12:45:44.126+0000] {logging_mixin.py:188} INFO - [2026-03-22T12:45:44.126+0000] {dag.py:3823} INFO - Setting next_dagrun for crawl_crypto_prices to 2026-03-22 12:00:00+00:00, run_after=2026-03-22 13:00:00+00:00
[2026-03-22T12:45:44.133+0000] {processor.py:183} INFO - Processing /opt/airflow/dags/crawl_crypto_prices.py took 0.054 seconds
[2026-03-22T12:46:14.451+0000] {processor.py:161} INFO - Started process (PID=7076) to work on /opt/airflow/dags/crawl_crypto_prices.py
[2026-03-22T12:46:14.452+0000] {processor.py:830} INFO - Processing file /opt/airflow/dags/crawl_crypto_prices.py for tasks to queue
[2026-03-22T12:46:14.453+0000] {logging_mixin.py:188} INFO - [2026-03-22T12:46:14.453+0000] {dagbag.py:538} INFO - Filling up the DagBag from /opt/airflow/dags/crawl_crypto_prices.py
[2026-03-22T12:46:14.468+0000] {processor.py:840} INFO - DAG(s) 'crawl_crypto_prices' retrieved from /opt/airflow/dags/crawl_crypto_prices.py
[2026-03-22T12:46:14.489+0000] {logging_mixin.py:188} INFO - [2026-03-22T12:46:14.489+0000] {dag.py:3036} INFO - Sync 1 DAGs
[2026-03-22T12:46:14.500+0000] {logging_mixin.py:188} INFO - [2026-03-22T12:46:14.500+0000] {dag.py:3823} INFO - Setting next_dagrun for crawl_crypto_prices to 2026-03-22 12:00:00+00:00, run_after=2026-03-22 13:00:00+00:00
[2026-03-22T12:46:14.506+0000] {processor.py:183} INFO - Processing /opt/airflow/dags/crawl_crypto_prices.py took 0.058 seconds
[2026-03-22T12:46:44.875+0000] {processor.py:161} INFO - Started process (PID=7081) to work on /opt/airflow/dags/crawl_crypto_prices.py
[2026-03-22T12:46:44.876+0000] {processor.py:830} INFO - Processing file /opt/airflow/dags/crawl_crypto_prices.py for tasks to queue
[2026-03-22T12:46:44.877+0000] {logging_mixin.py:188} INFO - [2026-03-22T12:46:44.877+0000] {dagbag.py:538} INFO - Filling up the DagBag from /opt/airflow/dags/crawl_crypto_prices.py
[2026-03-22T12:46:44.889+0000] {processor.py:840} INFO - DAG(s) 'crawl_crypto_prices' retrieved from /opt/airflow/dags/crawl_crypto_prices.py
[2026-03-22T12:46:44.907+0000] {logging_mixin.py:188} INFO - [2026-03-22T12:46:44.907+0000] {dag.py:3036} INFO - Sync 1 DAGs
[2026-03-22T12:46:44.917+0000] {logging_mixin.py:188} INFO - [2026-03-22T12:46:44.917+0000] {dag.py:3823} INFO - Setting next_dagrun for crawl_crypto_prices to 2026-03-22 12:00:00+00:00, run_after=2026-03-22 13:00:00+00:00
[2026-03-22T12:46:44.924+0000] {processor.py:183} INFO - Processing /opt/airflow/dags/crawl_crypto_prices.py took 0.051 seconds
[2026-03-22T12:50:00.221+0000] {processor.py:161} INFO - Started process (PID=7086) to work on /opt/airflow/dags/crawl_crypto_prices.py
[2026-03-22T12:50:00.222+0000] {processor.py:830} INFO - Processing file /opt/airflow/dags/crawl_crypto_prices.py for tasks to queue
[2026-03-22T12:50:00.223+0000] {logging_mixin.py:188} INFO - [2026-03-22T12:50:00.222+0000] {dagbag.py:538} INFO - Filling up the DagBag from /opt/airflow/dags/crawl_crypto_prices.py
[2026-03-22T12:50:00.232+0000] {processor.py:840} INFO - DAG(s) 'crawl_crypto_prices' retrieved from /opt/airflow/dags/crawl_crypto_prices.py
[2026-03-22T12:50:00.248+0000] {logging_mixin.py:188} INFO - [2026-03-22T12:50:00.247+0000] {dag.py:3036} INFO - Sync 1 DAGs
[2026-03-22T12:50:00.257+0000] {logging_mixin.py:188} INFO - [2026-03-22T12:50:00.257+0000] {dag.py:3823} INFO - Setting next_dagrun for crawl_crypto_prices to 2026-03-22 12:00:00+00:00, run_after=2026-03-22 13:00:00+00:00
[2026-03-22T12:50:00.265+0000] {processor.py:183} INFO - Processing /opt/airflow/dags/crawl_crypto_prices.py took 0.046 seconds
[2026-03-22T12:50:58.060+0000] {processor.py:161} INFO - Started process (PID=7095) to work on /opt/airflow/dags/crawl_crypto_prices.py
[2026-03-22T12:50:58.061+0000] {processor.py:830} INFO - Processing file /opt/airflow/dags/crawl_crypto_prices.py for tasks to queue
[2026-03-22T12:50:58.062+0000] {logging_mixin.py:188} INFO - [2026-03-22T12:50:58.061+0000] {dagbag.py:538} INFO - Filling up the DagBag from /opt/airflow/dags/crawl_crypto_prices.py
[2026-03-22T12:50:58.078+0000] {processor.py:840} INFO - DAG(s) 'crawl_crypto_prices' retrieved from /opt/airflow/dags/crawl_crypto_prices.py
[2026-03-22T12:50:58.098+0000] {logging_mixin.py:188} INFO - [2026-03-22T12:50:58.098+0000] {dag.py:3036} INFO - Sync 1 DAGs
[2026-03-22T12:50:58.110+0000] {logging_mixin.py:188} INFO - [2026-03-22T12:50:58.110+0000] {dag.py:3823} INFO - Setting next_dagrun for crawl_crypto_prices to 2026-03-22 12:00:00+00:00, run_after=2026-03-22 13:00:00+00:00
[2026-03-22T12:50:58.117+0000] {processor.py:183} INFO - Processing /opt/airflow/dags/crawl_crypto_prices.py took 0.062 seconds
[2026-03-22T13:20:54.438+0000] {processor.py:161} INFO - Started process (PID=7102) to work on /opt/airflow/dags/crawl_crypto_prices.py
[2026-03-22T13:20:54.439+0000] {processor.py:830} INFO - Processing file /opt/airflow/dags/crawl_crypto_prices.py for tasks to queue
[2026-03-22T13:20:54.441+0000] {logging_mixin.py:188} INFO - [2026-03-22T13:20:54.440+0000] {dagbag.py:538} INFO - Filling up the DagBag from /opt/airflow/dags/crawl_crypto_prices.py
[2026-03-22T13:20:54.452+0000] {processor.py:840} INFO - DAG(s) 'crawl_crypto_prices' retrieved from /opt/airflow/dags/crawl_crypto_prices.py
[2026-03-22T13:20:54.476+0000] {logging_mixin.py:188} INFO - [2026-03-22T13:20:54.476+0000] {dag.py:3036} INFO - Sync 1 DAGs
[2026-03-22T13:20:54.492+0000] {logging_mixin.py:188} INFO - [2026-03-22T13:20:54.492+0000] {dag.py:3823} INFO - Setting next_dagrun for crawl_crypto_prices to 2026-03-22 13:00:00+00:00, run_after=2026-03-22 14:00:00+00:00
[2026-03-22T13:20:54.501+0000] {processor.py:183} INFO - Processing /opt/airflow/dags/crawl_crypto_prices.py took 0.067 seconds
[2026-03-22T13:23:54.990+0000] {processor.py:161} INFO - Started process (PID=7107) to work on /opt/airflow/dags/crawl_crypto_prices.py
[2026-03-22T13:23:54.992+0000] {processor.py:830} INFO - Processing file /opt/airflow/dags/crawl_crypto_prices.py for tasks to queue
[2026-03-22T13:23:54.995+0000] {logging_mixin.py:188} INFO - [2026-03-22T13:23:54.994+0000] {dagbag.py:538} INFO - Filling up the DagBag from /opt/airflow/dags/crawl_crypto_prices.py
[2026-03-22T13:23:55.028+0000] {processor.py:840} INFO - DAG(s) 'crawl_crypto_prices' retrieved from /opt/airflow/dags/crawl_crypto_prices.py
[2026-03-22T13:23:55.056+0000] {logging_mixin.py:188} INFO - [2026-03-22T13:23:55.056+0000] {dag.py:3036} INFO - Sync 1 DAGs
[2026-03-22T13:23:55.067+0000] {logging_mixin.py:188} INFO - [2026-03-22T13:23:55.067+0000] {dag.py:3823} INFO - Setting next_dagrun for crawl_crypto_prices to 2026-03-22 13:00:00+00:00, run_after=2026-03-22 14:00:00+00:00
[2026-03-22T13:23:55.074+0000] {processor.py:183} INFO - Processing /opt/airflow/dags/crawl_crypto_prices.py took 0.090 seconds
[2026-03-22T13:25:05.155+0000] {processor.py:161} INFO - Started process (PID=7114) to work on /opt/airflow/dags/crawl_crypto_prices.py
[2026-03-22T13:25:05.156+0000] {processor.py:830} INFO - Processing file /opt/airflow/dags/crawl_crypto_prices.py for tasks to queue
[2026-03-22T13:25:05.158+0000] {logging_mixin.py:188} INFO - [2026-03-22T13:25:05.157+0000] {dagbag.py:538} INFO - Filling up the DagBag from /opt/airflow/dags/crawl_crypto_prices.py
[2026-03-22T13:25:05.173+0000] {processor.py:840} INFO - DAG(s) 'crawl_crypto_prices' retrieved from /opt/airflow/dags/crawl_crypto_prices.py
[2026-03-22T13:25:05.194+0000] {logging_mixin.py:188} INFO - [2026-03-22T13:25:05.194+0000] {dag.py:3036} INFO - Sync 1 DAGs
[2026-03-22T13:25:05.208+0000] {logging_mixin.py:188} INFO - [2026-03-22T13:25:05.208+0000] {dag.py:3823} INFO - Setting next_dagrun for crawl_crypto_prices to 2026-03-22 13:00:00+00:00, run_after=2026-03-22 14:00:00+00:00
[2026-03-22T13:25:05.214+0000] {processor.py:183} INFO - Processing /opt/airflow/dags/crawl_crypto_prices.py took 0.063 seconds
[2026-03-22T13:25:47.444+0000] {processor.py:161} INFO - Started process (PID=7119) to work on /opt/airflow/dags/crawl_crypto_prices.py
[2026-03-22T13:25:47.445+0000] {processor.py:830} INFO - Processing file /opt/airflow/dags/crawl_crypto_prices.py for tasks to queue
[2026-03-22T13:25:47.446+0000] {logging_mixin.py:188} INFO - [2026-03-22T13:25:47.445+0000] {dagbag.py:538} INFO - Filling up the DagBag from /opt/airflow/dags/crawl_crypto_prices.py
[2026-03-22T13:25:47.462+0000] {processor.py:840} INFO - DAG(s) 'crawl_crypto_prices' retrieved from /opt/airflow/dags/crawl_crypto_prices.py
[2026-03-22T13:25:47.485+0000] {logging_mixin.py:188} INFO - [2026-03-22T13:25:47.484+0000] {dag.py:3036} INFO - Sync 1 DAGs
[2026-03-22T13:25:47.496+0000] {logging_mixin.py:188} INFO - [2026-03-22T13:25:47.495+0000] {dag.py:3823} INFO - Setting next_dagrun for crawl_crypto_prices to 2026-03-22 13:00:00+00:00, run_after=2026-03-22 14:00:00+00:00
[2026-03-22T13:25:47.503+0000] {processor.py:183} INFO - Processing /opt/airflow/dags/crawl_crypto_prices.py took 0.063 seconds
[2026-03-22T13:26:17.797+0000] {processor.py:161} INFO - Started process (PID=7124) to work on /opt/airflow/dags/crawl_crypto_prices.py
[2026-03-22T13:26:17.798+0000] {processor.py:830} INFO - Processing file /opt/airflow/dags/crawl_crypto_prices.py for tasks to queue
[2026-03-22T13:26:17.799+0000] {logging_mixin.py:188} INFO - [2026-03-22T13:26:17.798+0000] {dagbag.py:538} INFO - Filling up the DagBag from /opt/airflow/dags/crawl_crypto_prices.py
[2026-03-22T13:26:17.809+0000] {processor.py:840} INFO - DAG(s) 'crawl_crypto_prices' retrieved from /opt/airflow/dags/crawl_crypto_prices.py
[2026-03-22T13:26:17.827+0000] {logging_mixin.py:188} INFO - [2026-03-22T13:26:17.827+0000] {dag.py:3036} INFO - Sync 1 DAGs
[2026-03-22T13:26:17.836+0000] {logging_mixin.py:188} INFO - [2026-03-22T13:26:17.836+0000] {dag.py:3823} INFO - Setting next_dagrun for crawl_crypto_prices to 2026-03-22 13:00:00+00:00, run_after=2026-03-22 14:00:00+00:00
[2026-03-22T13:26:17.842+0000] {processor.py:183} INFO - Processing /opt/airflow/dags/crawl_crypto_prices.py took 0.049 seconds
[2026-03-22T13:28:56.110+0000] {processor.py:161} INFO - Started process (PID=7131) to work on /opt/airflow/dags/crawl_crypto_prices.py
[2026-03-22T13:28:56.110+0000] {processor.py:830} INFO - Processing file /opt/airflow/dags/crawl_crypto_prices.py for tasks to queue
[2026-03-22T13:28:56.111+0000] {logging_mixin.py:188} INFO - [2026-03-22T13:28:56.111+0000] {dagbag.py:538} INFO - Filling up the DagBag from /opt/airflow/dags/crawl_crypto_prices.py
[2026-03-22T13:28:56.122+0000] {processor.py:840} INFO - DAG(s) 'crawl_crypto_prices' retrieved from /opt/airflow/dags/crawl_crypto_prices.py
[2026-03-22T13:28:56.142+0000] {logging_mixin.py:188} INFO - [2026-03-22T13:28:56.142+0000] {dag.py:3036} INFO - Sync 1 DAGs
[2026-03-22T13:28:56.159+0000] {logging_mixin.py:188} INFO - [2026-03-22T13:28:56.159+0000] {dag.py:3823} INFO - Setting next_dagrun for crawl_crypto_prices to 2026-03-22 13:00:00+00:00, run_after=2026-03-22 14:00:00+00:00
[2026-03-22T13:28:56.175+0000] {processor.py:183} INFO - Processing /opt/airflow/dags/crawl_crypto_prices.py took 0.068 seconds
[2026-03-22T13:29:35.379+0000] {processor.py:161} INFO - Started process (PID=7136) to work on /opt/airflow/dags/crawl_crypto_prices.py
[2026-03-22T13:29:35.380+0000] {processor.py:830} INFO - Processing file /opt/airflow/dags/crawl_crypto_prices.py for tasks to queue
[2026-03-22T13:29:35.381+0000] {logging_mixin.py:188} INFO - [2026-03-22T13:29:35.381+0000] {dagbag.py:538} INFO - Filling up the DagBag from /opt/airflow/dags/crawl_crypto_prices.py
[2026-03-22T13:29:35.391+0000] {processor.py:840} INFO - DAG(s) 'crawl_crypto_prices' retrieved from /opt/airflow/dags/crawl_crypto_prices.py
[2026-03-22T13:29:35.408+0000] {logging_mixin.py:188} INFO - [2026-03-22T13:29:35.408+0000] {dag.py:3036} INFO - Sync 1 DAGs
[2026-03-22T13:29:35.418+0000] {logging_mixin.py:188} INFO - [2026-03-22T13:29:35.418+0000] {dag.py:3823} INFO - Setting next_dagrun for crawl_crypto_prices to 2026-03-22 13:00:00+00:00, run_after=2026-03-22 14:00:00+00:00
[2026-03-22T13:29:35.425+0000] {processor.py:183} INFO - Processing /opt/airflow/dags/crawl_crypto_prices.py took 0.049 seconds
[2026-03-22T13:30:05.700+0000] {processor.py:161} INFO - Started process (PID=7141) to work on /opt/airflow/dags/crawl_crypto_prices.py
[2026-03-22T13:30:05.701+0000] {processor.py:830} INFO - Processing file /opt/airflow/dags/crawl_crypto_prices.py for tasks to queue
[2026-03-22T13:30:05.701+0000] {logging_mixin.py:188} INFO - [2026-03-22T13:30:05.701+0000] {dagbag.py:538} INFO - Filling up the DagBag from /opt/airflow/dags/crawl_crypto_prices.py
[2026-03-22T13:30:05.711+0000] {processor.py:840} INFO - DAG(s) 'crawl_crypto_prices' retrieved from /opt/airflow/dags/crawl_crypto_prices.py
[2026-03-22T13:30:05.728+0000] {logging_mixin.py:188} INFO - [2026-03-22T13:30:05.728+0000] {dag.py:3036} INFO - Sync 1 DAGs
[2026-03-22T13:30:05.737+0000] {logging_mixin.py:188} INFO - [2026-03-22T13:30:05.737+0000] {dag.py:3823} INFO - Setting next_dagrun for crawl_crypto_prices to 2026-03-22 13:00:00+00:00, run_after=2026-03-22 14:00:00+00:00
[2026-03-22T13:30:05.743+0000] {processor.py:183} INFO - Processing /opt/airflow/dags/crawl_crypto_prices.py took 0.046 seconds
[2026-03-22T13:30:37.468+0000] {processor.py:161} INFO - Started process (PID=7146) to work on /opt/airflow/dags/crawl_crypto_prices.py
[2026-03-22T13:30:37.469+0000] {processor.py:830} INFO - Processing file /opt/airflow/dags/crawl_crypto_prices.py for tasks to queue
[2026-03-22T13:30:37.470+0000] {logging_mixin.py:188} INFO - [2026-03-22T13:30:37.469+0000] {dagbag.py:538} INFO - Filling up the DagBag from /opt/airflow/dags/crawl_crypto_prices.py
[2026-03-22T13:30:37.485+0000] {processor.py:840} INFO - DAG(s) 'crawl_crypto_prices' retrieved from /opt/airflow/dags/crawl_crypto_prices.py
[2026-03-22T13:30:37.505+0000] {logging_mixin.py:188} INFO - [2026-03-22T13:30:37.505+0000] {dag.py:3036} INFO - Sync 1 DAGs
[2026-03-22T13:30:37.516+0000] {logging_mixin.py:188} INFO - [2026-03-22T13:30:37.516+0000] {dag.py:3823} INFO - Setting next_dagrun for crawl_crypto_prices to 2026-03-22 13:00:00+00:00, run_after=2026-03-22 14:00:00+00:00
[2026-03-22T13:30:37.523+0000] {processor.py:183} INFO - Processing /opt/airflow/dags/crawl_crypto_prices.py took 0.059 seconds
[2026-03-22T13:31:07.845+0000] {processor.py:161} INFO - Started process (PID=7151) to work on /opt/airflow/dags/crawl_crypto_prices.py
[2026-03-22T13:31:07.846+0000] {processor.py:830} INFO - Processing file /opt/airflow/dags/crawl_crypto_prices.py for tasks to queue
[2026-03-22T13:31:07.847+0000] {logging_mixin.py:188} INFO - [2026-03-22T13:31:07.846+0000] {dagbag.py:538} INFO - Filling up the DagBag from /opt/airflow/dags/crawl_crypto_prices.py
[2026-03-22T13:31:07.857+0000] {processor.py:840} INFO - DAG(s) 'crawl_crypto_prices' retrieved from /opt/airflow/dags/crawl_crypto_prices.py
[2026-03-22T13:31:07.875+0000] {logging_mixin.py:188} INFO - [2026-03-22T13:31:07.875+0000] {dag.py:3036} INFO - Sync 1 DAGs
[2026-03-22T13:31:07.886+0000] {logging_mixin.py:188} INFO - [2026-03-22T13:31:07.886+0000] {dag.py:3823} INFO - Setting next_dagrun for crawl_crypto_prices to 2026-03-22 13:00:00+00:00, run_after=2026-03-22 14:00:00+00:00
[2026-03-22T13:31:07.893+0000] {processor.py:183} INFO - Processing /opt/airflow/dags/crawl_crypto_prices.py took 0.051 seconds
[2026-03-22T13:37:55.907+0000] {processor.py:161} INFO - Started process (PID=7156) to work on /opt/airflow/dags/crawl_crypto_prices.py
[2026-03-22T13:37:55.908+0000] {processor.py:830} INFO - Processing file /opt/airflow/dags/crawl_crypto_prices.py for tasks to queue
[2026-03-22T13:37:55.909+0000] {logging_mixin.py:188} INFO - [2026-03-22T13:37:55.909+0000] {dagbag.py:538} INFO - Filling up the DagBag from /opt/airflow/dags/crawl_crypto_prices.py
[2026-03-22T13:37:55.919+0000] {processor.py:840} INFO - DAG(s) 'crawl_crypto_prices' retrieved from /opt/airflow/dags/crawl_crypto_prices.py
[2026-03-22T13:37:55.950+0000] {logging_mixin.py:188} INFO - [2026-03-22T13:37:55.950+0000] {dag.py:3036} INFO - Sync 1 DAGs
[2026-03-22T13:37:55.969+0000] {logging_mixin.py:188} INFO - [2026-03-22T13:37:55.968+0000] {dag.py:3823} INFO - Setting next_dagrun for crawl_crypto_prices to 2026-03-22 13:00:00+00:00, run_after=2026-03-22 14:00:00+00:00
[2026-03-22T13:37:55.986+0000] {processor.py:183} INFO - Processing /opt/airflow/dags/crawl_crypto_prices.py took 0.081 seconds
[2026-03-22T13:38:26.695+0000] {processor.py:161} INFO - Started process (PID=7161) to work on /opt/airflow/dags/crawl_crypto_prices.py
[2026-03-22T13:38:26.696+0000] {processor.py:830} INFO - Processing file /opt/airflow/dags/crawl_crypto_prices.py for tasks to queue
[2026-03-22T13:38:26.697+0000] {logging_mixin.py:188} INFO - [2026-03-22T13:38:26.697+0000] {dagbag.py:538} INFO - Filling up the DagBag from /opt/airflow/dags/crawl_crypto_prices.py
[2026-03-22T13:38:26.707+0000] {processor.py:840} INFO - DAG(s) 'crawl_crypto_prices' retrieved from /opt/airflow/dags/crawl_crypto_prices.py
[2026-03-22T13:38:26.726+0000] {logging_mixin.py:188} INFO - [2026-03-22T13:38:26.726+0000] {dag.py:3036} INFO - Sync 1 DAGs
[2026-03-22T13:38:26.737+0000] {logging_mixin.py:188} INFO - [2026-03-22T13:38:26.736+0000] {dag.py:3823} INFO - Setting next_dagrun for crawl_crypto_prices to 2026-03-22 13:00:00+00:00, run_after=2026-03-22 14:00:00+00:00
[2026-03-22T13:38:26.743+0000] {processor.py:183} INFO - Processing /opt/airflow/dags/crawl_crypto_prices.py took 0.051 seconds
[2026-03-22T13:38:57.060+0000] {processor.py:161} INFO - Started process (PID=7166) to work on /opt/airflow/dags/crawl_crypto_prices.py
[2026-03-22T13:38:57.061+0000] {processor.py:830} INFO - Processing file /opt/airflow/dags/crawl_crypto_prices.py for tasks to queue
[2026-03-22T13:38:57.061+0000] {logging_mixin.py:188} INFO - [2026-03-22T13:38:57.061+0000] {dagbag.py:538} INFO - Filling up the DagBag from /opt/airflow/dags/crawl_crypto_prices.py
[2026-03-22T13:38:57.071+0000] {processor.py:840} INFO - DAG(s) 'crawl_crypto_prices' retrieved from /opt/airflow/dags/crawl_crypto_prices.py
[2026-03-22T13:38:57.085+0000] {logging_mixin.py:188} INFO - [2026-03-22T13:38:57.085+0000] {dag.py:3036} INFO - Sync 1 DAGs
[2026-03-22T13:38:57.095+0000] {logging_mixin.py:188} INFO - [2026-03-22T13:38:57.095+0000] {dag.py:3823} INFO - Setting next_dagrun for crawl_crypto_prices to 2026-03-22 13:00:00+00:00, run_after=2026-03-22 14:00:00+00:00
[2026-03-22T13:38:57.101+0000] {processor.py:183} INFO - Processing /opt/airflow/dags/crawl_crypto_prices.py took 0.045 seconds
[2026-03-22T13:39:50.726+0000] {processor.py:161} INFO - Started process (PID=7173) to work on /opt/airflow/dags/crawl_crypto_prices.py
[2026-03-22T13:39:50.728+0000] {processor.py:830} INFO - Processing file /opt/airflow/dags/crawl_crypto_prices.py for tasks to queue
[2026-03-22T13:39:50.730+0000] {logging_mixin.py:188} INFO - [2026-03-22T13:39:50.730+0000] {dagbag.py:538} INFO - Filling up the DagBag from /opt/airflow/dags/crawl_crypto_prices.py
[2026-03-22T13:39:50.758+0000] {processor.py:840} INFO - DAG(s) 'crawl_crypto_prices' retrieved from /opt/airflow/dags/crawl_crypto_prices.py
[2026-03-22T13:39:50.796+0000] {logging_mixin.py:188} INFO - [2026-03-22T13:39:50.796+0000] {dag.py:3036} INFO - Sync 1 DAGs
[2026-03-22T13:39:50.810+0000] {logging_mixin.py:188} INFO - [2026-03-22T13:39:50.810+0000] {dag.py:3823} INFO - Setting next_dagrun for crawl_crypto_prices to 2026-03-22 13:00:00+00:00, run_after=2026-03-22 14:00:00+00:00
[2026-03-22T13:39:50.817+0000] {processor.py:183} INFO - Processing /opt/airflow/dags/crawl_crypto_prices.py took 0.100 seconds
[2026-03-22T13:40:21.045+0000] {processor.py:161} INFO - Started process (PID=7178) to work on /opt/airflow/dags/crawl_crypto_prices.py
[2026-03-22T13:40:21.046+0000] {processor.py:830} INFO - Processing file /opt/airflow/dags/crawl_crypto_prices.py for tasks to queue
[2026-03-22T13:40:21.047+0000] {logging_mixin.py:188} INFO - [2026-03-22T13:40:21.047+0000] {dagbag.py:538} INFO - Filling up the DagBag from /opt/airflow/dags/crawl_crypto_prices.py
[2026-03-22T13:40:21.059+0000] {processor.py:840} INFO - DAG(s) 'crawl_crypto_prices' retrieved from /opt/airflow/dags/crawl_crypto_prices.py
[2026-03-22T13:40:21.078+0000] {logging_mixin.py:188} INFO - [2026-03-22T13:40:21.078+0000] {dag.py:3036} INFO - Sync 1 DAGs
[2026-03-22T13:40:21.090+0000] {logging_mixin.py:188} INFO - [2026-03-22T13:40:21.090+0000] {dag.py:3823} INFO - Setting next_dagrun for crawl_crypto_prices to 2026-03-22 13:00:00+00:00, run_after=2026-03-22 14:00:00+00:00
[2026-03-22T13:40:21.096+0000] {processor.py:183} INFO - Processing /opt/airflow/dags/crawl_crypto_prices.py took 0.055 seconds
[2026-03-22T13:40:51.387+0000] {processor.py:161} INFO - Started process (PID=7183) to work on /opt/airflow/dags/crawl_crypto_prices.py
[2026-03-22T13:40:51.388+0000] {processor.py:830} INFO - Processing file /opt/airflow/dags/crawl_crypto_prices.py for tasks to queue
[2026-03-22T13:40:51.389+0000] {logging_mixin.py:188} INFO - [2026-03-22T13:40:51.388+0000] {dagbag.py:538} INFO - Filling up the DagBag from /opt/airflow/dags/crawl_crypto_prices.py
[2026-03-22T13:40:51.399+0000] {processor.py:840} INFO - DAG(s) 'crawl_crypto_prices' retrieved from /opt/airflow/dags/crawl_crypto_prices.py
[2026-03-22T13:40:51.414+0000] {logging_mixin.py:188} INFO - [2026-03-22T13:40:51.414+0000] {dag.py:3036} INFO - Sync 1 DAGs
[2026-03-22T13:40:51.424+0000] {logging_mixin.py:188} INFO - [2026-03-22T13:40:51.424+0000] {dag.py:3823} INFO - Setting next_dagrun for crawl_crypto_prices to 2026-03-22 13:00:00+00:00, run_after=2026-03-22 14:00:00+00:00
[2026-03-22T13:40:51.430+0000] {processor.py:183} INFO - Processing /opt/airflow/dags/crawl_crypto_prices.py took 0.049 seconds
[2026-03-22T13:41:28.615+0000] {processor.py:161} INFO - Started process (PID=7188) to work on /opt/airflow/dags/crawl_crypto_prices.py
[2026-03-22T13:41:28.616+0000] {processor.py:830} INFO - Processing file /opt/airflow/dags/crawl_crypto_prices.py for tasks to queue
[2026-03-22T13:41:28.617+0000] {logging_mixin.py:188} INFO - [2026-03-22T13:41:28.617+0000] {dagbag.py:538} INFO - Filling up the DagBag from /opt/airflow/dags/crawl_crypto_prices.py
[2026-03-22T13:41:28.627+0000] {processor.py:840} INFO - DAG(s) 'crawl_crypto_prices' retrieved from /opt/airflow/dags/crawl_crypto_prices.py
[2026-03-22T13:41:28.646+0000] {logging_mixin.py:188} INFO - [2026-03-22T13:41:28.646+0000] {dag.py:3036} INFO - Sync 1 DAGs
[2026-03-22T13:41:28.658+0000] {logging_mixin.py:188} INFO - [2026-03-22T13:41:28.658+0000] {dag.py:3823} INFO - Setting next_dagrun for crawl_crypto_prices to 2026-03-22 13:00:00+00:00, run_after=2026-03-22 14:00:00+00:00
[2026-03-22T13:41:28.664+0000] {processor.py:183} INFO - Processing /opt/airflow/dags/crawl_crypto_prices.py took 0.052 seconds
[2026-03-22T13:41:59.099+0000] {processor.py:161} INFO - Started process (PID=7193) to work on /opt/airflow/dags/crawl_crypto_prices.py
[2026-03-22T13:41:59.100+0000] {processor.py:830} INFO - Processing file /opt/airflow/dags/crawl_crypto_prices.py for tasks to queue
[2026-03-22T13:41:59.101+0000] {logging_mixin.py:188} INFO - [2026-03-22T13:41:59.101+0000] {dagbag.py:538} INFO - Filling up the DagBag from /opt/airflow/dags/crawl_crypto_prices.py
[2026-03-22T13:41:59.111+0000] {processor.py:840} INFO - DAG(s) 'crawl_crypto_prices' retrieved from /opt/airflow/dags/crawl_crypto_prices.py
[2026-03-22T13:41:59.131+0000] {logging_mixin.py:188} INFO - [2026-03-22T13:41:59.130+0000] {dag.py:3036} INFO - Sync 1 DAGs
[2026-03-22T13:41:59.141+0000] {logging_mixin.py:188} INFO - [2026-03-22T13:41:59.141+0000] {dag.py:3823} INFO - Setting next_dagrun for crawl_crypto_prices to 2026-03-22 13:00:00+00:00, run_after=2026-03-22 14:00:00+00:00
[2026-03-22T13:41:59.148+0000] {processor.py:183} INFO - Processing /opt/airflow/dags/crawl_crypto_prices.py took 0.053 seconds
[2026-03-22T13:42:29.504+0000] {processor.py:161} INFO - Started process (PID=7198) to work on /opt/airflow/dags/crawl_crypto_prices.py
[2026-03-22T13:42:29.505+0000] {processor.py:830} INFO - Processing file /opt/airflow/dags/crawl_crypto_prices.py for tasks to queue
[2026-03-22T13:42:29.506+0000] {logging_mixin.py:188} INFO - [2026-03-22T13:42:29.506+0000] {dagbag.py:538} INFO - Filling up the DagBag from /opt/airflow/dags/crawl_crypto_prices.py
[2026-03-22T13:42:29.516+0000] {processor.py:840} INFO - DAG(s) 'crawl_crypto_prices' retrieved from /opt/airflow/dags/crawl_crypto_prices.py
[2026-03-22T13:42:29.534+0000] {logging_mixin.py:188} INFO - [2026-03-22T13:42:29.534+0000] {dag.py:3036} INFO - Sync 1 DAGs
[2026-03-22T13:42:29.544+0000] {logging_mixin.py:188} INFO - [2026-03-22T13:42:29.544+0000] {dag.py:3823} INFO - Setting next_dagrun for crawl_crypto_prices to 2026-03-22 13:00:00+00:00, run_after=2026-03-22 14:00:00+00:00
[2026-03-22T13:42:29.550+0000] {processor.py:183} INFO - Processing /opt/airflow/dags/crawl_crypto_prices.py took 0.048 seconds
[2026-03-22T13:43:07.354+0000] {processor.py:161} INFO - Started process (PID=7203) to work on /opt/airflow/dags/crawl_crypto_prices.py
[2026-03-22T13:43:07.355+0000] {processor.py:830} INFO - Processing file /opt/airflow/dags/crawl_crypto_prices.py for tasks to queue
[2026-03-22T13:43:07.355+0000] {logging_mixin.py:188} INFO - [2026-03-22T13:43:07.355+0000] {dagbag.py:538} INFO - Filling up the DagBag from /opt/airflow/dags/crawl_crypto_prices.py
[2026-03-22T13:43:07.366+0000] {processor.py:840} INFO - DAG(s) 'crawl_crypto_prices' retrieved from /opt/airflow/dags/crawl_crypto_prices.py
[2026-03-22T13:43:07.384+0000] {logging_mixin.py:188} INFO - [2026-03-22T13:43:07.384+0000] {dag.py:3036} INFO - Sync 1 DAGs
[2026-03-22T13:43:07.395+0000] {logging_mixin.py:188} INFO - [2026-03-22T13:43:07.395+0000] {dag.py:3823} INFO - Setting next_dagrun for crawl_crypto_prices to 2026-03-22 13:00:00+00:00, run_after=2026-03-22 14:00:00+00:00
[2026-03-22T13:43:07.401+0000] {processor.py:183} INFO - Processing /opt/airflow/dags/crawl_crypto_prices.py took 0.050 seconds
[2026-03-22T13:43:37.750+0000] {processor.py:161} INFO - Started process (PID=7208) to work on /opt/airflow/dags/crawl_crypto_prices.py
[2026-03-22T13:43:37.751+0000] {processor.py:830} INFO - Processing file /opt/airflow/dags/crawl_crypto_prices.py for tasks to queue
[2026-03-22T13:43:37.751+0000] {logging_mixin.py:188} INFO - [2026-03-22T13:43:37.751+0000] {dagbag.py:538} INFO - Filling up the DagBag from /opt/airflow/dags/crawl_crypto_prices.py
[2026-03-22T13:43:37.762+0000] {processor.py:840} INFO - DAG(s) 'crawl_crypto_prices' retrieved from /opt/airflow/dags/crawl_crypto_prices.py
[2026-03-22T13:43:37.780+0000] {logging_mixin.py:188} INFO - [2026-03-22T13:43:37.780+0000] {dag.py:3036} INFO - Sync 1 DAGs
[2026-03-22T13:43:37.792+0000] {logging_mixin.py:188} INFO - [2026-03-22T13:43:37.792+0000] {dag.py:3823} INFO - Setting next_dagrun for crawl_crypto_prices to 2026-03-22 13:00:00+00:00, run_after=2026-03-22 14:00:00+00:00
[2026-03-22T13:43:37.800+0000] {processor.py:183} INFO - Processing /opt/airflow/dags/crawl_crypto_prices.py took 0.053 seconds
[2026-03-22T13:45:12.584+0000] {processor.py:161} INFO - Started process (PID=7215) to work on /opt/airflow/dags/crawl_crypto_prices.py
[2026-03-22T13:45:12.585+0000] {processor.py:830} INFO - Processing file /opt/airflow/dags/crawl_crypto_prices.py for tasks to queue
[2026-03-22T13:45:12.586+0000] {logging_mixin.py:188} INFO - [2026-03-22T13:45:12.586+0000] {dagbag.py:538} INFO - Filling up the DagBag from /opt/airflow/dags/crawl_crypto_prices.py
[2026-03-22T13:45:12.596+0000] {processor.py:840} INFO - DAG(s) 'crawl_crypto_prices' retrieved from /opt/airflow/dags/crawl_crypto_prices.py
[2026-03-22T13:45:12.614+0000] {logging_mixin.py:188} INFO - [2026-03-22T13:45:12.614+0000] {dag.py:3036} INFO - Sync 1 DAGs
[2026-03-22T13:45:12.625+0000] {logging_mixin.py:188} INFO - [2026-03-22T13:45:12.625+0000] {dag.py:3823} INFO - Setting next_dagrun for crawl_crypto_prices to 2026-03-22 13:00:00+00:00, run_after=2026-03-22 14:00:00+00:00
[2026-03-22T13:45:12.632+0000] {processor.py:183} INFO - Processing /opt/airflow/dags/crawl_crypto_prices.py took 0.051 seconds
[2026-03-22T13:45:49.442+0000] {processor.py:161} INFO - Started process (PID=7220) to work on /opt/airflow/dags/crawl_crypto_prices.py
[2026-03-22T13:45:49.443+0000] {processor.py:830} INFO - Processing file /opt/airflow/dags/crawl_crypto_prices.py for tasks to queue
[2026-03-22T13:45:49.444+0000] {logging_mixin.py:188} INFO - [2026-03-22T13:45:49.444+0000] {dagbag.py:538} INFO - Filling up the DagBag from /opt/airflow/dags/crawl_crypto_prices.py
[2026-03-22T13:45:49.459+0000] {processor.py:840} INFO - DAG(s) 'crawl_crypto_prices' retrieved from /opt/airflow/dags/crawl_crypto_prices.py
[2026-03-22T13:45:49.479+0000] {logging_mixin.py:188} INFO - [2026-03-22T13:45:49.479+0000] {dag.py:3036} INFO - Sync 1 DAGs
[2026-03-22T13:45:49.490+0000] {logging_mixin.py:188} INFO - [2026-03-22T13:45:49.490+0000] {dag.py:3823} INFO - Setting next_dagrun for crawl_crypto_prices to 2026-03-22 13:00:00+00:00, run_after=2026-03-22 14:00:00+00:00
[2026-03-22T13:45:49.496+0000] {processor.py:183} INFO - Processing /opt/airflow/dags/crawl_crypto_prices.py took 0.058 seconds
[2026-03-22T13:46:19.790+0000] {processor.py:161} INFO - Started process (PID=7225) to work on /opt/airflow/dags/crawl_crypto_prices.py
[2026-03-22T13:46:19.791+0000] {processor.py:830} INFO - Processing file /opt/airflow/dags/crawl_crypto_prices.py for tasks to queue
[2026-03-22T13:46:19.792+0000] {logging_mixin.py:188} INFO - [2026-03-22T13:46:19.792+0000] {dagbag.py:538} INFO - Filling up the DagBag from /opt/airflow/dags/crawl_crypto_prices.py
[2026-03-22T13:46:19.802+0000] {processor.py:840} INFO - DAG(s) 'crawl_crypto_prices' retrieved from /opt/airflow/dags/crawl_crypto_prices.py
[2026-03-22T13:46:19.821+0000] {logging_mixin.py:188} INFO - [2026-03-22T13:46:19.821+0000] {dag.py:3036} INFO - Sync 1 DAGs
[2026-03-22T13:46:19.831+0000] {logging_mixin.py:188} INFO - [2026-03-22T13:46:19.831+0000] {dag.py:3823} INFO - Setting next_dagrun for crawl_crypto_prices to 2026-03-22 13:00:00+00:00, run_after=2026-03-22 14:00:00+00:00
[2026-03-22T13:46:19.837+0000] {processor.py:183} INFO - Processing /opt/airflow/dags/crawl_crypto_prices.py took 0.050 seconds
[2026-03-22T14:01:47.517+0000] {processor.py:161} INFO - Started process (PID=7232) to work on /opt/airflow/dags/crawl_crypto_prices.py
[2026-03-22T14:01:47.518+0000] {processor.py:830} INFO - Processing file /opt/airflow/dags/crawl_crypto_prices.py for tasks to queue
[2026-03-22T14:01:47.519+0000] {logging_mixin.py:188} INFO - [2026-03-22T14:01:47.518+0000] {dagbag.py:538} INFO - Filling up the DagBag from /opt/airflow/dags/crawl_crypto_prices.py
[2026-03-22T14:01:47.529+0000] {processor.py:840} INFO - DAG(s) 'crawl_crypto_prices' retrieved from /opt/airflow/dags/crawl_crypto_prices.py
[2026-03-22T14:01:47.558+0000] {logging_mixin.py:188} INFO - [2026-03-22T14:01:47.558+0000] {dag.py:3036} INFO - Sync 1 DAGs
[2026-03-22T14:01:47.583+0000] {logging_mixin.py:188} INFO - [2026-03-22T14:01:47.583+0000] {dag.py:3823} INFO - Setting next_dagrun for crawl_crypto_prices to 2026-03-22 14:00:00+00:00, run_after=2026-03-22 15:00:00+00:00
[2026-03-22T14:01:47.601+0000] {processor.py:183} INFO - Processing /opt/airflow/dags/crawl_crypto_prices.py took 0.086 seconds
[2026-03-22T14:12:57.527+0000] {processor.py:161} INFO - Started process (PID=7239) to work on /opt/airflow/dags/crawl_crypto_prices.py
[2026-03-22T14:12:57.528+0000] {processor.py:830} INFO - Processing file /opt/airflow/dags/crawl_crypto_prices.py for tasks to queue
[2026-03-22T14:12:57.529+0000] {logging_mixin.py:188} INFO - [2026-03-22T14:12:57.529+0000] {dagbag.py:538} INFO - Filling up the DagBag from /opt/airflow/dags/crawl_crypto_prices.py
[2026-03-22T14:12:57.545+0000] {processor.py:840} INFO - DAG(s) 'crawl_crypto_prices' retrieved from /opt/airflow/dags/crawl_crypto_prices.py
[2026-03-22T14:12:57.571+0000] {logging_mixin.py:188} INFO - [2026-03-22T14:12:57.571+0000] {dag.py:3036} INFO - Sync 1 DAGs
[2026-03-22T14:12:57.590+0000] {logging_mixin.py:188} INFO - [2026-03-22T14:12:57.589+0000] {dag.py:3823} INFO - Setting next_dagrun for crawl_crypto_prices to 2026-03-22 14:00:00+00:00, run_after=2026-03-22 15:00:00+00:00
[2026-03-22T14:12:57.606+0000] {processor.py:183} INFO - Processing /opt/airflow/dags/crawl_crypto_prices.py took 0.083 seconds
[2026-03-22T14:13:27.941+0000] {processor.py:161} INFO - Started process (PID=7244) to work on /opt/airflow/dags/crawl_crypto_prices.py
[2026-03-22T14:13:27.943+0000] {processor.py:830} INFO - Processing file /opt/airflow/dags/crawl_crypto_prices.py for tasks to queue
[2026-03-22T14:13:27.943+0000] {logging_mixin.py:188} INFO - [2026-03-22T14:13:27.943+0000] {dagbag.py:538} INFO - Filling up the DagBag from /opt/airflow/dags/crawl_crypto_prices.py
[2026-03-22T14:13:27.958+0000] {processor.py:840} INFO - DAG(s) 'crawl_crypto_prices' retrieved from /opt/airflow/dags/crawl_crypto_prices.py
[2026-03-22T14:13:27.979+0000] {logging_mixin.py:188} INFO - [2026-03-22T14:13:27.979+0000] {dag.py:3036} INFO - Sync 1 DAGs
[2026-03-22T14:13:27.989+0000] {logging_mixin.py:188} INFO - [2026-03-22T14:13:27.989+0000] {dag.py:3823} INFO - Setting next_dagrun for crawl_crypto_prices to 2026-03-22 14:00:00+00:00, run_after=2026-03-22 15:00:00+00:00
[2026-03-22T14:13:27.996+0000] {processor.py:183} INFO - Processing /opt/airflow/dags/crawl_crypto_prices.py took 0.059 seconds
[2026-03-22T14:27:27.046+0000] {processor.py:161} INFO - Started process (PID=7249) to work on /opt/airflow/dags/crawl_crypto_prices.py
[2026-03-22T14:27:27.047+0000] {processor.py:830} INFO - Processing file /opt/airflow/dags/crawl_crypto_prices.py for tasks to queue
[2026-03-22T14:27:27.048+0000] {logging_mixin.py:188} INFO - [2026-03-22T14:27:27.048+0000] {dagbag.py:538} INFO - Filling up the DagBag from /opt/airflow/dags/crawl_crypto_prices.py
[2026-03-22T14:27:27.066+0000] {processor.py:840} INFO - DAG(s) 'crawl_crypto_prices' retrieved from /opt/airflow/dags/crawl_crypto_prices.py
[2026-03-22T14:27:27.084+0000] {logging_mixin.py:188} INFO - [2026-03-22T14:27:27.084+0000] {dag.py:3036} INFO - Sync 1 DAGs
[2026-03-22T14:27:27.101+0000] {logging_mixin.py:188} INFO - [2026-03-22T14:27:27.100+0000] {dag.py:3823} INFO - Setting next_dagrun for crawl_crypto_prices to 2026-03-22 14:00:00+00:00, run_after=2026-03-22 15:00:00+00:00
[2026-03-22T14:27:27.107+0000] {processor.py:183} INFO - Processing /opt/airflow/dags/crawl_crypto_prices.py took 0.065 seconds
[2026-03-22T14:42:55.143+0000] {processor.py:161} INFO - Started process (PID=7256) to work on /opt/airflow/dags/crawl_crypto_prices.py
[2026-03-22T14:42:55.144+0000] {processor.py:830} INFO - Processing file /opt/airflow/dags/crawl_crypto_prices.py for tasks to queue
[2026-03-22T14:42:55.144+0000] {logging_mixin.py:188} INFO - [2026-03-22T14:42:55.144+0000] {dagbag.py:538} INFO - Filling up the DagBag from /opt/airflow/dags/crawl_crypto_prices.py
[2026-03-22T14:42:55.168+0000] {processor.py:840} INFO - DAG(s) 'crawl_crypto_prices' retrieved from /opt/airflow/dags/crawl_crypto_prices.py
[2026-03-22T14:42:55.210+0000] {logging_mixin.py:188} INFO - [2026-03-22T14:42:55.209+0000] {dag.py:3036} INFO - Sync 1 DAGs
[2026-03-22T14:42:55.239+0000] {logging_mixin.py:188} INFO - [2026-03-22T14:42:55.239+0000] {dag.py:3823} INFO - Setting next_dagrun for crawl_crypto_prices to 2026-03-22 14:00:00+00:00, run_after=2026-03-22 15:00:00+00:00
[2026-03-22T14:42:55.256+0000] {processor.py:183} INFO - Processing /opt/airflow/dags/crawl_crypto_prices.py took 0.117 seconds
[2026-03-22T14:43:25.520+0000] {processor.py:161} INFO - Started process (PID=7261) to work on /opt/airflow/dags/crawl_crypto_prices.py
[2026-03-22T14:43:25.521+0000] {processor.py:830} INFO - Processing file /opt/airflow/dags/crawl_crypto_prices.py for tasks to queue
[2026-03-22T14:43:25.522+0000] {logging_mixin.py:188} INFO - [2026-03-22T14:43:25.522+0000] {dagbag.py:538} INFO - Filling up the DagBag from /opt/airflow/dags/crawl_crypto_prices.py
[2026-03-22T14:43:25.535+0000] {processor.py:840} INFO - DAG(s) 'crawl_crypto_prices' retrieved from /opt/airflow/dags/crawl_crypto_prices.py
[2026-03-22T14:43:25.552+0000] {logging_mixin.py:188} INFO - [2026-03-22T14:43:25.552+0000] {dag.py:3036} INFO - Sync 1 DAGs
[2026-03-22T14:43:25.563+0000] {logging_mixin.py:188} INFO - [2026-03-22T14:43:25.563+0000] {dag.py:3823} INFO - Setting next_dagrun for crawl_crypto_prices to 2026-03-22 14:00:00+00:00, run_after=2026-03-22 15:00:00+00:00
[2026-03-22T14:43:25.569+0000] {processor.py:183} INFO - Processing /opt/airflow/dags/crawl_crypto_prices.py took 0.053 seconds
[2026-03-22T14:47:07.931+0000] {processor.py:161} INFO - Started process (PID=7266) to work on /opt/airflow/dags/crawl_crypto_prices.py
[2026-03-22T14:47:07.932+0000] {processor.py:830} INFO - Processing file /opt/airflow/dags/crawl_crypto_prices.py for tasks to queue
[2026-03-22T14:47:07.934+0000] {logging_mixin.py:188} INFO - [2026-03-22T14:47:07.933+0000] {dagbag.py:538} INFO - Filling up the DagBag from /opt/airflow/dags/crawl_crypto_prices.py
[2026-03-22T14:47:07.950+0000] {processor.py:840} INFO - DAG(s) 'crawl_crypto_prices' retrieved from /opt/airflow/dags/crawl_crypto_prices.py
[2026-03-22T14:47:07.974+0000] {logging_mixin.py:188} INFO - [2026-03-22T14:47:07.974+0000] {dag.py:3036} INFO - Sync 1 DAGs
[2026-03-22T14:47:07.994+0000] {logging_mixin.py:188} INFO - [2026-03-22T14:47:07.994+0000] {dag.py:3823} INFO - Setting next_dagrun for crawl_crypto_prices to 2026-03-22 14:00:00+00:00, run_after=2026-03-22 15:00:00+00:00
[2026-03-22T14:47:08.008+0000] {processor.py:183} INFO - Processing /opt/airflow/dags/crawl_crypto_prices.py took 0.080 seconds
[2026-03-22T15:02:37.375+0000] {processor.py:161} INFO - Started process (PID=7275) to work on /opt/airflow/dags/crawl_crypto_prices.py
[2026-03-22T15:02:37.376+0000] {processor.py:830} INFO - Processing file /opt/airflow/dags/crawl_crypto_prices.py for tasks to queue
[2026-03-22T15:02:37.378+0000] {logging_mixin.py:188} INFO - [2026-03-22T15:02:37.377+0000] {dagbag.py:538} INFO - Filling up the DagBag from /opt/airflow/dags/crawl_crypto_prices.py
[2026-03-22T15:02:37.395+0000] {processor.py:840} INFO - DAG(s) 'crawl_crypto_prices' retrieved from /opt/airflow/dags/crawl_crypto_prices.py
[2026-03-22T15:02:37.414+0000] {logging_mixin.py:188} INFO - [2026-03-22T15:02:37.414+0000] {dag.py:3036} INFO - Sync 1 DAGs
[2026-03-22T15:02:37.424+0000] {logging_mixin.py:188} INFO - [2026-03-22T15:02:37.424+0000] {dag.py:3823} INFO - Setting next_dagrun for crawl_crypto_prices to 2026-03-22 15:00:00+00:00, run_after=2026-03-22 16:00:00+00:00
[2026-03-22T15:02:37.431+0000] {processor.py:183} INFO - Processing /opt/airflow/dags/crawl_crypto_prices.py took 0.062 seconds
[2026-03-22T15:03:07.811+0000] {processor.py:161} INFO - Started process (PID=7280) to work on /opt/airflow/dags/crawl_crypto_prices.py
[2026-03-22T15:03:07.812+0000] {processor.py:830} INFO - Processing file /opt/airflow/dags/crawl_crypto_prices.py for tasks to queue
[2026-03-22T15:03:07.813+0000] {logging_mixin.py:188} INFO - [2026-03-22T15:03:07.813+0000] {dagbag.py:538} INFO - Filling up the DagBag from /opt/airflow/dags/crawl_crypto_prices.py
[2026-03-22T15:03:07.826+0000] {processor.py:840} INFO - DAG(s) 'crawl_crypto_prices' retrieved from /opt/airflow/dags/crawl_crypto_prices.py
[2026-03-22T15:03:07.845+0000] {logging_mixin.py:188} INFO - [2026-03-22T15:03:07.845+0000] {dag.py:3036} INFO - Sync 1 DAGs
[2026-03-22T15:03:07.857+0000] {logging_mixin.py:188} INFO - [2026-03-22T15:03:07.857+0000] {dag.py:3823} INFO - Setting next_dagrun for crawl_crypto_prices to 2026-03-22 15:00:00+00:00, run_after=2026-03-22 16:00:00+00:00
[2026-03-22T15:03:07.863+0000] {processor.py:183} INFO - Processing /opt/airflow/dags/crawl_crypto_prices.py took 0.056 seconds
[2026-03-22T15:03:38.287+0000] {processor.py:161} INFO - Started process (PID=7285) to work on /opt/airflow/dags/crawl_crypto_prices.py
[2026-03-22T15:03:38.288+0000] {processor.py:830} INFO - Processing file /opt/airflow/dags/crawl_crypto_prices.py for tasks to queue
[2026-03-22T15:03:38.289+0000] {logging_mixin.py:188} INFO - [2026-03-22T15:03:38.289+0000] {dagbag.py:538} INFO - Filling up the DagBag from /opt/airflow/dags/crawl_crypto_prices.py
[2026-03-22T15:03:38.305+0000] {processor.py:840} INFO - DAG(s) 'crawl_crypto_prices' retrieved from /opt/airflow/dags/crawl_crypto_prices.py
[2026-03-22T15:03:38.335+0000] {logging_mixin.py:188} INFO - [2026-03-22T15:03:38.335+0000] {dag.py:3036} INFO - Sync 1 DAGs
[2026-03-22T15:03:38.351+0000] {logging_mixin.py:188} INFO - [2026-03-22T15:03:38.351+0000] {dag.py:3823} INFO - Setting next_dagrun for crawl_crypto_prices to 2026-03-22 15:00:00+00:00, run_after=2026-03-22 16:00:00+00:00
[2026-03-22T15:03:38.360+0000] {processor.py:183} INFO - Processing /opt/airflow/dags/crawl_crypto_prices.py took 0.079 seconds
[2026-03-22T15:19:06.525+0000] {processor.py:161} INFO - Started process (PID=7292) to work on /opt/airflow/dags/crawl_crypto_prices.py
[2026-03-22T15:19:06.526+0000] {processor.py:830} INFO - Processing file /opt/airflow/dags/crawl_crypto_prices.py for tasks to queue
[2026-03-22T15:19:06.527+0000] {logging_mixin.py:188} INFO - [2026-03-22T15:19:06.527+0000] {dagbag.py:538} INFO - Filling up the DagBag from /opt/airflow/dags/crawl_crypto_prices.py
[2026-03-22T15:19:06.543+0000] {processor.py:840} INFO - DAG(s) 'crawl_crypto_prices' retrieved from /opt/airflow/dags/crawl_crypto_prices.py
[2026-03-22T15:19:06.578+0000] {logging_mixin.py:188} INFO - [2026-03-22T15:19:06.578+0000] {dag.py:3036} INFO - Sync 1 DAGs
[2026-03-22T15:19:06.604+0000] {logging_mixin.py:188} INFO - [2026-03-22T15:19:06.603+0000] {dag.py:3823} INFO - Setting next_dagrun for crawl_crypto_prices to 2026-03-22 15:00:00+00:00, run_after=2026-03-22 16:00:00+00:00
[2026-03-22T15:19:06.620+0000] {processor.py:183} INFO - Processing /opt/airflow/dags/crawl_crypto_prices.py took 0.099 seconds
[2026-03-22T15:19:36.910+0000] {processor.py:161} INFO - Started process (PID=7297) to work on /opt/airflow/dags/crawl_crypto_prices.py
[2026-03-22T15:19:36.911+0000] {processor.py:830} INFO - Processing file /opt/airflow/dags/crawl_crypto_prices.py for tasks to queue
[2026-03-22T15:19:36.912+0000] {logging_mixin.py:188} INFO - [2026-03-22T15:19:36.912+0000] {dagbag.py:538} INFO - Filling up the DagBag from /opt/airflow/dags/crawl_crypto_prices.py
[2026-03-22T15:19:36.924+0000] {processor.py:840} INFO - DAG(s) 'crawl_crypto_prices' retrieved from /opt/airflow/dags/crawl_crypto_prices.py
[2026-03-22T15:19:36.944+0000] {logging_mixin.py:188} INFO - [2026-03-22T15:19:36.943+0000] {dag.py:3036} INFO - Sync 1 DAGs
[2026-03-22T15:19:36.954+0000] {logging_mixin.py:188} INFO - [2026-03-22T15:19:36.954+0000] {dag.py:3823} INFO - Setting next_dagrun for crawl_crypto_prices to 2026-03-22 15:00:00+00:00, run_after=2026-03-22 16:00:00+00:00
[2026-03-22T15:19:36.961+0000] {processor.py:183} INFO - Processing /opt/airflow/dags/crawl_crypto_prices.py took 0.055 seconds
[2026-03-22T15:35:04.220+0000] {processor.py:161} INFO - Started process (PID=7302) to work on /opt/airflow/dags/crawl_crypto_prices.py
[2026-03-22T15:35:04.220+0000] {processor.py:830} INFO - Processing file /opt/airflow/dags/crawl_crypto_prices.py for tasks to queue
[2026-03-22T15:35:04.221+0000] {logging_mixin.py:188} INFO - [2026-03-22T15:35:04.221+0000] {dagbag.py:538} INFO - Filling up the DagBag from /opt/airflow/dags/crawl_crypto_prices.py
[2026-03-22T15:35:04.238+0000] {processor.py:840} INFO - DAG(s) 'crawl_crypto_prices' retrieved from /opt/airflow/dags/crawl_crypto_prices.py
[2026-03-22T15:35:04.267+0000] {logging_mixin.py:188} INFO - [2026-03-22T15:35:04.267+0000] {dag.py:3036} INFO - Sync 1 DAGs
[2026-03-22T15:35:04.279+0000] {logging_mixin.py:188} INFO - [2026-03-22T15:35:04.279+0000] {dag.py:3823} INFO - Setting next_dagrun for crawl_crypto_prices to 2026-03-22 15:00:00+00:00, run_after=2026-03-22 16:00:00+00:00
[2026-03-22T15:35:04.286+0000] {processor.py:183} INFO - Processing /opt/airflow/dags/crawl_crypto_prices.py took 0.069 seconds
[2026-03-22T15:39:46.117+0000] {processor.py:161} INFO - Started process (PID=7307) to work on /opt/airflow/dags/crawl_crypto_prices.py
[2026-03-22T15:39:46.118+0000] {processor.py:830} INFO - Processing file /opt/airflow/dags/crawl_crypto_prices.py for tasks to queue
[2026-03-22T15:39:46.119+0000] {logging_mixin.py:188} INFO - [2026-03-22T15:39:46.119+0000] {dagbag.py:538} INFO - Filling up the DagBag from /opt/airflow/dags/crawl_crypto_prices.py
[2026-03-22T15:39:46.131+0000] {processor.py:840} INFO - DAG(s) 'crawl_crypto_prices' retrieved from /opt/airflow/dags/crawl_crypto_prices.py
[2026-03-22T15:39:46.149+0000] {logging_mixin.py:188} INFO - [2026-03-22T15:39:46.148+0000] {dag.py:3036} INFO - Sync 1 DAGs
[2026-03-22T15:39:46.159+0000] {logging_mixin.py:188} INFO - [2026-03-22T15:39:46.159+0000] {dag.py:3823} INFO - Setting next_dagrun for crawl_crypto_prices to 2026-03-22 15:00:00+00:00, run_after=2026-03-22 16:00:00+00:00
[2026-03-22T15:39:46.166+0000] {processor.py:183} INFO - Processing /opt/airflow/dags/crawl_crypto_prices.py took 0.051 seconds
[2026-03-22T15:40:16.554+0000] {processor.py:161} INFO - Started process (PID=7312) to work on /opt/airflow/dags/crawl_crypto_prices.py
[2026-03-22T15:40:16.555+0000] {processor.py:830} INFO - Processing file /opt/airflow/dags/crawl_crypto_prices.py for tasks to queue
[2026-03-22T15:40:16.557+0000] {logging_mixin.py:188} INFO - [2026-03-22T15:40:16.556+0000] {dagbag.py:538} INFO - Filling up the DagBag from /opt/airflow/dags/crawl_crypto_prices.py
[2026-03-22T15:40:16.575+0000] {processor.py:840} INFO - DAG(s) 'crawl_crypto_prices' retrieved from /opt/airflow/dags/crawl_crypto_prices.py
[2026-03-22T15:40:16.599+0000] {logging_mixin.py:188} INFO - [2026-03-22T15:40:16.599+0000] {dag.py:3036} INFO - Sync 1 DAGs
[2026-03-22T15:40:16.611+0000] {logging_mixin.py:188} INFO - [2026-03-22T15:40:16.611+0000] {dag.py:3823} INFO - Setting next_dagrun for crawl_crypto_prices to 2026-03-22 15:00:00+00:00, run_after=2026-03-22 16:00:00+00:00
[2026-03-22T15:40:16.618+0000] {processor.py:183} INFO - Processing /opt/airflow/dags/crawl_crypto_prices.py took 0.069 seconds
[2026-03-22T15:45:00.100+0000] {processor.py:161} INFO - Started process (PID=7317) to work on /opt/airflow/dags/crawl_crypto_prices.py
[2026-03-22T15:45:00.102+0000] {processor.py:830} INFO - Processing file /opt/airflow/dags/crawl_crypto_prices.py for tasks to queue
[2026-03-22T15:45:00.102+0000] {logging_mixin.py:188} INFO - [2026-03-22T15:45:00.102+0000] {dagbag.py:538} INFO - Filling up the DagBag from /opt/airflow/dags/crawl_crypto_prices.py
[2026-03-22T15:45:00.117+0000] {processor.py:840} INFO - DAG(s) 'crawl_crypto_prices' retrieved from /opt/airflow/dags/crawl_crypto_prices.py
[2026-03-22T15:45:00.143+0000] {logging_mixin.py:188} INFO - [2026-03-22T15:45:00.143+0000] {dag.py:3036} INFO - Sync 1 DAGs
[2026-03-22T15:45:00.165+0000] {logging_mixin.py:188} INFO - [2026-03-22T15:45:00.165+0000] {dag.py:3823} INFO - Setting next_dagrun for crawl_crypto_prices to 2026-03-22 15:00:00+00:00, run_after=2026-03-22 16:00:00+00:00
[2026-03-22T15:45:00.178+0000] {processor.py:183} INFO - Processing /opt/airflow/dags/crawl_crypto_prices.py took 0.083 seconds
[2026-03-22T15:47:55.585+0000] {processor.py:161} INFO - Started process (PID=7322) to work on /opt/airflow/dags/crawl_crypto_prices.py
[2026-03-22T15:47:55.586+0000] {processor.py:830} INFO - Processing file /opt/airflow/dags/crawl_crypto_prices.py for tasks to queue
[2026-03-22T15:47:55.587+0000] {logging_mixin.py:188} INFO - [2026-03-22T15:47:55.586+0000] {dagbag.py:538} INFO - Filling up the DagBag from /opt/airflow/dags/crawl_crypto_prices.py
[2026-03-22T15:47:55.603+0000] {processor.py:840} INFO - DAG(s) 'crawl_crypto_prices' retrieved from /opt/airflow/dags/crawl_crypto_prices.py
[2026-03-22T15:47:55.631+0000] {logging_mixin.py:188} INFO - [2026-03-22T15:47:55.631+0000] {dag.py:3036} INFO - Sync 1 DAGs
[2026-03-22T15:47:55.654+0000] {logging_mixin.py:188} INFO - [2026-03-22T15:47:55.654+0000] {dag.py:3823} INFO - Setting next_dagrun for crawl_crypto_prices to 2026-03-22 15:00:00+00:00, run_after=2026-03-22 16:00:00+00:00
[2026-03-22T15:47:55.670+0000] {processor.py:183} INFO - Processing /opt/airflow/dags/crawl_crypto_prices.py took 0.090 seconds
[2026-03-22T15:48:25.922+0000] {processor.py:161} INFO - Started process (PID=7327) to work on /opt/airflow/dags/crawl_crypto_prices.py
[2026-03-22T15:48:25.923+0000] {processor.py:830} INFO - Processing file /opt/airflow/dags/crawl_crypto_prices.py for tasks to queue
[2026-03-22T15:48:25.924+0000] {logging_mixin.py:188} INFO - [2026-03-22T15:48:25.924+0000] {dagbag.py:538} INFO - Filling up the DagBag from /opt/airflow/dags/crawl_crypto_prices.py
[2026-03-22T15:48:25.937+0000] {processor.py:840} INFO - DAG(s) 'crawl_crypto_prices' retrieved from /opt/airflow/dags/crawl_crypto_prices.py
[2026-03-22T15:48:25.961+0000] {logging_mixin.py:188} INFO - [2026-03-22T15:48:25.961+0000] {dag.py:3036} INFO - Sync 1 DAGs
[2026-03-22T15:48:25.972+0000] {logging_mixin.py:188} INFO - [2026-03-22T15:48:25.972+0000] {dag.py:3823} INFO - Setting next_dagrun for crawl_crypto_prices to 2026-03-22 15:00:00+00:00, run_after=2026-03-22 16:00:00+00:00
[2026-03-22T15:48:25.980+0000] {processor.py:183} INFO - Processing /opt/airflow/dags/crawl_crypto_prices.py took 0.062 seconds
[2026-03-22T15:49:55.341+0000] {processor.py:161} INFO - Started process (PID=7332) to work on /opt/airflow/dags/crawl_crypto_prices.py
[2026-03-22T15:49:55.342+0000] {processor.py:830} INFO - Processing file /opt/airflow/dags/crawl_crypto_prices.py for tasks to queue
[2026-03-22T15:49:55.342+0000] {logging_mixin.py:188} INFO - [2026-03-22T15:49:55.342+0000] {dagbag.py:538} INFO - Filling up the DagBag from /opt/airflow/dags/crawl_crypto_prices.py
[2026-03-22T15:49:55.353+0000] {processor.py:840} INFO - DAG(s) 'crawl_crypto_prices' retrieved from /opt/airflow/dags/crawl_crypto_prices.py
[2026-03-22T15:49:55.371+0000] {logging_mixin.py:188} INFO - [2026-03-22T15:49:55.371+0000] {dag.py:3036} INFO - Sync 1 DAGs
[2026-03-22T15:49:55.382+0000] {logging_mixin.py:188} INFO - [2026-03-22T15:49:55.382+0000] {dag.py:3823} INFO - Setting next_dagrun for crawl_crypto_prices to 2026-03-22 15:00:00+00:00, run_after=2026-03-22 16:00:00+00:00
[2026-03-22T15:49:55.389+0000] {processor.py:183} INFO - Processing /opt/airflow/dags/crawl_crypto_prices.py took 0.051 seconds
[2026-03-22T15:54:38.879+0000] {processor.py:161} INFO - Started process (PID=7339) to work on /opt/airflow/dags/crawl_crypto_prices.py
[2026-03-22T15:54:38.880+0000] {processor.py:830} INFO - Processing file /opt/airflow/dags/crawl_crypto_prices.py for tasks to queue
[2026-03-22T15:54:38.881+0000] {logging_mixin.py:188} INFO - [2026-03-22T15:54:38.881+0000] {dagbag.py:538} INFO - Filling up the DagBag from /opt/airflow/dags/crawl_crypto_prices.py
[2026-03-22T15:54:38.892+0000] {processor.py:840} INFO - DAG(s) 'crawl_crypto_prices' retrieved from /opt/airflow/dags/crawl_crypto_prices.py
[2026-03-22T15:54:38.918+0000] {logging_mixin.py:188} INFO - [2026-03-22T15:54:38.917+0000] {dag.py:3036} INFO - Sync 1 DAGs
[2026-03-22T15:54:38.938+0000] {logging_mixin.py:188} INFO - [2026-03-22T15:54:38.937+0000] {dag.py:3823} INFO - Setting next_dagrun for crawl_crypto_prices to 2026-03-22 15:00:00+00:00, run_after=2026-03-22 16:00:00+00:00
[2026-03-22T15:54:38.952+0000] {processor.py:183} INFO - Processing /opt/airflow/dags/crawl_crypto_prices.py took 0.076 seconds
[2026-03-22T15:55:09.252+0000] {processor.py:161} INFO - Started process (PID=7344) to work on /opt/airflow/dags/crawl_crypto_prices.py
[2026-03-22T15:55:09.253+0000] {processor.py:830} INFO - Processing file /opt/airflow/dags/crawl_crypto_prices.py for tasks to queue
[2026-03-22T15:55:09.254+0000] {logging_mixin.py:188} INFO - [2026-03-22T15:55:09.254+0000] {dagbag.py:538} INFO - Filling up the DagBag from /opt/airflow/dags/crawl_crypto_prices.py
[2026-03-22T15:55:09.268+0000] {processor.py:840} INFO - DAG(s) 'crawl_crypto_prices' retrieved from /opt/airflow/dags/crawl_crypto_prices.py
[2026-03-22T15:55:09.292+0000] {logging_mixin.py:188} INFO - [2026-03-22T15:55:09.292+0000] {dag.py:3036} INFO - Sync 1 DAGs
[2026-03-22T15:55:09.305+0000] {logging_mixin.py:188} INFO - [2026-03-22T15:55:09.305+0000] {dag.py:3823} INFO - Setting next_dagrun for crawl_crypto_prices to 2026-03-22 15:00:00+00:00, run_after=2026-03-22 16:00:00+00:00
[2026-03-22T15:55:09.311+0000] {processor.py:183} INFO - Processing /opt/airflow/dags/crawl_crypto_prices.py took 0.065 seconds
[2026-03-22T15:59:39.595+0000] {processor.py:161} INFO - Started process (PID=7349) to work on /opt/airflow/dags/crawl_crypto_prices.py
[2026-03-22T15:59:39.596+0000] {processor.py:830} INFO - Processing file /opt/airflow/dags/crawl_crypto_prices.py for tasks to queue
[2026-03-22T15:59:39.597+0000] {logging_mixin.py:188} INFO - [2026-03-22T15:59:39.597+0000] {dagbag.py:538} INFO - Filling up the DagBag from /opt/airflow/dags/crawl_crypto_prices.py
[2026-03-22T15:59:39.610+0000] {processor.py:840} INFO - DAG(s) 'crawl_crypto_prices' retrieved from /opt/airflow/dags/crawl_crypto_prices.py
[2026-03-22T15:59:39.637+0000] {logging_mixin.py:188} INFO - [2026-03-22T15:59:39.637+0000] {dag.py:3036} INFO - Sync 1 DAGs
[2026-03-22T15:59:39.662+0000] {logging_mixin.py:188} INFO - [2026-03-22T15:59:39.662+0000] {dag.py:3823} INFO - Setting next_dagrun for crawl_crypto_prices to 2026-03-22 15:00:00+00:00, run_after=2026-03-22 16:00:00+00:00
[2026-03-22T15:59:39.680+0000] {processor.py:183} INFO - Processing /opt/airflow/dags/crawl_crypto_prices.py took 0.087 seconds
[2026-03-22T16:00:09.973+0000] {processor.py:161} INFO - Started process (PID=7356) to work on /opt/airflow/dags/crawl_crypto_prices.py
[2026-03-22T16:00:09.974+0000] {processor.py:830} INFO - Processing file /opt/airflow/dags/crawl_crypto_prices.py for tasks to queue
[2026-03-22T16:00:09.974+0000] {logging_mixin.py:188} INFO - [2026-03-22T16:00:09.974+0000] {dagbag.py:538} INFO - Filling up the DagBag from /opt/airflow/dags/crawl_crypto_prices.py
[2026-03-22T16:00:09.979+0000] {processor.py:840} INFO - DAG(s) 'crawl_crypto_prices' retrieved from /opt/airflow/dags/crawl_crypto_prices.py
[2026-03-22T16:00:09.990+0000] {logging_mixin.py:188} INFO - [2026-03-22T16:00:09.990+0000] {dag.py:3036} INFO - Sync 1 DAGs
[2026-03-22T16:00:09.998+0000] {logging_mixin.py:188} INFO - [2026-03-22T16:00:09.998+0000] {dag.py:3823} INFO - Setting next_dagrun for crawl_crypto_prices to 2026-03-22 16:00:00+00:00, run_after=2026-03-22 17:00:00+00:00
[2026-03-22T16:00:10.003+0000] {processor.py:183} INFO - Processing /opt/airflow/dags/crawl_crypto_prices.py took 0.031 seconds
[2026-03-22T16:00:40.380+0000] {processor.py:161} INFO - Started process (PID=7361) to work on /opt/airflow/dags/crawl_crypto_prices.py
[2026-03-22T16:00:40.382+0000] {processor.py:830} INFO - Processing file /opt/airflow/dags/crawl_crypto_prices.py for tasks to queue
[2026-03-22T16:00:40.382+0000] {logging_mixin.py:188} INFO - [2026-03-22T16:00:40.382+0000] {dagbag.py:538} INFO - Filling up the DagBag from /opt/airflow/dags/crawl_crypto_prices.py
[2026-03-22T16:00:40.393+0000] {processor.py:840} INFO - DAG(s) 'crawl_crypto_prices' retrieved from /opt/airflow/dags/crawl_crypto_prices.py
[2026-03-22T16:00:40.411+0000] {logging_mixin.py:188} INFO - [2026-03-22T16:00:40.411+0000] {dag.py:3036} INFO - Sync 1 DAGs
[2026-03-22T16:00:40.421+0000] {logging_mixin.py:188} INFO - [2026-03-22T16:00:40.421+0000] {dag.py:3823} INFO - Setting next_dagrun for crawl_crypto_prices to 2026-03-22 16:00:00+00:00, run_after=2026-03-22 17:00:00+00:00
[2026-03-22T16:00:40.426+0000] {processor.py:183} INFO - Processing /opt/airflow/dags/crawl_crypto_prices.py took 0.049 seconds
[2026-03-22T16:01:10.774+0000] {processor.py:161} INFO - Started process (PID=7366) to work on /opt/airflow/dags/crawl_crypto_prices.py
[2026-03-22T16:01:10.775+0000] {processor.py:830} INFO - Processing file /opt/airflow/dags/crawl_crypto_prices.py for tasks to queue
[2026-03-22T16:01:10.776+0000] {logging_mixin.py:188} INFO - [2026-03-22T16:01:10.775+0000] {dagbag.py:538} INFO - Filling up the DagBag from /opt/airflow/dags/crawl_crypto_prices.py
[2026-03-22T16:01:10.792+0000] {processor.py:840} INFO - DAG(s) 'crawl_crypto_prices' retrieved from /opt/airflow/dags/crawl_crypto_prices.py
[2026-03-22T16:01:10.812+0000] {logging_mixin.py:188} INFO - [2026-03-22T16:01:10.811+0000] {dag.py:3036} INFO - Sync 1 DAGs
[2026-03-22T16:01:10.823+0000] {logging_mixin.py:188} INFO - [2026-03-22T16:01:10.823+0000] {dag.py:3823} INFO - Setting next_dagrun for crawl_crypto_prices to 2026-03-22 16:00:00+00:00, run_after=2026-03-22 17:00:00+00:00
[2026-03-22T16:01:10.830+0000] {processor.py:183} INFO - Processing /opt/airflow/dags/crawl_crypto_prices.py took 0.060 seconds
[2026-03-22T16:01:41.089+0000] {processor.py:161} INFO - Started process (PID=7371) to work on /opt/airflow/dags/crawl_crypto_prices.py
[2026-03-22T16:01:41.090+0000] {processor.py:830} INFO - Processing file /opt/airflow/dags/crawl_crypto_prices.py for tasks to queue
[2026-03-22T16:01:41.091+0000] {logging_mixin.py:188} INFO - [2026-03-22T16:01:41.091+0000] {dagbag.py:538} INFO - Filling up the DagBag from /opt/airflow/dags/crawl_crypto_prices.py
[2026-03-22T16:01:41.102+0000] {processor.py:840} INFO - DAG(s) 'crawl_crypto_prices' retrieved from /opt/airflow/dags/crawl_crypto_prices.py
[2026-03-22T16:01:41.117+0000] {logging_mixin.py:188} INFO - [2026-03-22T16:01:41.117+0000] {dag.py:3036} INFO - Sync 1 DAGs
[2026-03-22T16:01:41.128+0000] {logging_mixin.py:188} INFO - [2026-03-22T16:01:41.128+0000] {dag.py:3823} INFO - Setting next_dagrun for crawl_crypto_prices to 2026-03-22 16:00:00+00:00, run_after=2026-03-22 17:00:00+00:00
[2026-03-22T16:01:41.134+0000] {processor.py:183} INFO - Processing /opt/airflow/dags/crawl_crypto_prices.py took 0.049 seconds
[2026-03-22T16:02:11.435+0000] {processor.py:161} INFO - Started process (PID=7376) to work on /opt/airflow/dags/crawl_crypto_prices.py
[2026-03-22T16:02:11.436+0000] {processor.py:830} INFO - Processing file /opt/airflow/dags/crawl_crypto_prices.py for tasks to queue
[2026-03-22T16:02:11.437+0000] {logging_mixin.py:188} INFO - [2026-03-22T16:02:11.437+0000] {dagbag.py:538} INFO - Filling up the DagBag from /opt/airflow/dags/crawl_crypto_prices.py
[2026-03-22T16:02:11.448+0000] {processor.py:840} INFO - DAG(s) 'crawl_crypto_prices' retrieved from /opt/airflow/dags/crawl_crypto_prices.py
[2026-03-22T16:02:11.466+0000] {logging_mixin.py:188} INFO - [2026-03-22T16:02:11.466+0000] {dag.py:3036} INFO - Sync 1 DAGs
[2026-03-22T16:02:11.476+0000] {logging_mixin.py:188} INFO - [2026-03-22T16:02:11.476+0000] {dag.py:3823} INFO - Setting next_dagrun for crawl_crypto_prices to 2026-03-22 16:00:00+00:00, run_after=2026-03-22 17:00:00+00:00
[2026-03-22T16:02:11.482+0000] {processor.py:183} INFO - Processing /opt/airflow/dags/crawl_crypto_prices.py took 0.051 seconds
[2026-03-22T16:19:15.751+0000] {processor.py:161} INFO - Started process (PID=7381) to work on /opt/airflow/dags/crawl_crypto_prices.py
[2026-03-22T16:19:15.751+0000] {processor.py:830} INFO - Processing file /opt/airflow/dags/crawl_crypto_prices.py for tasks to queue
[2026-03-22T16:19:15.752+0000] {logging_mixin.py:188} INFO - [2026-03-22T16:19:15.752+0000] {dagbag.py:538} INFO - Filling up the DagBag from /opt/airflow/dags/crawl_crypto_prices.py
[2026-03-22T16:19:15.762+0000] {processor.py:840} INFO - DAG(s) 'crawl_crypto_prices' retrieved from /opt/airflow/dags/crawl_crypto_prices.py
[2026-03-22T16:19:15.776+0000] {logging_mixin.py:188} INFO - [2026-03-22T16:19:15.776+0000] {dag.py:3036} INFO - Sync 1 DAGs
[2026-03-22T16:19:15.786+0000] {logging_mixin.py:188} INFO - [2026-03-22T16:19:15.786+0000] {dag.py:3823} INFO - Setting next_dagrun for crawl_crypto_prices to 2026-03-22 16:00:00+00:00, run_after=2026-03-22 17:00:00+00:00
[2026-03-22T16:19:15.793+0000] {processor.py:183} INFO - Processing /opt/airflow/dags/crawl_crypto_prices.py took 0.046 seconds
[2026-03-22T16:19:46.163+0000] {processor.py:161} INFO - Started process (PID=7388) to work on /opt/airflow/dags/crawl_crypto_prices.py
[2026-03-22T16:19:46.165+0000] {processor.py:830} INFO - Processing file /opt/airflow/dags/crawl_crypto_prices.py for tasks to queue
[2026-03-22T16:19:46.166+0000] {logging_mixin.py:188} INFO - [2026-03-22T16:19:46.165+0000] {dagbag.py:538} INFO - Filling up the DagBag from /opt/airflow/dags/crawl_crypto_prices.py
[2026-03-22T16:19:46.183+0000] {processor.py:840} INFO - DAG(s) 'crawl_crypto_prices' retrieved from /opt/airflow/dags/crawl_crypto_prices.py
[2026-03-22T16:19:46.202+0000] {logging_mixin.py:188} INFO - [2026-03-22T16:19:46.202+0000] {dag.py:3036} INFO - Sync 1 DAGs
[2026-03-22T16:19:46.211+0000] {logging_mixin.py:188} INFO - [2026-03-22T16:19:46.211+0000] {dag.py:3823} INFO - Setting next_dagrun for crawl_crypto_prices to 2026-03-22 16:00:00+00:00, run_after=2026-03-22 17:00:00+00:00
[2026-03-22T16:19:46.217+0000] {processor.py:183} INFO - Processing /opt/airflow/dags/crawl_crypto_prices.py took 0.059 seconds
[2026-03-22T16:25:05.815+0000] {processor.py:161} INFO - Started process (PID=7393) to work on /opt/airflow/dags/crawl_crypto_prices.py
[2026-03-22T16:25:05.816+0000] {processor.py:830} INFO - Processing file /opt/airflow/dags/crawl_crypto_prices.py for tasks to queue
[2026-03-22T16:25:05.817+0000] {logging_mixin.py:188} INFO - [2026-03-22T16:25:05.816+0000] {dagbag.py:538} INFO - Filling up the DagBag from /opt/airflow/dags/crawl_crypto_prices.py
[2026-03-22T16:25:05.827+0000] {processor.py:840} INFO - DAG(s) 'crawl_crypto_prices' retrieved from /opt/airflow/dags/crawl_crypto_prices.py
[2026-03-22T16:25:05.848+0000] {logging_mixin.py:188} INFO - [2026-03-22T16:25:05.848+0000] {dag.py:3036} INFO - Sync 1 DAGs
[2026-03-22T16:25:05.859+0000] {logging_mixin.py:188} INFO - [2026-03-22T16:25:05.859+0000] {dag.py:3823} INFO - Setting next_dagrun for crawl_crypto_prices to 2026-03-22 16:00:00+00:00, run_after=2026-03-22 17:00:00+00:00
[2026-03-22T16:25:05.866+0000] {processor.py:183} INFO - Processing /opt/airflow/dags/crawl_crypto_prices.py took 0.054 seconds
[2026-03-22T16:25:36.237+0000] {processor.py:161} INFO - Started process (PID=7398) to work on /opt/airflow/dags/crawl_crypto_prices.py
[2026-03-22T16:25:36.238+0000] {processor.py:830} INFO - Processing file /opt/airflow/dags/crawl_crypto_prices.py for tasks to queue
[2026-03-22T16:25:36.239+0000] {logging_mixin.py:188} INFO - [2026-03-22T16:25:36.238+0000] {dagbag.py:538} INFO - Filling up the DagBag from /opt/airflow/dags/crawl_crypto_prices.py
[2026-03-22T16:25:36.251+0000] {processor.py:840} INFO - DAG(s) 'crawl_crypto_prices' retrieved from /opt/airflow/dags/crawl_crypto_prices.py
[2026-03-22T16:25:36.271+0000] {logging_mixin.py:188} INFO - [2026-03-22T16:25:36.271+0000] {dag.py:3036} INFO - Sync 1 DAGs
[2026-03-22T16:25:36.282+0000] {logging_mixin.py:188} INFO - [2026-03-22T16:25:36.282+0000] {dag.py:3823} INFO - Setting next_dagrun for crawl_crypto_prices to 2026-03-22 16:00:00+00:00, run_after=2026-03-22 17:00:00+00:00
[2026-03-22T16:25:36.288+0000] {processor.py:183} INFO - Processing /opt/airflow/dags/crawl_crypto_prices.py took 0.055 seconds
[2026-03-22T16:26:07.139+0000] {processor.py:161} INFO - Started process (PID=7403) to work on /opt/airflow/dags/crawl_crypto_prices.py
[2026-03-22T16:26:07.140+0000] {processor.py:830} INFO - Processing file /opt/airflow/dags/crawl_crypto_prices.py for tasks to queue
[2026-03-22T16:26:07.141+0000] {logging_mixin.py:188} INFO - [2026-03-22T16:26:07.140+0000] {dagbag.py:538} INFO - Filling up the DagBag from /opt/airflow/dags/crawl_crypto_prices.py
[2026-03-22T16:26:07.151+0000] {processor.py:840} INFO - DAG(s) 'crawl_crypto_prices' retrieved from /opt/airflow/dags/crawl_crypto_prices.py
[2026-03-22T16:26:07.170+0000] {logging_mixin.py:188} INFO - [2026-03-22T16:26:07.169+0000] {dag.py:3036} INFO - Sync 1 DAGs
[2026-03-22T16:26:07.181+0000] {logging_mixin.py:188} INFO - [2026-03-22T16:26:07.181+0000] {dag.py:3823} INFO - Setting next_dagrun for crawl_crypto_prices to 2026-03-22 16:00:00+00:00, run_after=2026-03-22 17:00:00+00:00
[2026-03-22T16:26:07.187+0000] {processor.py:183} INFO - Processing /opt/airflow/dags/crawl_crypto_prices.py took 0.052 seconds
[2026-03-22T16:26:41.252+0000] {processor.py:161} INFO - Started process (PID=7408) to work on /opt/airflow/dags/crawl_crypto_prices.py
[2026-03-22T16:26:41.253+0000] {processor.py:830} INFO - Processing file /opt/airflow/dags/crawl_crypto_prices.py for tasks to queue
[2026-03-22T16:26:41.253+0000] {logging_mixin.py:188} INFO - [2026-03-22T16:26:41.253+0000] {dagbag.py:538} INFO - Filling up the DagBag from /opt/airflow/dags/crawl_crypto_prices.py
[2026-03-22T16:26:41.267+0000] {processor.py:840} INFO - DAG(s) 'crawl_crypto_prices' retrieved from /opt/airflow/dags/crawl_crypto_prices.py
[2026-03-22T16:26:41.287+0000] {logging_mixin.py:188} INFO - [2026-03-22T16:26:41.287+0000] {dag.py:3036} INFO - Sync 1 DAGs
[2026-03-22T16:26:41.298+0000] {logging_mixin.py:188} INFO - [2026-03-22T16:26:41.297+0000] {dag.py:3823} INFO - Setting next_dagrun for crawl_crypto_prices to 2026-03-22 16:00:00+00:00, run_after=2026-03-22 17:00:00+00:00
[2026-03-22T16:26:41.304+0000] {processor.py:183} INFO - Processing /opt/airflow/dags/crawl_crypto_prices.py took 0.056 seconds
[2026-03-22T16:27:11.669+0000] {processor.py:161} INFO - Started process (PID=7413) to work on /opt/airflow/dags/crawl_crypto_prices.py
[2026-03-22T16:27:11.670+0000] {processor.py:830} INFO - Processing file /opt/airflow/dags/crawl_crypto_prices.py for tasks to queue
[2026-03-22T16:27:11.671+0000] {logging_mixin.py:188} INFO - [2026-03-22T16:27:11.671+0000] {dagbag.py:538} INFO - Filling up the DagBag from /opt/airflow/dags/crawl_crypto_prices.py
[2026-03-22T16:27:11.681+0000] {processor.py:840} INFO - DAG(s) 'crawl_crypto_prices' retrieved from /opt/airflow/dags/crawl_crypto_prices.py
[2026-03-22T16:27:11.700+0000] {logging_mixin.py:188} INFO - [2026-03-22T16:27:11.700+0000] {dag.py:3036} INFO - Sync 1 DAGs
[2026-03-22T16:27:11.710+0000] {logging_mixin.py:188} INFO - [2026-03-22T16:27:11.710+0000] {dag.py:3823} INFO - Setting next_dagrun for crawl_crypto_prices to 2026-03-22 16:00:00+00:00, run_after=2026-03-22 17:00:00+00:00
[2026-03-22T16:27:11.717+0000] {processor.py:183} INFO - Processing /opt/airflow/dags/crawl_crypto_prices.py took 0.051 seconds
[2026-03-22T16:27:42.494+0000] {processor.py:161} INFO - Started process (PID=7418) to work on /opt/airflow/dags/crawl_crypto_prices.py
[2026-03-22T16:27:42.495+0000] {processor.py:830} INFO - Processing file /opt/airflow/dags/crawl_crypto_prices.py for tasks to queue
[2026-03-22T16:27:42.496+0000] {logging_mixin.py:188} INFO - [2026-03-22T16:27:42.495+0000] {dagbag.py:538} INFO - Filling up the DagBag from /opt/airflow/dags/crawl_crypto_prices.py
[2026-03-22T16:27:42.508+0000] {processor.py:840} INFO - DAG(s) 'crawl_crypto_prices' retrieved from /opt/airflow/dags/crawl_crypto_prices.py
[2026-03-22T16:27:42.527+0000] {logging_mixin.py:188} INFO - [2026-03-22T16:27:42.527+0000] {dag.py:3036} INFO - Sync 1 DAGs
[2026-03-22T16:27:42.538+0000] {logging_mixin.py:188} INFO - [2026-03-22T16:27:42.538+0000] {dag.py:3823} INFO - Setting next_dagrun for crawl_crypto_prices to 2026-03-22 16:00:00+00:00, run_after=2026-03-22 17:00:00+00:00
[2026-03-22T16:27:42.544+0000] {processor.py:183} INFO - Processing /opt/airflow/dags/crawl_crypto_prices.py took 0.055 seconds
[2026-03-22T16:28:18.981+0000] {processor.py:161} INFO - Started process (PID=7423) to work on /opt/airflow/dags/crawl_crypto_prices.py
[2026-03-22T16:28:18.982+0000] {processor.py:830} INFO - Processing file /opt/airflow/dags/crawl_crypto_prices.py for tasks to queue
[2026-03-22T16:28:18.983+0000] {logging_mixin.py:188} INFO - [2026-03-22T16:28:18.982+0000] {dagbag.py:538} INFO - Filling up the DagBag from /opt/airflow/dags/crawl_crypto_prices.py
[2026-03-22T16:28:18.992+0000] {processor.py:840} INFO - DAG(s) 'crawl_crypto_prices' retrieved from /opt/airflow/dags/crawl_crypto_prices.py
[2026-03-22T16:28:19.006+0000] {logging_mixin.py:188} INFO - [2026-03-22T16:28:19.006+0000] {dag.py:3036} INFO - Sync 1 DAGs
[2026-03-22T16:28:19.016+0000] {logging_mixin.py:188} INFO - [2026-03-22T16:28:19.016+0000] {dag.py:3823} INFO - Setting next_dagrun for crawl_crypto_prices to 2026-03-22 16:00:00+00:00, run_after=2026-03-22 17:00:00+00:00
[2026-03-22T16:28:19.022+0000] {processor.py:183} INFO - Processing /opt/airflow/dags/crawl_crypto_prices.py took 0.044 seconds
[2026-03-22T16:28:49.377+0000] {processor.py:161} INFO - Started process (PID=7428) to work on /opt/airflow/dags/crawl_crypto_prices.py
[2026-03-22T16:28:49.378+0000] {processor.py:830} INFO - Processing file /opt/airflow/dags/crawl_crypto_prices.py for tasks to queue
[2026-03-22T16:28:49.379+0000] {logging_mixin.py:188} INFO - [2026-03-22T16:28:49.379+0000] {dagbag.py:538} INFO - Filling up the DagBag from /opt/airflow/dags/crawl_crypto_prices.py
[2026-03-22T16:28:49.393+0000] {processor.py:840} INFO - DAG(s) 'crawl_crypto_prices' retrieved from /opt/airflow/dags/crawl_crypto_prices.py
[2026-03-22T16:28:49.412+0000] {logging_mixin.py:188} INFO - [2026-03-22T16:28:49.412+0000] {dag.py:3036} INFO - Sync 1 DAGs
[2026-03-22T16:28:49.424+0000] {logging_mixin.py:188} INFO - [2026-03-22T16:28:49.423+0000] {dag.py:3823} INFO - Setting next_dagrun for crawl_crypto_prices to 2026-03-22 16:00:00+00:00, run_after=2026-03-22 17:00:00+00:00
[2026-03-22T16:28:49.430+0000] {processor.py:183} INFO - Processing /opt/airflow/dags/crawl_crypto_prices.py took 0.056 seconds
[2026-03-22T16:29:19.780+0000] {processor.py:161} INFO - Started process (PID=7433) to work on /opt/airflow/dags/crawl_crypto_prices.py
[2026-03-22T16:29:19.781+0000] {processor.py:830} INFO - Processing file /opt/airflow/dags/crawl_crypto_prices.py for tasks to queue
[2026-03-22T16:29:19.781+0000] {logging_mixin.py:188} INFO - [2026-03-22T16:29:19.781+0000] {dagbag.py:538} INFO - Filling up the DagBag from /opt/airflow/dags/crawl_crypto_prices.py
[2026-03-22T16:29:19.793+0000] {processor.py:840} INFO - DAG(s) 'crawl_crypto_prices' retrieved from /opt/airflow/dags/crawl_crypto_prices.py
[2026-03-22T16:29:19.812+0000] {logging_mixin.py:188} INFO - [2026-03-22T16:29:19.812+0000] {dag.py:3036} INFO - Sync 1 DAGs
[2026-03-22T16:29:19.823+0000] {logging_mixin.py:188} INFO - [2026-03-22T16:29:19.823+0000] {dag.py:3823} INFO - Setting next_dagrun for crawl_crypto_prices to 2026-03-22 16:00:00+00:00, run_after=2026-03-22 17:00:00+00:00
[2026-03-22T16:29:19.830+0000] {processor.py:183} INFO - Processing /opt/airflow/dags/crawl_crypto_prices.py took 0.053 seconds
[2026-03-22T16:29:50.141+0000] {processor.py:161} INFO - Started process (PID=7438) to work on /opt/airflow/dags/crawl_crypto_prices.py
[2026-03-22T16:29:50.142+0000] {processor.py:830} INFO - Processing file /opt/airflow/dags/crawl_crypto_prices.py for tasks to queue
[2026-03-22T16:29:50.143+0000] {logging_mixin.py:188} INFO - [2026-03-22T16:29:50.142+0000] {dagbag.py:538} INFO - Filling up the DagBag from /opt/airflow/dags/crawl_crypto_prices.py
[2026-03-22T16:29:50.153+0000] {processor.py:840} INFO - DAG(s) 'crawl_crypto_prices' retrieved from /opt/airflow/dags/crawl_crypto_prices.py
[2026-03-22T16:29:50.172+0000] {logging_mixin.py:188} INFO - [2026-03-22T16:29:50.172+0000] {dag.py:3036} INFO - Sync 1 DAGs
[2026-03-22T16:29:50.182+0000] {logging_mixin.py:188} INFO - [2026-03-22T16:29:50.182+0000] {dag.py:3823} INFO - Setting next_dagrun for crawl_crypto_prices to 2026-03-22 16:00:00+00:00, run_after=2026-03-22 17:00:00+00:00
[2026-03-22T16:29:50.188+0000] {processor.py:183} INFO - Processing /opt/airflow/dags/crawl_crypto_prices.py took 0.050 seconds
[2026-03-22T16:30:20.555+0000] {processor.py:161} INFO - Started process (PID=7443) to work on /opt/airflow/dags/crawl_crypto_prices.py
[2026-03-22T16:30:20.556+0000] {processor.py:830} INFO - Processing file /opt/airflow/dags/crawl_crypto_prices.py for tasks to queue
[2026-03-22T16:30:20.557+0000] {logging_mixin.py:188} INFO - [2026-03-22T16:30:20.557+0000] {dagbag.py:538} INFO - Filling up the DagBag from /opt/airflow/dags/crawl_crypto_prices.py
[2026-03-22T16:30:20.569+0000] {processor.py:840} INFO - DAG(s) 'crawl_crypto_prices' retrieved from /opt/airflow/dags/crawl_crypto_prices.py
[2026-03-22T16:30:20.589+0000] {logging_mixin.py:188} INFO - [2026-03-22T16:30:20.589+0000] {dag.py:3036} INFO - Sync 1 DAGs
[2026-03-22T16:30:20.602+0000] {logging_mixin.py:188} INFO - [2026-03-22T16:30:20.602+0000] {dag.py:3823} INFO - Setting next_dagrun for crawl_crypto_prices to 2026-03-22 16:00:00+00:00, run_after=2026-03-22 17:00:00+00:00
[2026-03-22T16:30:20.609+0000] {processor.py:183} INFO - Processing /opt/airflow/dags/crawl_crypto_prices.py took 0.057 seconds
[2026-03-22T16:30:50.958+0000] {processor.py:161} INFO - Started process (PID=7448) to work on /opt/airflow/dags/crawl_crypto_prices.py
[2026-03-22T16:30:50.959+0000] {processor.py:830} INFO - Processing file /opt/airflow/dags/crawl_crypto_prices.py for tasks to queue
[2026-03-22T16:30:50.960+0000] {logging_mixin.py:188} INFO - [2026-03-22T16:30:50.960+0000] {dagbag.py:538} INFO - Filling up the DagBag from /opt/airflow/dags/crawl_crypto_prices.py
[2026-03-22T16:30:50.974+0000] {processor.py:840} INFO - DAG(s) 'crawl_crypto_prices' retrieved from /opt/airflow/dags/crawl_crypto_prices.py
[2026-03-22T16:30:50.992+0000] {logging_mixin.py:188} INFO - [2026-03-22T16:30:50.992+0000] {dag.py:3036} INFO - Sync 1 DAGs
[2026-03-22T16:30:51.003+0000] {logging_mixin.py:188} INFO - [2026-03-22T16:30:51.003+0000] {dag.py:3823} INFO - Setting next_dagrun for crawl_crypto_prices to 2026-03-22 16:00:00+00:00, run_after=2026-03-22 17:00:00+00:00
[2026-03-22T16:30:51.010+0000] {processor.py:183} INFO - Processing /opt/airflow/dags/crawl_crypto_prices.py took 0.056 seconds
[2026-03-22T16:31:21.329+0000] {processor.py:161} INFO - Started process (PID=7453) to work on /opt/airflow/dags/crawl_crypto_prices.py
[2026-03-22T16:31:21.330+0000] {processor.py:830} INFO - Processing file /opt/airflow/dags/crawl_crypto_prices.py for tasks to queue
[2026-03-22T16:31:21.331+0000] {logging_mixin.py:188} INFO - [2026-03-22T16:31:21.331+0000] {dagbag.py:538} INFO - Filling up the DagBag from /opt/airflow/dags/crawl_crypto_prices.py
[2026-03-22T16:31:21.342+0000] {processor.py:840} INFO - DAG(s) 'crawl_crypto_prices' retrieved from /opt/airflow/dags/crawl_crypto_prices.py
[2026-03-22T16:31:21.365+0000] {logging_mixin.py:188} INFO - [2026-03-22T16:31:21.364+0000] {dag.py:3036} INFO - Sync 1 DAGs
[2026-03-22T16:31:21.380+0000] {logging_mixin.py:188} INFO - [2026-03-22T16:31:21.380+0000] {dag.py:3823} INFO - Setting next_dagrun for crawl_crypto_prices to 2026-03-22 16:00:00+00:00, run_after=2026-03-22 17:00:00+00:00
[2026-03-22T16:31:21.387+0000] {processor.py:183} INFO - Processing /opt/airflow/dags/crawl_crypto_prices.py took 0.062 seconds
[2026-03-22T16:31:51.688+0000] {processor.py:161} INFO - Started process (PID=7458) to work on /opt/airflow/dags/crawl_crypto_prices.py
[2026-03-22T16:31:51.689+0000] {processor.py:830} INFO - Processing file /opt/airflow/dags/crawl_crypto_prices.py for tasks to queue
[2026-03-22T16:31:51.690+0000] {logging_mixin.py:188} INFO - [2026-03-22T16:31:51.690+0000] {dagbag.py:538} INFO - Filling up the DagBag from /opt/airflow/dags/crawl_crypto_prices.py
[2026-03-22T16:31:51.700+0000] {processor.py:840} INFO - DAG(s) 'crawl_crypto_prices' retrieved from /opt/airflow/dags/crawl_crypto_prices.py
[2026-03-22T16:31:51.718+0000] {logging_mixin.py:188} INFO - [2026-03-22T16:31:51.718+0000] {dag.py:3036} INFO - Sync 1 DAGs
[2026-03-22T16:31:51.730+0000] {logging_mixin.py:188} INFO - [2026-03-22T16:31:51.730+0000] {dag.py:3823} INFO - Setting next_dagrun for crawl_crypto_prices to 2026-03-22 16:00:00+00:00, run_after=2026-03-22 17:00:00+00:00
[2026-03-22T16:31:51.737+0000] {processor.py:183} INFO - Processing /opt/airflow/dags/crawl_crypto_prices.py took 0.052 seconds
[2026-03-22T16:45:34.990+0000] {processor.py:161} INFO - Started process (PID=7463) to work on /opt/airflow/dags/crawl_crypto_prices.py
[2026-03-22T16:45:34.991+0000] {processor.py:830} INFO - Processing file /opt/airflow/dags/crawl_crypto_prices.py for tasks to queue
[2026-03-22T16:45:34.993+0000] {logging_mixin.py:188} INFO - [2026-03-22T16:45:34.992+0000] {dagbag.py:538} INFO - Filling up the DagBag from /opt/airflow/dags/crawl_crypto_prices.py
[2026-03-22T16:45:35.018+0000] {processor.py:840} INFO - DAG(s) 'crawl_crypto_prices' retrieved from /opt/airflow/dags/crawl_crypto_prices.py
[2026-03-22T16:45:35.059+0000] {logging_mixin.py:188} INFO - [2026-03-22T16:45:35.059+0000] {dag.py:3036} INFO - Sync 1 DAGs
[2026-03-22T16:45:35.082+0000] {logging_mixin.py:188} INFO - [2026-03-22T16:45:35.082+0000] {dag.py:3823} INFO - Setting next_dagrun for crawl_crypto_prices to 2026-03-22 16:00:00+00:00, run_after=2026-03-22 17:00:00+00:00
[2026-03-22T16:45:35.102+0000] {processor.py:183} INFO - Processing /opt/airflow/dags/crawl_crypto_prices.py took 0.118 seconds
[2026-03-22T16:46:05.278+0000] {processor.py:161} INFO - Started process (PID=7468) to work on /opt/airflow/dags/crawl_crypto_prices.py
[2026-03-22T16:46:05.279+0000] {processor.py:830} INFO - Processing file /opt/airflow/dags/crawl_crypto_prices.py for tasks to queue
[2026-03-22T16:46:05.279+0000] {logging_mixin.py:188} INFO - [2026-03-22T16:46:05.279+0000] {dagbag.py:538} INFO - Filling up the DagBag from /opt/airflow/dags/crawl_crypto_prices.py
[2026-03-22T16:46:05.291+0000] {processor.py:840} INFO - DAG(s) 'crawl_crypto_prices' retrieved from /opt/airflow/dags/crawl_crypto_prices.py
[2026-03-22T16:46:05.311+0000] {logging_mixin.py:188} INFO - [2026-03-22T16:46:05.311+0000] {dag.py:3036} INFO - Sync 1 DAGs
[2026-03-22T16:46:05.320+0000] {logging_mixin.py:188} INFO - [2026-03-22T16:46:05.320+0000] {dag.py:3823} INFO - Setting next_dagrun for crawl_crypto_prices to 2026-03-22 16:00:00+00:00, run_after=2026-03-22 17:00:00+00:00
[2026-03-22T16:46:05.327+0000] {processor.py:183} INFO - Processing /opt/airflow/dags/crawl_crypto_prices.py took 0.052 seconds
[2026-03-22T16:46:35.587+0000] {processor.py:161} INFO - Started process (PID=7473) to work on /opt/airflow/dags/crawl_crypto_prices.py
[2026-03-22T16:46:35.588+0000] {processor.py:830} INFO - Processing file /opt/airflow/dags/crawl_crypto_prices.py for tasks to queue
[2026-03-22T16:46:35.589+0000] {logging_mixin.py:188} INFO - [2026-03-22T16:46:35.588+0000] {dagbag.py:538} INFO - Filling up the DagBag from /opt/airflow/dags/crawl_crypto_prices.py
[2026-03-22T16:46:35.599+0000] {processor.py:840} INFO - DAG(s) 'crawl_crypto_prices' retrieved from /opt/airflow/dags/crawl_crypto_prices.py
[2026-03-22T16:46:35.618+0000] {logging_mixin.py:188} INFO - [2026-03-22T16:46:35.617+0000] {dag.py:3036} INFO - Sync 1 DAGs
[2026-03-22T16:46:35.627+0000] {logging_mixin.py:188} INFO - [2026-03-22T16:46:35.627+0000] {dag.py:3823} INFO - Setting next_dagrun for crawl_crypto_prices to 2026-03-22 16:00:00+00:00, run_after=2026-03-22 17:00:00+00:00
[2026-03-22T16:46:35.633+0000] {processor.py:183} INFO - Processing /opt/airflow/dags/crawl_crypto_prices.py took 0.049 seconds
[2026-03-22T16:47:05.903+0000] {processor.py:161} INFO - Started process (PID=7478) to work on /opt/airflow/dags/crawl_crypto_prices.py
[2026-03-22T16:47:05.904+0000] {processor.py:830} INFO - Processing file /opt/airflow/dags/crawl_crypto_prices.py for tasks to queue
[2026-03-22T16:47:05.905+0000] {logging_mixin.py:188} INFO - [2026-03-22T16:47:05.905+0000] {dagbag.py:538} INFO - Filling up the DagBag from /opt/airflow/dags/crawl_crypto_prices.py
[2026-03-22T16:47:05.915+0000] {processor.py:840} INFO - DAG(s) 'crawl_crypto_prices' retrieved from /opt/airflow/dags/crawl_crypto_prices.py
[2026-03-22T16:47:05.933+0000] {logging_mixin.py:188} INFO - [2026-03-22T16:47:05.932+0000] {dag.py:3036} INFO - Sync 1 DAGs
[2026-03-22T16:47:05.943+0000] {logging_mixin.py:188} INFO - [2026-03-22T16:47:05.943+0000] {dag.py:3823} INFO - Setting next_dagrun for crawl_crypto_prices to 2026-03-22 16:00:00+00:00, run_after=2026-03-22 17:00:00+00:00
[2026-03-22T16:47:05.950+0000] {processor.py:183} INFO - Processing /opt/airflow/dags/crawl_crypto_prices.py took 0.049 seconds
[2026-03-22T16:47:36.242+0000] {processor.py:161} INFO - Started process (PID=7483) to work on /opt/airflow/dags/crawl_crypto_prices.py
[2026-03-22T16:47:36.243+0000] {processor.py:830} INFO - Processing file /opt/airflow/dags/crawl_crypto_prices.py for tasks to queue
[2026-03-22T16:47:36.244+0000] {logging_mixin.py:188} INFO - [2026-03-22T16:47:36.244+0000] {dagbag.py:538} INFO - Filling up the DagBag from /opt/airflow/dags/crawl_crypto_prices.py
[2026-03-22T16:47:36.257+0000] {processor.py:840} INFO - DAG(s) 'crawl_crypto_prices' retrieved from /opt/airflow/dags/crawl_crypto_prices.py
[2026-03-22T16:47:36.279+0000] {logging_mixin.py:188} INFO - [2026-03-22T16:47:36.279+0000] {dag.py:3036} INFO - Sync 1 DAGs
[2026-03-22T16:47:36.289+0000] {logging_mixin.py:188} INFO - [2026-03-22T16:47:36.289+0000] {dag.py:3823} INFO - Setting next_dagrun for crawl_crypto_prices to 2026-03-22 16:00:00+00:00, run_after=2026-03-22 17:00:00+00:00
[2026-03-22T16:47:36.296+0000] {processor.py:183} INFO - Processing /opt/airflow/dags/crawl_crypto_prices.py took 0.059 seconds
[2026-03-22T16:48:06.544+0000] {processor.py:161} INFO - Started process (PID=7488) to work on /opt/airflow/dags/crawl_crypto_prices.py
[2026-03-22T16:48:06.545+0000] {processor.py:830} INFO - Processing file /opt/airflow/dags/crawl_crypto_prices.py for tasks to queue
[2026-03-22T16:48:06.546+0000] {logging_mixin.py:188} INFO - [2026-03-22T16:48:06.545+0000] {dagbag.py:538} INFO - Filling up the DagBag from /opt/airflow/dags/crawl_crypto_prices.py
[2026-03-22T16:48:06.557+0000] {processor.py:840} INFO - DAG(s) 'crawl_crypto_prices' retrieved from /opt/airflow/dags/crawl_crypto_prices.py
[2026-03-22T16:48:06.576+0000] {logging_mixin.py:188} INFO - [2026-03-22T16:48:06.576+0000] {dag.py:3036} INFO - Sync 1 DAGs
[2026-03-22T16:48:06.588+0000] {logging_mixin.py:188} INFO - [2026-03-22T16:48:06.588+0000] {dag.py:3823} INFO - Setting next_dagrun for crawl_crypto_prices to 2026-03-22 16:00:00+00:00, run_after=2026-03-22 17:00:00+00:00
[2026-03-22T16:48:06.594+0000] {processor.py:183} INFO - Processing /opt/airflow/dags/crawl_crypto_prices.py took 0.054 seconds
[2026-03-22T16:48:36.834+0000] {processor.py:161} INFO - Started process (PID=7493) to work on /opt/airflow/dags/crawl_crypto_prices.py
[2026-03-22T16:48:36.835+0000] {processor.py:830} INFO - Processing file /opt/airflow/dags/crawl_crypto_prices.py for tasks to queue
[2026-03-22T16:48:36.836+0000] {logging_mixin.py:188} INFO - [2026-03-22T16:48:36.835+0000] {dagbag.py:538} INFO - Filling up the DagBag from /opt/airflow/dags/crawl_crypto_prices.py
[2026-03-22T16:48:36.847+0000] {processor.py:840} INFO - DAG(s) 'crawl_crypto_prices' retrieved from /opt/airflow/dags/crawl_crypto_prices.py
[2026-03-22T16:48:36.864+0000] {logging_mixin.py:188} INFO - [2026-03-22T16:48:36.864+0000] {dag.py:3036} INFO - Sync 1 DAGs
[2026-03-22T16:48:36.874+0000] {logging_mixin.py:188} INFO - [2026-03-22T16:48:36.874+0000] {dag.py:3823} INFO - Setting next_dagrun for crawl_crypto_prices to 2026-03-22 16:00:00+00:00, run_after=2026-03-22 17:00:00+00:00
[2026-03-22T16:48:36.881+0000] {processor.py:183} INFO - Processing /opt/airflow/dags/crawl_crypto_prices.py took 0.051 seconds
[2026-03-22T16:49:07.113+0000] {processor.py:161} INFO - Started process (PID=7498) to work on /opt/airflow/dags/crawl_crypto_prices.py
[2026-03-22T16:49:07.114+0000] {processor.py:830} INFO - Processing file /opt/airflow/dags/crawl_crypto_prices.py for tasks to queue
[2026-03-22T16:49:07.114+0000] {logging_mixin.py:188} INFO - [2026-03-22T16:49:07.114+0000] {dagbag.py:538} INFO - Filling up the DagBag from /opt/airflow/dags/crawl_crypto_prices.py
[2026-03-22T16:49:07.130+0000] {processor.py:840} INFO - DAG(s) 'crawl_crypto_prices' retrieved from /opt/airflow/dags/crawl_crypto_prices.py
[2026-03-22T16:49:07.154+0000] {logging_mixin.py:188} INFO - [2026-03-22T16:49:07.154+0000] {dag.py:3036} INFO - Sync 1 DAGs
[2026-03-22T16:49:07.166+0000] {logging_mixin.py:188} INFO - [2026-03-22T16:49:07.166+0000] {dag.py:3823} INFO - Setting next_dagrun for crawl_crypto_prices to 2026-03-22 16:00:00+00:00, run_after=2026-03-22 17:00:00+00:00
[2026-03-22T16:49:07.173+0000] {processor.py:183} INFO - Processing /opt/airflow/dags/crawl_crypto_prices.py took 0.064 seconds
[2026-03-22T16:49:37.343+0000] {processor.py:161} INFO - Started process (PID=7503) to work on /opt/airflow/dags/crawl_crypto_prices.py
[2026-03-22T16:49:37.344+0000] {processor.py:830} INFO - Processing file /opt/airflow/dags/crawl_crypto_prices.py for tasks to queue
[2026-03-22T16:49:37.344+0000] {logging_mixin.py:188} INFO - [2026-03-22T16:49:37.344+0000] {dagbag.py:538} INFO - Filling up the DagBag from /opt/airflow/dags/crawl_crypto_prices.py
[2026-03-22T16:49:37.355+0000] {processor.py:840} INFO - DAG(s) 'crawl_crypto_prices' retrieved from /opt/airflow/dags/crawl_crypto_prices.py
[2026-03-22T16:49:37.371+0000] {logging_mixin.py:188} INFO - [2026-03-22T16:49:37.371+0000] {dag.py:3036} INFO - Sync 1 DAGs
[2026-03-22T16:49:37.380+0000] {logging_mixin.py:188} INFO - [2026-03-22T16:49:37.380+0000] {dag.py:3823} INFO - Setting next_dagrun for crawl_crypto_prices to 2026-03-22 16:00:00+00:00, run_after=2026-03-22 17:00:00+00:00
[2026-03-22T16:49:37.386+0000] {processor.py:183} INFO - Processing /opt/airflow/dags/crawl_crypto_prices.py took 0.046 seconds
[2026-03-22T16:50:07.603+0000] {processor.py:161} INFO - Started process (PID=7508) to work on /opt/airflow/dags/crawl_crypto_prices.py
[2026-03-22T16:50:07.604+0000] {processor.py:830} INFO - Processing file /opt/airflow/dags/crawl_crypto_prices.py for tasks to queue
[2026-03-22T16:50:07.604+0000] {logging_mixin.py:188} INFO - [2026-03-22T16:50:07.604+0000] {dagbag.py:538} INFO - Filling up the DagBag from /opt/airflow/dags/crawl_crypto_prices.py
[2026-03-22T16:50:07.610+0000] {processor.py:840} INFO - DAG(s) 'crawl_crypto_prices' retrieved from /opt/airflow/dags/crawl_crypto_prices.py
[2026-03-22T16:50:07.621+0000] {logging_mixin.py:188} INFO - [2026-03-22T16:50:07.621+0000] {dag.py:3036} INFO - Sync 1 DAGs
[2026-03-22T16:50:07.631+0000] {logging_mixin.py:188} INFO - [2026-03-22T16:50:07.631+0000] {dag.py:3823} INFO - Setting next_dagrun for crawl_crypto_prices to 2026-03-22 16:00:00+00:00, run_after=2026-03-22 17:00:00+00:00
[2026-03-22T16:50:07.637+0000] {processor.py:183} INFO - Processing /opt/airflow/dags/crawl_crypto_prices.py took 0.036 seconds
[2026-03-22T16:50:37.887+0000] {processor.py:161} INFO - Started process (PID=7513) to work on /opt/airflow/dags/crawl_crypto_prices.py
[2026-03-22T16:50:37.888+0000] {processor.py:830} INFO - Processing file /opt/airflow/dags/crawl_crypto_prices.py for tasks to queue
[2026-03-22T16:50:37.889+0000] {logging_mixin.py:188} INFO - [2026-03-22T16:50:37.889+0000] {dagbag.py:538} INFO - Filling up the DagBag from /opt/airflow/dags/crawl_crypto_prices.py
[2026-03-22T16:50:37.899+0000] {processor.py:840} INFO - DAG(s) 'crawl_crypto_prices' retrieved from /opt/airflow/dags/crawl_crypto_prices.py
[2026-03-22T16:50:37.918+0000] {logging_mixin.py:188} INFO - [2026-03-22T16:50:37.917+0000] {dag.py:3036} INFO - Sync 1 DAGs
[2026-03-22T16:50:37.928+0000] {logging_mixin.py:188} INFO - [2026-03-22T16:50:37.928+0000] {dag.py:3823} INFO - Setting next_dagrun for crawl_crypto_prices to 2026-03-22 16:00:00+00:00, run_after=2026-03-22 17:00:00+00:00
[2026-03-22T16:50:37.935+0000] {processor.py:183} INFO - Processing /opt/airflow/dags/crawl_crypto_prices.py took 0.051 seconds
[2026-03-22T16:51:08.174+0000] {processor.py:161} INFO - Started process (PID=7518) to work on /opt/airflow/dags/crawl_crypto_prices.py
[2026-03-22T16:51:08.175+0000] {processor.py:830} INFO - Processing file /opt/airflow/dags/crawl_crypto_prices.py for tasks to queue
[2026-03-22T16:51:08.176+0000] {logging_mixin.py:188} INFO - [2026-03-22T16:51:08.175+0000] {dagbag.py:538} INFO - Filling up the DagBag from /opt/airflow/dags/crawl_crypto_prices.py
[2026-03-22T16:51:08.187+0000] {processor.py:840} INFO - DAG(s) 'crawl_crypto_prices' retrieved from /opt/airflow/dags/crawl_crypto_prices.py
[2026-03-22T16:51:08.206+0000] {logging_mixin.py:188} INFO - [2026-03-22T16:51:08.205+0000] {dag.py:3036} INFO - Sync 1 DAGs
[2026-03-22T16:51:08.215+0000] {logging_mixin.py:188} INFO - [2026-03-22T16:51:08.215+0000] {dag.py:3823} INFO - Setting next_dagrun for crawl_crypto_prices to 2026-03-22 16:00:00+00:00, run_after=2026-03-22 17:00:00+00:00
[2026-03-22T16:51:08.222+0000] {processor.py:183} INFO - Processing /opt/airflow/dags/crawl_crypto_prices.py took 0.051 seconds
[2026-03-22T16:51:38.469+0000] {processor.py:161} INFO - Started process (PID=7523) to work on /opt/airflow/dags/crawl_crypto_prices.py
[2026-03-22T16:51:38.470+0000] {processor.py:830} INFO - Processing file /opt/airflow/dags/crawl_crypto_prices.py for tasks to queue
[2026-03-22T16:51:38.470+0000] {logging_mixin.py:188} INFO - [2026-03-22T16:51:38.470+0000] {dagbag.py:538} INFO - Filling up the DagBag from /opt/airflow/dags/crawl_crypto_prices.py
[2026-03-22T16:51:38.482+0000] {processor.py:840} INFO - DAG(s) 'crawl_crypto_prices' retrieved from /opt/airflow/dags/crawl_crypto_prices.py
[2026-03-22T16:51:38.500+0000] {logging_mixin.py:188} INFO - [2026-03-22T16:51:38.499+0000] {dag.py:3036} INFO - Sync 1 DAGs
[2026-03-22T16:51:38.510+0000] {logging_mixin.py:188} INFO - [2026-03-22T16:51:38.510+0000] {dag.py:3823} INFO - Setting next_dagrun for crawl_crypto_prices to 2026-03-22 16:00:00+00:00, run_after=2026-03-22 17:00:00+00:00
[2026-03-22T16:51:38.518+0000] {processor.py:183} INFO - Processing /opt/airflow/dags/crawl_crypto_prices.py took 0.053 seconds
[2026-03-22T16:52:08.731+0000] {processor.py:161} INFO - Started process (PID=7528) to work on /opt/airflow/dags/crawl_crypto_prices.py
[2026-03-22T16:52:08.734+0000] {processor.py:830} INFO - Processing file /opt/airflow/dags/crawl_crypto_prices.py for tasks to queue
[2026-03-22T16:52:08.736+0000] {logging_mixin.py:188} INFO - [2026-03-22T16:52:08.736+0000] {dagbag.py:538} INFO - Filling up the DagBag from /opt/airflow/dags/crawl_crypto_prices.py
[2026-03-22T16:52:08.748+0000] {processor.py:840} INFO - DAG(s) 'crawl_crypto_prices' retrieved from /opt/airflow/dags/crawl_crypto_prices.py
[2026-03-22T16:52:08.769+0000] {logging_mixin.py:188} INFO - [2026-03-22T16:52:08.769+0000] {dag.py:3036} INFO - Sync 1 DAGs
[2026-03-22T16:52:08.779+0000] {logging_mixin.py:188} INFO - [2026-03-22T16:52:08.779+0000] {dag.py:3823} INFO - Setting next_dagrun for crawl_crypto_prices to 2026-03-22 16:00:00+00:00, run_after=2026-03-22 17:00:00+00:00
[2026-03-22T16:52:08.786+0000] {processor.py:183} INFO - Processing /opt/airflow/dags/crawl_crypto_prices.py took 0.059 seconds
[2026-03-22T16:52:39.026+0000] {processor.py:161} INFO - Started process (PID=7533) to work on /opt/airflow/dags/crawl_crypto_prices.py
[2026-03-22T16:52:39.027+0000] {processor.py:830} INFO - Processing file /opt/airflow/dags/crawl_crypto_prices.py for tasks to queue
[2026-03-22T16:52:39.028+0000] {logging_mixin.py:188} INFO - [2026-03-22T16:52:39.028+0000] {dagbag.py:538} INFO - Filling up the DagBag from /opt/airflow/dags/crawl_crypto_prices.py
[2026-03-22T16:52:39.037+0000] {processor.py:840} INFO - DAG(s) 'crawl_crypto_prices' retrieved from /opt/airflow/dags/crawl_crypto_prices.py
[2026-03-22T16:52:39.055+0000] {logging_mixin.py:188} INFO - [2026-03-22T16:52:39.055+0000] {dag.py:3036} INFO - Sync 1 DAGs
[2026-03-22T16:52:39.064+0000] {logging_mixin.py:188} INFO - [2026-03-22T16:52:39.063+0000] {dag.py:3823} INFO - Setting next_dagrun for crawl_crypto_prices to 2026-03-22 16:00:00+00:00, run_after=2026-03-22 17:00:00+00:00
[2026-03-22T16:52:39.069+0000] {processor.py:183} INFO - Processing /opt/airflow/dags/crawl_crypto_prices.py took 0.046 seconds
[2026-03-22T16:53:09.307+0000] {processor.py:161} INFO - Started process (PID=7538) to work on /opt/airflow/dags/crawl_crypto_prices.py
[2026-03-22T16:53:09.308+0000] {processor.py:830} INFO - Processing file /opt/airflow/dags/crawl_crypto_prices.py for tasks to queue
[2026-03-22T16:53:09.309+0000] {logging_mixin.py:188} INFO - [2026-03-22T16:53:09.308+0000] {dagbag.py:538} INFO - Filling up the DagBag from /opt/airflow/dags/crawl_crypto_prices.py
[2026-03-22T16:53:09.319+0000] {processor.py:840} INFO - DAG(s) 'crawl_crypto_prices' retrieved from /opt/airflow/dags/crawl_crypto_prices.py
[2026-03-22T16:53:09.340+0000] {logging_mixin.py:188} INFO - [2026-03-22T16:53:09.340+0000] {dag.py:3036} INFO - Sync 1 DAGs
[2026-03-22T16:53:09.350+0000] {logging_mixin.py:188} INFO - [2026-03-22T16:53:09.350+0000] {dag.py:3823} INFO - Setting next_dagrun for crawl_crypto_prices to 2026-03-22 16:00:00+00:00, run_after=2026-03-22 17:00:00+00:00
[2026-03-22T16:53:09.356+0000] {processor.py:183} INFO - Processing /opt/airflow/dags/crawl_crypto_prices.py took 0.052 seconds
[2026-03-22T16:53:39.630+0000] {processor.py:161} INFO - Started process (PID=7543) to work on /opt/airflow/dags/crawl_crypto_prices.py
[2026-03-22T16:53:39.631+0000] {processor.py:830} INFO - Processing file /opt/airflow/dags/crawl_crypto_prices.py for tasks to queue
[2026-03-22T16:53:39.631+0000] {logging_mixin.py:188} INFO - [2026-03-22T16:53:39.631+0000] {dagbag.py:538} INFO - Filling up the DagBag from /opt/airflow/dags/crawl_crypto_prices.py
[2026-03-22T16:53:39.642+0000] {processor.py:840} INFO - DAG(s) 'crawl_crypto_prices' retrieved from /opt/airflow/dags/crawl_crypto_prices.py
[2026-03-22T16:53:39.660+0000] {logging_mixin.py:188} INFO - [2026-03-22T16:53:39.660+0000] {dag.py:3036} INFO - Sync 1 DAGs
[2026-03-22T16:53:39.674+0000] {logging_mixin.py:188} INFO - [2026-03-22T16:53:39.673+0000] {dag.py:3823} INFO - Setting next_dagrun for crawl_crypto_prices to 2026-03-22 16:00:00+00:00, run_after=2026-03-22 17:00:00+00:00
[2026-03-22T16:53:39.680+0000] {processor.py:183} INFO - Processing /opt/airflow/dags/crawl_crypto_prices.py took 0.053 seconds
[2026-03-22T16:54:09.942+0000] {processor.py:161} INFO - Started process (PID=7548) to work on /opt/airflow/dags/crawl_crypto_prices.py
[2026-03-22T16:54:09.942+0000] {processor.py:830} INFO - Processing file /opt/airflow/dags/crawl_crypto_prices.py for tasks to queue
[2026-03-22T16:54:09.943+0000] {logging_mixin.py:188} INFO - [2026-03-22T16:54:09.943+0000] {dagbag.py:538} INFO - Filling up the DagBag from /opt/airflow/dags/crawl_crypto_prices.py
[2026-03-22T16:54:09.953+0000] {processor.py:840} INFO - DAG(s) 'crawl_crypto_prices' retrieved from /opt/airflow/dags/crawl_crypto_prices.py
[2026-03-22T16:54:09.973+0000] {logging_mixin.py:188} INFO - [2026-03-22T16:54:09.972+0000] {dag.py:3036} INFO - Sync 1 DAGs
[2026-03-22T16:54:09.984+0000] {logging_mixin.py:188} INFO - [2026-03-22T16:54:09.984+0000] {dag.py:3823} INFO - Setting next_dagrun for crawl_crypto_prices to 2026-03-22 16:00:00+00:00, run_after=2026-03-22 17:00:00+00:00
[2026-03-22T16:54:09.990+0000] {processor.py:183} INFO - Processing /opt/airflow/dags/crawl_crypto_prices.py took 0.052 seconds
[2026-03-22T16:54:40.237+0000] {processor.py:161} INFO - Started process (PID=7553) to work on /opt/airflow/dags/crawl_crypto_prices.py
[2026-03-22T16:54:40.238+0000] {processor.py:830} INFO - Processing file /opt/airflow/dags/crawl_crypto_prices.py for tasks to queue
[2026-03-22T16:54:40.239+0000] {logging_mixin.py:188} INFO - [2026-03-22T16:54:40.239+0000] {dagbag.py:538} INFO - Filling up the DagBag from /opt/airflow/dags/crawl_crypto_prices.py
[2026-03-22T16:54:40.247+0000] {processor.py:840} INFO - DAG(s) 'crawl_crypto_prices' retrieved from /opt/airflow/dags/crawl_crypto_prices.py
[2026-03-22T16:54:40.263+0000] {logging_mixin.py:188} INFO - [2026-03-22T16:54:40.262+0000] {dag.py:3036} INFO - Sync 1 DAGs
[2026-03-22T16:54:40.281+0000] {logging_mixin.py:188} INFO - [2026-03-22T16:54:40.281+0000] {dag.py:3823} INFO - Setting next_dagrun for crawl_crypto_prices to 2026-03-22 16:00:00+00:00, run_after=2026-03-22 17:00:00+00:00
[2026-03-22T16:54:40.288+0000] {processor.py:183} INFO - Processing /opt/airflow/dags/crawl_crypto_prices.py took 0.055 seconds
[2026-03-22T16:55:10.568+0000] {processor.py:161} INFO - Started process (PID=7558) to work on /opt/airflow/dags/crawl_crypto_prices.py
[2026-03-22T16:55:10.569+0000] {processor.py:830} INFO - Processing file /opt/airflow/dags/crawl_crypto_prices.py for tasks to queue
[2026-03-22T16:55:10.570+0000] {logging_mixin.py:188} INFO - [2026-03-22T16:55:10.570+0000] {dagbag.py:538} INFO - Filling up the DagBag from /opt/airflow/dags/crawl_crypto_prices.py
[2026-03-22T16:55:10.582+0000] {processor.py:840} INFO - DAG(s) 'crawl_crypto_prices' retrieved from /opt/airflow/dags/crawl_crypto_prices.py
[2026-03-22T16:55:10.598+0000] {logging_mixin.py:188} INFO - [2026-03-22T16:55:10.598+0000] {dag.py:3036} INFO - Sync 1 DAGs
[2026-03-22T16:55:10.608+0000] {logging_mixin.py:188} INFO - [2026-03-22T16:55:10.608+0000] {dag.py:3823} INFO - Setting next_dagrun for crawl_crypto_prices to 2026-03-22 16:00:00+00:00, run_after=2026-03-22 17:00:00+00:00
[2026-03-22T16:55:10.615+0000] {processor.py:183} INFO - Processing /opt/airflow/dags/crawl_crypto_prices.py took 0.051 seconds
[2026-03-22T16:55:40.868+0000] {processor.py:161} INFO - Started process (PID=7563) to work on /opt/airflow/dags/crawl_crypto_prices.py
[2026-03-22T16:55:40.869+0000] {processor.py:830} INFO - Processing file /opt/airflow/dags/crawl_crypto_prices.py for tasks to queue
[2026-03-22T16:55:40.870+0000] {logging_mixin.py:188} INFO - [2026-03-22T16:55:40.869+0000] {dagbag.py:538} INFO - Filling up the DagBag from /opt/airflow/dags/crawl_crypto_prices.py
[2026-03-22T16:55:40.879+0000] {processor.py:840} INFO - DAG(s) 'crawl_crypto_prices' retrieved from /opt/airflow/dags/crawl_crypto_prices.py
[2026-03-22T16:55:40.896+0000] {logging_mixin.py:188} INFO - [2026-03-22T16:55:40.896+0000] {dag.py:3036} INFO - Sync 1 DAGs
[2026-03-22T16:55:40.905+0000] {logging_mixin.py:188} INFO - [2026-03-22T16:55:40.905+0000] {dag.py:3823} INFO - Setting next_dagrun for crawl_crypto_prices to 2026-03-22 16:00:00+00:00, run_after=2026-03-22 17:00:00+00:00
[2026-03-22T16:55:40.911+0000] {processor.py:183} INFO - Processing /opt/airflow/dags/crawl_crypto_prices.py took 0.046 seconds
[2026-03-22T16:56:11.178+0000] {processor.py:161} INFO - Started process (PID=7568) to work on /opt/airflow/dags/crawl_crypto_prices.py
[2026-03-22T16:56:11.179+0000] {processor.py:830} INFO - Processing file /opt/airflow/dags/crawl_crypto_prices.py for tasks to queue
[2026-03-22T16:56:11.180+0000] {logging_mixin.py:188} INFO - [2026-03-22T16:56:11.179+0000] {dagbag.py:538} INFO - Filling up the DagBag from /opt/airflow/dags/crawl_crypto_prices.py
[2026-03-22T16:56:11.191+0000] {processor.py:840} INFO - DAG(s) 'crawl_crypto_prices' retrieved from /opt/airflow/dags/crawl_crypto_prices.py
[2026-03-22T16:56:11.211+0000] {logging_mixin.py:188} INFO - [2026-03-22T16:56:11.211+0000] {dag.py:3036} INFO - Sync 1 DAGs
[2026-03-22T16:56:11.222+0000] {logging_mixin.py:188} INFO - [2026-03-22T16:56:11.222+0000] {dag.py:3823} INFO - Setting next_dagrun for crawl_crypto_prices to 2026-03-22 16:00:00+00:00, run_after=2026-03-22 17:00:00+00:00
[2026-03-22T16:56:11.229+0000] {processor.py:183} INFO - Processing /opt/airflow/dags/crawl_crypto_prices.py took 0.055 seconds
[2026-03-22T16:56:41.515+0000] {processor.py:161} INFO - Started process (PID=7573) to work on /opt/airflow/dags/crawl_crypto_prices.py
[2026-03-22T16:56:41.516+0000] {processor.py:830} INFO - Processing file /opt/airflow/dags/crawl_crypto_prices.py for tasks to queue
[2026-03-22T16:56:41.517+0000] {logging_mixin.py:188} INFO - [2026-03-22T16:56:41.516+0000] {dagbag.py:538} INFO - Filling up the DagBag from /opt/airflow/dags/crawl_crypto_prices.py
[2026-03-22T16:56:41.527+0000] {processor.py:840} INFO - DAG(s) 'crawl_crypto_prices' retrieved from /opt/airflow/dags/crawl_crypto_prices.py
[2026-03-22T16:56:41.546+0000] {logging_mixin.py:188} INFO - [2026-03-22T16:56:41.546+0000] {dag.py:3036} INFO - Sync 1 DAGs
[2026-03-22T16:56:41.557+0000] {logging_mixin.py:188} INFO - [2026-03-22T16:56:41.557+0000] {dag.py:3823} INFO - Setting next_dagrun for crawl_crypto_prices to 2026-03-22 16:00:00+00:00, run_after=2026-03-22 17:00:00+00:00
[2026-03-22T16:56:41.563+0000] {processor.py:183} INFO - Processing /opt/airflow/dags/crawl_crypto_prices.py took 0.052 seconds
[2026-03-22T16:57:11.831+0000] {processor.py:161} INFO - Started process (PID=7578) to work on /opt/airflow/dags/crawl_crypto_prices.py
[2026-03-22T16:57:11.832+0000] {processor.py:830} INFO - Processing file /opt/airflow/dags/crawl_crypto_prices.py for tasks to queue
[2026-03-22T16:57:11.833+0000] {logging_mixin.py:188} INFO - [2026-03-22T16:57:11.833+0000] {dagbag.py:538} INFO - Filling up the DagBag from /opt/airflow/dags/crawl_crypto_prices.py
[2026-03-22T16:57:11.844+0000] {processor.py:840} INFO - DAG(s) 'crawl_crypto_prices' retrieved from /opt/airflow/dags/crawl_crypto_prices.py
[2026-03-22T16:57:11.864+0000] {logging_mixin.py:188} INFO - [2026-03-22T16:57:11.864+0000] {dag.py:3036} INFO - Sync 1 DAGs
[2026-03-22T16:57:11.874+0000] {logging_mixin.py:188} INFO - [2026-03-22T16:57:11.874+0000] {dag.py:3823} INFO - Setting next_dagrun for crawl_crypto_prices to 2026-03-22 16:00:00+00:00, run_after=2026-03-22 17:00:00+00:00
[2026-03-22T16:57:11.881+0000] {processor.py:183} INFO - Processing /opt/airflow/dags/crawl_crypto_prices.py took 0.053 seconds
[2026-03-22T16:57:42.115+0000] {processor.py:161} INFO - Started process (PID=7583) to work on /opt/airflow/dags/crawl_crypto_prices.py
[2026-03-22T16:57:42.116+0000] {processor.py:830} INFO - Processing file /opt/airflow/dags/crawl_crypto_prices.py for tasks to queue
[2026-03-22T16:57:42.117+0000] {logging_mixin.py:188} INFO - [2026-03-22T16:57:42.117+0000] {dagbag.py:538} INFO - Filling up the DagBag from /opt/airflow/dags/crawl_crypto_prices.py
[2026-03-22T16:57:42.129+0000] {processor.py:840} INFO - DAG(s) 'crawl_crypto_prices' retrieved from /opt/airflow/dags/crawl_crypto_prices.py
[2026-03-22T16:57:42.151+0000] {logging_mixin.py:188} INFO - [2026-03-22T16:57:42.151+0000] {dag.py:3036} INFO - Sync 1 DAGs
[2026-03-22T16:57:42.161+0000] {logging_mixin.py:188} INFO - [2026-03-22T16:57:42.161+0000] {dag.py:3823} INFO - Setting next_dagrun for crawl_crypto_prices to 2026-03-22 16:00:00+00:00, run_after=2026-03-22 17:00:00+00:00
[2026-03-22T16:57:42.168+0000] {processor.py:183} INFO - Processing /opt/airflow/dags/crawl_crypto_prices.py took 0.056 seconds
[2026-03-22T16:58:12.433+0000] {processor.py:161} INFO - Started process (PID=7588) to work on /opt/airflow/dags/crawl_crypto_prices.py
[2026-03-22T16:58:12.434+0000] {processor.py:830} INFO - Processing file /opt/airflow/dags/crawl_crypto_prices.py for tasks to queue
[2026-03-22T16:58:12.435+0000] {logging_mixin.py:188} INFO - [2026-03-22T16:58:12.435+0000] {dagbag.py:538} INFO - Filling up the DagBag from /opt/airflow/dags/crawl_crypto_prices.py
[2026-03-22T16:58:12.448+0000] {processor.py:840} INFO - DAG(s) 'crawl_crypto_prices' retrieved from /opt/airflow/dags/crawl_crypto_prices.py
[2026-03-22T16:58:12.468+0000] {logging_mixin.py:188} INFO - [2026-03-22T16:58:12.468+0000] {dag.py:3036} INFO - Sync 1 DAGs
[2026-03-22T16:58:12.478+0000] {logging_mixin.py:188} INFO - [2026-03-22T16:58:12.478+0000] {dag.py:3823} INFO - Setting next_dagrun for crawl_crypto_prices to 2026-03-22 16:00:00+00:00, run_after=2026-03-22 17:00:00+00:00
[2026-03-22T16:58:12.485+0000] {processor.py:183} INFO - Processing /opt/airflow/dags/crawl_crypto_prices.py took 0.057 seconds
[2026-03-22T16:58:42.735+0000] {processor.py:161} INFO - Started process (PID=7593) to work on /opt/airflow/dags/crawl_crypto_prices.py
[2026-03-22T16:58:42.736+0000] {processor.py:830} INFO - Processing file /opt/airflow/dags/crawl_crypto_prices.py for tasks to queue
[2026-03-22T16:58:42.737+0000] {logging_mixin.py:188} INFO - [2026-03-22T16:58:42.736+0000] {dagbag.py:538} INFO - Filling up the DagBag from /opt/airflow/dags/crawl_crypto_prices.py
[2026-03-22T16:58:42.747+0000] {processor.py:840} INFO - DAG(s) 'crawl_crypto_prices' retrieved from /opt/airflow/dags/crawl_crypto_prices.py
[2026-03-22T16:58:42.764+0000] {logging_mixin.py:188} INFO - [2026-03-22T16:58:42.764+0000] {dag.py:3036} INFO - Sync 1 DAGs
[2026-03-22T16:58:42.773+0000] {logging_mixin.py:188} INFO - [2026-03-22T16:58:42.773+0000] {dag.py:3823} INFO - Setting next_dagrun for crawl_crypto_prices to 2026-03-22 16:00:00+00:00, run_after=2026-03-22 17:00:00+00:00
[2026-03-22T16:58:42.779+0000] {processor.py:183} INFO - Processing /opt/airflow/dags/crawl_crypto_prices.py took 0.047 seconds
[2026-03-22T16:59:13.049+0000] {processor.py:161} INFO - Started process (PID=7598) to work on /opt/airflow/dags/crawl_crypto_prices.py
[2026-03-22T16:59:13.050+0000] {processor.py:830} INFO - Processing file /opt/airflow/dags/crawl_crypto_prices.py for tasks to queue
[2026-03-22T16:59:13.051+0000] {logging_mixin.py:188} INFO - [2026-03-22T16:59:13.051+0000] {dagbag.py:538} INFO - Filling up the DagBag from /opt/airflow/dags/crawl_crypto_prices.py
[2026-03-22T16:59:13.061+0000] {processor.py:840} INFO - DAG(s) 'crawl_crypto_prices' retrieved from /opt/airflow/dags/crawl_crypto_prices.py
[2026-03-22T16:59:13.081+0000] {logging_mixin.py:188} INFO - [2026-03-22T16:59:13.081+0000] {dag.py:3036} INFO - Sync 1 DAGs
[2026-03-22T16:59:13.093+0000] {logging_mixin.py:188} INFO - [2026-03-22T16:59:13.093+0000] {dag.py:3823} INFO - Setting next_dagrun for crawl_crypto_prices to 2026-03-22 16:00:00+00:00, run_after=2026-03-22 17:00:00+00:00
[2026-03-22T16:59:13.100+0000] {processor.py:183} INFO - Processing /opt/airflow/dags/crawl_crypto_prices.py took 0.055 seconds
[2026-03-22T16:59:43.381+0000] {processor.py:161} INFO - Started process (PID=7603) to work on /opt/airflow/dags/crawl_crypto_prices.py
[2026-03-22T16:59:43.382+0000] {processor.py:830} INFO - Processing file /opt/airflow/dags/crawl_crypto_prices.py for tasks to queue
[2026-03-22T16:59:43.383+0000] {logging_mixin.py:188} INFO - [2026-03-22T16:59:43.383+0000] {dagbag.py:538} INFO - Filling up the DagBag from /opt/airflow/dags/crawl_crypto_prices.py
[2026-03-22T16:59:43.393+0000] {processor.py:840} INFO - DAG(s) 'crawl_crypto_prices' retrieved from /opt/airflow/dags/crawl_crypto_prices.py
[2026-03-22T16:59:43.407+0000] {logging_mixin.py:188} INFO - [2026-03-22T16:59:43.407+0000] {dag.py:3036} INFO - Sync 1 DAGs
[2026-03-22T16:59:43.418+0000] {logging_mixin.py:188} INFO - [2026-03-22T16:59:43.418+0000] {dag.py:3823} INFO - Setting next_dagrun for crawl_crypto_prices to 2026-03-22 16:00:00+00:00, run_after=2026-03-22 17:00:00+00:00
[2026-03-22T16:59:43.424+0000] {processor.py:183} INFO - Processing /opt/airflow/dags/crawl_crypto_prices.py took 0.047 seconds
[2026-03-22T17:00:13.693+0000] {processor.py:161} INFO - Started process (PID=7610) to work on /opt/airflow/dags/crawl_crypto_prices.py
[2026-03-22T17:00:13.694+0000] {processor.py:830} INFO - Processing file /opt/airflow/dags/crawl_crypto_prices.py for tasks to queue
[2026-03-22T17:00:13.695+0000] {logging_mixin.py:188} INFO - [2026-03-22T17:00:13.694+0000] {dagbag.py:538} INFO - Filling up the DagBag from /opt/airflow/dags/crawl_crypto_prices.py
[2026-03-22T17:00:13.708+0000] {processor.py:840} INFO - DAG(s) 'crawl_crypto_prices' retrieved from /opt/airflow/dags/crawl_crypto_prices.py
[2026-03-22T17:00:13.725+0000] {logging_mixin.py:188} INFO - [2026-03-22T17:00:13.725+0000] {dag.py:3036} INFO - Sync 1 DAGs
[2026-03-22T17:00:13.736+0000] {logging_mixin.py:188} INFO - [2026-03-22T17:00:13.736+0000] {dag.py:3823} INFO - Setting next_dagrun for crawl_crypto_prices to 2026-03-22 17:00:00+00:00, run_after=2026-03-22 18:00:00+00:00
[2026-03-22T17:00:13.742+0000] {processor.py:183} INFO - Processing /opt/airflow/dags/crawl_crypto_prices.py took 0.052 seconds
[2026-03-22T17:00:43.975+0000] {processor.py:161} INFO - Started process (PID=7615) to work on /opt/airflow/dags/crawl_crypto_prices.py
[2026-03-22T17:00:43.976+0000] {processor.py:830} INFO - Processing file /opt/airflow/dags/crawl_crypto_prices.py for tasks to queue
[2026-03-22T17:00:43.976+0000] {logging_mixin.py:188} INFO - [2026-03-22T17:00:43.976+0000] {dagbag.py:538} INFO - Filling up the DagBag from /opt/airflow/dags/crawl_crypto_prices.py
[2026-03-22T17:00:43.987+0000] {processor.py:840} INFO - DAG(s) 'crawl_crypto_prices' retrieved from /opt/airflow/dags/crawl_crypto_prices.py
[2026-03-22T17:00:44.001+0000] {logging_mixin.py:188} INFO - [2026-03-22T17:00:44.001+0000] {dag.py:3036} INFO - Sync 1 DAGs
[2026-03-22T17:00:44.011+0000] {logging_mixin.py:188} INFO - [2026-03-22T17:00:44.011+0000] {dag.py:3823} INFO - Setting next_dagrun for crawl_crypto_prices to 2026-03-22 17:00:00+00:00, run_after=2026-03-22 18:00:00+00:00
[2026-03-22T17:00:44.017+0000] {processor.py:183} INFO - Processing /opt/airflow/dags/crawl_crypto_prices.py took 0.046 seconds
[2026-03-22T17:01:14.233+0000] {processor.py:161} INFO - Started process (PID=7620) to work on /opt/airflow/dags/crawl_crypto_prices.py
[2026-03-22T17:01:14.234+0000] {processor.py:830} INFO - Processing file /opt/airflow/dags/crawl_crypto_prices.py for tasks to queue
[2026-03-22T17:01:14.234+0000] {logging_mixin.py:188} INFO - [2026-03-22T17:01:14.234+0000] {dagbag.py:538} INFO - Filling up the DagBag from /opt/airflow/dags/crawl_crypto_prices.py
[2026-03-22T17:01:14.241+0000] {processor.py:840} INFO - DAG(s) 'crawl_crypto_prices' retrieved from /opt/airflow/dags/crawl_crypto_prices.py
[2026-03-22T17:01:14.255+0000] {logging_mixin.py:188} INFO - [2026-03-22T17:01:14.255+0000] {dag.py:3036} INFO - Sync 1 DAGs
[2026-03-22T17:01:14.265+0000] {logging_mixin.py:188} INFO - [2026-03-22T17:01:14.265+0000] {dag.py:3823} INFO - Setting next_dagrun for crawl_crypto_prices to 2026-03-22 17:00:00+00:00, run_after=2026-03-22 18:00:00+00:00
[2026-03-22T17:01:14.271+0000] {processor.py:183} INFO - Processing /opt/airflow/dags/crawl_crypto_prices.py took 0.040 seconds
[2026-03-22T17:01:44.524+0000] {processor.py:161} INFO - Started process (PID=7625) to work on /opt/airflow/dags/crawl_crypto_prices.py
[2026-03-22T17:01:44.525+0000] {processor.py:830} INFO - Processing file /opt/airflow/dags/crawl_crypto_prices.py for tasks to queue
[2026-03-22T17:01:44.526+0000] {logging_mixin.py:188} INFO - [2026-03-22T17:01:44.526+0000] {dagbag.py:538} INFO - Filling up the DagBag from /opt/airflow/dags/crawl_crypto_prices.py
[2026-03-22T17:01:44.537+0000] {processor.py:840} INFO - DAG(s) 'crawl_crypto_prices' retrieved from /opt/airflow/dags/crawl_crypto_prices.py
[2026-03-22T17:01:44.557+0000] {logging_mixin.py:188} INFO - [2026-03-22T17:01:44.557+0000] {dag.py:3036} INFO - Sync 1 DAGs
[2026-03-22T17:01:44.568+0000] {logging_mixin.py:188} INFO - [2026-03-22T17:01:44.568+0000] {dag.py:3823} INFO - Setting next_dagrun for crawl_crypto_prices to 2026-03-22 17:00:00+00:00, run_after=2026-03-22 18:00:00+00:00
[2026-03-22T17:01:44.575+0000] {processor.py:183} INFO - Processing /opt/airflow/dags/crawl_crypto_prices.py took 0.055 seconds
[2026-03-22T17:02:14.805+0000] {processor.py:161} INFO - Started process (PID=7630) to work on /opt/airflow/dags/crawl_crypto_prices.py
[2026-03-22T17:02:14.806+0000] {processor.py:830} INFO - Processing file /opt/airflow/dags/crawl_crypto_prices.py for tasks to queue
[2026-03-22T17:02:14.807+0000] {logging_mixin.py:188} INFO - [2026-03-22T17:02:14.807+0000] {dagbag.py:538} INFO - Filling up the DagBag from /opt/airflow/dags/crawl_crypto_prices.py
[2026-03-22T17:02:14.819+0000] {processor.py:840} INFO - DAG(s) 'crawl_crypto_prices' retrieved from /opt/airflow/dags/crawl_crypto_prices.py
[2026-03-22T17:02:14.835+0000] {logging_mixin.py:188} INFO - [2026-03-22T17:02:14.835+0000] {dag.py:3036} INFO - Sync 1 DAGs
[2026-03-22T17:02:14.845+0000] {logging_mixin.py:188} INFO - [2026-03-22T17:02:14.845+0000] {dag.py:3823} INFO - Setting next_dagrun for crawl_crypto_prices to 2026-03-22 17:00:00+00:00, run_after=2026-03-22 18:00:00+00:00
[2026-03-22T17:02:14.853+0000] {processor.py:183} INFO - Processing /opt/airflow/dags/crawl_crypto_prices.py took 0.052 seconds
[2026-03-22T17:02:45.098+0000] {processor.py:161} INFO - Started process (PID=7635) to work on /opt/airflow/dags/crawl_crypto_prices.py
[2026-03-22T17:02:45.099+0000] {processor.py:830} INFO - Processing file /opt/airflow/dags/crawl_crypto_prices.py for tasks to queue
[2026-03-22T17:02:45.099+0000] {logging_mixin.py:188} INFO - [2026-03-22T17:02:45.099+0000] {dagbag.py:538} INFO - Filling up the DagBag from /opt/airflow/dags/crawl_crypto_prices.py
[2026-03-22T17:02:45.109+0000] {processor.py:840} INFO - DAG(s) 'crawl_crypto_prices' retrieved from /opt/airflow/dags/crawl_crypto_prices.py
[2026-03-22T17:02:45.123+0000] {logging_mixin.py:188} INFO - [2026-03-22T17:02:45.123+0000] {dag.py:3036} INFO - Sync 1 DAGs
[2026-03-22T17:02:45.135+0000] {logging_mixin.py:188} INFO - [2026-03-22T17:02:45.135+0000] {dag.py:3823} INFO - Setting next_dagrun for crawl_crypto_prices to 2026-03-22 17:00:00+00:00, run_after=2026-03-22 18:00:00+00:00
[2026-03-22T17:02:45.142+0000] {processor.py:183} INFO - Processing /opt/airflow/dags/crawl_crypto_prices.py took 0.047 seconds
[2026-03-22T17:03:15.367+0000] {processor.py:161} INFO - Started process (PID=7640) to work on /opt/airflow/dags/crawl_crypto_prices.py
[2026-03-22T17:03:15.367+0000] {processor.py:830} INFO - Processing file /opt/airflow/dags/crawl_crypto_prices.py for tasks to queue
[2026-03-22T17:03:15.368+0000] {logging_mixin.py:188} INFO - [2026-03-22T17:03:15.368+0000] {dagbag.py:538} INFO - Filling up the DagBag from /opt/airflow/dags/crawl_crypto_prices.py
[2026-03-22T17:03:15.377+0000] {processor.py:840} INFO - DAG(s) 'crawl_crypto_prices' retrieved from /opt/airflow/dags/crawl_crypto_prices.py
[2026-03-22T17:03:15.392+0000] {logging_mixin.py:188} INFO - [2026-03-22T17:03:15.391+0000] {dag.py:3036} INFO - Sync 1 DAGs
[2026-03-22T17:03:15.401+0000] {logging_mixin.py:188} INFO - [2026-03-22T17:03:15.401+0000] {dag.py:3823} INFO - Setting next_dagrun for crawl_crypto_prices to 2026-03-22 17:00:00+00:00, run_after=2026-03-22 18:00:00+00:00
[2026-03-22T17:03:15.407+0000] {processor.py:183} INFO - Processing /opt/airflow/dags/crawl_crypto_prices.py took 0.043 seconds
[2026-03-22T17:03:45.652+0000] {processor.py:161} INFO - Started process (PID=7645) to work on /opt/airflow/dags/crawl_crypto_prices.py
[2026-03-22T17:03:45.653+0000] {processor.py:830} INFO - Processing file /opt/airflow/dags/crawl_crypto_prices.py for tasks to queue
[2026-03-22T17:03:45.653+0000] {logging_mixin.py:188} INFO - [2026-03-22T17:03:45.653+0000] {dagbag.py:538} INFO - Filling up the DagBag from /opt/airflow/dags/crawl_crypto_prices.py
[2026-03-22T17:03:45.662+0000] {processor.py:840} INFO - DAG(s) 'crawl_crypto_prices' retrieved from /opt/airflow/dags/crawl_crypto_prices.py
[2026-03-22T17:03:45.678+0000] {logging_mixin.py:188} INFO - [2026-03-22T17:03:45.678+0000] {dag.py:3036} INFO - Sync 1 DAGs
[2026-03-22T17:03:45.689+0000] {logging_mixin.py:188} INFO - [2026-03-22T17:03:45.689+0000] {dag.py:3823} INFO - Setting next_dagrun for crawl_crypto_prices to 2026-03-22 17:00:00+00:00, run_after=2026-03-22 18:00:00+00:00
[2026-03-22T17:03:45.696+0000] {processor.py:183} INFO - Processing /opt/airflow/dags/crawl_crypto_prices.py took 0.046 seconds
[2026-03-22T17:04:15.936+0000] {processor.py:161} INFO - Started process (PID=7650) to work on /opt/airflow/dags/crawl_crypto_prices.py
[2026-03-22T17:04:15.937+0000] {processor.py:830} INFO - Processing file /opt/airflow/dags/crawl_crypto_prices.py for tasks to queue
[2026-03-22T17:04:15.938+0000] {logging_mixin.py:188} INFO - [2026-03-22T17:04:15.938+0000] {dagbag.py:538} INFO - Filling up the DagBag from /opt/airflow/dags/crawl_crypto_prices.py
[2026-03-22T17:04:15.950+0000] {processor.py:840} INFO - DAG(s) 'crawl_crypto_prices' retrieved from /opt/airflow/dags/crawl_crypto_prices.py
[2026-03-22T17:04:15.973+0000] {logging_mixin.py:188} INFO - [2026-03-22T17:04:15.973+0000] {dag.py:3036} INFO - Sync 1 DAGs
[2026-03-22T17:04:15.986+0000] {logging_mixin.py:188} INFO - [2026-03-22T17:04:15.986+0000] {dag.py:3823} INFO - Setting next_dagrun for crawl_crypto_prices to 2026-03-22 17:00:00+00:00, run_after=2026-03-22 18:00:00+00:00
[2026-03-22T17:04:15.993+0000] {processor.py:183} INFO - Processing /opt/airflow/dags/crawl_crypto_prices.py took 0.060 seconds
[2026-03-22T17:04:46.261+0000] {processor.py:161} INFO - Started process (PID=7655) to work on /opt/airflow/dags/crawl_crypto_prices.py
[2026-03-22T17:04:46.262+0000] {processor.py:830} INFO - Processing file /opt/airflow/dags/crawl_crypto_prices.py for tasks to queue
[2026-03-22T17:04:46.263+0000] {logging_mixin.py:188} INFO - [2026-03-22T17:04:46.263+0000] {dagbag.py:538} INFO - Filling up the DagBag from /opt/airflow/dags/crawl_crypto_prices.py
[2026-03-22T17:04:46.273+0000] {processor.py:840} INFO - DAG(s) 'crawl_crypto_prices' retrieved from /opt/airflow/dags/crawl_crypto_prices.py
[2026-03-22T17:04:46.292+0000] {logging_mixin.py:188} INFO - [2026-03-22T17:04:46.292+0000] {dag.py:3036} INFO - Sync 1 DAGs
[2026-03-22T17:04:46.302+0000] {logging_mixin.py:188} INFO - [2026-03-22T17:04:46.302+0000] {dag.py:3823} INFO - Setting next_dagrun for crawl_crypto_prices to 2026-03-22 17:00:00+00:00, run_after=2026-03-22 18:00:00+00:00
[2026-03-22T17:04:46.308+0000] {processor.py:183} INFO - Processing /opt/airflow/dags/crawl_crypto_prices.py took 0.050 seconds
[2026-03-22T17:05:16.579+0000] {processor.py:161} INFO - Started process (PID=7660) to work on /opt/airflow/dags/crawl_crypto_prices.py
[2026-03-22T17:05:16.580+0000] {processor.py:830} INFO - Processing file /opt/airflow/dags/crawl_crypto_prices.py for tasks to queue
[2026-03-22T17:05:16.581+0000] {logging_mixin.py:188} INFO - [2026-03-22T17:05:16.580+0000] {dagbag.py:538} INFO - Filling up the DagBag from /opt/airflow/dags/crawl_crypto_prices.py
[2026-03-22T17:05:16.591+0000] {processor.py:840} INFO - DAG(s) 'crawl_crypto_prices' retrieved from /opt/airflow/dags/crawl_crypto_prices.py
[2026-03-22T17:05:16.612+0000] {logging_mixin.py:188} INFO - [2026-03-22T17:05:16.612+0000] {dag.py:3036} INFO - Sync 1 DAGs
[2026-03-22T17:05:16.624+0000] {logging_mixin.py:188} INFO - [2026-03-22T17:05:16.624+0000] {dag.py:3823} INFO - Setting next_dagrun for crawl_crypto_prices to 2026-03-22 17:00:00+00:00, run_after=2026-03-22 18:00:00+00:00
[2026-03-22T17:05:16.630+0000] {processor.py:183} INFO - Processing /opt/airflow/dags/crawl_crypto_prices.py took 0.054 seconds
[2026-03-22T17:05:46.914+0000] {processor.py:161} INFO - Started process (PID=7665) to work on /opt/airflow/dags/crawl_crypto_prices.py
[2026-03-22T17:05:46.915+0000] {processor.py:830} INFO - Processing file /opt/airflow/dags/crawl_crypto_prices.py for tasks to queue
[2026-03-22T17:05:46.915+0000] {logging_mixin.py:188} INFO - [2026-03-22T17:05:46.915+0000] {dagbag.py:538} INFO - Filling up the DagBag from /opt/airflow/dags/crawl_crypto_prices.py
[2026-03-22T17:05:46.926+0000] {processor.py:840} INFO - DAG(s) 'crawl_crypto_prices' retrieved from /opt/airflow/dags/crawl_crypto_prices.py
[2026-03-22T17:05:46.947+0000] {logging_mixin.py:188} INFO - [2026-03-22T17:05:46.947+0000] {dag.py:3036} INFO - Sync 1 DAGs
[2026-03-22T17:05:46.958+0000] {logging_mixin.py:188} INFO - [2026-03-22T17:05:46.958+0000] {dag.py:3823} INFO - Setting next_dagrun for crawl_crypto_prices to 2026-03-22 17:00:00+00:00, run_after=2026-03-22 18:00:00+00:00
[2026-03-22T17:05:46.965+0000] {processor.py:183} INFO - Processing /opt/airflow/dags/crawl_crypto_prices.py took 0.054 seconds
[2026-03-22T17:06:17.221+0000] {processor.py:161} INFO - Started process (PID=7670) to work on /opt/airflow/dags/crawl_crypto_prices.py
[2026-03-22T17:06:17.221+0000] {processor.py:830} INFO - Processing file /opt/airflow/dags/crawl_crypto_prices.py for tasks to queue
[2026-03-22T17:06:17.222+0000] {logging_mixin.py:188} INFO - [2026-03-22T17:06:17.222+0000] {dagbag.py:538} INFO - Filling up the DagBag from /opt/airflow/dags/crawl_crypto_prices.py
[2026-03-22T17:06:17.234+0000] {processor.py:840} INFO - DAG(s) 'crawl_crypto_prices' retrieved from /opt/airflow/dags/crawl_crypto_prices.py
[2026-03-22T17:06:17.255+0000] {logging_mixin.py:188} INFO - [2026-03-22T17:06:17.255+0000] {dag.py:3036} INFO - Sync 1 DAGs
[2026-03-22T17:06:17.266+0000] {logging_mixin.py:188} INFO - [2026-03-22T17:06:17.265+0000] {dag.py:3823} INFO - Setting next_dagrun for crawl_crypto_prices to 2026-03-22 17:00:00+00:00, run_after=2026-03-22 18:00:00+00:00
[2026-03-22T17:06:17.272+0000] {processor.py:183} INFO - Processing /opt/airflow/dags/crawl_crypto_prices.py took 0.055 seconds
[2026-03-22T17:06:47.510+0000] {processor.py:161} INFO - Started process (PID=7675) to work on /opt/airflow/dags/crawl_crypto_prices.py
[2026-03-22T17:06:47.510+0000] {processor.py:830} INFO - Processing file /opt/airflow/dags/crawl_crypto_prices.py for tasks to queue
[2026-03-22T17:06:47.511+0000] {logging_mixin.py:188} INFO - [2026-03-22T17:06:47.511+0000] {dagbag.py:538} INFO - Filling up the DagBag from /opt/airflow/dags/crawl_crypto_prices.py
[2026-03-22T17:06:47.517+0000] {processor.py:840} INFO - DAG(s) 'crawl_crypto_prices' retrieved from /opt/airflow/dags/crawl_crypto_prices.py
[2026-03-22T17:06:47.529+0000] {logging_mixin.py:188} INFO - [2026-03-22T17:06:47.529+0000] {dag.py:3036} INFO - Sync 1 DAGs
[2026-03-22T17:06:47.537+0000] {logging_mixin.py:188} INFO - [2026-03-22T17:06:47.537+0000] {dag.py:3823} INFO - Setting next_dagrun for crawl_crypto_prices to 2026-03-22 17:00:00+00:00, run_after=2026-03-22 18:00:00+00:00
[2026-03-22T17:06:47.544+0000] {processor.py:183} INFO - Processing /opt/airflow/dags/crawl_crypto_prices.py took 0.036 seconds
[2026-03-22T17:07:17.804+0000] {processor.py:161} INFO - Started process (PID=7680) to work on /opt/airflow/dags/crawl_crypto_prices.py
[2026-03-22T17:07:17.805+0000] {processor.py:830} INFO - Processing file /opt/airflow/dags/crawl_crypto_prices.py for tasks to queue
[2026-03-22T17:07:17.806+0000] {logging_mixin.py:188} INFO - [2026-03-22T17:07:17.806+0000] {dagbag.py:538} INFO - Filling up the DagBag from /opt/airflow/dags/crawl_crypto_prices.py
[2026-03-22T17:07:17.817+0000] {processor.py:840} INFO - DAG(s) 'crawl_crypto_prices' retrieved from /opt/airflow/dags/crawl_crypto_prices.py
[2026-03-22T17:07:17.836+0000] {logging_mixin.py:188} INFO - [2026-03-22T17:07:17.836+0000] {dag.py:3036} INFO - Sync 1 DAGs
[2026-03-22T17:07:17.846+0000] {logging_mixin.py:188} INFO - [2026-03-22T17:07:17.846+0000] {dag.py:3823} INFO - Setting next_dagrun for crawl_crypto_prices to 2026-03-22 17:00:00+00:00, run_after=2026-03-22 18:00:00+00:00
[2026-03-22T17:07:17.852+0000] {processor.py:183} INFO - Processing /opt/airflow/dags/crawl_crypto_prices.py took 0.051 seconds
[2026-03-22T17:07:48.103+0000] {processor.py:161} INFO - Started process (PID=7685) to work on /opt/airflow/dags/crawl_crypto_prices.py
[2026-03-22T17:07:48.104+0000] {processor.py:830} INFO - Processing file /opt/airflow/dags/crawl_crypto_prices.py for tasks to queue
[2026-03-22T17:07:48.104+0000] {logging_mixin.py:188} INFO - [2026-03-22T17:07:48.104+0000] {dagbag.py:538} INFO - Filling up the DagBag from /opt/airflow/dags/crawl_crypto_prices.py
[2026-03-22T17:07:48.115+0000] {processor.py:840} INFO - DAG(s) 'crawl_crypto_prices' retrieved from /opt/airflow/dags/crawl_crypto_prices.py
[2026-03-22T17:07:48.134+0000] {logging_mixin.py:188} INFO - [2026-03-22T17:07:48.134+0000] {dag.py:3036} INFO - Sync 1 DAGs
[2026-03-22T17:07:48.144+0000] {logging_mixin.py:188} INFO - [2026-03-22T17:07:48.144+0000] {dag.py:3823} INFO - Setting next_dagrun for crawl_crypto_prices to 2026-03-22 17:00:00+00:00, run_after=2026-03-22 18:00:00+00:00
[2026-03-22T17:07:48.151+0000] {processor.py:183} INFO - Processing /opt/airflow/dags/crawl_crypto_prices.py took 0.052 seconds
[2026-03-22T17:08:18.378+0000] {processor.py:161} INFO - Started process (PID=7690) to work on /opt/airflow/dags/crawl_crypto_prices.py
[2026-03-22T17:08:18.379+0000] {processor.py:830} INFO - Processing file /opt/airflow/dags/crawl_crypto_prices.py for tasks to queue
[2026-03-22T17:08:18.380+0000] {logging_mixin.py:188} INFO - [2026-03-22T17:08:18.380+0000] {dagbag.py:538} INFO - Filling up the DagBag from /opt/airflow/dags/crawl_crypto_prices.py
[2026-03-22T17:08:18.390+0000] {processor.py:840} INFO - DAG(s) 'crawl_crypto_prices' retrieved from /opt/airflow/dags/crawl_crypto_prices.py
[2026-03-22T17:08:18.408+0000] {logging_mixin.py:188} INFO - [2026-03-22T17:08:18.408+0000] {dag.py:3036} INFO - Sync 1 DAGs
[2026-03-22T17:08:18.422+0000] {logging_mixin.py:188} INFO - [2026-03-22T17:08:18.422+0000] {dag.py:3823} INFO - Setting next_dagrun for crawl_crypto_prices to 2026-03-22 17:00:00+00:00, run_after=2026-03-22 18:00:00+00:00
[2026-03-22T17:08:18.429+0000] {processor.py:183} INFO - Processing /opt/airflow/dags/crawl_crypto_prices.py took 0.053 seconds
[2026-03-22T17:08:48.650+0000] {processor.py:161} INFO - Started process (PID=7695) to work on /opt/airflow/dags/crawl_crypto_prices.py
[2026-03-22T17:08:48.651+0000] {processor.py:830} INFO - Processing file /opt/airflow/dags/crawl_crypto_prices.py for tasks to queue
[2026-03-22T17:08:48.652+0000] {logging_mixin.py:188} INFO - [2026-03-22T17:08:48.651+0000] {dagbag.py:538} INFO - Filling up the DagBag from /opt/airflow/dags/crawl_crypto_prices.py
[2026-03-22T17:08:48.662+0000] {processor.py:840} INFO - DAG(s) 'crawl_crypto_prices' retrieved from /opt/airflow/dags/crawl_crypto_prices.py
[2026-03-22T17:08:48.682+0000] {logging_mixin.py:188} INFO - [2026-03-22T17:08:48.682+0000] {dag.py:3036} INFO - Sync 1 DAGs
[2026-03-22T17:08:48.694+0000] {logging_mixin.py:188} INFO - [2026-03-22T17:08:48.694+0000] {dag.py:3823} INFO - Setting next_dagrun for crawl_crypto_prices to 2026-03-22 17:00:00+00:00, run_after=2026-03-22 18:00:00+00:00
[2026-03-22T17:08:48.701+0000] {processor.py:183} INFO - Processing /opt/airflow/dags/crawl_crypto_prices.py took 0.054 seconds
[2026-03-22T17:09:18.971+0000] {processor.py:161} INFO - Started process (PID=7700) to work on /opt/airflow/dags/crawl_crypto_prices.py
[2026-03-22T17:09:18.972+0000] {processor.py:830} INFO - Processing file /opt/airflow/dags/crawl_crypto_prices.py for tasks to queue
[2026-03-22T17:09:18.972+0000] {logging_mixin.py:188} INFO - [2026-03-22T17:09:18.972+0000] {dagbag.py:538} INFO - Filling up the DagBag from /opt/airflow/dags/crawl_crypto_prices.py
[2026-03-22T17:09:18.980+0000] {processor.py:840} INFO - DAG(s) 'crawl_crypto_prices' retrieved from /opt/airflow/dags/crawl_crypto_prices.py
[2026-03-22T17:09:18.995+0000] {logging_mixin.py:188} INFO - [2026-03-22T17:09:18.995+0000] {dag.py:3036} INFO - Sync 1 DAGs
[2026-03-22T17:09:19.005+0000] {logging_mixin.py:188} INFO - [2026-03-22T17:09:19.005+0000] {dag.py:3823} INFO - Setting next_dagrun for crawl_crypto_prices to 2026-03-22 17:00:00+00:00, run_after=2026-03-22 18:00:00+00:00
[2026-03-22T17:09:19.011+0000] {processor.py:183} INFO - Processing /opt/airflow/dags/crawl_crypto_prices.py took 0.042 seconds
[2026-03-22T17:09:49.242+0000] {processor.py:161} INFO - Started process (PID=7705) to work on /opt/airflow/dags/crawl_crypto_prices.py
[2026-03-22T17:09:49.243+0000] {processor.py:830} INFO - Processing file /opt/airflow/dags/crawl_crypto_prices.py for tasks to queue
[2026-03-22T17:09:49.244+0000] {logging_mixin.py:188} INFO - [2026-03-22T17:09:49.244+0000] {dagbag.py:538} INFO - Filling up the DagBag from /opt/airflow/dags/crawl_crypto_prices.py
[2026-03-22T17:09:49.255+0000] {processor.py:840} INFO - DAG(s) 'crawl_crypto_prices' retrieved from /opt/airflow/dags/crawl_crypto_prices.py
[2026-03-22T17:09:49.276+0000] {logging_mixin.py:188} INFO - [2026-03-22T17:09:49.276+0000] {dag.py:3036} INFO - Sync 1 DAGs
[2026-03-22T17:09:49.285+0000] {logging_mixin.py:188} INFO - [2026-03-22T17:09:49.285+0000] {dag.py:3823} INFO - Setting next_dagrun for crawl_crypto_prices to 2026-03-22 17:00:00+00:00, run_after=2026-03-22 18:00:00+00:00
[2026-03-22T17:09:49.291+0000] {processor.py:183} INFO - Processing /opt/airflow/dags/crawl_crypto_prices.py took 0.053 seconds
[2026-03-22T17:10:19.545+0000] {processor.py:161} INFO - Started process (PID=7710) to work on /opt/airflow/dags/crawl_crypto_prices.py
[2026-03-22T17:10:19.546+0000] {processor.py:830} INFO - Processing file /opt/airflow/dags/crawl_crypto_prices.py for tasks to queue
[2026-03-22T17:10:19.548+0000] {logging_mixin.py:188} INFO - [2026-03-22T17:10:19.547+0000] {dagbag.py:538} INFO - Filling up the DagBag from /opt/airflow/dags/crawl_crypto_prices.py
[2026-03-22T17:10:19.559+0000] {processor.py:840} INFO - DAG(s) 'crawl_crypto_prices' retrieved from /opt/airflow/dags/crawl_crypto_prices.py
[2026-03-22T17:10:19.577+0000] {logging_mixin.py:188} INFO - [2026-03-22T17:10:19.577+0000] {dag.py:3036} INFO - Sync 1 DAGs
[2026-03-22T17:10:19.586+0000] {logging_mixin.py:188} INFO - [2026-03-22T17:10:19.586+0000] {dag.py:3823} INFO - Setting next_dagrun for crawl_crypto_prices to 2026-03-22 17:00:00+00:00, run_after=2026-03-22 18:00:00+00:00
[2026-03-22T17:10:19.593+0000] {processor.py:183} INFO - Processing /opt/airflow/dags/crawl_crypto_prices.py took 0.053 seconds
[2026-03-22T17:10:49.866+0000] {processor.py:161} INFO - Started process (PID=7715) to work on /opt/airflow/dags/crawl_crypto_prices.py
[2026-03-22T17:10:49.869+0000] {processor.py:830} INFO - Processing file /opt/airflow/dags/crawl_crypto_prices.py for tasks to queue
[2026-03-22T17:10:49.869+0000] {logging_mixin.py:188} INFO - [2026-03-22T17:10:49.869+0000] {dagbag.py:538} INFO - Filling up the DagBag from /opt/airflow/dags/crawl_crypto_prices.py
[2026-03-22T17:10:49.880+0000] {processor.py:840} INFO - DAG(s) 'crawl_crypto_prices' retrieved from /opt/airflow/dags/crawl_crypto_prices.py
[2026-03-22T17:10:49.903+0000] {logging_mixin.py:188} INFO - [2026-03-22T17:10:49.903+0000] {dag.py:3036} INFO - Sync 1 DAGs
[2026-03-22T17:10:49.915+0000] {logging_mixin.py:188} INFO - [2026-03-22T17:10:49.915+0000] {dag.py:3823} INFO - Setting next_dagrun for crawl_crypto_prices to 2026-03-22 17:00:00+00:00, run_after=2026-03-22 18:00:00+00:00
[2026-03-22T17:10:49.922+0000] {processor.py:183} INFO - Processing /opt/airflow/dags/crawl_crypto_prices.py took 0.059 seconds
[2026-03-22T17:11:20.177+0000] {processor.py:161} INFO - Started process (PID=7720) to work on /opt/airflow/dags/crawl_crypto_prices.py
[2026-03-22T17:11:20.178+0000] {processor.py:830} INFO - Processing file /opt/airflow/dags/crawl_crypto_prices.py for tasks to queue
[2026-03-22T17:11:20.179+0000] {logging_mixin.py:188} INFO - [2026-03-22T17:11:20.178+0000] {dagbag.py:538} INFO - Filling up the DagBag from /opt/airflow/dags/crawl_crypto_prices.py
[2026-03-22T17:11:20.191+0000] {processor.py:840} INFO - DAG(s) 'crawl_crypto_prices' retrieved from /opt/airflow/dags/crawl_crypto_prices.py
[2026-03-22T17:11:20.207+0000] {logging_mixin.py:188} INFO - [2026-03-22T17:11:20.207+0000] {dag.py:3036} INFO - Sync 1 DAGs
[2026-03-22T17:11:20.217+0000] {logging_mixin.py:188} INFO - [2026-03-22T17:11:20.217+0000] {dag.py:3823} INFO - Setting next_dagrun for crawl_crypto_prices to 2026-03-22 17:00:00+00:00, run_after=2026-03-22 18:00:00+00:00
[2026-03-22T17:11:20.224+0000] {processor.py:183} INFO - Processing /opt/airflow/dags/crawl_crypto_prices.py took 0.051 seconds
[2026-03-22T17:11:50.474+0000] {processor.py:161} INFO - Started process (PID=7725) to work on /opt/airflow/dags/crawl_crypto_prices.py
[2026-03-22T17:11:50.476+0000] {processor.py:830} INFO - Processing file /opt/airflow/dags/crawl_crypto_prices.py for tasks to queue
[2026-03-22T17:11:50.477+0000] {logging_mixin.py:188} INFO - [2026-03-22T17:11:50.476+0000] {dagbag.py:538} INFO - Filling up the DagBag from /opt/airflow/dags/crawl_crypto_prices.py
[2026-03-22T17:11:50.482+0000] {processor.py:840} INFO - DAG(s) 'crawl_crypto_prices' retrieved from /opt/airflow/dags/crawl_crypto_prices.py
[2026-03-22T17:11:50.495+0000] {logging_mixin.py:188} INFO - [2026-03-22T17:11:50.495+0000] {dag.py:3036} INFO - Sync 1 DAGs
[2026-03-22T17:11:50.504+0000] {logging_mixin.py:188} INFO - [2026-03-22T17:11:50.504+0000] {dag.py:3823} INFO - Setting next_dagrun for crawl_crypto_prices to 2026-03-22 17:00:00+00:00, run_after=2026-03-22 18:00:00+00:00
[2026-03-22T17:11:50.510+0000] {processor.py:183} INFO - Processing /opt/airflow/dags/crawl_crypto_prices.py took 0.038 seconds
[2026-03-22T17:12:20.751+0000] {processor.py:161} INFO - Started process (PID=7730) to work on /opt/airflow/dags/crawl_crypto_prices.py
[2026-03-22T17:12:20.751+0000] {processor.py:830} INFO - Processing file /opt/airflow/dags/crawl_crypto_prices.py for tasks to queue
[2026-03-22T17:12:20.752+0000] {logging_mixin.py:188} INFO - [2026-03-22T17:12:20.752+0000] {dagbag.py:538} INFO - Filling up the DagBag from /opt/airflow/dags/crawl_crypto_prices.py
[2026-03-22T17:12:20.762+0000] {processor.py:840} INFO - DAG(s) 'crawl_crypto_prices' retrieved from /opt/airflow/dags/crawl_crypto_prices.py
[2026-03-22T17:12:20.778+0000] {logging_mixin.py:188} INFO - [2026-03-22T17:12:20.778+0000] {dag.py:3036} INFO - Sync 1 DAGs
[2026-03-22T17:12:20.787+0000] {logging_mixin.py:188} INFO - [2026-03-22T17:12:20.787+0000] {dag.py:3823} INFO - Setting next_dagrun for crawl_crypto_prices to 2026-03-22 17:00:00+00:00, run_after=2026-03-22 18:00:00+00:00
[2026-03-22T17:12:20.794+0000] {processor.py:183} INFO - Processing /opt/airflow/dags/crawl_crypto_prices.py took 0.046 seconds
[2026-03-22T17:12:51.054+0000] {processor.py:161} INFO - Started process (PID=7735) to work on /opt/airflow/dags/crawl_crypto_prices.py
[2026-03-22T17:12:51.055+0000] {processor.py:830} INFO - Processing file /opt/airflow/dags/crawl_crypto_prices.py for tasks to queue
[2026-03-22T17:12:51.056+0000] {logging_mixin.py:188} INFO - [2026-03-22T17:12:51.056+0000] {dagbag.py:538} INFO - Filling up the DagBag from /opt/airflow/dags/crawl_crypto_prices.py
[2026-03-22T17:12:51.068+0000] {processor.py:840} INFO - DAG(s) 'crawl_crypto_prices' retrieved from /opt/airflow/dags/crawl_crypto_prices.py
[2026-03-22T17:12:51.085+0000] {logging_mixin.py:188} INFO - [2026-03-22T17:12:51.085+0000] {dag.py:3036} INFO - Sync 1 DAGs
[2026-03-22T17:12:51.096+0000] {logging_mixin.py:188} INFO - [2026-03-22T17:12:51.095+0000] {dag.py:3823} INFO - Setting next_dagrun for crawl_crypto_prices to 2026-03-22 17:00:00+00:00, run_after=2026-03-22 18:00:00+00:00
[2026-03-22T17:12:51.102+0000] {processor.py:183} INFO - Processing /opt/airflow/dags/crawl_crypto_prices.py took 0.052 seconds
[2026-03-22T17:13:21.322+0000] {processor.py:161} INFO - Started process (PID=7740) to work on /opt/airflow/dags/crawl_crypto_prices.py
[2026-03-22T17:13:21.323+0000] {processor.py:830} INFO - Processing file /opt/airflow/dags/crawl_crypto_prices.py for tasks to queue
[2026-03-22T17:13:21.324+0000] {logging_mixin.py:188} INFO - [2026-03-22T17:13:21.323+0000] {dagbag.py:538} INFO - Filling up the DagBag from /opt/airflow/dags/crawl_crypto_prices.py
[2026-03-22T17:13:21.335+0000] {processor.py:840} INFO - DAG(s) 'crawl_crypto_prices' retrieved from /opt/airflow/dags/crawl_crypto_prices.py
[2026-03-22T17:13:21.356+0000] {logging_mixin.py:188} INFO - [2026-03-22T17:13:21.356+0000] {dag.py:3036} INFO - Sync 1 DAGs
[2026-03-22T17:13:21.366+0000] {logging_mixin.py:188} INFO - [2026-03-22T17:13:21.366+0000] {dag.py:3823} INFO - Setting next_dagrun for crawl_crypto_prices to 2026-03-22 17:00:00+00:00, run_after=2026-03-22 18:00:00+00:00
[2026-03-22T17:13:21.372+0000] {processor.py:183} INFO - Processing /opt/airflow/dags/crawl_crypto_prices.py took 0.054 seconds
[2026-03-22T17:13:51.653+0000] {processor.py:161} INFO - Started process (PID=7745) to work on /opt/airflow/dags/crawl_crypto_prices.py
[2026-03-22T17:13:51.654+0000] {processor.py:830} INFO - Processing file /opt/airflow/dags/crawl_crypto_prices.py for tasks to queue
[2026-03-22T17:13:51.655+0000] {logging_mixin.py:188} INFO - [2026-03-22T17:13:51.654+0000] {dagbag.py:538} INFO - Filling up the DagBag from /opt/airflow/dags/crawl_crypto_prices.py
[2026-03-22T17:13:51.665+0000] {processor.py:840} INFO - DAG(s) 'crawl_crypto_prices' retrieved from /opt/airflow/dags/crawl_crypto_prices.py
[2026-03-22T17:13:51.684+0000] {logging_mixin.py:188} INFO - [2026-03-22T17:13:51.684+0000] {dag.py:3036} INFO - Sync 1 DAGs
[2026-03-22T17:13:51.696+0000] {logging_mixin.py:188} INFO - [2026-03-22T17:13:51.695+0000] {dag.py:3823} INFO - Setting next_dagrun for crawl_crypto_prices to 2026-03-22 17:00:00+00:00, run_after=2026-03-22 18:00:00+00:00
[2026-03-22T17:13:51.702+0000] {processor.py:183} INFO - Processing /opt/airflow/dags/crawl_crypto_prices.py took 0.052 seconds
[2026-03-22T17:14:21.936+0000] {processor.py:161} INFO - Started process (PID=7750) to work on /opt/airflow/dags/crawl_crypto_prices.py
[2026-03-22T17:14:21.937+0000] {processor.py:830} INFO - Processing file /opt/airflow/dags/crawl_crypto_prices.py for tasks to queue
[2026-03-22T17:14:21.937+0000] {logging_mixin.py:188} INFO - [2026-03-22T17:14:21.937+0000] {dagbag.py:538} INFO - Filling up the DagBag from /opt/airflow/dags/crawl_crypto_prices.py
[2026-03-22T17:14:21.945+0000] {processor.py:840} INFO - DAG(s) 'crawl_crypto_prices' retrieved from /opt/airflow/dags/crawl_crypto_prices.py
[2026-03-22T17:14:21.958+0000] {logging_mixin.py:188} INFO - [2026-03-22T17:14:21.957+0000] {dag.py:3036} INFO - Sync 1 DAGs
[2026-03-22T17:14:21.967+0000] {logging_mixin.py:188} INFO - [2026-03-22T17:14:21.967+0000] {dag.py:3823} INFO - Setting next_dagrun for crawl_crypto_prices to 2026-03-22 17:00:00+00:00, run_after=2026-03-22 18:00:00+00:00
[2026-03-22T17:14:21.972+0000] {processor.py:183} INFO - Processing /opt/airflow/dags/crawl_crypto_prices.py took 0.039 seconds
[2026-03-22T17:14:52.242+0000] {processor.py:161} INFO - Started process (PID=7755) to work on /opt/airflow/dags/crawl_crypto_prices.py
[2026-03-22T17:14:52.243+0000] {processor.py:830} INFO - Processing file /opt/airflow/dags/crawl_crypto_prices.py for tasks to queue
[2026-03-22T17:14:52.243+0000] {logging_mixin.py:188} INFO - [2026-03-22T17:14:52.243+0000] {dagbag.py:538} INFO - Filling up the DagBag from /opt/airflow/dags/crawl_crypto_prices.py
[2026-03-22T17:14:52.254+0000] {processor.py:840} INFO - DAG(s) 'crawl_crypto_prices' retrieved from /opt/airflow/dags/crawl_crypto_prices.py
[2026-03-22T17:14:52.273+0000] {logging_mixin.py:188} INFO - [2026-03-22T17:14:52.272+0000] {dag.py:3036} INFO - Sync 1 DAGs
[2026-03-22T17:14:52.283+0000] {logging_mixin.py:188} INFO - [2026-03-22T17:14:52.283+0000] {dag.py:3823} INFO - Setting next_dagrun for crawl_crypto_prices to 2026-03-22 17:00:00+00:00, run_after=2026-03-22 18:00:00+00:00
[2026-03-22T17:14:52.289+0000] {processor.py:183} INFO - Processing /opt/airflow/dags/crawl_crypto_prices.py took 0.050 seconds
[2026-03-22T17:15:22.556+0000] {processor.py:161} INFO - Started process (PID=7760) to work on /opt/airflow/dags/crawl_crypto_prices.py
[2026-03-22T17:15:22.557+0000] {processor.py:830} INFO - Processing file /opt/airflow/dags/crawl_crypto_prices.py for tasks to queue
[2026-03-22T17:15:22.558+0000] {logging_mixin.py:188} INFO - [2026-03-22T17:15:22.557+0000] {dagbag.py:538} INFO - Filling up the DagBag from /opt/airflow/dags/crawl_crypto_prices.py
[2026-03-22T17:15:22.573+0000] {processor.py:840} INFO - DAG(s) 'crawl_crypto_prices' retrieved from /opt/airflow/dags/crawl_crypto_prices.py
[2026-03-22T17:15:22.592+0000] {logging_mixin.py:188} INFO - [2026-03-22T17:15:22.592+0000] {dag.py:3036} INFO - Sync 1 DAGs
[2026-03-22T17:15:22.602+0000] {logging_mixin.py:188} INFO - [2026-03-22T17:15:22.602+0000] {dag.py:3823} INFO - Setting next_dagrun for crawl_crypto_prices to 2026-03-22 17:00:00+00:00, run_after=2026-03-22 18:00:00+00:00
[2026-03-22T17:15:22.609+0000] {processor.py:183} INFO - Processing /opt/airflow/dags/crawl_crypto_prices.py took 0.057 seconds
[2026-03-22T17:15:52.848+0000] {processor.py:161} INFO - Started process (PID=7765) to work on /opt/airflow/dags/crawl_crypto_prices.py
[2026-03-22T17:15:52.849+0000] {processor.py:830} INFO - Processing file /opt/airflow/dags/crawl_crypto_prices.py for tasks to queue
[2026-03-22T17:15:52.850+0000] {logging_mixin.py:188} INFO - [2026-03-22T17:15:52.850+0000] {dagbag.py:538} INFO - Filling up the DagBag from /opt/airflow/dags/crawl_crypto_prices.py
[2026-03-22T17:15:52.859+0000] {processor.py:840} INFO - DAG(s) 'crawl_crypto_prices' retrieved from /opt/airflow/dags/crawl_crypto_prices.py
[2026-03-22T17:15:52.875+0000] {logging_mixin.py:188} INFO - [2026-03-22T17:15:52.875+0000] {dag.py:3036} INFO - Sync 1 DAGs
[2026-03-22T17:15:52.886+0000] {logging_mixin.py:188} INFO - [2026-03-22T17:15:52.886+0000] {dag.py:3823} INFO - Setting next_dagrun for crawl_crypto_prices to 2026-03-22 17:00:00+00:00, run_after=2026-03-22 18:00:00+00:00
[2026-03-22T17:15:52.892+0000] {processor.py:183} INFO - Processing /opt/airflow/dags/crawl_crypto_prices.py took 0.046 seconds
[2026-03-22T17:16:23.106+0000] {processor.py:161} INFO - Started process (PID=7770) to work on /opt/airflow/dags/crawl_crypto_prices.py
[2026-03-22T17:16:23.107+0000] {processor.py:830} INFO - Processing file /opt/airflow/dags/crawl_crypto_prices.py for tasks to queue
[2026-03-22T17:16:23.107+0000] {logging_mixin.py:188} INFO - [2026-03-22T17:16:23.107+0000] {dagbag.py:538} INFO - Filling up the DagBag from /opt/airflow/dags/crawl_crypto_prices.py
[2026-03-22T17:16:23.114+0000] {processor.py:840} INFO - DAG(s) 'crawl_crypto_prices' retrieved from /opt/airflow/dags/crawl_crypto_prices.py
[2026-03-22T17:16:23.129+0000] {logging_mixin.py:188} INFO - [2026-03-22T17:16:23.129+0000] {dag.py:3036} INFO - Sync 1 DAGs
[2026-03-22T17:16:23.143+0000] {logging_mixin.py:188} INFO - [2026-03-22T17:16:23.143+0000] {dag.py:3823} INFO - Setting next_dagrun for crawl_crypto_prices to 2026-03-22 17:00:00+00:00, run_after=2026-03-22 18:00:00+00:00
[2026-03-22T17:16:23.152+0000] {processor.py:183} INFO - Processing /opt/airflow/dags/crawl_crypto_prices.py took 0.049 seconds
[2026-03-22T17:16:53.374+0000] {processor.py:161} INFO - Started process (PID=7775) to work on /opt/airflow/dags/crawl_crypto_prices.py
[2026-03-22T17:16:53.375+0000] {processor.py:830} INFO - Processing file /opt/airflow/dags/crawl_crypto_prices.py for tasks to queue
[2026-03-22T17:16:53.376+0000] {logging_mixin.py:188} INFO - [2026-03-22T17:16:53.376+0000] {dagbag.py:538} INFO - Filling up the DagBag from /opt/airflow/dags/crawl_crypto_prices.py
[2026-03-22T17:16:53.385+0000] {processor.py:840} INFO - DAG(s) 'crawl_crypto_prices' retrieved from /opt/airflow/dags/crawl_crypto_prices.py
[2026-03-22T17:16:53.402+0000] {logging_mixin.py:188} INFO - [2026-03-22T17:16:53.402+0000] {dag.py:3036} INFO - Sync 1 DAGs
[2026-03-22T17:16:53.413+0000] {logging_mixin.py:188} INFO - [2026-03-22T17:16:53.413+0000] {dag.py:3823} INFO - Setting next_dagrun for crawl_crypto_prices to 2026-03-22 17:00:00+00:00, run_after=2026-03-22 18:00:00+00:00
[2026-03-22T17:16:53.419+0000] {processor.py:183} INFO - Processing /opt/airflow/dags/crawl_crypto_prices.py took 0.048 seconds
[2026-03-22T17:17:23.676+0000] {processor.py:161} INFO - Started process (PID=7780) to work on /opt/airflow/dags/crawl_crypto_prices.py
[2026-03-22T17:17:23.677+0000] {processor.py:830} INFO - Processing file /opt/airflow/dags/crawl_crypto_prices.py for tasks to queue
[2026-03-22T17:17:23.678+0000] {logging_mixin.py:188} INFO - [2026-03-22T17:17:23.677+0000] {dagbag.py:538} INFO - Filling up the DagBag from /opt/airflow/dags/crawl_crypto_prices.py
[2026-03-22T17:17:23.689+0000] {processor.py:840} INFO - DAG(s) 'crawl_crypto_prices' retrieved from /opt/airflow/dags/crawl_crypto_prices.py
[2026-03-22T17:17:23.708+0000] {logging_mixin.py:188} INFO - [2026-03-22T17:17:23.708+0000] {dag.py:3036} INFO - Sync 1 DAGs
[2026-03-22T17:17:23.720+0000] {logging_mixin.py:188} INFO - [2026-03-22T17:17:23.719+0000] {dag.py:3823} INFO - Setting next_dagrun for crawl_crypto_prices to 2026-03-22 17:00:00+00:00, run_after=2026-03-22 18:00:00+00:00
[2026-03-22T17:17:23.726+0000] {processor.py:183} INFO - Processing /opt/airflow/dags/crawl_crypto_prices.py took 0.054 seconds
[2026-03-22T17:17:53.970+0000] {processor.py:161} INFO - Started process (PID=7785) to work on /opt/airflow/dags/crawl_crypto_prices.py
[2026-03-22T17:17:53.971+0000] {processor.py:830} INFO - Processing file /opt/airflow/dags/crawl_crypto_prices.py for tasks to queue
[2026-03-22T17:17:53.972+0000] {logging_mixin.py:188} INFO - [2026-03-22T17:17:53.972+0000] {dagbag.py:538} INFO - Filling up the DagBag from /opt/airflow/dags/crawl_crypto_prices.py
[2026-03-22T17:17:53.982+0000] {processor.py:840} INFO - DAG(s) 'crawl_crypto_prices' retrieved from /opt/airflow/dags/crawl_crypto_prices.py
[2026-03-22T17:17:54.000+0000] {logging_mixin.py:188} INFO - [2026-03-22T17:17:54.000+0000] {dag.py:3036} INFO - Sync 1 DAGs
[2026-03-22T17:17:54.010+0000] {logging_mixin.py:188} INFO - [2026-03-22T17:17:54.010+0000] {dag.py:3823} INFO - Setting next_dagrun for crawl_crypto_prices to 2026-03-22 17:00:00+00:00, run_after=2026-03-22 18:00:00+00:00
[2026-03-22T17:17:54.016+0000] {processor.py:183} INFO - Processing /opt/airflow/dags/crawl_crypto_prices.py took 0.048 seconds
[2026-03-22T17:18:24.259+0000] {processor.py:161} INFO - Started process (PID=7790) to work on /opt/airflow/dags/crawl_crypto_prices.py
[2026-03-22T17:18:24.260+0000] {processor.py:830} INFO - Processing file /opt/airflow/dags/crawl_crypto_prices.py for tasks to queue
[2026-03-22T17:18:24.260+0000] {logging_mixin.py:188} INFO - [2026-03-22T17:18:24.260+0000] {dagbag.py:538} INFO - Filling up the DagBag from /opt/airflow/dags/crawl_crypto_prices.py
[2026-03-22T17:18:24.268+0000] {processor.py:840} INFO - DAG(s) 'crawl_crypto_prices' retrieved from /opt/airflow/dags/crawl_crypto_prices.py
[2026-03-22T17:18:24.283+0000] {logging_mixin.py:188} INFO - [2026-03-22T17:18:24.283+0000] {dag.py:3036} INFO - Sync 1 DAGs
[2026-03-22T17:18:24.294+0000] {logging_mixin.py:188} INFO - [2026-03-22T17:18:24.294+0000] {dag.py:3823} INFO - Setting next_dagrun for crawl_crypto_prices to 2026-03-22 17:00:00+00:00, run_after=2026-03-22 18:00:00+00:00
[2026-03-22T17:18:24.301+0000] {processor.py:183} INFO - Processing /opt/airflow/dags/crawl_crypto_prices.py took 0.044 seconds
[2026-03-22T17:18:54.545+0000] {processor.py:161} INFO - Started process (PID=7795) to work on /opt/airflow/dags/crawl_crypto_prices.py
[2026-03-22T17:18:54.547+0000] {processor.py:830} INFO - Processing file /opt/airflow/dags/crawl_crypto_prices.py for tasks to queue
[2026-03-22T17:18:54.547+0000] {logging_mixin.py:188} INFO - [2026-03-22T17:18:54.547+0000] {dagbag.py:538} INFO - Filling up the DagBag from /opt/airflow/dags/crawl_crypto_prices.py
[2026-03-22T17:18:54.558+0000] {processor.py:840} INFO - DAG(s) 'crawl_crypto_prices' retrieved from /opt/airflow/dags/crawl_crypto_prices.py
[2026-03-22T17:18:54.577+0000] {logging_mixin.py:188} INFO - [2026-03-22T17:18:54.577+0000] {dag.py:3036} INFO - Sync 1 DAGs
[2026-03-22T17:18:54.589+0000] {logging_mixin.py:188} INFO - [2026-03-22T17:18:54.589+0000] {dag.py:3823} INFO - Setting next_dagrun for crawl_crypto_prices to 2026-03-22 17:00:00+00:00, run_after=2026-03-22 18:00:00+00:00
[2026-03-22T17:18:54.596+0000] {processor.py:183} INFO - Processing /opt/airflow/dags/crawl_crypto_prices.py took 0.055 seconds
[2026-03-22T17:19:24.825+0000] {processor.py:161} INFO - Started process (PID=7800) to work on /opt/airflow/dags/crawl_crypto_prices.py
[2026-03-22T17:19:24.825+0000] {processor.py:830} INFO - Processing file /opt/airflow/dags/crawl_crypto_prices.py for tasks to queue
[2026-03-22T17:19:24.826+0000] {logging_mixin.py:188} INFO - [2026-03-22T17:19:24.826+0000] {dagbag.py:538} INFO - Filling up the DagBag from /opt/airflow/dags/crawl_crypto_prices.py
[2026-03-22T17:19:24.833+0000] {processor.py:840} INFO - DAG(s) 'crawl_crypto_prices' retrieved from /opt/airflow/dags/crawl_crypto_prices.py
[2026-03-22T17:19:24.844+0000] {logging_mixin.py:188} INFO - [2026-03-22T17:19:24.844+0000] {dag.py:3036} INFO - Sync 1 DAGs
[2026-03-22T17:19:24.853+0000] {logging_mixin.py:188} INFO - [2026-03-22T17:19:24.853+0000] {dag.py:3823} INFO - Setting next_dagrun for crawl_crypto_prices to 2026-03-22 17:00:00+00:00, run_after=2026-03-22 18:00:00+00:00
[2026-03-22T17:19:24.860+0000] {processor.py:183} INFO - Processing /opt/airflow/dags/crawl_crypto_prices.py took 0.037 seconds
[2026-03-22T17:19:55.147+0000] {processor.py:161} INFO - Started process (PID=7805) to work on /opt/airflow/dags/crawl_crypto_prices.py
[2026-03-22T17:19:55.148+0000] {processor.py:830} INFO - Processing file /opt/airflow/dags/crawl_crypto_prices.py for tasks to queue
[2026-03-22T17:19:55.149+0000] {logging_mixin.py:188} INFO - [2026-03-22T17:19:55.148+0000] {dagbag.py:538} INFO - Filling up the DagBag from /opt/airflow/dags/crawl_crypto_prices.py
[2026-03-22T17:19:55.158+0000] {processor.py:840} INFO - DAG(s) 'crawl_crypto_prices' retrieved from /opt/airflow/dags/crawl_crypto_prices.py
[2026-03-22T17:19:55.178+0000] {logging_mixin.py:188} INFO - [2026-03-22T17:19:55.178+0000] {dag.py:3036} INFO - Sync 1 DAGs
[2026-03-22T17:19:55.191+0000] {logging_mixin.py:188} INFO - [2026-03-22T17:19:55.191+0000] {dag.py:3823} INFO - Setting next_dagrun for crawl_crypto_prices to 2026-03-22 17:00:00+00:00, run_after=2026-03-22 18:00:00+00:00
[2026-03-22T17:19:55.198+0000] {processor.py:183} INFO - Processing /opt/airflow/dags/crawl_crypto_prices.py took 0.054 seconds
[2026-03-22T17:20:25.447+0000] {processor.py:161} INFO - Started process (PID=7810) to work on /opt/airflow/dags/crawl_crypto_prices.py
[2026-03-22T17:20:25.447+0000] {processor.py:830} INFO - Processing file /opt/airflow/dags/crawl_crypto_prices.py for tasks to queue
[2026-03-22T17:20:25.448+0000] {logging_mixin.py:188} INFO - [2026-03-22T17:20:25.448+0000] {dagbag.py:538} INFO - Filling up the DagBag from /opt/airflow/dags/crawl_crypto_prices.py
[2026-03-22T17:20:25.456+0000] {processor.py:840} INFO - DAG(s) 'crawl_crypto_prices' retrieved from /opt/airflow/dags/crawl_crypto_prices.py
[2026-03-22T17:20:25.466+0000] {logging_mixin.py:188} INFO - [2026-03-22T17:20:25.466+0000] {dag.py:3036} INFO - Sync 1 DAGs
[2026-03-22T17:20:25.475+0000] {logging_mixin.py:188} INFO - [2026-03-22T17:20:25.475+0000] {dag.py:3823} INFO - Setting next_dagrun for crawl_crypto_prices to 2026-03-22 17:00:00+00:00, run_after=2026-03-22 18:00:00+00:00
[2026-03-22T17:20:25.481+0000] {processor.py:183} INFO - Processing /opt/airflow/dags/crawl_crypto_prices.py took 0.036 seconds
[2026-03-22T17:20:55.778+0000] {processor.py:161} INFO - Started process (PID=7815) to work on /opt/airflow/dags/crawl_crypto_prices.py
[2026-03-22T17:20:55.779+0000] {processor.py:830} INFO - Processing file /opt/airflow/dags/crawl_crypto_prices.py for tasks to queue
[2026-03-22T17:20:55.780+0000] {logging_mixin.py:188} INFO - [2026-03-22T17:20:55.780+0000] {dagbag.py:538} INFO - Filling up the DagBag from /opt/airflow/dags/crawl_crypto_prices.py
[2026-03-22T17:20:55.790+0000] {processor.py:840} INFO - DAG(s) 'crawl_crypto_prices' retrieved from /opt/airflow/dags/crawl_crypto_prices.py
[2026-03-22T17:20:55.810+0000] {logging_mixin.py:188} INFO - [2026-03-22T17:20:55.810+0000] {dag.py:3036} INFO - Sync 1 DAGs
[2026-03-22T17:20:55.821+0000] {logging_mixin.py:188} INFO - [2026-03-22T17:20:55.821+0000] {dag.py:3823} INFO - Setting next_dagrun for crawl_crypto_prices to 2026-03-22 17:00:00+00:00, run_after=2026-03-22 18:00:00+00:00
[2026-03-22T17:20:55.827+0000] {processor.py:183} INFO - Processing /opt/airflow/dags/crawl_crypto_prices.py took 0.052 seconds
[2026-03-22T17:21:26.082+0000] {processor.py:161} INFO - Started process (PID=7820) to work on /opt/airflow/dags/crawl_crypto_prices.py
[2026-03-22T17:21:26.083+0000] {processor.py:830} INFO - Processing file /opt/airflow/dags/crawl_crypto_prices.py for tasks to queue
[2026-03-22T17:21:26.084+0000] {logging_mixin.py:188} INFO - [2026-03-22T17:21:26.083+0000] {dagbag.py:538} INFO - Filling up the DagBag from /opt/airflow/dags/crawl_crypto_prices.py
[2026-03-22T17:21:26.096+0000] {processor.py:840} INFO - DAG(s) 'crawl_crypto_prices' retrieved from /opt/airflow/dags/crawl_crypto_prices.py
[2026-03-22T17:21:26.115+0000] {logging_mixin.py:188} INFO - [2026-03-22T17:21:26.115+0000] {dag.py:3036} INFO - Sync 1 DAGs
[2026-03-22T17:21:26.125+0000] {logging_mixin.py:188} INFO - [2026-03-22T17:21:26.125+0000] {dag.py:3823} INFO - Setting next_dagrun for crawl_crypto_prices to 2026-03-22 17:00:00+00:00, run_after=2026-03-22 18:00:00+00:00
[2026-03-22T17:21:26.131+0000] {processor.py:183} INFO - Processing /opt/airflow/dags/crawl_crypto_prices.py took 0.053 seconds
[2026-03-22T17:21:56.390+0000] {processor.py:161} INFO - Started process (PID=7825) to work on /opt/airflow/dags/crawl_crypto_prices.py
[2026-03-22T17:21:56.391+0000] {processor.py:830} INFO - Processing file /opt/airflow/dags/crawl_crypto_prices.py for tasks to queue
[2026-03-22T17:21:56.392+0000] {logging_mixin.py:188} INFO - [2026-03-22T17:21:56.391+0000] {dagbag.py:538} INFO - Filling up the DagBag from /opt/airflow/dags/crawl_crypto_prices.py
[2026-03-22T17:21:56.402+0000] {processor.py:840} INFO - DAG(s) 'crawl_crypto_prices' retrieved from /opt/airflow/dags/crawl_crypto_prices.py
[2026-03-22T17:21:56.421+0000] {logging_mixin.py:188} INFO - [2026-03-22T17:21:56.420+0000] {dag.py:3036} INFO - Sync 1 DAGs
[2026-03-22T17:21:56.432+0000] {logging_mixin.py:188} INFO - [2026-03-22T17:21:56.432+0000] {dag.py:3823} INFO - Setting next_dagrun for crawl_crypto_prices to 2026-03-22 17:00:00+00:00, run_after=2026-03-22 18:00:00+00:00
[2026-03-22T17:21:56.438+0000] {processor.py:183} INFO - Processing /opt/airflow/dags/crawl_crypto_prices.py took 0.051 seconds
[2026-03-22T17:22:26.666+0000] {processor.py:161} INFO - Started process (PID=7830) to work on /opt/airflow/dags/crawl_crypto_prices.py
[2026-03-22T17:22:26.667+0000] {processor.py:830} INFO - Processing file /opt/airflow/dags/crawl_crypto_prices.py for tasks to queue
[2026-03-22T17:22:26.668+0000] {logging_mixin.py:188} INFO - [2026-03-22T17:22:26.668+0000] {dagbag.py:538} INFO - Filling up the DagBag from /opt/airflow/dags/crawl_crypto_prices.py
[2026-03-22T17:22:26.675+0000] {processor.py:840} INFO - DAG(s) 'crawl_crypto_prices' retrieved from /opt/airflow/dags/crawl_crypto_prices.py
[2026-03-22T17:22:26.687+0000] {logging_mixin.py:188} INFO - [2026-03-22T17:22:26.687+0000] {dag.py:3036} INFO - Sync 1 DAGs
[2026-03-22T17:22:26.696+0000] {logging_mixin.py:188} INFO - [2026-03-22T17:22:26.696+0000] {dag.py:3823} INFO - Setting next_dagrun for crawl_crypto_prices to 2026-03-22 17:00:00+00:00, run_after=2026-03-22 18:00:00+00:00
[2026-03-22T17:22:26.703+0000] {processor.py:183} INFO - Processing /opt/airflow/dags/crawl_crypto_prices.py took 0.039 seconds
[2026-03-22T17:22:56.944+0000] {processor.py:161} INFO - Started process (PID=7835) to work on /opt/airflow/dags/crawl_crypto_prices.py
[2026-03-22T17:22:56.944+0000] {processor.py:830} INFO - Processing file /opt/airflow/dags/crawl_crypto_prices.py for tasks to queue
[2026-03-22T17:22:56.945+0000] {logging_mixin.py:188} INFO - [2026-03-22T17:22:56.945+0000] {dagbag.py:538} INFO - Filling up the DagBag from /opt/airflow/dags/crawl_crypto_prices.py
[2026-03-22T17:22:56.955+0000] {processor.py:840} INFO - DAG(s) 'crawl_crypto_prices' retrieved from /opt/airflow/dags/crawl_crypto_prices.py
[2026-03-22T17:22:56.972+0000] {logging_mixin.py:188} INFO - [2026-03-22T17:22:56.972+0000] {dag.py:3036} INFO - Sync 1 DAGs
[2026-03-22T17:22:56.984+0000] {logging_mixin.py:188} INFO - [2026-03-22T17:22:56.984+0000] {dag.py:3823} INFO - Setting next_dagrun for crawl_crypto_prices to 2026-03-22 17:00:00+00:00, run_after=2026-03-22 18:00:00+00:00
[2026-03-22T17:22:56.991+0000] {processor.py:183} INFO - Processing /opt/airflow/dags/crawl_crypto_prices.py took 0.050 seconds
[2026-03-22T17:23:27.221+0000] {processor.py:161} INFO - Started process (PID=7840) to work on /opt/airflow/dags/crawl_crypto_prices.py
[2026-03-22T17:23:27.222+0000] {processor.py:830} INFO - Processing file /opt/airflow/dags/crawl_crypto_prices.py for tasks to queue
[2026-03-22T17:23:27.223+0000] {logging_mixin.py:188} INFO - [2026-03-22T17:23:27.222+0000] {dagbag.py:538} INFO - Filling up the DagBag from /opt/airflow/dags/crawl_crypto_prices.py
[2026-03-22T17:23:27.232+0000] {processor.py:840} INFO - DAG(s) 'crawl_crypto_prices' retrieved from /opt/airflow/dags/crawl_crypto_prices.py
[2026-03-22T17:23:27.250+0000] {logging_mixin.py:188} INFO - [2026-03-22T17:23:27.249+0000] {dag.py:3036} INFO - Sync 1 DAGs
[2026-03-22T17:23:27.260+0000] {logging_mixin.py:188} INFO - [2026-03-22T17:23:27.260+0000] {dag.py:3823} INFO - Setting next_dagrun for crawl_crypto_prices to 2026-03-22 17:00:00+00:00, run_after=2026-03-22 18:00:00+00:00
[2026-03-22T17:23:27.266+0000] {processor.py:183} INFO - Processing /opt/airflow/dags/crawl_crypto_prices.py took 0.047 seconds
[2026-03-22T17:23:57.493+0000] {processor.py:161} INFO - Started process (PID=7845) to work on /opt/airflow/dags/crawl_crypto_prices.py
[2026-03-22T17:23:57.494+0000] {processor.py:830} INFO - Processing file /opt/airflow/dags/crawl_crypto_prices.py for tasks to queue
[2026-03-22T17:23:57.495+0000] {logging_mixin.py:188} INFO - [2026-03-22T17:23:57.495+0000] {dagbag.py:538} INFO - Filling up the DagBag from /opt/airflow/dags/crawl_crypto_prices.py
[2026-03-22T17:23:57.505+0000] {processor.py:840} INFO - DAG(s) 'crawl_crypto_prices' retrieved from /opt/airflow/dags/crawl_crypto_prices.py
[2026-03-22T17:23:57.523+0000] {logging_mixin.py:188} INFO - [2026-03-22T17:23:57.523+0000] {dag.py:3036} INFO - Sync 1 DAGs
[2026-03-22T17:23:57.533+0000] {logging_mixin.py:188} INFO - [2026-03-22T17:23:57.533+0000] {dag.py:3823} INFO - Setting next_dagrun for crawl_crypto_prices to 2026-03-22 17:00:00+00:00, run_after=2026-03-22 18:00:00+00:00
[2026-03-22T17:23:57.539+0000] {processor.py:183} INFO - Processing /opt/airflow/dags/crawl_crypto_prices.py took 0.049 seconds
[2026-03-22T17:24:27.814+0000] {processor.py:161} INFO - Started process (PID=7850) to work on /opt/airflow/dags/crawl_crypto_prices.py
[2026-03-22T17:24:27.815+0000] {processor.py:830} INFO - Processing file /opt/airflow/dags/crawl_crypto_prices.py for tasks to queue
[2026-03-22T17:24:27.816+0000] {logging_mixin.py:188} INFO - [2026-03-22T17:24:27.816+0000] {dagbag.py:538} INFO - Filling up the DagBag from /opt/airflow/dags/crawl_crypto_prices.py
[2026-03-22T17:24:27.829+0000] {processor.py:840} INFO - DAG(s) 'crawl_crypto_prices' retrieved from /opt/airflow/dags/crawl_crypto_prices.py
[2026-03-22T17:24:27.850+0000] {logging_mixin.py:188} INFO - [2026-03-22T17:24:27.850+0000] {dag.py:3036} INFO - Sync 1 DAGs
[2026-03-22T17:24:27.861+0000] {logging_mixin.py:188} INFO - [2026-03-22T17:24:27.861+0000] {dag.py:3823} INFO - Setting next_dagrun for crawl_crypto_prices to 2026-03-22 17:00:00+00:00, run_after=2026-03-22 18:00:00+00:00
[2026-03-22T17:24:27.867+0000] {processor.py:183} INFO - Processing /opt/airflow/dags/crawl_crypto_prices.py took 0.056 seconds
[2026-03-22T17:24:58.119+0000] {processor.py:161} INFO - Started process (PID=7855) to work on /opt/airflow/dags/crawl_crypto_prices.py
[2026-03-22T17:24:58.120+0000] {processor.py:830} INFO - Processing file /opt/airflow/dags/crawl_crypto_prices.py for tasks to queue
[2026-03-22T17:24:58.121+0000] {logging_mixin.py:188} INFO - [2026-03-22T17:24:58.121+0000] {dagbag.py:538} INFO - Filling up the DagBag from /opt/airflow/dags/crawl_crypto_prices.py
[2026-03-22T17:24:58.131+0000] {processor.py:840} INFO - DAG(s) 'crawl_crypto_prices' retrieved from /opt/airflow/dags/crawl_crypto_prices.py
[2026-03-22T17:24:58.150+0000] {logging_mixin.py:188} INFO - [2026-03-22T17:24:58.149+0000] {dag.py:3036} INFO - Sync 1 DAGs
[2026-03-22T17:24:58.159+0000] {logging_mixin.py:188} INFO - [2026-03-22T17:24:58.159+0000] {dag.py:3823} INFO - Setting next_dagrun for crawl_crypto_prices to 2026-03-22 17:00:00+00:00, run_after=2026-03-22 18:00:00+00:00
[2026-03-22T17:24:58.165+0000] {processor.py:183} INFO - Processing /opt/airflow/dags/crawl_crypto_prices.py took 0.050 seconds
[2026-03-22T17:25:28.439+0000] {processor.py:161} INFO - Started process (PID=7860) to work on /opt/airflow/dags/crawl_crypto_prices.py
[2026-03-22T17:25:28.440+0000] {processor.py:830} INFO - Processing file /opt/airflow/dags/crawl_crypto_prices.py for tasks to queue
[2026-03-22T17:25:28.441+0000] {logging_mixin.py:188} INFO - [2026-03-22T17:25:28.440+0000] {dagbag.py:538} INFO - Filling up the DagBag from /opt/airflow/dags/crawl_crypto_prices.py
[2026-03-22T17:25:28.451+0000] {processor.py:840} INFO - DAG(s) 'crawl_crypto_prices' retrieved from /opt/airflow/dags/crawl_crypto_prices.py
[2026-03-22T17:25:28.466+0000] {logging_mixin.py:188} INFO - [2026-03-22T17:25:28.466+0000] {dag.py:3036} INFO - Sync 1 DAGs
[2026-03-22T17:25:28.476+0000] {logging_mixin.py:188} INFO - [2026-03-22T17:25:28.476+0000] {dag.py:3823} INFO - Setting next_dagrun for crawl_crypto_prices to 2026-03-22 17:00:00+00:00, run_after=2026-03-22 18:00:00+00:00
[2026-03-22T17:25:28.482+0000] {processor.py:183} INFO - Processing /opt/airflow/dags/crawl_crypto_prices.py took 0.045 seconds
[2026-03-22T17:25:58.804+0000] {processor.py:161} INFO - Started process (PID=7865) to work on /opt/airflow/dags/crawl_crypto_prices.py
[2026-03-22T17:25:58.805+0000] {processor.py:830} INFO - Processing file /opt/airflow/dags/crawl_crypto_prices.py for tasks to queue
[2026-03-22T17:25:58.805+0000] {logging_mixin.py:188} INFO - [2026-03-22T17:25:58.805+0000] {dagbag.py:538} INFO - Filling up the DagBag from /opt/airflow/dags/crawl_crypto_prices.py
[2026-03-22T17:25:58.815+0000] {processor.py:840} INFO - DAG(s) 'crawl_crypto_prices' retrieved from /opt/airflow/dags/crawl_crypto_prices.py
[2026-03-22T17:25:58.834+0000] {logging_mixin.py:188} INFO - [2026-03-22T17:25:58.834+0000] {dag.py:3036} INFO - Sync 1 DAGs
[2026-03-22T17:25:58.845+0000] {logging_mixin.py:188} INFO - [2026-03-22T17:25:58.845+0000] {dag.py:3823} INFO - Setting next_dagrun for crawl_crypto_prices to 2026-03-22 17:00:00+00:00, run_after=2026-03-22 18:00:00+00:00
[2026-03-22T17:25:58.851+0000] {processor.py:183} INFO - Processing /opt/airflow/dags/crawl_crypto_prices.py took 0.051 seconds
[2026-03-22T17:26:29.166+0000] {processor.py:161} INFO - Started process (PID=7870) to work on /opt/airflow/dags/crawl_crypto_prices.py
[2026-03-22T17:26:29.167+0000] {processor.py:830} INFO - Processing file /opt/airflow/dags/crawl_crypto_prices.py for tasks to queue
[2026-03-22T17:26:29.168+0000] {logging_mixin.py:188} INFO - [2026-03-22T17:26:29.168+0000] {dagbag.py:538} INFO - Filling up the DagBag from /opt/airflow/dags/crawl_crypto_prices.py
[2026-03-22T17:26:29.181+0000] {processor.py:840} INFO - DAG(s) 'crawl_crypto_prices' retrieved from /opt/airflow/dags/crawl_crypto_prices.py
[2026-03-22T17:26:29.200+0000] {logging_mixin.py:188} INFO - [2026-03-22T17:26:29.200+0000] {dag.py:3036} INFO - Sync 1 DAGs
[2026-03-22T17:26:29.209+0000] {logging_mixin.py:188} INFO - [2026-03-22T17:26:29.209+0000] {dag.py:3823} INFO - Setting next_dagrun for crawl_crypto_prices to 2026-03-22 17:00:00+00:00, run_after=2026-03-22 18:00:00+00:00
[2026-03-22T17:26:29.215+0000] {processor.py:183} INFO - Processing /opt/airflow/dags/crawl_crypto_prices.py took 0.052 seconds
[2026-03-22T17:26:59.479+0000] {processor.py:161} INFO - Started process (PID=7875) to work on /opt/airflow/dags/crawl_crypto_prices.py
[2026-03-22T17:26:59.480+0000] {processor.py:830} INFO - Processing file /opt/airflow/dags/crawl_crypto_prices.py for tasks to queue
[2026-03-22T17:26:59.480+0000] {logging_mixin.py:188} INFO - [2026-03-22T17:26:59.480+0000] {dagbag.py:538} INFO - Filling up the DagBag from /opt/airflow/dags/crawl_crypto_prices.py
[2026-03-22T17:26:59.487+0000] {processor.py:840} INFO - DAG(s) 'crawl_crypto_prices' retrieved from /opt/airflow/dags/crawl_crypto_prices.py
[2026-03-22T17:26:59.499+0000] {logging_mixin.py:188} INFO - [2026-03-22T17:26:59.499+0000] {dag.py:3036} INFO - Sync 1 DAGs
[2026-03-22T17:26:59.508+0000] {logging_mixin.py:188} INFO - [2026-03-22T17:26:59.508+0000] {dag.py:3823} INFO - Setting next_dagrun for crawl_crypto_prices to 2026-03-22 17:00:00+00:00, run_after=2026-03-22 18:00:00+00:00
[2026-03-22T17:26:59.513+0000] {processor.py:183} INFO - Processing /opt/airflow/dags/crawl_crypto_prices.py took 0.036 seconds
[2026-03-22T17:43:59.988+0000] {processor.py:161} INFO - Started process (PID=7882) to work on /opt/airflow/dags/crawl_crypto_prices.py
[2026-03-22T17:43:59.989+0000] {processor.py:830} INFO - Processing file /opt/airflow/dags/crawl_crypto_prices.py for tasks to queue
[2026-03-22T17:43:59.989+0000] {logging_mixin.py:188} INFO - [2026-03-22T17:43:59.989+0000] {dagbag.py:538} INFO - Filling up the DagBag from /opt/airflow/dags/crawl_crypto_prices.py
[2026-03-22T17:43:59.997+0000] {processor.py:840} INFO - DAG(s) 'crawl_crypto_prices' retrieved from /opt/airflow/dags/crawl_crypto_prices.py
[2026-03-22T17:44:00.010+0000] {logging_mixin.py:188} INFO - [2026-03-22T17:44:00.010+0000] {dag.py:3036} INFO - Sync 1 DAGs
[2026-03-22T17:44:00.020+0000] {logging_mixin.py:188} INFO - [2026-03-22T17:44:00.020+0000] {dag.py:3823} INFO - Setting next_dagrun for crawl_crypto_prices to 2026-03-22 17:00:00+00:00, run_after=2026-03-22 18:00:00+00:00
[2026-03-22T17:44:00.026+0000] {processor.py:183} INFO - Processing /opt/airflow/dags/crawl_crypto_prices.py took 0.040 seconds
[2026-03-22T18:57:25.070+0000] {processor.py:161} INFO - Started process (PID=7887) to work on /opt/airflow/dags/crawl_crypto_prices.py
[2026-03-22T18:57:25.072+0000] {processor.py:830} INFO - Processing file /opt/airflow/dags/crawl_crypto_prices.py for tasks to queue
[2026-03-22T18:57:25.073+0000] {logging_mixin.py:188} INFO - [2026-03-22T18:57:25.072+0000] {dagbag.py:538} INFO - Filling up the DagBag from /opt/airflow/dags/crawl_crypto_prices.py
[2026-03-22T18:57:25.110+0000] {processor.py:840} INFO - DAG(s) 'crawl_crypto_prices' retrieved from /opt/airflow/dags/crawl_crypto_prices.py
[2026-03-22T18:57:25.153+0000] {logging_mixin.py:188} INFO - [2026-03-22T18:57:25.152+0000] {dag.py:3036} INFO - Sync 1 DAGs
[2026-03-22T18:57:25.187+0000] {logging_mixin.py:188} INFO - [2026-03-22T18:57:25.187+0000] {dag.py:3823} INFO - Setting next_dagrun for crawl_crypto_prices to 2026-03-22 18:00:00+00:00, run_after=2026-03-22 19:00:00+00:00
[2026-03-22T18:57:25.206+0000] {processor.py:183} INFO - Processing /opt/airflow/dags/crawl_crypto_prices.py took 0.142 seconds
[2026-03-22T19:02:24.387+0000] {processor.py:161} INFO - Started process (PID=7895) to work on /opt/airflow/dags/crawl_crypto_prices.py
[2026-03-22T19:02:24.388+0000] {processor.py:830} INFO - Processing file /opt/airflow/dags/crawl_crypto_prices.py for tasks to queue
[2026-03-22T19:02:24.388+0000] {logging_mixin.py:188} INFO - [2026-03-22T19:02:24.388+0000] {dagbag.py:538} INFO - Filling up the DagBag from /opt/airflow/dags/crawl_crypto_prices.py
[2026-03-22T19:02:24.393+0000] {processor.py:840} INFO - DAG(s) 'crawl_crypto_prices' retrieved from /opt/airflow/dags/crawl_crypto_prices.py
[2026-03-22T19:02:24.405+0000] {logging_mixin.py:188} INFO - [2026-03-22T19:02:24.405+0000] {dag.py:3036} INFO - Sync 1 DAGs
[2026-03-22T19:02:24.415+0000] {logging_mixin.py:188} INFO - [2026-03-22T19:02:24.415+0000] {dag.py:3823} INFO - Setting next_dagrun for crawl_crypto_prices to 2026-03-22 19:00:00+00:00, run_after=2026-03-22 20:00:00+00:00
[2026-03-22T19:02:24.422+0000] {processor.py:183} INFO - Processing /opt/airflow/dags/crawl_crypto_prices.py took 0.037 seconds
[2026-03-22T20:25:06.396+0000] {processor.py:161} INFO - Started process (PID=7904) to work on /opt/airflow/dags/crawl_crypto_prices.py
[2026-03-22T20:25:06.398+0000] {processor.py:830} INFO - Processing file /opt/airflow/dags/crawl_crypto_prices.py for tasks to queue
[2026-03-22T20:25:06.399+0000] {logging_mixin.py:188} INFO - [2026-03-22T20:25:06.399+0000] {dagbag.py:538} INFO - Filling up the DagBag from /opt/airflow/dags/crawl_crypto_prices.py
[2026-03-22T20:25:06.411+0000] {processor.py:840} INFO - DAG(s) 'crawl_crypto_prices' retrieved from /opt/airflow/dags/crawl_crypto_prices.py
[2026-03-22T20:25:06.436+0000] {logging_mixin.py:188} INFO - [2026-03-22T20:25:06.435+0000] {dag.py:3036} INFO - Sync 1 DAGs
[2026-03-22T20:25:06.459+0000] {logging_mixin.py:188} INFO - [2026-03-22T20:25:06.458+0000] {dag.py:3823} INFO - Setting next_dagrun for crawl_crypto_prices to 2026-03-22 20:00:00+00:00, run_after=2026-03-22 21:00:00+00:00
[2026-03-22T20:25:06.490+0000] {processor.py:183} INFO - Processing /opt/airflow/dags/crawl_crypto_prices.py took 0.096 seconds
[2026-03-22T21:33:56.263+0000] {processor.py:161} INFO - Started process (PID=7912) to work on /opt/airflow/dags/crawl_crypto_prices.py
[2026-03-22T21:33:56.264+0000] {processor.py:830} INFO - Processing file /opt/airflow/dags/crawl_crypto_prices.py for tasks to queue
[2026-03-22T21:33:56.265+0000] {logging_mixin.py:188} INFO - [2026-03-22T21:33:56.265+0000] {dagbag.py:538} INFO - Filling up the DagBag from /opt/airflow/dags/crawl_crypto_prices.py
[2026-03-22T21:33:56.276+0000] {processor.py:840} INFO - DAG(s) 'crawl_crypto_prices' retrieved from /opt/airflow/dags/crawl_crypto_prices.py
[2026-03-22T21:33:56.298+0000] {logging_mixin.py:188} INFO - [2026-03-22T21:33:56.298+0000] {dag.py:3036} INFO - Sync 1 DAGs
[2026-03-22T21:33:56.316+0000] {logging_mixin.py:188} INFO - [2026-03-22T21:33:56.316+0000] {dag.py:3823} INFO - Setting next_dagrun for crawl_crypto_prices to 2026-03-22 21:00:00+00:00, run_after=2026-03-22 22:00:00+00:00
[2026-03-22T21:33:56.334+0000] {processor.py:183} INFO - Processing /opt/airflow/dags/crawl_crypto_prices.py took 0.073 seconds
[2026-03-22T21:51:54.568+0000] {processor.py:161} INFO - Started process (PID=7917) to work on /opt/airflow/dags/crawl_crypto_prices.py
[2026-03-22T21:51:54.569+0000] {processor.py:830} INFO - Processing file /opt/airflow/dags/crawl_crypto_prices.py for tasks to queue
[2026-03-22T21:51:54.570+0000] {logging_mixin.py:188} INFO - [2026-03-22T21:51:54.569+0000] {dagbag.py:538} INFO - Filling up the DagBag from /opt/airflow/dags/crawl_crypto_prices.py
[2026-03-22T21:51:54.581+0000] {processor.py:840} INFO - DAG(s) 'crawl_crypto_prices' retrieved from /opt/airflow/dags/crawl_crypto_prices.py
[2026-03-22T21:51:54.601+0000] {logging_mixin.py:188} INFO - [2026-03-22T21:51:54.601+0000] {dag.py:3036} INFO - Sync 1 DAGs
[2026-03-22T21:51:54.617+0000] {logging_mixin.py:188} INFO - [2026-03-22T21:51:54.617+0000] {dag.py:3823} INFO - Setting next_dagrun for crawl_crypto_prices to 2026-03-22 21:00:00+00:00, run_after=2026-03-22 22:00:00+00:00
[2026-03-22T21:51:54.630+0000] {processor.py:183} INFO - Processing /opt/airflow/dags/crawl_crypto_prices.py took 0.064 seconds
[2026-03-22T22:53:01.786+0000] {processor.py:161} INFO - Started process (PID=7926) to work on /opt/airflow/dags/crawl_crypto_prices.py
[2026-03-22T22:53:01.788+0000] {processor.py:830} INFO - Processing file /opt/airflow/dags/crawl_crypto_prices.py for tasks to queue
[2026-03-22T22:53:01.789+0000] {logging_mixin.py:188} INFO - [2026-03-22T22:53:01.789+0000] {dagbag.py:538} INFO - Filling up the DagBag from /opt/airflow/dags/crawl_crypto_prices.py
[2026-03-22T22:53:01.808+0000] {processor.py:840} INFO - DAG(s) 'crawl_crypto_prices' retrieved from /opt/airflow/dags/crawl_crypto_prices.py
[2026-03-22T22:53:01.846+0000] {logging_mixin.py:188} INFO - [2026-03-22T22:53:01.845+0000] {dag.py:3036} INFO - Sync 1 DAGs
[2026-03-22T22:53:01.862+0000] {logging_mixin.py:188} INFO - [2026-03-22T22:53:01.862+0000] {dag.py:3823} INFO - Setting next_dagrun for crawl_crypto_prices to 2026-03-22 22:00:00+00:00, run_after=2026-03-22 23:00:00+00:00
[2026-03-22T22:53:01.885+0000] {processor.py:183} INFO - Processing /opt/airflow/dags/crawl_crypto_prices.py took 0.103 seconds
