[2026-03-19T00:02:28.416+0000] {processor.py:161} INFO - Started process (PID=5063) to work on /opt/airflow/dags/crawl_crypto_prices.py
[2026-03-19T00:02:28.417+0000] {processor.py:830} INFO - Processing file /opt/airflow/dags/crawl_crypto_prices.py for tasks to queue
[2026-03-19T00:02:28.418+0000] {logging_mixin.py:188} INFO - [2026-03-19T00:02:28.418+0000] {dagbag.py:538} INFO - Filling up the DagBag from /opt/airflow/dags/crawl_crypto_prices.py
[2026-03-19T00:02:28.432+0000] {processor.py:840} INFO - DAG(s) 'crawl_crypto_prices' retrieved from /opt/airflow/dags/crawl_crypto_prices.py
[2026-03-19T00:02:28.453+0000] {logging_mixin.py:188} INFO - [2026-03-19T00:02:28.453+0000] {dag.py:3036} INFO - Sync 1 DAGs
[2026-03-19T00:02:28.486+0000] {logging_mixin.py:188} INFO - [2026-03-19T00:02:28.485+0000] {dag.py:3823} INFO - Setting next_dagrun for crawl_crypto_prices to 2026-03-19 00:00:00+00:00, run_after=2026-03-19 01:00:00+00:00
[2026-03-19T00:02:28.506+0000] {processor.py:183} INFO - Processing /opt/airflow/dags/crawl_crypto_prices.py took 0.094 seconds
[2026-03-19T00:02:58.839+0000] {processor.py:161} INFO - Started process (PID=5070) to work on /opt/airflow/dags/crawl_crypto_prices.py
[2026-03-19T00:02:58.840+0000] {processor.py:830} INFO - Processing file /opt/airflow/dags/crawl_crypto_prices.py for tasks to queue
[2026-03-19T00:02:58.841+0000] {logging_mixin.py:188} INFO - [2026-03-19T00:02:58.841+0000] {dagbag.py:538} INFO - Filling up the DagBag from /opt/airflow/dags/crawl_crypto_prices.py
[2026-03-19T00:02:58.849+0000] {processor.py:840} INFO - DAG(s) 'crawl_crypto_prices' retrieved from /opt/airflow/dags/crawl_crypto_prices.py
[2026-03-19T00:02:58.866+0000] {logging_mixin.py:188} INFO - [2026-03-19T00:02:58.866+0000] {dag.py:3036} INFO - Sync 1 DAGs
[2026-03-19T00:02:58.876+0000] {logging_mixin.py:188} INFO - [2026-03-19T00:02:58.876+0000] {dag.py:3823} INFO - Setting next_dagrun for crawl_crypto_prices to 2026-03-19 00:00:00+00:00, run_after=2026-03-19 01:00:00+00:00
[2026-03-19T00:02:58.882+0000] {processor.py:183} INFO - Processing /opt/airflow/dags/crawl_crypto_prices.py took 0.045 seconds
[2026-03-19T00:20:12.262+0000] {processor.py:161} INFO - Started process (PID=5077) to work on /opt/airflow/dags/crawl_crypto_prices.py
[2026-03-19T00:20:12.263+0000] {processor.py:830} INFO - Processing file /opt/airflow/dags/crawl_crypto_prices.py for tasks to queue
[2026-03-19T00:20:12.263+0000] {logging_mixin.py:188} INFO - [2026-03-19T00:20:12.263+0000] {dagbag.py:538} INFO - Filling up the DagBag from /opt/airflow/dags/crawl_crypto_prices.py
[2026-03-19T00:20:12.271+0000] {processor.py:840} INFO - DAG(s) 'crawl_crypto_prices' retrieved from /opt/airflow/dags/crawl_crypto_prices.py
[2026-03-19T00:20:12.291+0000] {logging_mixin.py:188} INFO - [2026-03-19T00:20:12.291+0000] {dag.py:3036} INFO - Sync 1 DAGs
[2026-03-19T00:20:12.309+0000] {logging_mixin.py:188} INFO - [2026-03-19T00:20:12.309+0000] {dag.py:3823} INFO - Setting next_dagrun for crawl_crypto_prices to 2026-03-19 00:00:00+00:00, run_after=2026-03-19 01:00:00+00:00
[2026-03-19T00:20:12.324+0000] {processor.py:183} INFO - Processing /opt/airflow/dags/crawl_crypto_prices.py took 0.065 seconds
[2026-03-19T00:28:24.584+0000] {processor.py:161} INFO - Started process (PID=5082) to work on /opt/airflow/dags/crawl_crypto_prices.py
[2026-03-19T00:28:24.585+0000] {processor.py:830} INFO - Processing file /opt/airflow/dags/crawl_crypto_prices.py for tasks to queue
[2026-03-19T00:28:24.586+0000] {logging_mixin.py:188} INFO - [2026-03-19T00:28:24.585+0000] {dagbag.py:538} INFO - Filling up the DagBag from /opt/airflow/dags/crawl_crypto_prices.py
[2026-03-19T00:28:24.594+0000] {processor.py:840} INFO - DAG(s) 'crawl_crypto_prices' retrieved from /opt/airflow/dags/crawl_crypto_prices.py
[2026-03-19T00:28:24.614+0000] {logging_mixin.py:188} INFO - [2026-03-19T00:28:24.614+0000] {dag.py:3036} INFO - Sync 1 DAGs
[2026-03-19T00:28:24.632+0000] {logging_mixin.py:188} INFO - [2026-03-19T00:28:24.632+0000] {dag.py:3823} INFO - Setting next_dagrun for crawl_crypto_prices to 2026-03-19 00:00:00+00:00, run_after=2026-03-19 01:00:00+00:00
[2026-03-19T00:28:24.646+0000] {processor.py:183} INFO - Processing /opt/airflow/dags/crawl_crypto_prices.py took 0.065 seconds
[2026-03-19T00:28:54.978+0000] {processor.py:161} INFO - Started process (PID=5087) to work on /opt/airflow/dags/crawl_crypto_prices.py
[2026-03-19T00:28:54.979+0000] {processor.py:830} INFO - Processing file /opt/airflow/dags/crawl_crypto_prices.py for tasks to queue
[2026-03-19T00:28:54.980+0000] {logging_mixin.py:188} INFO - [2026-03-19T00:28:54.979+0000] {dagbag.py:538} INFO - Filling up the DagBag from /opt/airflow/dags/crawl_crypto_prices.py
[2026-03-19T00:28:54.992+0000] {processor.py:840} INFO - DAG(s) 'crawl_crypto_prices' retrieved from /opt/airflow/dags/crawl_crypto_prices.py
[2026-03-19T00:28:55.014+0000] {logging_mixin.py:188} INFO - [2026-03-19T00:28:55.014+0000] {dag.py:3036} INFO - Sync 1 DAGs
[2026-03-19T00:28:55.025+0000] {logging_mixin.py:188} INFO - [2026-03-19T00:28:55.025+0000] {dag.py:3823} INFO - Setting next_dagrun for crawl_crypto_prices to 2026-03-19 00:00:00+00:00, run_after=2026-03-19 01:00:00+00:00
[2026-03-19T00:28:55.032+0000] {processor.py:183} INFO - Processing /opt/airflow/dags/crawl_crypto_prices.py took 0.060 seconds
[2026-03-19T00:45:22.461+0000] {processor.py:161} INFO - Started process (PID=5093) to work on /opt/airflow/dags/crawl_crypto_prices.py
[2026-03-19T00:45:22.464+0000] {processor.py:830} INFO - Processing file /opt/airflow/dags/crawl_crypto_prices.py for tasks to queue
[2026-03-19T00:45:22.465+0000] {logging_mixin.py:188} INFO - [2026-03-19T00:45:22.465+0000] {dagbag.py:538} INFO - Filling up the DagBag from /opt/airflow/dags/crawl_crypto_prices.py
[2026-03-19T00:45:22.482+0000] {processor.py:840} INFO - DAG(s) 'crawl_crypto_prices' retrieved from /opt/airflow/dags/crawl_crypto_prices.py
[2026-03-19T00:45:22.509+0000] {logging_mixin.py:188} INFO - [2026-03-19T00:45:22.509+0000] {dag.py:3036} INFO - Sync 1 DAGs
[2026-03-19T00:45:22.532+0000] {logging_mixin.py:188} INFO - [2026-03-19T00:45:22.532+0000] {dag.py:3823} INFO - Setting next_dagrun for crawl_crypto_prices to 2026-03-19 00:00:00+00:00, run_after=2026-03-19 01:00:00+00:00
[2026-03-19T00:45:22.548+0000] {processor.py:183} INFO - Processing /opt/airflow/dags/crawl_crypto_prices.py took 0.091 seconds
[2026-03-19T00:45:52.843+0000] {processor.py:161} INFO - Started process (PID=5099) to work on /opt/airflow/dags/crawl_crypto_prices.py
[2026-03-19T00:45:52.844+0000] {processor.py:830} INFO - Processing file /opt/airflow/dags/crawl_crypto_prices.py for tasks to queue
[2026-03-19T00:45:52.845+0000] {logging_mixin.py:188} INFO - [2026-03-19T00:45:52.845+0000] {dagbag.py:538} INFO - Filling up the DagBag from /opt/airflow/dags/crawl_crypto_prices.py
[2026-03-19T00:45:52.854+0000] {processor.py:840} INFO - DAG(s) 'crawl_crypto_prices' retrieved from /opt/airflow/dags/crawl_crypto_prices.py
[2026-03-19T00:45:52.873+0000] {logging_mixin.py:188} INFO - [2026-03-19T00:45:52.873+0000] {dag.py:3036} INFO - Sync 1 DAGs
[2026-03-19T00:45:52.884+0000] {logging_mixin.py:188} INFO - [2026-03-19T00:45:52.884+0000] {dag.py:3823} INFO - Setting next_dagrun for crawl_crypto_prices to 2026-03-19 00:00:00+00:00, run_after=2026-03-19 01:00:00+00:00
[2026-03-19T00:45:52.890+0000] {processor.py:183} INFO - Processing /opt/airflow/dags/crawl_crypto_prices.py took 0.050 seconds
[2026-03-19T01:29:14.212+0000] {processor.py:161} INFO - Started process (PID=5106) to work on /opt/airflow/dags/crawl_crypto_prices.py
[2026-03-19T01:29:14.214+0000] {processor.py:830} INFO - Processing file /opt/airflow/dags/crawl_crypto_prices.py for tasks to queue
[2026-03-19T01:29:14.215+0000] {logging_mixin.py:188} INFO - [2026-03-19T01:29:14.215+0000] {dagbag.py:538} INFO - Filling up the DagBag from /opt/airflow/dags/crawl_crypto_prices.py
[2026-03-19T01:29:14.227+0000] {processor.py:840} INFO - DAG(s) 'crawl_crypto_prices' retrieved from /opt/airflow/dags/crawl_crypto_prices.py
[2026-03-19T01:29:14.258+0000] {logging_mixin.py:188} INFO - [2026-03-19T01:29:14.258+0000] {dag.py:3036} INFO - Sync 1 DAGs
[2026-03-19T01:29:14.287+0000] {logging_mixin.py:188} INFO - [2026-03-19T01:29:14.287+0000] {dag.py:3823} INFO - Setting next_dagrun for crawl_crypto_prices to 2026-03-19 01:00:00+00:00, run_after=2026-03-19 02:00:00+00:00
[2026-03-19T01:29:14.319+0000] {processor.py:183} INFO - Processing /opt/airflow/dags/crawl_crypto_prices.py took 0.110 seconds
[2026-03-19T01:46:11.432+0000] {processor.py:161} INFO - Started process (PID=5111) to work on /opt/airflow/dags/crawl_crypto_prices.py
[2026-03-19T01:46:11.434+0000] {processor.py:830} INFO - Processing file /opt/airflow/dags/crawl_crypto_prices.py for tasks to queue
[2026-03-19T01:46:11.436+0000] {logging_mixin.py:188} INFO - [2026-03-19T01:46:11.435+0000] {dagbag.py:538} INFO - Filling up the DagBag from /opt/airflow/dags/crawl_crypto_prices.py
[2026-03-19T01:46:11.463+0000] {processor.py:840} INFO - DAG(s) 'crawl_crypto_prices' retrieved from /opt/airflow/dags/crawl_crypto_prices.py
[2026-03-19T01:46:11.529+0000] {logging_mixin.py:188} INFO - [2026-03-19T01:46:11.528+0000] {dag.py:3036} INFO - Sync 1 DAGs
[2026-03-19T01:46:11.570+0000] {logging_mixin.py:188} INFO - [2026-03-19T01:46:11.570+0000] {dag.py:3823} INFO - Setting next_dagrun for crawl_crypto_prices to 2026-03-19 01:00:00+00:00, run_after=2026-03-19 02:00:00+00:00
[2026-03-19T01:46:11.588+0000] {processor.py:183} INFO - Processing /opt/airflow/dags/crawl_crypto_prices.py took 0.164 seconds
[2026-03-19T01:46:41.719+0000] {processor.py:161} INFO - Started process (PID=5116) to work on /opt/airflow/dags/crawl_crypto_prices.py
[2026-03-19T01:46:41.720+0000] {processor.py:830} INFO - Processing file /opt/airflow/dags/crawl_crypto_prices.py for tasks to queue
[2026-03-19T01:46:41.721+0000] {logging_mixin.py:188} INFO - [2026-03-19T01:46:41.721+0000] {dagbag.py:538} INFO - Filling up the DagBag from /opt/airflow/dags/crawl_crypto_prices.py
[2026-03-19T01:46:41.733+0000] {processor.py:840} INFO - DAG(s) 'crawl_crypto_prices' retrieved from /opt/airflow/dags/crawl_crypto_prices.py
[2026-03-19T01:46:41.763+0000] {logging_mixin.py:188} INFO - [2026-03-19T01:46:41.763+0000] {dag.py:3036} INFO - Sync 1 DAGs
[2026-03-19T01:46:41.783+0000] {logging_mixin.py:188} INFO - [2026-03-19T01:46:41.783+0000] {dag.py:3823} INFO - Setting next_dagrun for crawl_crypto_prices to 2026-03-19 01:00:00+00:00, run_after=2026-03-19 02:00:00+00:00
[2026-03-19T01:46:41.797+0000] {processor.py:183} INFO - Processing /opt/airflow/dags/crawl_crypto_prices.py took 0.083 seconds
[2026-03-19T01:47:12.016+0000] {processor.py:161} INFO - Started process (PID=5121) to work on /opt/airflow/dags/crawl_crypto_prices.py
[2026-03-19T01:47:12.017+0000] {processor.py:830} INFO - Processing file /opt/airflow/dags/crawl_crypto_prices.py for tasks to queue
[2026-03-19T01:47:12.018+0000] {logging_mixin.py:188} INFO - [2026-03-19T01:47:12.018+0000] {dagbag.py:538} INFO - Filling up the DagBag from /opt/airflow/dags/crawl_crypto_prices.py
[2026-03-19T01:47:12.029+0000] {processor.py:840} INFO - DAG(s) 'crawl_crypto_prices' retrieved from /opt/airflow/dags/crawl_crypto_prices.py
[2026-03-19T01:47:12.052+0000] {logging_mixin.py:188} INFO - [2026-03-19T01:47:12.052+0000] {dag.py:3036} INFO - Sync 1 DAGs
[2026-03-19T01:47:12.070+0000] {logging_mixin.py:188} INFO - [2026-03-19T01:47:12.070+0000] {dag.py:3823} INFO - Setting next_dagrun for crawl_crypto_prices to 2026-03-19 01:00:00+00:00, run_after=2026-03-19 02:00:00+00:00
[2026-03-19T01:47:12.081+0000] {processor.py:183} INFO - Processing /opt/airflow/dags/crawl_crypto_prices.py took 0.069 seconds
[2026-03-19T01:47:42.298+0000] {processor.py:161} INFO - Started process (PID=5126) to work on /opt/airflow/dags/crawl_crypto_prices.py
[2026-03-19T01:47:42.299+0000] {processor.py:830} INFO - Processing file /opt/airflow/dags/crawl_crypto_prices.py for tasks to queue
[2026-03-19T01:47:42.299+0000] {logging_mixin.py:188} INFO - [2026-03-19T01:47:42.299+0000] {dagbag.py:538} INFO - Filling up the DagBag from /opt/airflow/dags/crawl_crypto_prices.py
[2026-03-19T01:47:42.309+0000] {processor.py:840} INFO - DAG(s) 'crawl_crypto_prices' retrieved from /opt/airflow/dags/crawl_crypto_prices.py
[2026-03-19T01:47:42.331+0000] {logging_mixin.py:188} INFO - [2026-03-19T01:47:42.331+0000] {dag.py:3036} INFO - Sync 1 DAGs
[2026-03-19T01:47:42.348+0000] {logging_mixin.py:188} INFO - [2026-03-19T01:47:42.348+0000] {dag.py:3823} INFO - Setting next_dagrun for crawl_crypto_prices to 2026-03-19 01:00:00+00:00, run_after=2026-03-19 02:00:00+00:00
[2026-03-19T01:47:42.360+0000] {processor.py:183} INFO - Processing /opt/airflow/dags/crawl_crypto_prices.py took 0.065 seconds
[2026-03-19T01:48:12.570+0000] {processor.py:161} INFO - Started process (PID=5131) to work on /opt/airflow/dags/crawl_crypto_prices.py
[2026-03-19T01:48:12.571+0000] {processor.py:830} INFO - Processing file /opt/airflow/dags/crawl_crypto_prices.py for tasks to queue
[2026-03-19T01:48:12.572+0000] {logging_mixin.py:188} INFO - [2026-03-19T01:48:12.572+0000] {dagbag.py:538} INFO - Filling up the DagBag from /opt/airflow/dags/crawl_crypto_prices.py
[2026-03-19T01:48:12.581+0000] {processor.py:840} INFO - DAG(s) 'crawl_crypto_prices' retrieved from /opt/airflow/dags/crawl_crypto_prices.py
[2026-03-19T01:48:12.605+0000] {logging_mixin.py:188} INFO - [2026-03-19T01:48:12.605+0000] {dag.py:3036} INFO - Sync 1 DAGs
[2026-03-19T01:48:12.622+0000] {logging_mixin.py:188} INFO - [2026-03-19T01:48:12.622+0000] {dag.py:3823} INFO - Setting next_dagrun for crawl_crypto_prices to 2026-03-19 01:00:00+00:00, run_after=2026-03-19 02:00:00+00:00
[2026-03-19T01:48:12.634+0000] {processor.py:183} INFO - Processing /opt/airflow/dags/crawl_crypto_prices.py took 0.067 seconds
[2026-03-19T01:48:42.845+0000] {processor.py:161} INFO - Started process (PID=5136) to work on /opt/airflow/dags/crawl_crypto_prices.py
[2026-03-19T01:48:42.845+0000] {processor.py:830} INFO - Processing file /opt/airflow/dags/crawl_crypto_prices.py for tasks to queue
[2026-03-19T01:48:42.846+0000] {logging_mixin.py:188} INFO - [2026-03-19T01:48:42.846+0000] {dagbag.py:538} INFO - Filling up the DagBag from /opt/airflow/dags/crawl_crypto_prices.py
[2026-03-19T01:48:42.855+0000] {processor.py:840} INFO - DAG(s) 'crawl_crypto_prices' retrieved from /opt/airflow/dags/crawl_crypto_prices.py
[2026-03-19T01:48:42.881+0000] {logging_mixin.py:188} INFO - [2026-03-19T01:48:42.880+0000] {dag.py:3036} INFO - Sync 1 DAGs
[2026-03-19T01:48:42.897+0000] {logging_mixin.py:188} INFO - [2026-03-19T01:48:42.897+0000] {dag.py:3823} INFO - Setting next_dagrun for crawl_crypto_prices to 2026-03-19 01:00:00+00:00, run_after=2026-03-19 02:00:00+00:00
[2026-03-19T01:48:42.910+0000] {processor.py:183} INFO - Processing /opt/airflow/dags/crawl_crypto_prices.py took 0.068 seconds
[2026-03-19T01:49:13.203+0000] {processor.py:161} INFO - Started process (PID=5141) to work on /opt/airflow/dags/crawl_crypto_prices.py
[2026-03-19T01:49:13.204+0000] {processor.py:830} INFO - Processing file /opt/airflow/dags/crawl_crypto_prices.py for tasks to queue
[2026-03-19T01:49:13.205+0000] {logging_mixin.py:188} INFO - [2026-03-19T01:49:13.204+0000] {dagbag.py:538} INFO - Filling up the DagBag from /opt/airflow/dags/crawl_crypto_prices.py
[2026-03-19T01:49:13.213+0000] {processor.py:840} INFO - DAG(s) 'crawl_crypto_prices' retrieved from /opt/airflow/dags/crawl_crypto_prices.py
[2026-03-19T01:49:13.232+0000] {logging_mixin.py:188} INFO - [2026-03-19T01:49:13.232+0000] {dag.py:3036} INFO - Sync 1 DAGs
[2026-03-19T01:49:13.248+0000] {logging_mixin.py:188} INFO - [2026-03-19T01:49:13.248+0000] {dag.py:3823} INFO - Setting next_dagrun for crawl_crypto_prices to 2026-03-19 01:00:00+00:00, run_after=2026-03-19 02:00:00+00:00
[2026-03-19T01:49:13.259+0000] {processor.py:183} INFO - Processing /opt/airflow/dags/crawl_crypto_prices.py took 0.059 seconds
[2026-03-19T01:51:28.145+0000] {processor.py:161} INFO - Started process (PID=5146) to work on /opt/airflow/dags/crawl_crypto_prices.py
[2026-03-19T01:51:28.146+0000] {processor.py:830} INFO - Processing file /opt/airflow/dags/crawl_crypto_prices.py for tasks to queue
[2026-03-19T01:51:28.147+0000] {logging_mixin.py:188} INFO - [2026-03-19T01:51:28.147+0000] {dagbag.py:538} INFO - Filling up the DagBag from /opt/airflow/dags/crawl_crypto_prices.py
[2026-03-19T01:51:28.158+0000] {processor.py:840} INFO - DAG(s) 'crawl_crypto_prices' retrieved from /opt/airflow/dags/crawl_crypto_prices.py
[2026-03-19T01:51:28.185+0000] {logging_mixin.py:188} INFO - [2026-03-19T01:51:28.185+0000] {dag.py:3036} INFO - Sync 1 DAGs
[2026-03-19T01:51:28.206+0000] {logging_mixin.py:188} INFO - [2026-03-19T01:51:28.206+0000] {dag.py:3823} INFO - Setting next_dagrun for crawl_crypto_prices to 2026-03-19 01:00:00+00:00, run_after=2026-03-19 02:00:00+00:00
[2026-03-19T01:51:28.221+0000] {processor.py:183} INFO - Processing /opt/airflow/dags/crawl_crypto_prices.py took 0.079 seconds
[2026-03-19T01:51:58.480+0000] {processor.py:161} INFO - Started process (PID=5151) to work on /opt/airflow/dags/crawl_crypto_prices.py
[2026-03-19T01:51:58.481+0000] {processor.py:830} INFO - Processing file /opt/airflow/dags/crawl_crypto_prices.py for tasks to queue
[2026-03-19T01:51:58.482+0000] {logging_mixin.py:188} INFO - [2026-03-19T01:51:58.482+0000] {dagbag.py:538} INFO - Filling up the DagBag from /opt/airflow/dags/crawl_crypto_prices.py
[2026-03-19T01:51:58.499+0000] {processor.py:840} INFO - DAG(s) 'crawl_crypto_prices' retrieved from /opt/airflow/dags/crawl_crypto_prices.py
[2026-03-19T01:51:58.533+0000] {logging_mixin.py:188} INFO - [2026-03-19T01:51:58.533+0000] {dag.py:3036} INFO - Sync 1 DAGs
[2026-03-19T01:51:58.554+0000] {logging_mixin.py:188} INFO - [2026-03-19T01:51:58.554+0000] {dag.py:3823} INFO - Setting next_dagrun for crawl_crypto_prices to 2026-03-19 01:00:00+00:00, run_after=2026-03-19 02:00:00+00:00
[2026-03-19T01:51:58.565+0000] {processor.py:183} INFO - Processing /opt/airflow/dags/crawl_crypto_prices.py took 0.091 seconds
[2026-03-19T01:52:28.822+0000] {processor.py:161} INFO - Started process (PID=5156) to work on /opt/airflow/dags/crawl_crypto_prices.py
[2026-03-19T01:52:28.825+0000] {processor.py:830} INFO - Processing file /opt/airflow/dags/crawl_crypto_prices.py for tasks to queue
[2026-03-19T01:52:28.827+0000] {logging_mixin.py:188} INFO - [2026-03-19T01:52:28.826+0000] {dagbag.py:538} INFO - Filling up the DagBag from /opt/airflow/dags/crawl_crypto_prices.py
[2026-03-19T01:52:28.837+0000] {processor.py:840} INFO - DAG(s) 'crawl_crypto_prices' retrieved from /opt/airflow/dags/crawl_crypto_prices.py
[2026-03-19T01:52:28.861+0000] {logging_mixin.py:188} INFO - [2026-03-19T01:52:28.861+0000] {dag.py:3036} INFO - Sync 1 DAGs
[2026-03-19T01:52:28.878+0000] {logging_mixin.py:188} INFO - [2026-03-19T01:52:28.877+0000] {dag.py:3823} INFO - Setting next_dagrun for crawl_crypto_prices to 2026-03-19 01:00:00+00:00, run_after=2026-03-19 02:00:00+00:00
[2026-03-19T01:52:28.890+0000] {processor.py:183} INFO - Processing /opt/airflow/dags/crawl_crypto_prices.py took 0.072 seconds
[2026-03-19T01:52:59.143+0000] {processor.py:161} INFO - Started process (PID=5161) to work on /opt/airflow/dags/crawl_crypto_prices.py
[2026-03-19T01:52:59.144+0000] {processor.py:830} INFO - Processing file /opt/airflow/dags/crawl_crypto_prices.py for tasks to queue
[2026-03-19T01:52:59.145+0000] {logging_mixin.py:188} INFO - [2026-03-19T01:52:59.145+0000] {dagbag.py:538} INFO - Filling up the DagBag from /opt/airflow/dags/crawl_crypto_prices.py
[2026-03-19T01:52:59.155+0000] {processor.py:840} INFO - DAG(s) 'crawl_crypto_prices' retrieved from /opt/airflow/dags/crawl_crypto_prices.py
[2026-03-19T01:52:59.178+0000] {logging_mixin.py:188} INFO - [2026-03-19T01:52:59.178+0000] {dag.py:3036} INFO - Sync 1 DAGs
[2026-03-19T01:52:59.195+0000] {logging_mixin.py:188} INFO - [2026-03-19T01:52:59.195+0000] {dag.py:3823} INFO - Setting next_dagrun for crawl_crypto_prices to 2026-03-19 01:00:00+00:00, run_after=2026-03-19 02:00:00+00:00
[2026-03-19T01:52:59.208+0000] {processor.py:183} INFO - Processing /opt/airflow/dags/crawl_crypto_prices.py took 0.068 seconds
[2026-03-19T01:53:29.444+0000] {processor.py:161} INFO - Started process (PID=5166) to work on /opt/airflow/dags/crawl_crypto_prices.py
[2026-03-19T01:53:29.445+0000] {processor.py:830} INFO - Processing file /opt/airflow/dags/crawl_crypto_prices.py for tasks to queue
[2026-03-19T01:53:29.446+0000] {logging_mixin.py:188} INFO - [2026-03-19T01:53:29.445+0000] {dagbag.py:538} INFO - Filling up the DagBag from /opt/airflow/dags/crawl_crypto_prices.py
[2026-03-19T01:53:29.455+0000] {processor.py:840} INFO - DAG(s) 'crawl_crypto_prices' retrieved from /opt/airflow/dags/crawl_crypto_prices.py
[2026-03-19T01:53:29.479+0000] {logging_mixin.py:188} INFO - [2026-03-19T01:53:29.479+0000] {dag.py:3036} INFO - Sync 1 DAGs
[2026-03-19T01:53:29.497+0000] {logging_mixin.py:188} INFO - [2026-03-19T01:53:29.497+0000] {dag.py:3823} INFO - Setting next_dagrun for crawl_crypto_prices to 2026-03-19 01:00:00+00:00, run_after=2026-03-19 02:00:00+00:00
[2026-03-19T01:53:29.512+0000] {processor.py:183} INFO - Processing /opt/airflow/dags/crawl_crypto_prices.py took 0.072 seconds
[2026-03-19T01:53:59.815+0000] {processor.py:161} INFO - Started process (PID=5171) to work on /opt/airflow/dags/crawl_crypto_prices.py
[2026-03-19T01:53:59.815+0000] {processor.py:830} INFO - Processing file /opt/airflow/dags/crawl_crypto_prices.py for tasks to queue
[2026-03-19T01:53:59.816+0000] {logging_mixin.py:188} INFO - [2026-03-19T01:53:59.816+0000] {dagbag.py:538} INFO - Filling up the DagBag from /opt/airflow/dags/crawl_crypto_prices.py
[2026-03-19T01:53:59.826+0000] {processor.py:840} INFO - DAG(s) 'crawl_crypto_prices' retrieved from /opt/airflow/dags/crawl_crypto_prices.py
[2026-03-19T01:53:59.850+0000] {logging_mixin.py:188} INFO - [2026-03-19T01:53:59.850+0000] {dag.py:3036} INFO - Sync 1 DAGs
[2026-03-19T01:53:59.868+0000] {logging_mixin.py:188} INFO - [2026-03-19T01:53:59.868+0000] {dag.py:3823} INFO - Setting next_dagrun for crawl_crypto_prices to 2026-03-19 01:00:00+00:00, run_after=2026-03-19 02:00:00+00:00
[2026-03-19T01:53:59.880+0000] {processor.py:183} INFO - Processing /opt/airflow/dags/crawl_crypto_prices.py took 0.069 seconds
[2026-03-19T01:54:30.137+0000] {processor.py:161} INFO - Started process (PID=5176) to work on /opt/airflow/dags/crawl_crypto_prices.py
[2026-03-19T01:54:30.138+0000] {processor.py:830} INFO - Processing file /opt/airflow/dags/crawl_crypto_prices.py for tasks to queue
[2026-03-19T01:54:30.139+0000] {logging_mixin.py:188} INFO - [2026-03-19T01:54:30.138+0000] {dagbag.py:538} INFO - Filling up the DagBag from /opt/airflow/dags/crawl_crypto_prices.py
[2026-03-19T01:54:30.149+0000] {processor.py:840} INFO - DAG(s) 'crawl_crypto_prices' retrieved from /opt/airflow/dags/crawl_crypto_prices.py
[2026-03-19T01:54:30.172+0000] {logging_mixin.py:188} INFO - [2026-03-19T01:54:30.172+0000] {dag.py:3036} INFO - Sync 1 DAGs
[2026-03-19T01:54:30.193+0000] {logging_mixin.py:188} INFO - [2026-03-19T01:54:30.192+0000] {dag.py:3823} INFO - Setting next_dagrun for crawl_crypto_prices to 2026-03-19 01:00:00+00:00, run_after=2026-03-19 02:00:00+00:00
[2026-03-19T01:54:30.210+0000] {processor.py:183} INFO - Processing /opt/airflow/dags/crawl_crypto_prices.py took 0.077 seconds
[2026-03-19T01:55:00.450+0000] {processor.py:161} INFO - Started process (PID=5181) to work on /opt/airflow/dags/crawl_crypto_prices.py
[2026-03-19T01:55:00.451+0000] {processor.py:830} INFO - Processing file /opt/airflow/dags/crawl_crypto_prices.py for tasks to queue
[2026-03-19T01:55:00.452+0000] {logging_mixin.py:188} INFO - [2026-03-19T01:55:00.452+0000] {dagbag.py:538} INFO - Filling up the DagBag from /opt/airflow/dags/crawl_crypto_prices.py
[2026-03-19T01:55:00.461+0000] {processor.py:840} INFO - DAG(s) 'crawl_crypto_prices' retrieved from /opt/airflow/dags/crawl_crypto_prices.py
[2026-03-19T01:55:00.486+0000] {logging_mixin.py:188} INFO - [2026-03-19T01:55:00.486+0000] {dag.py:3036} INFO - Sync 1 DAGs
[2026-03-19T01:55:00.504+0000] {logging_mixin.py:188} INFO - [2026-03-19T01:55:00.504+0000] {dag.py:3823} INFO - Setting next_dagrun for crawl_crypto_prices to 2026-03-19 01:00:00+00:00, run_after=2026-03-19 02:00:00+00:00
[2026-03-19T01:55:00.516+0000] {processor.py:183} INFO - Processing /opt/airflow/dags/crawl_crypto_prices.py took 0.069 seconds
[2026-03-19T01:55:30.819+0000] {processor.py:161} INFO - Started process (PID=5186) to work on /opt/airflow/dags/crawl_crypto_prices.py
[2026-03-19T01:55:30.820+0000] {processor.py:830} INFO - Processing file /opt/airflow/dags/crawl_crypto_prices.py for tasks to queue
[2026-03-19T01:55:30.821+0000] {logging_mixin.py:188} INFO - [2026-03-19T01:55:30.821+0000] {dagbag.py:538} INFO - Filling up the DagBag from /opt/airflow/dags/crawl_crypto_prices.py
[2026-03-19T01:55:30.829+0000] {processor.py:840} INFO - DAG(s) 'crawl_crypto_prices' retrieved from /opt/airflow/dags/crawl_crypto_prices.py
[2026-03-19T01:55:30.853+0000] {logging_mixin.py:188} INFO - [2026-03-19T01:55:30.853+0000] {dag.py:3036} INFO - Sync 1 DAGs
[2026-03-19T01:55:30.870+0000] {logging_mixin.py:188} INFO - [2026-03-19T01:55:30.869+0000] {dag.py:3823} INFO - Setting next_dagrun for crawl_crypto_prices to 2026-03-19 01:00:00+00:00, run_after=2026-03-19 02:00:00+00:00
[2026-03-19T01:55:30.882+0000] {processor.py:183} INFO - Processing /opt/airflow/dags/crawl_crypto_prices.py took 0.066 seconds
[2026-03-19T01:56:01.121+0000] {processor.py:161} INFO - Started process (PID=5191) to work on /opt/airflow/dags/crawl_crypto_prices.py
[2026-03-19T01:56:01.122+0000] {processor.py:830} INFO - Processing file /opt/airflow/dags/crawl_crypto_prices.py for tasks to queue
[2026-03-19T01:56:01.123+0000] {logging_mixin.py:188} INFO - [2026-03-19T01:56:01.122+0000] {dagbag.py:538} INFO - Filling up the DagBag from /opt/airflow/dags/crawl_crypto_prices.py
[2026-03-19T01:56:01.131+0000] {processor.py:840} INFO - DAG(s) 'crawl_crypto_prices' retrieved from /opt/airflow/dags/crawl_crypto_prices.py
[2026-03-19T01:56:01.155+0000] {logging_mixin.py:188} INFO - [2026-03-19T01:56:01.154+0000] {dag.py:3036} INFO - Sync 1 DAGs
[2026-03-19T01:56:01.171+0000] {logging_mixin.py:188} INFO - [2026-03-19T01:56:01.171+0000] {dag.py:3823} INFO - Setting next_dagrun for crawl_crypto_prices to 2026-03-19 01:00:00+00:00, run_after=2026-03-19 02:00:00+00:00
[2026-03-19T01:56:01.183+0000] {processor.py:183} INFO - Processing /opt/airflow/dags/crawl_crypto_prices.py took 0.066 seconds
[2026-03-19T01:56:31.410+0000] {processor.py:161} INFO - Started process (PID=5196) to work on /opt/airflow/dags/crawl_crypto_prices.py
[2026-03-19T01:56:31.411+0000] {processor.py:830} INFO - Processing file /opt/airflow/dags/crawl_crypto_prices.py for tasks to queue
[2026-03-19T01:56:31.412+0000] {logging_mixin.py:188} INFO - [2026-03-19T01:56:31.412+0000] {dagbag.py:538} INFO - Filling up the DagBag from /opt/airflow/dags/crawl_crypto_prices.py
[2026-03-19T01:56:31.422+0000] {processor.py:840} INFO - DAG(s) 'crawl_crypto_prices' retrieved from /opt/airflow/dags/crawl_crypto_prices.py
[2026-03-19T01:56:31.447+0000] {logging_mixin.py:188} INFO - [2026-03-19T01:56:31.447+0000] {dag.py:3036} INFO - Sync 1 DAGs
[2026-03-19T01:56:31.464+0000] {logging_mixin.py:188} INFO - [2026-03-19T01:56:31.464+0000] {dag.py:3823} INFO - Setting next_dagrun for crawl_crypto_prices to 2026-03-19 01:00:00+00:00, run_after=2026-03-19 02:00:00+00:00
[2026-03-19T01:56:31.475+0000] {processor.py:183} INFO - Processing /opt/airflow/dags/crawl_crypto_prices.py took 0.068 seconds
[2026-03-19T01:57:01.729+0000] {processor.py:161} INFO - Started process (PID=5201) to work on /opt/airflow/dags/crawl_crypto_prices.py
[2026-03-19T01:57:01.731+0000] {processor.py:830} INFO - Processing file /opt/airflow/dags/crawl_crypto_prices.py for tasks to queue
[2026-03-19T01:57:01.732+0000] {logging_mixin.py:188} INFO - [2026-03-19T01:57:01.732+0000] {dagbag.py:538} INFO - Filling up the DagBag from /opt/airflow/dags/crawl_crypto_prices.py
[2026-03-19T01:57:01.745+0000] {processor.py:840} INFO - DAG(s) 'crawl_crypto_prices' retrieved from /opt/airflow/dags/crawl_crypto_prices.py
[2026-03-19T01:57:01.773+0000] {logging_mixin.py:188} INFO - [2026-03-19T01:57:01.773+0000] {dag.py:3036} INFO - Sync 1 DAGs
[2026-03-19T01:57:01.794+0000] {logging_mixin.py:188} INFO - [2026-03-19T01:57:01.794+0000] {dag.py:3823} INFO - Setting next_dagrun for crawl_crypto_prices to 2026-03-19 01:00:00+00:00, run_after=2026-03-19 02:00:00+00:00
[2026-03-19T01:57:01.807+0000] {processor.py:183} INFO - Processing /opt/airflow/dags/crawl_crypto_prices.py took 0.082 seconds
[2026-03-19T01:59:35.157+0000] {processor.py:161} INFO - Started process (PID=5206) to work on /opt/airflow/dags/crawl_crypto_prices.py
[2026-03-19T01:59:35.158+0000] {processor.py:830} INFO - Processing file /opt/airflow/dags/crawl_crypto_prices.py for tasks to queue
[2026-03-19T01:59:35.158+0000] {logging_mixin.py:188} INFO - [2026-03-19T01:59:35.158+0000] {dagbag.py:538} INFO - Filling up the DagBag from /opt/airflow/dags/crawl_crypto_prices.py
[2026-03-19T01:59:35.167+0000] {processor.py:840} INFO - DAG(s) 'crawl_crypto_prices' retrieved from /opt/airflow/dags/crawl_crypto_prices.py
[2026-03-19T01:59:35.190+0000] {logging_mixin.py:188} INFO - [2026-03-19T01:59:35.190+0000] {dag.py:3036} INFO - Sync 1 DAGs
[2026-03-19T01:59:35.207+0000] {logging_mixin.py:188} INFO - [2026-03-19T01:59:35.207+0000] {dag.py:3823} INFO - Setting next_dagrun for crawl_crypto_prices to 2026-03-19 01:00:00+00:00, run_after=2026-03-19 02:00:00+00:00
[2026-03-19T01:59:35.220+0000] {processor.py:183} INFO - Processing /opt/airflow/dags/crawl_crypto_prices.py took 0.067 seconds
[2026-03-19T02:00:05.392+0000] {processor.py:161} INFO - Started process (PID=5213) to work on /opt/airflow/dags/crawl_crypto_prices.py
[2026-03-19T02:00:05.392+0000] {processor.py:830} INFO - Processing file /opt/airflow/dags/crawl_crypto_prices.py for tasks to queue
[2026-03-19T02:00:05.393+0000] {logging_mixin.py:188} INFO - [2026-03-19T02:00:05.393+0000] {dagbag.py:538} INFO - Filling up the DagBag from /opt/airflow/dags/crawl_crypto_prices.py
[2026-03-19T02:00:05.403+0000] {processor.py:840} INFO - DAG(s) 'crawl_crypto_prices' retrieved from /opt/airflow/dags/crawl_crypto_prices.py
[2026-03-19T02:00:05.427+0000] {logging_mixin.py:188} INFO - [2026-03-19T02:00:05.427+0000] {dag.py:3036} INFO - Sync 1 DAGs
[2026-03-19T02:00:05.444+0000] {logging_mixin.py:188} INFO - [2026-03-19T02:00:05.444+0000] {dag.py:3823} INFO - Setting next_dagrun for crawl_crypto_prices to 2026-03-19 02:00:00+00:00, run_after=2026-03-19 03:00:00+00:00
[2026-03-19T02:00:05.456+0000] {processor.py:183} INFO - Processing /opt/airflow/dags/crawl_crypto_prices.py took 0.068 seconds
[2026-03-19T02:00:35.649+0000] {processor.py:161} INFO - Started process (PID=5218) to work on /opt/airflow/dags/crawl_crypto_prices.py
[2026-03-19T02:00:35.650+0000] {processor.py:830} INFO - Processing file /opt/airflow/dags/crawl_crypto_prices.py for tasks to queue
[2026-03-19T02:00:35.650+0000] {logging_mixin.py:188} INFO - [2026-03-19T02:00:35.650+0000] {dagbag.py:538} INFO - Filling up the DagBag from /opt/airflow/dags/crawl_crypto_prices.py
[2026-03-19T02:00:35.658+0000] {processor.py:840} INFO - DAG(s) 'crawl_crypto_prices' retrieved from /opt/airflow/dags/crawl_crypto_prices.py
[2026-03-19T02:00:35.680+0000] {logging_mixin.py:188} INFO - [2026-03-19T02:00:35.680+0000] {dag.py:3036} INFO - Sync 1 DAGs
[2026-03-19T02:00:35.699+0000] {logging_mixin.py:188} INFO - [2026-03-19T02:00:35.698+0000] {dag.py:3823} INFO - Setting next_dagrun for crawl_crypto_prices to 2026-03-19 02:00:00+00:00, run_after=2026-03-19 03:00:00+00:00
[2026-03-19T02:00:35.711+0000] {processor.py:183} INFO - Processing /opt/airflow/dags/crawl_crypto_prices.py took 0.065 seconds
[2026-03-19T02:01:06.027+0000] {processor.py:161} INFO - Started process (PID=5223) to work on /opt/airflow/dags/crawl_crypto_prices.py
[2026-03-19T02:01:06.027+0000] {processor.py:830} INFO - Processing file /opt/airflow/dags/crawl_crypto_prices.py for tasks to queue
[2026-03-19T02:01:06.028+0000] {logging_mixin.py:188} INFO - [2026-03-19T02:01:06.028+0000] {dagbag.py:538} INFO - Filling up the DagBag from /opt/airflow/dags/crawl_crypto_prices.py
[2026-03-19T02:01:06.038+0000] {processor.py:840} INFO - DAG(s) 'crawl_crypto_prices' retrieved from /opt/airflow/dags/crawl_crypto_prices.py
[2026-03-19T02:01:06.061+0000] {logging_mixin.py:188} INFO - [2026-03-19T02:01:06.061+0000] {dag.py:3036} INFO - Sync 1 DAGs
[2026-03-19T02:01:06.075+0000] {logging_mixin.py:188} INFO - [2026-03-19T02:01:06.075+0000] {dag.py:3823} INFO - Setting next_dagrun for crawl_crypto_prices to 2026-03-19 02:00:00+00:00, run_after=2026-03-19 03:00:00+00:00
[2026-03-19T02:01:06.085+0000] {processor.py:183} INFO - Processing /opt/airflow/dags/crawl_crypto_prices.py took 0.062 seconds
[2026-03-19T02:01:36.366+0000] {processor.py:161} INFO - Started process (PID=5228) to work on /opt/airflow/dags/crawl_crypto_prices.py
[2026-03-19T02:01:36.367+0000] {processor.py:830} INFO - Processing file /opt/airflow/dags/crawl_crypto_prices.py for tasks to queue
[2026-03-19T02:01:36.368+0000] {logging_mixin.py:188} INFO - [2026-03-19T02:01:36.368+0000] {dagbag.py:538} INFO - Filling up the DagBag from /opt/airflow/dags/crawl_crypto_prices.py
[2026-03-19T02:01:36.377+0000] {processor.py:840} INFO - DAG(s) 'crawl_crypto_prices' retrieved from /opt/airflow/dags/crawl_crypto_prices.py
[2026-03-19T02:01:36.401+0000] {logging_mixin.py:188} INFO - [2026-03-19T02:01:36.401+0000] {dag.py:3036} INFO - Sync 1 DAGs
[2026-03-19T02:01:36.419+0000] {logging_mixin.py:188} INFO - [2026-03-19T02:01:36.418+0000] {dag.py:3823} INFO - Setting next_dagrun for crawl_crypto_prices to 2026-03-19 02:00:00+00:00, run_after=2026-03-19 03:00:00+00:00
[2026-03-19T02:01:36.431+0000] {processor.py:183} INFO - Processing /opt/airflow/dags/crawl_crypto_prices.py took 0.068 seconds
[2026-03-19T02:02:06.705+0000] {processor.py:161} INFO - Started process (PID=5233) to work on /opt/airflow/dags/crawl_crypto_prices.py
[2026-03-19T02:02:06.706+0000] {processor.py:830} INFO - Processing file /opt/airflow/dags/crawl_crypto_prices.py for tasks to queue
[2026-03-19T02:02:06.707+0000] {logging_mixin.py:188} INFO - [2026-03-19T02:02:06.707+0000] {dagbag.py:538} INFO - Filling up the DagBag from /opt/airflow/dags/crawl_crypto_prices.py
[2026-03-19T02:02:06.717+0000] {processor.py:840} INFO - DAG(s) 'crawl_crypto_prices' retrieved from /opt/airflow/dags/crawl_crypto_prices.py
[2026-03-19T02:02:06.740+0000] {logging_mixin.py:188} INFO - [2026-03-19T02:02:06.740+0000] {dag.py:3036} INFO - Sync 1 DAGs
[2026-03-19T02:02:06.758+0000] {logging_mixin.py:188} INFO - [2026-03-19T02:02:06.757+0000] {dag.py:3823} INFO - Setting next_dagrun for crawl_crypto_prices to 2026-03-19 02:00:00+00:00, run_after=2026-03-19 03:00:00+00:00
[2026-03-19T02:02:06.769+0000] {processor.py:183} INFO - Processing /opt/airflow/dags/crawl_crypto_prices.py took 0.067 seconds
[2026-03-19T02:02:37.010+0000] {processor.py:161} INFO - Started process (PID=5238) to work on /opt/airflow/dags/crawl_crypto_prices.py
[2026-03-19T02:02:37.011+0000] {processor.py:830} INFO - Processing file /opt/airflow/dags/crawl_crypto_prices.py for tasks to queue
[2026-03-19T02:02:37.012+0000] {logging_mixin.py:188} INFO - [2026-03-19T02:02:37.012+0000] {dagbag.py:538} INFO - Filling up the DagBag from /opt/airflow/dags/crawl_crypto_prices.py
[2026-03-19T02:02:37.022+0000] {processor.py:840} INFO - DAG(s) 'crawl_crypto_prices' retrieved from /opt/airflow/dags/crawl_crypto_prices.py
[2026-03-19T02:02:37.046+0000] {logging_mixin.py:188} INFO - [2026-03-19T02:02:37.046+0000] {dag.py:3036} INFO - Sync 1 DAGs
[2026-03-19T02:02:37.064+0000] {logging_mixin.py:188} INFO - [2026-03-19T02:02:37.063+0000] {dag.py:3823} INFO - Setting next_dagrun for crawl_crypto_prices to 2026-03-19 02:00:00+00:00, run_after=2026-03-19 03:00:00+00:00
[2026-03-19T02:02:37.076+0000] {processor.py:183} INFO - Processing /opt/airflow/dags/crawl_crypto_prices.py took 0.069 seconds
[2026-03-19T02:03:07.385+0000] {processor.py:161} INFO - Started process (PID=5243) to work on /opt/airflow/dags/crawl_crypto_prices.py
[2026-03-19T02:03:07.386+0000] {processor.py:830} INFO - Processing file /opt/airflow/dags/crawl_crypto_prices.py for tasks to queue
[2026-03-19T02:03:07.387+0000] {logging_mixin.py:188} INFO - [2026-03-19T02:03:07.387+0000] {dagbag.py:538} INFO - Filling up the DagBag from /opt/airflow/dags/crawl_crypto_prices.py
[2026-03-19T02:03:07.397+0000] {processor.py:840} INFO - DAG(s) 'crawl_crypto_prices' retrieved from /opt/airflow/dags/crawl_crypto_prices.py
[2026-03-19T02:03:07.421+0000] {logging_mixin.py:188} INFO - [2026-03-19T02:03:07.421+0000] {dag.py:3036} INFO - Sync 1 DAGs
[2026-03-19T02:03:07.440+0000] {logging_mixin.py:188} INFO - [2026-03-19T02:03:07.440+0000] {dag.py:3823} INFO - Setting next_dagrun for crawl_crypto_prices to 2026-03-19 02:00:00+00:00, run_after=2026-03-19 03:00:00+00:00
[2026-03-19T02:03:07.452+0000] {processor.py:183} INFO - Processing /opt/airflow/dags/crawl_crypto_prices.py took 0.070 seconds
[2026-03-19T02:03:37.708+0000] {processor.py:161} INFO - Started process (PID=5248) to work on /opt/airflow/dags/crawl_crypto_prices.py
[2026-03-19T02:03:37.709+0000] {processor.py:830} INFO - Processing file /opt/airflow/dags/crawl_crypto_prices.py for tasks to queue
[2026-03-19T02:03:37.709+0000] {logging_mixin.py:188} INFO - [2026-03-19T02:03:37.709+0000] {dagbag.py:538} INFO - Filling up the DagBag from /opt/airflow/dags/crawl_crypto_prices.py
[2026-03-19T02:03:37.716+0000] {processor.py:840} INFO - DAG(s) 'crawl_crypto_prices' retrieved from /opt/airflow/dags/crawl_crypto_prices.py
[2026-03-19T02:03:37.733+0000] {logging_mixin.py:188} INFO - [2026-03-19T02:03:37.733+0000] {dag.py:3036} INFO - Sync 1 DAGs
[2026-03-19T02:03:37.748+0000] {logging_mixin.py:188} INFO - [2026-03-19T02:03:37.748+0000] {dag.py:3823} INFO - Setting next_dagrun for crawl_crypto_prices to 2026-03-19 02:00:00+00:00, run_after=2026-03-19 03:00:00+00:00
[2026-03-19T02:03:37.760+0000] {processor.py:183} INFO - Processing /opt/airflow/dags/crawl_crypto_prices.py took 0.054 seconds
[2026-03-19T02:04:08.055+0000] {processor.py:161} INFO - Started process (PID=5253) to work on /opt/airflow/dags/crawl_crypto_prices.py
[2026-03-19T02:04:08.056+0000] {processor.py:830} INFO - Processing file /opt/airflow/dags/crawl_crypto_prices.py for tasks to queue
[2026-03-19T02:04:08.057+0000] {logging_mixin.py:188} INFO - [2026-03-19T02:04:08.057+0000] {dagbag.py:538} INFO - Filling up the DagBag from /opt/airflow/dags/crawl_crypto_prices.py
[2026-03-19T02:04:08.067+0000] {processor.py:840} INFO - DAG(s) 'crawl_crypto_prices' retrieved from /opt/airflow/dags/crawl_crypto_prices.py
[2026-03-19T02:04:08.091+0000] {logging_mixin.py:188} INFO - [2026-03-19T02:04:08.091+0000] {dag.py:3036} INFO - Sync 1 DAGs
[2026-03-19T02:04:08.110+0000] {logging_mixin.py:188} INFO - [2026-03-19T02:04:08.110+0000] {dag.py:3823} INFO - Setting next_dagrun for crawl_crypto_prices to 2026-03-19 02:00:00+00:00, run_after=2026-03-19 03:00:00+00:00
[2026-03-19T02:04:08.122+0000] {processor.py:183} INFO - Processing /opt/airflow/dags/crawl_crypto_prices.py took 0.070 seconds
[2026-03-19T02:04:38.351+0000] {processor.py:161} INFO - Started process (PID=5258) to work on /opt/airflow/dags/crawl_crypto_prices.py
[2026-03-19T02:04:38.352+0000] {processor.py:830} INFO - Processing file /opt/airflow/dags/crawl_crypto_prices.py for tasks to queue
[2026-03-19T02:04:38.353+0000] {logging_mixin.py:188} INFO - [2026-03-19T02:04:38.352+0000] {dagbag.py:538} INFO - Filling up the DagBag from /opt/airflow/dags/crawl_crypto_prices.py
[2026-03-19T02:04:38.361+0000] {processor.py:840} INFO - DAG(s) 'crawl_crypto_prices' retrieved from /opt/airflow/dags/crawl_crypto_prices.py
[2026-03-19T02:04:38.381+0000] {logging_mixin.py:188} INFO - [2026-03-19T02:04:38.381+0000] {dag.py:3036} INFO - Sync 1 DAGs
[2026-03-19T02:04:38.397+0000] {logging_mixin.py:188} INFO - [2026-03-19T02:04:38.397+0000] {dag.py:3823} INFO - Setting next_dagrun for crawl_crypto_prices to 2026-03-19 02:00:00+00:00, run_after=2026-03-19 03:00:00+00:00
[2026-03-19T02:04:38.407+0000] {processor.py:183} INFO - Processing /opt/airflow/dags/crawl_crypto_prices.py took 0.059 seconds
[2026-03-19T02:05:08.621+0000] {processor.py:161} INFO - Started process (PID=5263) to work on /opt/airflow/dags/crawl_crypto_prices.py
[2026-03-19T02:05:08.622+0000] {processor.py:830} INFO - Processing file /opt/airflow/dags/crawl_crypto_prices.py for tasks to queue
[2026-03-19T02:05:08.623+0000] {logging_mixin.py:188} INFO - [2026-03-19T02:05:08.623+0000] {dagbag.py:538} INFO - Filling up the DagBag from /opt/airflow/dags/crawl_crypto_prices.py
[2026-03-19T02:05:08.632+0000] {processor.py:840} INFO - DAG(s) 'crawl_crypto_prices' retrieved from /opt/airflow/dags/crawl_crypto_prices.py
[2026-03-19T02:05:08.654+0000] {logging_mixin.py:188} INFO - [2026-03-19T02:05:08.654+0000] {dag.py:3036} INFO - Sync 1 DAGs
[2026-03-19T02:05:08.672+0000] {logging_mixin.py:188} INFO - [2026-03-19T02:05:08.672+0000] {dag.py:3823} INFO - Setting next_dagrun for crawl_crypto_prices to 2026-03-19 02:00:00+00:00, run_after=2026-03-19 03:00:00+00:00
[2026-03-19T02:05:08.684+0000] {processor.py:183} INFO - Processing /opt/airflow/dags/crawl_crypto_prices.py took 0.066 seconds
[2026-03-19T02:05:38.919+0000] {processor.py:161} INFO - Started process (PID=5268) to work on /opt/airflow/dags/crawl_crypto_prices.py
[2026-03-19T02:05:38.920+0000] {processor.py:830} INFO - Processing file /opt/airflow/dags/crawl_crypto_prices.py for tasks to queue
[2026-03-19T02:05:38.921+0000] {logging_mixin.py:188} INFO - [2026-03-19T02:05:38.920+0000] {dagbag.py:538} INFO - Filling up the DagBag from /opt/airflow/dags/crawl_crypto_prices.py
[2026-03-19T02:05:38.930+0000] {processor.py:840} INFO - DAG(s) 'crawl_crypto_prices' retrieved from /opt/airflow/dags/crawl_crypto_prices.py
[2026-03-19T02:05:38.953+0000] {logging_mixin.py:188} INFO - [2026-03-19T02:05:38.953+0000] {dag.py:3036} INFO - Sync 1 DAGs
[2026-03-19T02:05:38.971+0000] {logging_mixin.py:188} INFO - [2026-03-19T02:05:38.971+0000] {dag.py:3823} INFO - Setting next_dagrun for crawl_crypto_prices to 2026-03-19 02:00:00+00:00, run_after=2026-03-19 03:00:00+00:00
[2026-03-19T02:05:38.983+0000] {processor.py:183} INFO - Processing /opt/airflow/dags/crawl_crypto_prices.py took 0.067 seconds
[2026-03-19T02:06:09.185+0000] {processor.py:161} INFO - Started process (PID=5273) to work on /opt/airflow/dags/crawl_crypto_prices.py
[2026-03-19T02:06:09.186+0000] {processor.py:830} INFO - Processing file /opt/airflow/dags/crawl_crypto_prices.py for tasks to queue
[2026-03-19T02:06:09.187+0000] {logging_mixin.py:188} INFO - [2026-03-19T02:06:09.187+0000] {dagbag.py:538} INFO - Filling up the DagBag from /opt/airflow/dags/crawl_crypto_prices.py
[2026-03-19T02:06:09.196+0000] {processor.py:840} INFO - DAG(s) 'crawl_crypto_prices' retrieved from /opt/airflow/dags/crawl_crypto_prices.py
[2026-03-19T02:06:09.216+0000] {logging_mixin.py:188} INFO - [2026-03-19T02:06:09.215+0000] {dag.py:3036} INFO - Sync 1 DAGs
[2026-03-19T02:06:09.226+0000] {logging_mixin.py:188} INFO - [2026-03-19T02:06:09.226+0000] {dag.py:3823} INFO - Setting next_dagrun for crawl_crypto_prices to 2026-03-19 02:00:00+00:00, run_after=2026-03-19 03:00:00+00:00
[2026-03-19T02:06:09.232+0000] {processor.py:183} INFO - Processing /opt/airflow/dags/crawl_crypto_prices.py took 0.051 seconds
[2026-03-19T02:06:39.524+0000] {processor.py:161} INFO - Started process (PID=5278) to work on /opt/airflow/dags/crawl_crypto_prices.py
[2026-03-19T02:06:39.525+0000] {processor.py:830} INFO - Processing file /opt/airflow/dags/crawl_crypto_prices.py for tasks to queue
[2026-03-19T02:06:39.526+0000] {logging_mixin.py:188} INFO - [2026-03-19T02:06:39.525+0000] {dagbag.py:538} INFO - Filling up the DagBag from /opt/airflow/dags/crawl_crypto_prices.py
[2026-03-19T02:06:39.533+0000] {processor.py:840} INFO - DAG(s) 'crawl_crypto_prices' retrieved from /opt/airflow/dags/crawl_crypto_prices.py
[2026-03-19T02:06:39.548+0000] {logging_mixin.py:188} INFO - [2026-03-19T02:06:39.548+0000] {dag.py:3036} INFO - Sync 1 DAGs
[2026-03-19T02:06:39.559+0000] {logging_mixin.py:188} INFO - [2026-03-19T02:06:39.559+0000] {dag.py:3823} INFO - Setting next_dagrun for crawl_crypto_prices to 2026-03-19 02:00:00+00:00, run_after=2026-03-19 03:00:00+00:00
[2026-03-19T02:06:39.566+0000] {processor.py:183} INFO - Processing /opt/airflow/dags/crawl_crypto_prices.py took 0.044 seconds
[2026-03-19T02:14:26.486+0000] {processor.py:161} INFO - Started process (PID=5285) to work on /opt/airflow/dags/crawl_crypto_prices.py
[2026-03-19T02:14:26.487+0000] {processor.py:830} INFO - Processing file /opt/airflow/dags/crawl_crypto_prices.py for tasks to queue
[2026-03-19T02:14:26.488+0000] {logging_mixin.py:188} INFO - [2026-03-19T02:14:26.488+0000] {dagbag.py:538} INFO - Filling up the DagBag from /opt/airflow/dags/crawl_crypto_prices.py
[2026-03-19T02:14:26.504+0000] {processor.py:840} INFO - DAG(s) 'crawl_crypto_prices' retrieved from /opt/airflow/dags/crawl_crypto_prices.py
[2026-03-19T02:14:26.532+0000] {logging_mixin.py:188} INFO - [2026-03-19T02:14:26.532+0000] {dag.py:3036} INFO - Sync 1 DAGs
[2026-03-19T02:14:26.554+0000] {logging_mixin.py:188} INFO - [2026-03-19T02:14:26.554+0000] {dag.py:3823} INFO - Setting next_dagrun for crawl_crypto_prices to 2026-03-19 02:00:00+00:00, run_after=2026-03-19 03:00:00+00:00
[2026-03-19T02:14:26.571+0000] {processor.py:183} INFO - Processing /opt/airflow/dags/crawl_crypto_prices.py took 0.091 seconds
[2026-03-19T02:14:56.780+0000] {processor.py:161} INFO - Started process (PID=5290) to work on /opt/airflow/dags/crawl_crypto_prices.py
[2026-03-19T02:14:56.781+0000] {processor.py:830} INFO - Processing file /opt/airflow/dags/crawl_crypto_prices.py for tasks to queue
[2026-03-19T02:14:56.781+0000] {logging_mixin.py:188} INFO - [2026-03-19T02:14:56.781+0000] {dagbag.py:538} INFO - Filling up the DagBag from /opt/airflow/dags/crawl_crypto_prices.py
[2026-03-19T02:14:56.790+0000] {processor.py:840} INFO - DAG(s) 'crawl_crypto_prices' retrieved from /opt/airflow/dags/crawl_crypto_prices.py
[2026-03-19T02:14:56.807+0000] {logging_mixin.py:188} INFO - [2026-03-19T02:14:56.807+0000] {dag.py:3036} INFO - Sync 1 DAGs
[2026-03-19T02:14:56.816+0000] {logging_mixin.py:188} INFO - [2026-03-19T02:14:56.816+0000] {dag.py:3823} INFO - Setting next_dagrun for crawl_crypto_prices to 2026-03-19 02:00:00+00:00, run_after=2026-03-19 03:00:00+00:00
[2026-03-19T02:14:56.823+0000] {processor.py:183} INFO - Processing /opt/airflow/dags/crawl_crypto_prices.py took 0.046 seconds
[2026-03-19T02:15:27.141+0000] {processor.py:161} INFO - Started process (PID=5295) to work on /opt/airflow/dags/crawl_crypto_prices.py
[2026-03-19T02:15:27.142+0000] {processor.py:830} INFO - Processing file /opt/airflow/dags/crawl_crypto_prices.py for tasks to queue
[2026-03-19T02:15:27.143+0000] {logging_mixin.py:188} INFO - [2026-03-19T02:15:27.143+0000] {dagbag.py:538} INFO - Filling up the DagBag from /opt/airflow/dags/crawl_crypto_prices.py
[2026-03-19T02:15:27.152+0000] {processor.py:840} INFO - DAG(s) 'crawl_crypto_prices' retrieved from /opt/airflow/dags/crawl_crypto_prices.py
[2026-03-19T02:15:27.170+0000] {logging_mixin.py:188} INFO - [2026-03-19T02:15:27.170+0000] {dag.py:3036} INFO - Sync 1 DAGs
[2026-03-19T02:15:27.180+0000] {logging_mixin.py:188} INFO - [2026-03-19T02:15:27.180+0000] {dag.py:3823} INFO - Setting next_dagrun for crawl_crypto_prices to 2026-03-19 02:00:00+00:00, run_after=2026-03-19 03:00:00+00:00
[2026-03-19T02:15:27.186+0000] {processor.py:183} INFO - Processing /opt/airflow/dags/crawl_crypto_prices.py took 0.048 seconds
[2026-03-19T02:15:57.474+0000] {processor.py:161} INFO - Started process (PID=5300) to work on /opt/airflow/dags/crawl_crypto_prices.py
[2026-03-19T02:15:57.475+0000] {processor.py:830} INFO - Processing file /opt/airflow/dags/crawl_crypto_prices.py for tasks to queue
[2026-03-19T02:15:57.476+0000] {logging_mixin.py:188} INFO - [2026-03-19T02:15:57.475+0000] {dagbag.py:538} INFO - Filling up the DagBag from /opt/airflow/dags/crawl_crypto_prices.py
[2026-03-19T02:15:57.485+0000] {processor.py:840} INFO - DAG(s) 'crawl_crypto_prices' retrieved from /opt/airflow/dags/crawl_crypto_prices.py
[2026-03-19T02:15:57.504+0000] {logging_mixin.py:188} INFO - [2026-03-19T02:15:57.504+0000] {dag.py:3036} INFO - Sync 1 DAGs
[2026-03-19T02:15:57.513+0000] {logging_mixin.py:188} INFO - [2026-03-19T02:15:57.513+0000] {dag.py:3823} INFO - Setting next_dagrun for crawl_crypto_prices to 2026-03-19 02:00:00+00:00, run_after=2026-03-19 03:00:00+00:00
[2026-03-19T02:15:57.520+0000] {processor.py:183} INFO - Processing /opt/airflow/dags/crawl_crypto_prices.py took 0.049 seconds
[2026-03-19T02:16:27.755+0000] {processor.py:161} INFO - Started process (PID=5305) to work on /opt/airflow/dags/crawl_crypto_prices.py
[2026-03-19T02:16:27.756+0000] {processor.py:830} INFO - Processing file /opt/airflow/dags/crawl_crypto_prices.py for tasks to queue
[2026-03-19T02:16:27.756+0000] {logging_mixin.py:188} INFO - [2026-03-19T02:16:27.756+0000] {dagbag.py:538} INFO - Filling up the DagBag from /opt/airflow/dags/crawl_crypto_prices.py
[2026-03-19T02:16:27.764+0000] {processor.py:840} INFO - DAG(s) 'crawl_crypto_prices' retrieved from /opt/airflow/dags/crawl_crypto_prices.py
[2026-03-19T02:16:27.778+0000] {logging_mixin.py:188} INFO - [2026-03-19T02:16:27.777+0000] {dag.py:3036} INFO - Sync 1 DAGs
[2026-03-19T02:16:27.787+0000] {logging_mixin.py:188} INFO - [2026-03-19T02:16:27.787+0000] {dag.py:3823} INFO - Setting next_dagrun for crawl_crypto_prices to 2026-03-19 02:00:00+00:00, run_after=2026-03-19 03:00:00+00:00
[2026-03-19T02:16:27.793+0000] {processor.py:183} INFO - Processing /opt/airflow/dags/crawl_crypto_prices.py took 0.041 seconds
[2026-03-19T02:16:58.078+0000] {processor.py:161} INFO - Started process (PID=5310) to work on /opt/airflow/dags/crawl_crypto_prices.py
[2026-03-19T02:16:58.079+0000] {processor.py:830} INFO - Processing file /opt/airflow/dags/crawl_crypto_prices.py for tasks to queue
[2026-03-19T02:16:58.080+0000] {logging_mixin.py:188} INFO - [2026-03-19T02:16:58.080+0000] {dagbag.py:538} INFO - Filling up the DagBag from /opt/airflow/dags/crawl_crypto_prices.py
[2026-03-19T02:16:58.088+0000] {processor.py:840} INFO - DAG(s) 'crawl_crypto_prices' retrieved from /opt/airflow/dags/crawl_crypto_prices.py
[2026-03-19T02:16:58.107+0000] {logging_mixin.py:188} INFO - [2026-03-19T02:16:58.107+0000] {dag.py:3036} INFO - Sync 1 DAGs
[2026-03-19T02:16:58.116+0000] {logging_mixin.py:188} INFO - [2026-03-19T02:16:58.116+0000] {dag.py:3823} INFO - Setting next_dagrun for crawl_crypto_prices to 2026-03-19 02:00:00+00:00, run_after=2026-03-19 03:00:00+00:00
[2026-03-19T02:16:58.123+0000] {processor.py:183} INFO - Processing /opt/airflow/dags/crawl_crypto_prices.py took 0.047 seconds
[2026-03-19T02:17:28.407+0000] {processor.py:161} INFO - Started process (PID=5315) to work on /opt/airflow/dags/crawl_crypto_prices.py
[2026-03-19T02:17:28.408+0000] {processor.py:830} INFO - Processing file /opt/airflow/dags/crawl_crypto_prices.py for tasks to queue
[2026-03-19T02:17:28.409+0000] {logging_mixin.py:188} INFO - [2026-03-19T02:17:28.409+0000] {dagbag.py:538} INFO - Filling up the DagBag from /opt/airflow/dags/crawl_crypto_prices.py
[2026-03-19T02:17:28.418+0000] {processor.py:840} INFO - DAG(s) 'crawl_crypto_prices' retrieved from /opt/airflow/dags/crawl_crypto_prices.py
[2026-03-19T02:17:28.436+0000] {logging_mixin.py:188} INFO - [2026-03-19T02:17:28.436+0000] {dag.py:3036} INFO - Sync 1 DAGs
[2026-03-19T02:17:28.447+0000] {logging_mixin.py:188} INFO - [2026-03-19T02:17:28.447+0000] {dag.py:3823} INFO - Setting next_dagrun for crawl_crypto_prices to 2026-03-19 02:00:00+00:00, run_after=2026-03-19 03:00:00+00:00
[2026-03-19T02:17:28.454+0000] {processor.py:183} INFO - Processing /opt/airflow/dags/crawl_crypto_prices.py took 0.050 seconds
[2026-03-19T02:17:58.734+0000] {processor.py:161} INFO - Started process (PID=5320) to work on /opt/airflow/dags/crawl_crypto_prices.py
[2026-03-19T02:17:58.735+0000] {processor.py:830} INFO - Processing file /opt/airflow/dags/crawl_crypto_prices.py for tasks to queue
[2026-03-19T02:17:58.735+0000] {logging_mixin.py:188} INFO - [2026-03-19T02:17:58.735+0000] {dagbag.py:538} INFO - Filling up the DagBag from /opt/airflow/dags/crawl_crypto_prices.py
[2026-03-19T02:17:58.744+0000] {processor.py:840} INFO - DAG(s) 'crawl_crypto_prices' retrieved from /opt/airflow/dags/crawl_crypto_prices.py
[2026-03-19T02:17:58.763+0000] {logging_mixin.py:188} INFO - [2026-03-19T02:17:58.762+0000] {dag.py:3036} INFO - Sync 1 DAGs
[2026-03-19T02:17:58.774+0000] {logging_mixin.py:188} INFO - [2026-03-19T02:17:58.774+0000] {dag.py:3823} INFO - Setting next_dagrun for crawl_crypto_prices to 2026-03-19 02:00:00+00:00, run_after=2026-03-19 03:00:00+00:00
[2026-03-19T02:17:58.780+0000] {processor.py:183} INFO - Processing /opt/airflow/dags/crawl_crypto_prices.py took 0.050 seconds
[2026-03-19T02:18:29.066+0000] {processor.py:161} INFO - Started process (PID=5325) to work on /opt/airflow/dags/crawl_crypto_prices.py
[2026-03-19T02:18:29.067+0000] {processor.py:830} INFO - Processing file /opt/airflow/dags/crawl_crypto_prices.py for tasks to queue
[2026-03-19T02:18:29.068+0000] {logging_mixin.py:188} INFO - [2026-03-19T02:18:29.067+0000] {dagbag.py:538} INFO - Filling up the DagBag from /opt/airflow/dags/crawl_crypto_prices.py
[2026-03-19T02:18:29.077+0000] {processor.py:840} INFO - DAG(s) 'crawl_crypto_prices' retrieved from /opt/airflow/dags/crawl_crypto_prices.py
[2026-03-19T02:18:29.097+0000] {logging_mixin.py:188} INFO - [2026-03-19T02:18:29.097+0000] {dag.py:3036} INFO - Sync 1 DAGs
[2026-03-19T02:18:29.108+0000] {logging_mixin.py:188} INFO - [2026-03-19T02:18:29.107+0000] {dag.py:3823} INFO - Setting next_dagrun for crawl_crypto_prices to 2026-03-19 02:00:00+00:00, run_after=2026-03-19 03:00:00+00:00
[2026-03-19T02:18:29.114+0000] {processor.py:183} INFO - Processing /opt/airflow/dags/crawl_crypto_prices.py took 0.052 seconds
[2026-03-19T02:18:59.403+0000] {processor.py:161} INFO - Started process (PID=5330) to work on /opt/airflow/dags/crawl_crypto_prices.py
[2026-03-19T02:18:59.404+0000] {processor.py:830} INFO - Processing file /opt/airflow/dags/crawl_crypto_prices.py for tasks to queue
[2026-03-19T02:18:59.404+0000] {logging_mixin.py:188} INFO - [2026-03-19T02:18:59.404+0000] {dagbag.py:538} INFO - Filling up the DagBag from /opt/airflow/dags/crawl_crypto_prices.py
[2026-03-19T02:18:59.413+0000] {processor.py:840} INFO - DAG(s) 'crawl_crypto_prices' retrieved from /opt/airflow/dags/crawl_crypto_prices.py
[2026-03-19T02:18:59.432+0000] {logging_mixin.py:188} INFO - [2026-03-19T02:18:59.431+0000] {dag.py:3036} INFO - Sync 1 DAGs
[2026-03-19T02:18:59.443+0000] {logging_mixin.py:188} INFO - [2026-03-19T02:18:59.443+0000] {dag.py:3823} INFO - Setting next_dagrun for crawl_crypto_prices to 2026-03-19 02:00:00+00:00, run_after=2026-03-19 03:00:00+00:00
[2026-03-19T02:18:59.449+0000] {processor.py:183} INFO - Processing /opt/airflow/dags/crawl_crypto_prices.py took 0.050 seconds
[2026-03-19T02:19:29.740+0000] {processor.py:161} INFO - Started process (PID=5335) to work on /opt/airflow/dags/crawl_crypto_prices.py
[2026-03-19T02:19:29.741+0000] {processor.py:830} INFO - Processing file /opt/airflow/dags/crawl_crypto_prices.py for tasks to queue
[2026-03-19T02:19:29.741+0000] {logging_mixin.py:188} INFO - [2026-03-19T02:19:29.741+0000] {dagbag.py:538} INFO - Filling up the DagBag from /opt/airflow/dags/crawl_crypto_prices.py
[2026-03-19T02:19:29.748+0000] {processor.py:840} INFO - DAG(s) 'crawl_crypto_prices' retrieved from /opt/airflow/dags/crawl_crypto_prices.py
[2026-03-19T02:19:29.763+0000] {logging_mixin.py:188} INFO - [2026-03-19T02:19:29.763+0000] {dag.py:3036} INFO - Sync 1 DAGs
[2026-03-19T02:19:29.772+0000] {logging_mixin.py:188} INFO - [2026-03-19T02:19:29.772+0000] {dag.py:3823} INFO - Setting next_dagrun for crawl_crypto_prices to 2026-03-19 02:00:00+00:00, run_after=2026-03-19 03:00:00+00:00
[2026-03-19T02:19:29.778+0000] {processor.py:183} INFO - Processing /opt/airflow/dags/crawl_crypto_prices.py took 0.040 seconds
[2026-03-19T02:19:59.992+0000] {processor.py:161} INFO - Started process (PID=5340) to work on /opt/airflow/dags/crawl_crypto_prices.py
[2026-03-19T02:19:59.992+0000] {processor.py:830} INFO - Processing file /opt/airflow/dags/crawl_crypto_prices.py for tasks to queue
[2026-03-19T02:19:59.993+0000] {logging_mixin.py:188} INFO - [2026-03-19T02:19:59.993+0000] {dagbag.py:538} INFO - Filling up the DagBag from /opt/airflow/dags/crawl_crypto_prices.py
[2026-03-19T02:19:59.998+0000] {processor.py:840} INFO - DAG(s) 'crawl_crypto_prices' retrieved from /opt/airflow/dags/crawl_crypto_prices.py
[2026-03-19T02:20:00.009+0000] {logging_mixin.py:188} INFO - [2026-03-19T02:20:00.009+0000] {dag.py:3036} INFO - Sync 1 DAGs
[2026-03-19T02:20:00.017+0000] {logging_mixin.py:188} INFO - [2026-03-19T02:20:00.017+0000] {dag.py:3823} INFO - Setting next_dagrun for crawl_crypto_prices to 2026-03-19 02:00:00+00:00, run_after=2026-03-19 03:00:00+00:00
[2026-03-19T02:20:00.023+0000] {processor.py:183} INFO - Processing /opt/airflow/dags/crawl_crypto_prices.py took 0.033 seconds
[2026-03-19T02:20:30.331+0000] {processor.py:161} INFO - Started process (PID=5345) to work on /opt/airflow/dags/crawl_crypto_prices.py
[2026-03-19T02:20:30.332+0000] {processor.py:830} INFO - Processing file /opt/airflow/dags/crawl_crypto_prices.py for tasks to queue
[2026-03-19T02:20:30.333+0000] {logging_mixin.py:188} INFO - [2026-03-19T02:20:30.332+0000] {dagbag.py:538} INFO - Filling up the DagBag from /opt/airflow/dags/crawl_crypto_prices.py
[2026-03-19T02:20:30.341+0000] {processor.py:840} INFO - DAG(s) 'crawl_crypto_prices' retrieved from /opt/airflow/dags/crawl_crypto_prices.py
[2026-03-19T02:20:30.360+0000] {logging_mixin.py:188} INFO - [2026-03-19T02:20:30.360+0000] {dag.py:3036} INFO - Sync 1 DAGs
[2026-03-19T02:20:30.371+0000] {logging_mixin.py:188} INFO - [2026-03-19T02:20:30.371+0000] {dag.py:3823} INFO - Setting next_dagrun for crawl_crypto_prices to 2026-03-19 02:00:00+00:00, run_after=2026-03-19 03:00:00+00:00
[2026-03-19T02:20:30.377+0000] {processor.py:183} INFO - Processing /opt/airflow/dags/crawl_crypto_prices.py took 0.049 seconds
[2026-03-19T02:21:00.673+0000] {processor.py:161} INFO - Started process (PID=5350) to work on /opt/airflow/dags/crawl_crypto_prices.py
[2026-03-19T02:21:00.674+0000] {processor.py:830} INFO - Processing file /opt/airflow/dags/crawl_crypto_prices.py for tasks to queue
[2026-03-19T02:21:00.675+0000] {logging_mixin.py:188} INFO - [2026-03-19T02:21:00.675+0000] {dagbag.py:538} INFO - Filling up the DagBag from /opt/airflow/dags/crawl_crypto_prices.py
[2026-03-19T02:21:00.684+0000] {processor.py:840} INFO - DAG(s) 'crawl_crypto_prices' retrieved from /opt/airflow/dags/crawl_crypto_prices.py
[2026-03-19T02:21:00.703+0000] {logging_mixin.py:188} INFO - [2026-03-19T02:21:00.703+0000] {dag.py:3036} INFO - Sync 1 DAGs
[2026-03-19T02:21:00.714+0000] {logging_mixin.py:188} INFO - [2026-03-19T02:21:00.714+0000] {dag.py:3823} INFO - Setting next_dagrun for crawl_crypto_prices to 2026-03-19 02:00:00+00:00, run_after=2026-03-19 03:00:00+00:00
[2026-03-19T02:21:00.720+0000] {processor.py:183} INFO - Processing /opt/airflow/dags/crawl_crypto_prices.py took 0.050 seconds
[2026-03-19T02:21:30.939+0000] {processor.py:161} INFO - Started process (PID=5355) to work on /opt/airflow/dags/crawl_crypto_prices.py
[2026-03-19T02:21:30.940+0000] {processor.py:830} INFO - Processing file /opt/airflow/dags/crawl_crypto_prices.py for tasks to queue
[2026-03-19T02:21:30.941+0000] {logging_mixin.py:188} INFO - [2026-03-19T02:21:30.941+0000] {dagbag.py:538} INFO - Filling up the DagBag from /opt/airflow/dags/crawl_crypto_prices.py
[2026-03-19T02:21:30.950+0000] {processor.py:840} INFO - DAG(s) 'crawl_crypto_prices' retrieved from /opt/airflow/dags/crawl_crypto_prices.py
[2026-03-19T02:21:30.968+0000] {logging_mixin.py:188} INFO - [2026-03-19T02:21:30.968+0000] {dag.py:3036} INFO - Sync 1 DAGs
[2026-03-19T02:21:30.978+0000] {logging_mixin.py:188} INFO - [2026-03-19T02:21:30.978+0000] {dag.py:3823} INFO - Setting next_dagrun for crawl_crypto_prices to 2026-03-19 02:00:00+00:00, run_after=2026-03-19 03:00:00+00:00
[2026-03-19T02:21:30.984+0000] {processor.py:183} INFO - Processing /opt/airflow/dags/crawl_crypto_prices.py took 0.048 seconds
[2026-03-19T02:23:05.883+0000] {processor.py:161} INFO - Started process (PID=5360) to work on /opt/airflow/dags/crawl_crypto_prices.py
[2026-03-19T02:23:05.884+0000] {processor.py:830} INFO - Processing file /opt/airflow/dags/crawl_crypto_prices.py for tasks to queue
[2026-03-19T02:23:05.884+0000] {logging_mixin.py:188} INFO - [2026-03-19T02:23:05.884+0000] {dagbag.py:538} INFO - Filling up the DagBag from /opt/airflow/dags/crawl_crypto_prices.py
[2026-03-19T02:23:05.892+0000] {processor.py:840} INFO - DAG(s) 'crawl_crypto_prices' retrieved from /opt/airflow/dags/crawl_crypto_prices.py
[2026-03-19T02:23:05.905+0000] {logging_mixin.py:188} INFO - [2026-03-19T02:23:05.905+0000] {dag.py:3036} INFO - Sync 1 DAGs
[2026-03-19T02:23:05.915+0000] {logging_mixin.py:188} INFO - [2026-03-19T02:23:05.915+0000] {dag.py:3823} INFO - Setting next_dagrun for crawl_crypto_prices to 2026-03-19 02:00:00+00:00, run_after=2026-03-19 03:00:00+00:00
[2026-03-19T02:23:05.922+0000] {processor.py:183} INFO - Processing /opt/airflow/dags/crawl_crypto_prices.py took 0.043 seconds
[2026-03-19T02:23:36.143+0000] {processor.py:161} INFO - Started process (PID=5367) to work on /opt/airflow/dags/crawl_crypto_prices.py
[2026-03-19T02:23:36.144+0000] {processor.py:830} INFO - Processing file /opt/airflow/dags/crawl_crypto_prices.py for tasks to queue
[2026-03-19T02:23:36.145+0000] {logging_mixin.py:188} INFO - [2026-03-19T02:23:36.144+0000] {dagbag.py:538} INFO - Filling up the DagBag from /opt/airflow/dags/crawl_crypto_prices.py
[2026-03-19T02:23:36.154+0000] {processor.py:840} INFO - DAG(s) 'crawl_crypto_prices' retrieved from /opt/airflow/dags/crawl_crypto_prices.py
[2026-03-19T02:23:36.171+0000] {logging_mixin.py:188} INFO - [2026-03-19T02:23:36.171+0000] {dag.py:3036} INFO - Sync 1 DAGs
[2026-03-19T02:23:36.180+0000] {logging_mixin.py:188} INFO - [2026-03-19T02:23:36.180+0000] {dag.py:3823} INFO - Setting next_dagrun for crawl_crypto_prices to 2026-03-19 02:00:00+00:00, run_after=2026-03-19 03:00:00+00:00
[2026-03-19T02:23:36.186+0000] {processor.py:183} INFO - Processing /opt/airflow/dags/crawl_crypto_prices.py took 0.046 seconds
[2026-03-19T02:24:06.457+0000] {processor.py:161} INFO - Started process (PID=5372) to work on /opt/airflow/dags/crawl_crypto_prices.py
[2026-03-19T02:24:06.458+0000] {processor.py:830} INFO - Processing file /opt/airflow/dags/crawl_crypto_prices.py for tasks to queue
[2026-03-19T02:24:06.459+0000] {logging_mixin.py:188} INFO - [2026-03-19T02:24:06.459+0000] {dagbag.py:538} INFO - Filling up the DagBag from /opt/airflow/dags/crawl_crypto_prices.py
[2026-03-19T02:24:06.467+0000] {processor.py:840} INFO - DAG(s) 'crawl_crypto_prices' retrieved from /opt/airflow/dags/crawl_crypto_prices.py
[2026-03-19T02:24:06.484+0000] {logging_mixin.py:188} INFO - [2026-03-19T02:24:06.483+0000] {dag.py:3036} INFO - Sync 1 DAGs
[2026-03-19T02:24:06.492+0000] {logging_mixin.py:188} INFO - [2026-03-19T02:24:06.492+0000] {dag.py:3823} INFO - Setting next_dagrun for crawl_crypto_prices to 2026-03-19 02:00:00+00:00, run_after=2026-03-19 03:00:00+00:00
[2026-03-19T02:24:06.498+0000] {processor.py:183} INFO - Processing /opt/airflow/dags/crawl_crypto_prices.py took 0.044 seconds
[2026-03-19T02:24:36.798+0000] {processor.py:161} INFO - Started process (PID=5377) to work on /opt/airflow/dags/crawl_crypto_prices.py
[2026-03-19T02:24:36.799+0000] {processor.py:830} INFO - Processing file /opt/airflow/dags/crawl_crypto_prices.py for tasks to queue
[2026-03-19T02:24:36.800+0000] {logging_mixin.py:188} INFO - [2026-03-19T02:24:36.800+0000] {dagbag.py:538} INFO - Filling up the DagBag from /opt/airflow/dags/crawl_crypto_prices.py
[2026-03-19T02:24:36.809+0000] {processor.py:840} INFO - DAG(s) 'crawl_crypto_prices' retrieved from /opt/airflow/dags/crawl_crypto_prices.py
[2026-03-19T02:24:36.827+0000] {logging_mixin.py:188} INFO - [2026-03-19T02:24:36.827+0000] {dag.py:3036} INFO - Sync 1 DAGs
[2026-03-19T02:24:36.837+0000] {logging_mixin.py:188} INFO - [2026-03-19T02:24:36.837+0000] {dag.py:3823} INFO - Setting next_dagrun for crawl_crypto_prices to 2026-03-19 02:00:00+00:00, run_after=2026-03-19 03:00:00+00:00
[2026-03-19T02:24:36.843+0000] {processor.py:183} INFO - Processing /opt/airflow/dags/crawl_crypto_prices.py took 0.049 seconds
[2026-03-19T02:25:07.120+0000] {processor.py:161} INFO - Started process (PID=5382) to work on /opt/airflow/dags/crawl_crypto_prices.py
[2026-03-19T02:25:07.121+0000] {processor.py:830} INFO - Processing file /opt/airflow/dags/crawl_crypto_prices.py for tasks to queue
[2026-03-19T02:25:07.122+0000] {logging_mixin.py:188} INFO - [2026-03-19T02:25:07.121+0000] {dagbag.py:538} INFO - Filling up the DagBag from /opt/airflow/dags/crawl_crypto_prices.py
[2026-03-19T02:25:07.131+0000] {processor.py:840} INFO - DAG(s) 'crawl_crypto_prices' retrieved from /opt/airflow/dags/crawl_crypto_prices.py
[2026-03-19T02:25:07.150+0000] {logging_mixin.py:188} INFO - [2026-03-19T02:25:07.150+0000] {dag.py:3036} INFO - Sync 1 DAGs
[2026-03-19T02:25:07.161+0000] {logging_mixin.py:188} INFO - [2026-03-19T02:25:07.161+0000] {dag.py:3823} INFO - Setting next_dagrun for crawl_crypto_prices to 2026-03-19 02:00:00+00:00, run_after=2026-03-19 03:00:00+00:00
[2026-03-19T02:25:07.167+0000] {processor.py:183} INFO - Processing /opt/airflow/dags/crawl_crypto_prices.py took 0.051 seconds
[2026-03-19T02:25:37.462+0000] {processor.py:161} INFO - Started process (PID=5387) to work on /opt/airflow/dags/crawl_crypto_prices.py
[2026-03-19T02:25:37.463+0000] {processor.py:830} INFO - Processing file /opt/airflow/dags/crawl_crypto_prices.py for tasks to queue
[2026-03-19T02:25:37.464+0000] {logging_mixin.py:188} INFO - [2026-03-19T02:25:37.464+0000] {dagbag.py:538} INFO - Filling up the DagBag from /opt/airflow/dags/crawl_crypto_prices.py
[2026-03-19T02:25:37.472+0000] {processor.py:840} INFO - DAG(s) 'crawl_crypto_prices' retrieved from /opt/airflow/dags/crawl_crypto_prices.py
[2026-03-19T02:25:37.491+0000] {logging_mixin.py:188} INFO - [2026-03-19T02:25:37.491+0000] {dag.py:3036} INFO - Sync 1 DAGs
[2026-03-19T02:25:37.501+0000] {logging_mixin.py:188} INFO - [2026-03-19T02:25:37.501+0000] {dag.py:3823} INFO - Setting next_dagrun for crawl_crypto_prices to 2026-03-19 02:00:00+00:00, run_after=2026-03-19 03:00:00+00:00
[2026-03-19T02:25:37.508+0000] {processor.py:183} INFO - Processing /opt/airflow/dags/crawl_crypto_prices.py took 0.050 seconds
[2026-03-19T02:26:07.741+0000] {processor.py:161} INFO - Started process (PID=5392) to work on /opt/airflow/dags/crawl_crypto_prices.py
[2026-03-19T02:26:07.742+0000] {processor.py:830} INFO - Processing file /opt/airflow/dags/crawl_crypto_prices.py for tasks to queue
[2026-03-19T02:26:07.743+0000] {logging_mixin.py:188} INFO - [2026-03-19T02:26:07.743+0000] {dagbag.py:538} INFO - Filling up the DagBag from /opt/airflow/dags/crawl_crypto_prices.py
[2026-03-19T02:26:07.750+0000] {processor.py:840} INFO - DAG(s) 'crawl_crypto_prices' retrieved from /opt/airflow/dags/crawl_crypto_prices.py
[2026-03-19T02:26:07.766+0000] {logging_mixin.py:188} INFO - [2026-03-19T02:26:07.766+0000] {dag.py:3036} INFO - Sync 1 DAGs
[2026-03-19T02:26:07.775+0000] {logging_mixin.py:188} INFO - [2026-03-19T02:26:07.775+0000] {dag.py:3823} INFO - Setting next_dagrun for crawl_crypto_prices to 2026-03-19 02:00:00+00:00, run_after=2026-03-19 03:00:00+00:00
[2026-03-19T02:26:07.781+0000] {processor.py:183} INFO - Processing /opt/airflow/dags/crawl_crypto_prices.py took 0.043 seconds
[2026-03-19T02:26:38.019+0000] {processor.py:161} INFO - Started process (PID=5397) to work on /opt/airflow/dags/crawl_crypto_prices.py
[2026-03-19T02:26:38.020+0000] {processor.py:830} INFO - Processing file /opt/airflow/dags/crawl_crypto_prices.py for tasks to queue
[2026-03-19T02:26:38.021+0000] {logging_mixin.py:188} INFO - [2026-03-19T02:26:38.020+0000] {dagbag.py:538} INFO - Filling up the DagBag from /opt/airflow/dags/crawl_crypto_prices.py
[2026-03-19T02:26:38.031+0000] {processor.py:840} INFO - DAG(s) 'crawl_crypto_prices' retrieved from /opt/airflow/dags/crawl_crypto_prices.py
[2026-03-19T02:26:38.051+0000] {logging_mixin.py:188} INFO - [2026-03-19T02:26:38.051+0000] {dag.py:3036} INFO - Sync 1 DAGs
[2026-03-19T02:26:38.062+0000] {logging_mixin.py:188} INFO - [2026-03-19T02:26:38.061+0000] {dag.py:3823} INFO - Setting next_dagrun for crawl_crypto_prices to 2026-03-19 02:00:00+00:00, run_after=2026-03-19 03:00:00+00:00
[2026-03-19T02:26:38.068+0000] {processor.py:183} INFO - Processing /opt/airflow/dags/crawl_crypto_prices.py took 0.054 seconds
[2026-03-19T02:27:08.330+0000] {processor.py:161} INFO - Started process (PID=5402) to work on /opt/airflow/dags/crawl_crypto_prices.py
[2026-03-19T02:27:08.330+0000] {processor.py:830} INFO - Processing file /opt/airflow/dags/crawl_crypto_prices.py for tasks to queue
[2026-03-19T02:27:08.331+0000] {logging_mixin.py:188} INFO - [2026-03-19T02:27:08.330+0000] {dagbag.py:538} INFO - Filling up the DagBag from /opt/airflow/dags/crawl_crypto_prices.py
[2026-03-19T02:27:08.338+0000] {processor.py:840} INFO - DAG(s) 'crawl_crypto_prices' retrieved from /opt/airflow/dags/crawl_crypto_prices.py
[2026-03-19T02:27:08.353+0000] {logging_mixin.py:188} INFO - [2026-03-19T02:27:08.353+0000] {dag.py:3036} INFO - Sync 1 DAGs
[2026-03-19T02:27:08.362+0000] {logging_mixin.py:188} INFO - [2026-03-19T02:27:08.362+0000] {dag.py:3823} INFO - Setting next_dagrun for crawl_crypto_prices to 2026-03-19 02:00:00+00:00, run_after=2026-03-19 03:00:00+00:00
[2026-03-19T02:27:08.369+0000] {processor.py:183} INFO - Processing /opt/airflow/dags/crawl_crypto_prices.py took 0.041 seconds
[2026-03-19T02:27:38.637+0000] {processor.py:161} INFO - Started process (PID=5407) to work on /opt/airflow/dags/crawl_crypto_prices.py
[2026-03-19T02:27:38.639+0000] {processor.py:830} INFO - Processing file /opt/airflow/dags/crawl_crypto_prices.py for tasks to queue
[2026-03-19T02:27:38.640+0000] {logging_mixin.py:188} INFO - [2026-03-19T02:27:38.639+0000] {dagbag.py:538} INFO - Filling up the DagBag from /opt/airflow/dags/crawl_crypto_prices.py
[2026-03-19T02:27:38.651+0000] {processor.py:840} INFO - DAG(s) 'crawl_crypto_prices' retrieved from /opt/airflow/dags/crawl_crypto_prices.py
[2026-03-19T02:27:38.671+0000] {logging_mixin.py:188} INFO - [2026-03-19T02:27:38.671+0000] {dag.py:3036} INFO - Sync 1 DAGs
[2026-03-19T02:27:38.681+0000] {logging_mixin.py:188} INFO - [2026-03-19T02:27:38.681+0000] {dag.py:3823} INFO - Setting next_dagrun for crawl_crypto_prices to 2026-03-19 02:00:00+00:00, run_after=2026-03-19 03:00:00+00:00
[2026-03-19T02:27:38.688+0000] {processor.py:183} INFO - Processing /opt/airflow/dags/crawl_crypto_prices.py took 0.054 seconds
[2026-03-19T02:28:08.964+0000] {processor.py:161} INFO - Started process (PID=5412) to work on /opt/airflow/dags/crawl_crypto_prices.py
[2026-03-19T02:28:08.965+0000] {processor.py:830} INFO - Processing file /opt/airflow/dags/crawl_crypto_prices.py for tasks to queue
[2026-03-19T02:28:08.965+0000] {logging_mixin.py:188} INFO - [2026-03-19T02:28:08.965+0000] {dagbag.py:538} INFO - Filling up the DagBag from /opt/airflow/dags/crawl_crypto_prices.py
[2026-03-19T02:28:08.974+0000] {processor.py:840} INFO - DAG(s) 'crawl_crypto_prices' retrieved from /opt/airflow/dags/crawl_crypto_prices.py
[2026-03-19T02:28:08.993+0000] {logging_mixin.py:188} INFO - [2026-03-19T02:28:08.993+0000] {dag.py:3036} INFO - Sync 1 DAGs
[2026-03-19T02:28:09.003+0000] {logging_mixin.py:188} INFO - [2026-03-19T02:28:09.003+0000] {dag.py:3823} INFO - Setting next_dagrun for crawl_crypto_prices to 2026-03-19 02:00:00+00:00, run_after=2026-03-19 03:00:00+00:00
[2026-03-19T02:28:09.009+0000] {processor.py:183} INFO - Processing /opt/airflow/dags/crawl_crypto_prices.py took 0.048 seconds
[2026-03-19T02:28:39.287+0000] {processor.py:161} INFO - Started process (PID=5417) to work on /opt/airflow/dags/crawl_crypto_prices.py
[2026-03-19T02:28:39.288+0000] {processor.py:830} INFO - Processing file /opt/airflow/dags/crawl_crypto_prices.py for tasks to queue
[2026-03-19T02:28:39.289+0000] {logging_mixin.py:188} INFO - [2026-03-19T02:28:39.288+0000] {dagbag.py:538} INFO - Filling up the DagBag from /opt/airflow/dags/crawl_crypto_prices.py
[2026-03-19T02:28:39.297+0000] {processor.py:840} INFO - DAG(s) 'crawl_crypto_prices' retrieved from /opt/airflow/dags/crawl_crypto_prices.py
[2026-03-19T02:28:39.315+0000] {logging_mixin.py:188} INFO - [2026-03-19T02:28:39.315+0000] {dag.py:3036} INFO - Sync 1 DAGs
[2026-03-19T02:28:39.325+0000] {logging_mixin.py:188} INFO - [2026-03-19T02:28:39.325+0000] {dag.py:3823} INFO - Setting next_dagrun for crawl_crypto_prices to 2026-03-19 02:00:00+00:00, run_after=2026-03-19 03:00:00+00:00
[2026-03-19T02:28:39.332+0000] {processor.py:183} INFO - Processing /opt/airflow/dags/crawl_crypto_prices.py took 0.048 seconds
[2026-03-19T02:29:09.610+0000] {processor.py:161} INFO - Started process (PID=5422) to work on /opt/airflow/dags/crawl_crypto_prices.py
[2026-03-19T02:29:09.610+0000] {processor.py:830} INFO - Processing file /opt/airflow/dags/crawl_crypto_prices.py for tasks to queue
[2026-03-19T02:29:09.611+0000] {logging_mixin.py:188} INFO - [2026-03-19T02:29:09.611+0000] {dagbag.py:538} INFO - Filling up the DagBag from /opt/airflow/dags/crawl_crypto_prices.py
[2026-03-19T02:29:09.620+0000] {processor.py:840} INFO - DAG(s) 'crawl_crypto_prices' retrieved from /opt/airflow/dags/crawl_crypto_prices.py
[2026-03-19T02:29:09.640+0000] {logging_mixin.py:188} INFO - [2026-03-19T02:29:09.640+0000] {dag.py:3036} INFO - Sync 1 DAGs
[2026-03-19T02:29:09.651+0000] {logging_mixin.py:188} INFO - [2026-03-19T02:29:09.651+0000] {dag.py:3823} INFO - Setting next_dagrun for crawl_crypto_prices to 2026-03-19 02:00:00+00:00, run_after=2026-03-19 03:00:00+00:00
[2026-03-19T02:29:09.658+0000] {processor.py:183} INFO - Processing /opt/airflow/dags/crawl_crypto_prices.py took 0.052 seconds
[2026-03-19T02:29:31.856+0000] {processor.py:161} INFO - Started process (PID=5427) to work on /opt/airflow/dags/crawl_crypto_prices.py
[2026-03-19T02:29:31.857+0000] {processor.py:830} INFO - Processing file /opt/airflow/dags/crawl_crypto_prices.py for tasks to queue
[2026-03-19T02:29:31.858+0000] {logging_mixin.py:188} INFO - [2026-03-19T02:29:31.857+0000] {dagbag.py:538} INFO - Filling up the DagBag from /opt/airflow/dags/crawl_crypto_prices.py
[2026-03-19T02:29:31.864+0000] {logging_mixin.py:188} INFO - [2026-03-19T02:29:31.864+0000] {dagbag.py:348} ERROR - Failed to import: /opt/airflow/dags/crawl_crypto_prices.py
Traceback (most recent call last):
  File "/home/airflow/.local/lib/python3.8/site-packages/airflow/models/dagbag.py", line 344, in parse
    loader.exec_module(new_module)
  File "<frozen importlib._bootstrap_external>", line 843, in exec_module
  File "<frozen importlib._bootstrap>", line 219, in _call_with_frames_removed
  File "/opt/airflow/dags/crawl_crypto_prices.py", line 5, in <module>
    from scripts.db import insert_prices
ModuleNotFoundError: No module named 'scripts.db'
[2026-03-19T02:29:31.864+0000] {processor.py:842} WARNING - No viable dags retrieved from /opt/airflow/dags/crawl_crypto_prices.py
[2026-03-19T02:29:31.879+0000] {processor.py:183} INFO - Processing /opt/airflow/dags/crawl_crypto_prices.py took 0.026 seconds
[2026-03-19T02:30:11.182+0000] {processor.py:161} INFO - Started process (PID=169) to work on /opt/airflow/dags/crawl_crypto_prices.py
[2026-03-19T02:30:11.182+0000] {processor.py:830} INFO - Processing file /opt/airflow/dags/crawl_crypto_prices.py for tasks to queue
[2026-03-19T02:30:11.183+0000] {logging_mixin.py:188} INFO - [2026-03-19T02:30:11.183+0000] {dagbag.py:538} INFO - Filling up the DagBag from /opt/airflow/dags/crawl_crypto_prices.py
[2026-03-19T02:30:11.186+0000] {logging_mixin.py:188} INFO - [2026-03-19T02:30:11.185+0000] {dagbag.py:348} ERROR - Failed to import: /opt/airflow/dags/crawl_crypto_prices.py
Traceback (most recent call last):
  File "/home/airflow/.local/lib/python3.8/site-packages/airflow/models/dagbag.py", line 344, in parse
    loader.exec_module(new_module)
  File "<frozen importlib._bootstrap_external>", line 843, in exec_module
  File "<frozen importlib._bootstrap>", line 219, in _call_with_frames_removed
  File "/opt/airflow/dags/crawl_crypto_prices.py", line 5, in <module>
    from scripts.db import insert_prices
ModuleNotFoundError: No module named 'scripts.db'
[2026-03-19T02:30:11.186+0000] {processor.py:842} WARNING - No viable dags retrieved from /opt/airflow/dags/crawl_crypto_prices.py
[2026-03-19T02:30:11.193+0000] {processor.py:183} INFO - Processing /opt/airflow/dags/crawl_crypto_prices.py took 0.012 seconds
[2026-03-19T02:30:41.408+0000] {processor.py:161} INFO - Started process (PID=174) to work on /opt/airflow/dags/crawl_crypto_prices.py
[2026-03-19T02:30:41.408+0000] {processor.py:830} INFO - Processing file /opt/airflow/dags/crawl_crypto_prices.py for tasks to queue
[2026-03-19T02:30:41.408+0000] {logging_mixin.py:188} INFO - [2026-03-19T02:30:41.408+0000] {dagbag.py:538} INFO - Filling up the DagBag from /opt/airflow/dags/crawl_crypto_prices.py
[2026-03-19T02:30:41.410+0000] {logging_mixin.py:188} INFO - [2026-03-19T02:30:41.410+0000] {dagbag.py:348} ERROR - Failed to import: /opt/airflow/dags/crawl_crypto_prices.py
Traceback (most recent call last):
  File "/home/airflow/.local/lib/python3.8/site-packages/airflow/models/dagbag.py", line 344, in parse
    loader.exec_module(new_module)
  File "<frozen importlib._bootstrap_external>", line 843, in exec_module
  File "<frozen importlib._bootstrap>", line 219, in _call_with_frames_removed
  File "/opt/airflow/dags/crawl_crypto_prices.py", line 5, in <module>
    from scripts.db import insert_prices
ModuleNotFoundError: No module named 'scripts.db'
[2026-03-19T02:30:41.410+0000] {processor.py:842} WARNING - No viable dags retrieved from /opt/airflow/dags/crawl_crypto_prices.py
[2026-03-19T02:30:41.419+0000] {processor.py:183} INFO - Processing /opt/airflow/dags/crawl_crypto_prices.py took 0.013 seconds
[2026-03-19T02:31:11.695+0000] {processor.py:161} INFO - Started process (PID=179) to work on /opt/airflow/dags/crawl_crypto_prices.py
[2026-03-19T02:31:11.695+0000] {processor.py:830} INFO - Processing file /opt/airflow/dags/crawl_crypto_prices.py for tasks to queue
[2026-03-19T02:31:11.696+0000] {logging_mixin.py:188} INFO - [2026-03-19T02:31:11.696+0000] {dagbag.py:538} INFO - Filling up the DagBag from /opt/airflow/dags/crawl_crypto_prices.py
[2026-03-19T02:31:11.699+0000] {logging_mixin.py:188} INFO - [2026-03-19T02:31:11.698+0000] {dagbag.py:348} ERROR - Failed to import: /opt/airflow/dags/crawl_crypto_prices.py
Traceback (most recent call last):
  File "/home/airflow/.local/lib/python3.8/site-packages/airflow/models/dagbag.py", line 344, in parse
    loader.exec_module(new_module)
  File "<frozen importlib._bootstrap_external>", line 843, in exec_module
  File "<frozen importlib._bootstrap>", line 219, in _call_with_frames_removed
  File "/opt/airflow/dags/crawl_crypto_prices.py", line 5, in <module>
    from scripts.db import insert_prices
ModuleNotFoundError: No module named 'scripts.db'
[2026-03-19T02:31:11.699+0000] {processor.py:842} WARNING - No viable dags retrieved from /opt/airflow/dags/crawl_crypto_prices.py
[2026-03-19T02:31:11.712+0000] {processor.py:183} INFO - Processing /opt/airflow/dags/crawl_crypto_prices.py took 0.020 seconds
[2026-03-19T02:31:41.966+0000] {processor.py:161} INFO - Started process (PID=184) to work on /opt/airflow/dags/crawl_crypto_prices.py
[2026-03-19T02:31:41.967+0000] {processor.py:830} INFO - Processing file /opt/airflow/dags/crawl_crypto_prices.py for tasks to queue
[2026-03-19T02:31:41.967+0000] {logging_mixin.py:188} INFO - [2026-03-19T02:31:41.967+0000] {dagbag.py:538} INFO - Filling up the DagBag from /opt/airflow/dags/crawl_crypto_prices.py
[2026-03-19T02:31:41.971+0000] {logging_mixin.py:188} INFO - [2026-03-19T02:31:41.970+0000] {dagbag.py:348} ERROR - Failed to import: /opt/airflow/dags/crawl_crypto_prices.py
Traceback (most recent call last):
  File "/home/airflow/.local/lib/python3.8/site-packages/airflow/models/dagbag.py", line 344, in parse
    loader.exec_module(new_module)
  File "<frozen importlib._bootstrap_external>", line 843, in exec_module
  File "<frozen importlib._bootstrap>", line 219, in _call_with_frames_removed
  File "/opt/airflow/dags/crawl_crypto_prices.py", line 5, in <module>
    from scripts.db import insert_prices
ModuleNotFoundError: No module named 'scripts.db'
[2026-03-19T02:31:41.971+0000] {processor.py:842} WARNING - No viable dags retrieved from /opt/airflow/dags/crawl_crypto_prices.py
[2026-03-19T02:31:41.983+0000] {processor.py:183} INFO - Processing /opt/airflow/dags/crawl_crypto_prices.py took 0.020 seconds
[2026-03-19T02:32:12.265+0000] {processor.py:161} INFO - Started process (PID=189) to work on /opt/airflow/dags/crawl_crypto_prices.py
[2026-03-19T02:32:12.266+0000] {processor.py:830} INFO - Processing file /opt/airflow/dags/crawl_crypto_prices.py for tasks to queue
[2026-03-19T02:32:12.267+0000] {logging_mixin.py:188} INFO - [2026-03-19T02:32:12.267+0000] {dagbag.py:538} INFO - Filling up the DagBag from /opt/airflow/dags/crawl_crypto_prices.py
[2026-03-19T02:32:12.270+0000] {logging_mixin.py:188} INFO - [2026-03-19T02:32:12.270+0000] {dagbag.py:348} ERROR - Failed to import: /opt/airflow/dags/crawl_crypto_prices.py
Traceback (most recent call last):
  File "/home/airflow/.local/lib/python3.8/site-packages/airflow/models/dagbag.py", line 344, in parse
    loader.exec_module(new_module)
  File "<frozen importlib._bootstrap_external>", line 843, in exec_module
  File "<frozen importlib._bootstrap>", line 219, in _call_with_frames_removed
  File "/opt/airflow/dags/crawl_crypto_prices.py", line 5, in <module>
    from scripts.db import insert_prices
ModuleNotFoundError: No module named 'scripts.db'
[2026-03-19T02:32:12.271+0000] {processor.py:842} WARNING - No viable dags retrieved from /opt/airflow/dags/crawl_crypto_prices.py
[2026-03-19T02:32:12.282+0000] {processor.py:183} INFO - Processing /opt/airflow/dags/crawl_crypto_prices.py took 0.020 seconds
[2026-03-19T02:32:42.551+0000] {processor.py:161} INFO - Started process (PID=194) to work on /opt/airflow/dags/crawl_crypto_prices.py
[2026-03-19T02:32:42.551+0000] {processor.py:830} INFO - Processing file /opt/airflow/dags/crawl_crypto_prices.py for tasks to queue
[2026-03-19T02:32:42.552+0000] {logging_mixin.py:188} INFO - [2026-03-19T02:32:42.552+0000] {dagbag.py:538} INFO - Filling up the DagBag from /opt/airflow/dags/crawl_crypto_prices.py
[2026-03-19T02:32:42.556+0000] {logging_mixin.py:188} INFO - [2026-03-19T02:32:42.556+0000] {dagbag.py:348} ERROR - Failed to import: /opt/airflow/dags/crawl_crypto_prices.py
Traceback (most recent call last):
  File "/home/airflow/.local/lib/python3.8/site-packages/airflow/models/dagbag.py", line 344, in parse
    loader.exec_module(new_module)
  File "<frozen importlib._bootstrap_external>", line 843, in exec_module
  File "<frozen importlib._bootstrap>", line 219, in _call_with_frames_removed
  File "/opt/airflow/dags/crawl_crypto_prices.py", line 5, in <module>
    from scripts.db import insert_prices
ModuleNotFoundError: No module named 'scripts.db'
[2026-03-19T02:32:42.557+0000] {processor.py:842} WARNING - No viable dags retrieved from /opt/airflow/dags/crawl_crypto_prices.py
[2026-03-19T02:32:42.569+0000] {processor.py:183} INFO - Processing /opt/airflow/dags/crawl_crypto_prices.py took 0.022 seconds
[2026-03-19T02:33:12.826+0000] {processor.py:161} INFO - Started process (PID=199) to work on /opt/airflow/dags/crawl_crypto_prices.py
[2026-03-19T02:33:12.827+0000] {processor.py:830} INFO - Processing file /opt/airflow/dags/crawl_crypto_prices.py for tasks to queue
[2026-03-19T02:33:12.827+0000] {logging_mixin.py:188} INFO - [2026-03-19T02:33:12.827+0000] {dagbag.py:538} INFO - Filling up the DagBag from /opt/airflow/dags/crawl_crypto_prices.py
[2026-03-19T02:33:12.830+0000] {logging_mixin.py:188} INFO - [2026-03-19T02:33:12.830+0000] {dagbag.py:348} ERROR - Failed to import: /opt/airflow/dags/crawl_crypto_prices.py
Traceback (most recent call last):
  File "/home/airflow/.local/lib/python3.8/site-packages/airflow/models/dagbag.py", line 344, in parse
    loader.exec_module(new_module)
  File "<frozen importlib._bootstrap_external>", line 843, in exec_module
  File "<frozen importlib._bootstrap>", line 219, in _call_with_frames_removed
  File "/opt/airflow/dags/crawl_crypto_prices.py", line 5, in <module>
    from scripts.db import insert_prices
ModuleNotFoundError: No module named 'scripts.db'
[2026-03-19T02:33:12.831+0000] {processor.py:842} WARNING - No viable dags retrieved from /opt/airflow/dags/crawl_crypto_prices.py
[2026-03-19T02:33:12.843+0000] {processor.py:183} INFO - Processing /opt/airflow/dags/crawl_crypto_prices.py took 0.020 seconds
[2026-03-19T02:33:43.106+0000] {processor.py:161} INFO - Started process (PID=204) to work on /opt/airflow/dags/crawl_crypto_prices.py
[2026-03-19T02:33:43.107+0000] {processor.py:830} INFO - Processing file /opt/airflow/dags/crawl_crypto_prices.py for tasks to queue
[2026-03-19T02:33:43.107+0000] {logging_mixin.py:188} INFO - [2026-03-19T02:33:43.107+0000] {dagbag.py:538} INFO - Filling up the DagBag from /opt/airflow/dags/crawl_crypto_prices.py
[2026-03-19T02:33:43.110+0000] {logging_mixin.py:188} INFO - [2026-03-19T02:33:43.110+0000] {dagbag.py:348} ERROR - Failed to import: /opt/airflow/dags/crawl_crypto_prices.py
Traceback (most recent call last):
  File "/home/airflow/.local/lib/python3.8/site-packages/airflow/models/dagbag.py", line 344, in parse
    loader.exec_module(new_module)
  File "<frozen importlib._bootstrap_external>", line 843, in exec_module
  File "<frozen importlib._bootstrap>", line 219, in _call_with_frames_removed
  File "/opt/airflow/dags/crawl_crypto_prices.py", line 5, in <module>
    from scripts.db import insert_prices
ModuleNotFoundError: No module named 'scripts.db'
[2026-03-19T02:33:43.110+0000] {processor.py:842} WARNING - No viable dags retrieved from /opt/airflow/dags/crawl_crypto_prices.py
[2026-03-19T02:33:43.123+0000] {processor.py:183} INFO - Processing /opt/airflow/dags/crawl_crypto_prices.py took 0.019 seconds
[2026-03-19T02:34:13.336+0000] {processor.py:161} INFO - Started process (PID=209) to work on /opt/airflow/dags/crawl_crypto_prices.py
[2026-03-19T02:34:13.337+0000] {processor.py:830} INFO - Processing file /opt/airflow/dags/crawl_crypto_prices.py for tasks to queue
[2026-03-19T02:34:13.338+0000] {logging_mixin.py:188} INFO - [2026-03-19T02:34:13.337+0000] {dagbag.py:538} INFO - Filling up the DagBag from /opt/airflow/dags/crawl_crypto_prices.py
[2026-03-19T02:34:13.341+0000] {logging_mixin.py:188} INFO - [2026-03-19T02:34:13.340+0000] {dagbag.py:348} ERROR - Failed to import: /opt/airflow/dags/crawl_crypto_prices.py
Traceback (most recent call last):
  File "/home/airflow/.local/lib/python3.8/site-packages/airflow/models/dagbag.py", line 344, in parse
    loader.exec_module(new_module)
  File "<frozen importlib._bootstrap_external>", line 843, in exec_module
  File "<frozen importlib._bootstrap>", line 219, in _call_with_frames_removed
  File "/opt/airflow/dags/crawl_crypto_prices.py", line 5, in <module>
    from scripts.db import insert_prices
ModuleNotFoundError: No module named 'scripts.db'
[2026-03-19T02:34:13.341+0000] {processor.py:842} WARNING - No viable dags retrieved from /opt/airflow/dags/crawl_crypto_prices.py
[2026-03-19T02:34:13.355+0000] {processor.py:183} INFO - Processing /opt/airflow/dags/crawl_crypto_prices.py took 0.022 seconds
[2026-03-19T02:34:43.619+0000] {processor.py:161} INFO - Started process (PID=214) to work on /opt/airflow/dags/crawl_crypto_prices.py
[2026-03-19T02:34:43.620+0000] {processor.py:830} INFO - Processing file /opt/airflow/dags/crawl_crypto_prices.py for tasks to queue
[2026-03-19T02:34:43.620+0000] {logging_mixin.py:188} INFO - [2026-03-19T02:34:43.620+0000] {dagbag.py:538} INFO - Filling up the DagBag from /opt/airflow/dags/crawl_crypto_prices.py
[2026-03-19T02:34:43.624+0000] {logging_mixin.py:188} INFO - [2026-03-19T02:34:43.623+0000] {dagbag.py:348} ERROR - Failed to import: /opt/airflow/dags/crawl_crypto_prices.py
Traceback (most recent call last):
  File "/home/airflow/.local/lib/python3.8/site-packages/airflow/models/dagbag.py", line 344, in parse
    loader.exec_module(new_module)
  File "<frozen importlib._bootstrap_external>", line 843, in exec_module
  File "<frozen importlib._bootstrap>", line 219, in _call_with_frames_removed
  File "/opt/airflow/dags/crawl_crypto_prices.py", line 5, in <module>
    from scripts.db import insert_prices
ModuleNotFoundError: No module named 'scripts.db'
[2026-03-19T02:34:43.624+0000] {processor.py:842} WARNING - No viable dags retrieved from /opt/airflow/dags/crawl_crypto_prices.py
[2026-03-19T02:34:43.638+0000] {processor.py:183} INFO - Processing /opt/airflow/dags/crawl_crypto_prices.py took 0.021 seconds
[2026-03-19T02:35:13.882+0000] {processor.py:161} INFO - Started process (PID=219) to work on /opt/airflow/dags/crawl_crypto_prices.py
[2026-03-19T02:35:13.883+0000] {processor.py:830} INFO - Processing file /opt/airflow/dags/crawl_crypto_prices.py for tasks to queue
[2026-03-19T02:35:13.883+0000] {logging_mixin.py:188} INFO - [2026-03-19T02:35:13.883+0000] {dagbag.py:538} INFO - Filling up the DagBag from /opt/airflow/dags/crawl_crypto_prices.py
[2026-03-19T02:35:13.887+0000] {logging_mixin.py:188} INFO - [2026-03-19T02:35:13.886+0000] {dagbag.py:348} ERROR - Failed to import: /opt/airflow/dags/crawl_crypto_prices.py
Traceback (most recent call last):
  File "/home/airflow/.local/lib/python3.8/site-packages/airflow/models/dagbag.py", line 344, in parse
    loader.exec_module(new_module)
  File "<frozen importlib._bootstrap_external>", line 843, in exec_module
  File "<frozen importlib._bootstrap>", line 219, in _call_with_frames_removed
  File "/opt/airflow/dags/crawl_crypto_prices.py", line 5, in <module>
    from scripts.db import insert_prices
ModuleNotFoundError: No module named 'scripts.db'
[2026-03-19T02:35:13.887+0000] {processor.py:842} WARNING - No viable dags retrieved from /opt/airflow/dags/crawl_crypto_prices.py
[2026-03-19T02:35:13.901+0000] {processor.py:183} INFO - Processing /opt/airflow/dags/crawl_crypto_prices.py took 0.021 seconds
[2026-03-19T02:35:44.140+0000] {processor.py:161} INFO - Started process (PID=224) to work on /opt/airflow/dags/crawl_crypto_prices.py
[2026-03-19T02:35:44.140+0000] {processor.py:830} INFO - Processing file /opt/airflow/dags/crawl_crypto_prices.py for tasks to queue
[2026-03-19T02:35:44.141+0000] {logging_mixin.py:188} INFO - [2026-03-19T02:35:44.141+0000] {dagbag.py:538} INFO - Filling up the DagBag from /opt/airflow/dags/crawl_crypto_prices.py
[2026-03-19T02:35:44.144+0000] {logging_mixin.py:188} INFO - [2026-03-19T02:35:44.144+0000] {dagbag.py:348} ERROR - Failed to import: /opt/airflow/dags/crawl_crypto_prices.py
Traceback (most recent call last):
  File "/home/airflow/.local/lib/python3.8/site-packages/airflow/models/dagbag.py", line 344, in parse
    loader.exec_module(new_module)
  File "<frozen importlib._bootstrap_external>", line 843, in exec_module
  File "<frozen importlib._bootstrap>", line 219, in _call_with_frames_removed
  File "/opt/airflow/dags/crawl_crypto_prices.py", line 5, in <module>
    from scripts.db import insert_prices
ModuleNotFoundError: No module named 'scripts.db'
[2026-03-19T02:35:44.145+0000] {processor.py:842} WARNING - No viable dags retrieved from /opt/airflow/dags/crawl_crypto_prices.py
[2026-03-19T02:35:44.158+0000] {processor.py:183} INFO - Processing /opt/airflow/dags/crawl_crypto_prices.py took 0.021 seconds
[2026-03-19T02:36:14.427+0000] {processor.py:161} INFO - Started process (PID=229) to work on /opt/airflow/dags/crawl_crypto_prices.py
[2026-03-19T02:36:14.428+0000] {processor.py:830} INFO - Processing file /opt/airflow/dags/crawl_crypto_prices.py for tasks to queue
[2026-03-19T02:36:14.429+0000] {logging_mixin.py:188} INFO - [2026-03-19T02:36:14.428+0000] {dagbag.py:538} INFO - Filling up the DagBag from /opt/airflow/dags/crawl_crypto_prices.py
[2026-03-19T02:36:14.433+0000] {logging_mixin.py:188} INFO - [2026-03-19T02:36:14.432+0000] {dagbag.py:348} ERROR - Failed to import: /opt/airflow/dags/crawl_crypto_prices.py
Traceback (most recent call last):
  File "/home/airflow/.local/lib/python3.8/site-packages/airflow/models/dagbag.py", line 344, in parse
    loader.exec_module(new_module)
  File "<frozen importlib._bootstrap_external>", line 843, in exec_module
  File "<frozen importlib._bootstrap>", line 219, in _call_with_frames_removed
  File "/opt/airflow/dags/crawl_crypto_prices.py", line 5, in <module>
    from scripts.db import insert_prices
ModuleNotFoundError: No module named 'scripts.db'
[2026-03-19T02:36:14.433+0000] {processor.py:842} WARNING - No viable dags retrieved from /opt/airflow/dags/crawl_crypto_prices.py
[2026-03-19T02:36:14.447+0000] {processor.py:183} INFO - Processing /opt/airflow/dags/crawl_crypto_prices.py took 0.023 seconds
[2026-03-19T02:36:44.682+0000] {processor.py:161} INFO - Started process (PID=234) to work on /opt/airflow/dags/crawl_crypto_prices.py
[2026-03-19T02:36:44.683+0000] {processor.py:830} INFO - Processing file /opt/airflow/dags/crawl_crypto_prices.py for tasks to queue
[2026-03-19T02:36:44.684+0000] {logging_mixin.py:188} INFO - [2026-03-19T02:36:44.684+0000] {dagbag.py:538} INFO - Filling up the DagBag from /opt/airflow/dags/crawl_crypto_prices.py
[2026-03-19T02:36:44.687+0000] {logging_mixin.py:188} INFO - [2026-03-19T02:36:44.687+0000] {dagbag.py:348} ERROR - Failed to import: /opt/airflow/dags/crawl_crypto_prices.py
Traceback (most recent call last):
  File "/home/airflow/.local/lib/python3.8/site-packages/airflow/models/dagbag.py", line 344, in parse
    loader.exec_module(new_module)
  File "<frozen importlib._bootstrap_external>", line 843, in exec_module
  File "<frozen importlib._bootstrap>", line 219, in _call_with_frames_removed
  File "/opt/airflow/dags/crawl_crypto_prices.py", line 5, in <module>
    from scripts.db import insert_prices
ModuleNotFoundError: No module named 'scripts.db'
[2026-03-19T02:36:44.687+0000] {processor.py:842} WARNING - No viable dags retrieved from /opt/airflow/dags/crawl_crypto_prices.py
[2026-03-19T02:36:44.702+0000] {processor.py:183} INFO - Processing /opt/airflow/dags/crawl_crypto_prices.py took 0.022 seconds
[2026-03-19T02:37:14.975+0000] {processor.py:161} INFO - Started process (PID=239) to work on /opt/airflow/dags/crawl_crypto_prices.py
[2026-03-19T02:37:14.975+0000] {processor.py:830} INFO - Processing file /opt/airflow/dags/crawl_crypto_prices.py for tasks to queue
[2026-03-19T02:37:14.976+0000] {logging_mixin.py:188} INFO - [2026-03-19T02:37:14.976+0000] {dagbag.py:538} INFO - Filling up the DagBag from /opt/airflow/dags/crawl_crypto_prices.py
[2026-03-19T02:37:14.980+0000] {logging_mixin.py:188} INFO - [2026-03-19T02:37:14.979+0000] {dagbag.py:348} ERROR - Failed to import: /opt/airflow/dags/crawl_crypto_prices.py
Traceback (most recent call last):
  File "/home/airflow/.local/lib/python3.8/site-packages/airflow/models/dagbag.py", line 344, in parse
    loader.exec_module(new_module)
  File "<frozen importlib._bootstrap_external>", line 843, in exec_module
  File "<frozen importlib._bootstrap>", line 219, in _call_with_frames_removed
  File "/opt/airflow/dags/crawl_crypto_prices.py", line 5, in <module>
    from scripts.db import insert_prices
ModuleNotFoundError: No module named 'scripts.db'
[2026-03-19T02:37:14.980+0000] {processor.py:842} WARNING - No viable dags retrieved from /opt/airflow/dags/crawl_crypto_prices.py
[2026-03-19T02:37:14.994+0000] {processor.py:183} INFO - Processing /opt/airflow/dags/crawl_crypto_prices.py took 0.023 seconds
[2026-03-19T02:37:45.312+0000] {processor.py:161} INFO - Started process (PID=244) to work on /opt/airflow/dags/crawl_crypto_prices.py
[2026-03-19T02:37:45.313+0000] {processor.py:830} INFO - Processing file /opt/airflow/dags/crawl_crypto_prices.py for tasks to queue
[2026-03-19T02:37:45.313+0000] {logging_mixin.py:188} INFO - [2026-03-19T02:37:45.313+0000] {dagbag.py:538} INFO - Filling up the DagBag from /opt/airflow/dags/crawl_crypto_prices.py
[2026-03-19T02:37:45.317+0000] {logging_mixin.py:188} INFO - [2026-03-19T02:37:45.317+0000] {dagbag.py:348} ERROR - Failed to import: /opt/airflow/dags/crawl_crypto_prices.py
Traceback (most recent call last):
  File "/home/airflow/.local/lib/python3.8/site-packages/airflow/models/dagbag.py", line 344, in parse
    loader.exec_module(new_module)
  File "<frozen importlib._bootstrap_external>", line 843, in exec_module
  File "<frozen importlib._bootstrap>", line 219, in _call_with_frames_removed
  File "/opt/airflow/dags/crawl_crypto_prices.py", line 5, in <module>
    from scripts.db import insert_prices
ModuleNotFoundError: No module named 'scripts.db'
[2026-03-19T02:37:45.318+0000] {processor.py:842} WARNING - No viable dags retrieved from /opt/airflow/dags/crawl_crypto_prices.py
[2026-03-19T02:37:45.332+0000] {processor.py:183} INFO - Processing /opt/airflow/dags/crawl_crypto_prices.py took 0.023 seconds
[2026-03-19T02:38:15.623+0000] {processor.py:161} INFO - Started process (PID=249) to work on /opt/airflow/dags/crawl_crypto_prices.py
[2026-03-19T02:38:15.624+0000] {processor.py:830} INFO - Processing file /opt/airflow/dags/crawl_crypto_prices.py for tasks to queue
[2026-03-19T02:38:15.624+0000] {logging_mixin.py:188} INFO - [2026-03-19T02:38:15.624+0000] {dagbag.py:538} INFO - Filling up the DagBag from /opt/airflow/dags/crawl_crypto_prices.py
[2026-03-19T02:38:15.628+0000] {logging_mixin.py:188} INFO - [2026-03-19T02:38:15.627+0000] {dagbag.py:348} ERROR - Failed to import: /opt/airflow/dags/crawl_crypto_prices.py
Traceback (most recent call last):
  File "/home/airflow/.local/lib/python3.8/site-packages/airflow/models/dagbag.py", line 344, in parse
    loader.exec_module(new_module)
  File "<frozen importlib._bootstrap_external>", line 843, in exec_module
  File "<frozen importlib._bootstrap>", line 219, in _call_with_frames_removed
  File "/opt/airflow/dags/crawl_crypto_prices.py", line 5, in <module>
    from scripts.db import insert_prices
ModuleNotFoundError: No module named 'scripts.db'
[2026-03-19T02:38:15.628+0000] {processor.py:842} WARNING - No viable dags retrieved from /opt/airflow/dags/crawl_crypto_prices.py
[2026-03-19T02:38:15.643+0000] {processor.py:183} INFO - Processing /opt/airflow/dags/crawl_crypto_prices.py took 0.024 seconds
[2026-03-19T02:38:45.957+0000] {processor.py:161} INFO - Started process (PID=254) to work on /opt/airflow/dags/crawl_crypto_prices.py
[2026-03-19T02:38:45.958+0000] {processor.py:830} INFO - Processing file /opt/airflow/dags/crawl_crypto_prices.py for tasks to queue
[2026-03-19T02:38:45.958+0000] {logging_mixin.py:188} INFO - [2026-03-19T02:38:45.958+0000] {dagbag.py:538} INFO - Filling up the DagBag from /opt/airflow/dags/crawl_crypto_prices.py
[2026-03-19T02:38:45.962+0000] {logging_mixin.py:188} INFO - [2026-03-19T02:38:45.961+0000] {dagbag.py:348} ERROR - Failed to import: /opt/airflow/dags/crawl_crypto_prices.py
Traceback (most recent call last):
  File "/home/airflow/.local/lib/python3.8/site-packages/airflow/models/dagbag.py", line 344, in parse
    loader.exec_module(new_module)
  File "<frozen importlib._bootstrap_external>", line 843, in exec_module
  File "<frozen importlib._bootstrap>", line 219, in _call_with_frames_removed
  File "/opt/airflow/dags/crawl_crypto_prices.py", line 5, in <module>
    from scripts.db import insert_prices
ModuleNotFoundError: No module named 'scripts.db'
[2026-03-19T02:38:45.962+0000] {processor.py:842} WARNING - No viable dags retrieved from /opt/airflow/dags/crawl_crypto_prices.py
[2026-03-19T02:38:45.976+0000] {processor.py:183} INFO - Processing /opt/airflow/dags/crawl_crypto_prices.py took 0.022 seconds
[2026-03-19T02:39:16.277+0000] {processor.py:161} INFO - Started process (PID=259) to work on /opt/airflow/dags/crawl_crypto_prices.py
[2026-03-19T02:39:16.277+0000] {processor.py:830} INFO - Processing file /opt/airflow/dags/crawl_crypto_prices.py for tasks to queue
[2026-03-19T02:39:16.278+0000] {logging_mixin.py:188} INFO - [2026-03-19T02:39:16.278+0000] {dagbag.py:538} INFO - Filling up the DagBag from /opt/airflow/dags/crawl_crypto_prices.py
[2026-03-19T02:39:16.281+0000] {logging_mixin.py:188} INFO - [2026-03-19T02:39:16.281+0000] {dagbag.py:348} ERROR - Failed to import: /opt/airflow/dags/crawl_crypto_prices.py
Traceback (most recent call last):
  File "/home/airflow/.local/lib/python3.8/site-packages/airflow/models/dagbag.py", line 344, in parse
    loader.exec_module(new_module)
  File "<frozen importlib._bootstrap_external>", line 843, in exec_module
  File "<frozen importlib._bootstrap>", line 219, in _call_with_frames_removed
  File "/opt/airflow/dags/crawl_crypto_prices.py", line 5, in <module>
    from scripts.db import insert_prices
ModuleNotFoundError: No module named 'scripts.db'
[2026-03-19T02:39:16.282+0000] {processor.py:842} WARNING - No viable dags retrieved from /opt/airflow/dags/crawl_crypto_prices.py
[2026-03-19T02:39:16.295+0000] {processor.py:183} INFO - Processing /opt/airflow/dags/crawl_crypto_prices.py took 0.021 seconds
[2026-03-19T02:39:46.574+0000] {processor.py:161} INFO - Started process (PID=264) to work on /opt/airflow/dags/crawl_crypto_prices.py
[2026-03-19T02:39:46.575+0000] {processor.py:830} INFO - Processing file /opt/airflow/dags/crawl_crypto_prices.py for tasks to queue
[2026-03-19T02:39:46.575+0000] {logging_mixin.py:188} INFO - [2026-03-19T02:39:46.575+0000] {dagbag.py:538} INFO - Filling up the DagBag from /opt/airflow/dags/crawl_crypto_prices.py
[2026-03-19T02:39:46.579+0000] {logging_mixin.py:188} INFO - [2026-03-19T02:39:46.578+0000] {dagbag.py:348} ERROR - Failed to import: /opt/airflow/dags/crawl_crypto_prices.py
Traceback (most recent call last):
  File "/home/airflow/.local/lib/python3.8/site-packages/airflow/models/dagbag.py", line 344, in parse
    loader.exec_module(new_module)
  File "<frozen importlib._bootstrap_external>", line 843, in exec_module
  File "<frozen importlib._bootstrap>", line 219, in _call_with_frames_removed
  File "/opt/airflow/dags/crawl_crypto_prices.py", line 5, in <module>
    from scripts.db import insert_prices
ModuleNotFoundError: No module named 'scripts.db'
[2026-03-19T02:39:46.579+0000] {processor.py:842} WARNING - No viable dags retrieved from /opt/airflow/dags/crawl_crypto_prices.py
[2026-03-19T02:39:46.594+0000] {processor.py:183} INFO - Processing /opt/airflow/dags/crawl_crypto_prices.py took 0.024 seconds
[2026-03-19T02:40:16.950+0000] {processor.py:161} INFO - Started process (PID=269) to work on /opt/airflow/dags/crawl_crypto_prices.py
[2026-03-19T02:40:16.950+0000] {processor.py:830} INFO - Processing file /opt/airflow/dags/crawl_crypto_prices.py for tasks to queue
[2026-03-19T02:40:16.951+0000] {logging_mixin.py:188} INFO - [2026-03-19T02:40:16.951+0000] {dagbag.py:538} INFO - Filling up the DagBag from /opt/airflow/dags/crawl_crypto_prices.py
[2026-03-19T02:40:16.956+0000] {logging_mixin.py:188} INFO - [2026-03-19T02:40:16.956+0000] {dagbag.py:348} ERROR - Failed to import: /opt/airflow/dags/crawl_crypto_prices.py
Traceback (most recent call last):
  File "/home/airflow/.local/lib/python3.8/site-packages/airflow/models/dagbag.py", line 344, in parse
    loader.exec_module(new_module)
  File "<frozen importlib._bootstrap_external>", line 843, in exec_module
  File "<frozen importlib._bootstrap>", line 219, in _call_with_frames_removed
  File "/opt/airflow/dags/crawl_crypto_prices.py", line 5, in <module>
    from scripts.db import insert_prices
ModuleNotFoundError: No module named 'scripts.db'
[2026-03-19T02:40:16.957+0000] {processor.py:842} WARNING - No viable dags retrieved from /opt/airflow/dags/crawl_crypto_prices.py
[2026-03-19T02:40:16.973+0000] {processor.py:183} INFO - Processing /opt/airflow/dags/crawl_crypto_prices.py took 0.027 seconds
[2026-03-19T02:40:47.286+0000] {processor.py:161} INFO - Started process (PID=274) to work on /opt/airflow/dags/crawl_crypto_prices.py
[2026-03-19T02:40:47.287+0000] {processor.py:830} INFO - Processing file /opt/airflow/dags/crawl_crypto_prices.py for tasks to queue
[2026-03-19T02:40:47.288+0000] {logging_mixin.py:188} INFO - [2026-03-19T02:40:47.288+0000] {dagbag.py:538} INFO - Filling up the DagBag from /opt/airflow/dags/crawl_crypto_prices.py
[2026-03-19T02:40:47.292+0000] {logging_mixin.py:188} INFO - [2026-03-19T02:40:47.292+0000] {dagbag.py:348} ERROR - Failed to import: /opt/airflow/dags/crawl_crypto_prices.py
Traceback (most recent call last):
  File "/home/airflow/.local/lib/python3.8/site-packages/airflow/models/dagbag.py", line 344, in parse
    loader.exec_module(new_module)
  File "<frozen importlib._bootstrap_external>", line 843, in exec_module
  File "<frozen importlib._bootstrap>", line 219, in _call_with_frames_removed
  File "/opt/airflow/dags/crawl_crypto_prices.py", line 5, in <module>
    from scripts.db import insert_prices
ModuleNotFoundError: No module named 'scripts.db'
[2026-03-19T02:40:47.293+0000] {processor.py:842} WARNING - No viable dags retrieved from /opt/airflow/dags/crawl_crypto_prices.py
[2026-03-19T02:40:47.307+0000] {processor.py:183} INFO - Processing /opt/airflow/dags/crawl_crypto_prices.py took 0.024 seconds
[2026-03-19T02:41:17.620+0000] {processor.py:161} INFO - Started process (PID=279) to work on /opt/airflow/dags/crawl_crypto_prices.py
[2026-03-19T02:41:17.621+0000] {processor.py:830} INFO - Processing file /opt/airflow/dags/crawl_crypto_prices.py for tasks to queue
[2026-03-19T02:41:17.621+0000] {logging_mixin.py:188} INFO - [2026-03-19T02:41:17.621+0000] {dagbag.py:538} INFO - Filling up the DagBag from /opt/airflow/dags/crawl_crypto_prices.py
[2026-03-19T02:41:17.625+0000] {logging_mixin.py:188} INFO - [2026-03-19T02:41:17.624+0000] {dagbag.py:348} ERROR - Failed to import: /opt/airflow/dags/crawl_crypto_prices.py
Traceback (most recent call last):
  File "/home/airflow/.local/lib/python3.8/site-packages/airflow/models/dagbag.py", line 344, in parse
    loader.exec_module(new_module)
  File "<frozen importlib._bootstrap_external>", line 843, in exec_module
  File "<frozen importlib._bootstrap>", line 219, in _call_with_frames_removed
  File "/opt/airflow/dags/crawl_crypto_prices.py", line 5, in <module>
    from scripts.db import insert_prices
ModuleNotFoundError: No module named 'scripts.db'
[2026-03-19T02:41:17.625+0000] {processor.py:842} WARNING - No viable dags retrieved from /opt/airflow/dags/crawl_crypto_prices.py
[2026-03-19T02:41:17.640+0000] {processor.py:183} INFO - Processing /opt/airflow/dags/crawl_crypto_prices.py took 0.023 seconds
[2026-03-19T02:41:47.961+0000] {processor.py:161} INFO - Started process (PID=284) to work on /opt/airflow/dags/crawl_crypto_prices.py
[2026-03-19T02:41:47.962+0000] {processor.py:830} INFO - Processing file /opt/airflow/dags/crawl_crypto_prices.py for tasks to queue
[2026-03-19T02:41:47.963+0000] {logging_mixin.py:188} INFO - [2026-03-19T02:41:47.962+0000] {dagbag.py:538} INFO - Filling up the DagBag from /opt/airflow/dags/crawl_crypto_prices.py
[2026-03-19T02:41:47.966+0000] {logging_mixin.py:188} INFO - [2026-03-19T02:41:47.966+0000] {dagbag.py:348} ERROR - Failed to import: /opt/airflow/dags/crawl_crypto_prices.py
Traceback (most recent call last):
  File "/home/airflow/.local/lib/python3.8/site-packages/airflow/models/dagbag.py", line 344, in parse
    loader.exec_module(new_module)
  File "<frozen importlib._bootstrap_external>", line 843, in exec_module
  File "<frozen importlib._bootstrap>", line 219, in _call_with_frames_removed
  File "/opt/airflow/dags/crawl_crypto_prices.py", line 5, in <module>
    from scripts.db import insert_prices
ModuleNotFoundError: No module named 'scripts.db'
[2026-03-19T02:41:47.967+0000] {processor.py:842} WARNING - No viable dags retrieved from /opt/airflow/dags/crawl_crypto_prices.py
[2026-03-19T02:41:47.982+0000] {processor.py:183} INFO - Processing /opt/airflow/dags/crawl_crypto_prices.py took 0.024 seconds
[2026-03-19T02:42:18.266+0000] {processor.py:161} INFO - Started process (PID=289) to work on /opt/airflow/dags/crawl_crypto_prices.py
[2026-03-19T02:42:18.267+0000] {processor.py:830} INFO - Processing file /opt/airflow/dags/crawl_crypto_prices.py for tasks to queue
[2026-03-19T02:42:18.268+0000] {logging_mixin.py:188} INFO - [2026-03-19T02:42:18.267+0000] {dagbag.py:538} INFO - Filling up the DagBag from /opt/airflow/dags/crawl_crypto_prices.py
[2026-03-19T02:42:18.272+0000] {logging_mixin.py:188} INFO - [2026-03-19T02:42:18.271+0000] {dagbag.py:348} ERROR - Failed to import: /opt/airflow/dags/crawl_crypto_prices.py
Traceback (most recent call last):
  File "/home/airflow/.local/lib/python3.8/site-packages/airflow/models/dagbag.py", line 344, in parse
    loader.exec_module(new_module)
  File "<frozen importlib._bootstrap_external>", line 843, in exec_module
  File "<frozen importlib._bootstrap>", line 219, in _call_with_frames_removed
  File "/opt/airflow/dags/crawl_crypto_prices.py", line 5, in <module>
    from scripts.db import insert_prices
ModuleNotFoundError: No module named 'scripts.db'
[2026-03-19T02:42:18.272+0000] {processor.py:842} WARNING - No viable dags retrieved from /opt/airflow/dags/crawl_crypto_prices.py
[2026-03-19T02:42:18.286+0000] {processor.py:183} INFO - Processing /opt/airflow/dags/crawl_crypto_prices.py took 0.023 seconds
[2026-03-19T02:42:48.593+0000] {processor.py:161} INFO - Started process (PID=294) to work on /opt/airflow/dags/crawl_crypto_prices.py
[2026-03-19T02:42:48.594+0000] {processor.py:830} INFO - Processing file /opt/airflow/dags/crawl_crypto_prices.py for tasks to queue
[2026-03-19T02:42:48.594+0000] {logging_mixin.py:188} INFO - [2026-03-19T02:42:48.594+0000] {dagbag.py:538} INFO - Filling up the DagBag from /opt/airflow/dags/crawl_crypto_prices.py
[2026-03-19T02:42:48.598+0000] {logging_mixin.py:188} INFO - [2026-03-19T02:42:48.598+0000] {dagbag.py:348} ERROR - Failed to import: /opt/airflow/dags/crawl_crypto_prices.py
Traceback (most recent call last):
  File "/home/airflow/.local/lib/python3.8/site-packages/airflow/models/dagbag.py", line 344, in parse
    loader.exec_module(new_module)
  File "<frozen importlib._bootstrap_external>", line 843, in exec_module
  File "<frozen importlib._bootstrap>", line 219, in _call_with_frames_removed
  File "/opt/airflow/dags/crawl_crypto_prices.py", line 5, in <module>
    from scripts.db import insert_prices
ModuleNotFoundError: No module named 'scripts.db'
[2026-03-19T02:42:48.599+0000] {processor.py:842} WARNING - No viable dags retrieved from /opt/airflow/dags/crawl_crypto_prices.py
[2026-03-19T02:42:48.615+0000] {processor.py:183} INFO - Processing /opt/airflow/dags/crawl_crypto_prices.py took 0.025 seconds
[2026-03-19T02:43:18.899+0000] {processor.py:161} INFO - Started process (PID=299) to work on /opt/airflow/dags/crawl_crypto_prices.py
[2026-03-19T02:43:18.900+0000] {processor.py:830} INFO - Processing file /opt/airflow/dags/crawl_crypto_prices.py for tasks to queue
[2026-03-19T02:43:18.901+0000] {logging_mixin.py:188} INFO - [2026-03-19T02:43:18.900+0000] {dagbag.py:538} INFO - Filling up the DagBag from /opt/airflow/dags/crawl_crypto_prices.py
[2026-03-19T02:43:18.905+0000] {logging_mixin.py:188} INFO - [2026-03-19T02:43:18.904+0000] {dagbag.py:348} ERROR - Failed to import: /opt/airflow/dags/crawl_crypto_prices.py
Traceback (most recent call last):
  File "/home/airflow/.local/lib/python3.8/site-packages/airflow/models/dagbag.py", line 344, in parse
    loader.exec_module(new_module)
  File "<frozen importlib._bootstrap_external>", line 843, in exec_module
  File "<frozen importlib._bootstrap>", line 219, in _call_with_frames_removed
  File "/opt/airflow/dags/crawl_crypto_prices.py", line 5, in <module>
    from scripts.db import insert_prices
ModuleNotFoundError: No module named 'scripts.db'
[2026-03-19T02:43:18.905+0000] {processor.py:842} WARNING - No viable dags retrieved from /opt/airflow/dags/crawl_crypto_prices.py
[2026-03-19T02:43:18.921+0000] {processor.py:183} INFO - Processing /opt/airflow/dags/crawl_crypto_prices.py took 0.026 seconds
[2026-03-19T02:43:49.148+0000] {processor.py:161} INFO - Started process (PID=304) to work on /opt/airflow/dags/crawl_crypto_prices.py
[2026-03-19T02:43:49.149+0000] {processor.py:830} INFO - Processing file /opt/airflow/dags/crawl_crypto_prices.py for tasks to queue
[2026-03-19T02:43:49.149+0000] {logging_mixin.py:188} INFO - [2026-03-19T02:43:49.149+0000] {dagbag.py:538} INFO - Filling up the DagBag from /opt/airflow/dags/crawl_crypto_prices.py
[2026-03-19T02:43:49.152+0000] {logging_mixin.py:188} INFO - [2026-03-19T02:43:49.151+0000] {dagbag.py:348} ERROR - Failed to import: /opt/airflow/dags/crawl_crypto_prices.py
Traceback (most recent call last):
  File "/home/airflow/.local/lib/python3.8/site-packages/airflow/models/dagbag.py", line 344, in parse
    loader.exec_module(new_module)
  File "<frozen importlib._bootstrap_external>", line 843, in exec_module
  File "<frozen importlib._bootstrap>", line 219, in _call_with_frames_removed
  File "/opt/airflow/dags/crawl_crypto_prices.py", line 5, in <module>
    from scripts.db import insert_prices
ModuleNotFoundError: No module named 'scripts.db'
[2026-03-19T02:43:49.152+0000] {processor.py:842} WARNING - No viable dags retrieved from /opt/airflow/dags/crawl_crypto_prices.py
[2026-03-19T02:43:49.160+0000] {processor.py:183} INFO - Processing /opt/airflow/dags/crawl_crypto_prices.py took 0.015 seconds
[2026-03-19T02:44:19.417+0000] {processor.py:161} INFO - Started process (PID=309) to work on /opt/airflow/dags/crawl_crypto_prices.py
[2026-03-19T02:44:19.418+0000] {processor.py:830} INFO - Processing file /opt/airflow/dags/crawl_crypto_prices.py for tasks to queue
[2026-03-19T02:44:19.419+0000] {logging_mixin.py:188} INFO - [2026-03-19T02:44:19.418+0000] {dagbag.py:538} INFO - Filling up the DagBag from /opt/airflow/dags/crawl_crypto_prices.py
[2026-03-19T02:44:19.422+0000] {logging_mixin.py:188} INFO - [2026-03-19T02:44:19.422+0000] {dagbag.py:348} ERROR - Failed to import: /opt/airflow/dags/crawl_crypto_prices.py
Traceback (most recent call last):
  File "/home/airflow/.local/lib/python3.8/site-packages/airflow/models/dagbag.py", line 344, in parse
    loader.exec_module(new_module)
  File "<frozen importlib._bootstrap_external>", line 843, in exec_module
  File "<frozen importlib._bootstrap>", line 219, in _call_with_frames_removed
  File "/opt/airflow/dags/crawl_crypto_prices.py", line 5, in <module>
    from scripts.db import insert_prices
ModuleNotFoundError: No module named 'scripts.db'
[2026-03-19T02:44:19.423+0000] {processor.py:842} WARNING - No viable dags retrieved from /opt/airflow/dags/crawl_crypto_prices.py
[2026-03-19T02:44:19.437+0000] {processor.py:183} INFO - Processing /opt/airflow/dags/crawl_crypto_prices.py took 0.023 seconds
[2026-03-19T02:44:49.702+0000] {processor.py:161} INFO - Started process (PID=314) to work on /opt/airflow/dags/crawl_crypto_prices.py
[2026-03-19T02:44:49.703+0000] {processor.py:830} INFO - Processing file /opt/airflow/dags/crawl_crypto_prices.py for tasks to queue
[2026-03-19T02:44:49.704+0000] {logging_mixin.py:188} INFO - [2026-03-19T02:44:49.703+0000] {dagbag.py:538} INFO - Filling up the DagBag from /opt/airflow/dags/crawl_crypto_prices.py
[2026-03-19T02:44:49.708+0000] {logging_mixin.py:188} INFO - [2026-03-19T02:44:49.707+0000] {dagbag.py:348} ERROR - Failed to import: /opt/airflow/dags/crawl_crypto_prices.py
Traceback (most recent call last):
  File "/home/airflow/.local/lib/python3.8/site-packages/airflow/models/dagbag.py", line 344, in parse
    loader.exec_module(new_module)
  File "<frozen importlib._bootstrap_external>", line 843, in exec_module
  File "<frozen importlib._bootstrap>", line 219, in _call_with_frames_removed
  File "/opt/airflow/dags/crawl_crypto_prices.py", line 5, in <module>
    from scripts.db import insert_prices
ModuleNotFoundError: No module named 'scripts.db'
[2026-03-19T02:44:49.708+0000] {processor.py:842} WARNING - No viable dags retrieved from /opt/airflow/dags/crawl_crypto_prices.py
[2026-03-19T02:44:49.723+0000] {processor.py:183} INFO - Processing /opt/airflow/dags/crawl_crypto_prices.py took 0.024 seconds
[2026-03-19T02:45:20.012+0000] {processor.py:161} INFO - Started process (PID=319) to work on /opt/airflow/dags/crawl_crypto_prices.py
[2026-03-19T02:45:20.013+0000] {processor.py:830} INFO - Processing file /opt/airflow/dags/crawl_crypto_prices.py for tasks to queue
[2026-03-19T02:45:20.013+0000] {logging_mixin.py:188} INFO - [2026-03-19T02:45:20.013+0000] {dagbag.py:538} INFO - Filling up the DagBag from /opt/airflow/dags/crawl_crypto_prices.py
[2026-03-19T02:45:20.016+0000] {logging_mixin.py:188} INFO - [2026-03-19T02:45:20.016+0000] {dagbag.py:348} ERROR - Failed to import: /opt/airflow/dags/crawl_crypto_prices.py
Traceback (most recent call last):
  File "/home/airflow/.local/lib/python3.8/site-packages/airflow/models/dagbag.py", line 344, in parse
    loader.exec_module(new_module)
  File "<frozen importlib._bootstrap_external>", line 843, in exec_module
  File "<frozen importlib._bootstrap>", line 219, in _call_with_frames_removed
  File "/opt/airflow/dags/crawl_crypto_prices.py", line 5, in <module>
    from scripts.db import insert_prices
ModuleNotFoundError: No module named 'scripts.db'
[2026-03-19T02:45:20.016+0000] {processor.py:842} WARNING - No viable dags retrieved from /opt/airflow/dags/crawl_crypto_prices.py
[2026-03-19T02:45:20.026+0000] {processor.py:183} INFO - Processing /opt/airflow/dags/crawl_crypto_prices.py took 0.016 seconds
[2026-03-19T02:45:50.296+0000] {processor.py:161} INFO - Started process (PID=324) to work on /opt/airflow/dags/crawl_crypto_prices.py
[2026-03-19T02:45:50.297+0000] {processor.py:830} INFO - Processing file /opt/airflow/dags/crawl_crypto_prices.py for tasks to queue
[2026-03-19T02:45:50.297+0000] {logging_mixin.py:188} INFO - [2026-03-19T02:45:50.297+0000] {dagbag.py:538} INFO - Filling up the DagBag from /opt/airflow/dags/crawl_crypto_prices.py
[2026-03-19T02:45:50.301+0000] {logging_mixin.py:188} INFO - [2026-03-19T02:45:50.301+0000] {dagbag.py:348} ERROR - Failed to import: /opt/airflow/dags/crawl_crypto_prices.py
Traceback (most recent call last):
  File "/home/airflow/.local/lib/python3.8/site-packages/airflow/models/dagbag.py", line 344, in parse
    loader.exec_module(new_module)
  File "<frozen importlib._bootstrap_external>", line 843, in exec_module
  File "<frozen importlib._bootstrap>", line 219, in _call_with_frames_removed
  File "/opt/airflow/dags/crawl_crypto_prices.py", line 5, in <module>
    from scripts.db import insert_prices
ModuleNotFoundError: No module named 'scripts.db'
[2026-03-19T02:45:50.301+0000] {processor.py:842} WARNING - No viable dags retrieved from /opt/airflow/dags/crawl_crypto_prices.py
[2026-03-19T02:45:50.315+0000] {processor.py:183} INFO - Processing /opt/airflow/dags/crawl_crypto_prices.py took 0.022 seconds
[2026-03-19T02:46:20.625+0000] {processor.py:161} INFO - Started process (PID=329) to work on /opt/airflow/dags/crawl_crypto_prices.py
[2026-03-19T02:46:20.625+0000] {processor.py:830} INFO - Processing file /opt/airflow/dags/crawl_crypto_prices.py for tasks to queue
[2026-03-19T02:46:20.626+0000] {logging_mixin.py:188} INFO - [2026-03-19T02:46:20.626+0000] {dagbag.py:538} INFO - Filling up the DagBag from /opt/airflow/dags/crawl_crypto_prices.py
[2026-03-19T02:46:20.630+0000] {logging_mixin.py:188} INFO - [2026-03-19T02:46:20.629+0000] {dagbag.py:348} ERROR - Failed to import: /opt/airflow/dags/crawl_crypto_prices.py
Traceback (most recent call last):
  File "/home/airflow/.local/lib/python3.8/site-packages/airflow/models/dagbag.py", line 344, in parse
    loader.exec_module(new_module)
  File "<frozen importlib._bootstrap_external>", line 843, in exec_module
  File "<frozen importlib._bootstrap>", line 219, in _call_with_frames_removed
  File "/opt/airflow/dags/crawl_crypto_prices.py", line 5, in <module>
    from scripts.db import insert_prices
ModuleNotFoundError: No module named 'scripts.db'
[2026-03-19T02:46:20.630+0000] {processor.py:842} WARNING - No viable dags retrieved from /opt/airflow/dags/crawl_crypto_prices.py
[2026-03-19T02:46:20.644+0000] {processor.py:183} INFO - Processing /opt/airflow/dags/crawl_crypto_prices.py took 0.022 seconds
[2026-03-19T02:46:50.931+0000] {processor.py:161} INFO - Started process (PID=334) to work on /opt/airflow/dags/crawl_crypto_prices.py
[2026-03-19T02:46:50.931+0000] {processor.py:830} INFO - Processing file /opt/airflow/dags/crawl_crypto_prices.py for tasks to queue
[2026-03-19T02:46:50.932+0000] {logging_mixin.py:188} INFO - [2026-03-19T02:46:50.932+0000] {dagbag.py:538} INFO - Filling up the DagBag from /opt/airflow/dags/crawl_crypto_prices.py
[2026-03-19T02:46:50.936+0000] {logging_mixin.py:188} INFO - [2026-03-19T02:46:50.935+0000] {dagbag.py:348} ERROR - Failed to import: /opt/airflow/dags/crawl_crypto_prices.py
Traceback (most recent call last):
  File "/home/airflow/.local/lib/python3.8/site-packages/airflow/models/dagbag.py", line 344, in parse
    loader.exec_module(new_module)
  File "<frozen importlib._bootstrap_external>", line 843, in exec_module
  File "<frozen importlib._bootstrap>", line 219, in _call_with_frames_removed
  File "/opt/airflow/dags/crawl_crypto_prices.py", line 5, in <module>
    from scripts.db import insert_prices
ModuleNotFoundError: No module named 'scripts.db'
[2026-03-19T02:46:50.936+0000] {processor.py:842} WARNING - No viable dags retrieved from /opt/airflow/dags/crawl_crypto_prices.py
[2026-03-19T02:46:50.951+0000] {processor.py:183} INFO - Processing /opt/airflow/dags/crawl_crypto_prices.py took 0.024 seconds
[2026-03-19T02:47:21.247+0000] {processor.py:161} INFO - Started process (PID=339) to work on /opt/airflow/dags/crawl_crypto_prices.py
[2026-03-19T02:47:21.247+0000] {processor.py:830} INFO - Processing file /opt/airflow/dags/crawl_crypto_prices.py for tasks to queue
[2026-03-19T02:47:21.247+0000] {logging_mixin.py:188} INFO - [2026-03-19T02:47:21.247+0000] {dagbag.py:538} INFO - Filling up the DagBag from /opt/airflow/dags/crawl_crypto_prices.py
[2026-03-19T02:47:21.250+0000] {logging_mixin.py:188} INFO - [2026-03-19T02:47:21.249+0000] {dagbag.py:348} ERROR - Failed to import: /opt/airflow/dags/crawl_crypto_prices.py
Traceback (most recent call last):
  File "/home/airflow/.local/lib/python3.8/site-packages/airflow/models/dagbag.py", line 344, in parse
    loader.exec_module(new_module)
  File "<frozen importlib._bootstrap_external>", line 843, in exec_module
  File "<frozen importlib._bootstrap>", line 219, in _call_with_frames_removed
  File "/opt/airflow/dags/crawl_crypto_prices.py", line 5, in <module>
    from scripts.db import insert_prices
ModuleNotFoundError: No module named 'scripts.db'
[2026-03-19T02:47:21.250+0000] {processor.py:842} WARNING - No viable dags retrieved from /opt/airflow/dags/crawl_crypto_prices.py
[2026-03-19T02:47:21.259+0000] {processor.py:183} INFO - Processing /opt/airflow/dags/crawl_crypto_prices.py took 0.014 seconds
[2026-03-19T02:47:51.575+0000] {processor.py:161} INFO - Started process (PID=344) to work on /opt/airflow/dags/crawl_crypto_prices.py
[2026-03-19T02:47:51.576+0000] {processor.py:830} INFO - Processing file /opt/airflow/dags/crawl_crypto_prices.py for tasks to queue
[2026-03-19T02:47:51.577+0000] {logging_mixin.py:188} INFO - [2026-03-19T02:47:51.576+0000] {dagbag.py:538} INFO - Filling up the DagBag from /opt/airflow/dags/crawl_crypto_prices.py
[2026-03-19T02:47:51.580+0000] {logging_mixin.py:188} INFO - [2026-03-19T02:47:51.579+0000] {dagbag.py:348} ERROR - Failed to import: /opt/airflow/dags/crawl_crypto_prices.py
Traceback (most recent call last):
  File "/home/airflow/.local/lib/python3.8/site-packages/airflow/models/dagbag.py", line 344, in parse
    loader.exec_module(new_module)
  File "<frozen importlib._bootstrap_external>", line 843, in exec_module
  File "<frozen importlib._bootstrap>", line 219, in _call_with_frames_removed
  File "/opt/airflow/dags/crawl_crypto_prices.py", line 5, in <module>
    from scripts.db import insert_prices
ModuleNotFoundError: No module named 'scripts.db'
[2026-03-19T02:47:51.580+0000] {processor.py:842} WARNING - No viable dags retrieved from /opt/airflow/dags/crawl_crypto_prices.py
[2026-03-19T02:47:51.594+0000] {processor.py:183} INFO - Processing /opt/airflow/dags/crawl_crypto_prices.py took 0.021 seconds
[2026-03-19T02:48:21.913+0000] {processor.py:161} INFO - Started process (PID=349) to work on /opt/airflow/dags/crawl_crypto_prices.py
[2026-03-19T02:48:21.914+0000] {processor.py:830} INFO - Processing file /opt/airflow/dags/crawl_crypto_prices.py for tasks to queue
[2026-03-19T02:48:21.914+0000] {logging_mixin.py:188} INFO - [2026-03-19T02:48:21.914+0000] {dagbag.py:538} INFO - Filling up the DagBag from /opt/airflow/dags/crawl_crypto_prices.py
[2026-03-19T02:48:21.918+0000] {logging_mixin.py:188} INFO - [2026-03-19T02:48:21.918+0000] {dagbag.py:348} ERROR - Failed to import: /opt/airflow/dags/crawl_crypto_prices.py
Traceback (most recent call last):
  File "/home/airflow/.local/lib/python3.8/site-packages/airflow/models/dagbag.py", line 344, in parse
    loader.exec_module(new_module)
  File "<frozen importlib._bootstrap_external>", line 843, in exec_module
  File "<frozen importlib._bootstrap>", line 219, in _call_with_frames_removed
  File "/opt/airflow/dags/crawl_crypto_prices.py", line 5, in <module>
    from scripts.db import insert_prices
ModuleNotFoundError: No module named 'scripts.db'
[2026-03-19T02:48:21.919+0000] {processor.py:842} WARNING - No viable dags retrieved from /opt/airflow/dags/crawl_crypto_prices.py
[2026-03-19T02:48:21.934+0000] {processor.py:183} INFO - Processing /opt/airflow/dags/crawl_crypto_prices.py took 0.024 seconds
[2026-03-19T02:48:52.195+0000] {processor.py:161} INFO - Started process (PID=354) to work on /opt/airflow/dags/crawl_crypto_prices.py
[2026-03-19T02:48:52.196+0000] {processor.py:830} INFO - Processing file /opt/airflow/dags/crawl_crypto_prices.py for tasks to queue
[2026-03-19T02:48:52.197+0000] {logging_mixin.py:188} INFO - [2026-03-19T02:48:52.196+0000] {dagbag.py:538} INFO - Filling up the DagBag from /opt/airflow/dags/crawl_crypto_prices.py
[2026-03-19T02:48:52.200+0000] {logging_mixin.py:188} INFO - [2026-03-19T02:48:52.200+0000] {dagbag.py:348} ERROR - Failed to import: /opt/airflow/dags/crawl_crypto_prices.py
Traceback (most recent call last):
  File "/home/airflow/.local/lib/python3.8/site-packages/airflow/models/dagbag.py", line 344, in parse
    loader.exec_module(new_module)
  File "<frozen importlib._bootstrap_external>", line 843, in exec_module
  File "<frozen importlib._bootstrap>", line 219, in _call_with_frames_removed
  File "/opt/airflow/dags/crawl_crypto_prices.py", line 5, in <module>
    from scripts.db import insert_prices
ModuleNotFoundError: No module named 'scripts.db'
[2026-03-19T02:48:52.201+0000] {processor.py:842} WARNING - No viable dags retrieved from /opt/airflow/dags/crawl_crypto_prices.py
[2026-03-19T02:48:52.215+0000] {processor.py:183} INFO - Processing /opt/airflow/dags/crawl_crypto_prices.py took 0.023 seconds
[2026-03-19T02:49:22.535+0000] {processor.py:161} INFO - Started process (PID=359) to work on /opt/airflow/dags/crawl_crypto_prices.py
[2026-03-19T02:49:22.536+0000] {processor.py:830} INFO - Processing file /opt/airflow/dags/crawl_crypto_prices.py for tasks to queue
[2026-03-19T02:49:22.537+0000] {logging_mixin.py:188} INFO - [2026-03-19T02:49:22.537+0000] {dagbag.py:538} INFO - Filling up the DagBag from /opt/airflow/dags/crawl_crypto_prices.py
[2026-03-19T02:49:22.540+0000] {logging_mixin.py:188} INFO - [2026-03-19T02:49:22.540+0000] {dagbag.py:348} ERROR - Failed to import: /opt/airflow/dags/crawl_crypto_prices.py
Traceback (most recent call last):
  File "/home/airflow/.local/lib/python3.8/site-packages/airflow/models/dagbag.py", line 344, in parse
    loader.exec_module(new_module)
  File "<frozen importlib._bootstrap_external>", line 843, in exec_module
  File "<frozen importlib._bootstrap>", line 219, in _call_with_frames_removed
  File "/opt/airflow/dags/crawl_crypto_prices.py", line 5, in <module>
    from scripts.db import insert_prices
ModuleNotFoundError: No module named 'scripts.db'
[2026-03-19T02:49:22.541+0000] {processor.py:842} WARNING - No viable dags retrieved from /opt/airflow/dags/crawl_crypto_prices.py
[2026-03-19T02:49:22.555+0000] {processor.py:183} INFO - Processing /opt/airflow/dags/crawl_crypto_prices.py took 0.022 seconds
[2026-03-19T02:49:52.836+0000] {processor.py:161} INFO - Started process (PID=364) to work on /opt/airflow/dags/crawl_crypto_prices.py
[2026-03-19T02:49:52.837+0000] {processor.py:830} INFO - Processing file /opt/airflow/dags/crawl_crypto_prices.py for tasks to queue
[2026-03-19T02:49:52.838+0000] {logging_mixin.py:188} INFO - [2026-03-19T02:49:52.838+0000] {dagbag.py:538} INFO - Filling up the DagBag from /opt/airflow/dags/crawl_crypto_prices.py
[2026-03-19T02:49:52.842+0000] {logging_mixin.py:188} INFO - [2026-03-19T02:49:52.841+0000] {dagbag.py:348} ERROR - Failed to import: /opt/airflow/dags/crawl_crypto_prices.py
Traceback (most recent call last):
  File "/home/airflow/.local/lib/python3.8/site-packages/airflow/models/dagbag.py", line 344, in parse
    loader.exec_module(new_module)
  File "<frozen importlib._bootstrap_external>", line 843, in exec_module
  File "<frozen importlib._bootstrap>", line 219, in _call_with_frames_removed
  File "/opt/airflow/dags/crawl_crypto_prices.py", line 5, in <module>
    from scripts.db import insert_prices
ModuleNotFoundError: No module named 'scripts.db'
[2026-03-19T02:49:52.842+0000] {processor.py:842} WARNING - No viable dags retrieved from /opt/airflow/dags/crawl_crypto_prices.py
[2026-03-19T02:49:52.857+0000] {processor.py:183} INFO - Processing /opt/airflow/dags/crawl_crypto_prices.py took 0.024 seconds
[2026-03-19T02:50:23.176+0000] {processor.py:161} INFO - Started process (PID=369) to work on /opt/airflow/dags/crawl_crypto_prices.py
[2026-03-19T02:50:23.177+0000] {processor.py:830} INFO - Processing file /opt/airflow/dags/crawl_crypto_prices.py for tasks to queue
[2026-03-19T02:50:23.178+0000] {logging_mixin.py:188} INFO - [2026-03-19T02:50:23.177+0000] {dagbag.py:538} INFO - Filling up the DagBag from /opt/airflow/dags/crawl_crypto_prices.py
[2026-03-19T02:50:23.181+0000] {logging_mixin.py:188} INFO - [2026-03-19T02:50:23.181+0000] {dagbag.py:348} ERROR - Failed to import: /opt/airflow/dags/crawl_crypto_prices.py
Traceback (most recent call last):
  File "/home/airflow/.local/lib/python3.8/site-packages/airflow/models/dagbag.py", line 344, in parse
    loader.exec_module(new_module)
  File "<frozen importlib._bootstrap_external>", line 843, in exec_module
  File "<frozen importlib._bootstrap>", line 219, in _call_with_frames_removed
  File "/opt/airflow/dags/crawl_crypto_prices.py", line 5, in <module>
    from scripts.db import insert_prices
ModuleNotFoundError: No module named 'scripts.db'
[2026-03-19T02:50:23.182+0000] {processor.py:842} WARNING - No viable dags retrieved from /opt/airflow/dags/crawl_crypto_prices.py
[2026-03-19T02:50:23.197+0000] {processor.py:183} INFO - Processing /opt/airflow/dags/crawl_crypto_prices.py took 0.023 seconds
[2026-03-19T02:50:53.496+0000] {processor.py:161} INFO - Started process (PID=374) to work on /opt/airflow/dags/crawl_crypto_prices.py
[2026-03-19T02:50:53.497+0000] {processor.py:830} INFO - Processing file /opt/airflow/dags/crawl_crypto_prices.py for tasks to queue
[2026-03-19T02:50:53.497+0000] {logging_mixin.py:188} INFO - [2026-03-19T02:50:53.497+0000] {dagbag.py:538} INFO - Filling up the DagBag from /opt/airflow/dags/crawl_crypto_prices.py
[2026-03-19T02:50:53.501+0000] {logging_mixin.py:188} INFO - [2026-03-19T02:50:53.500+0000] {dagbag.py:348} ERROR - Failed to import: /opt/airflow/dags/crawl_crypto_prices.py
Traceback (most recent call last):
  File "/home/airflow/.local/lib/python3.8/site-packages/airflow/models/dagbag.py", line 344, in parse
    loader.exec_module(new_module)
  File "<frozen importlib._bootstrap_external>", line 843, in exec_module
  File "<frozen importlib._bootstrap>", line 219, in _call_with_frames_removed
  File "/opt/airflow/dags/crawl_crypto_prices.py", line 5, in <module>
    from scripts.db import insert_prices
ModuleNotFoundError: No module named 'scripts.db'
[2026-03-19T02:50:53.502+0000] {processor.py:842} WARNING - No viable dags retrieved from /opt/airflow/dags/crawl_crypto_prices.py
[2026-03-19T02:50:53.516+0000] {processor.py:183} INFO - Processing /opt/airflow/dags/crawl_crypto_prices.py took 0.024 seconds
[2026-03-19T02:51:23.826+0000] {processor.py:161} INFO - Started process (PID=379) to work on /opt/airflow/dags/crawl_crypto_prices.py
[2026-03-19T02:51:23.826+0000] {processor.py:830} INFO - Processing file /opt/airflow/dags/crawl_crypto_prices.py for tasks to queue
[2026-03-19T02:51:23.827+0000] {logging_mixin.py:188} INFO - [2026-03-19T02:51:23.827+0000] {dagbag.py:538} INFO - Filling up the DagBag from /opt/airflow/dags/crawl_crypto_prices.py
[2026-03-19T02:51:23.830+0000] {logging_mixin.py:188} INFO - [2026-03-19T02:51:23.830+0000] {dagbag.py:348} ERROR - Failed to import: /opt/airflow/dags/crawl_crypto_prices.py
Traceback (most recent call last):
  File "/home/airflow/.local/lib/python3.8/site-packages/airflow/models/dagbag.py", line 344, in parse
    loader.exec_module(new_module)
  File "<frozen importlib._bootstrap_external>", line 843, in exec_module
  File "<frozen importlib._bootstrap>", line 219, in _call_with_frames_removed
  File "/opt/airflow/dags/crawl_crypto_prices.py", line 5, in <module>
    from scripts.db import insert_prices
ModuleNotFoundError: No module named 'scripts.db'
[2026-03-19T02:51:23.830+0000] {processor.py:842} WARNING - No viable dags retrieved from /opt/airflow/dags/crawl_crypto_prices.py
[2026-03-19T02:51:23.842+0000] {processor.py:183} INFO - Processing /opt/airflow/dags/crawl_crypto_prices.py took 0.018 seconds
[2026-03-19T02:51:54.168+0000] {processor.py:161} INFO - Started process (PID=384) to work on /opt/airflow/dags/crawl_crypto_prices.py
[2026-03-19T02:51:54.169+0000] {processor.py:830} INFO - Processing file /opt/airflow/dags/crawl_crypto_prices.py for tasks to queue
[2026-03-19T02:51:54.170+0000] {logging_mixin.py:188} INFO - [2026-03-19T02:51:54.170+0000] {dagbag.py:538} INFO - Filling up the DagBag from /opt/airflow/dags/crawl_crypto_prices.py
[2026-03-19T02:51:54.174+0000] {logging_mixin.py:188} INFO - [2026-03-19T02:51:54.173+0000] {dagbag.py:348} ERROR - Failed to import: /opt/airflow/dags/crawl_crypto_prices.py
Traceback (most recent call last):
  File "/home/airflow/.local/lib/python3.8/site-packages/airflow/models/dagbag.py", line 344, in parse
    loader.exec_module(new_module)
  File "<frozen importlib._bootstrap_external>", line 843, in exec_module
  File "<frozen importlib._bootstrap>", line 219, in _call_with_frames_removed
  File "/opt/airflow/dags/crawl_crypto_prices.py", line 5, in <module>
    from scripts.db import insert_prices
ModuleNotFoundError: No module named 'scripts.db'
[2026-03-19T02:51:54.174+0000] {processor.py:842} WARNING - No viable dags retrieved from /opt/airflow/dags/crawl_crypto_prices.py
[2026-03-19T02:51:54.189+0000] {processor.py:183} INFO - Processing /opt/airflow/dags/crawl_crypto_prices.py took 0.025 seconds
[2026-03-19T02:52:24.443+0000] {processor.py:161} INFO - Started process (PID=389) to work on /opt/airflow/dags/crawl_crypto_prices.py
[2026-03-19T02:52:24.443+0000] {processor.py:830} INFO - Processing file /opt/airflow/dags/crawl_crypto_prices.py for tasks to queue
[2026-03-19T02:52:24.444+0000] {logging_mixin.py:188} INFO - [2026-03-19T02:52:24.444+0000] {dagbag.py:538} INFO - Filling up the DagBag from /opt/airflow/dags/crawl_crypto_prices.py
[2026-03-19T02:52:24.446+0000] {logging_mixin.py:188} INFO - [2026-03-19T02:52:24.446+0000] {dagbag.py:348} ERROR - Failed to import: /opt/airflow/dags/crawl_crypto_prices.py
Traceback (most recent call last):
  File "/home/airflow/.local/lib/python3.8/site-packages/airflow/models/dagbag.py", line 344, in parse
    loader.exec_module(new_module)
  File "<frozen importlib._bootstrap_external>", line 843, in exec_module
  File "<frozen importlib._bootstrap>", line 219, in _call_with_frames_removed
  File "/opt/airflow/dags/crawl_crypto_prices.py", line 5, in <module>
    from scripts.db import insert_prices
ModuleNotFoundError: No module named 'scripts.db'
[2026-03-19T02:52:24.446+0000] {processor.py:842} WARNING - No viable dags retrieved from /opt/airflow/dags/crawl_crypto_prices.py
[2026-03-19T02:52:24.457+0000] {processor.py:183} INFO - Processing /opt/airflow/dags/crawl_crypto_prices.py took 0.015 seconds
[2026-03-19T02:52:54.789+0000] {processor.py:161} INFO - Started process (PID=394) to work on /opt/airflow/dags/crawl_crypto_prices.py
[2026-03-19T02:52:54.790+0000] {processor.py:830} INFO - Processing file /opt/airflow/dags/crawl_crypto_prices.py for tasks to queue
[2026-03-19T02:52:54.790+0000] {logging_mixin.py:188} INFO - [2026-03-19T02:52:54.790+0000] {dagbag.py:538} INFO - Filling up the DagBag from /opt/airflow/dags/crawl_crypto_prices.py
[2026-03-19T02:52:54.794+0000] {logging_mixin.py:188} INFO - [2026-03-19T02:52:54.793+0000] {dagbag.py:348} ERROR - Failed to import: /opt/airflow/dags/crawl_crypto_prices.py
Traceback (most recent call last):
  File "/home/airflow/.local/lib/python3.8/site-packages/airflow/models/dagbag.py", line 344, in parse
    loader.exec_module(new_module)
  File "<frozen importlib._bootstrap_external>", line 843, in exec_module
  File "<frozen importlib._bootstrap>", line 219, in _call_with_frames_removed
  File "/opt/airflow/dags/crawl_crypto_prices.py", line 5, in <module>
    from scripts.db import insert_prices
ModuleNotFoundError: No module named 'scripts.db'
[2026-03-19T02:52:54.794+0000] {processor.py:842} WARNING - No viable dags retrieved from /opt/airflow/dags/crawl_crypto_prices.py
[2026-03-19T02:52:54.810+0000] {processor.py:183} INFO - Processing /opt/airflow/dags/crawl_crypto_prices.py took 0.024 seconds
[2026-03-19T02:53:25.071+0000] {processor.py:161} INFO - Started process (PID=399) to work on /opt/airflow/dags/crawl_crypto_prices.py
[2026-03-19T02:53:25.072+0000] {processor.py:830} INFO - Processing file /opt/airflow/dags/crawl_crypto_prices.py for tasks to queue
[2026-03-19T02:53:25.072+0000] {logging_mixin.py:188} INFO - [2026-03-19T02:53:25.072+0000] {dagbag.py:538} INFO - Filling up the DagBag from /opt/airflow/dags/crawl_crypto_prices.py
[2026-03-19T02:53:25.075+0000] {logging_mixin.py:188} INFO - [2026-03-19T02:53:25.074+0000] {dagbag.py:348} ERROR - Failed to import: /opt/airflow/dags/crawl_crypto_prices.py
Traceback (most recent call last):
  File "/home/airflow/.local/lib/python3.8/site-packages/airflow/models/dagbag.py", line 344, in parse
    loader.exec_module(new_module)
  File "<frozen importlib._bootstrap_external>", line 843, in exec_module
  File "<frozen importlib._bootstrap>", line 219, in _call_with_frames_removed
  File "/opt/airflow/dags/crawl_crypto_prices.py", line 5, in <module>
    from scripts.db import insert_prices
ModuleNotFoundError: No module named 'scripts.db'
[2026-03-19T02:53:25.075+0000] {processor.py:842} WARNING - No viable dags retrieved from /opt/airflow/dags/crawl_crypto_prices.py
[2026-03-19T02:53:25.085+0000] {processor.py:183} INFO - Processing /opt/airflow/dags/crawl_crypto_prices.py took 0.016 seconds
[2026-03-19T02:53:55.352+0000] {processor.py:161} INFO - Started process (PID=404) to work on /opt/airflow/dags/crawl_crypto_prices.py
[2026-03-19T02:53:55.353+0000] {processor.py:830} INFO - Processing file /opt/airflow/dags/crawl_crypto_prices.py for tasks to queue
[2026-03-19T02:53:55.353+0000] {logging_mixin.py:188} INFO - [2026-03-19T02:53:55.353+0000] {dagbag.py:538} INFO - Filling up the DagBag from /opt/airflow/dags/crawl_crypto_prices.py
[2026-03-19T02:53:55.357+0000] {logging_mixin.py:188} INFO - [2026-03-19T02:53:55.356+0000] {dagbag.py:348} ERROR - Failed to import: /opt/airflow/dags/crawl_crypto_prices.py
Traceback (most recent call last):
  File "/home/airflow/.local/lib/python3.8/site-packages/airflow/models/dagbag.py", line 344, in parse
    loader.exec_module(new_module)
  File "<frozen importlib._bootstrap_external>", line 843, in exec_module
  File "<frozen importlib._bootstrap>", line 219, in _call_with_frames_removed
  File "/opt/airflow/dags/crawl_crypto_prices.py", line 5, in <module>
    from scripts.db import insert_prices
ModuleNotFoundError: No module named 'scripts.db'
[2026-03-19T02:53:55.357+0000] {processor.py:842} WARNING - No viable dags retrieved from /opt/airflow/dags/crawl_crypto_prices.py
[2026-03-19T02:53:55.370+0000] {processor.py:183} INFO - Processing /opt/airflow/dags/crawl_crypto_prices.py took 0.021 seconds
[2026-03-19T02:54:25.632+0000] {processor.py:161} INFO - Started process (PID=409) to work on /opt/airflow/dags/crawl_crypto_prices.py
[2026-03-19T02:54:25.632+0000] {processor.py:830} INFO - Processing file /opt/airflow/dags/crawl_crypto_prices.py for tasks to queue
[2026-03-19T02:54:25.633+0000] {logging_mixin.py:188} INFO - [2026-03-19T02:54:25.633+0000] {dagbag.py:538} INFO - Filling up the DagBag from /opt/airflow/dags/crawl_crypto_prices.py
[2026-03-19T02:54:25.637+0000] {logging_mixin.py:188} INFO - [2026-03-19T02:54:25.636+0000] {dagbag.py:348} ERROR - Failed to import: /opt/airflow/dags/crawl_crypto_prices.py
Traceback (most recent call last):
  File "/home/airflow/.local/lib/python3.8/site-packages/airflow/models/dagbag.py", line 344, in parse
    loader.exec_module(new_module)
  File "<frozen importlib._bootstrap_external>", line 843, in exec_module
  File "<frozen importlib._bootstrap>", line 219, in _call_with_frames_removed
  File "/opt/airflow/dags/crawl_crypto_prices.py", line 5, in <module>
    from scripts.db import insert_prices
ModuleNotFoundError: No module named 'scripts.db'
[2026-03-19T02:54:25.637+0000] {processor.py:842} WARNING - No viable dags retrieved from /opt/airflow/dags/crawl_crypto_prices.py
[2026-03-19T02:54:25.651+0000] {processor.py:183} INFO - Processing /opt/airflow/dags/crawl_crypto_prices.py took 0.022 seconds
[2026-03-19T02:54:55.938+0000] {processor.py:161} INFO - Started process (PID=414) to work on /opt/airflow/dags/crawl_crypto_prices.py
[2026-03-19T02:54:55.938+0000] {processor.py:830} INFO - Processing file /opt/airflow/dags/crawl_crypto_prices.py for tasks to queue
[2026-03-19T02:54:55.939+0000] {logging_mixin.py:188} INFO - [2026-03-19T02:54:55.939+0000] {dagbag.py:538} INFO - Filling up the DagBag from /opt/airflow/dags/crawl_crypto_prices.py
[2026-03-19T02:54:55.942+0000] {logging_mixin.py:188} INFO - [2026-03-19T02:54:55.942+0000] {dagbag.py:348} ERROR - Failed to import: /opt/airflow/dags/crawl_crypto_prices.py
Traceback (most recent call last):
  File "/home/airflow/.local/lib/python3.8/site-packages/airflow/models/dagbag.py", line 344, in parse
    loader.exec_module(new_module)
  File "<frozen importlib._bootstrap_external>", line 843, in exec_module
  File "<frozen importlib._bootstrap>", line 219, in _call_with_frames_removed
  File "/opt/airflow/dags/crawl_crypto_prices.py", line 5, in <module>
    from scripts.db import insert_prices
ModuleNotFoundError: No module named 'scripts.db'
[2026-03-19T02:54:55.943+0000] {processor.py:842} WARNING - No viable dags retrieved from /opt/airflow/dags/crawl_crypto_prices.py
[2026-03-19T02:54:55.956+0000] {processor.py:183} INFO - Processing /opt/airflow/dags/crawl_crypto_prices.py took 0.021 seconds
[2026-03-19T02:55:26.273+0000] {processor.py:161} INFO - Started process (PID=419) to work on /opt/airflow/dags/crawl_crypto_prices.py
[2026-03-19T02:55:26.273+0000] {processor.py:830} INFO - Processing file /opt/airflow/dags/crawl_crypto_prices.py for tasks to queue
[2026-03-19T02:55:26.274+0000] {logging_mixin.py:188} INFO - [2026-03-19T02:55:26.274+0000] {dagbag.py:538} INFO - Filling up the DagBag from /opt/airflow/dags/crawl_crypto_prices.py
[2026-03-19T02:55:26.278+0000] {logging_mixin.py:188} INFO - [2026-03-19T02:55:26.277+0000] {dagbag.py:348} ERROR - Failed to import: /opt/airflow/dags/crawl_crypto_prices.py
Traceback (most recent call last):
  File "/home/airflow/.local/lib/python3.8/site-packages/airflow/models/dagbag.py", line 344, in parse
    loader.exec_module(new_module)
  File "<frozen importlib._bootstrap_external>", line 843, in exec_module
  File "<frozen importlib._bootstrap>", line 219, in _call_with_frames_removed
  File "/opt/airflow/dags/crawl_crypto_prices.py", line 5, in <module>
    from scripts.db import insert_prices
ModuleNotFoundError: No module named 'scripts.db'
[2026-03-19T02:55:26.278+0000] {processor.py:842} WARNING - No viable dags retrieved from /opt/airflow/dags/crawl_crypto_prices.py
[2026-03-19T02:55:26.293+0000] {processor.py:183} INFO - Processing /opt/airflow/dags/crawl_crypto_prices.py took 0.023 seconds
[2026-03-19T02:55:56.599+0000] {processor.py:161} INFO - Started process (PID=424) to work on /opt/airflow/dags/crawl_crypto_prices.py
[2026-03-19T02:55:56.600+0000] {processor.py:830} INFO - Processing file /opt/airflow/dags/crawl_crypto_prices.py for tasks to queue
[2026-03-19T02:55:56.601+0000] {logging_mixin.py:188} INFO - [2026-03-19T02:55:56.601+0000] {dagbag.py:538} INFO - Filling up the DagBag from /opt/airflow/dags/crawl_crypto_prices.py
[2026-03-19T02:55:56.605+0000] {logging_mixin.py:188} INFO - [2026-03-19T02:55:56.604+0000] {dagbag.py:348} ERROR - Failed to import: /opt/airflow/dags/crawl_crypto_prices.py
Traceback (most recent call last):
  File "/home/airflow/.local/lib/python3.8/site-packages/airflow/models/dagbag.py", line 344, in parse
    loader.exec_module(new_module)
  File "<frozen importlib._bootstrap_external>", line 843, in exec_module
  File "<frozen importlib._bootstrap>", line 219, in _call_with_frames_removed
  File "/opt/airflow/dags/crawl_crypto_prices.py", line 5, in <module>
    from scripts.db import insert_prices
ModuleNotFoundError: No module named 'scripts.db'
[2026-03-19T02:55:56.605+0000] {processor.py:842} WARNING - No viable dags retrieved from /opt/airflow/dags/crawl_crypto_prices.py
[2026-03-19T02:55:56.622+0000] {processor.py:183} INFO - Processing /opt/airflow/dags/crawl_crypto_prices.py took 0.028 seconds
[2026-03-19T02:56:26.885+0000] {processor.py:161} INFO - Started process (PID=429) to work on /opt/airflow/dags/crawl_crypto_prices.py
[2026-03-19T02:56:26.886+0000] {processor.py:830} INFO - Processing file /opt/airflow/dags/crawl_crypto_prices.py for tasks to queue
[2026-03-19T02:56:26.887+0000] {logging_mixin.py:188} INFO - [2026-03-19T02:56:26.886+0000] {dagbag.py:538} INFO - Filling up the DagBag from /opt/airflow/dags/crawl_crypto_prices.py
[2026-03-19T02:56:26.890+0000] {logging_mixin.py:188} INFO - [2026-03-19T02:56:26.890+0000] {dagbag.py:348} ERROR - Failed to import: /opt/airflow/dags/crawl_crypto_prices.py
Traceback (most recent call last):
  File "/home/airflow/.local/lib/python3.8/site-packages/airflow/models/dagbag.py", line 344, in parse
    loader.exec_module(new_module)
  File "<frozen importlib._bootstrap_external>", line 843, in exec_module
  File "<frozen importlib._bootstrap>", line 219, in _call_with_frames_removed
  File "/opt/airflow/dags/crawl_crypto_prices.py", line 5, in <module>
    from scripts.db import insert_prices
ModuleNotFoundError: No module named 'scripts.db'
[2026-03-19T02:56:26.890+0000] {processor.py:842} WARNING - No viable dags retrieved from /opt/airflow/dags/crawl_crypto_prices.py
[2026-03-19T02:56:26.905+0000] {processor.py:183} INFO - Processing /opt/airflow/dags/crawl_crypto_prices.py took 0.023 seconds
[2026-03-19T02:56:57.222+0000] {processor.py:161} INFO - Started process (PID=434) to work on /opt/airflow/dags/crawl_crypto_prices.py
[2026-03-19T02:56:57.223+0000] {processor.py:830} INFO - Processing file /opt/airflow/dags/crawl_crypto_prices.py for tasks to queue
[2026-03-19T02:56:57.224+0000] {logging_mixin.py:188} INFO - [2026-03-19T02:56:57.224+0000] {dagbag.py:538} INFO - Filling up the DagBag from /opt/airflow/dags/crawl_crypto_prices.py
[2026-03-19T02:56:57.228+0000] {logging_mixin.py:188} INFO - [2026-03-19T02:56:57.227+0000] {dagbag.py:348} ERROR - Failed to import: /opt/airflow/dags/crawl_crypto_prices.py
Traceback (most recent call last):
  File "/home/airflow/.local/lib/python3.8/site-packages/airflow/models/dagbag.py", line 344, in parse
    loader.exec_module(new_module)
  File "<frozen importlib._bootstrap_external>", line 843, in exec_module
  File "<frozen importlib._bootstrap>", line 219, in _call_with_frames_removed
  File "/opt/airflow/dags/crawl_crypto_prices.py", line 5, in <module>
    from scripts.db import insert_prices
ModuleNotFoundError: No module named 'scripts.db'
[2026-03-19T02:56:57.228+0000] {processor.py:842} WARNING - No viable dags retrieved from /opt/airflow/dags/crawl_crypto_prices.py
[2026-03-19T02:56:57.242+0000] {processor.py:183} INFO - Processing /opt/airflow/dags/crawl_crypto_prices.py took 0.023 seconds
[2026-03-19T02:57:27.524+0000] {processor.py:161} INFO - Started process (PID=439) to work on /opt/airflow/dags/crawl_crypto_prices.py
[2026-03-19T02:57:27.525+0000] {processor.py:830} INFO - Processing file /opt/airflow/dags/crawl_crypto_prices.py for tasks to queue
[2026-03-19T02:57:27.525+0000] {logging_mixin.py:188} INFO - [2026-03-19T02:57:27.525+0000] {dagbag.py:538} INFO - Filling up the DagBag from /opt/airflow/dags/crawl_crypto_prices.py
[2026-03-19T02:57:27.530+0000] {logging_mixin.py:188} INFO - [2026-03-19T02:57:27.529+0000] {dagbag.py:348} ERROR - Failed to import: /opt/airflow/dags/crawl_crypto_prices.py
Traceback (most recent call last):
  File "/home/airflow/.local/lib/python3.8/site-packages/airflow/models/dagbag.py", line 344, in parse
    loader.exec_module(new_module)
  File "<frozen importlib._bootstrap_external>", line 843, in exec_module
  File "<frozen importlib._bootstrap>", line 219, in _call_with_frames_removed
  File "/opt/airflow/dags/crawl_crypto_prices.py", line 5, in <module>
    from scripts.db import insert_prices
ModuleNotFoundError: No module named 'scripts.db'
[2026-03-19T02:57:27.530+0000] {processor.py:842} WARNING - No viable dags retrieved from /opt/airflow/dags/crawl_crypto_prices.py
[2026-03-19T02:57:27.541+0000] {processor.py:183} INFO - Processing /opt/airflow/dags/crawl_crypto_prices.py took 0.020 seconds
[2026-03-19T02:57:57.847+0000] {processor.py:161} INFO - Started process (PID=444) to work on /opt/airflow/dags/crawl_crypto_prices.py
[2026-03-19T02:57:57.848+0000] {processor.py:830} INFO - Processing file /opt/airflow/dags/crawl_crypto_prices.py for tasks to queue
[2026-03-19T02:57:57.849+0000] {logging_mixin.py:188} INFO - [2026-03-19T02:57:57.848+0000] {dagbag.py:538} INFO - Filling up the DagBag from /opt/airflow/dags/crawl_crypto_prices.py
[2026-03-19T02:57:57.852+0000] {logging_mixin.py:188} INFO - [2026-03-19T02:57:57.852+0000] {dagbag.py:348} ERROR - Failed to import: /opt/airflow/dags/crawl_crypto_prices.py
Traceback (most recent call last):
  File "/home/airflow/.local/lib/python3.8/site-packages/airflow/models/dagbag.py", line 344, in parse
    loader.exec_module(new_module)
  File "<frozen importlib._bootstrap_external>", line 843, in exec_module
  File "<frozen importlib._bootstrap>", line 219, in _call_with_frames_removed
  File "/opt/airflow/dags/crawl_crypto_prices.py", line 5, in <module>
    from scripts.db import insert_prices
ModuleNotFoundError: No module named 'scripts.db'
[2026-03-19T02:57:57.853+0000] {processor.py:842} WARNING - No viable dags retrieved from /opt/airflow/dags/crawl_crypto_prices.py
[2026-03-19T02:57:57.867+0000] {processor.py:183} INFO - Processing /opt/airflow/dags/crawl_crypto_prices.py took 0.024 seconds
[2026-03-19T02:58:28.188+0000] {processor.py:161} INFO - Started process (PID=449) to work on /opt/airflow/dags/crawl_crypto_prices.py
[2026-03-19T02:58:28.189+0000] {processor.py:830} INFO - Processing file /opt/airflow/dags/crawl_crypto_prices.py for tasks to queue
[2026-03-19T02:58:28.189+0000] {logging_mixin.py:188} INFO - [2026-03-19T02:58:28.189+0000] {dagbag.py:538} INFO - Filling up the DagBag from /opt/airflow/dags/crawl_crypto_prices.py
[2026-03-19T02:58:28.193+0000] {logging_mixin.py:188} INFO - [2026-03-19T02:58:28.192+0000] {dagbag.py:348} ERROR - Failed to import: /opt/airflow/dags/crawl_crypto_prices.py
Traceback (most recent call last):
  File "/home/airflow/.local/lib/python3.8/site-packages/airflow/models/dagbag.py", line 344, in parse
    loader.exec_module(new_module)
  File "<frozen importlib._bootstrap_external>", line 843, in exec_module
  File "<frozen importlib._bootstrap>", line 219, in _call_with_frames_removed
  File "/opt/airflow/dags/crawl_crypto_prices.py", line 5, in <module>
    from scripts.db import insert_prices
ModuleNotFoundError: No module named 'scripts.db'
[2026-03-19T02:58:28.193+0000] {processor.py:842} WARNING - No viable dags retrieved from /opt/airflow/dags/crawl_crypto_prices.py
[2026-03-19T02:58:28.208+0000] {processor.py:183} INFO - Processing /opt/airflow/dags/crawl_crypto_prices.py took 0.023 seconds
[2026-03-19T02:58:58.531+0000] {processor.py:161} INFO - Started process (PID=454) to work on /opt/airflow/dags/crawl_crypto_prices.py
[2026-03-19T02:58:58.531+0000] {processor.py:830} INFO - Processing file /opt/airflow/dags/crawl_crypto_prices.py for tasks to queue
[2026-03-19T02:58:58.532+0000] {logging_mixin.py:188} INFO - [2026-03-19T02:58:58.532+0000] {dagbag.py:538} INFO - Filling up the DagBag from /opt/airflow/dags/crawl_crypto_prices.py
[2026-03-19T02:58:58.538+0000] {logging_mixin.py:188} INFO - [2026-03-19T02:58:58.537+0000] {dagbag.py:348} ERROR - Failed to import: /opt/airflow/dags/crawl_crypto_prices.py
Traceback (most recent call last):
  File "/home/airflow/.local/lib/python3.8/site-packages/airflow/models/dagbag.py", line 344, in parse
    loader.exec_module(new_module)
  File "<frozen importlib._bootstrap_external>", line 843, in exec_module
  File "<frozen importlib._bootstrap>", line 219, in _call_with_frames_removed
  File "/opt/airflow/dags/crawl_crypto_prices.py", line 5, in <module>
    from scripts.db import insert_prices
ModuleNotFoundError: No module named 'scripts.db'
[2026-03-19T02:58:58.538+0000] {processor.py:842} WARNING - No viable dags retrieved from /opt/airflow/dags/crawl_crypto_prices.py
[2026-03-19T02:58:58.557+0000] {processor.py:183} INFO - Processing /opt/airflow/dags/crawl_crypto_prices.py took 0.031 seconds
[2026-03-19T02:59:29.422+0000] {processor.py:161} INFO - Started process (PID=459) to work on /opt/airflow/dags/crawl_crypto_prices.py
[2026-03-19T02:59:29.423+0000] {processor.py:830} INFO - Processing file /opt/airflow/dags/crawl_crypto_prices.py for tasks to queue
[2026-03-19T02:59:29.423+0000] {logging_mixin.py:188} INFO - [2026-03-19T02:59:29.423+0000] {dagbag.py:538} INFO - Filling up the DagBag from /opt/airflow/dags/crawl_crypto_prices.py
[2026-03-19T02:59:29.427+0000] {logging_mixin.py:188} INFO - [2026-03-19T02:59:29.426+0000] {dagbag.py:348} ERROR - Failed to import: /opt/airflow/dags/crawl_crypto_prices.py
Traceback (most recent call last):
  File "/home/airflow/.local/lib/python3.8/site-packages/airflow/models/dagbag.py", line 344, in parse
    loader.exec_module(new_module)
  File "<frozen importlib._bootstrap_external>", line 843, in exec_module
  File "<frozen importlib._bootstrap>", line 219, in _call_with_frames_removed
  File "/opt/airflow/dags/crawl_crypto_prices.py", line 5, in <module>
    from scripts.db import insert_prices
ModuleNotFoundError: No module named 'scripts.db'
[2026-03-19T02:59:29.427+0000] {processor.py:842} WARNING - No viable dags retrieved from /opt/airflow/dags/crawl_crypto_prices.py
[2026-03-19T02:59:29.442+0000] {processor.py:183} INFO - Processing /opt/airflow/dags/crawl_crypto_prices.py took 0.024 seconds
[2026-03-19T02:59:59.714+0000] {processor.py:161} INFO - Started process (PID=464) to work on /opt/airflow/dags/crawl_crypto_prices.py
[2026-03-19T02:59:59.714+0000] {processor.py:830} INFO - Processing file /opt/airflow/dags/crawl_crypto_prices.py for tasks to queue
[2026-03-19T02:59:59.715+0000] {logging_mixin.py:188} INFO - [2026-03-19T02:59:59.715+0000] {dagbag.py:538} INFO - Filling up the DagBag from /opt/airflow/dags/crawl_crypto_prices.py
[2026-03-19T02:59:59.717+0000] {logging_mixin.py:188} INFO - [2026-03-19T02:59:59.717+0000] {dagbag.py:348} ERROR - Failed to import: /opt/airflow/dags/crawl_crypto_prices.py
Traceback (most recent call last):
  File "/home/airflow/.local/lib/python3.8/site-packages/airflow/models/dagbag.py", line 344, in parse
    loader.exec_module(new_module)
  File "<frozen importlib._bootstrap_external>", line 843, in exec_module
  File "<frozen importlib._bootstrap>", line 219, in _call_with_frames_removed
  File "/opt/airflow/dags/crawl_crypto_prices.py", line 5, in <module>
    from scripts.db import insert_prices
ModuleNotFoundError: No module named 'scripts.db'
[2026-03-19T02:59:59.717+0000] {processor.py:842} WARNING - No viable dags retrieved from /opt/airflow/dags/crawl_crypto_prices.py
[2026-03-19T02:59:59.728+0000] {processor.py:183} INFO - Processing /opt/airflow/dags/crawl_crypto_prices.py took 0.016 seconds
[2026-03-19T03:00:29.952+0000] {processor.py:161} INFO - Started process (PID=469) to work on /opt/airflow/dags/crawl_crypto_prices.py
[2026-03-19T03:00:29.953+0000] {processor.py:830} INFO - Processing file /opt/airflow/dags/crawl_crypto_prices.py for tasks to queue
[2026-03-19T03:00:29.953+0000] {logging_mixin.py:188} INFO - [2026-03-19T03:00:29.953+0000] {dagbag.py:538} INFO - Filling up the DagBag from /opt/airflow/dags/crawl_crypto_prices.py
[2026-03-19T03:00:29.956+0000] {logging_mixin.py:188} INFO - [2026-03-19T03:00:29.955+0000] {dagbag.py:348} ERROR - Failed to import: /opt/airflow/dags/crawl_crypto_prices.py
Traceback (most recent call last):
  File "/home/airflow/.local/lib/python3.8/site-packages/airflow/models/dagbag.py", line 344, in parse
    loader.exec_module(new_module)
  File "<frozen importlib._bootstrap_external>", line 843, in exec_module
  File "<frozen importlib._bootstrap>", line 219, in _call_with_frames_removed
  File "/opt/airflow/dags/crawl_crypto_prices.py", line 5, in <module>
    from scripts.db import insert_prices
ModuleNotFoundError: No module named 'scripts.db'
[2026-03-19T03:00:29.956+0000] {processor.py:842} WARNING - No viable dags retrieved from /opt/airflow/dags/crawl_crypto_prices.py
[2026-03-19T03:00:29.965+0000] {processor.py:183} INFO - Processing /opt/airflow/dags/crawl_crypto_prices.py took 0.015 seconds
[2026-03-19T03:01:00.231+0000] {processor.py:161} INFO - Started process (PID=474) to work on /opt/airflow/dags/crawl_crypto_prices.py
[2026-03-19T03:01:00.232+0000] {processor.py:830} INFO - Processing file /opt/airflow/dags/crawl_crypto_prices.py for tasks to queue
[2026-03-19T03:01:00.233+0000] {logging_mixin.py:188} INFO - [2026-03-19T03:01:00.233+0000] {dagbag.py:538} INFO - Filling up the DagBag from /opt/airflow/dags/crawl_crypto_prices.py
[2026-03-19T03:01:00.237+0000] {logging_mixin.py:188} INFO - [2026-03-19T03:01:00.236+0000] {dagbag.py:348} ERROR - Failed to import: /opt/airflow/dags/crawl_crypto_prices.py
Traceback (most recent call last):
  File "/home/airflow/.local/lib/python3.8/site-packages/airflow/models/dagbag.py", line 344, in parse
    loader.exec_module(new_module)
  File "<frozen importlib._bootstrap_external>", line 843, in exec_module
  File "<frozen importlib._bootstrap>", line 219, in _call_with_frames_removed
  File "/opt/airflow/dags/crawl_crypto_prices.py", line 5, in <module>
    from scripts.db import insert_prices
ModuleNotFoundError: No module named 'scripts.db'
[2026-03-19T03:01:00.237+0000] {processor.py:842} WARNING - No viable dags retrieved from /opt/airflow/dags/crawl_crypto_prices.py
[2026-03-19T03:01:00.252+0000] {processor.py:183} INFO - Processing /opt/airflow/dags/crawl_crypto_prices.py took 0.025 seconds
[2026-03-19T03:01:30.550+0000] {processor.py:161} INFO - Started process (PID=479) to work on /opt/airflow/dags/crawl_crypto_prices.py
[2026-03-19T03:01:30.551+0000] {processor.py:830} INFO - Processing file /opt/airflow/dags/crawl_crypto_prices.py for tasks to queue
[2026-03-19T03:01:30.551+0000] {logging_mixin.py:188} INFO - [2026-03-19T03:01:30.551+0000] {dagbag.py:538} INFO - Filling up the DagBag from /opt/airflow/dags/crawl_crypto_prices.py
[2026-03-19T03:01:30.555+0000] {logging_mixin.py:188} INFO - [2026-03-19T03:01:30.555+0000] {dagbag.py:348} ERROR - Failed to import: /opt/airflow/dags/crawl_crypto_prices.py
Traceback (most recent call last):
  File "/home/airflow/.local/lib/python3.8/site-packages/airflow/models/dagbag.py", line 344, in parse
    loader.exec_module(new_module)
  File "<frozen importlib._bootstrap_external>", line 843, in exec_module
  File "<frozen importlib._bootstrap>", line 219, in _call_with_frames_removed
  File "/opt/airflow/dags/crawl_crypto_prices.py", line 5, in <module>
    from scripts.db import insert_prices
ModuleNotFoundError: No module named 'scripts.db'
[2026-03-19T03:01:30.556+0000] {processor.py:842} WARNING - No viable dags retrieved from /opt/airflow/dags/crawl_crypto_prices.py
[2026-03-19T03:01:30.570+0000] {processor.py:183} INFO - Processing /opt/airflow/dags/crawl_crypto_prices.py took 0.024 seconds
[2026-03-19T03:02:00.866+0000] {processor.py:161} INFO - Started process (PID=484) to work on /opt/airflow/dags/crawl_crypto_prices.py
[2026-03-19T03:02:00.867+0000] {processor.py:830} INFO - Processing file /opt/airflow/dags/crawl_crypto_prices.py for tasks to queue
[2026-03-19T03:02:00.867+0000] {logging_mixin.py:188} INFO - [2026-03-19T03:02:00.867+0000] {dagbag.py:538} INFO - Filling up the DagBag from /opt/airflow/dags/crawl_crypto_prices.py
[2026-03-19T03:02:00.871+0000] {logging_mixin.py:188} INFO - [2026-03-19T03:02:00.870+0000] {dagbag.py:348} ERROR - Failed to import: /opt/airflow/dags/crawl_crypto_prices.py
Traceback (most recent call last):
  File "/home/airflow/.local/lib/python3.8/site-packages/airflow/models/dagbag.py", line 344, in parse
    loader.exec_module(new_module)
  File "<frozen importlib._bootstrap_external>", line 843, in exec_module
  File "<frozen importlib._bootstrap>", line 219, in _call_with_frames_removed
  File "/opt/airflow/dags/crawl_crypto_prices.py", line 5, in <module>
    from scripts.db import insert_prices
ModuleNotFoundError: No module named 'scripts.db'
[2026-03-19T03:02:00.872+0000] {processor.py:842} WARNING - No viable dags retrieved from /opt/airflow/dags/crawl_crypto_prices.py
[2026-03-19T03:02:00.886+0000] {processor.py:183} INFO - Processing /opt/airflow/dags/crawl_crypto_prices.py took 0.024 seconds
[2026-03-19T03:02:31.125+0000] {processor.py:161} INFO - Started process (PID=489) to work on /opt/airflow/dags/crawl_crypto_prices.py
[2026-03-19T03:02:31.126+0000] {processor.py:830} INFO - Processing file /opt/airflow/dags/crawl_crypto_prices.py for tasks to queue
[2026-03-19T03:02:31.127+0000] {logging_mixin.py:188} INFO - [2026-03-19T03:02:31.126+0000] {dagbag.py:538} INFO - Filling up the DagBag from /opt/airflow/dags/crawl_crypto_prices.py
[2026-03-19T03:02:31.131+0000] {logging_mixin.py:188} INFO - [2026-03-19T03:02:31.130+0000] {dagbag.py:348} ERROR - Failed to import: /opt/airflow/dags/crawl_crypto_prices.py
Traceback (most recent call last):
  File "/home/airflow/.local/lib/python3.8/site-packages/airflow/models/dagbag.py", line 344, in parse
    loader.exec_module(new_module)
  File "<frozen importlib._bootstrap_external>", line 843, in exec_module
  File "<frozen importlib._bootstrap>", line 219, in _call_with_frames_removed
  File "/opt/airflow/dags/crawl_crypto_prices.py", line 5, in <module>
    from scripts.db import insert_prices
ModuleNotFoundError: No module named 'scripts.db'
[2026-03-19T03:02:31.131+0000] {processor.py:842} WARNING - No viable dags retrieved from /opt/airflow/dags/crawl_crypto_prices.py
[2026-03-19T03:02:31.146+0000] {processor.py:183} INFO - Processing /opt/airflow/dags/crawl_crypto_prices.py took 0.026 seconds
[2026-03-19T03:03:01.329+0000] {processor.py:161} INFO - Started process (PID=494) to work on /opt/airflow/dags/crawl_crypto_prices.py
[2026-03-19T03:03:01.330+0000] {processor.py:830} INFO - Processing file /opt/airflow/dags/crawl_crypto_prices.py for tasks to queue
[2026-03-19T03:03:01.330+0000] {logging_mixin.py:188} INFO - [2026-03-19T03:03:01.330+0000] {dagbag.py:538} INFO - Filling up the DagBag from /opt/airflow/dags/crawl_crypto_prices.py
[2026-03-19T03:03:01.334+0000] {logging_mixin.py:188} INFO - [2026-03-19T03:03:01.333+0000] {dagbag.py:348} ERROR - Failed to import: /opt/airflow/dags/crawl_crypto_prices.py
Traceback (most recent call last):
  File "/home/airflow/.local/lib/python3.8/site-packages/airflow/models/dagbag.py", line 344, in parse
    loader.exec_module(new_module)
  File "<frozen importlib._bootstrap_external>", line 843, in exec_module
  File "<frozen importlib._bootstrap>", line 219, in _call_with_frames_removed
  File "/opt/airflow/dags/crawl_crypto_prices.py", line 5, in <module>
    from scripts.db import insert_prices
ModuleNotFoundError: No module named 'scripts.db'
[2026-03-19T03:03:01.334+0000] {processor.py:842} WARNING - No viable dags retrieved from /opt/airflow/dags/crawl_crypto_prices.py
[2026-03-19T03:03:01.349+0000] {processor.py:183} INFO - Processing /opt/airflow/dags/crawl_crypto_prices.py took 0.023 seconds
[2026-03-19T03:03:31.613+0000] {processor.py:161} INFO - Started process (PID=501) to work on /opt/airflow/dags/crawl_crypto_prices.py
[2026-03-19T03:03:31.614+0000] {processor.py:830} INFO - Processing file /opt/airflow/dags/crawl_crypto_prices.py for tasks to queue
[2026-03-19T03:03:31.614+0000] {logging_mixin.py:188} INFO - [2026-03-19T03:03:31.614+0000] {dagbag.py:538} INFO - Filling up the DagBag from /opt/airflow/dags/crawl_crypto_prices.py
[2026-03-19T03:03:31.617+0000] {logging_mixin.py:188} INFO - [2026-03-19T03:03:31.616+0000] {dagbag.py:348} ERROR - Failed to import: /opt/airflow/dags/crawl_crypto_prices.py
Traceback (most recent call last):
  File "/home/airflow/.local/lib/python3.8/site-packages/airflow/models/dagbag.py", line 344, in parse
    loader.exec_module(new_module)
  File "<frozen importlib._bootstrap_external>", line 843, in exec_module
  File "<frozen importlib._bootstrap>", line 219, in _call_with_frames_removed
  File "/opt/airflow/dags/crawl_crypto_prices.py", line 5, in <module>
    from scripts.db import insert_prices
ModuleNotFoundError: No module named 'scripts.db'
[2026-03-19T03:03:31.617+0000] {processor.py:842} WARNING - No viable dags retrieved from /opt/airflow/dags/crawl_crypto_prices.py
[2026-03-19T03:03:31.626+0000] {processor.py:183} INFO - Processing /opt/airflow/dags/crawl_crypto_prices.py took 0.014 seconds
[2026-03-19T03:04:01.918+0000] {processor.py:161} INFO - Started process (PID=506) to work on /opt/airflow/dags/crawl_crypto_prices.py
[2026-03-19T03:04:01.920+0000] {processor.py:830} INFO - Processing file /opt/airflow/dags/crawl_crypto_prices.py for tasks to queue
[2026-03-19T03:04:01.920+0000] {logging_mixin.py:188} INFO - [2026-03-19T03:04:01.920+0000] {dagbag.py:538} INFO - Filling up the DagBag from /opt/airflow/dags/crawl_crypto_prices.py
[2026-03-19T03:04:01.924+0000] {logging_mixin.py:188} INFO - [2026-03-19T03:04:01.923+0000] {dagbag.py:348} ERROR - Failed to import: /opt/airflow/dags/crawl_crypto_prices.py
Traceback (most recent call last):
  File "/home/airflow/.local/lib/python3.8/site-packages/airflow/models/dagbag.py", line 344, in parse
    loader.exec_module(new_module)
  File "<frozen importlib._bootstrap_external>", line 843, in exec_module
  File "<frozen importlib._bootstrap>", line 219, in _call_with_frames_removed
  File "/opt/airflow/dags/crawl_crypto_prices.py", line 5, in <module>
    from scripts.db import insert_prices
ModuleNotFoundError: No module named 'scripts.db'
[2026-03-19T03:04:01.925+0000] {processor.py:842} WARNING - No viable dags retrieved from /opt/airflow/dags/crawl_crypto_prices.py
[2026-03-19T03:04:01.939+0000] {processor.py:183} INFO - Processing /opt/airflow/dags/crawl_crypto_prices.py took 0.024 seconds
[2026-03-19T03:04:32.238+0000] {processor.py:161} INFO - Started process (PID=511) to work on /opt/airflow/dags/crawl_crypto_prices.py
[2026-03-19T03:04:32.239+0000] {processor.py:830} INFO - Processing file /opt/airflow/dags/crawl_crypto_prices.py for tasks to queue
[2026-03-19T03:04:32.240+0000] {logging_mixin.py:188} INFO - [2026-03-19T03:04:32.240+0000] {dagbag.py:538} INFO - Filling up the DagBag from /opt/airflow/dags/crawl_crypto_prices.py
[2026-03-19T03:04:32.244+0000] {logging_mixin.py:188} INFO - [2026-03-19T03:04:32.243+0000] {dagbag.py:348} ERROR - Failed to import: /opt/airflow/dags/crawl_crypto_prices.py
Traceback (most recent call last):
  File "/home/airflow/.local/lib/python3.8/site-packages/airflow/models/dagbag.py", line 344, in parse
    loader.exec_module(new_module)
  File "<frozen importlib._bootstrap_external>", line 843, in exec_module
  File "<frozen importlib._bootstrap>", line 219, in _call_with_frames_removed
  File "/opt/airflow/dags/crawl_crypto_prices.py", line 5, in <module>
    from scripts.db import insert_prices
ModuleNotFoundError: No module named 'scripts.db'
[2026-03-19T03:04:32.244+0000] {processor.py:842} WARNING - No viable dags retrieved from /opt/airflow/dags/crawl_crypto_prices.py
[2026-03-19T03:04:32.259+0000] {processor.py:183} INFO - Processing /opt/airflow/dags/crawl_crypto_prices.py took 0.025 seconds
[2026-03-19T03:05:02.578+0000] {processor.py:161} INFO - Started process (PID=516) to work on /opt/airflow/dags/crawl_crypto_prices.py
[2026-03-19T03:05:02.579+0000] {processor.py:830} INFO - Processing file /opt/airflow/dags/crawl_crypto_prices.py for tasks to queue
[2026-03-19T03:05:02.580+0000] {logging_mixin.py:188} INFO - [2026-03-19T03:05:02.580+0000] {dagbag.py:538} INFO - Filling up the DagBag from /opt/airflow/dags/crawl_crypto_prices.py
[2026-03-19T03:05:02.584+0000] {logging_mixin.py:188} INFO - [2026-03-19T03:05:02.583+0000] {dagbag.py:348} ERROR - Failed to import: /opt/airflow/dags/crawl_crypto_prices.py
Traceback (most recent call last):
  File "/home/airflow/.local/lib/python3.8/site-packages/airflow/models/dagbag.py", line 344, in parse
    loader.exec_module(new_module)
  File "<frozen importlib._bootstrap_external>", line 843, in exec_module
  File "<frozen importlib._bootstrap>", line 219, in _call_with_frames_removed
  File "/opt/airflow/dags/crawl_crypto_prices.py", line 5, in <module>
    from scripts.db import insert_prices
ModuleNotFoundError: No module named 'scripts.db'
[2026-03-19T03:05:02.584+0000] {processor.py:842} WARNING - No viable dags retrieved from /opt/airflow/dags/crawl_crypto_prices.py
[2026-03-19T03:05:02.600+0000] {processor.py:183} INFO - Processing /opt/airflow/dags/crawl_crypto_prices.py took 0.025 seconds
[2026-03-19T03:05:32.943+0000] {processor.py:161} INFO - Started process (PID=521) to work on /opt/airflow/dags/crawl_crypto_prices.py
[2026-03-19T03:05:32.943+0000] {processor.py:830} INFO - Processing file /opt/airflow/dags/crawl_crypto_prices.py for tasks to queue
[2026-03-19T03:05:32.944+0000] {logging_mixin.py:188} INFO - [2026-03-19T03:05:32.944+0000] {dagbag.py:538} INFO - Filling up the DagBag from /opt/airflow/dags/crawl_crypto_prices.py
[2026-03-19T03:05:32.947+0000] {logging_mixin.py:188} INFO - [2026-03-19T03:05:32.947+0000] {dagbag.py:348} ERROR - Failed to import: /opt/airflow/dags/crawl_crypto_prices.py
Traceback (most recent call last):
  File "/home/airflow/.local/lib/python3.8/site-packages/airflow/models/dagbag.py", line 344, in parse
    loader.exec_module(new_module)
  File "<frozen importlib._bootstrap_external>", line 843, in exec_module
  File "<frozen importlib._bootstrap>", line 219, in _call_with_frames_removed
  File "/opt/airflow/dags/crawl_crypto_prices.py", line 5, in <module>
    from scripts.db import insert_prices
ModuleNotFoundError: No module named 'scripts.db'
[2026-03-19T03:05:32.948+0000] {processor.py:842} WARNING - No viable dags retrieved from /opt/airflow/dags/crawl_crypto_prices.py
[2026-03-19T03:05:32.961+0000] {processor.py:183} INFO - Processing /opt/airflow/dags/crawl_crypto_prices.py took 0.021 seconds
[2026-03-19T03:06:03.213+0000] {processor.py:161} INFO - Started process (PID=526) to work on /opt/airflow/dags/crawl_crypto_prices.py
[2026-03-19T03:06:03.214+0000] {processor.py:830} INFO - Processing file /opt/airflow/dags/crawl_crypto_prices.py for tasks to queue
[2026-03-19T03:06:03.214+0000] {logging_mixin.py:188} INFO - [2026-03-19T03:06:03.214+0000] {dagbag.py:538} INFO - Filling up the DagBag from /opt/airflow/dags/crawl_crypto_prices.py
[2026-03-19T03:06:03.216+0000] {logging_mixin.py:188} INFO - [2026-03-19T03:06:03.216+0000] {dagbag.py:348} ERROR - Failed to import: /opt/airflow/dags/crawl_crypto_prices.py
Traceback (most recent call last):
  File "/home/airflow/.local/lib/python3.8/site-packages/airflow/models/dagbag.py", line 344, in parse
    loader.exec_module(new_module)
  File "<frozen importlib._bootstrap_external>", line 843, in exec_module
  File "<frozen importlib._bootstrap>", line 219, in _call_with_frames_removed
  File "/opt/airflow/dags/crawl_crypto_prices.py", line 5, in <module>
    from scripts.db import insert_prices
ModuleNotFoundError: No module named 'scripts.db'
[2026-03-19T03:06:03.216+0000] {processor.py:842} WARNING - No viable dags retrieved from /opt/airflow/dags/crawl_crypto_prices.py
[2026-03-19T03:06:03.226+0000] {processor.py:183} INFO - Processing /opt/airflow/dags/crawl_crypto_prices.py took 0.014 seconds
[2026-03-19T03:06:33.497+0000] {processor.py:161} INFO - Started process (PID=531) to work on /opt/airflow/dags/crawl_crypto_prices.py
[2026-03-19T03:06:33.498+0000] {processor.py:830} INFO - Processing file /opt/airflow/dags/crawl_crypto_prices.py for tasks to queue
[2026-03-19T03:06:33.498+0000] {logging_mixin.py:188} INFO - [2026-03-19T03:06:33.498+0000] {dagbag.py:538} INFO - Filling up the DagBag from /opt/airflow/dags/crawl_crypto_prices.py
[2026-03-19T03:06:33.500+0000] {logging_mixin.py:188} INFO - [2026-03-19T03:06:33.500+0000] {dagbag.py:348} ERROR - Failed to import: /opt/airflow/dags/crawl_crypto_prices.py
Traceback (most recent call last):
  File "/home/airflow/.local/lib/python3.8/site-packages/airflow/models/dagbag.py", line 344, in parse
    loader.exec_module(new_module)
  File "<frozen importlib._bootstrap_external>", line 843, in exec_module
  File "<frozen importlib._bootstrap>", line 219, in _call_with_frames_removed
  File "/opt/airflow/dags/crawl_crypto_prices.py", line 5, in <module>
    from scripts.db import insert_prices
ModuleNotFoundError: No module named 'scripts.db'
[2026-03-19T03:06:33.501+0000] {processor.py:842} WARNING - No viable dags retrieved from /opt/airflow/dags/crawl_crypto_prices.py
[2026-03-19T03:06:33.510+0000] {processor.py:183} INFO - Processing /opt/airflow/dags/crawl_crypto_prices.py took 0.016 seconds
[2026-03-19T03:07:03.823+0000] {processor.py:161} INFO - Started process (PID=536) to work on /opt/airflow/dags/crawl_crypto_prices.py
[2026-03-19T03:07:03.824+0000] {processor.py:830} INFO - Processing file /opt/airflow/dags/crawl_crypto_prices.py for tasks to queue
[2026-03-19T03:07:03.825+0000] {logging_mixin.py:188} INFO - [2026-03-19T03:07:03.824+0000] {dagbag.py:538} INFO - Filling up the DagBag from /opt/airflow/dags/crawl_crypto_prices.py
[2026-03-19T03:07:03.828+0000] {logging_mixin.py:188} INFO - [2026-03-19T03:07:03.828+0000] {dagbag.py:348} ERROR - Failed to import: /opt/airflow/dags/crawl_crypto_prices.py
Traceback (most recent call last):
  File "/home/airflow/.local/lib/python3.8/site-packages/airflow/models/dagbag.py", line 344, in parse
    loader.exec_module(new_module)
  File "<frozen importlib._bootstrap_external>", line 843, in exec_module
  File "<frozen importlib._bootstrap>", line 219, in _call_with_frames_removed
  File "/opt/airflow/dags/crawl_crypto_prices.py", line 5, in <module>
    from scripts.db import insert_prices
ModuleNotFoundError: No module named 'scripts.db'
[2026-03-19T03:07:03.829+0000] {processor.py:842} WARNING - No viable dags retrieved from /opt/airflow/dags/crawl_crypto_prices.py
[2026-03-19T03:07:03.844+0000] {processor.py:183} INFO - Processing /opt/airflow/dags/crawl_crypto_prices.py took 0.024 seconds
[2026-03-19T03:07:34.089+0000] {processor.py:161} INFO - Started process (PID=541) to work on /opt/airflow/dags/crawl_crypto_prices.py
[2026-03-19T03:07:34.090+0000] {processor.py:830} INFO - Processing file /opt/airflow/dags/crawl_crypto_prices.py for tasks to queue
[2026-03-19T03:07:34.091+0000] {logging_mixin.py:188} INFO - [2026-03-19T03:07:34.091+0000] {dagbag.py:538} INFO - Filling up the DagBag from /opt/airflow/dags/crawl_crypto_prices.py
[2026-03-19T03:07:34.095+0000] {logging_mixin.py:188} INFO - [2026-03-19T03:07:34.094+0000] {dagbag.py:348} ERROR - Failed to import: /opt/airflow/dags/crawl_crypto_prices.py
Traceback (most recent call last):
  File "/home/airflow/.local/lib/python3.8/site-packages/airflow/models/dagbag.py", line 344, in parse
    loader.exec_module(new_module)
  File "<frozen importlib._bootstrap_external>", line 843, in exec_module
  File "<frozen importlib._bootstrap>", line 219, in _call_with_frames_removed
  File "/opt/airflow/dags/crawl_crypto_prices.py", line 5, in <module>
    from scripts.db import insert_prices
ModuleNotFoundError: No module named 'scripts.db'
[2026-03-19T03:07:34.095+0000] {processor.py:842} WARNING - No viable dags retrieved from /opt/airflow/dags/crawl_crypto_prices.py
[2026-03-19T03:07:34.110+0000] {processor.py:183} INFO - Processing /opt/airflow/dags/crawl_crypto_prices.py took 0.024 seconds
[2026-03-19T03:08:04.435+0000] {processor.py:161} INFO - Started process (PID=546) to work on /opt/airflow/dags/crawl_crypto_prices.py
[2026-03-19T03:08:04.437+0000] {processor.py:830} INFO - Processing file /opt/airflow/dags/crawl_crypto_prices.py for tasks to queue
[2026-03-19T03:08:04.437+0000] {logging_mixin.py:188} INFO - [2026-03-19T03:08:04.437+0000] {dagbag.py:538} INFO - Filling up the DagBag from /opt/airflow/dags/crawl_crypto_prices.py
[2026-03-19T03:08:04.442+0000] {logging_mixin.py:188} INFO - [2026-03-19T03:08:04.441+0000] {dagbag.py:348} ERROR - Failed to import: /opt/airflow/dags/crawl_crypto_prices.py
Traceback (most recent call last):
  File "/home/airflow/.local/lib/python3.8/site-packages/airflow/models/dagbag.py", line 344, in parse
    loader.exec_module(new_module)
  File "<frozen importlib._bootstrap_external>", line 843, in exec_module
  File "<frozen importlib._bootstrap>", line 219, in _call_with_frames_removed
  File "/opt/airflow/dags/crawl_crypto_prices.py", line 5, in <module>
    from scripts.db import insert_prices
ModuleNotFoundError: No module named 'scripts.db'
[2026-03-19T03:08:04.443+0000] {processor.py:842} WARNING - No viable dags retrieved from /opt/airflow/dags/crawl_crypto_prices.py
[2026-03-19T03:08:04.455+0000] {processor.py:183} INFO - Processing /opt/airflow/dags/crawl_crypto_prices.py took 0.024 seconds
[2026-03-19T03:08:34.769+0000] {processor.py:161} INFO - Started process (PID=551) to work on /opt/airflow/dags/crawl_crypto_prices.py
[2026-03-19T03:08:34.769+0000] {processor.py:830} INFO - Processing file /opt/airflow/dags/crawl_crypto_prices.py for tasks to queue
[2026-03-19T03:08:34.770+0000] {logging_mixin.py:188} INFO - [2026-03-19T03:08:34.770+0000] {dagbag.py:538} INFO - Filling up the DagBag from /opt/airflow/dags/crawl_crypto_prices.py
[2026-03-19T03:08:34.773+0000] {logging_mixin.py:188} INFO - [2026-03-19T03:08:34.773+0000] {dagbag.py:348} ERROR - Failed to import: /opt/airflow/dags/crawl_crypto_prices.py
Traceback (most recent call last):
  File "/home/airflow/.local/lib/python3.8/site-packages/airflow/models/dagbag.py", line 344, in parse
    loader.exec_module(new_module)
  File "<frozen importlib._bootstrap_external>", line 843, in exec_module
  File "<frozen importlib._bootstrap>", line 219, in _call_with_frames_removed
  File "/opt/airflow/dags/crawl_crypto_prices.py", line 5, in <module>
    from scripts.db import insert_prices
ModuleNotFoundError: No module named 'scripts.db'
[2026-03-19T03:08:34.774+0000] {processor.py:842} WARNING - No viable dags retrieved from /opt/airflow/dags/crawl_crypto_prices.py
[2026-03-19T03:08:34.788+0000] {processor.py:183} INFO - Processing /opt/airflow/dags/crawl_crypto_prices.py took 0.022 seconds
[2026-03-19T03:09:05.094+0000] {processor.py:161} INFO - Started process (PID=556) to work on /opt/airflow/dags/crawl_crypto_prices.py
[2026-03-19T03:09:05.095+0000] {processor.py:830} INFO - Processing file /opt/airflow/dags/crawl_crypto_prices.py for tasks to queue
[2026-03-19T03:09:05.096+0000] {logging_mixin.py:188} INFO - [2026-03-19T03:09:05.096+0000] {dagbag.py:538} INFO - Filling up the DagBag from /opt/airflow/dags/crawl_crypto_prices.py
[2026-03-19T03:09:05.098+0000] {logging_mixin.py:188} INFO - [2026-03-19T03:09:05.098+0000] {dagbag.py:348} ERROR - Failed to import: /opt/airflow/dags/crawl_crypto_prices.py
Traceback (most recent call last):
  File "/home/airflow/.local/lib/python3.8/site-packages/airflow/models/dagbag.py", line 344, in parse
    loader.exec_module(new_module)
  File "<frozen importlib._bootstrap_external>", line 843, in exec_module
  File "<frozen importlib._bootstrap>", line 219, in _call_with_frames_removed
  File "/opt/airflow/dags/crawl_crypto_prices.py", line 5, in <module>
    from scripts.db import insert_prices
ModuleNotFoundError: No module named 'scripts.db'
[2026-03-19T03:09:05.099+0000] {processor.py:842} WARNING - No viable dags retrieved from /opt/airflow/dags/crawl_crypto_prices.py
[2026-03-19T03:09:05.111+0000] {processor.py:183} INFO - Processing /opt/airflow/dags/crawl_crypto_prices.py took 0.019 seconds
[2026-03-19T03:09:35.429+0000] {processor.py:161} INFO - Started process (PID=561) to work on /opt/airflow/dags/crawl_crypto_prices.py
[2026-03-19T03:09:35.430+0000] {processor.py:830} INFO - Processing file /opt/airflow/dags/crawl_crypto_prices.py for tasks to queue
[2026-03-19T03:09:35.431+0000] {logging_mixin.py:188} INFO - [2026-03-19T03:09:35.430+0000] {dagbag.py:538} INFO - Filling up the DagBag from /opt/airflow/dags/crawl_crypto_prices.py
[2026-03-19T03:09:35.434+0000] {logging_mixin.py:188} INFO - [2026-03-19T03:09:35.434+0000] {dagbag.py:348} ERROR - Failed to import: /opt/airflow/dags/crawl_crypto_prices.py
Traceback (most recent call last):
  File "/home/airflow/.local/lib/python3.8/site-packages/airflow/models/dagbag.py", line 344, in parse
    loader.exec_module(new_module)
  File "<frozen importlib._bootstrap_external>", line 843, in exec_module
  File "<frozen importlib._bootstrap>", line 219, in _call_with_frames_removed
  File "/opt/airflow/dags/crawl_crypto_prices.py", line 5, in <module>
    from scripts.db import insert_prices
ModuleNotFoundError: No module named 'scripts.db'
[2026-03-19T03:09:35.435+0000] {processor.py:842} WARNING - No viable dags retrieved from /opt/airflow/dags/crawl_crypto_prices.py
[2026-03-19T03:09:35.449+0000] {processor.py:183} INFO - Processing /opt/airflow/dags/crawl_crypto_prices.py took 0.023 seconds
[2026-03-19T03:10:05.758+0000] {processor.py:161} INFO - Started process (PID=566) to work on /opt/airflow/dags/crawl_crypto_prices.py
[2026-03-19T03:10:05.759+0000] {processor.py:830} INFO - Processing file /opt/airflow/dags/crawl_crypto_prices.py for tasks to queue
[2026-03-19T03:10:05.759+0000] {logging_mixin.py:188} INFO - [2026-03-19T03:10:05.759+0000] {dagbag.py:538} INFO - Filling up the DagBag from /opt/airflow/dags/crawl_crypto_prices.py
[2026-03-19T03:10:05.763+0000] {logging_mixin.py:188} INFO - [2026-03-19T03:10:05.763+0000] {dagbag.py:348} ERROR - Failed to import: /opt/airflow/dags/crawl_crypto_prices.py
Traceback (most recent call last):
  File "/home/airflow/.local/lib/python3.8/site-packages/airflow/models/dagbag.py", line 344, in parse
    loader.exec_module(new_module)
  File "<frozen importlib._bootstrap_external>", line 843, in exec_module
  File "<frozen importlib._bootstrap>", line 219, in _call_with_frames_removed
  File "/opt/airflow/dags/crawl_crypto_prices.py", line 5, in <module>
    from scripts.db import insert_prices
ModuleNotFoundError: No module named 'scripts.db'
[2026-03-19T03:10:05.763+0000] {processor.py:842} WARNING - No viable dags retrieved from /opt/airflow/dags/crawl_crypto_prices.py
[2026-03-19T03:10:05.778+0000] {processor.py:183} INFO - Processing /opt/airflow/dags/crawl_crypto_prices.py took 0.024 seconds
[2026-03-19T03:10:36.072+0000] {processor.py:161} INFO - Started process (PID=571) to work on /opt/airflow/dags/crawl_crypto_prices.py
[2026-03-19T03:10:36.073+0000] {processor.py:830} INFO - Processing file /opt/airflow/dags/crawl_crypto_prices.py for tasks to queue
[2026-03-19T03:10:36.074+0000] {logging_mixin.py:188} INFO - [2026-03-19T03:10:36.074+0000] {dagbag.py:538} INFO - Filling up the DagBag from /opt/airflow/dags/crawl_crypto_prices.py
[2026-03-19T03:10:36.079+0000] {logging_mixin.py:188} INFO - [2026-03-19T03:10:36.079+0000] {dagbag.py:348} ERROR - Failed to import: /opt/airflow/dags/crawl_crypto_prices.py
Traceback (most recent call last):
  File "/home/airflow/.local/lib/python3.8/site-packages/airflow/models/dagbag.py", line 344, in parse
    loader.exec_module(new_module)
  File "<frozen importlib._bootstrap_external>", line 843, in exec_module
  File "<frozen importlib._bootstrap>", line 219, in _call_with_frames_removed
  File "/opt/airflow/dags/crawl_crypto_prices.py", line 5, in <module>
    from scripts.db import insert_prices
ModuleNotFoundError: No module named 'scripts.db'
[2026-03-19T03:10:36.080+0000] {processor.py:842} WARNING - No viable dags retrieved from /opt/airflow/dags/crawl_crypto_prices.py
[2026-03-19T03:10:36.096+0000] {processor.py:183} INFO - Processing /opt/airflow/dags/crawl_crypto_prices.py took 0.028 seconds
[2026-03-19T03:11:06.343+0000] {processor.py:161} INFO - Started process (PID=576) to work on /opt/airflow/dags/crawl_crypto_prices.py
[2026-03-19T03:11:06.344+0000] {processor.py:830} INFO - Processing file /opt/airflow/dags/crawl_crypto_prices.py for tasks to queue
[2026-03-19T03:11:06.345+0000] {logging_mixin.py:188} INFO - [2026-03-19T03:11:06.345+0000] {dagbag.py:538} INFO - Filling up the DagBag from /opt/airflow/dags/crawl_crypto_prices.py
[2026-03-19T03:11:06.349+0000] {logging_mixin.py:188} INFO - [2026-03-19T03:11:06.348+0000] {dagbag.py:348} ERROR - Failed to import: /opt/airflow/dags/crawl_crypto_prices.py
Traceback (most recent call last):
  File "/home/airflow/.local/lib/python3.8/site-packages/airflow/models/dagbag.py", line 344, in parse
    loader.exec_module(new_module)
  File "<frozen importlib._bootstrap_external>", line 843, in exec_module
  File "<frozen importlib._bootstrap>", line 219, in _call_with_frames_removed
  File "/opt/airflow/dags/crawl_crypto_prices.py", line 5, in <module>
    from scripts.db import insert_prices
ModuleNotFoundError: No module named 'scripts.db'
[2026-03-19T03:11:06.349+0000] {processor.py:842} WARNING - No viable dags retrieved from /opt/airflow/dags/crawl_crypto_prices.py
[2026-03-19T03:11:06.364+0000] {processor.py:183} INFO - Processing /opt/airflow/dags/crawl_crypto_prices.py took 0.023 seconds
[2026-03-19T03:11:36.601+0000] {processor.py:161} INFO - Started process (PID=581) to work on /opt/airflow/dags/crawl_crypto_prices.py
[2026-03-19T03:11:36.602+0000] {processor.py:830} INFO - Processing file /opt/airflow/dags/crawl_crypto_prices.py for tasks to queue
[2026-03-19T03:11:36.602+0000] {logging_mixin.py:188} INFO - [2026-03-19T03:11:36.602+0000] {dagbag.py:538} INFO - Filling up the DagBag from /opt/airflow/dags/crawl_crypto_prices.py
[2026-03-19T03:11:36.607+0000] {logging_mixin.py:188} INFO - [2026-03-19T03:11:36.606+0000] {dagbag.py:348} ERROR - Failed to import: /opt/airflow/dags/crawl_crypto_prices.py
Traceback (most recent call last):
  File "/home/airflow/.local/lib/python3.8/site-packages/airflow/models/dagbag.py", line 344, in parse
    loader.exec_module(new_module)
  File "<frozen importlib._bootstrap_external>", line 843, in exec_module
  File "<frozen importlib._bootstrap>", line 219, in _call_with_frames_removed
  File "/opt/airflow/dags/crawl_crypto_prices.py", line 5, in <module>
    from scripts.db import insert_prices
ModuleNotFoundError: No module named 'scripts.db'
[2026-03-19T03:11:36.608+0000] {processor.py:842} WARNING - No viable dags retrieved from /opt/airflow/dags/crawl_crypto_prices.py
[2026-03-19T03:11:36.623+0000] {processor.py:183} INFO - Processing /opt/airflow/dags/crawl_crypto_prices.py took 0.025 seconds
[2026-03-19T03:12:06.866+0000] {processor.py:161} INFO - Started process (PID=586) to work on /opt/airflow/dags/crawl_crypto_prices.py
[2026-03-19T03:12:06.867+0000] {processor.py:830} INFO - Processing file /opt/airflow/dags/crawl_crypto_prices.py for tasks to queue
[2026-03-19T03:12:06.868+0000] {logging_mixin.py:188} INFO - [2026-03-19T03:12:06.868+0000] {dagbag.py:538} INFO - Filling up the DagBag from /opt/airflow/dags/crawl_crypto_prices.py
[2026-03-19T03:12:06.872+0000] {logging_mixin.py:188} INFO - [2026-03-19T03:12:06.871+0000] {dagbag.py:348} ERROR - Failed to import: /opt/airflow/dags/crawl_crypto_prices.py
Traceback (most recent call last):
  File "/home/airflow/.local/lib/python3.8/site-packages/airflow/models/dagbag.py", line 344, in parse
    loader.exec_module(new_module)
  File "<frozen importlib._bootstrap_external>", line 843, in exec_module
  File "<frozen importlib._bootstrap>", line 219, in _call_with_frames_removed
  File "/opt/airflow/dags/crawl_crypto_prices.py", line 5, in <module>
    from scripts.db import insert_prices
ModuleNotFoundError: No module named 'scripts.db'
[2026-03-19T03:12:06.872+0000] {processor.py:842} WARNING - No viable dags retrieved from /opt/airflow/dags/crawl_crypto_prices.py
[2026-03-19T03:12:06.887+0000] {processor.py:183} INFO - Processing /opt/airflow/dags/crawl_crypto_prices.py took 0.024 seconds
[2026-03-19T03:12:37.199+0000] {processor.py:161} INFO - Started process (PID=591) to work on /opt/airflow/dags/crawl_crypto_prices.py
[2026-03-19T03:12:37.201+0000] {processor.py:830} INFO - Processing file /opt/airflow/dags/crawl_crypto_prices.py for tasks to queue
[2026-03-19T03:12:37.202+0000] {logging_mixin.py:188} INFO - [2026-03-19T03:12:37.201+0000] {dagbag.py:538} INFO - Filling up the DagBag from /opt/airflow/dags/crawl_crypto_prices.py
[2026-03-19T03:12:37.205+0000] {logging_mixin.py:188} INFO - [2026-03-19T03:12:37.205+0000] {dagbag.py:348} ERROR - Failed to import: /opt/airflow/dags/crawl_crypto_prices.py
Traceback (most recent call last):
  File "/home/airflow/.local/lib/python3.8/site-packages/airflow/models/dagbag.py", line 344, in parse
    loader.exec_module(new_module)
  File "<frozen importlib._bootstrap_external>", line 843, in exec_module
  File "<frozen importlib._bootstrap>", line 219, in _call_with_frames_removed
  File "/opt/airflow/dags/crawl_crypto_prices.py", line 5, in <module>
    from scripts.db import insert_prices
ModuleNotFoundError: No module named 'scripts.db'
[2026-03-19T03:12:37.206+0000] {processor.py:842} WARNING - No viable dags retrieved from /opt/airflow/dags/crawl_crypto_prices.py
[2026-03-19T03:12:37.222+0000] {processor.py:183} INFO - Processing /opt/airflow/dags/crawl_crypto_prices.py took 0.026 seconds
[2026-03-19T03:13:07.528+0000] {processor.py:161} INFO - Started process (PID=596) to work on /opt/airflow/dags/crawl_crypto_prices.py
[2026-03-19T03:13:07.529+0000] {processor.py:830} INFO - Processing file /opt/airflow/dags/crawl_crypto_prices.py for tasks to queue
[2026-03-19T03:13:07.530+0000] {logging_mixin.py:188} INFO - [2026-03-19T03:13:07.529+0000] {dagbag.py:538} INFO - Filling up the DagBag from /opt/airflow/dags/crawl_crypto_prices.py
[2026-03-19T03:13:07.534+0000] {logging_mixin.py:188} INFO - [2026-03-19T03:13:07.533+0000] {dagbag.py:348} ERROR - Failed to import: /opt/airflow/dags/crawl_crypto_prices.py
Traceback (most recent call last):
  File "/home/airflow/.local/lib/python3.8/site-packages/airflow/models/dagbag.py", line 344, in parse
    loader.exec_module(new_module)
  File "<frozen importlib._bootstrap_external>", line 843, in exec_module
  File "<frozen importlib._bootstrap>", line 219, in _call_with_frames_removed
  File "/opt/airflow/dags/crawl_crypto_prices.py", line 5, in <module>
    from scripts.db import insert_prices
ModuleNotFoundError: No module named 'scripts.db'
[2026-03-19T03:13:07.534+0000] {processor.py:842} WARNING - No viable dags retrieved from /opt/airflow/dags/crawl_crypto_prices.py
[2026-03-19T03:13:07.549+0000] {processor.py:183} INFO - Processing /opt/airflow/dags/crawl_crypto_prices.py took 0.024 seconds
[2026-03-19T03:13:37.829+0000] {processor.py:161} INFO - Started process (PID=601) to work on /opt/airflow/dags/crawl_crypto_prices.py
[2026-03-19T03:13:37.830+0000] {processor.py:830} INFO - Processing file /opt/airflow/dags/crawl_crypto_prices.py for tasks to queue
[2026-03-19T03:13:37.831+0000] {logging_mixin.py:188} INFO - [2026-03-19T03:13:37.830+0000] {dagbag.py:538} INFO - Filling up the DagBag from /opt/airflow/dags/crawl_crypto_prices.py
[2026-03-19T03:13:37.834+0000] {logging_mixin.py:188} INFO - [2026-03-19T03:13:37.834+0000] {dagbag.py:348} ERROR - Failed to import: /opt/airflow/dags/crawl_crypto_prices.py
Traceback (most recent call last):
  File "/home/airflow/.local/lib/python3.8/site-packages/airflow/models/dagbag.py", line 344, in parse
    loader.exec_module(new_module)
  File "<frozen importlib._bootstrap_external>", line 843, in exec_module
  File "<frozen importlib._bootstrap>", line 219, in _call_with_frames_removed
  File "/opt/airflow/dags/crawl_crypto_prices.py", line 5, in <module>
    from scripts.db import insert_prices
ModuleNotFoundError: No module named 'scripts.db'
[2026-03-19T03:13:37.835+0000] {processor.py:842} WARNING - No viable dags retrieved from /opt/airflow/dags/crawl_crypto_prices.py
[2026-03-19T03:13:37.849+0000] {processor.py:183} INFO - Processing /opt/airflow/dags/crawl_crypto_prices.py took 0.024 seconds
[2026-03-19T03:14:08.158+0000] {processor.py:161} INFO - Started process (PID=606) to work on /opt/airflow/dags/crawl_crypto_prices.py
[2026-03-19T03:14:08.159+0000] {processor.py:830} INFO - Processing file /opt/airflow/dags/crawl_crypto_prices.py for tasks to queue
[2026-03-19T03:14:08.160+0000] {logging_mixin.py:188} INFO - [2026-03-19T03:14:08.159+0000] {dagbag.py:538} INFO - Filling up the DagBag from /opt/airflow/dags/crawl_crypto_prices.py
[2026-03-19T03:14:08.163+0000] {logging_mixin.py:188} INFO - [2026-03-19T03:14:08.162+0000] {dagbag.py:348} ERROR - Failed to import: /opt/airflow/dags/crawl_crypto_prices.py
Traceback (most recent call last):
  File "/home/airflow/.local/lib/python3.8/site-packages/airflow/models/dagbag.py", line 344, in parse
    loader.exec_module(new_module)
  File "<frozen importlib._bootstrap_external>", line 843, in exec_module
  File "<frozen importlib._bootstrap>", line 219, in _call_with_frames_removed
  File "/opt/airflow/dags/crawl_crypto_prices.py", line 5, in <module>
    from scripts.db import insert_prices
ModuleNotFoundError: No module named 'scripts.db'
[2026-03-19T03:14:08.163+0000] {processor.py:842} WARNING - No viable dags retrieved from /opt/airflow/dags/crawl_crypto_prices.py
[2026-03-19T03:14:08.177+0000] {processor.py:183} INFO - Processing /opt/airflow/dags/crawl_crypto_prices.py took 0.022 seconds
[2026-03-19T03:14:38.473+0000] {processor.py:161} INFO - Started process (PID=611) to work on /opt/airflow/dags/crawl_crypto_prices.py
[2026-03-19T03:14:38.473+0000] {processor.py:830} INFO - Processing file /opt/airflow/dags/crawl_crypto_prices.py for tasks to queue
[2026-03-19T03:14:38.474+0000] {logging_mixin.py:188} INFO - [2026-03-19T03:14:38.474+0000] {dagbag.py:538} INFO - Filling up the DagBag from /opt/airflow/dags/crawl_crypto_prices.py
[2026-03-19T03:14:38.478+0000] {logging_mixin.py:188} INFO - [2026-03-19T03:14:38.477+0000] {dagbag.py:348} ERROR - Failed to import: /opt/airflow/dags/crawl_crypto_prices.py
Traceback (most recent call last):
  File "/home/airflow/.local/lib/python3.8/site-packages/airflow/models/dagbag.py", line 344, in parse
    loader.exec_module(new_module)
  File "<frozen importlib._bootstrap_external>", line 843, in exec_module
  File "<frozen importlib._bootstrap>", line 219, in _call_with_frames_removed
  File "/opt/airflow/dags/crawl_crypto_prices.py", line 5, in <module>
    from scripts.db import insert_prices
ModuleNotFoundError: No module named 'scripts.db'
[2026-03-19T03:14:38.478+0000] {processor.py:842} WARNING - No viable dags retrieved from /opt/airflow/dags/crawl_crypto_prices.py
[2026-03-19T03:14:38.492+0000] {processor.py:183} INFO - Processing /opt/airflow/dags/crawl_crypto_prices.py took 0.022 seconds
[2026-03-19T03:15:08.791+0000] {processor.py:161} INFO - Started process (PID=616) to work on /opt/airflow/dags/crawl_crypto_prices.py
[2026-03-19T03:15:08.792+0000] {processor.py:830} INFO - Processing file /opt/airflow/dags/crawl_crypto_prices.py for tasks to queue
[2026-03-19T03:15:08.792+0000] {logging_mixin.py:188} INFO - [2026-03-19T03:15:08.792+0000] {dagbag.py:538} INFO - Filling up the DagBag from /opt/airflow/dags/crawl_crypto_prices.py
[2026-03-19T03:15:08.797+0000] {logging_mixin.py:188} INFO - [2026-03-19T03:15:08.796+0000] {dagbag.py:348} ERROR - Failed to import: /opt/airflow/dags/crawl_crypto_prices.py
Traceback (most recent call last):
  File "/home/airflow/.local/lib/python3.8/site-packages/airflow/models/dagbag.py", line 344, in parse
    loader.exec_module(new_module)
  File "<frozen importlib._bootstrap_external>", line 843, in exec_module
  File "<frozen importlib._bootstrap>", line 219, in _call_with_frames_removed
  File "/opt/airflow/dags/crawl_crypto_prices.py", line 5, in <module>
    from scripts.db import insert_prices
ModuleNotFoundError: No module named 'scripts.db'
[2026-03-19T03:15:08.797+0000] {processor.py:842} WARNING - No viable dags retrieved from /opt/airflow/dags/crawl_crypto_prices.py
[2026-03-19T03:15:08.812+0000] {processor.py:183} INFO - Processing /opt/airflow/dags/crawl_crypto_prices.py took 0.025 seconds
[2026-03-19T03:15:39.121+0000] {processor.py:161} INFO - Started process (PID=621) to work on /opt/airflow/dags/crawl_crypto_prices.py
[2026-03-19T03:15:39.122+0000] {processor.py:830} INFO - Processing file /opt/airflow/dags/crawl_crypto_prices.py for tasks to queue
[2026-03-19T03:15:39.122+0000] {logging_mixin.py:188} INFO - [2026-03-19T03:15:39.122+0000] {dagbag.py:538} INFO - Filling up the DagBag from /opt/airflow/dags/crawl_crypto_prices.py
[2026-03-19T03:15:39.126+0000] {logging_mixin.py:188} INFO - [2026-03-19T03:15:39.125+0000] {dagbag.py:348} ERROR - Failed to import: /opt/airflow/dags/crawl_crypto_prices.py
Traceback (most recent call last):
  File "/home/airflow/.local/lib/python3.8/site-packages/airflow/models/dagbag.py", line 344, in parse
    loader.exec_module(new_module)
  File "<frozen importlib._bootstrap_external>", line 843, in exec_module
  File "<frozen importlib._bootstrap>", line 219, in _call_with_frames_removed
  File "/opt/airflow/dags/crawl_crypto_prices.py", line 5, in <module>
    from scripts.db import insert_prices
ModuleNotFoundError: No module named 'scripts.db'
[2026-03-19T03:15:39.126+0000] {processor.py:842} WARNING - No viable dags retrieved from /opt/airflow/dags/crawl_crypto_prices.py
[2026-03-19T03:15:39.141+0000] {processor.py:183} INFO - Processing /opt/airflow/dags/crawl_crypto_prices.py took 0.024 seconds
[2026-03-19T03:16:09.433+0000] {processor.py:161} INFO - Started process (PID=626) to work on /opt/airflow/dags/crawl_crypto_prices.py
[2026-03-19T03:16:09.434+0000] {processor.py:830} INFO - Processing file /opt/airflow/dags/crawl_crypto_prices.py for tasks to queue
[2026-03-19T03:16:09.435+0000] {logging_mixin.py:188} INFO - [2026-03-19T03:16:09.434+0000] {dagbag.py:538} INFO - Filling up the DagBag from /opt/airflow/dags/crawl_crypto_prices.py
[2026-03-19T03:16:09.439+0000] {logging_mixin.py:188} INFO - [2026-03-19T03:16:09.438+0000] {dagbag.py:348} ERROR - Failed to import: /opt/airflow/dags/crawl_crypto_prices.py
Traceback (most recent call last):
  File "/home/airflow/.local/lib/python3.8/site-packages/airflow/models/dagbag.py", line 344, in parse
    loader.exec_module(new_module)
  File "<frozen importlib._bootstrap_external>", line 843, in exec_module
  File "<frozen importlib._bootstrap>", line 219, in _call_with_frames_removed
  File "/opt/airflow/dags/crawl_crypto_prices.py", line 5, in <module>
    from scripts.db import insert_prices
ModuleNotFoundError: No module named 'scripts.db'
[2026-03-19T03:16:09.439+0000] {processor.py:842} WARNING - No viable dags retrieved from /opt/airflow/dags/crawl_crypto_prices.py
[2026-03-19T03:16:09.455+0000] {processor.py:183} INFO - Processing /opt/airflow/dags/crawl_crypto_prices.py took 0.025 seconds
[2026-03-19T03:16:39.747+0000] {processor.py:161} INFO - Started process (PID=631) to work on /opt/airflow/dags/crawl_crypto_prices.py
[2026-03-19T03:16:39.748+0000] {processor.py:830} INFO - Processing file /opt/airflow/dags/crawl_crypto_prices.py for tasks to queue
[2026-03-19T03:16:39.748+0000] {logging_mixin.py:188} INFO - [2026-03-19T03:16:39.748+0000] {dagbag.py:538} INFO - Filling up the DagBag from /opt/airflow/dags/crawl_crypto_prices.py
[2026-03-19T03:16:39.753+0000] {logging_mixin.py:188} INFO - [2026-03-19T03:16:39.752+0000] {dagbag.py:348} ERROR - Failed to import: /opt/airflow/dags/crawl_crypto_prices.py
Traceback (most recent call last):
  File "/home/airflow/.local/lib/python3.8/site-packages/airflow/models/dagbag.py", line 344, in parse
    loader.exec_module(new_module)
  File "<frozen importlib._bootstrap_external>", line 843, in exec_module
  File "<frozen importlib._bootstrap>", line 219, in _call_with_frames_removed
  File "/opt/airflow/dags/crawl_crypto_prices.py", line 5, in <module>
    from scripts.db import insert_prices
ModuleNotFoundError: No module named 'scripts.db'
[2026-03-19T03:16:39.753+0000] {processor.py:842} WARNING - No viable dags retrieved from /opt/airflow/dags/crawl_crypto_prices.py
[2026-03-19T03:16:39.767+0000] {processor.py:183} INFO - Processing /opt/airflow/dags/crawl_crypto_prices.py took 0.023 seconds
[2026-03-19T03:17:10.065+0000] {processor.py:161} INFO - Started process (PID=636) to work on /opt/airflow/dags/crawl_crypto_prices.py
[2026-03-19T03:17:10.067+0000] {processor.py:830} INFO - Processing file /opt/airflow/dags/crawl_crypto_prices.py for tasks to queue
[2026-03-19T03:17:10.067+0000] {logging_mixin.py:188} INFO - [2026-03-19T03:17:10.067+0000] {dagbag.py:538} INFO - Filling up the DagBag from /opt/airflow/dags/crawl_crypto_prices.py
[2026-03-19T03:17:10.072+0000] {logging_mixin.py:188} INFO - [2026-03-19T03:17:10.071+0000] {dagbag.py:348} ERROR - Failed to import: /opt/airflow/dags/crawl_crypto_prices.py
Traceback (most recent call last):
  File "/home/airflow/.local/lib/python3.8/site-packages/airflow/models/dagbag.py", line 344, in parse
    loader.exec_module(new_module)
  File "<frozen importlib._bootstrap_external>", line 843, in exec_module
  File "<frozen importlib._bootstrap>", line 219, in _call_with_frames_removed
  File "/opt/airflow/dags/crawl_crypto_prices.py", line 5, in <module>
    from scripts.db import insert_prices
ModuleNotFoundError: No module named 'scripts.db'
[2026-03-19T03:17:10.072+0000] {processor.py:842} WARNING - No viable dags retrieved from /opt/airflow/dags/crawl_crypto_prices.py
[2026-03-19T03:17:10.087+0000] {processor.py:183} INFO - Processing /opt/airflow/dags/crawl_crypto_prices.py took 0.025 seconds
[2026-03-19T03:17:40.372+0000] {processor.py:161} INFO - Started process (PID=641) to work on /opt/airflow/dags/crawl_crypto_prices.py
[2026-03-19T03:17:40.373+0000] {processor.py:830} INFO - Processing file /opt/airflow/dags/crawl_crypto_prices.py for tasks to queue
[2026-03-19T03:17:40.374+0000] {logging_mixin.py:188} INFO - [2026-03-19T03:17:40.374+0000] {dagbag.py:538} INFO - Filling up the DagBag from /opt/airflow/dags/crawl_crypto_prices.py
[2026-03-19T03:17:40.378+0000] {logging_mixin.py:188} INFO - [2026-03-19T03:17:40.377+0000] {dagbag.py:348} ERROR - Failed to import: /opt/airflow/dags/crawl_crypto_prices.py
Traceback (most recent call last):
  File "/home/airflow/.local/lib/python3.8/site-packages/airflow/models/dagbag.py", line 344, in parse
    loader.exec_module(new_module)
  File "<frozen importlib._bootstrap_external>", line 843, in exec_module
  File "<frozen importlib._bootstrap>", line 219, in _call_with_frames_removed
  File "/opt/airflow/dags/crawl_crypto_prices.py", line 5, in <module>
    from scripts.db import insert_prices
ModuleNotFoundError: No module named 'scripts.db'
[2026-03-19T03:17:40.378+0000] {processor.py:842} WARNING - No viable dags retrieved from /opt/airflow/dags/crawl_crypto_prices.py
[2026-03-19T03:17:40.393+0000] {processor.py:183} INFO - Processing /opt/airflow/dags/crawl_crypto_prices.py took 0.024 seconds
[2026-03-19T03:18:10.684+0000] {processor.py:161} INFO - Started process (PID=646) to work on /opt/airflow/dags/crawl_crypto_prices.py
[2026-03-19T03:18:10.685+0000] {processor.py:830} INFO - Processing file /opt/airflow/dags/crawl_crypto_prices.py for tasks to queue
[2026-03-19T03:18:10.686+0000] {logging_mixin.py:188} INFO - [2026-03-19T03:18:10.686+0000] {dagbag.py:538} INFO - Filling up the DagBag from /opt/airflow/dags/crawl_crypto_prices.py
[2026-03-19T03:18:10.689+0000] {logging_mixin.py:188} INFO - [2026-03-19T03:18:10.689+0000] {dagbag.py:348} ERROR - Failed to import: /opt/airflow/dags/crawl_crypto_prices.py
Traceback (most recent call last):
  File "/home/airflow/.local/lib/python3.8/site-packages/airflow/models/dagbag.py", line 344, in parse
    loader.exec_module(new_module)
  File "<frozen importlib._bootstrap_external>", line 843, in exec_module
  File "<frozen importlib._bootstrap>", line 219, in _call_with_frames_removed
  File "/opt/airflow/dags/crawl_crypto_prices.py", line 5, in <module>
    from scripts.db import insert_prices
ModuleNotFoundError: No module named 'scripts.db'
[2026-03-19T03:18:10.690+0000] {processor.py:842} WARNING - No viable dags retrieved from /opt/airflow/dags/crawl_crypto_prices.py
[2026-03-19T03:18:10.704+0000] {processor.py:183} INFO - Processing /opt/airflow/dags/crawl_crypto_prices.py took 0.022 seconds
[2026-03-19T03:18:40.995+0000] {processor.py:161} INFO - Started process (PID=651) to work on /opt/airflow/dags/crawl_crypto_prices.py
[2026-03-19T03:18:40.996+0000] {processor.py:830} INFO - Processing file /opt/airflow/dags/crawl_crypto_prices.py for tasks to queue
[2026-03-19T03:18:40.996+0000] {logging_mixin.py:188} INFO - [2026-03-19T03:18:40.996+0000] {dagbag.py:538} INFO - Filling up the DagBag from /opt/airflow/dags/crawl_crypto_prices.py
[2026-03-19T03:18:41.000+0000] {logging_mixin.py:188} INFO - [2026-03-19T03:18:40.999+0000] {dagbag.py:348} ERROR - Failed to import: /opt/airflow/dags/crawl_crypto_prices.py
Traceback (most recent call last):
  File "/home/airflow/.local/lib/python3.8/site-packages/airflow/models/dagbag.py", line 344, in parse
    loader.exec_module(new_module)
  File "<frozen importlib._bootstrap_external>", line 843, in exec_module
  File "<frozen importlib._bootstrap>", line 219, in _call_with_frames_removed
  File "/opt/airflow/dags/crawl_crypto_prices.py", line 5, in <module>
    from scripts.db import insert_prices
ModuleNotFoundError: No module named 'scripts.db'
[2026-03-19T03:18:41.001+0000] {processor.py:842} WARNING - No viable dags retrieved from /opt/airflow/dags/crawl_crypto_prices.py
[2026-03-19T03:18:41.016+0000] {processor.py:183} INFO - Processing /opt/airflow/dags/crawl_crypto_prices.py took 0.024 seconds
[2026-03-19T03:19:11.290+0000] {processor.py:161} INFO - Started process (PID=656) to work on /opt/airflow/dags/crawl_crypto_prices.py
[2026-03-19T03:19:11.291+0000] {processor.py:830} INFO - Processing file /opt/airflow/dags/crawl_crypto_prices.py for tasks to queue
[2026-03-19T03:19:11.292+0000] {logging_mixin.py:188} INFO - [2026-03-19T03:19:11.292+0000] {dagbag.py:538} INFO - Filling up the DagBag from /opt/airflow/dags/crawl_crypto_prices.py
[2026-03-19T03:19:11.296+0000] {logging_mixin.py:188} INFO - [2026-03-19T03:19:11.295+0000] {dagbag.py:348} ERROR - Failed to import: /opt/airflow/dags/crawl_crypto_prices.py
Traceback (most recent call last):
  File "/home/airflow/.local/lib/python3.8/site-packages/airflow/models/dagbag.py", line 344, in parse
    loader.exec_module(new_module)
  File "<frozen importlib._bootstrap_external>", line 843, in exec_module
  File "<frozen importlib._bootstrap>", line 219, in _call_with_frames_removed
  File "/opt/airflow/dags/crawl_crypto_prices.py", line 5, in <module>
    from scripts.db import insert_prices
ModuleNotFoundError: No module named 'scripts.db'
[2026-03-19T03:19:11.296+0000] {processor.py:842} WARNING - No viable dags retrieved from /opt/airflow/dags/crawl_crypto_prices.py
[2026-03-19T03:19:11.311+0000] {processor.py:183} INFO - Processing /opt/airflow/dags/crawl_crypto_prices.py took 0.025 seconds
[2026-03-19T03:19:41.563+0000] {processor.py:161} INFO - Started process (PID=661) to work on /opt/airflow/dags/crawl_crypto_prices.py
[2026-03-19T03:19:41.564+0000] {processor.py:830} INFO - Processing file /opt/airflow/dags/crawl_crypto_prices.py for tasks to queue
[2026-03-19T03:19:41.564+0000] {logging_mixin.py:188} INFO - [2026-03-19T03:19:41.564+0000] {dagbag.py:538} INFO - Filling up the DagBag from /opt/airflow/dags/crawl_crypto_prices.py
[2026-03-19T03:19:41.568+0000] {logging_mixin.py:188} INFO - [2026-03-19T03:19:41.568+0000] {dagbag.py:348} ERROR - Failed to import: /opt/airflow/dags/crawl_crypto_prices.py
Traceback (most recent call last):
  File "/home/airflow/.local/lib/python3.8/site-packages/airflow/models/dagbag.py", line 344, in parse
    loader.exec_module(new_module)
  File "<frozen importlib._bootstrap_external>", line 843, in exec_module
  File "<frozen importlib._bootstrap>", line 219, in _call_with_frames_removed
  File "/opt/airflow/dags/crawl_crypto_prices.py", line 5, in <module>
    from scripts.db import insert_prices
ModuleNotFoundError: No module named 'scripts.db'
[2026-03-19T03:19:41.569+0000] {processor.py:842} WARNING - No viable dags retrieved from /opt/airflow/dags/crawl_crypto_prices.py
[2026-03-19T03:19:41.581+0000] {processor.py:183} INFO - Processing /opt/airflow/dags/crawl_crypto_prices.py took 0.022 seconds
[2026-03-19T03:20:11.843+0000] {processor.py:161} INFO - Started process (PID=666) to work on /opt/airflow/dags/crawl_crypto_prices.py
[2026-03-19T03:20:11.843+0000] {processor.py:830} INFO - Processing file /opt/airflow/dags/crawl_crypto_prices.py for tasks to queue
[2026-03-19T03:20:11.844+0000] {logging_mixin.py:188} INFO - [2026-03-19T03:20:11.844+0000] {dagbag.py:538} INFO - Filling up the DagBag from /opt/airflow/dags/crawl_crypto_prices.py
[2026-03-19T03:20:11.847+0000] {logging_mixin.py:188} INFO - [2026-03-19T03:20:11.846+0000] {dagbag.py:348} ERROR - Failed to import: /opt/airflow/dags/crawl_crypto_prices.py
Traceback (most recent call last):
  File "/home/airflow/.local/lib/python3.8/site-packages/airflow/models/dagbag.py", line 344, in parse
    loader.exec_module(new_module)
  File "<frozen importlib._bootstrap_external>", line 843, in exec_module
  File "<frozen importlib._bootstrap>", line 219, in _call_with_frames_removed
  File "/opt/airflow/dags/crawl_crypto_prices.py", line 5, in <module>
    from scripts.db import insert_prices
ModuleNotFoundError: No module named 'scripts.db'
[2026-03-19T03:20:11.847+0000] {processor.py:842} WARNING - No viable dags retrieved from /opt/airflow/dags/crawl_crypto_prices.py
[2026-03-19T03:20:11.857+0000] {processor.py:183} INFO - Processing /opt/airflow/dags/crawl_crypto_prices.py took 0.017 seconds
[2026-03-19T03:20:42.164+0000] {processor.py:161} INFO - Started process (PID=671) to work on /opt/airflow/dags/crawl_crypto_prices.py
[2026-03-19T03:20:42.165+0000] {processor.py:830} INFO - Processing file /opt/airflow/dags/crawl_crypto_prices.py for tasks to queue
[2026-03-19T03:20:42.166+0000] {logging_mixin.py:188} INFO - [2026-03-19T03:20:42.166+0000] {dagbag.py:538} INFO - Filling up the DagBag from /opt/airflow/dags/crawl_crypto_prices.py
[2026-03-19T03:20:42.170+0000] {logging_mixin.py:188} INFO - [2026-03-19T03:20:42.170+0000] {dagbag.py:348} ERROR - Failed to import: /opt/airflow/dags/crawl_crypto_prices.py
Traceback (most recent call last):
  File "/home/airflow/.local/lib/python3.8/site-packages/airflow/models/dagbag.py", line 344, in parse
    loader.exec_module(new_module)
  File "<frozen importlib._bootstrap_external>", line 843, in exec_module
  File "<frozen importlib._bootstrap>", line 219, in _call_with_frames_removed
  File "/opt/airflow/dags/crawl_crypto_prices.py", line 5, in <module>
    from scripts.db import insert_prices
ModuleNotFoundError: No module named 'scripts.db'
[2026-03-19T03:20:42.171+0000] {processor.py:842} WARNING - No viable dags retrieved from /opt/airflow/dags/crawl_crypto_prices.py
[2026-03-19T03:20:42.186+0000] {processor.py:183} INFO - Processing /opt/airflow/dags/crawl_crypto_prices.py took 0.024 seconds
[2026-03-19T03:21:12.497+0000] {processor.py:161} INFO - Started process (PID=676) to work on /opt/airflow/dags/crawl_crypto_prices.py
[2026-03-19T03:21:12.498+0000] {processor.py:830} INFO - Processing file /opt/airflow/dags/crawl_crypto_prices.py for tasks to queue
[2026-03-19T03:21:12.499+0000] {logging_mixin.py:188} INFO - [2026-03-19T03:21:12.499+0000] {dagbag.py:538} INFO - Filling up the DagBag from /opt/airflow/dags/crawl_crypto_prices.py
[2026-03-19T03:21:12.504+0000] {logging_mixin.py:188} INFO - [2026-03-19T03:21:12.503+0000] {dagbag.py:348} ERROR - Failed to import: /opt/airflow/dags/crawl_crypto_prices.py
Traceback (most recent call last):
  File "/home/airflow/.local/lib/python3.8/site-packages/airflow/models/dagbag.py", line 344, in parse
    loader.exec_module(new_module)
  File "<frozen importlib._bootstrap_external>", line 843, in exec_module
  File "<frozen importlib._bootstrap>", line 219, in _call_with_frames_removed
  File "/opt/airflow/dags/crawl_crypto_prices.py", line 5, in <module>
    from scripts.db import insert_prices
ModuleNotFoundError: No module named 'scripts.db'
[2026-03-19T03:21:12.504+0000] {processor.py:842} WARNING - No viable dags retrieved from /opt/airflow/dags/crawl_crypto_prices.py
[2026-03-19T03:21:12.521+0000] {processor.py:183} INFO - Processing /opt/airflow/dags/crawl_crypto_prices.py took 0.027 seconds
[2026-03-19T03:21:42.805+0000] {processor.py:161} INFO - Started process (PID=681) to work on /opt/airflow/dags/crawl_crypto_prices.py
[2026-03-19T03:21:42.806+0000] {processor.py:830} INFO - Processing file /opt/airflow/dags/crawl_crypto_prices.py for tasks to queue
[2026-03-19T03:21:42.806+0000] {logging_mixin.py:188} INFO - [2026-03-19T03:21:42.806+0000] {dagbag.py:538} INFO - Filling up the DagBag from /opt/airflow/dags/crawl_crypto_prices.py
[2026-03-19T03:21:42.811+0000] {logging_mixin.py:188} INFO - [2026-03-19T03:21:42.810+0000] {dagbag.py:348} ERROR - Failed to import: /opt/airflow/dags/crawl_crypto_prices.py
Traceback (most recent call last):
  File "/home/airflow/.local/lib/python3.8/site-packages/airflow/models/dagbag.py", line 344, in parse
    loader.exec_module(new_module)
  File "<frozen importlib._bootstrap_external>", line 843, in exec_module
  File "<frozen importlib._bootstrap>", line 219, in _call_with_frames_removed
  File "/opt/airflow/dags/crawl_crypto_prices.py", line 5, in <module>
    from scripts.db import insert_prices
ModuleNotFoundError: No module named 'scripts.db'
[2026-03-19T03:21:42.812+0000] {processor.py:842} WARNING - No viable dags retrieved from /opt/airflow/dags/crawl_crypto_prices.py
[2026-03-19T03:21:42.827+0000] {processor.py:183} INFO - Processing /opt/airflow/dags/crawl_crypto_prices.py took 0.025 seconds
[2026-03-19T03:22:13.040+0000] {processor.py:161} INFO - Started process (PID=686) to work on /opt/airflow/dags/crawl_crypto_prices.py
[2026-03-19T03:22:13.041+0000] {processor.py:830} INFO - Processing file /opt/airflow/dags/crawl_crypto_prices.py for tasks to queue
[2026-03-19T03:22:13.042+0000] {logging_mixin.py:188} INFO - [2026-03-19T03:22:13.042+0000] {dagbag.py:538} INFO - Filling up the DagBag from /opt/airflow/dags/crawl_crypto_prices.py
[2026-03-19T03:22:13.046+0000] {logging_mixin.py:188} INFO - [2026-03-19T03:22:13.045+0000] {dagbag.py:348} ERROR - Failed to import: /opt/airflow/dags/crawl_crypto_prices.py
Traceback (most recent call last):
  File "/home/airflow/.local/lib/python3.8/site-packages/airflow/models/dagbag.py", line 344, in parse
    loader.exec_module(new_module)
  File "<frozen importlib._bootstrap_external>", line 843, in exec_module
  File "<frozen importlib._bootstrap>", line 219, in _call_with_frames_removed
  File "/opt/airflow/dags/crawl_crypto_prices.py", line 5, in <module>
    from scripts.db import insert_prices
ModuleNotFoundError: No module named 'scripts.db'
[2026-03-19T03:22:13.046+0000] {processor.py:842} WARNING - No viable dags retrieved from /opt/airflow/dags/crawl_crypto_prices.py
[2026-03-19T03:22:13.061+0000] {processor.py:183} INFO - Processing /opt/airflow/dags/crawl_crypto_prices.py took 0.024 seconds
[2026-03-19T03:22:43.372+0000] {processor.py:161} INFO - Started process (PID=691) to work on /opt/airflow/dags/crawl_crypto_prices.py
[2026-03-19T03:22:43.373+0000] {processor.py:830} INFO - Processing file /opt/airflow/dags/crawl_crypto_prices.py for tasks to queue
[2026-03-19T03:22:43.374+0000] {logging_mixin.py:188} INFO - [2026-03-19T03:22:43.374+0000] {dagbag.py:538} INFO - Filling up the DagBag from /opt/airflow/dags/crawl_crypto_prices.py
[2026-03-19T03:22:43.379+0000] {logging_mixin.py:188} INFO - [2026-03-19T03:22:43.378+0000] {dagbag.py:348} ERROR - Failed to import: /opt/airflow/dags/crawl_crypto_prices.py
Traceback (most recent call last):
  File "/home/airflow/.local/lib/python3.8/site-packages/airflow/models/dagbag.py", line 344, in parse
    loader.exec_module(new_module)
  File "<frozen importlib._bootstrap_external>", line 843, in exec_module
  File "<frozen importlib._bootstrap>", line 219, in _call_with_frames_removed
  File "/opt/airflow/dags/crawl_crypto_prices.py", line 5, in <module>
    from scripts.db import insert_prices
ModuleNotFoundError: No module named 'scripts.db'
[2026-03-19T03:22:43.379+0000] {processor.py:842} WARNING - No viable dags retrieved from /opt/airflow/dags/crawl_crypto_prices.py
[2026-03-19T03:22:43.395+0000] {processor.py:183} INFO - Processing /opt/airflow/dags/crawl_crypto_prices.py took 0.027 seconds
[2026-03-19T03:22:57.552+0000] {processor.py:161} INFO - Started process (PID=169) to work on /opt/airflow/dags/crawl_crypto_prices.py
[2026-03-19T03:22:57.553+0000] {processor.py:830} INFO - Processing file /opt/airflow/dags/crawl_crypto_prices.py for tasks to queue
[2026-03-19T03:22:57.553+0000] {logging_mixin.py:188} INFO - [2026-03-19T03:22:57.553+0000] {dagbag.py:538} INFO - Filling up the DagBag from /opt/airflow/dags/crawl_crypto_prices.py
[2026-03-19T03:22:57.557+0000] {logging_mixin.py:188} INFO - [2026-03-19T03:22:57.557+0000] {dagbag.py:348} ERROR - Failed to import: /opt/airflow/dags/crawl_crypto_prices.py
Traceback (most recent call last):
  File "/home/airflow/.local/lib/python3.8/site-packages/airflow/models/dagbag.py", line 344, in parse
    loader.exec_module(new_module)
  File "<frozen importlib._bootstrap_external>", line 843, in exec_module
  File "<frozen importlib._bootstrap>", line 219, in _call_with_frames_removed
  File "/opt/airflow/dags/crawl_crypto_prices.py", line 5, in <module>
    from scripts.db import insert_prices
ModuleNotFoundError: No module named 'scripts.db'
[2026-03-19T03:22:57.557+0000] {processor.py:842} WARNING - No viable dags retrieved from /opt/airflow/dags/crawl_crypto_prices.py
[2026-03-19T03:22:57.567+0000] {processor.py:183} INFO - Processing /opt/airflow/dags/crawl_crypto_prices.py took 0.016 seconds
[2026-03-19T03:23:27.795+0000] {processor.py:161} INFO - Started process (PID=174) to work on /opt/airflow/dags/crawl_crypto_prices.py
[2026-03-19T03:23:27.796+0000] {processor.py:830} INFO - Processing file /opt/airflow/dags/crawl_crypto_prices.py for tasks to queue
[2026-03-19T03:23:27.796+0000] {logging_mixin.py:188} INFO - [2026-03-19T03:23:27.796+0000] {dagbag.py:538} INFO - Filling up the DagBag from /opt/airflow/dags/crawl_crypto_prices.py
[2026-03-19T03:23:27.800+0000] {logging_mixin.py:188} INFO - [2026-03-19T03:23:27.800+0000] {dagbag.py:348} ERROR - Failed to import: /opt/airflow/dags/crawl_crypto_prices.py
Traceback (most recent call last):
  File "/home/airflow/.local/lib/python3.8/site-packages/airflow/models/dagbag.py", line 344, in parse
    loader.exec_module(new_module)
  File "<frozen importlib._bootstrap_external>", line 843, in exec_module
  File "<frozen importlib._bootstrap>", line 219, in _call_with_frames_removed
  File "/opt/airflow/dags/crawl_crypto_prices.py", line 5, in <module>
    from scripts.db import insert_prices
ModuleNotFoundError: No module named 'scripts.db'
[2026-03-19T03:23:27.800+0000] {processor.py:842} WARNING - No viable dags retrieved from /opt/airflow/dags/crawl_crypto_prices.py
[2026-03-19T03:23:27.815+0000] {processor.py:183} INFO - Processing /opt/airflow/dags/crawl_crypto_prices.py took 0.023 seconds
[2026-03-19T03:23:58.089+0000] {processor.py:161} INFO - Started process (PID=179) to work on /opt/airflow/dags/crawl_crypto_prices.py
[2026-03-19T03:23:58.089+0000] {processor.py:830} INFO - Processing file /opt/airflow/dags/crawl_crypto_prices.py for tasks to queue
[2026-03-19T03:23:58.090+0000] {logging_mixin.py:188} INFO - [2026-03-19T03:23:58.090+0000] {dagbag.py:538} INFO - Filling up the DagBag from /opt/airflow/dags/crawl_crypto_prices.py
[2026-03-19T03:23:58.094+0000] {logging_mixin.py:188} INFO - [2026-03-19T03:23:58.093+0000] {dagbag.py:348} ERROR - Failed to import: /opt/airflow/dags/crawl_crypto_prices.py
Traceback (most recent call last):
  File "/home/airflow/.local/lib/python3.8/site-packages/airflow/models/dagbag.py", line 344, in parse
    loader.exec_module(new_module)
  File "<frozen importlib._bootstrap_external>", line 843, in exec_module
  File "<frozen importlib._bootstrap>", line 219, in _call_with_frames_removed
  File "/opt/airflow/dags/crawl_crypto_prices.py", line 5, in <module>
    from scripts.db import insert_prices
ModuleNotFoundError: No module named 'scripts.db'
[2026-03-19T03:23:58.094+0000] {processor.py:842} WARNING - No viable dags retrieved from /opt/airflow/dags/crawl_crypto_prices.py
[2026-03-19T03:23:58.109+0000] {processor.py:183} INFO - Processing /opt/airflow/dags/crawl_crypto_prices.py took 0.023 seconds
[2026-03-19T03:24:28.383+0000] {processor.py:161} INFO - Started process (PID=184) to work on /opt/airflow/dags/crawl_crypto_prices.py
[2026-03-19T03:24:28.384+0000] {processor.py:830} INFO - Processing file /opt/airflow/dags/crawl_crypto_prices.py for tasks to queue
[2026-03-19T03:24:28.384+0000] {logging_mixin.py:188} INFO - [2026-03-19T03:24:28.384+0000] {dagbag.py:538} INFO - Filling up the DagBag from /opt/airflow/dags/crawl_crypto_prices.py
[2026-03-19T03:24:28.389+0000] {logging_mixin.py:188} INFO - [2026-03-19T03:24:28.388+0000] {dagbag.py:348} ERROR - Failed to import: /opt/airflow/dags/crawl_crypto_prices.py
Traceback (most recent call last):
  File "/home/airflow/.local/lib/python3.8/site-packages/airflow/models/dagbag.py", line 344, in parse
    loader.exec_module(new_module)
  File "<frozen importlib._bootstrap_external>", line 843, in exec_module
  File "<frozen importlib._bootstrap>", line 219, in _call_with_frames_removed
  File "/opt/airflow/dags/crawl_crypto_prices.py", line 5, in <module>
    from scripts.db import insert_prices
ModuleNotFoundError: No module named 'scripts.db'
[2026-03-19T03:24:28.389+0000] {processor.py:842} WARNING - No viable dags retrieved from /opt/airflow/dags/crawl_crypto_prices.py
[2026-03-19T03:24:28.406+0000] {processor.py:183} INFO - Processing /opt/airflow/dags/crawl_crypto_prices.py took 0.027 seconds
[2026-03-19T03:24:58.673+0000] {processor.py:161} INFO - Started process (PID=189) to work on /opt/airflow/dags/crawl_crypto_prices.py
[2026-03-19T03:24:58.674+0000] {processor.py:830} INFO - Processing file /opt/airflow/dags/crawl_crypto_prices.py for tasks to queue
[2026-03-19T03:24:58.675+0000] {logging_mixin.py:188} INFO - [2026-03-19T03:24:58.675+0000] {dagbag.py:538} INFO - Filling up the DagBag from /opt/airflow/dags/crawl_crypto_prices.py
[2026-03-19T03:24:58.679+0000] {logging_mixin.py:188} INFO - [2026-03-19T03:24:58.678+0000] {dagbag.py:348} ERROR - Failed to import: /opt/airflow/dags/crawl_crypto_prices.py
Traceback (most recent call last):
  File "/home/airflow/.local/lib/python3.8/site-packages/airflow/models/dagbag.py", line 344, in parse
    loader.exec_module(new_module)
  File "<frozen importlib._bootstrap_external>", line 843, in exec_module
  File "<frozen importlib._bootstrap>", line 219, in _call_with_frames_removed
  File "/opt/airflow/dags/crawl_crypto_prices.py", line 5, in <module>
    from scripts.db import insert_prices
ModuleNotFoundError: No module named 'scripts.db'
[2026-03-19T03:24:58.680+0000] {processor.py:842} WARNING - No viable dags retrieved from /opt/airflow/dags/crawl_crypto_prices.py
[2026-03-19T03:24:58.696+0000] {processor.py:183} INFO - Processing /opt/airflow/dags/crawl_crypto_prices.py took 0.026 seconds
[2026-03-19T03:25:28.947+0000] {processor.py:161} INFO - Started process (PID=194) to work on /opt/airflow/dags/crawl_crypto_prices.py
[2026-03-19T03:25:28.948+0000] {processor.py:830} INFO - Processing file /opt/airflow/dags/crawl_crypto_prices.py for tasks to queue
[2026-03-19T03:25:28.948+0000] {logging_mixin.py:188} INFO - [2026-03-19T03:25:28.948+0000] {dagbag.py:538} INFO - Filling up the DagBag from /opt/airflow/dags/crawl_crypto_prices.py
[2026-03-19T03:25:28.951+0000] {logging_mixin.py:188} INFO - [2026-03-19T03:25:28.950+0000] {dagbag.py:348} ERROR - Failed to import: /opt/airflow/dags/crawl_crypto_prices.py
Traceback (most recent call last):
  File "/home/airflow/.local/lib/python3.8/site-packages/airflow/models/dagbag.py", line 344, in parse
    loader.exec_module(new_module)
  File "<frozen importlib._bootstrap_external>", line 843, in exec_module
  File "<frozen importlib._bootstrap>", line 219, in _call_with_frames_removed
  File "/opt/airflow/dags/crawl_crypto_prices.py", line 5, in <module>
    from scripts.db import insert_prices
ModuleNotFoundError: No module named 'scripts.db'
[2026-03-19T03:25:28.951+0000] {processor.py:842} WARNING - No viable dags retrieved from /opt/airflow/dags/crawl_crypto_prices.py
[2026-03-19T03:25:28.960+0000] {processor.py:183} INFO - Processing /opt/airflow/dags/crawl_crypto_prices.py took 0.016 seconds
[2026-03-19T03:25:59.264+0000] {processor.py:161} INFO - Started process (PID=199) to work on /opt/airflow/dags/crawl_crypto_prices.py
[2026-03-19T03:25:59.265+0000] {processor.py:830} INFO - Processing file /opt/airflow/dags/crawl_crypto_prices.py for tasks to queue
[2026-03-19T03:25:59.266+0000] {logging_mixin.py:188} INFO - [2026-03-19T03:25:59.266+0000] {dagbag.py:538} INFO - Filling up the DagBag from /opt/airflow/dags/crawl_crypto_prices.py
[2026-03-19T03:25:59.269+0000] {logging_mixin.py:188} INFO - [2026-03-19T03:25:59.268+0000] {dagbag.py:348} ERROR - Failed to import: /opt/airflow/dags/crawl_crypto_prices.py
Traceback (most recent call last):
  File "/home/airflow/.local/lib/python3.8/site-packages/airflow/models/dagbag.py", line 344, in parse
    loader.exec_module(new_module)
  File "<frozen importlib._bootstrap_external>", line 843, in exec_module
  File "<frozen importlib._bootstrap>", line 219, in _call_with_frames_removed
  File "/opt/airflow/dags/crawl_crypto_prices.py", line 5, in <module>
    from scripts.db import insert_prices
ModuleNotFoundError: No module named 'scripts.db'
[2026-03-19T03:25:59.269+0000] {processor.py:842} WARNING - No viable dags retrieved from /opt/airflow/dags/crawl_crypto_prices.py
[2026-03-19T03:25:59.282+0000] {processor.py:183} INFO - Processing /opt/airflow/dags/crawl_crypto_prices.py took 0.022 seconds
[2026-03-19T03:26:29.567+0000] {processor.py:161} INFO - Started process (PID=204) to work on /opt/airflow/dags/crawl_crypto_prices.py
[2026-03-19T03:26:29.568+0000] {processor.py:830} INFO - Processing file /opt/airflow/dags/crawl_crypto_prices.py for tasks to queue
[2026-03-19T03:26:29.568+0000] {logging_mixin.py:188} INFO - [2026-03-19T03:26:29.568+0000] {dagbag.py:538} INFO - Filling up the DagBag from /opt/airflow/dags/crawl_crypto_prices.py
[2026-03-19T03:26:29.572+0000] {logging_mixin.py:188} INFO - [2026-03-19T03:26:29.572+0000] {dagbag.py:348} ERROR - Failed to import: /opt/airflow/dags/crawl_crypto_prices.py
Traceback (most recent call last):
  File "/home/airflow/.local/lib/python3.8/site-packages/airflow/models/dagbag.py", line 344, in parse
    loader.exec_module(new_module)
  File "<frozen importlib._bootstrap_external>", line 843, in exec_module
  File "<frozen importlib._bootstrap>", line 219, in _call_with_frames_removed
  File "/opt/airflow/dags/crawl_crypto_prices.py", line 5, in <module>
    from scripts.db import insert_prices
ModuleNotFoundError: No module named 'scripts.db'
[2026-03-19T03:26:29.573+0000] {processor.py:842} WARNING - No viable dags retrieved from /opt/airflow/dags/crawl_crypto_prices.py
[2026-03-19T03:26:29.588+0000] {processor.py:183} INFO - Processing /opt/airflow/dags/crawl_crypto_prices.py took 0.025 seconds
[2026-03-19T03:26:59.884+0000] {processor.py:161} INFO - Started process (PID=209) to work on /opt/airflow/dags/crawl_crypto_prices.py
[2026-03-19T03:26:59.884+0000] {processor.py:830} INFO - Processing file /opt/airflow/dags/crawl_crypto_prices.py for tasks to queue
[2026-03-19T03:26:59.885+0000] {logging_mixin.py:188} INFO - [2026-03-19T03:26:59.885+0000] {dagbag.py:538} INFO - Filling up the DagBag from /opt/airflow/dags/crawl_crypto_prices.py
[2026-03-19T03:26:59.887+0000] {logging_mixin.py:188} INFO - [2026-03-19T03:26:59.886+0000] {dagbag.py:348} ERROR - Failed to import: /opt/airflow/dags/crawl_crypto_prices.py
Traceback (most recent call last):
  File "/home/airflow/.local/lib/python3.8/site-packages/airflow/models/dagbag.py", line 344, in parse
    loader.exec_module(new_module)
  File "<frozen importlib._bootstrap_external>", line 843, in exec_module
  File "<frozen importlib._bootstrap>", line 219, in _call_with_frames_removed
  File "/opt/airflow/dags/crawl_crypto_prices.py", line 5, in <module>
    from scripts.db import insert_prices
ModuleNotFoundError: No module named 'scripts.db'
[2026-03-19T03:26:59.887+0000] {processor.py:842} WARNING - No viable dags retrieved from /opt/airflow/dags/crawl_crypto_prices.py
[2026-03-19T03:26:59.895+0000] {processor.py:183} INFO - Processing /opt/airflow/dags/crawl_crypto_prices.py took 0.012 seconds
[2026-03-19T03:27:30.223+0000] {processor.py:161} INFO - Started process (PID=214) to work on /opt/airflow/dags/crawl_crypto_prices.py
[2026-03-19T03:27:30.224+0000] {processor.py:830} INFO - Processing file /opt/airflow/dags/crawl_crypto_prices.py for tasks to queue
[2026-03-19T03:27:30.225+0000] {logging_mixin.py:188} INFO - [2026-03-19T03:27:30.225+0000] {dagbag.py:538} INFO - Filling up the DagBag from /opt/airflow/dags/crawl_crypto_prices.py
[2026-03-19T03:27:30.229+0000] {logging_mixin.py:188} INFO - [2026-03-19T03:27:30.228+0000] {dagbag.py:348} ERROR - Failed to import: /opt/airflow/dags/crawl_crypto_prices.py
Traceback (most recent call last):
  File "/home/airflow/.local/lib/python3.8/site-packages/airflow/models/dagbag.py", line 344, in parse
    loader.exec_module(new_module)
  File "<frozen importlib._bootstrap_external>", line 843, in exec_module
  File "<frozen importlib._bootstrap>", line 219, in _call_with_frames_removed
  File "/opt/airflow/dags/crawl_crypto_prices.py", line 5, in <module>
    from scripts.db import insert_prices
ModuleNotFoundError: No module named 'scripts.db'
[2026-03-19T03:27:30.229+0000] {processor.py:842} WARNING - No viable dags retrieved from /opt/airflow/dags/crawl_crypto_prices.py
[2026-03-19T03:27:30.244+0000] {processor.py:183} INFO - Processing /opt/airflow/dags/crawl_crypto_prices.py took 0.026 seconds
[2026-03-19T03:28:00.566+0000] {processor.py:161} INFO - Started process (PID=219) to work on /opt/airflow/dags/crawl_crypto_prices.py
[2026-03-19T03:28:00.567+0000] {processor.py:830} INFO - Processing file /opt/airflow/dags/crawl_crypto_prices.py for tasks to queue
[2026-03-19T03:28:00.567+0000] {logging_mixin.py:188} INFO - [2026-03-19T03:28:00.567+0000] {dagbag.py:538} INFO - Filling up the DagBag from /opt/airflow/dags/crawl_crypto_prices.py
[2026-03-19T03:28:00.571+0000] {logging_mixin.py:188} INFO - [2026-03-19T03:28:00.570+0000] {dagbag.py:348} ERROR - Failed to import: /opt/airflow/dags/crawl_crypto_prices.py
Traceback (most recent call last):
  File "/home/airflow/.local/lib/python3.8/site-packages/airflow/models/dagbag.py", line 344, in parse
    loader.exec_module(new_module)
  File "<frozen importlib._bootstrap_external>", line 843, in exec_module
  File "<frozen importlib._bootstrap>", line 219, in _call_with_frames_removed
  File "/opt/airflow/dags/crawl_crypto_prices.py", line 5, in <module>
    from scripts.db import insert_prices
ModuleNotFoundError: No module named 'scripts.db'
[2026-03-19T03:28:00.571+0000] {processor.py:842} WARNING - No viable dags retrieved from /opt/airflow/dags/crawl_crypto_prices.py
[2026-03-19T03:28:00.586+0000] {processor.py:183} INFO - Processing /opt/airflow/dags/crawl_crypto_prices.py took 0.024 seconds
[2026-03-19T03:28:30.891+0000] {processor.py:161} INFO - Started process (PID=224) to work on /opt/airflow/dags/crawl_crypto_prices.py
[2026-03-19T03:28:30.892+0000] {processor.py:830} INFO - Processing file /opt/airflow/dags/crawl_crypto_prices.py for tasks to queue
[2026-03-19T03:28:30.893+0000] {logging_mixin.py:188} INFO - [2026-03-19T03:28:30.892+0000] {dagbag.py:538} INFO - Filling up the DagBag from /opt/airflow/dags/crawl_crypto_prices.py
[2026-03-19T03:28:30.897+0000] {logging_mixin.py:188} INFO - [2026-03-19T03:28:30.896+0000] {dagbag.py:348} ERROR - Failed to import: /opt/airflow/dags/crawl_crypto_prices.py
Traceback (most recent call last):
  File "/home/airflow/.local/lib/python3.8/site-packages/airflow/models/dagbag.py", line 344, in parse
    loader.exec_module(new_module)
  File "<frozen importlib._bootstrap_external>", line 843, in exec_module
  File "<frozen importlib._bootstrap>", line 219, in _call_with_frames_removed
  File "/opt/airflow/dags/crawl_crypto_prices.py", line 5, in <module>
    from scripts.db import insert_prices
ModuleNotFoundError: No module named 'scripts.db'
[2026-03-19T03:28:30.897+0000] {processor.py:842} WARNING - No viable dags retrieved from /opt/airflow/dags/crawl_crypto_prices.py
[2026-03-19T03:28:30.912+0000] {processor.py:183} INFO - Processing /opt/airflow/dags/crawl_crypto_prices.py took 0.024 seconds
[2026-03-19T03:29:01.215+0000] {processor.py:161} INFO - Started process (PID=229) to work on /opt/airflow/dags/crawl_crypto_prices.py
[2026-03-19T03:29:01.215+0000] {processor.py:830} INFO - Processing file /opt/airflow/dags/crawl_crypto_prices.py for tasks to queue
[2026-03-19T03:29:01.216+0000] {logging_mixin.py:188} INFO - [2026-03-19T03:29:01.216+0000] {dagbag.py:538} INFO - Filling up the DagBag from /opt/airflow/dags/crawl_crypto_prices.py
[2026-03-19T03:29:01.219+0000] {logging_mixin.py:188} INFO - [2026-03-19T03:29:01.219+0000] {dagbag.py:348} ERROR - Failed to import: /opt/airflow/dags/crawl_crypto_prices.py
Traceback (most recent call last):
  File "/home/airflow/.local/lib/python3.8/site-packages/airflow/models/dagbag.py", line 344, in parse
    loader.exec_module(new_module)
  File "<frozen importlib._bootstrap_external>", line 843, in exec_module
  File "<frozen importlib._bootstrap>", line 219, in _call_with_frames_removed
  File "/opt/airflow/dags/crawl_crypto_prices.py", line 5, in <module>
    from scripts.db import insert_prices
ModuleNotFoundError: No module named 'scripts.db'
[2026-03-19T03:29:01.220+0000] {processor.py:842} WARNING - No viable dags retrieved from /opt/airflow/dags/crawl_crypto_prices.py
[2026-03-19T03:29:01.232+0000] {processor.py:183} INFO - Processing /opt/airflow/dags/crawl_crypto_prices.py took 0.021 seconds
[2026-03-19T03:29:31.539+0000] {processor.py:161} INFO - Started process (PID=234) to work on /opt/airflow/dags/crawl_crypto_prices.py
[2026-03-19T03:29:31.539+0000] {processor.py:830} INFO - Processing file /opt/airflow/dags/crawl_crypto_prices.py for tasks to queue
[2026-03-19T03:29:31.540+0000] {logging_mixin.py:188} INFO - [2026-03-19T03:29:31.540+0000] {dagbag.py:538} INFO - Filling up the DagBag from /opt/airflow/dags/crawl_crypto_prices.py
[2026-03-19T03:29:31.543+0000] {logging_mixin.py:188} INFO - [2026-03-19T03:29:31.542+0000] {dagbag.py:348} ERROR - Failed to import: /opt/airflow/dags/crawl_crypto_prices.py
Traceback (most recent call last):
  File "/home/airflow/.local/lib/python3.8/site-packages/airflow/models/dagbag.py", line 344, in parse
    loader.exec_module(new_module)
  File "<frozen importlib._bootstrap_external>", line 843, in exec_module
  File "<frozen importlib._bootstrap>", line 219, in _call_with_frames_removed
  File "/opt/airflow/dags/crawl_crypto_prices.py", line 5, in <module>
    from scripts.db import insert_prices
ModuleNotFoundError: No module named 'scripts.db'
[2026-03-19T03:29:31.543+0000] {processor.py:842} WARNING - No viable dags retrieved from /opt/airflow/dags/crawl_crypto_prices.py
[2026-03-19T03:29:31.555+0000] {processor.py:183} INFO - Processing /opt/airflow/dags/crawl_crypto_prices.py took 0.019 seconds
[2026-03-19T03:30:01.875+0000] {processor.py:161} INFO - Started process (PID=239) to work on /opt/airflow/dags/crawl_crypto_prices.py
[2026-03-19T03:30:01.876+0000] {processor.py:830} INFO - Processing file /opt/airflow/dags/crawl_crypto_prices.py for tasks to queue
[2026-03-19T03:30:01.877+0000] {logging_mixin.py:188} INFO - [2026-03-19T03:30:01.876+0000] {dagbag.py:538} INFO - Filling up the DagBag from /opt/airflow/dags/crawl_crypto_prices.py
[2026-03-19T03:30:01.880+0000] {logging_mixin.py:188} INFO - [2026-03-19T03:30:01.879+0000] {dagbag.py:348} ERROR - Failed to import: /opt/airflow/dags/crawl_crypto_prices.py
Traceback (most recent call last):
  File "/home/airflow/.local/lib/python3.8/site-packages/airflow/models/dagbag.py", line 344, in parse
    loader.exec_module(new_module)
  File "<frozen importlib._bootstrap_external>", line 843, in exec_module
  File "<frozen importlib._bootstrap>", line 219, in _call_with_frames_removed
  File "/opt/airflow/dags/crawl_crypto_prices.py", line 5, in <module>
    from scripts.db import insert_prices
ModuleNotFoundError: No module named 'scripts.db'
[2026-03-19T03:30:01.880+0000] {processor.py:842} WARNING - No viable dags retrieved from /opt/airflow/dags/crawl_crypto_prices.py
[2026-03-19T03:30:01.894+0000] {processor.py:183} INFO - Processing /opt/airflow/dags/crawl_crypto_prices.py took 0.021 seconds
[2026-03-19T03:30:32.165+0000] {processor.py:161} INFO - Started process (PID=244) to work on /opt/airflow/dags/crawl_crypto_prices.py
[2026-03-19T03:30:32.166+0000] {processor.py:830} INFO - Processing file /opt/airflow/dags/crawl_crypto_prices.py for tasks to queue
[2026-03-19T03:30:32.166+0000] {logging_mixin.py:188} INFO - [2026-03-19T03:30:32.166+0000] {dagbag.py:538} INFO - Filling up the DagBag from /opt/airflow/dags/crawl_crypto_prices.py
[2026-03-19T03:30:32.170+0000] {logging_mixin.py:188} INFO - [2026-03-19T03:30:32.170+0000] {dagbag.py:348} ERROR - Failed to import: /opt/airflow/dags/crawl_crypto_prices.py
Traceback (most recent call last):
  File "/home/airflow/.local/lib/python3.8/site-packages/airflow/models/dagbag.py", line 344, in parse
    loader.exec_module(new_module)
  File "<frozen importlib._bootstrap_external>", line 843, in exec_module
  File "<frozen importlib._bootstrap>", line 219, in _call_with_frames_removed
  File "/opt/airflow/dags/crawl_crypto_prices.py", line 5, in <module>
    from scripts.db import insert_prices
ModuleNotFoundError: No module named 'scripts.db'
[2026-03-19T03:30:32.171+0000] {processor.py:842} WARNING - No viable dags retrieved from /opt/airflow/dags/crawl_crypto_prices.py
[2026-03-19T03:30:32.186+0000] {processor.py:183} INFO - Processing /opt/airflow/dags/crawl_crypto_prices.py took 0.024 seconds
[2026-03-19T03:31:02.417+0000] {processor.py:161} INFO - Started process (PID=249) to work on /opt/airflow/dags/crawl_crypto_prices.py
[2026-03-19T03:31:02.418+0000] {processor.py:830} INFO - Processing file /opt/airflow/dags/crawl_crypto_prices.py for tasks to queue
[2026-03-19T03:31:02.418+0000] {logging_mixin.py:188} INFO - [2026-03-19T03:31:02.418+0000] {dagbag.py:538} INFO - Filling up the DagBag from /opt/airflow/dags/crawl_crypto_prices.py
[2026-03-19T03:31:02.422+0000] {logging_mixin.py:188} INFO - [2026-03-19T03:31:02.421+0000] {dagbag.py:348} ERROR - Failed to import: /opt/airflow/dags/crawl_crypto_prices.py
Traceback (most recent call last):
  File "/home/airflow/.local/lib/python3.8/site-packages/airflow/models/dagbag.py", line 344, in parse
    loader.exec_module(new_module)
  File "<frozen importlib._bootstrap_external>", line 843, in exec_module
  File "<frozen importlib._bootstrap>", line 219, in _call_with_frames_removed
  File "/opt/airflow/dags/crawl_crypto_prices.py", line 5, in <module>
    from scripts.db import insert_prices
ModuleNotFoundError: No module named 'scripts.db'
[2026-03-19T03:31:02.422+0000] {processor.py:842} WARNING - No viable dags retrieved from /opt/airflow/dags/crawl_crypto_prices.py
[2026-03-19T03:31:02.438+0000] {processor.py:183} INFO - Processing /opt/airflow/dags/crawl_crypto_prices.py took 0.024 seconds
[2026-03-19T03:31:32.724+0000] {processor.py:161} INFO - Started process (PID=254) to work on /opt/airflow/dags/crawl_crypto_prices.py
[2026-03-19T03:31:32.724+0000] {processor.py:830} INFO - Processing file /opt/airflow/dags/crawl_crypto_prices.py for tasks to queue
[2026-03-19T03:31:32.725+0000] {logging_mixin.py:188} INFO - [2026-03-19T03:31:32.725+0000] {dagbag.py:538} INFO - Filling up the DagBag from /opt/airflow/dags/crawl_crypto_prices.py
[2026-03-19T03:31:32.729+0000] {logging_mixin.py:188} INFO - [2026-03-19T03:31:32.728+0000] {dagbag.py:348} ERROR - Failed to import: /opt/airflow/dags/crawl_crypto_prices.py
Traceback (most recent call last):
  File "/home/airflow/.local/lib/python3.8/site-packages/airflow/models/dagbag.py", line 344, in parse
    loader.exec_module(new_module)
  File "<frozen importlib._bootstrap_external>", line 843, in exec_module
  File "<frozen importlib._bootstrap>", line 219, in _call_with_frames_removed
  File "/opt/airflow/dags/crawl_crypto_prices.py", line 5, in <module>
    from scripts.db import insert_prices
ModuleNotFoundError: No module named 'scripts.db'
[2026-03-19T03:31:32.729+0000] {processor.py:842} WARNING - No viable dags retrieved from /opt/airflow/dags/crawl_crypto_prices.py
[2026-03-19T03:31:32.744+0000] {processor.py:183} INFO - Processing /opt/airflow/dags/crawl_crypto_prices.py took 0.023 seconds
[2026-03-19T03:32:03.054+0000] {processor.py:161} INFO - Started process (PID=259) to work on /opt/airflow/dags/crawl_crypto_prices.py
[2026-03-19T03:32:03.055+0000] {processor.py:830} INFO - Processing file /opt/airflow/dags/crawl_crypto_prices.py for tasks to queue
[2026-03-19T03:32:03.055+0000] {logging_mixin.py:188} INFO - [2026-03-19T03:32:03.055+0000] {dagbag.py:538} INFO - Filling up the DagBag from /opt/airflow/dags/crawl_crypto_prices.py
[2026-03-19T03:32:03.059+0000] {logging_mixin.py:188} INFO - [2026-03-19T03:32:03.058+0000] {dagbag.py:348} ERROR - Failed to import: /opt/airflow/dags/crawl_crypto_prices.py
Traceback (most recent call last):
  File "/home/airflow/.local/lib/python3.8/site-packages/airflow/models/dagbag.py", line 344, in parse
    loader.exec_module(new_module)
  File "<frozen importlib._bootstrap_external>", line 843, in exec_module
  File "<frozen importlib._bootstrap>", line 219, in _call_with_frames_removed
  File "/opt/airflow/dags/crawl_crypto_prices.py", line 5, in <module>
    from scripts.db import insert_prices
ModuleNotFoundError: No module named 'scripts.db'
[2026-03-19T03:32:03.059+0000] {processor.py:842} WARNING - No viable dags retrieved from /opt/airflow/dags/crawl_crypto_prices.py
[2026-03-19T03:32:03.072+0000] {processor.py:183} INFO - Processing /opt/airflow/dags/crawl_crypto_prices.py took 0.021 seconds
[2026-03-19T03:32:33.370+0000] {processor.py:161} INFO - Started process (PID=264) to work on /opt/airflow/dags/crawl_crypto_prices.py
[2026-03-19T03:32:33.371+0000] {processor.py:830} INFO - Processing file /opt/airflow/dags/crawl_crypto_prices.py for tasks to queue
[2026-03-19T03:32:33.372+0000] {logging_mixin.py:188} INFO - [2026-03-19T03:32:33.371+0000] {dagbag.py:538} INFO - Filling up the DagBag from /opt/airflow/dags/crawl_crypto_prices.py
[2026-03-19T03:32:33.375+0000] {logging_mixin.py:188} INFO - [2026-03-19T03:32:33.375+0000] {dagbag.py:348} ERROR - Failed to import: /opt/airflow/dags/crawl_crypto_prices.py
Traceback (most recent call last):
  File "/home/airflow/.local/lib/python3.8/site-packages/airflow/models/dagbag.py", line 344, in parse
    loader.exec_module(new_module)
  File "<frozen importlib._bootstrap_external>", line 843, in exec_module
  File "<frozen importlib._bootstrap>", line 219, in _call_with_frames_removed
  File "/opt/airflow/dags/crawl_crypto_prices.py", line 5, in <module>
    from scripts.db import insert_prices
ModuleNotFoundError: No module named 'scripts.db'
[2026-03-19T03:32:33.376+0000] {processor.py:842} WARNING - No viable dags retrieved from /opt/airflow/dags/crawl_crypto_prices.py
[2026-03-19T03:32:33.390+0000] {processor.py:183} INFO - Processing /opt/airflow/dags/crawl_crypto_prices.py took 0.023 seconds
[2026-03-19T03:33:03.681+0000] {processor.py:161} INFO - Started process (PID=269) to work on /opt/airflow/dags/crawl_crypto_prices.py
[2026-03-19T03:33:03.682+0000] {processor.py:830} INFO - Processing file /opt/airflow/dags/crawl_crypto_prices.py for tasks to queue
[2026-03-19T03:33:03.683+0000] {logging_mixin.py:188} INFO - [2026-03-19T03:33:03.683+0000] {dagbag.py:538} INFO - Filling up the DagBag from /opt/airflow/dags/crawl_crypto_prices.py
[2026-03-19T03:33:03.687+0000] {logging_mixin.py:188} INFO - [2026-03-19T03:33:03.686+0000] {dagbag.py:348} ERROR - Failed to import: /opt/airflow/dags/crawl_crypto_prices.py
Traceback (most recent call last):
  File "/home/airflow/.local/lib/python3.8/site-packages/airflow/models/dagbag.py", line 344, in parse
    loader.exec_module(new_module)
  File "<frozen importlib._bootstrap_external>", line 843, in exec_module
  File "<frozen importlib._bootstrap>", line 219, in _call_with_frames_removed
  File "/opt/airflow/dags/crawl_crypto_prices.py", line 5, in <module>
    from scripts.db import insert_prices
ModuleNotFoundError: No module named 'scripts.db'
[2026-03-19T03:33:03.687+0000] {processor.py:842} WARNING - No viable dags retrieved from /opt/airflow/dags/crawl_crypto_prices.py
[2026-03-19T03:33:03.698+0000] {processor.py:183} INFO - Processing /opt/airflow/dags/crawl_crypto_prices.py took 0.019 seconds
[2026-03-19T03:36:11.662+0000] {processor.py:161} INFO - Started process (PID=274) to work on /opt/airflow/dags/crawl_crypto_prices.py
[2026-03-19T03:36:11.663+0000] {processor.py:830} INFO - Processing file /opt/airflow/dags/crawl_crypto_prices.py for tasks to queue
[2026-03-19T03:36:11.664+0000] {logging_mixin.py:188} INFO - [2026-03-19T03:36:11.664+0000] {dagbag.py:538} INFO - Filling up the DagBag from /opt/airflow/dags/crawl_crypto_prices.py
[2026-03-19T03:36:11.669+0000] {logging_mixin.py:188} INFO - [2026-03-19T03:36:11.668+0000] {dagbag.py:348} ERROR - Failed to import: /opt/airflow/dags/crawl_crypto_prices.py
Traceback (most recent call last):
  File "/home/airflow/.local/lib/python3.8/site-packages/airflow/models/dagbag.py", line 344, in parse
    loader.exec_module(new_module)
  File "<frozen importlib._bootstrap_external>", line 843, in exec_module
  File "<frozen importlib._bootstrap>", line 219, in _call_with_frames_removed
  File "/opt/airflow/dags/crawl_crypto_prices.py", line 5, in <module>
    from scripts.db import insert_prices
ModuleNotFoundError: No module named 'scripts.db'
[2026-03-19T03:36:11.670+0000] {processor.py:842} WARNING - No viable dags retrieved from /opt/airflow/dags/crawl_crypto_prices.py
[2026-03-19T03:36:11.693+0000] {processor.py:183} INFO - Processing /opt/airflow/dags/crawl_crypto_prices.py took 0.035 seconds
[2026-03-19T03:36:41.902+0000] {processor.py:161} INFO - Started process (PID=281) to work on /opt/airflow/dags/crawl_crypto_prices.py
[2026-03-19T03:36:41.903+0000] {processor.py:830} INFO - Processing file /opt/airflow/dags/crawl_crypto_prices.py for tasks to queue
[2026-03-19T03:36:41.903+0000] {logging_mixin.py:188} INFO - [2026-03-19T03:36:41.903+0000] {dagbag.py:538} INFO - Filling up the DagBag from /opt/airflow/dags/crawl_crypto_prices.py
[2026-03-19T03:36:41.905+0000] {logging_mixin.py:188} INFO - [2026-03-19T03:36:41.905+0000] {dagbag.py:348} ERROR - Failed to import: /opt/airflow/dags/crawl_crypto_prices.py
Traceback (most recent call last):
  File "/home/airflow/.local/lib/python3.8/site-packages/airflow/models/dagbag.py", line 344, in parse
    loader.exec_module(new_module)
  File "<frozen importlib._bootstrap_external>", line 843, in exec_module
  File "<frozen importlib._bootstrap>", line 219, in _call_with_frames_removed
  File "/opt/airflow/dags/crawl_crypto_prices.py", line 5, in <module>
    from scripts.db import insert_prices
ModuleNotFoundError: No module named 'scripts.db'
[2026-03-19T03:36:41.905+0000] {processor.py:842} WARNING - No viable dags retrieved from /opt/airflow/dags/crawl_crypto_prices.py
[2026-03-19T03:36:41.914+0000] {processor.py:183} INFO - Processing /opt/airflow/dags/crawl_crypto_prices.py took 0.013 seconds
[2026-03-19T03:37:12.183+0000] {processor.py:161} INFO - Started process (PID=286) to work on /opt/airflow/dags/crawl_crypto_prices.py
[2026-03-19T03:37:12.184+0000] {processor.py:830} INFO - Processing file /opt/airflow/dags/crawl_crypto_prices.py for tasks to queue
[2026-03-19T03:37:12.185+0000] {logging_mixin.py:188} INFO - [2026-03-19T03:37:12.185+0000] {dagbag.py:538} INFO - Filling up the DagBag from /opt/airflow/dags/crawl_crypto_prices.py
[2026-03-19T03:37:12.189+0000] {logging_mixin.py:188} INFO - [2026-03-19T03:37:12.188+0000] {dagbag.py:348} ERROR - Failed to import: /opt/airflow/dags/crawl_crypto_prices.py
Traceback (most recent call last):
  File "/home/airflow/.local/lib/python3.8/site-packages/airflow/models/dagbag.py", line 344, in parse
    loader.exec_module(new_module)
  File "<frozen importlib._bootstrap_external>", line 843, in exec_module
  File "<frozen importlib._bootstrap>", line 219, in _call_with_frames_removed
  File "/opt/airflow/dags/crawl_crypto_prices.py", line 5, in <module>
    from scripts.db import insert_prices
ModuleNotFoundError: No module named 'scripts.db'
[2026-03-19T03:37:12.189+0000] {processor.py:842} WARNING - No viable dags retrieved from /opt/airflow/dags/crawl_crypto_prices.py
[2026-03-19T03:37:12.204+0000] {processor.py:183} INFO - Processing /opt/airflow/dags/crawl_crypto_prices.py took 0.024 seconds
[2026-03-19T03:37:42.445+0000] {processor.py:161} INFO - Started process (PID=291) to work on /opt/airflow/dags/crawl_crypto_prices.py
[2026-03-19T03:37:42.446+0000] {processor.py:830} INFO - Processing file /opt/airflow/dags/crawl_crypto_prices.py for tasks to queue
[2026-03-19T03:37:42.447+0000] {logging_mixin.py:188} INFO - [2026-03-19T03:37:42.446+0000] {dagbag.py:538} INFO - Filling up the DagBag from /opt/airflow/dags/crawl_crypto_prices.py
[2026-03-19T03:37:42.449+0000] {logging_mixin.py:188} INFO - [2026-03-19T03:37:42.449+0000] {dagbag.py:348} ERROR - Failed to import: /opt/airflow/dags/crawl_crypto_prices.py
Traceback (most recent call last):
  File "/home/airflow/.local/lib/python3.8/site-packages/airflow/models/dagbag.py", line 344, in parse
    loader.exec_module(new_module)
  File "<frozen importlib._bootstrap_external>", line 843, in exec_module
  File "<frozen importlib._bootstrap>", line 219, in _call_with_frames_removed
  File "/opt/airflow/dags/crawl_crypto_prices.py", line 5, in <module>
    from scripts.db import insert_prices
ModuleNotFoundError: No module named 'scripts.db'
[2026-03-19T03:37:42.450+0000] {processor.py:842} WARNING - No viable dags retrieved from /opt/airflow/dags/crawl_crypto_prices.py
[2026-03-19T03:37:42.458+0000] {processor.py:183} INFO - Processing /opt/airflow/dags/crawl_crypto_prices.py took 0.015 seconds
[2026-03-19T03:38:12.766+0000] {processor.py:161} INFO - Started process (PID=296) to work on /opt/airflow/dags/crawl_crypto_prices.py
[2026-03-19T03:38:12.767+0000] {processor.py:830} INFO - Processing file /opt/airflow/dags/crawl_crypto_prices.py for tasks to queue
[2026-03-19T03:38:12.767+0000] {logging_mixin.py:188} INFO - [2026-03-19T03:38:12.767+0000] {dagbag.py:538} INFO - Filling up the DagBag from /opt/airflow/dags/crawl_crypto_prices.py
[2026-03-19T03:38:12.771+0000] {logging_mixin.py:188} INFO - [2026-03-19T03:38:12.770+0000] {dagbag.py:348} ERROR - Failed to import: /opt/airflow/dags/crawl_crypto_prices.py
Traceback (most recent call last):
  File "/home/airflow/.local/lib/python3.8/site-packages/airflow/models/dagbag.py", line 344, in parse
    loader.exec_module(new_module)
  File "<frozen importlib._bootstrap_external>", line 843, in exec_module
  File "<frozen importlib._bootstrap>", line 219, in _call_with_frames_removed
  File "/opt/airflow/dags/crawl_crypto_prices.py", line 5, in <module>
    from scripts.db import insert_prices
ModuleNotFoundError: No module named 'scripts.db'
[2026-03-19T03:38:12.771+0000] {processor.py:842} WARNING - No viable dags retrieved from /opt/airflow/dags/crawl_crypto_prices.py
[2026-03-19T03:38:12.785+0000] {processor.py:183} INFO - Processing /opt/airflow/dags/crawl_crypto_prices.py took 0.020 seconds
[2026-03-19T03:38:43.027+0000] {processor.py:161} INFO - Started process (PID=301) to work on /opt/airflow/dags/crawl_crypto_prices.py
[2026-03-19T03:38:43.028+0000] {processor.py:830} INFO - Processing file /opt/airflow/dags/crawl_crypto_prices.py for tasks to queue
[2026-03-19T03:38:43.029+0000] {logging_mixin.py:188} INFO - [2026-03-19T03:38:43.029+0000] {dagbag.py:538} INFO - Filling up the DagBag from /opt/airflow/dags/crawl_crypto_prices.py
[2026-03-19T03:38:43.033+0000] {logging_mixin.py:188} INFO - [2026-03-19T03:38:43.032+0000] {dagbag.py:348} ERROR - Failed to import: /opt/airflow/dags/crawl_crypto_prices.py
Traceback (most recent call last):
  File "/home/airflow/.local/lib/python3.8/site-packages/airflow/models/dagbag.py", line 344, in parse
    loader.exec_module(new_module)
  File "<frozen importlib._bootstrap_external>", line 843, in exec_module
  File "<frozen importlib._bootstrap>", line 219, in _call_with_frames_removed
  File "/opt/airflow/dags/crawl_crypto_prices.py", line 5, in <module>
    from scripts.db import insert_prices
ModuleNotFoundError: No module named 'scripts.db'
[2026-03-19T03:38:43.033+0000] {processor.py:842} WARNING - No viable dags retrieved from /opt/airflow/dags/crawl_crypto_prices.py
[2026-03-19T03:38:43.049+0000] {processor.py:183} INFO - Processing /opt/airflow/dags/crawl_crypto_prices.py took 0.025 seconds
[2026-03-19T03:39:13.322+0000] {processor.py:161} INFO - Started process (PID=306) to work on /opt/airflow/dags/crawl_crypto_prices.py
[2026-03-19T03:39:13.323+0000] {processor.py:830} INFO - Processing file /opt/airflow/dags/crawl_crypto_prices.py for tasks to queue
[2026-03-19T03:39:13.324+0000] {logging_mixin.py:188} INFO - [2026-03-19T03:39:13.323+0000] {dagbag.py:538} INFO - Filling up the DagBag from /opt/airflow/dags/crawl_crypto_prices.py
[2026-03-19T03:39:13.328+0000] {logging_mixin.py:188} INFO - [2026-03-19T03:39:13.327+0000] {dagbag.py:348} ERROR - Failed to import: /opt/airflow/dags/crawl_crypto_prices.py
Traceback (most recent call last):
  File "/home/airflow/.local/lib/python3.8/site-packages/airflow/models/dagbag.py", line 344, in parse
    loader.exec_module(new_module)
  File "<frozen importlib._bootstrap_external>", line 843, in exec_module
  File "<frozen importlib._bootstrap>", line 219, in _call_with_frames_removed
  File "/opt/airflow/dags/crawl_crypto_prices.py", line 5, in <module>
    from scripts.db import insert_prices
ModuleNotFoundError: No module named 'scripts.db'
[2026-03-19T03:39:13.328+0000] {processor.py:842} WARNING - No viable dags retrieved from /opt/airflow/dags/crawl_crypto_prices.py
[2026-03-19T03:39:13.343+0000] {processor.py:183} INFO - Processing /opt/airflow/dags/crawl_crypto_prices.py took 0.024 seconds
[2026-03-19T03:39:43.597+0000] {processor.py:161} INFO - Started process (PID=311) to work on /opt/airflow/dags/crawl_crypto_prices.py
[2026-03-19T03:39:43.599+0000] {processor.py:830} INFO - Processing file /opt/airflow/dags/crawl_crypto_prices.py for tasks to queue
[2026-03-19T03:39:43.599+0000] {logging_mixin.py:188} INFO - [2026-03-19T03:39:43.599+0000] {dagbag.py:538} INFO - Filling up the DagBag from /opt/airflow/dags/crawl_crypto_prices.py
[2026-03-19T03:39:43.603+0000] {logging_mixin.py:188} INFO - [2026-03-19T03:39:43.603+0000] {dagbag.py:348} ERROR - Failed to import: /opt/airflow/dags/crawl_crypto_prices.py
Traceback (most recent call last):
  File "/home/airflow/.local/lib/python3.8/site-packages/airflow/models/dagbag.py", line 344, in parse
    loader.exec_module(new_module)
  File "<frozen importlib._bootstrap_external>", line 843, in exec_module
  File "<frozen importlib._bootstrap>", line 219, in _call_with_frames_removed
  File "/opt/airflow/dags/crawl_crypto_prices.py", line 5, in <module>
    from scripts.db import insert_prices
ModuleNotFoundError: No module named 'scripts.db'
[2026-03-19T03:39:43.604+0000] {processor.py:842} WARNING - No viable dags retrieved from /opt/airflow/dags/crawl_crypto_prices.py
[2026-03-19T03:39:43.620+0000] {processor.py:183} INFO - Processing /opt/airflow/dags/crawl_crypto_prices.py took 0.026 seconds
[2026-03-19T03:40:13.866+0000] {processor.py:161} INFO - Started process (PID=316) to work on /opt/airflow/dags/crawl_crypto_prices.py
[2026-03-19T03:40:13.867+0000] {processor.py:830} INFO - Processing file /opt/airflow/dags/crawl_crypto_prices.py for tasks to queue
[2026-03-19T03:40:13.867+0000] {logging_mixin.py:188} INFO - [2026-03-19T03:40:13.867+0000] {dagbag.py:538} INFO - Filling up the DagBag from /opt/airflow/dags/crawl_crypto_prices.py
[2026-03-19T03:40:13.869+0000] {logging_mixin.py:188} INFO - [2026-03-19T03:40:13.869+0000] {dagbag.py:348} ERROR - Failed to import: /opt/airflow/dags/crawl_crypto_prices.py
Traceback (most recent call last):
  File "/home/airflow/.local/lib/python3.8/site-packages/airflow/models/dagbag.py", line 344, in parse
    loader.exec_module(new_module)
  File "<frozen importlib._bootstrap_external>", line 843, in exec_module
  File "<frozen importlib._bootstrap>", line 219, in _call_with_frames_removed
  File "/opt/airflow/dags/crawl_crypto_prices.py", line 5, in <module>
    from scripts.db import insert_prices
ModuleNotFoundError: No module named 'scripts.db'
[2026-03-19T03:40:13.870+0000] {processor.py:842} WARNING - No viable dags retrieved from /opt/airflow/dags/crawl_crypto_prices.py
[2026-03-19T03:40:13.880+0000] {processor.py:183} INFO - Processing /opt/airflow/dags/crawl_crypto_prices.py took 0.017 seconds
[2026-03-19T03:40:44.147+0000] {processor.py:161} INFO - Started process (PID=321) to work on /opt/airflow/dags/crawl_crypto_prices.py
[2026-03-19T03:40:44.148+0000] {processor.py:830} INFO - Processing file /opt/airflow/dags/crawl_crypto_prices.py for tasks to queue
[2026-03-19T03:40:44.149+0000] {logging_mixin.py:188} INFO - [2026-03-19T03:40:44.148+0000] {dagbag.py:538} INFO - Filling up the DagBag from /opt/airflow/dags/crawl_crypto_prices.py
[2026-03-19T03:40:44.153+0000] {logging_mixin.py:188} INFO - [2026-03-19T03:40:44.152+0000] {dagbag.py:348} ERROR - Failed to import: /opt/airflow/dags/crawl_crypto_prices.py
Traceback (most recent call last):
  File "/home/airflow/.local/lib/python3.8/site-packages/airflow/models/dagbag.py", line 344, in parse
    loader.exec_module(new_module)
  File "<frozen importlib._bootstrap_external>", line 843, in exec_module
  File "<frozen importlib._bootstrap>", line 219, in _call_with_frames_removed
  File "/opt/airflow/dags/crawl_crypto_prices.py", line 5, in <module>
    from scripts.db import insert_prices
ModuleNotFoundError: No module named 'scripts.db'
[2026-03-19T03:40:44.153+0000] {processor.py:842} WARNING - No viable dags retrieved from /opt/airflow/dags/crawl_crypto_prices.py
[2026-03-19T03:40:44.170+0000] {processor.py:183} INFO - Processing /opt/airflow/dags/crawl_crypto_prices.py took 0.026 seconds
[2026-03-19T03:41:14.438+0000] {processor.py:161} INFO - Started process (PID=326) to work on /opt/airflow/dags/crawl_crypto_prices.py
[2026-03-19T03:41:14.439+0000] {processor.py:830} INFO - Processing file /opt/airflow/dags/crawl_crypto_prices.py for tasks to queue
[2026-03-19T03:41:14.439+0000] {logging_mixin.py:188} INFO - [2026-03-19T03:41:14.439+0000] {dagbag.py:538} INFO - Filling up the DagBag from /opt/airflow/dags/crawl_crypto_prices.py
[2026-03-19T03:41:14.444+0000] {logging_mixin.py:188} INFO - [2026-03-19T03:41:14.443+0000] {dagbag.py:348} ERROR - Failed to import: /opt/airflow/dags/crawl_crypto_prices.py
Traceback (most recent call last):
  File "/home/airflow/.local/lib/python3.8/site-packages/airflow/models/dagbag.py", line 344, in parse
    loader.exec_module(new_module)
  File "<frozen importlib._bootstrap_external>", line 843, in exec_module
  File "<frozen importlib._bootstrap>", line 219, in _call_with_frames_removed
  File "/opt/airflow/dags/crawl_crypto_prices.py", line 5, in <module>
    from scripts.db import insert_prices
ModuleNotFoundError: No module named 'scripts.db'
[2026-03-19T03:41:14.444+0000] {processor.py:842} WARNING - No viable dags retrieved from /opt/airflow/dags/crawl_crypto_prices.py
[2026-03-19T03:41:14.461+0000] {processor.py:183} INFO - Processing /opt/airflow/dags/crawl_crypto_prices.py took 0.028 seconds
[2026-03-19T03:41:44.743+0000] {processor.py:161} INFO - Started process (PID=331) to work on /opt/airflow/dags/crawl_crypto_prices.py
[2026-03-19T03:41:44.744+0000] {processor.py:830} INFO - Processing file /opt/airflow/dags/crawl_crypto_prices.py for tasks to queue
[2026-03-19T03:41:44.745+0000] {logging_mixin.py:188} INFO - [2026-03-19T03:41:44.745+0000] {dagbag.py:538} INFO - Filling up the DagBag from /opt/airflow/dags/crawl_crypto_prices.py
[2026-03-19T03:41:44.749+0000] {logging_mixin.py:188} INFO - [2026-03-19T03:41:44.748+0000] {dagbag.py:348} ERROR - Failed to import: /opt/airflow/dags/crawl_crypto_prices.py
Traceback (most recent call last):
  File "/home/airflow/.local/lib/python3.8/site-packages/airflow/models/dagbag.py", line 344, in parse
    loader.exec_module(new_module)
  File "<frozen importlib._bootstrap_external>", line 843, in exec_module
  File "<frozen importlib._bootstrap>", line 219, in _call_with_frames_removed
  File "/opt/airflow/dags/crawl_crypto_prices.py", line 5, in <module>
    from scripts.db import insert_prices
ModuleNotFoundError: No module named 'scripts.db'
[2026-03-19T03:41:44.749+0000] {processor.py:842} WARNING - No viable dags retrieved from /opt/airflow/dags/crawl_crypto_prices.py
[2026-03-19T03:41:44.765+0000] {processor.py:183} INFO - Processing /opt/airflow/dags/crawl_crypto_prices.py took 0.025 seconds
[2026-03-19T03:42:15.035+0000] {processor.py:161} INFO - Started process (PID=336) to work on /opt/airflow/dags/crawl_crypto_prices.py
[2026-03-19T03:42:15.036+0000] {processor.py:830} INFO - Processing file /opt/airflow/dags/crawl_crypto_prices.py for tasks to queue
[2026-03-19T03:42:15.037+0000] {logging_mixin.py:188} INFO - [2026-03-19T03:42:15.036+0000] {dagbag.py:538} INFO - Filling up the DagBag from /opt/airflow/dags/crawl_crypto_prices.py
[2026-03-19T03:42:15.041+0000] {logging_mixin.py:188} INFO - [2026-03-19T03:42:15.040+0000] {dagbag.py:348} ERROR - Failed to import: /opt/airflow/dags/crawl_crypto_prices.py
Traceback (most recent call last):
  File "/home/airflow/.local/lib/python3.8/site-packages/airflow/models/dagbag.py", line 344, in parse
    loader.exec_module(new_module)
  File "<frozen importlib._bootstrap_external>", line 843, in exec_module
  File "<frozen importlib._bootstrap>", line 219, in _call_with_frames_removed
  File "/opt/airflow/dags/crawl_crypto_prices.py", line 5, in <module>
    from scripts.db import insert_prices
ModuleNotFoundError: No module named 'scripts.db'
[2026-03-19T03:42:15.041+0000] {processor.py:842} WARNING - No viable dags retrieved from /opt/airflow/dags/crawl_crypto_prices.py
[2026-03-19T03:42:15.056+0000] {processor.py:183} INFO - Processing /opt/airflow/dags/crawl_crypto_prices.py took 0.024 seconds
[2026-03-19T03:42:45.357+0000] {processor.py:161} INFO - Started process (PID=341) to work on /opt/airflow/dags/crawl_crypto_prices.py
[2026-03-19T03:42:45.358+0000] {processor.py:830} INFO - Processing file /opt/airflow/dags/crawl_crypto_prices.py for tasks to queue
[2026-03-19T03:42:45.359+0000] {logging_mixin.py:188} INFO - [2026-03-19T03:42:45.359+0000] {dagbag.py:538} INFO - Filling up the DagBag from /opt/airflow/dags/crawl_crypto_prices.py
[2026-03-19T03:42:45.363+0000] {logging_mixin.py:188} INFO - [2026-03-19T03:42:45.362+0000] {dagbag.py:348} ERROR - Failed to import: /opt/airflow/dags/crawl_crypto_prices.py
Traceback (most recent call last):
  File "/home/airflow/.local/lib/python3.8/site-packages/airflow/models/dagbag.py", line 344, in parse
    loader.exec_module(new_module)
  File "<frozen importlib._bootstrap_external>", line 843, in exec_module
  File "<frozen importlib._bootstrap>", line 219, in _call_with_frames_removed
  File "/opt/airflow/dags/crawl_crypto_prices.py", line 5, in <module>
    from scripts.db import insert_prices
ModuleNotFoundError: No module named 'scripts.db'
[2026-03-19T03:42:45.363+0000] {processor.py:842} WARNING - No viable dags retrieved from /opt/airflow/dags/crawl_crypto_prices.py
[2026-03-19T03:42:45.379+0000] {processor.py:183} INFO - Processing /opt/airflow/dags/crawl_crypto_prices.py took 0.024 seconds
[2026-03-19T03:43:15.703+0000] {processor.py:161} INFO - Started process (PID=346) to work on /opt/airflow/dags/crawl_crypto_prices.py
[2026-03-19T03:43:15.704+0000] {processor.py:830} INFO - Processing file /opt/airflow/dags/crawl_crypto_prices.py for tasks to queue
[2026-03-19T03:43:15.705+0000] {logging_mixin.py:188} INFO - [2026-03-19T03:43:15.704+0000] {dagbag.py:538} INFO - Filling up the DagBag from /opt/airflow/dags/crawl_crypto_prices.py
[2026-03-19T03:43:15.709+0000] {logging_mixin.py:188} INFO - [2026-03-19T03:43:15.708+0000] {dagbag.py:348} ERROR - Failed to import: /opt/airflow/dags/crawl_crypto_prices.py
Traceback (most recent call last):
  File "/home/airflow/.local/lib/python3.8/site-packages/airflow/models/dagbag.py", line 344, in parse
    loader.exec_module(new_module)
  File "<frozen importlib._bootstrap_external>", line 843, in exec_module
  File "<frozen importlib._bootstrap>", line 219, in _call_with_frames_removed
  File "/opt/airflow/dags/crawl_crypto_prices.py", line 5, in <module>
    from scripts.db import insert_prices
ModuleNotFoundError: No module named 'scripts.db'
[2026-03-19T03:43:15.709+0000] {processor.py:842} WARNING - No viable dags retrieved from /opt/airflow/dags/crawl_crypto_prices.py
[2026-03-19T03:43:15.725+0000] {processor.py:183} INFO - Processing /opt/airflow/dags/crawl_crypto_prices.py took 0.025 seconds
[2026-03-19T03:43:46.011+0000] {processor.py:161} INFO - Started process (PID=351) to work on /opt/airflow/dags/crawl_crypto_prices.py
[2026-03-19T03:43:46.012+0000] {processor.py:830} INFO - Processing file /opt/airflow/dags/crawl_crypto_prices.py for tasks to queue
[2026-03-19T03:43:46.013+0000] {logging_mixin.py:188} INFO - [2026-03-19T03:43:46.012+0000] {dagbag.py:538} INFO - Filling up the DagBag from /opt/airflow/dags/crawl_crypto_prices.py
[2026-03-19T03:43:46.016+0000] {logging_mixin.py:188} INFO - [2026-03-19T03:43:46.015+0000] {dagbag.py:348} ERROR - Failed to import: /opt/airflow/dags/crawl_crypto_prices.py
Traceback (most recent call last):
  File "/home/airflow/.local/lib/python3.8/site-packages/airflow/models/dagbag.py", line 344, in parse
    loader.exec_module(new_module)
  File "<frozen importlib._bootstrap_external>", line 843, in exec_module
  File "<frozen importlib._bootstrap>", line 219, in _call_with_frames_removed
  File "/opt/airflow/dags/crawl_crypto_prices.py", line 5, in <module>
    from scripts.db import insert_prices
ModuleNotFoundError: No module named 'scripts.db'
[2026-03-19T03:43:46.016+0000] {processor.py:842} WARNING - No viable dags retrieved from /opt/airflow/dags/crawl_crypto_prices.py
[2026-03-19T03:43:46.029+0000] {processor.py:183} INFO - Processing /opt/airflow/dags/crawl_crypto_prices.py took 0.020 seconds
[2026-03-19T03:44:16.279+0000] {processor.py:161} INFO - Started process (PID=356) to work on /opt/airflow/dags/crawl_crypto_prices.py
[2026-03-19T03:44:16.280+0000] {processor.py:830} INFO - Processing file /opt/airflow/dags/crawl_crypto_prices.py for tasks to queue
[2026-03-19T03:44:16.280+0000] {logging_mixin.py:188} INFO - [2026-03-19T03:44:16.280+0000] {dagbag.py:538} INFO - Filling up the DagBag from /opt/airflow/dags/crawl_crypto_prices.py
[2026-03-19T03:44:16.283+0000] {logging_mixin.py:188} INFO - [2026-03-19T03:44:16.282+0000] {dagbag.py:348} ERROR - Failed to import: /opt/airflow/dags/crawl_crypto_prices.py
Traceback (most recent call last):
  File "/home/airflow/.local/lib/python3.8/site-packages/airflow/models/dagbag.py", line 344, in parse
    loader.exec_module(new_module)
  File "<frozen importlib._bootstrap_external>", line 843, in exec_module
  File "<frozen importlib._bootstrap>", line 219, in _call_with_frames_removed
  File "/opt/airflow/dags/crawl_crypto_prices.py", line 5, in <module>
    from scripts.db import insert_prices
ModuleNotFoundError: No module named 'scripts.db'
[2026-03-19T03:44:16.283+0000] {processor.py:842} WARNING - No viable dags retrieved from /opt/airflow/dags/crawl_crypto_prices.py
[2026-03-19T03:44:16.292+0000] {processor.py:183} INFO - Processing /opt/airflow/dags/crawl_crypto_prices.py took 0.015 seconds
[2026-03-19T03:44:46.579+0000] {processor.py:161} INFO - Started process (PID=361) to work on /opt/airflow/dags/crawl_crypto_prices.py
[2026-03-19T03:44:46.580+0000] {processor.py:830} INFO - Processing file /opt/airflow/dags/crawl_crypto_prices.py for tasks to queue
[2026-03-19T03:44:46.581+0000] {logging_mixin.py:188} INFO - [2026-03-19T03:44:46.581+0000] {dagbag.py:538} INFO - Filling up the DagBag from /opt/airflow/dags/crawl_crypto_prices.py
[2026-03-19T03:44:46.586+0000] {logging_mixin.py:188} INFO - [2026-03-19T03:44:46.585+0000] {dagbag.py:348} ERROR - Failed to import: /opt/airflow/dags/crawl_crypto_prices.py
Traceback (most recent call last):
  File "/home/airflow/.local/lib/python3.8/site-packages/airflow/models/dagbag.py", line 344, in parse
    loader.exec_module(new_module)
  File "<frozen importlib._bootstrap_external>", line 843, in exec_module
  File "<frozen importlib._bootstrap>", line 219, in _call_with_frames_removed
  File "/opt/airflow/dags/crawl_crypto_prices.py", line 5, in <module>
    from scripts.db import insert_prices
ModuleNotFoundError: No module named 'scripts.db'
[2026-03-19T03:44:46.586+0000] {processor.py:842} WARNING - No viable dags retrieved from /opt/airflow/dags/crawl_crypto_prices.py
[2026-03-19T03:44:46.603+0000] {processor.py:183} INFO - Processing /opt/airflow/dags/crawl_crypto_prices.py took 0.029 seconds
[2026-03-19T03:45:11.835+0000] {processor.py:161} INFO - Started process (PID=366) to work on /opt/airflow/dags/crawl_crypto_prices.py
[2026-03-19T03:45:11.836+0000] {processor.py:830} INFO - Processing file /opt/airflow/dags/crawl_crypto_prices.py for tasks to queue
[2026-03-19T03:45:11.837+0000] {logging_mixin.py:188} INFO - [2026-03-19T03:45:11.836+0000] {dagbag.py:538} INFO - Filling up the DagBag from /opt/airflow/dags/crawl_crypto_prices.py
[2026-03-19T03:45:11.843+0000] {logging_mixin.py:188} INFO - [2026-03-19T03:45:11.842+0000] {dagbag.py:348} ERROR - Failed to import: /opt/airflow/dags/crawl_crypto_prices.py
Traceback (most recent call last):
  File "/home/airflow/.local/lib/python3.8/site-packages/airflow/models/dagbag.py", line 344, in parse
    loader.exec_module(new_module)
  File "<frozen importlib._bootstrap_external>", line 843, in exec_module
  File "<frozen importlib._bootstrap>", line 219, in _call_with_frames_removed
  File "/opt/airflow/dags/crawl_crypto_prices.py", line 11, in <module>
    from scripts.db import insert_prices
ModuleNotFoundError: No module named 'scripts.db'
[2026-03-19T03:45:11.843+0000] {processor.py:842} WARNING - No viable dags retrieved from /opt/airflow/dags/crawl_crypto_prices.py
[2026-03-19T03:45:11.858+0000] {processor.py:183} INFO - Processing /opt/airflow/dags/crawl_crypto_prices.py took 0.027 seconds
[2026-03-19T03:45:42.170+0000] {processor.py:161} INFO - Started process (PID=371) to work on /opt/airflow/dags/crawl_crypto_prices.py
[2026-03-19T03:45:42.171+0000] {processor.py:830} INFO - Processing file /opt/airflow/dags/crawl_crypto_prices.py for tasks to queue
[2026-03-19T03:45:42.171+0000] {logging_mixin.py:188} INFO - [2026-03-19T03:45:42.171+0000] {dagbag.py:538} INFO - Filling up the DagBag from /opt/airflow/dags/crawl_crypto_prices.py
[2026-03-19T03:45:42.176+0000] {logging_mixin.py:188} INFO - [2026-03-19T03:45:42.175+0000] {dagbag.py:348} ERROR - Failed to import: /opt/airflow/dags/crawl_crypto_prices.py
Traceback (most recent call last):
  File "/home/airflow/.local/lib/python3.8/site-packages/airflow/models/dagbag.py", line 344, in parse
    loader.exec_module(new_module)
  File "<frozen importlib._bootstrap_external>", line 843, in exec_module
  File "<frozen importlib._bootstrap>", line 219, in _call_with_frames_removed
  File "/opt/airflow/dags/crawl_crypto_prices.py", line 11, in <module>
    from scripts.db import insert_prices
ModuleNotFoundError: No module named 'scripts.db'
[2026-03-19T03:45:42.176+0000] {processor.py:842} WARNING - No viable dags retrieved from /opt/airflow/dags/crawl_crypto_prices.py
[2026-03-19T03:45:42.191+0000] {processor.py:183} INFO - Processing /opt/airflow/dags/crawl_crypto_prices.py took 0.025 seconds
[2026-03-19T03:46:12.432+0000] {processor.py:161} INFO - Started process (PID=376) to work on /opt/airflow/dags/crawl_crypto_prices.py
[2026-03-19T03:46:12.433+0000] {processor.py:830} INFO - Processing file /opt/airflow/dags/crawl_crypto_prices.py for tasks to queue
[2026-03-19T03:46:12.434+0000] {logging_mixin.py:188} INFO - [2026-03-19T03:46:12.434+0000] {dagbag.py:538} INFO - Filling up the DagBag from /opt/airflow/dags/crawl_crypto_prices.py
[2026-03-19T03:46:12.438+0000] {logging_mixin.py:188} INFO - [2026-03-19T03:46:12.437+0000] {dagbag.py:348} ERROR - Failed to import: /opt/airflow/dags/crawl_crypto_prices.py
Traceback (most recent call last):
  File "/home/airflow/.local/lib/python3.8/site-packages/airflow/models/dagbag.py", line 344, in parse
    loader.exec_module(new_module)
  File "<frozen importlib._bootstrap_external>", line 843, in exec_module
  File "<frozen importlib._bootstrap>", line 219, in _call_with_frames_removed
  File "/opt/airflow/dags/crawl_crypto_prices.py", line 11, in <module>
    from scripts.db import insert_prices
ModuleNotFoundError: No module named 'scripts.db'
[2026-03-19T03:46:12.438+0000] {processor.py:842} WARNING - No viable dags retrieved from /opt/airflow/dags/crawl_crypto_prices.py
[2026-03-19T03:46:12.452+0000] {processor.py:183} INFO - Processing /opt/airflow/dags/crawl_crypto_prices.py took 0.022 seconds
[2026-03-19T03:46:42.737+0000] {processor.py:161} INFO - Started process (PID=381) to work on /opt/airflow/dags/crawl_crypto_prices.py
[2026-03-19T03:46:42.738+0000] {processor.py:830} INFO - Processing file /opt/airflow/dags/crawl_crypto_prices.py for tasks to queue
[2026-03-19T03:46:42.738+0000] {logging_mixin.py:188} INFO - [2026-03-19T03:46:42.738+0000] {dagbag.py:538} INFO - Filling up the DagBag from /opt/airflow/dags/crawl_crypto_prices.py
[2026-03-19T03:46:42.740+0000] {logging_mixin.py:188} INFO - [2026-03-19T03:46:42.740+0000] {dagbag.py:348} ERROR - Failed to import: /opt/airflow/dags/crawl_crypto_prices.py
Traceback (most recent call last):
  File "/home/airflow/.local/lib/python3.8/site-packages/airflow/models/dagbag.py", line 344, in parse
    loader.exec_module(new_module)
  File "<frozen importlib._bootstrap_external>", line 843, in exec_module
  File "<frozen importlib._bootstrap>", line 219, in _call_with_frames_removed
  File "/opt/airflow/dags/crawl_crypto_prices.py", line 11, in <module>
    from scripts.db import insert_prices
ModuleNotFoundError: No module named 'scripts.db'
[2026-03-19T03:46:42.741+0000] {processor.py:842} WARNING - No viable dags retrieved from /opt/airflow/dags/crawl_crypto_prices.py
[2026-03-19T03:46:42.750+0000] {processor.py:183} INFO - Processing /opt/airflow/dags/crawl_crypto_prices.py took 0.014 seconds
[2026-03-19T03:47:13.062+0000] {processor.py:161} INFO - Started process (PID=386) to work on /opt/airflow/dags/crawl_crypto_prices.py
[2026-03-19T03:47:13.063+0000] {processor.py:830} INFO - Processing file /opt/airflow/dags/crawl_crypto_prices.py for tasks to queue
[2026-03-19T03:47:13.063+0000] {logging_mixin.py:188} INFO - [2026-03-19T03:47:13.063+0000] {dagbag.py:538} INFO - Filling up the DagBag from /opt/airflow/dags/crawl_crypto_prices.py
[2026-03-19T03:47:13.067+0000] {logging_mixin.py:188} INFO - [2026-03-19T03:47:13.067+0000] {dagbag.py:348} ERROR - Failed to import: /opt/airflow/dags/crawl_crypto_prices.py
Traceback (most recent call last):
  File "/home/airflow/.local/lib/python3.8/site-packages/airflow/models/dagbag.py", line 344, in parse
    loader.exec_module(new_module)
  File "<frozen importlib._bootstrap_external>", line 843, in exec_module
  File "<frozen importlib._bootstrap>", line 219, in _call_with_frames_removed
  File "/opt/airflow/dags/crawl_crypto_prices.py", line 11, in <module>
    from scripts.db import insert_prices
ModuleNotFoundError: No module named 'scripts.db'
[2026-03-19T03:47:13.068+0000] {processor.py:842} WARNING - No viable dags retrieved from /opt/airflow/dags/crawl_crypto_prices.py
[2026-03-19T03:47:13.083+0000] {processor.py:183} INFO - Processing /opt/airflow/dags/crawl_crypto_prices.py took 0.024 seconds
[2026-03-19T03:47:43.385+0000] {processor.py:161} INFO - Started process (PID=391) to work on /opt/airflow/dags/crawl_crypto_prices.py
[2026-03-19T03:47:43.386+0000] {processor.py:830} INFO - Processing file /opt/airflow/dags/crawl_crypto_prices.py for tasks to queue
[2026-03-19T03:47:43.387+0000] {logging_mixin.py:188} INFO - [2026-03-19T03:47:43.387+0000] {dagbag.py:538} INFO - Filling up the DagBag from /opt/airflow/dags/crawl_crypto_prices.py
[2026-03-19T03:47:43.391+0000] {logging_mixin.py:188} INFO - [2026-03-19T03:47:43.390+0000] {dagbag.py:348} ERROR - Failed to import: /opt/airflow/dags/crawl_crypto_prices.py
Traceback (most recent call last):
  File "/home/airflow/.local/lib/python3.8/site-packages/airflow/models/dagbag.py", line 344, in parse
    loader.exec_module(new_module)
  File "<frozen importlib._bootstrap_external>", line 843, in exec_module
  File "<frozen importlib._bootstrap>", line 219, in _call_with_frames_removed
  File "/opt/airflow/dags/crawl_crypto_prices.py", line 11, in <module>
    from scripts.db import insert_prices
ModuleNotFoundError: No module named 'scripts.db'
[2026-03-19T03:47:43.391+0000] {processor.py:842} WARNING - No viable dags retrieved from /opt/airflow/dags/crawl_crypto_prices.py
[2026-03-19T03:47:43.406+0000] {processor.py:183} INFO - Processing /opt/airflow/dags/crawl_crypto_prices.py took 0.024 seconds
[2026-03-19T03:48:13.723+0000] {processor.py:161} INFO - Started process (PID=396) to work on /opt/airflow/dags/crawl_crypto_prices.py
[2026-03-19T03:48:13.724+0000] {processor.py:830} INFO - Processing file /opt/airflow/dags/crawl_crypto_prices.py for tasks to queue
[2026-03-19T03:48:13.724+0000] {logging_mixin.py:188} INFO - [2026-03-19T03:48:13.724+0000] {dagbag.py:538} INFO - Filling up the DagBag from /opt/airflow/dags/crawl_crypto_prices.py
[2026-03-19T03:48:13.728+0000] {logging_mixin.py:188} INFO - [2026-03-19T03:48:13.728+0000] {dagbag.py:348} ERROR - Failed to import: /opt/airflow/dags/crawl_crypto_prices.py
Traceback (most recent call last):
  File "/home/airflow/.local/lib/python3.8/site-packages/airflow/models/dagbag.py", line 344, in parse
    loader.exec_module(new_module)
  File "<frozen importlib._bootstrap_external>", line 843, in exec_module
  File "<frozen importlib._bootstrap>", line 219, in _call_with_frames_removed
  File "/opt/airflow/dags/crawl_crypto_prices.py", line 11, in <module>
    from scripts.db import insert_prices
ModuleNotFoundError: No module named 'scripts.db'
[2026-03-19T03:48:13.729+0000] {processor.py:842} WARNING - No viable dags retrieved from /opt/airflow/dags/crawl_crypto_prices.py
[2026-03-19T03:48:13.741+0000] {processor.py:183} INFO - Processing /opt/airflow/dags/crawl_crypto_prices.py took 0.021 seconds
[2026-03-19T03:48:44.027+0000] {processor.py:161} INFO - Started process (PID=401) to work on /opt/airflow/dags/crawl_crypto_prices.py
[2026-03-19T03:48:44.028+0000] {processor.py:830} INFO - Processing file /opt/airflow/dags/crawl_crypto_prices.py for tasks to queue
[2026-03-19T03:48:44.029+0000] {logging_mixin.py:188} INFO - [2026-03-19T03:48:44.029+0000] {dagbag.py:538} INFO - Filling up the DagBag from /opt/airflow/dags/crawl_crypto_prices.py
[2026-03-19T03:48:44.034+0000] {logging_mixin.py:188} INFO - [2026-03-19T03:48:44.033+0000] {dagbag.py:348} ERROR - Failed to import: /opt/airflow/dags/crawl_crypto_prices.py
Traceback (most recent call last):
  File "/home/airflow/.local/lib/python3.8/site-packages/airflow/models/dagbag.py", line 344, in parse
    loader.exec_module(new_module)
  File "<frozen importlib._bootstrap_external>", line 843, in exec_module
  File "<frozen importlib._bootstrap>", line 219, in _call_with_frames_removed
  File "/opt/airflow/dags/crawl_crypto_prices.py", line 11, in <module>
    from scripts.db import insert_prices
ModuleNotFoundError: No module named 'scripts.db'
[2026-03-19T03:48:44.034+0000] {processor.py:842} WARNING - No viable dags retrieved from /opt/airflow/dags/crawl_crypto_prices.py
[2026-03-19T03:48:44.050+0000] {processor.py:183} INFO - Processing /opt/airflow/dags/crawl_crypto_prices.py took 0.026 seconds
[2026-03-19T03:49:14.333+0000] {processor.py:161} INFO - Started process (PID=406) to work on /opt/airflow/dags/crawl_crypto_prices.py
[2026-03-19T03:49:14.334+0000] {processor.py:830} INFO - Processing file /opt/airflow/dags/crawl_crypto_prices.py for tasks to queue
[2026-03-19T03:49:14.334+0000] {logging_mixin.py:188} INFO - [2026-03-19T03:49:14.334+0000] {dagbag.py:538} INFO - Filling up the DagBag from /opt/airflow/dags/crawl_crypto_prices.py
[2026-03-19T03:49:14.339+0000] {logging_mixin.py:188} INFO - [2026-03-19T03:49:14.338+0000] {dagbag.py:348} ERROR - Failed to import: /opt/airflow/dags/crawl_crypto_prices.py
Traceback (most recent call last):
  File "/home/airflow/.local/lib/python3.8/site-packages/airflow/models/dagbag.py", line 344, in parse
    loader.exec_module(new_module)
  File "<frozen importlib._bootstrap_external>", line 843, in exec_module
  File "<frozen importlib._bootstrap>", line 219, in _call_with_frames_removed
  File "/opt/airflow/dags/crawl_crypto_prices.py", line 11, in <module>
    from scripts.db import insert_prices
ModuleNotFoundError: No module named 'scripts.db'
[2026-03-19T03:49:14.340+0000] {processor.py:842} WARNING - No viable dags retrieved from /opt/airflow/dags/crawl_crypto_prices.py
[2026-03-19T03:49:14.357+0000] {processor.py:183} INFO - Processing /opt/airflow/dags/crawl_crypto_prices.py took 0.028 seconds
[2026-03-19T03:49:44.666+0000] {processor.py:161} INFO - Started process (PID=411) to work on /opt/airflow/dags/crawl_crypto_prices.py
[2026-03-19T03:49:44.667+0000] {processor.py:830} INFO - Processing file /opt/airflow/dags/crawl_crypto_prices.py for tasks to queue
[2026-03-19T03:49:44.668+0000] {logging_mixin.py:188} INFO - [2026-03-19T03:49:44.668+0000] {dagbag.py:538} INFO - Filling up the DagBag from /opt/airflow/dags/crawl_crypto_prices.py
[2026-03-19T03:49:44.672+0000] {logging_mixin.py:188} INFO - [2026-03-19T03:49:44.671+0000] {dagbag.py:348} ERROR - Failed to import: /opt/airflow/dags/crawl_crypto_prices.py
Traceback (most recent call last):
  File "/home/airflow/.local/lib/python3.8/site-packages/airflow/models/dagbag.py", line 344, in parse
    loader.exec_module(new_module)
  File "<frozen importlib._bootstrap_external>", line 843, in exec_module
  File "<frozen importlib._bootstrap>", line 219, in _call_with_frames_removed
  File "/opt/airflow/dags/crawl_crypto_prices.py", line 11, in <module>
    from scripts.db import insert_prices
ModuleNotFoundError: No module named 'scripts.db'
[2026-03-19T03:49:44.673+0000] {processor.py:842} WARNING - No viable dags retrieved from /opt/airflow/dags/crawl_crypto_prices.py
[2026-03-19T03:49:44.687+0000] {processor.py:183} INFO - Processing /opt/airflow/dags/crawl_crypto_prices.py took 0.024 seconds
[2026-03-19T03:50:14.951+0000] {processor.py:161} INFO - Started process (PID=416) to work on /opt/airflow/dags/crawl_crypto_prices.py
[2026-03-19T03:50:14.951+0000] {processor.py:830} INFO - Processing file /opt/airflow/dags/crawl_crypto_prices.py for tasks to queue
[2026-03-19T03:50:14.952+0000] {logging_mixin.py:188} INFO - [2026-03-19T03:50:14.952+0000] {dagbag.py:538} INFO - Filling up the DagBag from /opt/airflow/dags/crawl_crypto_prices.py
[2026-03-19T03:50:14.955+0000] {logging_mixin.py:188} INFO - [2026-03-19T03:50:14.955+0000] {dagbag.py:348} ERROR - Failed to import: /opt/airflow/dags/crawl_crypto_prices.py
Traceback (most recent call last):
  File "/home/airflow/.local/lib/python3.8/site-packages/airflow/models/dagbag.py", line 344, in parse
    loader.exec_module(new_module)
  File "<frozen importlib._bootstrap_external>", line 843, in exec_module
  File "<frozen importlib._bootstrap>", line 219, in _call_with_frames_removed
  File "/opt/airflow/dags/crawl_crypto_prices.py", line 11, in <module>
    from scripts.db import insert_prices
ModuleNotFoundError: No module named 'scripts.db'
[2026-03-19T03:50:14.955+0000] {processor.py:842} WARNING - No viable dags retrieved from /opt/airflow/dags/crawl_crypto_prices.py
[2026-03-19T03:50:14.964+0000] {processor.py:183} INFO - Processing /opt/airflow/dags/crawl_crypto_prices.py took 0.015 seconds
[2026-03-19T03:50:45.218+0000] {processor.py:161} INFO - Started process (PID=422) to work on /opt/airflow/dags/crawl_crypto_prices.py
[2026-03-19T03:50:45.219+0000] {processor.py:830} INFO - Processing file /opt/airflow/dags/crawl_crypto_prices.py for tasks to queue
[2026-03-19T03:50:45.220+0000] {logging_mixin.py:188} INFO - [2026-03-19T03:50:45.220+0000] {dagbag.py:538} INFO - Filling up the DagBag from /opt/airflow/dags/crawl_crypto_prices.py
[2026-03-19T03:50:45.227+0000] {logging_mixin.py:188} INFO - [2026-03-19T03:50:45.225+0000] {dagbag.py:348} ERROR - Failed to import: /opt/airflow/dags/crawl_crypto_prices.py
Traceback (most recent call last):
  File "/home/airflow/.local/lib/python3.8/site-packages/airflow/models/dagbag.py", line 344, in parse
    loader.exec_module(new_module)
  File "<frozen importlib._bootstrap_external>", line 843, in exec_module
  File "<frozen importlib._bootstrap>", line 219, in _call_with_frames_removed
  File "/opt/airflow/dags/crawl_crypto_prices.py", line 11, in <module>
    from scripts.db import insert_prices
ModuleNotFoundError: No module named 'scripts.db'
[2026-03-19T03:50:45.227+0000] {processor.py:842} WARNING - No viable dags retrieved from /opt/airflow/dags/crawl_crypto_prices.py
[2026-03-19T03:50:45.252+0000] {processor.py:183} INFO - Processing /opt/airflow/dags/crawl_crypto_prices.py took 0.038 seconds
[2026-03-19T03:51:05.858+0000] {processor.py:161} INFO - Started process (PID=168) to work on /opt/airflow/dags/crawl_crypto_prices.py
[2026-03-19T03:51:05.858+0000] {processor.py:830} INFO - Processing file /opt/airflow/dags/crawl_crypto_prices.py for tasks to queue
[2026-03-19T03:51:05.859+0000] {logging_mixin.py:188} INFO - [2026-03-19T03:51:05.859+0000] {dagbag.py:538} INFO - Filling up the DagBag from /opt/airflow/dags/crawl_crypto_prices.py
[2026-03-19T03:51:05.866+0000] {processor.py:840} INFO - DAG(s) 'crawl_crypto_prices' retrieved from /opt/airflow/dags/crawl_crypto_prices.py
[2026-03-19T03:51:05.877+0000] {logging_mixin.py:188} INFO - [2026-03-19T03:51:05.877+0000] {dag.py:3036} INFO - Sync 1 DAGs
[2026-03-19T03:51:05.887+0000] {logging_mixin.py:188} INFO - [2026-03-19T03:51:05.887+0000] {dag.py:3823} INFO - Setting next_dagrun for crawl_crypto_prices to 2026-03-19 03:00:00+00:00, run_after=2026-03-19 04:00:00+00:00
[2026-03-19T03:51:05.895+0000] {processor.py:183} INFO - Processing /opt/airflow/dags/crawl_crypto_prices.py took 0.038 seconds
[2026-03-19T03:51:36.146+0000] {processor.py:161} INFO - Started process (PID=178) to work on /opt/airflow/dags/crawl_crypto_prices.py
[2026-03-19T03:51:36.147+0000] {processor.py:830} INFO - Processing file /opt/airflow/dags/crawl_crypto_prices.py for tasks to queue
[2026-03-19T03:51:36.147+0000] {logging_mixin.py:188} INFO - [2026-03-19T03:51:36.147+0000] {dagbag.py:538} INFO - Filling up the DagBag from /opt/airflow/dags/crawl_crypto_prices.py
[2026-03-19T03:51:36.155+0000] {processor.py:840} INFO - DAG(s) 'crawl_crypto_prices' retrieved from /opt/airflow/dags/crawl_crypto_prices.py
[2026-03-19T03:51:36.266+0000] {logging_mixin.py:188} INFO - [2026-03-19T03:51:36.266+0000] {dag.py:3036} INFO - Sync 1 DAGs
[2026-03-19T03:51:36.274+0000] {logging_mixin.py:188} INFO - [2026-03-19T03:51:36.273+0000] {dag.py:3823} INFO - Setting next_dagrun for crawl_crypto_prices to 2026-03-19 03:00:00+00:00, run_after=2026-03-19 04:00:00+00:00
[2026-03-19T03:51:36.279+0000] {processor.py:183} INFO - Processing /opt/airflow/dags/crawl_crypto_prices.py took 0.135 seconds
[2026-03-19T03:52:06.385+0000] {processor.py:161} INFO - Started process (PID=185) to work on /opt/airflow/dags/crawl_crypto_prices.py
[2026-03-19T03:52:06.385+0000] {processor.py:830} INFO - Processing file /opt/airflow/dags/crawl_crypto_prices.py for tasks to queue
[2026-03-19T03:52:06.386+0000] {logging_mixin.py:188} INFO - [2026-03-19T03:52:06.386+0000] {dagbag.py:538} INFO - Filling up the DagBag from /opt/airflow/dags/crawl_crypto_prices.py
[2026-03-19T03:52:06.397+0000] {processor.py:840} INFO - DAG(s) 'crawl_crypto_prices' retrieved from /opt/airflow/dags/crawl_crypto_prices.py
[2026-03-19T03:52:06.418+0000] {logging_mixin.py:188} INFO - [2026-03-19T03:52:06.417+0000] {dag.py:3036} INFO - Sync 1 DAGs
[2026-03-19T03:52:06.428+0000] {logging_mixin.py:188} INFO - [2026-03-19T03:52:06.428+0000] {dag.py:3823} INFO - Setting next_dagrun for crawl_crypto_prices to 2026-03-19 03:00:00+00:00, run_after=2026-03-19 04:00:00+00:00
[2026-03-19T03:52:06.434+0000] {processor.py:183} INFO - Processing /opt/airflow/dags/crawl_crypto_prices.py took 0.054 seconds
[2026-03-19T03:52:36.652+0000] {processor.py:161} INFO - Started process (PID=190) to work on /opt/airflow/dags/crawl_crypto_prices.py
[2026-03-19T03:52:36.653+0000] {processor.py:830} INFO - Processing file /opt/airflow/dags/crawl_crypto_prices.py for tasks to queue
[2026-03-19T03:52:36.653+0000] {logging_mixin.py:188} INFO - [2026-03-19T03:52:36.653+0000] {dagbag.py:538} INFO - Filling up the DagBag from /opt/airflow/dags/crawl_crypto_prices.py
[2026-03-19T03:52:36.665+0000] {processor.py:840} INFO - DAG(s) 'crawl_crypto_prices' retrieved from /opt/airflow/dags/crawl_crypto_prices.py
[2026-03-19T03:52:36.683+0000] {logging_mixin.py:188} INFO - [2026-03-19T03:52:36.683+0000] {dag.py:3036} INFO - Sync 1 DAGs
[2026-03-19T03:52:36.693+0000] {logging_mixin.py:188} INFO - [2026-03-19T03:52:36.693+0000] {dag.py:3823} INFO - Setting next_dagrun for crawl_crypto_prices to 2026-03-19 03:00:00+00:00, run_after=2026-03-19 04:00:00+00:00
[2026-03-19T03:52:36.699+0000] {processor.py:183} INFO - Processing /opt/airflow/dags/crawl_crypto_prices.py took 0.051 seconds
[2026-03-19T03:53:06.901+0000] {processor.py:161} INFO - Started process (PID=195) to work on /opt/airflow/dags/crawl_crypto_prices.py
[2026-03-19T03:53:06.902+0000] {processor.py:830} INFO - Processing file /opt/airflow/dags/crawl_crypto_prices.py for tasks to queue
[2026-03-19T03:53:06.903+0000] {logging_mixin.py:188} INFO - [2026-03-19T03:53:06.903+0000] {dagbag.py:538} INFO - Filling up the DagBag from /opt/airflow/dags/crawl_crypto_prices.py
[2026-03-19T03:53:06.913+0000] {processor.py:840} INFO - DAG(s) 'crawl_crypto_prices' retrieved from /opt/airflow/dags/crawl_crypto_prices.py
[2026-03-19T03:53:06.932+0000] {logging_mixin.py:188} INFO - [2026-03-19T03:53:06.932+0000] {dag.py:3036} INFO - Sync 1 DAGs
[2026-03-19T03:53:06.942+0000] {logging_mixin.py:188} INFO - [2026-03-19T03:53:06.941+0000] {dag.py:3823} INFO - Setting next_dagrun for crawl_crypto_prices to 2026-03-19 03:00:00+00:00, run_after=2026-03-19 04:00:00+00:00
[2026-03-19T03:53:06.948+0000] {processor.py:183} INFO - Processing /opt/airflow/dags/crawl_crypto_prices.py took 0.051 seconds
[2026-03-19T03:53:37.199+0000] {processor.py:161} INFO - Started process (PID=200) to work on /opt/airflow/dags/crawl_crypto_prices.py
[2026-03-19T03:53:37.200+0000] {processor.py:830} INFO - Processing file /opt/airflow/dags/crawl_crypto_prices.py for tasks to queue
[2026-03-19T03:53:37.201+0000] {logging_mixin.py:188} INFO - [2026-03-19T03:53:37.200+0000] {dagbag.py:538} INFO - Filling up the DagBag from /opt/airflow/dags/crawl_crypto_prices.py
[2026-03-19T03:53:37.210+0000] {processor.py:840} INFO - DAG(s) 'crawl_crypto_prices' retrieved from /opt/airflow/dags/crawl_crypto_prices.py
[2026-03-19T03:53:37.227+0000] {logging_mixin.py:188} INFO - [2026-03-19T03:53:37.227+0000] {dag.py:3036} INFO - Sync 1 DAGs
[2026-03-19T03:53:37.238+0000] {logging_mixin.py:188} INFO - [2026-03-19T03:53:37.238+0000] {dag.py:3823} INFO - Setting next_dagrun for crawl_crypto_prices to 2026-03-19 03:00:00+00:00, run_after=2026-03-19 04:00:00+00:00
[2026-03-19T03:53:37.246+0000] {processor.py:183} INFO - Processing /opt/airflow/dags/crawl_crypto_prices.py took 0.050 seconds
[2026-03-19T03:54:07.492+0000] {processor.py:161} INFO - Started process (PID=205) to work on /opt/airflow/dags/crawl_crypto_prices.py
[2026-03-19T03:54:07.492+0000] {processor.py:830} INFO - Processing file /opt/airflow/dags/crawl_crypto_prices.py for tasks to queue
[2026-03-19T03:54:07.493+0000] {logging_mixin.py:188} INFO - [2026-03-19T03:54:07.493+0000] {dagbag.py:538} INFO - Filling up the DagBag from /opt/airflow/dags/crawl_crypto_prices.py
[2026-03-19T03:54:07.503+0000] {processor.py:840} INFO - DAG(s) 'crawl_crypto_prices' retrieved from /opt/airflow/dags/crawl_crypto_prices.py
[2026-03-19T03:54:07.520+0000] {logging_mixin.py:188} INFO - [2026-03-19T03:54:07.520+0000] {dag.py:3036} INFO - Sync 1 DAGs
[2026-03-19T03:54:07.530+0000] {logging_mixin.py:188} INFO - [2026-03-19T03:54:07.530+0000] {dag.py:3823} INFO - Setting next_dagrun for crawl_crypto_prices to 2026-03-19 03:00:00+00:00, run_after=2026-03-19 04:00:00+00:00
[2026-03-19T03:54:07.537+0000] {processor.py:183} INFO - Processing /opt/airflow/dags/crawl_crypto_prices.py took 0.048 seconds
[2026-03-19T03:54:37.807+0000] {processor.py:161} INFO - Started process (PID=210) to work on /opt/airflow/dags/crawl_crypto_prices.py
[2026-03-19T03:54:37.807+0000] {processor.py:830} INFO - Processing file /opt/airflow/dags/crawl_crypto_prices.py for tasks to queue
[2026-03-19T03:54:37.808+0000] {logging_mixin.py:188} INFO - [2026-03-19T03:54:37.808+0000] {dagbag.py:538} INFO - Filling up the DagBag from /opt/airflow/dags/crawl_crypto_prices.py
[2026-03-19T03:54:37.818+0000] {processor.py:840} INFO - DAG(s) 'crawl_crypto_prices' retrieved from /opt/airflow/dags/crawl_crypto_prices.py
[2026-03-19T03:54:37.836+0000] {logging_mixin.py:188} INFO - [2026-03-19T03:54:37.835+0000] {dag.py:3036} INFO - Sync 1 DAGs
[2026-03-19T03:54:37.845+0000] {logging_mixin.py:188} INFO - [2026-03-19T03:54:37.845+0000] {dag.py:3823} INFO - Setting next_dagrun for crawl_crypto_prices to 2026-03-19 03:00:00+00:00, run_after=2026-03-19 04:00:00+00:00
[2026-03-19T03:54:37.852+0000] {processor.py:183} INFO - Processing /opt/airflow/dags/crawl_crypto_prices.py took 0.048 seconds
[2026-03-19T03:55:08.078+0000] {processor.py:161} INFO - Started process (PID=215) to work on /opt/airflow/dags/crawl_crypto_prices.py
[2026-03-19T03:55:08.079+0000] {processor.py:830} INFO - Processing file /opt/airflow/dags/crawl_crypto_prices.py for tasks to queue
[2026-03-19T03:55:08.080+0000] {logging_mixin.py:188} INFO - [2026-03-19T03:55:08.080+0000] {dagbag.py:538} INFO - Filling up the DagBag from /opt/airflow/dags/crawl_crypto_prices.py
[2026-03-19T03:55:08.089+0000] {processor.py:840} INFO - DAG(s) 'crawl_crypto_prices' retrieved from /opt/airflow/dags/crawl_crypto_prices.py
[2026-03-19T03:55:08.117+0000] {logging_mixin.py:188} INFO - [2026-03-19T03:55:08.117+0000] {dag.py:3036} INFO - Sync 1 DAGs
[2026-03-19T03:55:08.130+0000] {logging_mixin.py:188} INFO - [2026-03-19T03:55:08.129+0000] {dag.py:3823} INFO - Setting next_dagrun for crawl_crypto_prices to 2026-03-19 03:00:00+00:00, run_after=2026-03-19 04:00:00+00:00
[2026-03-19T03:55:08.139+0000] {processor.py:183} INFO - Processing /opt/airflow/dags/crawl_crypto_prices.py took 0.065 seconds
[2026-03-19T03:55:38.397+0000] {processor.py:161} INFO - Started process (PID=220) to work on /opt/airflow/dags/crawl_crypto_prices.py
[2026-03-19T03:55:38.398+0000] {processor.py:830} INFO - Processing file /opt/airflow/dags/crawl_crypto_prices.py for tasks to queue
[2026-03-19T03:55:38.399+0000] {logging_mixin.py:188} INFO - [2026-03-19T03:55:38.399+0000] {dagbag.py:538} INFO - Filling up the DagBag from /opt/airflow/dags/crawl_crypto_prices.py
[2026-03-19T03:55:38.411+0000] {processor.py:840} INFO - DAG(s) 'crawl_crypto_prices' retrieved from /opt/airflow/dags/crawl_crypto_prices.py
[2026-03-19T03:55:38.431+0000] {logging_mixin.py:188} INFO - [2026-03-19T03:55:38.430+0000] {dag.py:3036} INFO - Sync 1 DAGs
[2026-03-19T03:55:38.441+0000] {logging_mixin.py:188} INFO - [2026-03-19T03:55:38.441+0000] {dag.py:3823} INFO - Setting next_dagrun for crawl_crypto_prices to 2026-03-19 03:00:00+00:00, run_after=2026-03-19 04:00:00+00:00
[2026-03-19T03:55:38.447+0000] {processor.py:183} INFO - Processing /opt/airflow/dags/crawl_crypto_prices.py took 0.053 seconds
[2026-03-19T03:56:08.701+0000] {processor.py:161} INFO - Started process (PID=225) to work on /opt/airflow/dags/crawl_crypto_prices.py
[2026-03-19T03:56:08.702+0000] {processor.py:830} INFO - Processing file /opt/airflow/dags/crawl_crypto_prices.py for tasks to queue
[2026-03-19T03:56:08.703+0000] {logging_mixin.py:188} INFO - [2026-03-19T03:56:08.703+0000] {dagbag.py:538} INFO - Filling up the DagBag from /opt/airflow/dags/crawl_crypto_prices.py
[2026-03-19T03:56:08.715+0000] {processor.py:840} INFO - DAG(s) 'crawl_crypto_prices' retrieved from /opt/airflow/dags/crawl_crypto_prices.py
[2026-03-19T03:56:08.734+0000] {logging_mixin.py:188} INFO - [2026-03-19T03:56:08.734+0000] {dag.py:3036} INFO - Sync 1 DAGs
[2026-03-19T03:56:08.744+0000] {logging_mixin.py:188} INFO - [2026-03-19T03:56:08.744+0000] {dag.py:3823} INFO - Setting next_dagrun for crawl_crypto_prices to 2026-03-19 03:00:00+00:00, run_after=2026-03-19 04:00:00+00:00
[2026-03-19T03:56:08.750+0000] {processor.py:183} INFO - Processing /opt/airflow/dags/crawl_crypto_prices.py took 0.052 seconds
[2026-03-19T03:56:39.027+0000] {processor.py:161} INFO - Started process (PID=230) to work on /opt/airflow/dags/crawl_crypto_prices.py
[2026-03-19T03:56:39.028+0000] {processor.py:830} INFO - Processing file /opt/airflow/dags/crawl_crypto_prices.py for tasks to queue
[2026-03-19T03:56:39.029+0000] {logging_mixin.py:188} INFO - [2026-03-19T03:56:39.029+0000] {dagbag.py:538} INFO - Filling up the DagBag from /opt/airflow/dags/crawl_crypto_prices.py
[2026-03-19T03:56:39.039+0000] {processor.py:840} INFO - DAG(s) 'crawl_crypto_prices' retrieved from /opt/airflow/dags/crawl_crypto_prices.py
[2026-03-19T03:56:39.057+0000] {logging_mixin.py:188} INFO - [2026-03-19T03:56:39.057+0000] {dag.py:3036} INFO - Sync 1 DAGs
[2026-03-19T03:56:39.068+0000] {logging_mixin.py:188} INFO - [2026-03-19T03:56:39.068+0000] {dag.py:3823} INFO - Setting next_dagrun for crawl_crypto_prices to 2026-03-19 03:00:00+00:00, run_after=2026-03-19 04:00:00+00:00
[2026-03-19T03:56:39.074+0000] {processor.py:183} INFO - Processing /opt/airflow/dags/crawl_crypto_prices.py took 0.050 seconds
[2026-03-19T03:57:09.361+0000] {processor.py:161} INFO - Started process (PID=235) to work on /opt/airflow/dags/crawl_crypto_prices.py
[2026-03-19T03:57:09.362+0000] {processor.py:830} INFO - Processing file /opt/airflow/dags/crawl_crypto_prices.py for tasks to queue
[2026-03-19T03:57:09.363+0000] {logging_mixin.py:188} INFO - [2026-03-19T03:57:09.362+0000] {dagbag.py:538} INFO - Filling up the DagBag from /opt/airflow/dags/crawl_crypto_prices.py
[2026-03-19T03:57:09.373+0000] {processor.py:840} INFO - DAG(s) 'crawl_crypto_prices' retrieved from /opt/airflow/dags/crawl_crypto_prices.py
[2026-03-19T03:57:09.392+0000] {logging_mixin.py:188} INFO - [2026-03-19T03:57:09.392+0000] {dag.py:3036} INFO - Sync 1 DAGs
[2026-03-19T03:57:09.402+0000] {logging_mixin.py:188} INFO - [2026-03-19T03:57:09.402+0000] {dag.py:3823} INFO - Setting next_dagrun for crawl_crypto_prices to 2026-03-19 03:00:00+00:00, run_after=2026-03-19 04:00:00+00:00
[2026-03-19T03:57:09.409+0000] {processor.py:183} INFO - Processing /opt/airflow/dags/crawl_crypto_prices.py took 0.051 seconds
[2026-03-19T03:57:39.719+0000] {processor.py:161} INFO - Started process (PID=240) to work on /opt/airflow/dags/crawl_crypto_prices.py
[2026-03-19T03:57:39.720+0000] {processor.py:830} INFO - Processing file /opt/airflow/dags/crawl_crypto_prices.py for tasks to queue
[2026-03-19T03:57:39.721+0000] {logging_mixin.py:188} INFO - [2026-03-19T03:57:39.720+0000] {dagbag.py:538} INFO - Filling up the DagBag from /opt/airflow/dags/crawl_crypto_prices.py
[2026-03-19T03:57:39.734+0000] {processor.py:840} INFO - DAG(s) 'crawl_crypto_prices' retrieved from /opt/airflow/dags/crawl_crypto_prices.py
[2026-03-19T03:57:39.760+0000] {logging_mixin.py:188} INFO - [2026-03-19T03:57:39.760+0000] {dag.py:3036} INFO - Sync 1 DAGs
[2026-03-19T03:57:39.771+0000] {logging_mixin.py:188} INFO - [2026-03-19T03:57:39.771+0000] {dag.py:3823} INFO - Setting next_dagrun for crawl_crypto_prices to 2026-03-19 03:00:00+00:00, run_after=2026-03-19 04:00:00+00:00
[2026-03-19T03:57:39.778+0000] {processor.py:183} INFO - Processing /opt/airflow/dags/crawl_crypto_prices.py took 0.064 seconds
[2026-03-19T04:04:23.907+0000] {processor.py:161} INFO - Started process (PID=247) to work on /opt/airflow/dags/crawl_crypto_prices.py
[2026-03-19T04:04:23.908+0000] {processor.py:830} INFO - Processing file /opt/airflow/dags/crawl_crypto_prices.py for tasks to queue
[2026-03-19T04:04:23.910+0000] {logging_mixin.py:188} INFO - [2026-03-19T04:04:23.909+0000] {dagbag.py:538} INFO - Filling up the DagBag from /opt/airflow/dags/crawl_crypto_prices.py
[2026-03-19T04:04:23.922+0000] {processor.py:840} INFO - DAG(s) 'crawl_crypto_prices' retrieved from /opt/airflow/dags/crawl_crypto_prices.py
[2026-03-19T04:04:23.954+0000] {logging_mixin.py:188} INFO - [2026-03-19T04:04:23.954+0000] {dag.py:3036} INFO - Sync 1 DAGs
[2026-03-19T04:04:23.981+0000] {logging_mixin.py:188} INFO - [2026-03-19T04:04:23.981+0000] {dag.py:3823} INFO - Setting next_dagrun for crawl_crypto_prices to 2026-03-19 04:00:00+00:00, run_after=2026-03-19 05:00:00+00:00
[2026-03-19T04:04:24.002+0000] {processor.py:183} INFO - Processing /opt/airflow/dags/crawl_crypto_prices.py took 0.099 seconds
[2026-03-19T04:05:17.517+0000] {processor.py:161} INFO - Started process (PID=169) to work on /opt/airflow/dags/crawl_crypto_prices.py
[2026-03-19T04:05:17.519+0000] {processor.py:830} INFO - Processing file /opt/airflow/dags/crawl_crypto_prices.py for tasks to queue
[2026-03-19T04:05:17.519+0000] {logging_mixin.py:188} INFO - [2026-03-19T04:05:17.519+0000] {dagbag.py:538} INFO - Filling up the DagBag from /opt/airflow/dags/crawl_crypto_prices.py
[2026-03-19T04:05:17.530+0000] {processor.py:840} INFO - DAG(s) 'crawl_crypto_prices' retrieved from /opt/airflow/dags/crawl_crypto_prices.py
[2026-03-19T04:05:17.615+0000] {logging_mixin.py:188} INFO - [2026-03-19T04:05:17.615+0000] {override.py:1769} INFO - Created Permission View: can read on DAG:crawl_crypto_prices
[2026-03-19T04:05:17.618+0000] {logging_mixin.py:188} INFO - [2026-03-19T04:05:17.618+0000] {override.py:1769} INFO - Created Permission View: can edit on DAG:crawl_crypto_prices
[2026-03-19T04:05:17.620+0000] {logging_mixin.py:188} INFO - [2026-03-19T04:05:17.620+0000] {override.py:1769} INFO - Created Permission View: can delete on DAG:crawl_crypto_prices
[2026-03-19T04:05:17.620+0000] {logging_mixin.py:188} INFO - [2026-03-19T04:05:17.620+0000] {dag.py:3036} INFO - Sync 1 DAGs
[2026-03-19T04:05:17.625+0000] {logging_mixin.py:188} INFO - [2026-03-19T04:05:17.624+0000] {dag.py:3058} INFO - Creating ORM DAG for crawl_crypto_prices
[2026-03-19T04:05:17.629+0000] {logging_mixin.py:188} INFO - [2026-03-19T04:05:17.629+0000] {dag.py:3823} INFO - Setting next_dagrun for crawl_crypto_prices to 2026-03-19 03:00:00+00:00, run_after=2026-03-19 04:00:00+00:00
[2026-03-19T04:05:17.634+0000] {processor.py:183} INFO - Processing /opt/airflow/dags/crawl_crypto_prices.py took 0.118 seconds
[2026-03-19T04:05:47.769+0000] {processor.py:161} INFO - Started process (PID=174) to work on /opt/airflow/dags/crawl_crypto_prices.py
[2026-03-19T04:05:47.770+0000] {processor.py:830} INFO - Processing file /opt/airflow/dags/crawl_crypto_prices.py for tasks to queue
[2026-03-19T04:05:47.771+0000] {logging_mixin.py:188} INFO - [2026-03-19T04:05:47.771+0000] {dagbag.py:538} INFO - Filling up the DagBag from /opt/airflow/dags/crawl_crypto_prices.py
[2026-03-19T04:05:47.782+0000] {processor.py:840} INFO - DAG(s) 'crawl_crypto_prices' retrieved from /opt/airflow/dags/crawl_crypto_prices.py
[2026-03-19T04:05:47.801+0000] {logging_mixin.py:188} INFO - [2026-03-19T04:05:47.801+0000] {dag.py:3036} INFO - Sync 1 DAGs
[2026-03-19T04:05:47.812+0000] {logging_mixin.py:188} INFO - [2026-03-19T04:05:47.811+0000] {dag.py:3823} INFO - Setting next_dagrun for crawl_crypto_prices to 2026-03-19 03:00:00+00:00, run_after=2026-03-19 04:00:00+00:00
[2026-03-19T04:05:47.818+0000] {processor.py:183} INFO - Processing /opt/airflow/dags/crawl_crypto_prices.py took 0.053 seconds
[2026-03-19T04:06:18.072+0000] {processor.py:161} INFO - Started process (PID=179) to work on /opt/airflow/dags/crawl_crypto_prices.py
[2026-03-19T04:06:18.073+0000] {processor.py:830} INFO - Processing file /opt/airflow/dags/crawl_crypto_prices.py for tasks to queue
[2026-03-19T04:06:18.073+0000] {logging_mixin.py:188} INFO - [2026-03-19T04:06:18.073+0000] {dagbag.py:538} INFO - Filling up the DagBag from /opt/airflow/dags/crawl_crypto_prices.py
[2026-03-19T04:06:18.083+0000] {processor.py:840} INFO - DAG(s) 'crawl_crypto_prices' retrieved from /opt/airflow/dags/crawl_crypto_prices.py
[2026-03-19T04:06:18.101+0000] {logging_mixin.py:188} INFO - [2026-03-19T04:06:18.101+0000] {dag.py:3036} INFO - Sync 1 DAGs
[2026-03-19T04:06:18.112+0000] {logging_mixin.py:188} INFO - [2026-03-19T04:06:18.112+0000] {dag.py:3823} INFO - Setting next_dagrun for crawl_crypto_prices to 2026-03-19 03:00:00+00:00, run_after=2026-03-19 04:00:00+00:00
[2026-03-19T04:06:18.118+0000] {processor.py:183} INFO - Processing /opt/airflow/dags/crawl_crypto_prices.py took 0.050 seconds
[2026-03-19T04:06:48.357+0000] {processor.py:161} INFO - Started process (PID=184) to work on /opt/airflow/dags/crawl_crypto_prices.py
[2026-03-19T04:06:48.358+0000] {processor.py:830} INFO - Processing file /opt/airflow/dags/crawl_crypto_prices.py for tasks to queue
[2026-03-19T04:06:48.358+0000] {logging_mixin.py:188} INFO - [2026-03-19T04:06:48.358+0000] {dagbag.py:538} INFO - Filling up the DagBag from /opt/airflow/dags/crawl_crypto_prices.py
[2026-03-19T04:06:48.365+0000] {processor.py:840} INFO - DAG(s) 'crawl_crypto_prices' retrieved from /opt/airflow/dags/crawl_crypto_prices.py
[2026-03-19T04:06:48.377+0000] {logging_mixin.py:188} INFO - [2026-03-19T04:06:48.377+0000] {dag.py:3036} INFO - Sync 1 DAGs
[2026-03-19T04:06:48.385+0000] {logging_mixin.py:188} INFO - [2026-03-19T04:06:48.385+0000] {dag.py:3823} INFO - Setting next_dagrun for crawl_crypto_prices to 2026-03-19 03:00:00+00:00, run_after=2026-03-19 04:00:00+00:00
[2026-03-19T04:06:48.390+0000] {processor.py:183} INFO - Processing /opt/airflow/dags/crawl_crypto_prices.py took 0.036 seconds
[2026-03-19T04:07:18.706+0000] {processor.py:161} INFO - Started process (PID=189) to work on /opt/airflow/dags/crawl_crypto_prices.py
[2026-03-19T04:07:18.708+0000] {processor.py:830} INFO - Processing file /opt/airflow/dags/crawl_crypto_prices.py for tasks to queue
[2026-03-19T04:07:18.708+0000] {logging_mixin.py:188} INFO - [2026-03-19T04:07:18.708+0000] {dagbag.py:538} INFO - Filling up the DagBag from /opt/airflow/dags/crawl_crypto_prices.py
[2026-03-19T04:07:18.718+0000] {processor.py:840} INFO - DAG(s) 'crawl_crypto_prices' retrieved from /opt/airflow/dags/crawl_crypto_prices.py
[2026-03-19T04:07:18.736+0000] {logging_mixin.py:188} INFO - [2026-03-19T04:07:18.736+0000] {dag.py:3036} INFO - Sync 1 DAGs
[2026-03-19T04:07:18.746+0000] {logging_mixin.py:188} INFO - [2026-03-19T04:07:18.746+0000] {dag.py:3823} INFO - Setting next_dagrun for crawl_crypto_prices to 2026-03-19 03:00:00+00:00, run_after=2026-03-19 04:00:00+00:00
[2026-03-19T04:07:18.752+0000] {processor.py:183} INFO - Processing /opt/airflow/dags/crawl_crypto_prices.py took 0.048 seconds
[2026-03-19T04:07:49.039+0000] {processor.py:161} INFO - Started process (PID=194) to work on /opt/airflow/dags/crawl_crypto_prices.py
[2026-03-19T04:07:49.039+0000] {processor.py:830} INFO - Processing file /opt/airflow/dags/crawl_crypto_prices.py for tasks to queue
[2026-03-19T04:07:49.040+0000] {logging_mixin.py:188} INFO - [2026-03-19T04:07:49.040+0000] {dagbag.py:538} INFO - Filling up the DagBag from /opt/airflow/dags/crawl_crypto_prices.py
[2026-03-19T04:07:49.050+0000] {processor.py:840} INFO - DAG(s) 'crawl_crypto_prices' retrieved from /opt/airflow/dags/crawl_crypto_prices.py
[2026-03-19T04:07:49.066+0000] {logging_mixin.py:188} INFO - [2026-03-19T04:07:49.066+0000] {dag.py:3036} INFO - Sync 1 DAGs
[2026-03-19T04:07:49.075+0000] {logging_mixin.py:188} INFO - [2026-03-19T04:07:49.075+0000] {dag.py:3823} INFO - Setting next_dagrun for crawl_crypto_prices to 2026-03-19 03:00:00+00:00, run_after=2026-03-19 04:00:00+00:00
[2026-03-19T04:07:49.082+0000] {processor.py:183} INFO - Processing /opt/airflow/dags/crawl_crypto_prices.py took 0.047 seconds
[2026-03-19T04:08:19.343+0000] {processor.py:161} INFO - Started process (PID=199) to work on /opt/airflow/dags/crawl_crypto_prices.py
[2026-03-19T04:08:19.344+0000] {processor.py:830} INFO - Processing file /opt/airflow/dags/crawl_crypto_prices.py for tasks to queue
[2026-03-19T04:08:19.344+0000] {logging_mixin.py:188} INFO - [2026-03-19T04:08:19.344+0000] {dagbag.py:538} INFO - Filling up the DagBag from /opt/airflow/dags/crawl_crypto_prices.py
[2026-03-19T04:08:19.355+0000] {processor.py:840} INFO - DAG(s) 'crawl_crypto_prices' retrieved from /opt/airflow/dags/crawl_crypto_prices.py
[2026-03-19T04:08:19.371+0000] {logging_mixin.py:188} INFO - [2026-03-19T04:08:19.371+0000] {dag.py:3036} INFO - Sync 1 DAGs
[2026-03-19T04:08:19.381+0000] {logging_mixin.py:188} INFO - [2026-03-19T04:08:19.381+0000] {dag.py:3823} INFO - Setting next_dagrun for crawl_crypto_prices to 2026-03-19 03:00:00+00:00, run_after=2026-03-19 04:00:00+00:00
[2026-03-19T04:08:19.387+0000] {processor.py:183} INFO - Processing /opt/airflow/dags/crawl_crypto_prices.py took 0.048 seconds
[2026-03-19T04:08:49.644+0000] {processor.py:161} INFO - Started process (PID=204) to work on /opt/airflow/dags/crawl_crypto_prices.py
[2026-03-19T04:08:49.645+0000] {processor.py:830} INFO - Processing file /opt/airflow/dags/crawl_crypto_prices.py for tasks to queue
[2026-03-19T04:08:49.646+0000] {logging_mixin.py:188} INFO - [2026-03-19T04:08:49.646+0000] {dagbag.py:538} INFO - Filling up the DagBag from /opt/airflow/dags/crawl_crypto_prices.py
[2026-03-19T04:08:49.656+0000] {processor.py:840} INFO - DAG(s) 'crawl_crypto_prices' retrieved from /opt/airflow/dags/crawl_crypto_prices.py
[2026-03-19T04:08:49.674+0000] {logging_mixin.py:188} INFO - [2026-03-19T04:08:49.673+0000] {dag.py:3036} INFO - Sync 1 DAGs
[2026-03-19T04:08:49.684+0000] {logging_mixin.py:188} INFO - [2026-03-19T04:08:49.683+0000] {dag.py:3823} INFO - Setting next_dagrun for crawl_crypto_prices to 2026-03-19 03:00:00+00:00, run_after=2026-03-19 04:00:00+00:00
[2026-03-19T04:08:49.690+0000] {processor.py:183} INFO - Processing /opt/airflow/dags/crawl_crypto_prices.py took 0.049 seconds
[2026-03-19T04:09:19.969+0000] {processor.py:161} INFO - Started process (PID=211) to work on /opt/airflow/dags/crawl_crypto_prices.py
[2026-03-19T04:09:19.970+0000] {processor.py:830} INFO - Processing file /opt/airflow/dags/crawl_crypto_prices.py for tasks to queue
[2026-03-19T04:09:19.970+0000] {logging_mixin.py:188} INFO - [2026-03-19T04:09:19.970+0000] {dagbag.py:538} INFO - Filling up the DagBag from /opt/airflow/dags/crawl_crypto_prices.py
[2026-03-19T04:09:19.980+0000] {processor.py:840} INFO - DAG(s) 'crawl_crypto_prices' retrieved from /opt/airflow/dags/crawl_crypto_prices.py
[2026-03-19T04:09:19.998+0000] {logging_mixin.py:188} INFO - [2026-03-19T04:09:19.998+0000] {dag.py:3036} INFO - Sync 1 DAGs
[2026-03-19T04:09:20.007+0000] {logging_mixin.py:188} INFO - [2026-03-19T04:09:20.007+0000] {dag.py:3823} INFO - Setting next_dagrun for crawl_crypto_prices to 2026-03-19 04:00:00+00:00, run_after=2026-03-19 05:00:00+00:00
[2026-03-19T04:09:20.013+0000] {processor.py:183} INFO - Processing /opt/airflow/dags/crawl_crypto_prices.py took 0.047 seconds
[2026-03-19T04:09:50.278+0000] {processor.py:161} INFO - Started process (PID=216) to work on /opt/airflow/dags/crawl_crypto_prices.py
[2026-03-19T04:09:50.278+0000] {processor.py:830} INFO - Processing file /opt/airflow/dags/crawl_crypto_prices.py for tasks to queue
[2026-03-19T04:09:50.279+0000] {logging_mixin.py:188} INFO - [2026-03-19T04:09:50.279+0000] {dagbag.py:538} INFO - Filling up the DagBag from /opt/airflow/dags/crawl_crypto_prices.py
[2026-03-19T04:09:50.290+0000] {processor.py:840} INFO - DAG(s) 'crawl_crypto_prices' retrieved from /opt/airflow/dags/crawl_crypto_prices.py
[2026-03-19T04:09:50.307+0000] {logging_mixin.py:188} INFO - [2026-03-19T04:09:50.307+0000] {dag.py:3036} INFO - Sync 1 DAGs
[2026-03-19T04:09:50.317+0000] {logging_mixin.py:188} INFO - [2026-03-19T04:09:50.317+0000] {dag.py:3823} INFO - Setting next_dagrun for crawl_crypto_prices to 2026-03-19 04:00:00+00:00, run_after=2026-03-19 05:00:00+00:00
[2026-03-19T04:09:50.323+0000] {processor.py:183} INFO - Processing /opt/airflow/dags/crawl_crypto_prices.py took 0.049 seconds
[2026-03-19T04:10:20.638+0000] {processor.py:161} INFO - Started process (PID=221) to work on /opt/airflow/dags/crawl_crypto_prices.py
[2026-03-19T04:10:20.639+0000] {processor.py:830} INFO - Processing file /opt/airflow/dags/crawl_crypto_prices.py for tasks to queue
[2026-03-19T04:10:20.639+0000] {logging_mixin.py:188} INFO - [2026-03-19T04:10:20.639+0000] {dagbag.py:538} INFO - Filling up the DagBag from /opt/airflow/dags/crawl_crypto_prices.py
[2026-03-19T04:10:20.650+0000] {processor.py:840} INFO - DAG(s) 'crawl_crypto_prices' retrieved from /opt/airflow/dags/crawl_crypto_prices.py
[2026-03-19T04:10:20.667+0000] {logging_mixin.py:188} INFO - [2026-03-19T04:10:20.667+0000] {dag.py:3036} INFO - Sync 1 DAGs
[2026-03-19T04:10:20.678+0000] {logging_mixin.py:188} INFO - [2026-03-19T04:10:20.677+0000] {dag.py:3823} INFO - Setting next_dagrun for crawl_crypto_prices to 2026-03-19 04:00:00+00:00, run_after=2026-03-19 05:00:00+00:00
[2026-03-19T04:10:20.684+0000] {processor.py:183} INFO - Processing /opt/airflow/dags/crawl_crypto_prices.py took 0.049 seconds
[2026-03-19T04:10:50.963+0000] {processor.py:161} INFO - Started process (PID=226) to work on /opt/airflow/dags/crawl_crypto_prices.py
[2026-03-19T04:10:50.964+0000] {processor.py:830} INFO - Processing file /opt/airflow/dags/crawl_crypto_prices.py for tasks to queue
[2026-03-19T04:10:50.964+0000] {logging_mixin.py:188} INFO - [2026-03-19T04:10:50.964+0000] {dagbag.py:538} INFO - Filling up the DagBag from /opt/airflow/dags/crawl_crypto_prices.py
[2026-03-19T04:10:50.975+0000] {processor.py:840} INFO - DAG(s) 'crawl_crypto_prices' retrieved from /opt/airflow/dags/crawl_crypto_prices.py
[2026-03-19T04:10:50.993+0000] {logging_mixin.py:188} INFO - [2026-03-19T04:10:50.993+0000] {dag.py:3036} INFO - Sync 1 DAGs
[2026-03-19T04:10:51.002+0000] {logging_mixin.py:188} INFO - [2026-03-19T04:10:51.002+0000] {dag.py:3823} INFO - Setting next_dagrun for crawl_crypto_prices to 2026-03-19 04:00:00+00:00, run_after=2026-03-19 05:00:00+00:00
[2026-03-19T04:10:51.009+0000] {processor.py:183} INFO - Processing /opt/airflow/dags/crawl_crypto_prices.py took 0.049 seconds
[2026-03-19T04:11:21.279+0000] {processor.py:161} INFO - Started process (PID=231) to work on /opt/airflow/dags/crawl_crypto_prices.py
[2026-03-19T04:11:21.280+0000] {processor.py:830} INFO - Processing file /opt/airflow/dags/crawl_crypto_prices.py for tasks to queue
[2026-03-19T04:11:21.281+0000] {logging_mixin.py:188} INFO - [2026-03-19T04:11:21.280+0000] {dagbag.py:538} INFO - Filling up the DagBag from /opt/airflow/dags/crawl_crypto_prices.py
[2026-03-19T04:11:21.298+0000] {processor.py:840} INFO - DAG(s) 'crawl_crypto_prices' retrieved from /opt/airflow/dags/crawl_crypto_prices.py
[2026-03-19T04:11:21.316+0000] {logging_mixin.py:188} INFO - [2026-03-19T04:11:21.315+0000] {dag.py:3036} INFO - Sync 1 DAGs
[2026-03-19T04:11:21.327+0000] {logging_mixin.py:188} INFO - [2026-03-19T04:11:21.326+0000] {dag.py:3823} INFO - Setting next_dagrun for crawl_crypto_prices to 2026-03-19 04:00:00+00:00, run_after=2026-03-19 05:00:00+00:00
[2026-03-19T04:11:21.333+0000] {processor.py:183} INFO - Processing /opt/airflow/dags/crawl_crypto_prices.py took 0.057 seconds
[2026-03-19T04:11:51.613+0000] {processor.py:161} INFO - Started process (PID=236) to work on /opt/airflow/dags/crawl_crypto_prices.py
[2026-03-19T04:11:51.613+0000] {processor.py:830} INFO - Processing file /opt/airflow/dags/crawl_crypto_prices.py for tasks to queue
[2026-03-19T04:11:51.614+0000] {logging_mixin.py:188} INFO - [2026-03-19T04:11:51.614+0000] {dagbag.py:538} INFO - Filling up the DagBag from /opt/airflow/dags/crawl_crypto_prices.py
[2026-03-19T04:11:51.625+0000] {processor.py:840} INFO - DAG(s) 'crawl_crypto_prices' retrieved from /opt/airflow/dags/crawl_crypto_prices.py
[2026-03-19T04:11:51.643+0000] {logging_mixin.py:188} INFO - [2026-03-19T04:11:51.642+0000] {dag.py:3036} INFO - Sync 1 DAGs
[2026-03-19T04:11:51.652+0000] {logging_mixin.py:188} INFO - [2026-03-19T04:11:51.652+0000] {dag.py:3823} INFO - Setting next_dagrun for crawl_crypto_prices to 2026-03-19 04:00:00+00:00, run_after=2026-03-19 05:00:00+00:00
[2026-03-19T04:11:51.658+0000] {processor.py:183} INFO - Processing /opt/airflow/dags/crawl_crypto_prices.py took 0.049 seconds
[2026-03-19T04:12:21.925+0000] {processor.py:161} INFO - Started process (PID=241) to work on /opt/airflow/dags/crawl_crypto_prices.py
[2026-03-19T04:12:21.926+0000] {processor.py:830} INFO - Processing file /opt/airflow/dags/crawl_crypto_prices.py for tasks to queue
[2026-03-19T04:12:21.927+0000] {logging_mixin.py:188} INFO - [2026-03-19T04:12:21.927+0000] {dagbag.py:538} INFO - Filling up the DagBag from /opt/airflow/dags/crawl_crypto_prices.py
[2026-03-19T04:12:21.937+0000] {processor.py:840} INFO - DAG(s) 'crawl_crypto_prices' retrieved from /opt/airflow/dags/crawl_crypto_prices.py
[2026-03-19T04:12:21.954+0000] {logging_mixin.py:188} INFO - [2026-03-19T04:12:21.954+0000] {dag.py:3036} INFO - Sync 1 DAGs
[2026-03-19T04:12:21.964+0000] {logging_mixin.py:188} INFO - [2026-03-19T04:12:21.964+0000] {dag.py:3823} INFO - Setting next_dagrun for crawl_crypto_prices to 2026-03-19 04:00:00+00:00, run_after=2026-03-19 05:00:00+00:00
[2026-03-19T04:12:21.970+0000] {processor.py:183} INFO - Processing /opt/airflow/dags/crawl_crypto_prices.py took 0.048 seconds
[2026-03-19T04:12:52.256+0000] {processor.py:161} INFO - Started process (PID=246) to work on /opt/airflow/dags/crawl_crypto_prices.py
[2026-03-19T04:12:52.257+0000] {processor.py:830} INFO - Processing file /opt/airflow/dags/crawl_crypto_prices.py for tasks to queue
[2026-03-19T04:12:52.257+0000] {logging_mixin.py:188} INFO - [2026-03-19T04:12:52.257+0000] {dagbag.py:538} INFO - Filling up the DagBag from /opt/airflow/dags/crawl_crypto_prices.py
[2026-03-19T04:12:52.268+0000] {processor.py:840} INFO - DAG(s) 'crawl_crypto_prices' retrieved from /opt/airflow/dags/crawl_crypto_prices.py
[2026-03-19T04:12:52.286+0000] {logging_mixin.py:188} INFO - [2026-03-19T04:12:52.286+0000] {dag.py:3036} INFO - Sync 1 DAGs
[2026-03-19T04:12:52.296+0000] {logging_mixin.py:188} INFO - [2026-03-19T04:12:52.296+0000] {dag.py:3823} INFO - Setting next_dagrun for crawl_crypto_prices to 2026-03-19 04:00:00+00:00, run_after=2026-03-19 05:00:00+00:00
[2026-03-19T04:12:52.302+0000] {processor.py:183} INFO - Processing /opt/airflow/dags/crawl_crypto_prices.py took 0.050 seconds
[2026-03-19T04:13:22.565+0000] {processor.py:161} INFO - Started process (PID=251) to work on /opt/airflow/dags/crawl_crypto_prices.py
[2026-03-19T04:13:22.566+0000] {processor.py:830} INFO - Processing file /opt/airflow/dags/crawl_crypto_prices.py for tasks to queue
[2026-03-19T04:13:22.566+0000] {logging_mixin.py:188} INFO - [2026-03-19T04:13:22.566+0000] {dagbag.py:538} INFO - Filling up the DagBag from /opt/airflow/dags/crawl_crypto_prices.py
[2026-03-19T04:13:22.575+0000] {processor.py:840} INFO - DAG(s) 'crawl_crypto_prices' retrieved from /opt/airflow/dags/crawl_crypto_prices.py
[2026-03-19T04:13:22.588+0000] {logging_mixin.py:188} INFO - [2026-03-19T04:13:22.588+0000] {dag.py:3036} INFO - Sync 1 DAGs
[2026-03-19T04:13:22.597+0000] {logging_mixin.py:188} INFO - [2026-03-19T04:13:22.597+0000] {dag.py:3823} INFO - Setting next_dagrun for crawl_crypto_prices to 2026-03-19 04:00:00+00:00, run_after=2026-03-19 05:00:00+00:00
[2026-03-19T04:13:22.603+0000] {processor.py:183} INFO - Processing /opt/airflow/dags/crawl_crypto_prices.py took 0.041 seconds
[2026-03-19T04:13:52.891+0000] {processor.py:161} INFO - Started process (PID=256) to work on /opt/airflow/dags/crawl_crypto_prices.py
[2026-03-19T04:13:52.892+0000] {processor.py:830} INFO - Processing file /opt/airflow/dags/crawl_crypto_prices.py for tasks to queue
[2026-03-19T04:13:52.892+0000] {logging_mixin.py:188} INFO - [2026-03-19T04:13:52.892+0000] {dagbag.py:538} INFO - Filling up the DagBag from /opt/airflow/dags/crawl_crypto_prices.py
[2026-03-19T04:13:52.903+0000] {processor.py:840} INFO - DAG(s) 'crawl_crypto_prices' retrieved from /opt/airflow/dags/crawl_crypto_prices.py
[2026-03-19T04:13:52.921+0000] {logging_mixin.py:188} INFO - [2026-03-19T04:13:52.921+0000] {dag.py:3036} INFO - Sync 1 DAGs
[2026-03-19T04:13:52.931+0000] {logging_mixin.py:188} INFO - [2026-03-19T04:13:52.931+0000] {dag.py:3823} INFO - Setting next_dagrun for crawl_crypto_prices to 2026-03-19 04:00:00+00:00, run_after=2026-03-19 05:00:00+00:00
[2026-03-19T04:13:52.937+0000] {processor.py:183} INFO - Processing /opt/airflow/dags/crawl_crypto_prices.py took 0.050 seconds
[2026-03-19T04:26:14.360+0000] {processor.py:161} INFO - Started process (PID=261) to work on /opt/airflow/dags/crawl_crypto_prices.py
[2026-03-19T04:26:14.361+0000] {processor.py:830} INFO - Processing file /opt/airflow/dags/crawl_crypto_prices.py for tasks to queue
[2026-03-19T04:26:14.362+0000] {logging_mixin.py:188} INFO - [2026-03-19T04:26:14.362+0000] {dagbag.py:538} INFO - Filling up the DagBag from /opt/airflow/dags/crawl_crypto_prices.py
[2026-03-19T04:26:14.371+0000] {processor.py:840} INFO - DAG(s) 'crawl_crypto_prices' retrieved from /opt/airflow/dags/crawl_crypto_prices.py
[2026-03-19T04:26:14.387+0000] {logging_mixin.py:188} INFO - [2026-03-19T04:26:14.387+0000] {dag.py:3036} INFO - Sync 1 DAGs
[2026-03-19T04:26:14.396+0000] {logging_mixin.py:188} INFO - [2026-03-19T04:26:14.396+0000] {dag.py:3823} INFO - Setting next_dagrun for crawl_crypto_prices to 2026-03-19 04:00:00+00:00, run_after=2026-03-19 05:00:00+00:00
[2026-03-19T04:26:14.402+0000] {processor.py:183} INFO - Processing /opt/airflow/dags/crawl_crypto_prices.py took 0.045 seconds
[2026-03-19T04:26:44.720+0000] {processor.py:161} INFO - Started process (PID=268) to work on /opt/airflow/dags/crawl_crypto_prices.py
[2026-03-19T04:26:44.721+0000] {processor.py:830} INFO - Processing file /opt/airflow/dags/crawl_crypto_prices.py for tasks to queue
[2026-03-19T04:26:44.722+0000] {logging_mixin.py:188} INFO - [2026-03-19T04:26:44.721+0000] {dagbag.py:538} INFO - Filling up the DagBag from /opt/airflow/dags/crawl_crypto_prices.py
[2026-03-19T04:26:44.733+0000] {processor.py:840} INFO - DAG(s) 'crawl_crypto_prices' retrieved from /opt/airflow/dags/crawl_crypto_prices.py
[2026-03-19T04:26:44.755+0000] {logging_mixin.py:188} INFO - [2026-03-19T04:26:44.755+0000] {dag.py:3036} INFO - Sync 1 DAGs
[2026-03-19T04:26:44.767+0000] {logging_mixin.py:188} INFO - [2026-03-19T04:26:44.767+0000] {dag.py:3823} INFO - Setting next_dagrun for crawl_crypto_prices to 2026-03-19 04:00:00+00:00, run_after=2026-03-19 05:00:00+00:00
[2026-03-19T04:26:44.774+0000] {processor.py:183} INFO - Processing /opt/airflow/dags/crawl_crypto_prices.py took 0.057 seconds
[2026-03-19T04:27:15.029+0000] {processor.py:161} INFO - Started process (PID=273) to work on /opt/airflow/dags/crawl_crypto_prices.py
[2026-03-19T04:27:15.030+0000] {processor.py:830} INFO - Processing file /opt/airflow/dags/crawl_crypto_prices.py for tasks to queue
[2026-03-19T04:27:15.030+0000] {logging_mixin.py:188} INFO - [2026-03-19T04:27:15.030+0000] {dagbag.py:538} INFO - Filling up the DagBag from /opt/airflow/dags/crawl_crypto_prices.py
[2026-03-19T04:27:15.041+0000] {processor.py:840} INFO - DAG(s) 'crawl_crypto_prices' retrieved from /opt/airflow/dags/crawl_crypto_prices.py
[2026-03-19T04:27:15.059+0000] {logging_mixin.py:188} INFO - [2026-03-19T04:27:15.059+0000] {dag.py:3036} INFO - Sync 1 DAGs
[2026-03-19T04:27:15.068+0000] {logging_mixin.py:188} INFO - [2026-03-19T04:27:15.068+0000] {dag.py:3823} INFO - Setting next_dagrun for crawl_crypto_prices to 2026-03-19 04:00:00+00:00, run_after=2026-03-19 05:00:00+00:00
[2026-03-19T04:27:15.074+0000] {processor.py:183} INFO - Processing /opt/airflow/dags/crawl_crypto_prices.py took 0.048 seconds
[2026-03-19T04:27:45.340+0000] {processor.py:161} INFO - Started process (PID=278) to work on /opt/airflow/dags/crawl_crypto_prices.py
[2026-03-19T04:27:45.341+0000] {processor.py:830} INFO - Processing file /opt/airflow/dags/crawl_crypto_prices.py for tasks to queue
[2026-03-19T04:27:45.342+0000] {logging_mixin.py:188} INFO - [2026-03-19T04:27:45.342+0000] {dagbag.py:538} INFO - Filling up the DagBag from /opt/airflow/dags/crawl_crypto_prices.py
[2026-03-19T04:27:45.355+0000] {processor.py:840} INFO - DAG(s) 'crawl_crypto_prices' retrieved from /opt/airflow/dags/crawl_crypto_prices.py
[2026-03-19T04:27:45.374+0000] {logging_mixin.py:188} INFO - [2026-03-19T04:27:45.374+0000] {dag.py:3036} INFO - Sync 1 DAGs
[2026-03-19T04:27:45.385+0000] {logging_mixin.py:188} INFO - [2026-03-19T04:27:45.385+0000] {dag.py:3823} INFO - Setting next_dagrun for crawl_crypto_prices to 2026-03-19 04:00:00+00:00, run_after=2026-03-19 05:00:00+00:00
[2026-03-19T04:27:45.393+0000] {processor.py:183} INFO - Processing /opt/airflow/dags/crawl_crypto_prices.py took 0.056 seconds
[2026-03-19T04:28:15.621+0000] {processor.py:161} INFO - Started process (PID=283) to work on /opt/airflow/dags/crawl_crypto_prices.py
[2026-03-19T04:28:15.622+0000] {processor.py:830} INFO - Processing file /opt/airflow/dags/crawl_crypto_prices.py for tasks to queue
[2026-03-19T04:28:15.622+0000] {logging_mixin.py:188} INFO - [2026-03-19T04:28:15.622+0000] {dagbag.py:538} INFO - Filling up the DagBag from /opt/airflow/dags/crawl_crypto_prices.py
[2026-03-19T04:28:15.634+0000] {processor.py:840} INFO - DAG(s) 'crawl_crypto_prices' retrieved from /opt/airflow/dags/crawl_crypto_prices.py
[2026-03-19T04:28:15.653+0000] {logging_mixin.py:188} INFO - [2026-03-19T04:28:15.653+0000] {dag.py:3036} INFO - Sync 1 DAGs
[2026-03-19T04:28:15.664+0000] {logging_mixin.py:188} INFO - [2026-03-19T04:28:15.664+0000] {dag.py:3823} INFO - Setting next_dagrun for crawl_crypto_prices to 2026-03-19 04:00:00+00:00, run_after=2026-03-19 05:00:00+00:00
[2026-03-19T04:28:15.670+0000] {processor.py:183} INFO - Processing /opt/airflow/dags/crawl_crypto_prices.py took 0.053 seconds
[2026-03-19T04:28:45.906+0000] {processor.py:161} INFO - Started process (PID=288) to work on /opt/airflow/dags/crawl_crypto_prices.py
[2026-03-19T04:28:45.907+0000] {processor.py:830} INFO - Processing file /opt/airflow/dags/crawl_crypto_prices.py for tasks to queue
[2026-03-19T04:28:45.908+0000] {logging_mixin.py:188} INFO - [2026-03-19T04:28:45.908+0000] {dagbag.py:538} INFO - Filling up the DagBag from /opt/airflow/dags/crawl_crypto_prices.py
[2026-03-19T04:28:45.917+0000] {processor.py:840} INFO - DAG(s) 'crawl_crypto_prices' retrieved from /opt/airflow/dags/crawl_crypto_prices.py
[2026-03-19T04:28:45.935+0000] {logging_mixin.py:188} INFO - [2026-03-19T04:28:45.935+0000] {dag.py:3036} INFO - Sync 1 DAGs
[2026-03-19T04:28:45.945+0000] {logging_mixin.py:188} INFO - [2026-03-19T04:28:45.945+0000] {dag.py:3823} INFO - Setting next_dagrun for crawl_crypto_prices to 2026-03-19 04:00:00+00:00, run_after=2026-03-19 05:00:00+00:00
[2026-03-19T04:28:45.952+0000] {processor.py:183} INFO - Processing /opt/airflow/dags/crawl_crypto_prices.py took 0.049 seconds
[2026-03-19T04:29:16.207+0000] {processor.py:161} INFO - Started process (PID=293) to work on /opt/airflow/dags/crawl_crypto_prices.py
[2026-03-19T04:29:16.208+0000] {processor.py:830} INFO - Processing file /opt/airflow/dags/crawl_crypto_prices.py for tasks to queue
[2026-03-19T04:29:16.208+0000] {logging_mixin.py:188} INFO - [2026-03-19T04:29:16.208+0000] {dagbag.py:538} INFO - Filling up the DagBag from /opt/airflow/dags/crawl_crypto_prices.py
[2026-03-19T04:29:16.218+0000] {processor.py:840} INFO - DAG(s) 'crawl_crypto_prices' retrieved from /opt/airflow/dags/crawl_crypto_prices.py
[2026-03-19T04:29:16.236+0000] {logging_mixin.py:188} INFO - [2026-03-19T04:29:16.236+0000] {dag.py:3036} INFO - Sync 1 DAGs
[2026-03-19T04:29:16.246+0000] {logging_mixin.py:188} INFO - [2026-03-19T04:29:16.246+0000] {dag.py:3823} INFO - Setting next_dagrun for crawl_crypto_prices to 2026-03-19 04:00:00+00:00, run_after=2026-03-19 05:00:00+00:00
[2026-03-19T04:29:16.252+0000] {processor.py:183} INFO - Processing /opt/airflow/dags/crawl_crypto_prices.py took 0.049 seconds
[2026-03-19T04:29:46.560+0000] {processor.py:161} INFO - Started process (PID=298) to work on /opt/airflow/dags/crawl_crypto_prices.py
[2026-03-19T04:29:46.561+0000] {processor.py:830} INFO - Processing file /opt/airflow/dags/crawl_crypto_prices.py for tasks to queue
[2026-03-19T04:29:46.562+0000] {logging_mixin.py:188} INFO - [2026-03-19T04:29:46.562+0000] {dagbag.py:538} INFO - Filling up the DagBag from /opt/airflow/dags/crawl_crypto_prices.py
[2026-03-19T04:29:46.572+0000] {processor.py:840} INFO - DAG(s) 'crawl_crypto_prices' retrieved from /opt/airflow/dags/crawl_crypto_prices.py
[2026-03-19T04:29:46.592+0000] {logging_mixin.py:188} INFO - [2026-03-19T04:29:46.591+0000] {dag.py:3036} INFO - Sync 1 DAGs
[2026-03-19T04:29:46.603+0000] {logging_mixin.py:188} INFO - [2026-03-19T04:29:46.603+0000] {dag.py:3823} INFO - Setting next_dagrun for crawl_crypto_prices to 2026-03-19 04:00:00+00:00, run_after=2026-03-19 05:00:00+00:00
[2026-03-19T04:29:46.610+0000] {processor.py:183} INFO - Processing /opt/airflow/dags/crawl_crypto_prices.py took 0.053 seconds
[2026-03-19T04:30:16.904+0000] {processor.py:161} INFO - Started process (PID=303) to work on /opt/airflow/dags/crawl_crypto_prices.py
[2026-03-19T04:30:16.905+0000] {processor.py:830} INFO - Processing file /opt/airflow/dags/crawl_crypto_prices.py for tasks to queue
[2026-03-19T04:30:16.906+0000] {logging_mixin.py:188} INFO - [2026-03-19T04:30:16.906+0000] {dagbag.py:538} INFO - Filling up the DagBag from /opt/airflow/dags/crawl_crypto_prices.py
[2026-03-19T04:30:16.916+0000] {processor.py:840} INFO - DAG(s) 'crawl_crypto_prices' retrieved from /opt/airflow/dags/crawl_crypto_prices.py
[2026-03-19T04:30:16.938+0000] {logging_mixin.py:188} INFO - [2026-03-19T04:30:16.938+0000] {dag.py:3036} INFO - Sync 1 DAGs
[2026-03-19T04:30:16.949+0000] {logging_mixin.py:188} INFO - [2026-03-19T04:30:16.949+0000] {dag.py:3823} INFO - Setting next_dagrun for crawl_crypto_prices to 2026-03-19 04:00:00+00:00, run_after=2026-03-19 05:00:00+00:00
[2026-03-19T04:30:16.956+0000] {processor.py:183} INFO - Processing /opt/airflow/dags/crawl_crypto_prices.py took 0.054 seconds
[2026-03-19T04:33:43.621+0000] {processor.py:161} INFO - Started process (PID=308) to work on /opt/airflow/dags/crawl_crypto_prices.py
[2026-03-19T04:33:43.623+0000] {processor.py:830} INFO - Processing file /opt/airflow/dags/crawl_crypto_prices.py for tasks to queue
[2026-03-19T04:33:43.624+0000] {logging_mixin.py:188} INFO - [2026-03-19T04:33:43.624+0000] {dagbag.py:538} INFO - Filling up the DagBag from /opt/airflow/dags/crawl_crypto_prices.py
[2026-03-19T04:33:43.643+0000] {processor.py:840} INFO - DAG(s) 'crawl_crypto_prices' retrieved from /opt/airflow/dags/crawl_crypto_prices.py
[2026-03-19T04:33:43.672+0000] {logging_mixin.py:188} INFO - [2026-03-19T04:33:43.672+0000] {dag.py:3036} INFO - Sync 1 DAGs
[2026-03-19T04:33:43.693+0000] {logging_mixin.py:188} INFO - [2026-03-19T04:33:43.693+0000] {dag.py:3823} INFO - Setting next_dagrun for crawl_crypto_prices to 2026-03-19 04:00:00+00:00, run_after=2026-03-19 05:00:00+00:00
[2026-03-19T04:33:43.714+0000] {processor.py:183} INFO - Processing /opt/airflow/dags/crawl_crypto_prices.py took 0.097 seconds
[2026-03-19T04:34:13.978+0000] {processor.py:161} INFO - Started process (PID=315) to work on /opt/airflow/dags/crawl_crypto_prices.py
[2026-03-19T04:34:13.979+0000] {processor.py:830} INFO - Processing file /opt/airflow/dags/crawl_crypto_prices.py for tasks to queue
[2026-03-19T04:34:13.981+0000] {logging_mixin.py:188} INFO - [2026-03-19T04:34:13.980+0000] {dagbag.py:538} INFO - Filling up the DagBag from /opt/airflow/dags/crawl_crypto_prices.py
[2026-03-19T04:34:13.996+0000] {processor.py:840} INFO - DAG(s) 'crawl_crypto_prices' retrieved from /opt/airflow/dags/crawl_crypto_prices.py
[2026-03-19T04:34:14.018+0000] {logging_mixin.py:188} INFO - [2026-03-19T04:34:14.018+0000] {dag.py:3036} INFO - Sync 1 DAGs
[2026-03-19T04:34:14.028+0000] {logging_mixin.py:188} INFO - [2026-03-19T04:34:14.027+0000] {dag.py:3823} INFO - Setting next_dagrun for crawl_crypto_prices to 2026-03-19 04:00:00+00:00, run_after=2026-03-19 05:00:00+00:00
[2026-03-19T04:34:14.034+0000] {processor.py:183} INFO - Processing /opt/airflow/dags/crawl_crypto_prices.py took 0.060 seconds
[2026-03-19T04:34:44.273+0000] {processor.py:161} INFO - Started process (PID=320) to work on /opt/airflow/dags/crawl_crypto_prices.py
[2026-03-19T04:34:44.274+0000] {processor.py:830} INFO - Processing file /opt/airflow/dags/crawl_crypto_prices.py for tasks to queue
[2026-03-19T04:34:44.275+0000] {logging_mixin.py:188} INFO - [2026-03-19T04:34:44.275+0000] {dagbag.py:538} INFO - Filling up the DagBag from /opt/airflow/dags/crawl_crypto_prices.py
[2026-03-19T04:34:44.287+0000] {processor.py:840} INFO - DAG(s) 'crawl_crypto_prices' retrieved from /opt/airflow/dags/crawl_crypto_prices.py
[2026-03-19T04:34:44.305+0000] {logging_mixin.py:188} INFO - [2026-03-19T04:34:44.305+0000] {dag.py:3036} INFO - Sync 1 DAGs
[2026-03-19T04:34:44.315+0000] {logging_mixin.py:188} INFO - [2026-03-19T04:34:44.315+0000] {dag.py:3823} INFO - Setting next_dagrun for crawl_crypto_prices to 2026-03-19 04:00:00+00:00, run_after=2026-03-19 05:00:00+00:00
[2026-03-19T04:34:44.322+0000] {processor.py:183} INFO - Processing /opt/airflow/dags/crawl_crypto_prices.py took 0.053 seconds
[2026-03-19T04:35:14.565+0000] {processor.py:161} INFO - Started process (PID=325) to work on /opt/airflow/dags/crawl_crypto_prices.py
[2026-03-19T04:35:14.566+0000] {processor.py:830} INFO - Processing file /opt/airflow/dags/crawl_crypto_prices.py for tasks to queue
[2026-03-19T04:35:14.567+0000] {logging_mixin.py:188} INFO - [2026-03-19T04:35:14.566+0000] {dagbag.py:538} INFO - Filling up the DagBag from /opt/airflow/dags/crawl_crypto_prices.py
[2026-03-19T04:35:14.576+0000] {processor.py:840} INFO - DAG(s) 'crawl_crypto_prices' retrieved from /opt/airflow/dags/crawl_crypto_prices.py
[2026-03-19T04:35:14.593+0000] {logging_mixin.py:188} INFO - [2026-03-19T04:35:14.593+0000] {dag.py:3036} INFO - Sync 1 DAGs
[2026-03-19T04:35:14.603+0000] {logging_mixin.py:188} INFO - [2026-03-19T04:35:14.603+0000] {dag.py:3823} INFO - Setting next_dagrun for crawl_crypto_prices to 2026-03-19 04:00:00+00:00, run_after=2026-03-19 05:00:00+00:00
[2026-03-19T04:35:14.610+0000] {processor.py:183} INFO - Processing /opt/airflow/dags/crawl_crypto_prices.py took 0.048 seconds
[2026-03-19T04:35:44.873+0000] {processor.py:161} INFO - Started process (PID=330) to work on /opt/airflow/dags/crawl_crypto_prices.py
[2026-03-19T04:35:44.874+0000] {processor.py:830} INFO - Processing file /opt/airflow/dags/crawl_crypto_prices.py for tasks to queue
[2026-03-19T04:35:44.875+0000] {logging_mixin.py:188} INFO - [2026-03-19T04:35:44.874+0000] {dagbag.py:538} INFO - Filling up the DagBag from /opt/airflow/dags/crawl_crypto_prices.py
[2026-03-19T04:35:44.885+0000] {processor.py:840} INFO - DAG(s) 'crawl_crypto_prices' retrieved from /opt/airflow/dags/crawl_crypto_prices.py
[2026-03-19T04:35:44.904+0000] {logging_mixin.py:188} INFO - [2026-03-19T04:35:44.903+0000] {dag.py:3036} INFO - Sync 1 DAGs
[2026-03-19T04:35:44.915+0000] {logging_mixin.py:188} INFO - [2026-03-19T04:35:44.915+0000] {dag.py:3823} INFO - Setting next_dagrun for crawl_crypto_prices to 2026-03-19 04:00:00+00:00, run_after=2026-03-19 05:00:00+00:00
[2026-03-19T04:35:44.922+0000] {processor.py:183} INFO - Processing /opt/airflow/dags/crawl_crypto_prices.py took 0.052 seconds
[2026-03-19T04:36:15.135+0000] {processor.py:161} INFO - Started process (PID=335) to work on /opt/airflow/dags/crawl_crypto_prices.py
[2026-03-19T04:36:15.136+0000] {processor.py:830} INFO - Processing file /opt/airflow/dags/crawl_crypto_prices.py for tasks to queue
[2026-03-19T04:36:15.137+0000] {logging_mixin.py:188} INFO - [2026-03-19T04:36:15.137+0000] {dagbag.py:538} INFO - Filling up the DagBag from /opt/airflow/dags/crawl_crypto_prices.py
[2026-03-19T04:36:15.147+0000] {processor.py:840} INFO - DAG(s) 'crawl_crypto_prices' retrieved from /opt/airflow/dags/crawl_crypto_prices.py
[2026-03-19T04:36:15.162+0000] {logging_mixin.py:188} INFO - [2026-03-19T04:36:15.161+0000] {dag.py:3036} INFO - Sync 1 DAGs
[2026-03-19T04:36:15.171+0000] {logging_mixin.py:188} INFO - [2026-03-19T04:36:15.171+0000] {dag.py:3823} INFO - Setting next_dagrun for crawl_crypto_prices to 2026-03-19 04:00:00+00:00, run_after=2026-03-19 05:00:00+00:00
[2026-03-19T04:36:15.178+0000] {processor.py:183} INFO - Processing /opt/airflow/dags/crawl_crypto_prices.py took 0.046 seconds
[2026-03-19T04:36:45.404+0000] {processor.py:161} INFO - Started process (PID=340) to work on /opt/airflow/dags/crawl_crypto_prices.py
[2026-03-19T04:36:45.405+0000] {processor.py:830} INFO - Processing file /opt/airflow/dags/crawl_crypto_prices.py for tasks to queue
[2026-03-19T04:36:45.406+0000] {logging_mixin.py:188} INFO - [2026-03-19T04:36:45.405+0000] {dagbag.py:538} INFO - Filling up the DagBag from /opt/airflow/dags/crawl_crypto_prices.py
[2026-03-19T04:36:45.414+0000] {processor.py:840} INFO - DAG(s) 'crawl_crypto_prices' retrieved from /opt/airflow/dags/crawl_crypto_prices.py
[2026-03-19T04:36:45.430+0000] {logging_mixin.py:188} INFO - [2026-03-19T04:36:45.430+0000] {dag.py:3036} INFO - Sync 1 DAGs
[2026-03-19T04:36:45.439+0000] {logging_mixin.py:188} INFO - [2026-03-19T04:36:45.439+0000] {dag.py:3823} INFO - Setting next_dagrun for crawl_crypto_prices to 2026-03-19 04:00:00+00:00, run_after=2026-03-19 05:00:00+00:00
[2026-03-19T04:36:45.445+0000] {processor.py:183} INFO - Processing /opt/airflow/dags/crawl_crypto_prices.py took 0.043 seconds
[2026-03-19T04:37:15.717+0000] {processor.py:161} INFO - Started process (PID=345) to work on /opt/airflow/dags/crawl_crypto_prices.py
[2026-03-19T04:37:15.718+0000] {processor.py:830} INFO - Processing file /opt/airflow/dags/crawl_crypto_prices.py for tasks to queue
[2026-03-19T04:37:15.719+0000] {logging_mixin.py:188} INFO - [2026-03-19T04:37:15.719+0000] {dagbag.py:538} INFO - Filling up the DagBag from /opt/airflow/dags/crawl_crypto_prices.py
[2026-03-19T04:37:15.730+0000] {processor.py:840} INFO - DAG(s) 'crawl_crypto_prices' retrieved from /opt/airflow/dags/crawl_crypto_prices.py
[2026-03-19T04:37:15.748+0000] {logging_mixin.py:188} INFO - [2026-03-19T04:37:15.748+0000] {dag.py:3036} INFO - Sync 1 DAGs
[2026-03-19T04:37:15.759+0000] {logging_mixin.py:188} INFO - [2026-03-19T04:37:15.758+0000] {dag.py:3823} INFO - Setting next_dagrun for crawl_crypto_prices to 2026-03-19 04:00:00+00:00, run_after=2026-03-19 05:00:00+00:00
[2026-03-19T04:37:15.765+0000] {processor.py:183} INFO - Processing /opt/airflow/dags/crawl_crypto_prices.py took 0.051 seconds
[2026-03-19T04:37:46.020+0000] {processor.py:161} INFO - Started process (PID=350) to work on /opt/airflow/dags/crawl_crypto_prices.py
[2026-03-19T04:37:46.021+0000] {processor.py:830} INFO - Processing file /opt/airflow/dags/crawl_crypto_prices.py for tasks to queue
[2026-03-19T04:37:46.022+0000] {logging_mixin.py:188} INFO - [2026-03-19T04:37:46.021+0000] {dagbag.py:538} INFO - Filling up the DagBag from /opt/airflow/dags/crawl_crypto_prices.py
[2026-03-19T04:37:46.032+0000] {processor.py:840} INFO - DAG(s) 'crawl_crypto_prices' retrieved from /opt/airflow/dags/crawl_crypto_prices.py
[2026-03-19T04:37:46.051+0000] {logging_mixin.py:188} INFO - [2026-03-19T04:37:46.051+0000] {dag.py:3036} INFO - Sync 1 DAGs
[2026-03-19T04:37:46.061+0000] {logging_mixin.py:188} INFO - [2026-03-19T04:37:46.060+0000] {dag.py:3823} INFO - Setting next_dagrun for crawl_crypto_prices to 2026-03-19 04:00:00+00:00, run_after=2026-03-19 05:00:00+00:00
[2026-03-19T04:37:46.068+0000] {processor.py:183} INFO - Processing /opt/airflow/dags/crawl_crypto_prices.py took 0.051 seconds
[2026-03-19T04:38:16.321+0000] {processor.py:161} INFO - Started process (PID=355) to work on /opt/airflow/dags/crawl_crypto_prices.py
[2026-03-19T04:38:16.321+0000] {processor.py:830} INFO - Processing file /opt/airflow/dags/crawl_crypto_prices.py for tasks to queue
[2026-03-19T04:38:16.322+0000] {logging_mixin.py:188} INFO - [2026-03-19T04:38:16.322+0000] {dagbag.py:538} INFO - Filling up the DagBag from /opt/airflow/dags/crawl_crypto_prices.py
[2026-03-19T04:38:16.331+0000] {processor.py:840} INFO - DAG(s) 'crawl_crypto_prices' retrieved from /opt/airflow/dags/crawl_crypto_prices.py
[2026-03-19T04:38:16.349+0000] {logging_mixin.py:188} INFO - [2026-03-19T04:38:16.349+0000] {dag.py:3036} INFO - Sync 1 DAGs
[2026-03-19T04:38:16.359+0000] {logging_mixin.py:188} INFO - [2026-03-19T04:38:16.359+0000] {dag.py:3823} INFO - Setting next_dagrun for crawl_crypto_prices to 2026-03-19 04:00:00+00:00, run_after=2026-03-19 05:00:00+00:00
[2026-03-19T04:38:16.365+0000] {processor.py:183} INFO - Processing /opt/airflow/dags/crawl_crypto_prices.py took 0.048 seconds
[2026-03-19T04:38:46.642+0000] {processor.py:161} INFO - Started process (PID=360) to work on /opt/airflow/dags/crawl_crypto_prices.py
[2026-03-19T04:38:46.643+0000] {processor.py:830} INFO - Processing file /opt/airflow/dags/crawl_crypto_prices.py for tasks to queue
[2026-03-19T04:38:46.644+0000] {logging_mixin.py:188} INFO - [2026-03-19T04:38:46.643+0000] {dagbag.py:538} INFO - Filling up the DagBag from /opt/airflow/dags/crawl_crypto_prices.py
[2026-03-19T04:38:46.654+0000] {processor.py:840} INFO - DAG(s) 'crawl_crypto_prices' retrieved from /opt/airflow/dags/crawl_crypto_prices.py
[2026-03-19T04:38:46.671+0000] {logging_mixin.py:188} INFO - [2026-03-19T04:38:46.671+0000] {dag.py:3036} INFO - Sync 1 DAGs
[2026-03-19T04:38:46.681+0000] {logging_mixin.py:188} INFO - [2026-03-19T04:38:46.681+0000] {dag.py:3823} INFO - Setting next_dagrun for crawl_crypto_prices to 2026-03-19 04:00:00+00:00, run_after=2026-03-19 05:00:00+00:00
[2026-03-19T04:38:46.688+0000] {processor.py:183} INFO - Processing /opt/airflow/dags/crawl_crypto_prices.py took 0.049 seconds
[2026-03-19T04:39:16.940+0000] {processor.py:161} INFO - Started process (PID=365) to work on /opt/airflow/dags/crawl_crypto_prices.py
[2026-03-19T04:39:16.941+0000] {processor.py:830} INFO - Processing file /opt/airflow/dags/crawl_crypto_prices.py for tasks to queue
[2026-03-19T04:39:16.942+0000] {logging_mixin.py:188} INFO - [2026-03-19T04:39:16.942+0000] {dagbag.py:538} INFO - Filling up the DagBag from /opt/airflow/dags/crawl_crypto_prices.py
[2026-03-19T04:39:16.953+0000] {processor.py:840} INFO - DAG(s) 'crawl_crypto_prices' retrieved from /opt/airflow/dags/crawl_crypto_prices.py
[2026-03-19T04:39:16.972+0000] {logging_mixin.py:188} INFO - [2026-03-19T04:39:16.972+0000] {dag.py:3036} INFO - Sync 1 DAGs
[2026-03-19T04:39:16.982+0000] {logging_mixin.py:188} INFO - [2026-03-19T04:39:16.982+0000] {dag.py:3823} INFO - Setting next_dagrun for crawl_crypto_prices to 2026-03-19 04:00:00+00:00, run_after=2026-03-19 05:00:00+00:00
[2026-03-19T04:39:16.989+0000] {processor.py:183} INFO - Processing /opt/airflow/dags/crawl_crypto_prices.py took 0.052 seconds
[2026-03-19T04:39:47.250+0000] {processor.py:161} INFO - Started process (PID=370) to work on /opt/airflow/dags/crawl_crypto_prices.py
[2026-03-19T04:39:47.251+0000] {processor.py:830} INFO - Processing file /opt/airflow/dags/crawl_crypto_prices.py for tasks to queue
[2026-03-19T04:39:47.251+0000] {logging_mixin.py:188} INFO - [2026-03-19T04:39:47.251+0000] {dagbag.py:538} INFO - Filling up the DagBag from /opt/airflow/dags/crawl_crypto_prices.py
[2026-03-19T04:39:47.259+0000] {processor.py:840} INFO - DAG(s) 'crawl_crypto_prices' retrieved from /opt/airflow/dags/crawl_crypto_prices.py
[2026-03-19T04:39:47.274+0000] {logging_mixin.py:188} INFO - [2026-03-19T04:39:47.274+0000] {dag.py:3036} INFO - Sync 1 DAGs
[2026-03-19T04:39:47.284+0000] {logging_mixin.py:188} INFO - [2026-03-19T04:39:47.284+0000] {dag.py:3823} INFO - Setting next_dagrun for crawl_crypto_prices to 2026-03-19 04:00:00+00:00, run_after=2026-03-19 05:00:00+00:00
[2026-03-19T04:39:47.291+0000] {processor.py:183} INFO - Processing /opt/airflow/dags/crawl_crypto_prices.py took 0.043 seconds
[2026-03-19T04:40:17.575+0000] {processor.py:161} INFO - Started process (PID=375) to work on /opt/airflow/dags/crawl_crypto_prices.py
[2026-03-19T04:40:17.576+0000] {processor.py:830} INFO - Processing file /opt/airflow/dags/crawl_crypto_prices.py for tasks to queue
[2026-03-19T04:40:17.576+0000] {logging_mixin.py:188} INFO - [2026-03-19T04:40:17.576+0000] {dagbag.py:538} INFO - Filling up the DagBag from /opt/airflow/dags/crawl_crypto_prices.py
[2026-03-19T04:40:17.587+0000] {processor.py:840} INFO - DAG(s) 'crawl_crypto_prices' retrieved from /opt/airflow/dags/crawl_crypto_prices.py
[2026-03-19T04:40:17.607+0000] {logging_mixin.py:188} INFO - [2026-03-19T04:40:17.607+0000] {dag.py:3036} INFO - Sync 1 DAGs
[2026-03-19T04:40:17.618+0000] {logging_mixin.py:188} INFO - [2026-03-19T04:40:17.618+0000] {dag.py:3823} INFO - Setting next_dagrun for crawl_crypto_prices to 2026-03-19 04:00:00+00:00, run_after=2026-03-19 05:00:00+00:00
[2026-03-19T04:40:17.624+0000] {processor.py:183} INFO - Processing /opt/airflow/dags/crawl_crypto_prices.py took 0.053 seconds
[2026-03-19T04:40:47.894+0000] {processor.py:161} INFO - Started process (PID=380) to work on /opt/airflow/dags/crawl_crypto_prices.py
[2026-03-19T04:40:47.895+0000] {processor.py:830} INFO - Processing file /opt/airflow/dags/crawl_crypto_prices.py for tasks to queue
[2026-03-19T04:40:47.896+0000] {logging_mixin.py:188} INFO - [2026-03-19T04:40:47.896+0000] {dagbag.py:538} INFO - Filling up the DagBag from /opt/airflow/dags/crawl_crypto_prices.py
[2026-03-19T04:40:47.907+0000] {processor.py:840} INFO - DAG(s) 'crawl_crypto_prices' retrieved from /opt/airflow/dags/crawl_crypto_prices.py
[2026-03-19T04:40:47.925+0000] {logging_mixin.py:188} INFO - [2026-03-19T04:40:47.925+0000] {dag.py:3036} INFO - Sync 1 DAGs
[2026-03-19T04:40:47.936+0000] {logging_mixin.py:188} INFO - [2026-03-19T04:40:47.936+0000] {dag.py:3823} INFO - Setting next_dagrun for crawl_crypto_prices to 2026-03-19 04:00:00+00:00, run_after=2026-03-19 05:00:00+00:00
[2026-03-19T04:40:47.943+0000] {processor.py:183} INFO - Processing /opt/airflow/dags/crawl_crypto_prices.py took 0.052 seconds
[2026-03-19T04:41:18.236+0000] {processor.py:161} INFO - Started process (PID=385) to work on /opt/airflow/dags/crawl_crypto_prices.py
[2026-03-19T04:41:18.237+0000] {processor.py:830} INFO - Processing file /opt/airflow/dags/crawl_crypto_prices.py for tasks to queue
[2026-03-19T04:41:18.238+0000] {logging_mixin.py:188} INFO - [2026-03-19T04:41:18.237+0000] {dagbag.py:538} INFO - Filling up the DagBag from /opt/airflow/dags/crawl_crypto_prices.py
[2026-03-19T04:41:18.248+0000] {processor.py:840} INFO - DAG(s) 'crawl_crypto_prices' retrieved from /opt/airflow/dags/crawl_crypto_prices.py
[2026-03-19T04:41:18.266+0000] {logging_mixin.py:188} INFO - [2026-03-19T04:41:18.266+0000] {dag.py:3036} INFO - Sync 1 DAGs
[2026-03-19T04:41:18.277+0000] {logging_mixin.py:188} INFO - [2026-03-19T04:41:18.277+0000] {dag.py:3823} INFO - Setting next_dagrun for crawl_crypto_prices to 2026-03-19 04:00:00+00:00, run_after=2026-03-19 05:00:00+00:00
[2026-03-19T04:41:18.283+0000] {processor.py:183} INFO - Processing /opt/airflow/dags/crawl_crypto_prices.py took 0.051 seconds
[2026-03-19T04:41:48.544+0000] {processor.py:161} INFO - Started process (PID=390) to work on /opt/airflow/dags/crawl_crypto_prices.py
[2026-03-19T04:41:48.545+0000] {processor.py:830} INFO - Processing file /opt/airflow/dags/crawl_crypto_prices.py for tasks to queue
[2026-03-19T04:41:48.546+0000] {logging_mixin.py:188} INFO - [2026-03-19T04:41:48.545+0000] {dagbag.py:538} INFO - Filling up the DagBag from /opt/airflow/dags/crawl_crypto_prices.py
[2026-03-19T04:41:48.556+0000] {processor.py:840} INFO - DAG(s) 'crawl_crypto_prices' retrieved from /opt/airflow/dags/crawl_crypto_prices.py
[2026-03-19T04:41:48.574+0000] {logging_mixin.py:188} INFO - [2026-03-19T04:41:48.573+0000] {dag.py:3036} INFO - Sync 1 DAGs
[2026-03-19T04:41:48.583+0000] {logging_mixin.py:188} INFO - [2026-03-19T04:41:48.583+0000] {dag.py:3823} INFO - Setting next_dagrun for crawl_crypto_prices to 2026-03-19 04:00:00+00:00, run_after=2026-03-19 05:00:00+00:00
[2026-03-19T04:41:48.589+0000] {processor.py:183} INFO - Processing /opt/airflow/dags/crawl_crypto_prices.py took 0.048 seconds
[2026-03-19T04:42:18.869+0000] {processor.py:161} INFO - Started process (PID=395) to work on /opt/airflow/dags/crawl_crypto_prices.py
[2026-03-19T04:42:18.870+0000] {processor.py:830} INFO - Processing file /opt/airflow/dags/crawl_crypto_prices.py for tasks to queue
[2026-03-19T04:42:18.871+0000] {logging_mixin.py:188} INFO - [2026-03-19T04:42:18.871+0000] {dagbag.py:538} INFO - Filling up the DagBag from /opt/airflow/dags/crawl_crypto_prices.py
[2026-03-19T04:42:18.880+0000] {processor.py:840} INFO - DAG(s) 'crawl_crypto_prices' retrieved from /opt/airflow/dags/crawl_crypto_prices.py
[2026-03-19T04:42:18.898+0000] {logging_mixin.py:188} INFO - [2026-03-19T04:42:18.898+0000] {dag.py:3036} INFO - Sync 1 DAGs
[2026-03-19T04:42:18.906+0000] {logging_mixin.py:188} INFO - [2026-03-19T04:42:18.906+0000] {dag.py:3823} INFO - Setting next_dagrun for crawl_crypto_prices to 2026-03-19 04:00:00+00:00, run_after=2026-03-19 05:00:00+00:00
[2026-03-19T04:42:18.913+0000] {processor.py:183} INFO - Processing /opt/airflow/dags/crawl_crypto_prices.py took 0.046 seconds
[2026-03-19T05:14:25.906+0000] {processor.py:161} INFO - Started process (PID=402) to work on /opt/airflow/dags/crawl_crypto_prices.py
[2026-03-19T05:14:25.907+0000] {processor.py:830} INFO - Processing file /opt/airflow/dags/crawl_crypto_prices.py for tasks to queue
[2026-03-19T05:14:25.908+0000] {logging_mixin.py:188} INFO - [2026-03-19T05:14:25.908+0000] {dagbag.py:538} INFO - Filling up the DagBag from /opt/airflow/dags/crawl_crypto_prices.py
[2026-03-19T05:14:25.919+0000] {processor.py:840} INFO - DAG(s) 'crawl_crypto_prices' retrieved from /opt/airflow/dags/crawl_crypto_prices.py
[2026-03-19T05:14:25.944+0000] {logging_mixin.py:188} INFO - [2026-03-19T05:14:25.944+0000] {dag.py:3036} INFO - Sync 1 DAGs
[2026-03-19T05:14:25.966+0000] {logging_mixin.py:188} INFO - [2026-03-19T05:14:25.965+0000] {dag.py:3823} INFO - Setting next_dagrun for crawl_crypto_prices to 2026-03-19 04:00:00+00:00, run_after=2026-03-19 05:00:00+00:00
[2026-03-19T05:14:25.982+0000] {processor.py:183} INFO - Processing /opt/airflow/dags/crawl_crypto_prices.py took 0.078 seconds
[2026-03-19T05:55:36.060+0000] {processor.py:161} INFO - Started process (PID=409) to work on /opt/airflow/dags/crawl_crypto_prices.py
[2026-03-19T05:55:36.061+0000] {processor.py:830} INFO - Processing file /opt/airflow/dags/crawl_crypto_prices.py for tasks to queue
[2026-03-19T05:55:36.062+0000] {logging_mixin.py:188} INFO - [2026-03-19T05:55:36.062+0000] {dagbag.py:538} INFO - Filling up the DagBag from /opt/airflow/dags/crawl_crypto_prices.py
[2026-03-19T05:55:36.071+0000] {processor.py:840} INFO - DAG(s) 'crawl_crypto_prices' retrieved from /opt/airflow/dags/crawl_crypto_prices.py
[2026-03-19T05:55:36.085+0000] {logging_mixin.py:188} INFO - [2026-03-19T05:55:36.085+0000] {dag.py:3036} INFO - Sync 1 DAGs
[2026-03-19T05:55:36.094+0000] {logging_mixin.py:188} INFO - [2026-03-19T05:55:36.094+0000] {dag.py:3823} INFO - Setting next_dagrun for crawl_crypto_prices to 2026-03-19 05:00:00+00:00, run_after=2026-03-19 06:00:00+00:00
[2026-03-19T05:55:36.100+0000] {processor.py:183} INFO - Processing /opt/airflow/dags/crawl_crypto_prices.py took 0.042 seconds
[2026-03-19T06:33:00.273+0000] {processor.py:161} INFO - Started process (PID=417) to work on /opt/airflow/dags/crawl_crypto_prices.py
[2026-03-19T06:33:00.275+0000] {processor.py:830} INFO - Processing file /opt/airflow/dags/crawl_crypto_prices.py for tasks to queue
[2026-03-19T06:33:00.276+0000] {logging_mixin.py:188} INFO - [2026-03-19T06:33:00.276+0000] {dagbag.py:538} INFO - Filling up the DagBag from /opt/airflow/dags/crawl_crypto_prices.py
[2026-03-19T06:33:00.289+0000] {processor.py:840} INFO - DAG(s) 'crawl_crypto_prices' retrieved from /opt/airflow/dags/crawl_crypto_prices.py
[2026-03-19T06:33:00.312+0000] {logging_mixin.py:188} INFO - [2026-03-19T06:33:00.312+0000] {dag.py:3036} INFO - Sync 1 DAGs
[2026-03-19T06:33:00.337+0000] {logging_mixin.py:188} INFO - [2026-03-19T06:33:00.337+0000] {dag.py:3823} INFO - Setting next_dagrun for crawl_crypto_prices to 2026-03-19 06:00:00+00:00, run_after=2026-03-19 07:00:00+00:00
[2026-03-19T06:33:00.355+0000] {processor.py:183} INFO - Processing /opt/airflow/dags/crawl_crypto_prices.py took 0.085 seconds
[2026-03-19T06:33:30.550+0000] {processor.py:161} INFO - Started process (PID=425) to work on /opt/airflow/dags/crawl_crypto_prices.py
[2026-03-19T06:33:30.551+0000] {processor.py:830} INFO - Processing file /opt/airflow/dags/crawl_crypto_prices.py for tasks to queue
[2026-03-19T06:33:30.552+0000] {logging_mixin.py:188} INFO - [2026-03-19T06:33:30.552+0000] {dagbag.py:538} INFO - Filling up the DagBag from /opt/airflow/dags/crawl_crypto_prices.py
[2026-03-19T06:33:30.562+0000] {processor.py:840} INFO - DAG(s) 'crawl_crypto_prices' retrieved from /opt/airflow/dags/crawl_crypto_prices.py
[2026-03-19T06:33:30.576+0000] {logging_mixin.py:188} INFO - [2026-03-19T06:33:30.576+0000] {dag.py:3036} INFO - Sync 1 DAGs
[2026-03-19T06:33:30.586+0000] {logging_mixin.py:188} INFO - [2026-03-19T06:33:30.586+0000] {dag.py:3823} INFO - Setting next_dagrun for crawl_crypto_prices to 2026-03-19 06:00:00+00:00, run_after=2026-03-19 07:00:00+00:00
[2026-03-19T06:33:30.592+0000] {processor.py:183} INFO - Processing /opt/airflow/dags/crawl_crypto_prices.py took 0.046 seconds
[2026-03-19T06:34:00.878+0000] {processor.py:161} INFO - Started process (PID=430) to work on /opt/airflow/dags/crawl_crypto_prices.py
[2026-03-19T06:34:00.879+0000] {processor.py:830} INFO - Processing file /opt/airflow/dags/crawl_crypto_prices.py for tasks to queue
[2026-03-19T06:34:00.879+0000] {logging_mixin.py:188} INFO - [2026-03-19T06:34:00.879+0000] {dagbag.py:538} INFO - Filling up the DagBag from /opt/airflow/dags/crawl_crypto_prices.py
[2026-03-19T06:34:00.886+0000] {processor.py:840} INFO - DAG(s) 'crawl_crypto_prices' retrieved from /opt/airflow/dags/crawl_crypto_prices.py
[2026-03-19T06:34:00.900+0000] {logging_mixin.py:188} INFO - [2026-03-19T06:34:00.900+0000] {dag.py:3036} INFO - Sync 1 DAGs
[2026-03-19T06:34:00.910+0000] {logging_mixin.py:188} INFO - [2026-03-19T06:34:00.910+0000] {dag.py:3823} INFO - Setting next_dagrun for crawl_crypto_prices to 2026-03-19 06:00:00+00:00, run_after=2026-03-19 07:00:00+00:00
[2026-03-19T06:34:00.916+0000] {processor.py:183} INFO - Processing /opt/airflow/dags/crawl_crypto_prices.py took 0.040 seconds
[2026-03-19T06:34:31.199+0000] {processor.py:161} INFO - Started process (PID=435) to work on /opt/airflow/dags/crawl_crypto_prices.py
[2026-03-19T06:34:31.200+0000] {processor.py:830} INFO - Processing file /opt/airflow/dags/crawl_crypto_prices.py for tasks to queue
[2026-03-19T06:34:31.201+0000] {logging_mixin.py:188} INFO - [2026-03-19T06:34:31.201+0000] {dagbag.py:538} INFO - Filling up the DagBag from /opt/airflow/dags/crawl_crypto_prices.py
[2026-03-19T06:34:31.213+0000] {processor.py:840} INFO - DAG(s) 'crawl_crypto_prices' retrieved from /opt/airflow/dags/crawl_crypto_prices.py
[2026-03-19T06:34:31.234+0000] {logging_mixin.py:188} INFO - [2026-03-19T06:34:31.233+0000] {dag.py:3036} INFO - Sync 1 DAGs
[2026-03-19T06:34:31.244+0000] {logging_mixin.py:188} INFO - [2026-03-19T06:34:31.244+0000] {dag.py:3823} INFO - Setting next_dagrun for crawl_crypto_prices to 2026-03-19 06:00:00+00:00, run_after=2026-03-19 07:00:00+00:00
[2026-03-19T06:34:31.250+0000] {processor.py:183} INFO - Processing /opt/airflow/dags/crawl_crypto_prices.py took 0.056 seconds
[2026-03-19T06:35:01.537+0000] {processor.py:161} INFO - Started process (PID=440) to work on /opt/airflow/dags/crawl_crypto_prices.py
[2026-03-19T06:35:01.537+0000] {processor.py:830} INFO - Processing file /opt/airflow/dags/crawl_crypto_prices.py for tasks to queue
[2026-03-19T06:35:01.538+0000] {logging_mixin.py:188} INFO - [2026-03-19T06:35:01.538+0000] {dagbag.py:538} INFO - Filling up the DagBag from /opt/airflow/dags/crawl_crypto_prices.py
[2026-03-19T06:35:01.549+0000] {processor.py:840} INFO - DAG(s) 'crawl_crypto_prices' retrieved from /opt/airflow/dags/crawl_crypto_prices.py
[2026-03-19T06:35:01.569+0000] {logging_mixin.py:188} INFO - [2026-03-19T06:35:01.568+0000] {dag.py:3036} INFO - Sync 1 DAGs
[2026-03-19T06:35:01.581+0000] {logging_mixin.py:188} INFO - [2026-03-19T06:35:01.581+0000] {dag.py:3823} INFO - Setting next_dagrun for crawl_crypto_prices to 2026-03-19 06:00:00+00:00, run_after=2026-03-19 07:00:00+00:00
[2026-03-19T06:35:01.588+0000] {processor.py:183} INFO - Processing /opt/airflow/dags/crawl_crypto_prices.py took 0.054 seconds
[2026-03-19T06:35:31.850+0000] {processor.py:161} INFO - Started process (PID=445) to work on /opt/airflow/dags/crawl_crypto_prices.py
[2026-03-19T06:35:31.851+0000] {processor.py:830} INFO - Processing file /opt/airflow/dags/crawl_crypto_prices.py for tasks to queue
[2026-03-19T06:35:31.851+0000] {logging_mixin.py:188} INFO - [2026-03-19T06:35:31.851+0000] {dagbag.py:538} INFO - Filling up the DagBag from /opt/airflow/dags/crawl_crypto_prices.py
[2026-03-19T06:35:31.862+0000] {processor.py:840} INFO - DAG(s) 'crawl_crypto_prices' retrieved from /opt/airflow/dags/crawl_crypto_prices.py
[2026-03-19T06:35:31.882+0000] {logging_mixin.py:188} INFO - [2026-03-19T06:35:31.882+0000] {dag.py:3036} INFO - Sync 1 DAGs
[2026-03-19T06:35:31.892+0000] {logging_mixin.py:188} INFO - [2026-03-19T06:35:31.892+0000] {dag.py:3823} INFO - Setting next_dagrun for crawl_crypto_prices to 2026-03-19 06:00:00+00:00, run_after=2026-03-19 07:00:00+00:00
[2026-03-19T06:35:31.899+0000] {processor.py:183} INFO - Processing /opt/airflow/dags/crawl_crypto_prices.py took 0.053 seconds
[2026-03-19T06:36:02.193+0000] {processor.py:161} INFO - Started process (PID=450) to work on /opt/airflow/dags/crawl_crypto_prices.py
[2026-03-19T06:36:02.194+0000] {processor.py:830} INFO - Processing file /opt/airflow/dags/crawl_crypto_prices.py for tasks to queue
[2026-03-19T06:36:02.194+0000] {logging_mixin.py:188} INFO - [2026-03-19T06:36:02.194+0000] {dagbag.py:538} INFO - Filling up the DagBag from /opt/airflow/dags/crawl_crypto_prices.py
[2026-03-19T06:36:02.204+0000] {processor.py:840} INFO - DAG(s) 'crawl_crypto_prices' retrieved from /opt/airflow/dags/crawl_crypto_prices.py
[2026-03-19T06:36:02.222+0000] {logging_mixin.py:188} INFO - [2026-03-19T06:36:02.222+0000] {dag.py:3036} INFO - Sync 1 DAGs
[2026-03-19T06:36:02.234+0000] {logging_mixin.py:188} INFO - [2026-03-19T06:36:02.234+0000] {dag.py:3823} INFO - Setting next_dagrun for crawl_crypto_prices to 2026-03-19 06:00:00+00:00, run_after=2026-03-19 07:00:00+00:00
[2026-03-19T06:36:02.240+0000] {processor.py:183} INFO - Processing /opt/airflow/dags/crawl_crypto_prices.py took 0.051 seconds
[2026-03-19T06:36:32.522+0000] {processor.py:161} INFO - Started process (PID=455) to work on /opt/airflow/dags/crawl_crypto_prices.py
[2026-03-19T06:36:32.523+0000] {processor.py:830} INFO - Processing file /opt/airflow/dags/crawl_crypto_prices.py for tasks to queue
[2026-03-19T06:36:32.524+0000] {logging_mixin.py:188} INFO - [2026-03-19T06:36:32.523+0000] {dagbag.py:538} INFO - Filling up the DagBag from /opt/airflow/dags/crawl_crypto_prices.py
[2026-03-19T06:36:32.534+0000] {processor.py:840} INFO - DAG(s) 'crawl_crypto_prices' retrieved from /opt/airflow/dags/crawl_crypto_prices.py
[2026-03-19T06:36:32.552+0000] {logging_mixin.py:188} INFO - [2026-03-19T06:36:32.552+0000] {dag.py:3036} INFO - Sync 1 DAGs
[2026-03-19T06:36:32.563+0000] {logging_mixin.py:188} INFO - [2026-03-19T06:36:32.563+0000] {dag.py:3823} INFO - Setting next_dagrun for crawl_crypto_prices to 2026-03-19 06:00:00+00:00, run_after=2026-03-19 07:00:00+00:00
[2026-03-19T06:36:32.570+0000] {processor.py:183} INFO - Processing /opt/airflow/dags/crawl_crypto_prices.py took 0.051 seconds
[2026-03-19T06:37:02.863+0000] {processor.py:161} INFO - Started process (PID=460) to work on /opt/airflow/dags/crawl_crypto_prices.py
[2026-03-19T06:37:02.864+0000] {processor.py:830} INFO - Processing file /opt/airflow/dags/crawl_crypto_prices.py for tasks to queue
[2026-03-19T06:37:02.864+0000] {logging_mixin.py:188} INFO - [2026-03-19T06:37:02.864+0000] {dagbag.py:538} INFO - Filling up the DagBag from /opt/airflow/dags/crawl_crypto_prices.py
[2026-03-19T06:37:02.874+0000] {processor.py:840} INFO - DAG(s) 'crawl_crypto_prices' retrieved from /opt/airflow/dags/crawl_crypto_prices.py
[2026-03-19T06:37:02.892+0000] {logging_mixin.py:188} INFO - [2026-03-19T06:37:02.892+0000] {dag.py:3036} INFO - Sync 1 DAGs
[2026-03-19T06:37:02.901+0000] {logging_mixin.py:188} INFO - [2026-03-19T06:37:02.901+0000] {dag.py:3823} INFO - Setting next_dagrun for crawl_crypto_prices to 2026-03-19 06:00:00+00:00, run_after=2026-03-19 07:00:00+00:00
[2026-03-19T06:37:02.908+0000] {processor.py:183} INFO - Processing /opt/airflow/dags/crawl_crypto_prices.py took 0.048 seconds
[2026-03-19T06:37:33.144+0000] {processor.py:161} INFO - Started process (PID=465) to work on /opt/airflow/dags/crawl_crypto_prices.py
[2026-03-19T06:37:33.145+0000] {processor.py:830} INFO - Processing file /opt/airflow/dags/crawl_crypto_prices.py for tasks to queue
[2026-03-19T06:37:33.146+0000] {logging_mixin.py:188} INFO - [2026-03-19T06:37:33.145+0000] {dagbag.py:538} INFO - Filling up the DagBag from /opt/airflow/dags/crawl_crypto_prices.py
[2026-03-19T06:37:33.156+0000] {processor.py:840} INFO - DAG(s) 'crawl_crypto_prices' retrieved from /opt/airflow/dags/crawl_crypto_prices.py
[2026-03-19T06:37:33.175+0000] {logging_mixin.py:188} INFO - [2026-03-19T06:37:33.175+0000] {dag.py:3036} INFO - Sync 1 DAGs
[2026-03-19T06:37:33.187+0000] {logging_mixin.py:188} INFO - [2026-03-19T06:37:33.187+0000] {dag.py:3823} INFO - Setting next_dagrun for crawl_crypto_prices to 2026-03-19 06:00:00+00:00, run_after=2026-03-19 07:00:00+00:00
[2026-03-19T06:37:33.194+0000] {processor.py:183} INFO - Processing /opt/airflow/dags/crawl_crypto_prices.py took 0.053 seconds
[2026-03-19T06:38:03.475+0000] {processor.py:161} INFO - Started process (PID=470) to work on /opt/airflow/dags/crawl_crypto_prices.py
[2026-03-19T06:38:03.476+0000] {processor.py:830} INFO - Processing file /opt/airflow/dags/crawl_crypto_prices.py for tasks to queue
[2026-03-19T06:38:03.477+0000] {logging_mixin.py:188} INFO - [2026-03-19T06:38:03.477+0000] {dagbag.py:538} INFO - Filling up the DagBag from /opt/airflow/dags/crawl_crypto_prices.py
[2026-03-19T06:38:03.488+0000] {processor.py:840} INFO - DAG(s) 'crawl_crypto_prices' retrieved from /opt/airflow/dags/crawl_crypto_prices.py
[2026-03-19T06:38:03.506+0000] {logging_mixin.py:188} INFO - [2026-03-19T06:38:03.506+0000] {dag.py:3036} INFO - Sync 1 DAGs
[2026-03-19T06:38:03.517+0000] {logging_mixin.py:188} INFO - [2026-03-19T06:38:03.517+0000] {dag.py:3823} INFO - Setting next_dagrun for crawl_crypto_prices to 2026-03-19 06:00:00+00:00, run_after=2026-03-19 07:00:00+00:00
[2026-03-19T06:38:03.523+0000] {processor.py:183} INFO - Processing /opt/airflow/dags/crawl_crypto_prices.py took 0.051 seconds
[2026-03-19T06:38:33.835+0000] {processor.py:161} INFO - Started process (PID=475) to work on /opt/airflow/dags/crawl_crypto_prices.py
[2026-03-19T06:38:33.836+0000] {processor.py:830} INFO - Processing file /opt/airflow/dags/crawl_crypto_prices.py for tasks to queue
[2026-03-19T06:38:33.836+0000] {logging_mixin.py:188} INFO - [2026-03-19T06:38:33.836+0000] {dagbag.py:538} INFO - Filling up the DagBag from /opt/airflow/dags/crawl_crypto_prices.py
[2026-03-19T06:38:33.847+0000] {processor.py:840} INFO - DAG(s) 'crawl_crypto_prices' retrieved from /opt/airflow/dags/crawl_crypto_prices.py
[2026-03-19T06:38:33.865+0000] {logging_mixin.py:188} INFO - [2026-03-19T06:38:33.864+0000] {dag.py:3036} INFO - Sync 1 DAGs
[2026-03-19T06:38:33.875+0000] {logging_mixin.py:188} INFO - [2026-03-19T06:38:33.875+0000] {dag.py:3823} INFO - Setting next_dagrun for crawl_crypto_prices to 2026-03-19 06:00:00+00:00, run_after=2026-03-19 07:00:00+00:00
[2026-03-19T06:38:33.882+0000] {processor.py:183} INFO - Processing /opt/airflow/dags/crawl_crypto_prices.py took 0.050 seconds
[2026-03-19T06:47:31.921+0000] {processor.py:161} INFO - Started process (PID=480) to work on /opt/airflow/dags/crawl_crypto_prices.py
[2026-03-19T06:47:31.922+0000] {processor.py:830} INFO - Processing file /opt/airflow/dags/crawl_crypto_prices.py for tasks to queue
[2026-03-19T06:47:31.922+0000] {logging_mixin.py:188} INFO - [2026-03-19T06:47:31.922+0000] {dagbag.py:538} INFO - Filling up the DagBag from /opt/airflow/dags/crawl_crypto_prices.py
[2026-03-19T06:47:31.934+0000] {processor.py:840} INFO - DAG(s) 'crawl_crypto_prices' retrieved from /opt/airflow/dags/crawl_crypto_prices.py
[2026-03-19T06:47:31.952+0000] {logging_mixin.py:188} INFO - [2026-03-19T06:47:31.952+0000] {dag.py:3036} INFO - Sync 1 DAGs
[2026-03-19T06:47:31.965+0000] {logging_mixin.py:188} INFO - [2026-03-19T06:47:31.965+0000] {dag.py:3823} INFO - Setting next_dagrun for crawl_crypto_prices to 2026-03-19 06:00:00+00:00, run_after=2026-03-19 07:00:00+00:00
[2026-03-19T06:47:31.973+0000] {processor.py:183} INFO - Processing /opt/airflow/dags/crawl_crypto_prices.py took 0.056 seconds
[2026-03-19T06:48:02.261+0000] {processor.py:161} INFO - Started process (PID=487) to work on /opt/airflow/dags/crawl_crypto_prices.py
[2026-03-19T06:48:02.262+0000] {processor.py:830} INFO - Processing file /opt/airflow/dags/crawl_crypto_prices.py for tasks to queue
[2026-03-19T06:48:02.263+0000] {logging_mixin.py:188} INFO - [2026-03-19T06:48:02.262+0000] {dagbag.py:538} INFO - Filling up the DagBag from /opt/airflow/dags/crawl_crypto_prices.py
[2026-03-19T06:48:02.275+0000] {processor.py:840} INFO - DAG(s) 'crawl_crypto_prices' retrieved from /opt/airflow/dags/crawl_crypto_prices.py
[2026-03-19T06:48:02.295+0000] {logging_mixin.py:188} INFO - [2026-03-19T06:48:02.295+0000] {dag.py:3036} INFO - Sync 1 DAGs
[2026-03-19T06:48:02.304+0000] {logging_mixin.py:188} INFO - [2026-03-19T06:48:02.304+0000] {dag.py:3823} INFO - Setting next_dagrun for crawl_crypto_prices to 2026-03-19 06:00:00+00:00, run_after=2026-03-19 07:00:00+00:00
[2026-03-19T06:48:02.311+0000] {processor.py:183} INFO - Processing /opt/airflow/dags/crawl_crypto_prices.py took 0.054 seconds
[2026-03-19T06:48:32.583+0000] {processor.py:161} INFO - Started process (PID=492) to work on /opt/airflow/dags/crawl_crypto_prices.py
[2026-03-19T06:48:32.584+0000] {processor.py:830} INFO - Processing file /opt/airflow/dags/crawl_crypto_prices.py for tasks to queue
[2026-03-19T06:48:32.585+0000] {logging_mixin.py:188} INFO - [2026-03-19T06:48:32.585+0000] {dagbag.py:538} INFO - Filling up the DagBag from /opt/airflow/dags/crawl_crypto_prices.py
[2026-03-19T06:48:32.597+0000] {processor.py:840} INFO - DAG(s) 'crawl_crypto_prices' retrieved from /opt/airflow/dags/crawl_crypto_prices.py
[2026-03-19T06:48:32.616+0000] {logging_mixin.py:188} INFO - [2026-03-19T06:48:32.616+0000] {dag.py:3036} INFO - Sync 1 DAGs
[2026-03-19T06:48:32.627+0000] {logging_mixin.py:188} INFO - [2026-03-19T06:48:32.627+0000] {dag.py:3823} INFO - Setting next_dagrun for crawl_crypto_prices to 2026-03-19 06:00:00+00:00, run_after=2026-03-19 07:00:00+00:00
[2026-03-19T06:48:32.634+0000] {processor.py:183} INFO - Processing /opt/airflow/dags/crawl_crypto_prices.py took 0.054 seconds
[2026-03-19T06:49:02.861+0000] {processor.py:161} INFO - Started process (PID=497) to work on /opt/airflow/dags/crawl_crypto_prices.py
[2026-03-19T06:49:02.863+0000] {processor.py:830} INFO - Processing file /opt/airflow/dags/crawl_crypto_prices.py for tasks to queue
[2026-03-19T06:49:02.863+0000] {logging_mixin.py:188} INFO - [2026-03-19T06:49:02.863+0000] {dagbag.py:538} INFO - Filling up the DagBag from /opt/airflow/dags/crawl_crypto_prices.py
[2026-03-19T06:49:02.874+0000] {processor.py:840} INFO - DAG(s) 'crawl_crypto_prices' retrieved from /opt/airflow/dags/crawl_crypto_prices.py
[2026-03-19T06:49:02.893+0000] {logging_mixin.py:188} INFO - [2026-03-19T06:49:02.893+0000] {dag.py:3036} INFO - Sync 1 DAGs
[2026-03-19T06:49:02.903+0000] {logging_mixin.py:188} INFO - [2026-03-19T06:49:02.903+0000] {dag.py:3823} INFO - Setting next_dagrun for crawl_crypto_prices to 2026-03-19 06:00:00+00:00, run_after=2026-03-19 07:00:00+00:00
[2026-03-19T06:49:02.909+0000] {processor.py:183} INFO - Processing /opt/airflow/dags/crawl_crypto_prices.py took 0.051 seconds
[2026-03-19T06:49:33.163+0000] {processor.py:161} INFO - Started process (PID=502) to work on /opt/airflow/dags/crawl_crypto_prices.py
[2026-03-19T06:49:33.164+0000] {processor.py:830} INFO - Processing file /opt/airflow/dags/crawl_crypto_prices.py for tasks to queue
[2026-03-19T06:49:33.165+0000] {logging_mixin.py:188} INFO - [2026-03-19T06:49:33.164+0000] {dagbag.py:538} INFO - Filling up the DagBag from /opt/airflow/dags/crawl_crypto_prices.py
[2026-03-19T06:49:33.176+0000] {processor.py:840} INFO - DAG(s) 'crawl_crypto_prices' retrieved from /opt/airflow/dags/crawl_crypto_prices.py
[2026-03-19T06:49:33.194+0000] {logging_mixin.py:188} INFO - [2026-03-19T06:49:33.194+0000] {dag.py:3036} INFO - Sync 1 DAGs
[2026-03-19T06:49:33.204+0000] {logging_mixin.py:188} INFO - [2026-03-19T06:49:33.204+0000] {dag.py:3823} INFO - Setting next_dagrun for crawl_crypto_prices to 2026-03-19 06:00:00+00:00, run_after=2026-03-19 07:00:00+00:00
[2026-03-19T06:49:33.211+0000] {processor.py:183} INFO - Processing /opt/airflow/dags/crawl_crypto_prices.py took 0.051 seconds
[2026-03-19T06:50:44.813+0000] {processor.py:161} INFO - Started process (PID=509) to work on /opt/airflow/dags/crawl_crypto_prices.py
[2026-03-19T06:50:44.813+0000] {processor.py:830} INFO - Processing file /opt/airflow/dags/crawl_crypto_prices.py for tasks to queue
[2026-03-19T06:50:44.814+0000] {logging_mixin.py:188} INFO - [2026-03-19T06:50:44.813+0000] {dagbag.py:538} INFO - Filling up the DagBag from /opt/airflow/dags/crawl_crypto_prices.py
[2026-03-19T06:50:44.821+0000] {processor.py:840} INFO - DAG(s) 'crawl_crypto_prices' retrieved from /opt/airflow/dags/crawl_crypto_prices.py
[2026-03-19T06:50:44.836+0000] {logging_mixin.py:188} INFO - [2026-03-19T06:50:44.836+0000] {dag.py:3036} INFO - Sync 1 DAGs
[2026-03-19T06:50:44.846+0000] {logging_mixin.py:188} INFO - [2026-03-19T06:50:44.846+0000] {dag.py:3823} INFO - Setting next_dagrun for crawl_crypto_prices to 2026-03-19 06:00:00+00:00, run_after=2026-03-19 07:00:00+00:00
[2026-03-19T06:50:44.852+0000] {processor.py:183} INFO - Processing /opt/airflow/dags/crawl_crypto_prices.py took 0.042 seconds
[2026-03-19T06:51:15.087+0000] {processor.py:161} INFO - Started process (PID=514) to work on /opt/airflow/dags/crawl_crypto_prices.py
[2026-03-19T06:51:15.088+0000] {processor.py:830} INFO - Processing file /opt/airflow/dags/crawl_crypto_prices.py for tasks to queue
[2026-03-19T06:51:15.089+0000] {logging_mixin.py:188} INFO - [2026-03-19T06:51:15.089+0000] {dagbag.py:538} INFO - Filling up the DagBag from /opt/airflow/dags/crawl_crypto_prices.py
[2026-03-19T06:51:15.098+0000] {processor.py:840} INFO - DAG(s) 'crawl_crypto_prices' retrieved from /opt/airflow/dags/crawl_crypto_prices.py
[2026-03-19T06:51:15.112+0000] {logging_mixin.py:188} INFO - [2026-03-19T06:51:15.112+0000] {dag.py:3036} INFO - Sync 1 DAGs
[2026-03-19T06:51:15.123+0000] {logging_mixin.py:188} INFO - [2026-03-19T06:51:15.122+0000] {dag.py:3823} INFO - Setting next_dagrun for crawl_crypto_prices to 2026-03-19 06:00:00+00:00, run_after=2026-03-19 07:00:00+00:00
[2026-03-19T06:51:15.129+0000] {processor.py:183} INFO - Processing /opt/airflow/dags/crawl_crypto_prices.py took 0.044 seconds
[2026-03-19T06:51:45.395+0000] {processor.py:161} INFO - Started process (PID=519) to work on /opt/airflow/dags/crawl_crypto_prices.py
[2026-03-19T06:51:45.396+0000] {processor.py:830} INFO - Processing file /opt/airflow/dags/crawl_crypto_prices.py for tasks to queue
[2026-03-19T06:51:45.397+0000] {logging_mixin.py:188} INFO - [2026-03-19T06:51:45.397+0000] {dagbag.py:538} INFO - Filling up the DagBag from /opt/airflow/dags/crawl_crypto_prices.py
[2026-03-19T06:51:45.409+0000] {processor.py:840} INFO - DAG(s) 'crawl_crypto_prices' retrieved from /opt/airflow/dags/crawl_crypto_prices.py
[2026-03-19T06:51:45.427+0000] {logging_mixin.py:188} INFO - [2026-03-19T06:51:45.427+0000] {dag.py:3036} INFO - Sync 1 DAGs
[2026-03-19T06:51:45.437+0000] {logging_mixin.py:188} INFO - [2026-03-19T06:51:45.437+0000] {dag.py:3823} INFO - Setting next_dagrun for crawl_crypto_prices to 2026-03-19 06:00:00+00:00, run_after=2026-03-19 07:00:00+00:00
[2026-03-19T06:51:45.443+0000] {processor.py:183} INFO - Processing /opt/airflow/dags/crawl_crypto_prices.py took 0.052 seconds
[2026-03-19T06:52:15.694+0000] {processor.py:161} INFO - Started process (PID=524) to work on /opt/airflow/dags/crawl_crypto_prices.py
[2026-03-19T06:52:15.696+0000] {processor.py:830} INFO - Processing file /opt/airflow/dags/crawl_crypto_prices.py for tasks to queue
[2026-03-19T06:52:15.697+0000] {logging_mixin.py:188} INFO - [2026-03-19T06:52:15.696+0000] {dagbag.py:538} INFO - Filling up the DagBag from /opt/airflow/dags/crawl_crypto_prices.py
[2026-03-19T06:52:15.707+0000] {processor.py:840} INFO - DAG(s) 'crawl_crypto_prices' retrieved from /opt/airflow/dags/crawl_crypto_prices.py
[2026-03-19T06:52:15.726+0000] {logging_mixin.py:188} INFO - [2026-03-19T06:52:15.726+0000] {dag.py:3036} INFO - Sync 1 DAGs
[2026-03-19T06:52:15.736+0000] {logging_mixin.py:188} INFO - [2026-03-19T06:52:15.736+0000] {dag.py:3823} INFO - Setting next_dagrun for crawl_crypto_prices to 2026-03-19 06:00:00+00:00, run_after=2026-03-19 07:00:00+00:00
[2026-03-19T06:52:15.742+0000] {processor.py:183} INFO - Processing /opt/airflow/dags/crawl_crypto_prices.py took 0.052 seconds
[2026-03-19T06:52:46.004+0000] {processor.py:161} INFO - Started process (PID=529) to work on /opt/airflow/dags/crawl_crypto_prices.py
[2026-03-19T06:52:46.005+0000] {processor.py:830} INFO - Processing file /opt/airflow/dags/crawl_crypto_prices.py for tasks to queue
[2026-03-19T06:52:46.006+0000] {logging_mixin.py:188} INFO - [2026-03-19T06:52:46.005+0000] {dagbag.py:538} INFO - Filling up the DagBag from /opt/airflow/dags/crawl_crypto_prices.py
[2026-03-19T06:52:46.016+0000] {processor.py:840} INFO - DAG(s) 'crawl_crypto_prices' retrieved from /opt/airflow/dags/crawl_crypto_prices.py
[2026-03-19T06:52:46.034+0000] {logging_mixin.py:188} INFO - [2026-03-19T06:52:46.034+0000] {dag.py:3036} INFO - Sync 1 DAGs
[2026-03-19T06:52:46.045+0000] {logging_mixin.py:188} INFO - [2026-03-19T06:52:46.045+0000] {dag.py:3823} INFO - Setting next_dagrun for crawl_crypto_prices to 2026-03-19 06:00:00+00:00, run_after=2026-03-19 07:00:00+00:00
[2026-03-19T06:52:46.051+0000] {processor.py:183} INFO - Processing /opt/airflow/dags/crawl_crypto_prices.py took 0.051 seconds
[2026-03-19T06:53:16.330+0000] {processor.py:161} INFO - Started process (PID=534) to work on /opt/airflow/dags/crawl_crypto_prices.py
[2026-03-19T06:53:16.330+0000] {processor.py:830} INFO - Processing file /opt/airflow/dags/crawl_crypto_prices.py for tasks to queue
[2026-03-19T06:53:16.331+0000] {logging_mixin.py:188} INFO - [2026-03-19T06:53:16.331+0000] {dagbag.py:538} INFO - Filling up the DagBag from /opt/airflow/dags/crawl_crypto_prices.py
[2026-03-19T06:53:16.340+0000] {processor.py:840} INFO - DAG(s) 'crawl_crypto_prices' retrieved from /opt/airflow/dags/crawl_crypto_prices.py
[2026-03-19T06:53:16.362+0000] {logging_mixin.py:188} INFO - [2026-03-19T06:53:16.362+0000] {dag.py:3036} INFO - Sync 1 DAGs
[2026-03-19T06:53:16.375+0000] {logging_mixin.py:188} INFO - [2026-03-19T06:53:16.375+0000] {dag.py:3823} INFO - Setting next_dagrun for crawl_crypto_prices to 2026-03-19 06:00:00+00:00, run_after=2026-03-19 07:00:00+00:00
[2026-03-19T06:53:16.383+0000] {processor.py:183} INFO - Processing /opt/airflow/dags/crawl_crypto_prices.py took 0.055 seconds
[2026-03-19T06:53:46.665+0000] {processor.py:161} INFO - Started process (PID=539) to work on /opt/airflow/dags/crawl_crypto_prices.py
[2026-03-19T06:53:46.666+0000] {processor.py:830} INFO - Processing file /opt/airflow/dags/crawl_crypto_prices.py for tasks to queue
[2026-03-19T06:53:46.666+0000] {logging_mixin.py:188} INFO - [2026-03-19T06:53:46.666+0000] {dagbag.py:538} INFO - Filling up the DagBag from /opt/airflow/dags/crawl_crypto_prices.py
[2026-03-19T06:53:46.677+0000] {processor.py:840} INFO - DAG(s) 'crawl_crypto_prices' retrieved from /opt/airflow/dags/crawl_crypto_prices.py
[2026-03-19T06:53:46.697+0000] {logging_mixin.py:188} INFO - [2026-03-19T06:53:46.697+0000] {dag.py:3036} INFO - Sync 1 DAGs
[2026-03-19T06:53:46.709+0000] {logging_mixin.py:188} INFO - [2026-03-19T06:53:46.709+0000] {dag.py:3823} INFO - Setting next_dagrun for crawl_crypto_prices to 2026-03-19 06:00:00+00:00, run_after=2026-03-19 07:00:00+00:00
[2026-03-19T06:53:46.716+0000] {processor.py:183} INFO - Processing /opt/airflow/dags/crawl_crypto_prices.py took 0.054 seconds
[2026-03-19T06:54:17.003+0000] {processor.py:161} INFO - Started process (PID=544) to work on /opt/airflow/dags/crawl_crypto_prices.py
[2026-03-19T06:54:17.004+0000] {processor.py:830} INFO - Processing file /opt/airflow/dags/crawl_crypto_prices.py for tasks to queue
[2026-03-19T06:54:17.004+0000] {logging_mixin.py:188} INFO - [2026-03-19T06:54:17.004+0000] {dagbag.py:538} INFO - Filling up the DagBag from /opt/airflow/dags/crawl_crypto_prices.py
[2026-03-19T06:54:17.015+0000] {processor.py:840} INFO - DAG(s) 'crawl_crypto_prices' retrieved from /opt/airflow/dags/crawl_crypto_prices.py
[2026-03-19T06:54:17.033+0000] {logging_mixin.py:188} INFO - [2026-03-19T06:54:17.033+0000] {dag.py:3036} INFO - Sync 1 DAGs
[2026-03-19T06:54:17.043+0000] {logging_mixin.py:188} INFO - [2026-03-19T06:54:17.043+0000] {dag.py:3823} INFO - Setting next_dagrun for crawl_crypto_prices to 2026-03-19 06:00:00+00:00, run_after=2026-03-19 07:00:00+00:00
[2026-03-19T06:54:17.049+0000] {processor.py:183} INFO - Processing /opt/airflow/dags/crawl_crypto_prices.py took 0.049 seconds
[2026-03-19T06:54:47.283+0000] {processor.py:161} INFO - Started process (PID=549) to work on /opt/airflow/dags/crawl_crypto_prices.py
[2026-03-19T06:54:47.285+0000] {processor.py:830} INFO - Processing file /opt/airflow/dags/crawl_crypto_prices.py for tasks to queue
[2026-03-19T06:54:47.286+0000] {logging_mixin.py:188} INFO - [2026-03-19T06:54:47.286+0000] {dagbag.py:538} INFO - Filling up the DagBag from /opt/airflow/dags/crawl_crypto_prices.py
[2026-03-19T06:54:47.293+0000] {processor.py:840} INFO - DAG(s) 'crawl_crypto_prices' retrieved from /opt/airflow/dags/crawl_crypto_prices.py
[2026-03-19T06:54:47.307+0000] {logging_mixin.py:188} INFO - [2026-03-19T06:54:47.307+0000] {dag.py:3036} INFO - Sync 1 DAGs
[2026-03-19T06:54:47.316+0000] {logging_mixin.py:188} INFO - [2026-03-19T06:54:47.316+0000] {dag.py:3823} INFO - Setting next_dagrun for crawl_crypto_prices to 2026-03-19 06:00:00+00:00, run_after=2026-03-19 07:00:00+00:00
[2026-03-19T06:54:47.323+0000] {processor.py:183} INFO - Processing /opt/airflow/dags/crawl_crypto_prices.py took 0.043 seconds
[2026-03-19T06:55:17.591+0000] {processor.py:161} INFO - Started process (PID=554) to work on /opt/airflow/dags/crawl_crypto_prices.py
[2026-03-19T06:55:17.592+0000] {processor.py:830} INFO - Processing file /opt/airflow/dags/crawl_crypto_prices.py for tasks to queue
[2026-03-19T06:55:17.593+0000] {logging_mixin.py:188} INFO - [2026-03-19T06:55:17.592+0000] {dagbag.py:538} INFO - Filling up the DagBag from /opt/airflow/dags/crawl_crypto_prices.py
[2026-03-19T06:55:17.599+0000] {processor.py:840} INFO - DAG(s) 'crawl_crypto_prices' retrieved from /opt/airflow/dags/crawl_crypto_prices.py
[2026-03-19T06:55:17.611+0000] {logging_mixin.py:188} INFO - [2026-03-19T06:55:17.611+0000] {dag.py:3036} INFO - Sync 1 DAGs
[2026-03-19T06:55:17.619+0000] {logging_mixin.py:188} INFO - [2026-03-19T06:55:17.619+0000] {dag.py:3823} INFO - Setting next_dagrun for crawl_crypto_prices to 2026-03-19 06:00:00+00:00, run_after=2026-03-19 07:00:00+00:00
[2026-03-19T06:55:17.626+0000] {processor.py:183} INFO - Processing /opt/airflow/dags/crawl_crypto_prices.py took 0.037 seconds
[2026-03-19T06:56:32.788+0000] {processor.py:161} INFO - Started process (PID=559) to work on /opt/airflow/dags/crawl_crypto_prices.py
[2026-03-19T06:56:32.789+0000] {processor.py:830} INFO - Processing file /opt/airflow/dags/crawl_crypto_prices.py for tasks to queue
[2026-03-19T06:56:32.790+0000] {logging_mixin.py:188} INFO - [2026-03-19T06:56:32.790+0000] {dagbag.py:538} INFO - Filling up the DagBag from /opt/airflow/dags/crawl_crypto_prices.py
[2026-03-19T06:56:32.800+0000] {processor.py:840} INFO - DAG(s) 'crawl_crypto_prices' retrieved from /opt/airflow/dags/crawl_crypto_prices.py
[2026-03-19T06:56:32.819+0000] {logging_mixin.py:188} INFO - [2026-03-19T06:56:32.819+0000] {dag.py:3036} INFO - Sync 1 DAGs
[2026-03-19T06:56:32.829+0000] {logging_mixin.py:188} INFO - [2026-03-19T06:56:32.829+0000] {dag.py:3823} INFO - Setting next_dagrun for crawl_crypto_prices to 2026-03-19 06:00:00+00:00, run_after=2026-03-19 07:00:00+00:00
[2026-03-19T06:56:32.835+0000] {processor.py:183} INFO - Processing /opt/airflow/dags/crawl_crypto_prices.py took 0.050 seconds
[2026-03-19T06:57:03.100+0000] {processor.py:161} INFO - Started process (PID=564) to work on /opt/airflow/dags/crawl_crypto_prices.py
[2026-03-19T06:57:03.101+0000] {processor.py:830} INFO - Processing file /opt/airflow/dags/crawl_crypto_prices.py for tasks to queue
[2026-03-19T06:57:03.102+0000] {logging_mixin.py:188} INFO - [2026-03-19T06:57:03.102+0000] {dagbag.py:538} INFO - Filling up the DagBag from /opt/airflow/dags/crawl_crypto_prices.py
[2026-03-19T06:57:03.113+0000] {processor.py:840} INFO - DAG(s) 'crawl_crypto_prices' retrieved from /opt/airflow/dags/crawl_crypto_prices.py
[2026-03-19T06:57:03.132+0000] {logging_mixin.py:188} INFO - [2026-03-19T06:57:03.132+0000] {dag.py:3036} INFO - Sync 1 DAGs
[2026-03-19T06:57:03.143+0000] {logging_mixin.py:188} INFO - [2026-03-19T06:57:03.143+0000] {dag.py:3823} INFO - Setting next_dagrun for crawl_crypto_prices to 2026-03-19 06:00:00+00:00, run_after=2026-03-19 07:00:00+00:00
[2026-03-19T06:57:03.149+0000] {processor.py:183} INFO - Processing /opt/airflow/dags/crawl_crypto_prices.py took 0.052 seconds
[2026-03-19T06:57:33.439+0000] {processor.py:161} INFO - Started process (PID=569) to work on /opt/airflow/dags/crawl_crypto_prices.py
[2026-03-19T06:57:33.439+0000] {processor.py:830} INFO - Processing file /opt/airflow/dags/crawl_crypto_prices.py for tasks to queue
[2026-03-19T06:57:33.440+0000] {logging_mixin.py:188} INFO - [2026-03-19T06:57:33.440+0000] {dagbag.py:538} INFO - Filling up the DagBag from /opt/airflow/dags/crawl_crypto_prices.py
[2026-03-19T06:57:33.447+0000] {processor.py:840} INFO - DAG(s) 'crawl_crypto_prices' retrieved from /opt/airflow/dags/crawl_crypto_prices.py
[2026-03-19T06:57:33.461+0000] {logging_mixin.py:188} INFO - [2026-03-19T06:57:33.461+0000] {dag.py:3036} INFO - Sync 1 DAGs
[2026-03-19T06:57:33.471+0000] {logging_mixin.py:188} INFO - [2026-03-19T06:57:33.471+0000] {dag.py:3823} INFO - Setting next_dagrun for crawl_crypto_prices to 2026-03-19 06:00:00+00:00, run_after=2026-03-19 07:00:00+00:00
[2026-03-19T06:57:33.477+0000] {processor.py:183} INFO - Processing /opt/airflow/dags/crawl_crypto_prices.py took 0.040 seconds
[2026-03-19T06:58:03.763+0000] {processor.py:161} INFO - Started process (PID=574) to work on /opt/airflow/dags/crawl_crypto_prices.py
[2026-03-19T06:58:03.764+0000] {processor.py:830} INFO - Processing file /opt/airflow/dags/crawl_crypto_prices.py for tasks to queue
[2026-03-19T06:58:03.765+0000] {logging_mixin.py:188} INFO - [2026-03-19T06:58:03.765+0000] {dagbag.py:538} INFO - Filling up the DagBag from /opt/airflow/dags/crawl_crypto_prices.py
[2026-03-19T06:58:03.775+0000] {processor.py:840} INFO - DAG(s) 'crawl_crypto_prices' retrieved from /opt/airflow/dags/crawl_crypto_prices.py
[2026-03-19T06:58:03.795+0000] {logging_mixin.py:188} INFO - [2026-03-19T06:58:03.794+0000] {dag.py:3036} INFO - Sync 1 DAGs
[2026-03-19T06:58:03.806+0000] {logging_mixin.py:188} INFO - [2026-03-19T06:58:03.806+0000] {dag.py:3823} INFO - Setting next_dagrun for crawl_crypto_prices to 2026-03-19 06:00:00+00:00, run_after=2026-03-19 07:00:00+00:00
[2026-03-19T06:58:03.813+0000] {processor.py:183} INFO - Processing /opt/airflow/dags/crawl_crypto_prices.py took 0.052 seconds
[2026-03-19T06:58:34.073+0000] {processor.py:161} INFO - Started process (PID=579) to work on /opt/airflow/dags/crawl_crypto_prices.py
[2026-03-19T06:58:34.074+0000] {processor.py:830} INFO - Processing file /opt/airflow/dags/crawl_crypto_prices.py for tasks to queue
[2026-03-19T06:58:34.075+0000] {logging_mixin.py:188} INFO - [2026-03-19T06:58:34.074+0000] {dagbag.py:538} INFO - Filling up the DagBag from /opt/airflow/dags/crawl_crypto_prices.py
[2026-03-19T06:58:34.084+0000] {processor.py:840} INFO - DAG(s) 'crawl_crypto_prices' retrieved from /opt/airflow/dags/crawl_crypto_prices.py
[2026-03-19T06:58:34.102+0000] {logging_mixin.py:188} INFO - [2026-03-19T06:58:34.102+0000] {dag.py:3036} INFO - Sync 1 DAGs
[2026-03-19T06:58:34.111+0000] {logging_mixin.py:188} INFO - [2026-03-19T06:58:34.111+0000] {dag.py:3823} INFO - Setting next_dagrun for crawl_crypto_prices to 2026-03-19 06:00:00+00:00, run_after=2026-03-19 07:00:00+00:00
[2026-03-19T06:58:34.117+0000] {processor.py:183} INFO - Processing /opt/airflow/dags/crawl_crypto_prices.py took 0.047 seconds
[2026-03-19T06:59:04.423+0000] {processor.py:161} INFO - Started process (PID=584) to work on /opt/airflow/dags/crawl_crypto_prices.py
[2026-03-19T06:59:04.424+0000] {processor.py:830} INFO - Processing file /opt/airflow/dags/crawl_crypto_prices.py for tasks to queue
[2026-03-19T06:59:04.425+0000] {logging_mixin.py:188} INFO - [2026-03-19T06:59:04.425+0000] {dagbag.py:538} INFO - Filling up the DagBag from /opt/airflow/dags/crawl_crypto_prices.py
[2026-03-19T06:59:04.436+0000] {processor.py:840} INFO - DAG(s) 'crawl_crypto_prices' retrieved from /opt/airflow/dags/crawl_crypto_prices.py
[2026-03-19T06:59:04.455+0000] {logging_mixin.py:188} INFO - [2026-03-19T06:59:04.454+0000] {dag.py:3036} INFO - Sync 1 DAGs
[2026-03-19T06:59:04.465+0000] {logging_mixin.py:188} INFO - [2026-03-19T06:59:04.465+0000] {dag.py:3823} INFO - Setting next_dagrun for crawl_crypto_prices to 2026-03-19 06:00:00+00:00, run_after=2026-03-19 07:00:00+00:00
[2026-03-19T06:59:04.471+0000] {processor.py:183} INFO - Processing /opt/airflow/dags/crawl_crypto_prices.py took 0.052 seconds
[2026-03-19T06:59:34.721+0000] {processor.py:161} INFO - Started process (PID=589) to work on /opt/airflow/dags/crawl_crypto_prices.py
[2026-03-19T06:59:34.722+0000] {processor.py:830} INFO - Processing file /opt/airflow/dags/crawl_crypto_prices.py for tasks to queue
[2026-03-19T06:59:34.723+0000] {logging_mixin.py:188} INFO - [2026-03-19T06:59:34.722+0000] {dagbag.py:538} INFO - Filling up the DagBag from /opt/airflow/dags/crawl_crypto_prices.py
[2026-03-19T06:59:34.733+0000] {processor.py:840} INFO - DAG(s) 'crawl_crypto_prices' retrieved from /opt/airflow/dags/crawl_crypto_prices.py
[2026-03-19T06:59:34.751+0000] {logging_mixin.py:188} INFO - [2026-03-19T06:59:34.751+0000] {dag.py:3036} INFO - Sync 1 DAGs
[2026-03-19T06:59:34.763+0000] {logging_mixin.py:188} INFO - [2026-03-19T06:59:34.763+0000] {dag.py:3823} INFO - Setting next_dagrun for crawl_crypto_prices to 2026-03-19 06:00:00+00:00, run_after=2026-03-19 07:00:00+00:00
[2026-03-19T06:59:34.768+0000] {processor.py:183} INFO - Processing /opt/airflow/dags/crawl_crypto_prices.py took 0.050 seconds
[2026-03-19T07:00:05.002+0000] {processor.py:161} INFO - Started process (PID=596) to work on /opt/airflow/dags/crawl_crypto_prices.py
[2026-03-19T07:00:05.003+0000] {processor.py:830} INFO - Processing file /opt/airflow/dags/crawl_crypto_prices.py for tasks to queue
[2026-03-19T07:00:05.004+0000] {logging_mixin.py:188} INFO - [2026-03-19T07:00:05.004+0000] {dagbag.py:538} INFO - Filling up the DagBag from /opt/airflow/dags/crawl_crypto_prices.py
[2026-03-19T07:00:05.013+0000] {processor.py:840} INFO - DAG(s) 'crawl_crypto_prices' retrieved from /opt/airflow/dags/crawl_crypto_prices.py
[2026-03-19T07:00:05.029+0000] {logging_mixin.py:188} INFO - [2026-03-19T07:00:05.029+0000] {dag.py:3036} INFO - Sync 1 DAGs
[2026-03-19T07:00:05.038+0000] {logging_mixin.py:188} INFO - [2026-03-19T07:00:05.038+0000] {dag.py:3823} INFO - Setting next_dagrun for crawl_crypto_prices to 2026-03-19 07:00:00+00:00, run_after=2026-03-19 08:00:00+00:00
[2026-03-19T07:00:05.045+0000] {processor.py:183} INFO - Processing /opt/airflow/dags/crawl_crypto_prices.py took 0.045 seconds
[2026-03-19T07:00:35.293+0000] {processor.py:161} INFO - Started process (PID=601) to work on /opt/airflow/dags/crawl_crypto_prices.py
[2026-03-19T07:00:35.294+0000] {processor.py:830} INFO - Processing file /opt/airflow/dags/crawl_crypto_prices.py for tasks to queue
[2026-03-19T07:00:35.295+0000] {logging_mixin.py:188} INFO - [2026-03-19T07:00:35.295+0000] {dagbag.py:538} INFO - Filling up the DagBag from /opt/airflow/dags/crawl_crypto_prices.py
[2026-03-19T07:00:35.305+0000] {processor.py:840} INFO - DAG(s) 'crawl_crypto_prices' retrieved from /opt/airflow/dags/crawl_crypto_prices.py
[2026-03-19T07:00:35.323+0000] {logging_mixin.py:188} INFO - [2026-03-19T07:00:35.323+0000] {dag.py:3036} INFO - Sync 1 DAGs
[2026-03-19T07:00:35.333+0000] {logging_mixin.py:188} INFO - [2026-03-19T07:00:35.333+0000] {dag.py:3823} INFO - Setting next_dagrun for crawl_crypto_prices to 2026-03-19 07:00:00+00:00, run_after=2026-03-19 08:00:00+00:00
[2026-03-19T07:00:35.340+0000] {processor.py:183} INFO - Processing /opt/airflow/dags/crawl_crypto_prices.py took 0.050 seconds
[2026-03-19T07:03:35.228+0000] {processor.py:161} INFO - Started process (PID=608) to work on /opt/airflow/dags/crawl_crypto_prices.py
[2026-03-19T07:03:35.229+0000] {processor.py:830} INFO - Processing file /opt/airflow/dags/crawl_crypto_prices.py for tasks to queue
[2026-03-19T07:03:35.230+0000] {logging_mixin.py:188} INFO - [2026-03-19T07:03:35.230+0000] {dagbag.py:538} INFO - Filling up the DagBag from /opt/airflow/dags/crawl_crypto_prices.py
[2026-03-19T07:03:35.242+0000] {processor.py:840} INFO - DAG(s) 'crawl_crypto_prices' retrieved from /opt/airflow/dags/crawl_crypto_prices.py
[2026-03-19T07:03:35.267+0000] {logging_mixin.py:188} INFO - [2026-03-19T07:03:35.267+0000] {dag.py:3036} INFO - Sync 1 DAGs
[2026-03-19T07:03:35.287+0000] {logging_mixin.py:188} INFO - [2026-03-19T07:03:35.286+0000] {dag.py:3823} INFO - Setting next_dagrun for crawl_crypto_prices to 2026-03-19 07:00:00+00:00, run_after=2026-03-19 08:00:00+00:00
[2026-03-19T07:03:35.297+0000] {processor.py:183} INFO - Processing /opt/airflow/dags/crawl_crypto_prices.py took 0.073 seconds
[2026-03-19T07:04:05.545+0000] {processor.py:161} INFO - Started process (PID=613) to work on /opt/airflow/dags/crawl_crypto_prices.py
[2026-03-19T07:04:05.546+0000] {processor.py:830} INFO - Processing file /opt/airflow/dags/crawl_crypto_prices.py for tasks to queue
[2026-03-19T07:04:05.547+0000] {logging_mixin.py:188} INFO - [2026-03-19T07:04:05.547+0000] {dagbag.py:538} INFO - Filling up the DagBag from /opt/airflow/dags/crawl_crypto_prices.py
[2026-03-19T07:04:05.560+0000] {processor.py:840} INFO - DAG(s) 'crawl_crypto_prices' retrieved from /opt/airflow/dags/crawl_crypto_prices.py
[2026-03-19T07:04:05.580+0000] {logging_mixin.py:188} INFO - [2026-03-19T07:04:05.580+0000] {dag.py:3036} INFO - Sync 1 DAGs
[2026-03-19T07:04:05.591+0000] {logging_mixin.py:188} INFO - [2026-03-19T07:04:05.591+0000] {dag.py:3823} INFO - Setting next_dagrun for crawl_crypto_prices to 2026-03-19 07:00:00+00:00, run_after=2026-03-19 08:00:00+00:00
[2026-03-19T07:04:05.597+0000] {processor.py:183} INFO - Processing /opt/airflow/dags/crawl_crypto_prices.py took 0.055 seconds
[2026-03-19T07:04:35.884+0000] {processor.py:161} INFO - Started process (PID=618) to work on /opt/airflow/dags/crawl_crypto_prices.py
[2026-03-19T07:04:35.885+0000] {processor.py:830} INFO - Processing file /opt/airflow/dags/crawl_crypto_prices.py for tasks to queue
[2026-03-19T07:04:35.886+0000] {logging_mixin.py:188} INFO - [2026-03-19T07:04:35.885+0000] {dagbag.py:538} INFO - Filling up the DagBag from /opt/airflow/dags/crawl_crypto_prices.py
[2026-03-19T07:04:35.896+0000] {processor.py:840} INFO - DAG(s) 'crawl_crypto_prices' retrieved from /opt/airflow/dags/crawl_crypto_prices.py
[2026-03-19T07:04:35.915+0000] {logging_mixin.py:188} INFO - [2026-03-19T07:04:35.914+0000] {dag.py:3036} INFO - Sync 1 DAGs
[2026-03-19T07:04:35.925+0000] {logging_mixin.py:188} INFO - [2026-03-19T07:04:35.925+0000] {dag.py:3823} INFO - Setting next_dagrun for crawl_crypto_prices to 2026-03-19 07:00:00+00:00, run_after=2026-03-19 08:00:00+00:00
[2026-03-19T07:04:35.932+0000] {processor.py:183} INFO - Processing /opt/airflow/dags/crawl_crypto_prices.py took 0.051 seconds
[2026-03-19T07:05:06.219+0000] {processor.py:161} INFO - Started process (PID=623) to work on /opt/airflow/dags/crawl_crypto_prices.py
[2026-03-19T07:05:06.220+0000] {processor.py:830} INFO - Processing file /opt/airflow/dags/crawl_crypto_prices.py for tasks to queue
[2026-03-19T07:05:06.221+0000] {logging_mixin.py:188} INFO - [2026-03-19T07:05:06.221+0000] {dagbag.py:538} INFO - Filling up the DagBag from /opt/airflow/dags/crawl_crypto_prices.py
[2026-03-19T07:05:06.231+0000] {processor.py:840} INFO - DAG(s) 'crawl_crypto_prices' retrieved from /opt/airflow/dags/crawl_crypto_prices.py
[2026-03-19T07:05:06.250+0000] {logging_mixin.py:188} INFO - [2026-03-19T07:05:06.249+0000] {dag.py:3036} INFO - Sync 1 DAGs
[2026-03-19T07:05:06.260+0000] {logging_mixin.py:188} INFO - [2026-03-19T07:05:06.260+0000] {dag.py:3823} INFO - Setting next_dagrun for crawl_crypto_prices to 2026-03-19 07:00:00+00:00, run_after=2026-03-19 08:00:00+00:00
[2026-03-19T07:05:06.266+0000] {processor.py:183} INFO - Processing /opt/airflow/dags/crawl_crypto_prices.py took 0.051 seconds
[2026-03-19T07:05:36.566+0000] {processor.py:161} INFO - Started process (PID=628) to work on /opt/airflow/dags/crawl_crypto_prices.py
[2026-03-19T07:05:36.567+0000] {processor.py:830} INFO - Processing file /opt/airflow/dags/crawl_crypto_prices.py for tasks to queue
[2026-03-19T07:05:36.567+0000] {logging_mixin.py:188} INFO - [2026-03-19T07:05:36.567+0000] {dagbag.py:538} INFO - Filling up the DagBag from /opt/airflow/dags/crawl_crypto_prices.py
[2026-03-19T07:05:36.577+0000] {processor.py:840} INFO - DAG(s) 'crawl_crypto_prices' retrieved from /opt/airflow/dags/crawl_crypto_prices.py
[2026-03-19T07:05:36.595+0000] {logging_mixin.py:188} INFO - [2026-03-19T07:05:36.595+0000] {dag.py:3036} INFO - Sync 1 DAGs
[2026-03-19T07:05:36.605+0000] {logging_mixin.py:188} INFO - [2026-03-19T07:05:36.605+0000] {dag.py:3823} INFO - Setting next_dagrun for crawl_crypto_prices to 2026-03-19 07:00:00+00:00, run_after=2026-03-19 08:00:00+00:00
[2026-03-19T07:05:36.612+0000] {processor.py:183} INFO - Processing /opt/airflow/dags/crawl_crypto_prices.py took 0.050 seconds
[2026-03-19T07:06:06.897+0000] {processor.py:161} INFO - Started process (PID=633) to work on /opt/airflow/dags/crawl_crypto_prices.py
[2026-03-19T07:06:06.898+0000] {processor.py:830} INFO - Processing file /opt/airflow/dags/crawl_crypto_prices.py for tasks to queue
[2026-03-19T07:06:06.899+0000] {logging_mixin.py:188} INFO - [2026-03-19T07:06:06.899+0000] {dagbag.py:538} INFO - Filling up the DagBag from /opt/airflow/dags/crawl_crypto_prices.py
[2026-03-19T07:06:06.911+0000] {processor.py:840} INFO - DAG(s) 'crawl_crypto_prices' retrieved from /opt/airflow/dags/crawl_crypto_prices.py
[2026-03-19T07:06:06.929+0000] {logging_mixin.py:188} INFO - [2026-03-19T07:06:06.929+0000] {dag.py:3036} INFO - Sync 1 DAGs
[2026-03-19T07:06:06.939+0000] {logging_mixin.py:188} INFO - [2026-03-19T07:06:06.939+0000] {dag.py:3823} INFO - Setting next_dagrun for crawl_crypto_prices to 2026-03-19 07:00:00+00:00, run_after=2026-03-19 08:00:00+00:00
[2026-03-19T07:06:06.946+0000] {processor.py:183} INFO - Processing /opt/airflow/dags/crawl_crypto_prices.py took 0.052 seconds
[2026-03-19T07:06:37.228+0000] {processor.py:161} INFO - Started process (PID=638) to work on /opt/airflow/dags/crawl_crypto_prices.py
[2026-03-19T07:06:37.229+0000] {processor.py:830} INFO - Processing file /opt/airflow/dags/crawl_crypto_prices.py for tasks to queue
[2026-03-19T07:06:37.230+0000] {logging_mixin.py:188} INFO - [2026-03-19T07:06:37.229+0000] {dagbag.py:538} INFO - Filling up the DagBag from /opt/airflow/dags/crawl_crypto_prices.py
[2026-03-19T07:06:37.240+0000] {processor.py:840} INFO - DAG(s) 'crawl_crypto_prices' retrieved from /opt/airflow/dags/crawl_crypto_prices.py
[2026-03-19T07:06:37.260+0000] {logging_mixin.py:188} INFO - [2026-03-19T07:06:37.260+0000] {dag.py:3036} INFO - Sync 1 DAGs
[2026-03-19T07:06:37.271+0000] {logging_mixin.py:188} INFO - [2026-03-19T07:06:37.271+0000] {dag.py:3823} INFO - Setting next_dagrun for crawl_crypto_prices to 2026-03-19 07:00:00+00:00, run_after=2026-03-19 08:00:00+00:00
[2026-03-19T07:06:37.277+0000] {processor.py:183} INFO - Processing /opt/airflow/dags/crawl_crypto_prices.py took 0.053 seconds
[2026-03-19T07:07:07.546+0000] {processor.py:161} INFO - Started process (PID=643) to work on /opt/airflow/dags/crawl_crypto_prices.py
[2026-03-19T07:07:07.547+0000] {processor.py:830} INFO - Processing file /opt/airflow/dags/crawl_crypto_prices.py for tasks to queue
[2026-03-19T07:07:07.548+0000] {logging_mixin.py:188} INFO - [2026-03-19T07:07:07.548+0000] {dagbag.py:538} INFO - Filling up the DagBag from /opt/airflow/dags/crawl_crypto_prices.py
[2026-03-19T07:07:07.558+0000] {processor.py:840} INFO - DAG(s) 'crawl_crypto_prices' retrieved from /opt/airflow/dags/crawl_crypto_prices.py
[2026-03-19T07:07:07.577+0000] {logging_mixin.py:188} INFO - [2026-03-19T07:07:07.577+0000] {dag.py:3036} INFO - Sync 1 DAGs
[2026-03-19T07:07:07.589+0000] {logging_mixin.py:188} INFO - [2026-03-19T07:07:07.589+0000] {dag.py:3823} INFO - Setting next_dagrun for crawl_crypto_prices to 2026-03-19 07:00:00+00:00, run_after=2026-03-19 08:00:00+00:00
[2026-03-19T07:07:07.595+0000] {processor.py:183} INFO - Processing /opt/airflow/dags/crawl_crypto_prices.py took 0.052 seconds
[2026-03-19T07:07:37.863+0000] {processor.py:161} INFO - Started process (PID=648) to work on /opt/airflow/dags/crawl_crypto_prices.py
[2026-03-19T07:07:37.864+0000] {processor.py:830} INFO - Processing file /opt/airflow/dags/crawl_crypto_prices.py for tasks to queue
[2026-03-19T07:07:37.865+0000] {logging_mixin.py:188} INFO - [2026-03-19T07:07:37.865+0000] {dagbag.py:538} INFO - Filling up the DagBag from /opt/airflow/dags/crawl_crypto_prices.py
[2026-03-19T07:07:37.875+0000] {processor.py:840} INFO - DAG(s) 'crawl_crypto_prices' retrieved from /opt/airflow/dags/crawl_crypto_prices.py
[2026-03-19T07:07:37.894+0000] {logging_mixin.py:188} INFO - [2026-03-19T07:07:37.894+0000] {dag.py:3036} INFO - Sync 1 DAGs
[2026-03-19T07:07:37.906+0000] {logging_mixin.py:188} INFO - [2026-03-19T07:07:37.906+0000] {dag.py:3823} INFO - Setting next_dagrun for crawl_crypto_prices to 2026-03-19 07:00:00+00:00, run_after=2026-03-19 08:00:00+00:00
[2026-03-19T07:07:37.913+0000] {processor.py:183} INFO - Processing /opt/airflow/dags/crawl_crypto_prices.py took 0.053 seconds
[2026-03-19T07:08:51.954+0000] {processor.py:161} INFO - Started process (PID=653) to work on /opt/airflow/dags/crawl_crypto_prices.py
[2026-03-19T07:08:51.955+0000] {processor.py:830} INFO - Processing file /opt/airflow/dags/crawl_crypto_prices.py for tasks to queue
[2026-03-19T07:08:51.956+0000] {logging_mixin.py:188} INFO - [2026-03-19T07:08:51.956+0000] {dagbag.py:538} INFO - Filling up the DagBag from /opt/airflow/dags/crawl_crypto_prices.py
[2026-03-19T07:08:51.967+0000] {processor.py:840} INFO - DAG(s) 'crawl_crypto_prices' retrieved from /opt/airflow/dags/crawl_crypto_prices.py
[2026-03-19T07:08:51.984+0000] {logging_mixin.py:188} INFO - [2026-03-19T07:08:51.984+0000] {dag.py:3036} INFO - Sync 1 DAGs
[2026-03-19T07:08:51.995+0000] {logging_mixin.py:188} INFO - [2026-03-19T07:08:51.995+0000] {dag.py:3823} INFO - Setting next_dagrun for crawl_crypto_prices to 2026-03-19 07:00:00+00:00, run_after=2026-03-19 08:00:00+00:00
[2026-03-19T07:08:52.002+0000] {processor.py:183} INFO - Processing /opt/airflow/dags/crawl_crypto_prices.py took 0.051 seconds
[2026-03-19T07:09:22.285+0000] {processor.py:161} INFO - Started process (PID=658) to work on /opt/airflow/dags/crawl_crypto_prices.py
[2026-03-19T07:09:22.286+0000] {processor.py:830} INFO - Processing file /opt/airflow/dags/crawl_crypto_prices.py for tasks to queue
[2026-03-19T07:09:22.287+0000] {logging_mixin.py:188} INFO - [2026-03-19T07:09:22.287+0000] {dagbag.py:538} INFO - Filling up the DagBag from /opt/airflow/dags/crawl_crypto_prices.py
[2026-03-19T07:09:22.297+0000] {processor.py:840} INFO - DAG(s) 'crawl_crypto_prices' retrieved from /opt/airflow/dags/crawl_crypto_prices.py
[2026-03-19T07:09:22.315+0000] {logging_mixin.py:188} INFO - [2026-03-19T07:09:22.315+0000] {dag.py:3036} INFO - Sync 1 DAGs
[2026-03-19T07:09:22.327+0000] {logging_mixin.py:188} INFO - [2026-03-19T07:09:22.327+0000] {dag.py:3823} INFO - Setting next_dagrun for crawl_crypto_prices to 2026-03-19 07:00:00+00:00, run_after=2026-03-19 08:00:00+00:00
[2026-03-19T07:09:22.334+0000] {processor.py:183} INFO - Processing /opt/airflow/dags/crawl_crypto_prices.py took 0.052 seconds
[2026-03-19T07:09:52.588+0000] {processor.py:161} INFO - Started process (PID=663) to work on /opt/airflow/dags/crawl_crypto_prices.py
[2026-03-19T07:09:52.589+0000] {processor.py:830} INFO - Processing file /opt/airflow/dags/crawl_crypto_prices.py for tasks to queue
[2026-03-19T07:09:52.589+0000] {logging_mixin.py:188} INFO - [2026-03-19T07:09:52.589+0000] {dagbag.py:538} INFO - Filling up the DagBag from /opt/airflow/dags/crawl_crypto_prices.py
[2026-03-19T07:09:52.600+0000] {processor.py:840} INFO - DAG(s) 'crawl_crypto_prices' retrieved from /opt/airflow/dags/crawl_crypto_prices.py
[2026-03-19T07:09:52.619+0000] {logging_mixin.py:188} INFO - [2026-03-19T07:09:52.618+0000] {dag.py:3036} INFO - Sync 1 DAGs
[2026-03-19T07:09:52.629+0000] {logging_mixin.py:188} INFO - [2026-03-19T07:09:52.629+0000] {dag.py:3823} INFO - Setting next_dagrun for crawl_crypto_prices to 2026-03-19 07:00:00+00:00, run_after=2026-03-19 08:00:00+00:00
[2026-03-19T07:09:52.634+0000] {processor.py:183} INFO - Processing /opt/airflow/dags/crawl_crypto_prices.py took 0.050 seconds
[2026-03-19T07:10:22.866+0000] {processor.py:161} INFO - Started process (PID=668) to work on /opt/airflow/dags/crawl_crypto_prices.py
[2026-03-19T07:10:22.867+0000] {processor.py:830} INFO - Processing file /opt/airflow/dags/crawl_crypto_prices.py for tasks to queue
[2026-03-19T07:10:22.867+0000] {logging_mixin.py:188} INFO - [2026-03-19T07:10:22.867+0000] {dagbag.py:538} INFO - Filling up the DagBag from /opt/airflow/dags/crawl_crypto_prices.py
[2026-03-19T07:10:22.877+0000] {processor.py:840} INFO - DAG(s) 'crawl_crypto_prices' retrieved from /opt/airflow/dags/crawl_crypto_prices.py
[2026-03-19T07:10:22.894+0000] {logging_mixin.py:188} INFO - [2026-03-19T07:10:22.894+0000] {dag.py:3036} INFO - Sync 1 DAGs
[2026-03-19T07:10:22.903+0000] {logging_mixin.py:188} INFO - [2026-03-19T07:10:22.903+0000] {dag.py:3823} INFO - Setting next_dagrun for crawl_crypto_prices to 2026-03-19 07:00:00+00:00, run_after=2026-03-19 08:00:00+00:00
[2026-03-19T07:10:22.909+0000] {processor.py:183} INFO - Processing /opt/airflow/dags/crawl_crypto_prices.py took 0.046 seconds
[2026-03-19T07:10:53.165+0000] {processor.py:161} INFO - Started process (PID=673) to work on /opt/airflow/dags/crawl_crypto_prices.py
[2026-03-19T07:10:53.166+0000] {processor.py:830} INFO - Processing file /opt/airflow/dags/crawl_crypto_prices.py for tasks to queue
[2026-03-19T07:10:53.166+0000] {logging_mixin.py:188} INFO - [2026-03-19T07:10:53.166+0000] {dagbag.py:538} INFO - Filling up the DagBag from /opt/airflow/dags/crawl_crypto_prices.py
[2026-03-19T07:10:53.175+0000] {processor.py:840} INFO - DAG(s) 'crawl_crypto_prices' retrieved from /opt/airflow/dags/crawl_crypto_prices.py
[2026-03-19T07:10:53.192+0000] {logging_mixin.py:188} INFO - [2026-03-19T07:10:53.192+0000] {dag.py:3036} INFO - Sync 1 DAGs
[2026-03-19T07:10:53.201+0000] {logging_mixin.py:188} INFO - [2026-03-19T07:10:53.201+0000] {dag.py:3823} INFO - Setting next_dagrun for crawl_crypto_prices to 2026-03-19 07:00:00+00:00, run_after=2026-03-19 08:00:00+00:00
[2026-03-19T07:10:53.207+0000] {processor.py:183} INFO - Processing /opt/airflow/dags/crawl_crypto_prices.py took 0.045 seconds
[2026-03-19T07:23:14.543+0000] {processor.py:161} INFO - Started process (PID=680) to work on /opt/airflow/dags/crawl_crypto_prices.py
[2026-03-19T07:23:14.544+0000] {processor.py:830} INFO - Processing file /opt/airflow/dags/crawl_crypto_prices.py for tasks to queue
[2026-03-19T07:23:14.544+0000] {logging_mixin.py:188} INFO - [2026-03-19T07:23:14.544+0000] {dagbag.py:538} INFO - Filling up the DagBag from /opt/airflow/dags/crawl_crypto_prices.py
[2026-03-19T07:23:14.556+0000] {processor.py:840} INFO - DAG(s) 'crawl_crypto_prices' retrieved from /opt/airflow/dags/crawl_crypto_prices.py
[2026-03-19T07:23:14.580+0000] {logging_mixin.py:188} INFO - [2026-03-19T07:23:14.580+0000] {dag.py:3036} INFO - Sync 1 DAGs
[2026-03-19T07:23:14.604+0000] {logging_mixin.py:188} INFO - [2026-03-19T07:23:14.604+0000] {dag.py:3823} INFO - Setting next_dagrun for crawl_crypto_prices to 2026-03-19 07:00:00+00:00, run_after=2026-03-19 08:00:00+00:00
[2026-03-19T07:23:14.621+0000] {processor.py:183} INFO - Processing /opt/airflow/dags/crawl_crypto_prices.py took 0.082 seconds
[2026-03-19T07:23:44.803+0000] {processor.py:161} INFO - Started process (PID=685) to work on /opt/airflow/dags/crawl_crypto_prices.py
[2026-03-19T07:23:44.804+0000] {processor.py:830} INFO - Processing file /opt/airflow/dags/crawl_crypto_prices.py for tasks to queue
[2026-03-19T07:23:44.805+0000] {logging_mixin.py:188} INFO - [2026-03-19T07:23:44.805+0000] {dagbag.py:538} INFO - Filling up the DagBag from /opt/airflow/dags/crawl_crypto_prices.py
[2026-03-19T07:23:44.815+0000] {processor.py:840} INFO - DAG(s) 'crawl_crypto_prices' retrieved from /opt/airflow/dags/crawl_crypto_prices.py
[2026-03-19T07:23:44.834+0000] {logging_mixin.py:188} INFO - [2026-03-19T07:23:44.834+0000] {dag.py:3036} INFO - Sync 1 DAGs
[2026-03-19T07:23:44.844+0000] {logging_mixin.py:188} INFO - [2026-03-19T07:23:44.844+0000] {dag.py:3823} INFO - Setting next_dagrun for crawl_crypto_prices to 2026-03-19 07:00:00+00:00, run_after=2026-03-19 08:00:00+00:00
[2026-03-19T07:23:44.851+0000] {processor.py:183} INFO - Processing /opt/airflow/dags/crawl_crypto_prices.py took 0.052 seconds
[2026-03-19T07:24:15.093+0000] {processor.py:161} INFO - Started process (PID=690) to work on /opt/airflow/dags/crawl_crypto_prices.py
[2026-03-19T07:24:15.094+0000] {processor.py:830} INFO - Processing file /opt/airflow/dags/crawl_crypto_prices.py for tasks to queue
[2026-03-19T07:24:15.095+0000] {logging_mixin.py:188} INFO - [2026-03-19T07:24:15.095+0000] {dagbag.py:538} INFO - Filling up the DagBag from /opt/airflow/dags/crawl_crypto_prices.py
[2026-03-19T07:24:15.104+0000] {processor.py:840} INFO - DAG(s) 'crawl_crypto_prices' retrieved from /opt/airflow/dags/crawl_crypto_prices.py
[2026-03-19T07:24:15.121+0000] {logging_mixin.py:188} INFO - [2026-03-19T07:24:15.121+0000] {dag.py:3036} INFO - Sync 1 DAGs
[2026-03-19T07:24:15.131+0000] {logging_mixin.py:188} INFO - [2026-03-19T07:24:15.131+0000] {dag.py:3823} INFO - Setting next_dagrun for crawl_crypto_prices to 2026-03-19 07:00:00+00:00, run_after=2026-03-19 08:00:00+00:00
[2026-03-19T07:24:15.137+0000] {processor.py:183} INFO - Processing /opt/airflow/dags/crawl_crypto_prices.py took 0.047 seconds
[2026-03-19T07:24:45.399+0000] {processor.py:161} INFO - Started process (PID=695) to work on /opt/airflow/dags/crawl_crypto_prices.py
[2026-03-19T07:24:45.400+0000] {processor.py:830} INFO - Processing file /opt/airflow/dags/crawl_crypto_prices.py for tasks to queue
[2026-03-19T07:24:45.401+0000] {logging_mixin.py:188} INFO - [2026-03-19T07:24:45.400+0000] {dagbag.py:538} INFO - Filling up the DagBag from /opt/airflow/dags/crawl_crypto_prices.py
[2026-03-19T07:24:45.414+0000] {processor.py:840} INFO - DAG(s) 'crawl_crypto_prices' retrieved from /opt/airflow/dags/crawl_crypto_prices.py
[2026-03-19T07:24:45.435+0000] {logging_mixin.py:188} INFO - [2026-03-19T07:24:45.435+0000] {dag.py:3036} INFO - Sync 1 DAGs
[2026-03-19T07:24:45.447+0000] {logging_mixin.py:188} INFO - [2026-03-19T07:24:45.447+0000] {dag.py:3823} INFO - Setting next_dagrun for crawl_crypto_prices to 2026-03-19 07:00:00+00:00, run_after=2026-03-19 08:00:00+00:00
[2026-03-19T07:24:45.453+0000] {processor.py:183} INFO - Processing /opt/airflow/dags/crawl_crypto_prices.py took 0.059 seconds
[2026-03-19T07:25:15.702+0000] {processor.py:161} INFO - Started process (PID=700) to work on /opt/airflow/dags/crawl_crypto_prices.py
[2026-03-19T07:25:15.704+0000] {processor.py:830} INFO - Processing file /opt/airflow/dags/crawl_crypto_prices.py for tasks to queue
[2026-03-19T07:25:15.704+0000] {logging_mixin.py:188} INFO - [2026-03-19T07:25:15.704+0000] {dagbag.py:538} INFO - Filling up the DagBag from /opt/airflow/dags/crawl_crypto_prices.py
[2026-03-19T07:25:15.715+0000] {processor.py:840} INFO - DAG(s) 'crawl_crypto_prices' retrieved from /opt/airflow/dags/crawl_crypto_prices.py
[2026-03-19T07:25:15.733+0000] {logging_mixin.py:188} INFO - [2026-03-19T07:25:15.733+0000] {dag.py:3036} INFO - Sync 1 DAGs
[2026-03-19T07:25:15.744+0000] {logging_mixin.py:188} INFO - [2026-03-19T07:25:15.744+0000] {dag.py:3823} INFO - Setting next_dagrun for crawl_crypto_prices to 2026-03-19 07:00:00+00:00, run_after=2026-03-19 08:00:00+00:00
[2026-03-19T07:25:15.752+0000] {processor.py:183} INFO - Processing /opt/airflow/dags/crawl_crypto_prices.py took 0.053 seconds
[2026-03-19T07:25:46.010+0000] {processor.py:161} INFO - Started process (PID=705) to work on /opt/airflow/dags/crawl_crypto_prices.py
[2026-03-19T07:25:46.011+0000] {processor.py:830} INFO - Processing file /opt/airflow/dags/crawl_crypto_prices.py for tasks to queue
[2026-03-19T07:25:46.011+0000] {logging_mixin.py:188} INFO - [2026-03-19T07:25:46.011+0000] {dagbag.py:538} INFO - Filling up the DagBag from /opt/airflow/dags/crawl_crypto_prices.py
[2026-03-19T07:25:46.022+0000] {processor.py:840} INFO - DAG(s) 'crawl_crypto_prices' retrieved from /opt/airflow/dags/crawl_crypto_prices.py
[2026-03-19T07:25:46.040+0000] {logging_mixin.py:188} INFO - [2026-03-19T07:25:46.039+0000] {dag.py:3036} INFO - Sync 1 DAGs
[2026-03-19T07:25:46.050+0000] {logging_mixin.py:188} INFO - [2026-03-19T07:25:46.050+0000] {dag.py:3823} INFO - Setting next_dagrun for crawl_crypto_prices to 2026-03-19 07:00:00+00:00, run_after=2026-03-19 08:00:00+00:00
[2026-03-19T07:25:46.056+0000] {processor.py:183} INFO - Processing /opt/airflow/dags/crawl_crypto_prices.py took 0.050 seconds
[2026-03-19T07:26:16.335+0000] {processor.py:161} INFO - Started process (PID=710) to work on /opt/airflow/dags/crawl_crypto_prices.py
[2026-03-19T07:26:16.335+0000] {processor.py:830} INFO - Processing file /opt/airflow/dags/crawl_crypto_prices.py for tasks to queue
[2026-03-19T07:26:16.336+0000] {logging_mixin.py:188} INFO - [2026-03-19T07:26:16.336+0000] {dagbag.py:538} INFO - Filling up the DagBag from /opt/airflow/dags/crawl_crypto_prices.py
[2026-03-19T07:26:16.341+0000] {processor.py:840} INFO - DAG(s) 'crawl_crypto_prices' retrieved from /opt/airflow/dags/crawl_crypto_prices.py
[2026-03-19T07:26:16.352+0000] {logging_mixin.py:188} INFO - [2026-03-19T07:26:16.352+0000] {dag.py:3036} INFO - Sync 1 DAGs
[2026-03-19T07:26:16.360+0000] {logging_mixin.py:188} INFO - [2026-03-19T07:26:16.360+0000] {dag.py:3823} INFO - Setting next_dagrun for crawl_crypto_prices to 2026-03-19 07:00:00+00:00, run_after=2026-03-19 08:00:00+00:00
[2026-03-19T07:26:16.366+0000] {processor.py:183} INFO - Processing /opt/airflow/dags/crawl_crypto_prices.py took 0.034 seconds
[2026-03-19T07:26:46.651+0000] {processor.py:161} INFO - Started process (PID=715) to work on /opt/airflow/dags/crawl_crypto_prices.py
[2026-03-19T07:26:46.652+0000] {processor.py:830} INFO - Processing file /opt/airflow/dags/crawl_crypto_prices.py for tasks to queue
[2026-03-19T07:26:46.652+0000] {logging_mixin.py:188} INFO - [2026-03-19T07:26:46.652+0000] {dagbag.py:538} INFO - Filling up the DagBag from /opt/airflow/dags/crawl_crypto_prices.py
[2026-03-19T07:26:46.665+0000] {processor.py:840} INFO - DAG(s) 'crawl_crypto_prices' retrieved from /opt/airflow/dags/crawl_crypto_prices.py
[2026-03-19T07:26:46.683+0000] {logging_mixin.py:188} INFO - [2026-03-19T07:26:46.683+0000] {dag.py:3036} INFO - Sync 1 DAGs
[2026-03-19T07:26:46.693+0000] {logging_mixin.py:188} INFO - [2026-03-19T07:26:46.693+0000] {dag.py:3823} INFO - Setting next_dagrun for crawl_crypto_prices to 2026-03-19 07:00:00+00:00, run_after=2026-03-19 08:00:00+00:00
[2026-03-19T07:26:46.699+0000] {processor.py:183} INFO - Processing /opt/airflow/dags/crawl_crypto_prices.py took 0.052 seconds
[2026-03-19T07:27:16.980+0000] {processor.py:161} INFO - Started process (PID=720) to work on /opt/airflow/dags/crawl_crypto_prices.py
[2026-03-19T07:27:16.981+0000] {processor.py:830} INFO - Processing file /opt/airflow/dags/crawl_crypto_prices.py for tasks to queue
[2026-03-19T07:27:16.981+0000] {logging_mixin.py:188} INFO - [2026-03-19T07:27:16.981+0000] {dagbag.py:538} INFO - Filling up the DagBag from /opt/airflow/dags/crawl_crypto_prices.py
[2026-03-19T07:27:16.991+0000] {processor.py:840} INFO - DAG(s) 'crawl_crypto_prices' retrieved from /opt/airflow/dags/crawl_crypto_prices.py
[2026-03-19T07:27:17.010+0000] {logging_mixin.py:188} INFO - [2026-03-19T07:27:17.010+0000] {dag.py:3036} INFO - Sync 1 DAGs
[2026-03-19T07:27:17.021+0000] {logging_mixin.py:188} INFO - [2026-03-19T07:27:17.021+0000] {dag.py:3823} INFO - Setting next_dagrun for crawl_crypto_prices to 2026-03-19 07:00:00+00:00, run_after=2026-03-19 08:00:00+00:00
[2026-03-19T07:27:17.028+0000] {processor.py:183} INFO - Processing /opt/airflow/dags/crawl_crypto_prices.py took 0.051 seconds
[2026-03-19T07:27:47.295+0000] {processor.py:161} INFO - Started process (PID=725) to work on /opt/airflow/dags/crawl_crypto_prices.py
[2026-03-19T07:27:47.295+0000] {processor.py:830} INFO - Processing file /opt/airflow/dags/crawl_crypto_prices.py for tasks to queue
[2026-03-19T07:27:47.296+0000] {logging_mixin.py:188} INFO - [2026-03-19T07:27:47.296+0000] {dagbag.py:538} INFO - Filling up the DagBag from /opt/airflow/dags/crawl_crypto_prices.py
[2026-03-19T07:27:47.305+0000] {processor.py:840} INFO - DAG(s) 'crawl_crypto_prices' retrieved from /opt/airflow/dags/crawl_crypto_prices.py
[2026-03-19T07:27:47.322+0000] {logging_mixin.py:188} INFO - [2026-03-19T07:27:47.322+0000] {dag.py:3036} INFO - Sync 1 DAGs
[2026-03-19T07:27:47.331+0000] {logging_mixin.py:188} INFO - [2026-03-19T07:27:47.331+0000] {dag.py:3823} INFO - Setting next_dagrun for crawl_crypto_prices to 2026-03-19 07:00:00+00:00, run_after=2026-03-19 08:00:00+00:00
[2026-03-19T07:27:47.337+0000] {processor.py:183} INFO - Processing /opt/airflow/dags/crawl_crypto_prices.py took 0.045 seconds
[2026-03-19T07:28:17.570+0000] {processor.py:161} INFO - Started process (PID=730) to work on /opt/airflow/dags/crawl_crypto_prices.py
[2026-03-19T07:28:17.571+0000] {processor.py:830} INFO - Processing file /opt/airflow/dags/crawl_crypto_prices.py for tasks to queue
[2026-03-19T07:28:17.572+0000] {logging_mixin.py:188} INFO - [2026-03-19T07:28:17.571+0000] {dagbag.py:538} INFO - Filling up the DagBag from /opt/airflow/dags/crawl_crypto_prices.py
[2026-03-19T07:28:17.577+0000] {processor.py:840} INFO - DAG(s) 'crawl_crypto_prices' retrieved from /opt/airflow/dags/crawl_crypto_prices.py
[2026-03-19T07:28:17.589+0000] {logging_mixin.py:188} INFO - [2026-03-19T07:28:17.589+0000] {dag.py:3036} INFO - Sync 1 DAGs
[2026-03-19T07:28:17.600+0000] {logging_mixin.py:188} INFO - [2026-03-19T07:28:17.600+0000] {dag.py:3823} INFO - Setting next_dagrun for crawl_crypto_prices to 2026-03-19 07:00:00+00:00, run_after=2026-03-19 08:00:00+00:00
[2026-03-19T07:28:17.606+0000] {processor.py:183} INFO - Processing /opt/airflow/dags/crawl_crypto_prices.py took 0.039 seconds
[2026-03-19T07:28:47.880+0000] {processor.py:161} INFO - Started process (PID=735) to work on /opt/airflow/dags/crawl_crypto_prices.py
[2026-03-19T07:28:47.881+0000] {processor.py:830} INFO - Processing file /opt/airflow/dags/crawl_crypto_prices.py for tasks to queue
[2026-03-19T07:28:47.882+0000] {logging_mixin.py:188} INFO - [2026-03-19T07:28:47.881+0000] {dagbag.py:538} INFO - Filling up the DagBag from /opt/airflow/dags/crawl_crypto_prices.py
[2026-03-19T07:28:47.892+0000] {processor.py:840} INFO - DAG(s) 'crawl_crypto_prices' retrieved from /opt/airflow/dags/crawl_crypto_prices.py
[2026-03-19T07:28:47.912+0000] {logging_mixin.py:188} INFO - [2026-03-19T07:28:47.912+0000] {dag.py:3036} INFO - Sync 1 DAGs
[2026-03-19T07:28:47.921+0000] {logging_mixin.py:188} INFO - [2026-03-19T07:28:47.921+0000] {dag.py:3823} INFO - Setting next_dagrun for crawl_crypto_prices to 2026-03-19 07:00:00+00:00, run_after=2026-03-19 08:00:00+00:00
[2026-03-19T07:28:47.928+0000] {processor.py:183} INFO - Processing /opt/airflow/dags/crawl_crypto_prices.py took 0.052 seconds
[2026-03-19T07:29:27.640+0000] {processor.py:161} INFO - Started process (PID=740) to work on /opt/airflow/dags/crawl_crypto_prices.py
[2026-03-19T07:29:27.641+0000] {processor.py:830} INFO - Processing file /opt/airflow/dags/crawl_crypto_prices.py for tasks to queue
[2026-03-19T07:29:27.642+0000] {logging_mixin.py:188} INFO - [2026-03-19T07:29:27.642+0000] {dagbag.py:538} INFO - Filling up the DagBag from /opt/airflow/dags/crawl_crypto_prices.py
[2026-03-19T07:29:27.653+0000] {processor.py:840} INFO - DAG(s) 'crawl_crypto_prices' retrieved from /opt/airflow/dags/crawl_crypto_prices.py
[2026-03-19T07:29:27.674+0000] {logging_mixin.py:188} INFO - [2026-03-19T07:29:27.674+0000] {dag.py:3036} INFO - Sync 1 DAGs
[2026-03-19T07:29:27.685+0000] {logging_mixin.py:188} INFO - [2026-03-19T07:29:27.685+0000] {dag.py:3823} INFO - Setting next_dagrun for crawl_crypto_prices to 2026-03-19 07:00:00+00:00, run_after=2026-03-19 08:00:00+00:00
[2026-03-19T07:29:27.692+0000] {processor.py:183} INFO - Processing /opt/airflow/dags/crawl_crypto_prices.py took 0.055 seconds
[2026-03-19T07:29:57.966+0000] {processor.py:161} INFO - Started process (PID=745) to work on /opt/airflow/dags/crawl_crypto_prices.py
[2026-03-19T07:29:57.967+0000] {processor.py:830} INFO - Processing file /opt/airflow/dags/crawl_crypto_prices.py for tasks to queue
[2026-03-19T07:29:57.968+0000] {logging_mixin.py:188} INFO - [2026-03-19T07:29:57.968+0000] {dagbag.py:538} INFO - Filling up the DagBag from /opt/airflow/dags/crawl_crypto_prices.py
[2026-03-19T07:29:57.978+0000] {processor.py:840} INFO - DAG(s) 'crawl_crypto_prices' retrieved from /opt/airflow/dags/crawl_crypto_prices.py
[2026-03-19T07:29:57.996+0000] {logging_mixin.py:188} INFO - [2026-03-19T07:29:57.996+0000] {dag.py:3036} INFO - Sync 1 DAGs
[2026-03-19T07:29:58.006+0000] {logging_mixin.py:188} INFO - [2026-03-19T07:29:58.006+0000] {dag.py:3823} INFO - Setting next_dagrun for crawl_crypto_prices to 2026-03-19 07:00:00+00:00, run_after=2026-03-19 08:00:00+00:00
[2026-03-19T07:29:58.013+0000] {processor.py:183} INFO - Processing /opt/airflow/dags/crawl_crypto_prices.py took 0.050 seconds
[2026-03-19T07:30:28.289+0000] {processor.py:161} INFO - Started process (PID=750) to work on /opt/airflow/dags/crawl_crypto_prices.py
[2026-03-19T07:30:28.290+0000] {processor.py:830} INFO - Processing file /opt/airflow/dags/crawl_crypto_prices.py for tasks to queue
[2026-03-19T07:30:28.291+0000] {logging_mixin.py:188} INFO - [2026-03-19T07:30:28.290+0000] {dagbag.py:538} INFO - Filling up the DagBag from /opt/airflow/dags/crawl_crypto_prices.py
[2026-03-19T07:30:28.302+0000] {processor.py:840} INFO - DAG(s) 'crawl_crypto_prices' retrieved from /opt/airflow/dags/crawl_crypto_prices.py
[2026-03-19T07:30:28.323+0000] {logging_mixin.py:188} INFO - [2026-03-19T07:30:28.323+0000] {dag.py:3036} INFO - Sync 1 DAGs
[2026-03-19T07:30:28.335+0000] {logging_mixin.py:188} INFO - [2026-03-19T07:30:28.334+0000] {dag.py:3823} INFO - Setting next_dagrun for crawl_crypto_prices to 2026-03-19 07:00:00+00:00, run_after=2026-03-19 08:00:00+00:00
[2026-03-19T07:30:28.340+0000] {processor.py:183} INFO - Processing /opt/airflow/dags/crawl_crypto_prices.py took 0.055 seconds
[2026-03-19T07:30:58.627+0000] {processor.py:161} INFO - Started process (PID=755) to work on /opt/airflow/dags/crawl_crypto_prices.py
[2026-03-19T07:30:58.628+0000] {processor.py:830} INFO - Processing file /opt/airflow/dags/crawl_crypto_prices.py for tasks to queue
[2026-03-19T07:30:58.629+0000] {logging_mixin.py:188} INFO - [2026-03-19T07:30:58.628+0000] {dagbag.py:538} INFO - Filling up the DagBag from /opt/airflow/dags/crawl_crypto_prices.py
[2026-03-19T07:30:58.638+0000] {processor.py:840} INFO - DAG(s) 'crawl_crypto_prices' retrieved from /opt/airflow/dags/crawl_crypto_prices.py
[2026-03-19T07:30:58.654+0000] {logging_mixin.py:188} INFO - [2026-03-19T07:30:58.654+0000] {dag.py:3036} INFO - Sync 1 DAGs
[2026-03-19T07:30:58.664+0000] {logging_mixin.py:188} INFO - [2026-03-19T07:30:58.664+0000] {dag.py:3823} INFO - Setting next_dagrun for crawl_crypto_prices to 2026-03-19 07:00:00+00:00, run_after=2026-03-19 08:00:00+00:00
[2026-03-19T07:30:58.670+0000] {processor.py:183} INFO - Processing /opt/airflow/dags/crawl_crypto_prices.py took 0.046 seconds
[2026-03-19T07:31:28.973+0000] {processor.py:161} INFO - Started process (PID=760) to work on /opt/airflow/dags/crawl_crypto_prices.py
[2026-03-19T07:31:28.974+0000] {processor.py:830} INFO - Processing file /opt/airflow/dags/crawl_crypto_prices.py for tasks to queue
[2026-03-19T07:31:28.974+0000] {logging_mixin.py:188} INFO - [2026-03-19T07:31:28.974+0000] {dagbag.py:538} INFO - Filling up the DagBag from /opt/airflow/dags/crawl_crypto_prices.py
[2026-03-19T07:31:28.984+0000] {processor.py:840} INFO - DAG(s) 'crawl_crypto_prices' retrieved from /opt/airflow/dags/crawl_crypto_prices.py
[2026-03-19T07:31:29.000+0000] {logging_mixin.py:188} INFO - [2026-03-19T07:31:29.000+0000] {dag.py:3036} INFO - Sync 1 DAGs
[2026-03-19T07:31:29.010+0000] {logging_mixin.py:188} INFO - [2026-03-19T07:31:29.010+0000] {dag.py:3823} INFO - Setting next_dagrun for crawl_crypto_prices to 2026-03-19 07:00:00+00:00, run_after=2026-03-19 08:00:00+00:00
[2026-03-19T07:31:29.016+0000] {processor.py:183} INFO - Processing /opt/airflow/dags/crawl_crypto_prices.py took 0.045 seconds
[2026-03-19T07:31:59.310+0000] {processor.py:161} INFO - Started process (PID=765) to work on /opt/airflow/dags/crawl_crypto_prices.py
[2026-03-19T07:31:59.311+0000] {processor.py:830} INFO - Processing file /opt/airflow/dags/crawl_crypto_prices.py for tasks to queue
[2026-03-19T07:31:59.312+0000] {logging_mixin.py:188} INFO - [2026-03-19T07:31:59.312+0000] {dagbag.py:538} INFO - Filling up the DagBag from /opt/airflow/dags/crawl_crypto_prices.py
[2026-03-19T07:31:59.323+0000] {processor.py:840} INFO - DAG(s) 'crawl_crypto_prices' retrieved from /opt/airflow/dags/crawl_crypto_prices.py
[2026-03-19T07:31:59.338+0000] {logging_mixin.py:188} INFO - [2026-03-19T07:31:59.338+0000] {dag.py:3036} INFO - Sync 1 DAGs
[2026-03-19T07:31:59.349+0000] {logging_mixin.py:188} INFO - [2026-03-19T07:31:59.349+0000] {dag.py:3823} INFO - Setting next_dagrun for crawl_crypto_prices to 2026-03-19 07:00:00+00:00, run_after=2026-03-19 08:00:00+00:00
[2026-03-19T07:31:59.355+0000] {processor.py:183} INFO - Processing /opt/airflow/dags/crawl_crypto_prices.py took 0.049 seconds
[2026-03-19T07:32:29.578+0000] {processor.py:161} INFO - Started process (PID=770) to work on /opt/airflow/dags/crawl_crypto_prices.py
[2026-03-19T07:32:29.579+0000] {processor.py:830} INFO - Processing file /opt/airflow/dags/crawl_crypto_prices.py for tasks to queue
[2026-03-19T07:32:29.580+0000] {logging_mixin.py:188} INFO - [2026-03-19T07:32:29.579+0000] {dagbag.py:538} INFO - Filling up the DagBag from /opt/airflow/dags/crawl_crypto_prices.py
[2026-03-19T07:32:29.590+0000] {processor.py:840} INFO - DAG(s) 'crawl_crypto_prices' retrieved from /opt/airflow/dags/crawl_crypto_prices.py
[2026-03-19T07:32:29.603+0000] {logging_mixin.py:188} INFO - [2026-03-19T07:32:29.603+0000] {dag.py:3036} INFO - Sync 1 DAGs
[2026-03-19T07:32:29.612+0000] {logging_mixin.py:188} INFO - [2026-03-19T07:32:29.612+0000] {dag.py:3823} INFO - Setting next_dagrun for crawl_crypto_prices to 2026-03-19 07:00:00+00:00, run_after=2026-03-19 08:00:00+00:00
[2026-03-19T07:32:29.618+0000] {processor.py:183} INFO - Processing /opt/airflow/dags/crawl_crypto_prices.py took 0.043 seconds
[2026-03-19T07:32:59.860+0000] {processor.py:161} INFO - Started process (PID=775) to work on /opt/airflow/dags/crawl_crypto_prices.py
[2026-03-19T07:32:59.861+0000] {processor.py:830} INFO - Processing file /opt/airflow/dags/crawl_crypto_prices.py for tasks to queue
[2026-03-19T07:32:59.862+0000] {logging_mixin.py:188} INFO - [2026-03-19T07:32:59.862+0000] {dagbag.py:538} INFO - Filling up the DagBag from /opt/airflow/dags/crawl_crypto_prices.py
[2026-03-19T07:32:59.875+0000] {processor.py:840} INFO - DAG(s) 'crawl_crypto_prices' retrieved from /opt/airflow/dags/crawl_crypto_prices.py
[2026-03-19T07:32:59.896+0000] {logging_mixin.py:188} INFO - [2026-03-19T07:32:59.896+0000] {dag.py:3036} INFO - Sync 1 DAGs
[2026-03-19T07:32:59.908+0000] {logging_mixin.py:188} INFO - [2026-03-19T07:32:59.907+0000] {dag.py:3823} INFO - Setting next_dagrun for crawl_crypto_prices to 2026-03-19 07:00:00+00:00, run_after=2026-03-19 08:00:00+00:00
[2026-03-19T07:32:59.915+0000] {processor.py:183} INFO - Processing /opt/airflow/dags/crawl_crypto_prices.py took 0.058 seconds
[2026-03-19T07:33:30.151+0000] {processor.py:161} INFO - Started process (PID=780) to work on /opt/airflow/dags/crawl_crypto_prices.py
[2026-03-19T07:33:30.152+0000] {processor.py:830} INFO - Processing file /opt/airflow/dags/crawl_crypto_prices.py for tasks to queue
[2026-03-19T07:33:30.152+0000] {logging_mixin.py:188} INFO - [2026-03-19T07:33:30.152+0000] {dagbag.py:538} INFO - Filling up the DagBag from /opt/airflow/dags/crawl_crypto_prices.py
[2026-03-19T07:33:30.162+0000] {processor.py:840} INFO - DAG(s) 'crawl_crypto_prices' retrieved from /opt/airflow/dags/crawl_crypto_prices.py
[2026-03-19T07:33:30.177+0000] {logging_mixin.py:188} INFO - [2026-03-19T07:33:30.176+0000] {dag.py:3036} INFO - Sync 1 DAGs
[2026-03-19T07:33:30.187+0000] {logging_mixin.py:188} INFO - [2026-03-19T07:33:30.187+0000] {dag.py:3823} INFO - Setting next_dagrun for crawl_crypto_prices to 2026-03-19 07:00:00+00:00, run_after=2026-03-19 08:00:00+00:00
[2026-03-19T07:33:30.194+0000] {processor.py:183} INFO - Processing /opt/airflow/dags/crawl_crypto_prices.py took 0.046 seconds
[2026-03-19T07:34:00.436+0000] {processor.py:161} INFO - Started process (PID=785) to work on /opt/airflow/dags/crawl_crypto_prices.py
[2026-03-19T07:34:00.437+0000] {processor.py:830} INFO - Processing file /opt/airflow/dags/crawl_crypto_prices.py for tasks to queue
[2026-03-19T07:34:00.437+0000] {logging_mixin.py:188} INFO - [2026-03-19T07:34:00.437+0000] {dagbag.py:538} INFO - Filling up the DagBag from /opt/airflow/dags/crawl_crypto_prices.py
[2026-03-19T07:34:00.446+0000] {processor.py:840} INFO - DAG(s) 'crawl_crypto_prices' retrieved from /opt/airflow/dags/crawl_crypto_prices.py
[2026-03-19T07:34:00.465+0000] {logging_mixin.py:188} INFO - [2026-03-19T07:34:00.465+0000] {dag.py:3036} INFO - Sync 1 DAGs
[2026-03-19T07:34:00.474+0000] {logging_mixin.py:188} INFO - [2026-03-19T07:34:00.474+0000] {dag.py:3823} INFO - Setting next_dagrun for crawl_crypto_prices to 2026-03-19 07:00:00+00:00, run_after=2026-03-19 08:00:00+00:00
[2026-03-19T07:34:00.480+0000] {processor.py:183} INFO - Processing /opt/airflow/dags/crawl_crypto_prices.py took 0.047 seconds
[2026-03-19T07:34:30.743+0000] {processor.py:161} INFO - Started process (PID=790) to work on /opt/airflow/dags/crawl_crypto_prices.py
[2026-03-19T07:34:30.744+0000] {processor.py:830} INFO - Processing file /opt/airflow/dags/crawl_crypto_prices.py for tasks to queue
[2026-03-19T07:34:30.744+0000] {logging_mixin.py:188} INFO - [2026-03-19T07:34:30.744+0000] {dagbag.py:538} INFO - Filling up the DagBag from /opt/airflow/dags/crawl_crypto_prices.py
[2026-03-19T07:34:30.754+0000] {processor.py:840} INFO - DAG(s) 'crawl_crypto_prices' retrieved from /opt/airflow/dags/crawl_crypto_prices.py
[2026-03-19T07:34:30.771+0000] {logging_mixin.py:188} INFO - [2026-03-19T07:34:30.771+0000] {dag.py:3036} INFO - Sync 1 DAGs
[2026-03-19T07:34:30.782+0000] {logging_mixin.py:188} INFO - [2026-03-19T07:34:30.781+0000] {dag.py:3823} INFO - Setting next_dagrun for crawl_crypto_prices to 2026-03-19 07:00:00+00:00, run_after=2026-03-19 08:00:00+00:00
[2026-03-19T07:34:30.788+0000] {processor.py:183} INFO - Processing /opt/airflow/dags/crawl_crypto_prices.py took 0.048 seconds
[2026-03-19T07:35:00.993+0000] {processor.py:161} INFO - Started process (PID=795) to work on /opt/airflow/dags/crawl_crypto_prices.py
[2026-03-19T07:35:00.995+0000] {processor.py:830} INFO - Processing file /opt/airflow/dags/crawl_crypto_prices.py for tasks to queue
[2026-03-19T07:35:00.995+0000] {logging_mixin.py:188} INFO - [2026-03-19T07:35:00.995+0000] {dagbag.py:538} INFO - Filling up the DagBag from /opt/airflow/dags/crawl_crypto_prices.py
[2026-03-19T07:35:01.005+0000] {processor.py:840} INFO - DAG(s) 'crawl_crypto_prices' retrieved from /opt/airflow/dags/crawl_crypto_prices.py
[2026-03-19T07:35:01.021+0000] {logging_mixin.py:188} INFO - [2026-03-19T07:35:01.021+0000] {dag.py:3036} INFO - Sync 1 DAGs
[2026-03-19T07:35:01.030+0000] {logging_mixin.py:188} INFO - [2026-03-19T07:35:01.030+0000] {dag.py:3823} INFO - Setting next_dagrun for crawl_crypto_prices to 2026-03-19 07:00:00+00:00, run_after=2026-03-19 08:00:00+00:00
[2026-03-19T07:35:01.037+0000] {processor.py:183} INFO - Processing /opt/airflow/dags/crawl_crypto_prices.py took 0.047 seconds
[2026-03-19T07:35:31.297+0000] {processor.py:161} INFO - Started process (PID=800) to work on /opt/airflow/dags/crawl_crypto_prices.py
[2026-03-19T07:35:31.298+0000] {processor.py:830} INFO - Processing file /opt/airflow/dags/crawl_crypto_prices.py for tasks to queue
[2026-03-19T07:35:31.299+0000] {logging_mixin.py:188} INFO - [2026-03-19T07:35:31.299+0000] {dagbag.py:538} INFO - Filling up the DagBag from /opt/airflow/dags/crawl_crypto_prices.py
[2026-03-19T07:35:31.312+0000] {processor.py:840} INFO - DAG(s) 'crawl_crypto_prices' retrieved from /opt/airflow/dags/crawl_crypto_prices.py
[2026-03-19T07:35:31.332+0000] {logging_mixin.py:188} INFO - [2026-03-19T07:35:31.332+0000] {dag.py:3036} INFO - Sync 1 DAGs
[2026-03-19T07:35:31.343+0000] {logging_mixin.py:188} INFO - [2026-03-19T07:35:31.342+0000] {dag.py:3823} INFO - Setting next_dagrun for crawl_crypto_prices to 2026-03-19 07:00:00+00:00, run_after=2026-03-19 08:00:00+00:00
[2026-03-19T07:35:31.350+0000] {processor.py:183} INFO - Processing /opt/airflow/dags/crawl_crypto_prices.py took 0.056 seconds
[2026-03-19T07:36:01.572+0000] {processor.py:161} INFO - Started process (PID=805) to work on /opt/airflow/dags/crawl_crypto_prices.py
[2026-03-19T07:36:01.574+0000] {processor.py:830} INFO - Processing file /opt/airflow/dags/crawl_crypto_prices.py for tasks to queue
[2026-03-19T07:36:01.575+0000] {logging_mixin.py:188} INFO - [2026-03-19T07:36:01.574+0000] {dagbag.py:538} INFO - Filling up the DagBag from /opt/airflow/dags/crawl_crypto_prices.py
[2026-03-19T07:36:01.585+0000] {processor.py:840} INFO - DAG(s) 'crawl_crypto_prices' retrieved from /opt/airflow/dags/crawl_crypto_prices.py
[2026-03-19T07:36:01.603+0000] {logging_mixin.py:188} INFO - [2026-03-19T07:36:01.603+0000] {dag.py:3036} INFO - Sync 1 DAGs
[2026-03-19T07:36:01.614+0000] {logging_mixin.py:188} INFO - [2026-03-19T07:36:01.614+0000] {dag.py:3823} INFO - Setting next_dagrun for crawl_crypto_prices to 2026-03-19 07:00:00+00:00, run_after=2026-03-19 08:00:00+00:00
[2026-03-19T07:36:01.620+0000] {processor.py:183} INFO - Processing /opt/airflow/dags/crawl_crypto_prices.py took 0.052 seconds
[2026-03-19T07:36:31.853+0000] {processor.py:161} INFO - Started process (PID=810) to work on /opt/airflow/dags/crawl_crypto_prices.py
[2026-03-19T07:36:31.853+0000] {processor.py:830} INFO - Processing file /opt/airflow/dags/crawl_crypto_prices.py for tasks to queue
[2026-03-19T07:36:31.853+0000] {logging_mixin.py:188} INFO - [2026-03-19T07:36:31.853+0000] {dagbag.py:538} INFO - Filling up the DagBag from /opt/airflow/dags/crawl_crypto_prices.py
[2026-03-19T07:36:31.859+0000] {processor.py:840} INFO - DAG(s) 'crawl_crypto_prices' retrieved from /opt/airflow/dags/crawl_crypto_prices.py
[2026-03-19T07:36:31.869+0000] {logging_mixin.py:188} INFO - [2026-03-19T07:36:31.869+0000] {dag.py:3036} INFO - Sync 1 DAGs
[2026-03-19T07:36:31.878+0000] {logging_mixin.py:188} INFO - [2026-03-19T07:36:31.878+0000] {dag.py:3823} INFO - Setting next_dagrun for crawl_crypto_prices to 2026-03-19 07:00:00+00:00, run_after=2026-03-19 08:00:00+00:00
[2026-03-19T07:36:31.884+0000] {processor.py:183} INFO - Processing /opt/airflow/dags/crawl_crypto_prices.py took 0.032 seconds
[2026-03-19T07:37:02.161+0000] {processor.py:161} INFO - Started process (PID=815) to work on /opt/airflow/dags/crawl_crypto_prices.py
[2026-03-19T07:37:02.162+0000] {processor.py:830} INFO - Processing file /opt/airflow/dags/crawl_crypto_prices.py for tasks to queue
[2026-03-19T07:37:02.163+0000] {logging_mixin.py:188} INFO - [2026-03-19T07:37:02.163+0000] {dagbag.py:538} INFO - Filling up the DagBag from /opt/airflow/dags/crawl_crypto_prices.py
[2026-03-19T07:37:02.173+0000] {processor.py:840} INFO - DAG(s) 'crawl_crypto_prices' retrieved from /opt/airflow/dags/crawl_crypto_prices.py
[2026-03-19T07:37:02.192+0000] {logging_mixin.py:188} INFO - [2026-03-19T07:37:02.192+0000] {dag.py:3036} INFO - Sync 1 DAGs
[2026-03-19T07:37:02.201+0000] {logging_mixin.py:188} INFO - [2026-03-19T07:37:02.201+0000] {dag.py:3823} INFO - Setting next_dagrun for crawl_crypto_prices to 2026-03-19 07:00:00+00:00, run_after=2026-03-19 08:00:00+00:00
[2026-03-19T07:37:02.208+0000] {processor.py:183} INFO - Processing /opt/airflow/dags/crawl_crypto_prices.py took 0.050 seconds
[2026-03-19T07:37:32.480+0000] {processor.py:161} INFO - Started process (PID=820) to work on /opt/airflow/dags/crawl_crypto_prices.py
[2026-03-19T07:37:32.481+0000] {processor.py:830} INFO - Processing file /opt/airflow/dags/crawl_crypto_prices.py for tasks to queue
[2026-03-19T07:37:32.482+0000] {logging_mixin.py:188} INFO - [2026-03-19T07:37:32.482+0000] {dagbag.py:538} INFO - Filling up the DagBag from /opt/airflow/dags/crawl_crypto_prices.py
[2026-03-19T07:37:32.493+0000] {processor.py:840} INFO - DAG(s) 'crawl_crypto_prices' retrieved from /opt/airflow/dags/crawl_crypto_prices.py
[2026-03-19T07:37:32.511+0000] {logging_mixin.py:188} INFO - [2026-03-19T07:37:32.511+0000] {dag.py:3036} INFO - Sync 1 DAGs
[2026-03-19T07:37:32.520+0000] {logging_mixin.py:188} INFO - [2026-03-19T07:37:32.520+0000] {dag.py:3823} INFO - Setting next_dagrun for crawl_crypto_prices to 2026-03-19 07:00:00+00:00, run_after=2026-03-19 08:00:00+00:00
[2026-03-19T07:37:32.527+0000] {processor.py:183} INFO - Processing /opt/airflow/dags/crawl_crypto_prices.py took 0.050 seconds
[2026-03-19T07:38:02.798+0000] {processor.py:161} INFO - Started process (PID=825) to work on /opt/airflow/dags/crawl_crypto_prices.py
[2026-03-19T07:38:02.799+0000] {processor.py:830} INFO - Processing file /opt/airflow/dags/crawl_crypto_prices.py for tasks to queue
[2026-03-19T07:38:02.800+0000] {logging_mixin.py:188} INFO - [2026-03-19T07:38:02.800+0000] {dagbag.py:538} INFO - Filling up the DagBag from /opt/airflow/dags/crawl_crypto_prices.py
[2026-03-19T07:38:02.810+0000] {processor.py:840} INFO - DAG(s) 'crawl_crypto_prices' retrieved from /opt/airflow/dags/crawl_crypto_prices.py
[2026-03-19T07:38:02.828+0000] {logging_mixin.py:188} INFO - [2026-03-19T07:38:02.828+0000] {dag.py:3036} INFO - Sync 1 DAGs
[2026-03-19T07:38:02.838+0000] {logging_mixin.py:188} INFO - [2026-03-19T07:38:02.838+0000] {dag.py:3823} INFO - Setting next_dagrun for crawl_crypto_prices to 2026-03-19 07:00:00+00:00, run_after=2026-03-19 08:00:00+00:00
[2026-03-19T07:38:02.845+0000] {processor.py:183} INFO - Processing /opt/airflow/dags/crawl_crypto_prices.py took 0.050 seconds
[2026-03-19T07:38:33.105+0000] {processor.py:161} INFO - Started process (PID=830) to work on /opt/airflow/dags/crawl_crypto_prices.py
[2026-03-19T07:38:33.106+0000] {processor.py:830} INFO - Processing file /opt/airflow/dags/crawl_crypto_prices.py for tasks to queue
[2026-03-19T07:38:33.107+0000] {logging_mixin.py:188} INFO - [2026-03-19T07:38:33.106+0000] {dagbag.py:538} INFO - Filling up the DagBag from /opt/airflow/dags/crawl_crypto_prices.py
[2026-03-19T07:38:33.117+0000] {processor.py:840} INFO - DAG(s) 'crawl_crypto_prices' retrieved from /opt/airflow/dags/crawl_crypto_prices.py
[2026-03-19T07:38:33.135+0000] {logging_mixin.py:188} INFO - [2026-03-19T07:38:33.135+0000] {dag.py:3036} INFO - Sync 1 DAGs
[2026-03-19T07:38:33.145+0000] {logging_mixin.py:188} INFO - [2026-03-19T07:38:33.145+0000] {dag.py:3823} INFO - Setting next_dagrun for crawl_crypto_prices to 2026-03-19 07:00:00+00:00, run_after=2026-03-19 08:00:00+00:00
[2026-03-19T07:38:33.152+0000] {processor.py:183} INFO - Processing /opt/airflow/dags/crawl_crypto_prices.py took 0.050 seconds
[2026-03-19T07:39:03.399+0000] {processor.py:161} INFO - Started process (PID=835) to work on /opt/airflow/dags/crawl_crypto_prices.py
[2026-03-19T07:39:03.400+0000] {processor.py:830} INFO - Processing file /opt/airflow/dags/crawl_crypto_prices.py for tasks to queue
[2026-03-19T07:39:03.401+0000] {logging_mixin.py:188} INFO - [2026-03-19T07:39:03.400+0000] {dagbag.py:538} INFO - Filling up the DagBag from /opt/airflow/dags/crawl_crypto_prices.py
[2026-03-19T07:39:03.411+0000] {processor.py:840} INFO - DAG(s) 'crawl_crypto_prices' retrieved from /opt/airflow/dags/crawl_crypto_prices.py
[2026-03-19T07:39:03.429+0000] {logging_mixin.py:188} INFO - [2026-03-19T07:39:03.429+0000] {dag.py:3036} INFO - Sync 1 DAGs
[2026-03-19T07:39:03.439+0000] {logging_mixin.py:188} INFO - [2026-03-19T07:39:03.439+0000] {dag.py:3823} INFO - Setting next_dagrun for crawl_crypto_prices to 2026-03-19 07:00:00+00:00, run_after=2026-03-19 08:00:00+00:00
[2026-03-19T07:39:03.445+0000] {processor.py:183} INFO - Processing /opt/airflow/dags/crawl_crypto_prices.py took 0.049 seconds
[2026-03-19T07:39:33.701+0000] {processor.py:161} INFO - Started process (PID=840) to work on /opt/airflow/dags/crawl_crypto_prices.py
[2026-03-19T07:39:33.702+0000] {processor.py:830} INFO - Processing file /opt/airflow/dags/crawl_crypto_prices.py for tasks to queue
[2026-03-19T07:39:33.703+0000] {logging_mixin.py:188} INFO - [2026-03-19T07:39:33.703+0000] {dagbag.py:538} INFO - Filling up the DagBag from /opt/airflow/dags/crawl_crypto_prices.py
[2026-03-19T07:39:33.713+0000] {processor.py:840} INFO - DAG(s) 'crawl_crypto_prices' retrieved from /opt/airflow/dags/crawl_crypto_prices.py
[2026-03-19T07:39:33.731+0000] {logging_mixin.py:188} INFO - [2026-03-19T07:39:33.731+0000] {dag.py:3036} INFO - Sync 1 DAGs
[2026-03-19T07:39:33.741+0000] {logging_mixin.py:188} INFO - [2026-03-19T07:39:33.741+0000] {dag.py:3823} INFO - Setting next_dagrun for crawl_crypto_prices to 2026-03-19 07:00:00+00:00, run_after=2026-03-19 08:00:00+00:00
[2026-03-19T07:39:33.747+0000] {processor.py:183} INFO - Processing /opt/airflow/dags/crawl_crypto_prices.py took 0.049 seconds
[2026-03-19T07:40:03.988+0000] {processor.py:161} INFO - Started process (PID=845) to work on /opt/airflow/dags/crawl_crypto_prices.py
[2026-03-19T07:40:03.989+0000] {processor.py:830} INFO - Processing file /opt/airflow/dags/crawl_crypto_prices.py for tasks to queue
[2026-03-19T07:40:03.990+0000] {logging_mixin.py:188} INFO - [2026-03-19T07:40:03.990+0000] {dagbag.py:538} INFO - Filling up the DagBag from /opt/airflow/dags/crawl_crypto_prices.py
[2026-03-19T07:40:04.000+0000] {processor.py:840} INFO - DAG(s) 'crawl_crypto_prices' retrieved from /opt/airflow/dags/crawl_crypto_prices.py
[2026-03-19T07:40:04.019+0000] {logging_mixin.py:188} INFO - [2026-03-19T07:40:04.018+0000] {dag.py:3036} INFO - Sync 1 DAGs
[2026-03-19T07:40:04.029+0000] {logging_mixin.py:188} INFO - [2026-03-19T07:40:04.029+0000] {dag.py:3823} INFO - Setting next_dagrun for crawl_crypto_prices to 2026-03-19 07:00:00+00:00, run_after=2026-03-19 08:00:00+00:00
[2026-03-19T07:40:04.035+0000] {processor.py:183} INFO - Processing /opt/airflow/dags/crawl_crypto_prices.py took 0.050 seconds
[2026-03-19T07:40:34.294+0000] {processor.py:161} INFO - Started process (PID=850) to work on /opt/airflow/dags/crawl_crypto_prices.py
[2026-03-19T07:40:34.294+0000] {processor.py:830} INFO - Processing file /opt/airflow/dags/crawl_crypto_prices.py for tasks to queue
[2026-03-19T07:40:34.295+0000] {logging_mixin.py:188} INFO - [2026-03-19T07:40:34.295+0000] {dagbag.py:538} INFO - Filling up the DagBag from /opt/airflow/dags/crawl_crypto_prices.py
[2026-03-19T07:40:34.300+0000] {processor.py:840} INFO - DAG(s) 'crawl_crypto_prices' retrieved from /opt/airflow/dags/crawl_crypto_prices.py
[2026-03-19T07:40:34.311+0000] {logging_mixin.py:188} INFO - [2026-03-19T07:40:34.310+0000] {dag.py:3036} INFO - Sync 1 DAGs
[2026-03-19T07:40:34.319+0000] {logging_mixin.py:188} INFO - [2026-03-19T07:40:34.318+0000] {dag.py:3823} INFO - Setting next_dagrun for crawl_crypto_prices to 2026-03-19 07:00:00+00:00, run_after=2026-03-19 08:00:00+00:00
[2026-03-19T07:40:34.324+0000] {processor.py:183} INFO - Processing /opt/airflow/dags/crawl_crypto_prices.py took 0.031 seconds
[2026-03-19T07:41:04.605+0000] {processor.py:161} INFO - Started process (PID=855) to work on /opt/airflow/dags/crawl_crypto_prices.py
[2026-03-19T07:41:04.606+0000] {processor.py:830} INFO - Processing file /opt/airflow/dags/crawl_crypto_prices.py for tasks to queue
[2026-03-19T07:41:04.606+0000] {logging_mixin.py:188} INFO - [2026-03-19T07:41:04.606+0000] {dagbag.py:538} INFO - Filling up the DagBag from /opt/airflow/dags/crawl_crypto_prices.py
[2026-03-19T07:41:04.613+0000] {processor.py:840} INFO - DAG(s) 'crawl_crypto_prices' retrieved from /opt/airflow/dags/crawl_crypto_prices.py
[2026-03-19T07:41:04.624+0000] {logging_mixin.py:188} INFO - [2026-03-19T07:41:04.624+0000] {dag.py:3036} INFO - Sync 1 DAGs
[2026-03-19T07:41:04.633+0000] {logging_mixin.py:188} INFO - [2026-03-19T07:41:04.633+0000] {dag.py:3823} INFO - Setting next_dagrun for crawl_crypto_prices to 2026-03-19 07:00:00+00:00, run_after=2026-03-19 08:00:00+00:00
[2026-03-19T07:41:04.639+0000] {processor.py:183} INFO - Processing /opt/airflow/dags/crawl_crypto_prices.py took 0.035 seconds
[2026-03-19T07:41:34.923+0000] {processor.py:161} INFO - Started process (PID=860) to work on /opt/airflow/dags/crawl_crypto_prices.py
[2026-03-19T07:41:34.924+0000] {processor.py:830} INFO - Processing file /opt/airflow/dags/crawl_crypto_prices.py for tasks to queue
[2026-03-19T07:41:34.925+0000] {logging_mixin.py:188} INFO - [2026-03-19T07:41:34.925+0000] {dagbag.py:538} INFO - Filling up the DagBag from /opt/airflow/dags/crawl_crypto_prices.py
[2026-03-19T07:41:34.937+0000] {processor.py:840} INFO - DAG(s) 'crawl_crypto_prices' retrieved from /opt/airflow/dags/crawl_crypto_prices.py
[2026-03-19T07:41:34.956+0000] {logging_mixin.py:188} INFO - [2026-03-19T07:41:34.956+0000] {dag.py:3036} INFO - Sync 1 DAGs
[2026-03-19T07:41:34.966+0000] {logging_mixin.py:188} INFO - [2026-03-19T07:41:34.966+0000] {dag.py:3823} INFO - Setting next_dagrun for crawl_crypto_prices to 2026-03-19 07:00:00+00:00, run_after=2026-03-19 08:00:00+00:00
[2026-03-19T07:41:34.973+0000] {processor.py:183} INFO - Processing /opt/airflow/dags/crawl_crypto_prices.py took 0.053 seconds
[2026-03-19T07:42:05.224+0000] {processor.py:161} INFO - Started process (PID=865) to work on /opt/airflow/dags/crawl_crypto_prices.py
[2026-03-19T07:42:05.225+0000] {processor.py:830} INFO - Processing file /opt/airflow/dags/crawl_crypto_prices.py for tasks to queue
[2026-03-19T07:42:05.226+0000] {logging_mixin.py:188} INFO - [2026-03-19T07:42:05.225+0000] {dagbag.py:538} INFO - Filling up the DagBag from /opt/airflow/dags/crawl_crypto_prices.py
[2026-03-19T07:42:05.236+0000] {processor.py:840} INFO - DAG(s) 'crawl_crypto_prices' retrieved from /opt/airflow/dags/crawl_crypto_prices.py
[2026-03-19T07:42:05.255+0000] {logging_mixin.py:188} INFO - [2026-03-19T07:42:05.255+0000] {dag.py:3036} INFO - Sync 1 DAGs
[2026-03-19T07:42:05.266+0000] {logging_mixin.py:188} INFO - [2026-03-19T07:42:05.266+0000] {dag.py:3823} INFO - Setting next_dagrun for crawl_crypto_prices to 2026-03-19 07:00:00+00:00, run_after=2026-03-19 08:00:00+00:00
[2026-03-19T07:42:05.273+0000] {processor.py:183} INFO - Processing /opt/airflow/dags/crawl_crypto_prices.py took 0.052 seconds
[2026-03-19T07:42:35.524+0000] {processor.py:161} INFO - Started process (PID=870) to work on /opt/airflow/dags/crawl_crypto_prices.py
[2026-03-19T07:42:35.525+0000] {processor.py:830} INFO - Processing file /opt/airflow/dags/crawl_crypto_prices.py for tasks to queue
[2026-03-19T07:42:35.526+0000] {logging_mixin.py:188} INFO - [2026-03-19T07:42:35.526+0000] {dagbag.py:538} INFO - Filling up the DagBag from /opt/airflow/dags/crawl_crypto_prices.py
[2026-03-19T07:42:35.536+0000] {processor.py:840} INFO - DAG(s) 'crawl_crypto_prices' retrieved from /opt/airflow/dags/crawl_crypto_prices.py
[2026-03-19T07:42:35.553+0000] {logging_mixin.py:188} INFO - [2026-03-19T07:42:35.553+0000] {dag.py:3036} INFO - Sync 1 DAGs
[2026-03-19T07:42:35.562+0000] {logging_mixin.py:188} INFO - [2026-03-19T07:42:35.562+0000] {dag.py:3823} INFO - Setting next_dagrun for crawl_crypto_prices to 2026-03-19 07:00:00+00:00, run_after=2026-03-19 08:00:00+00:00
[2026-03-19T07:42:35.569+0000] {processor.py:183} INFO - Processing /opt/airflow/dags/crawl_crypto_prices.py took 0.047 seconds
[2026-03-19T07:43:05.847+0000] {processor.py:161} INFO - Started process (PID=875) to work on /opt/airflow/dags/crawl_crypto_prices.py
[2026-03-19T07:43:05.848+0000] {processor.py:830} INFO - Processing file /opt/airflow/dags/crawl_crypto_prices.py for tasks to queue
[2026-03-19T07:43:05.849+0000] {logging_mixin.py:188} INFO - [2026-03-19T07:43:05.848+0000] {dagbag.py:538} INFO - Filling up the DagBag from /opt/airflow/dags/crawl_crypto_prices.py
[2026-03-19T07:43:05.860+0000] {processor.py:840} INFO - DAG(s) 'crawl_crypto_prices' retrieved from /opt/airflow/dags/crawl_crypto_prices.py
[2026-03-19T07:43:05.880+0000] {logging_mixin.py:188} INFO - [2026-03-19T07:43:05.880+0000] {dag.py:3036} INFO - Sync 1 DAGs
[2026-03-19T07:43:05.891+0000] {logging_mixin.py:188} INFO - [2026-03-19T07:43:05.891+0000] {dag.py:3823} INFO - Setting next_dagrun for crawl_crypto_prices to 2026-03-19 07:00:00+00:00, run_after=2026-03-19 08:00:00+00:00
[2026-03-19T07:43:05.897+0000] {processor.py:183} INFO - Processing /opt/airflow/dags/crawl_crypto_prices.py took 0.054 seconds
[2026-03-19T07:43:36.173+0000] {processor.py:161} INFO - Started process (PID=880) to work on /opt/airflow/dags/crawl_crypto_prices.py
[2026-03-19T07:43:36.174+0000] {processor.py:830} INFO - Processing file /opt/airflow/dags/crawl_crypto_prices.py for tasks to queue
[2026-03-19T07:43:36.175+0000] {logging_mixin.py:188} INFO - [2026-03-19T07:43:36.175+0000] {dagbag.py:538} INFO - Filling up the DagBag from /opt/airflow/dags/crawl_crypto_prices.py
[2026-03-19T07:43:36.185+0000] {processor.py:840} INFO - DAG(s) 'crawl_crypto_prices' retrieved from /opt/airflow/dags/crawl_crypto_prices.py
[2026-03-19T07:43:36.204+0000] {logging_mixin.py:188} INFO - [2026-03-19T07:43:36.204+0000] {dag.py:3036} INFO - Sync 1 DAGs
[2026-03-19T07:43:36.215+0000] {logging_mixin.py:188} INFO - [2026-03-19T07:43:36.215+0000] {dag.py:3823} INFO - Setting next_dagrun for crawl_crypto_prices to 2026-03-19 07:00:00+00:00, run_after=2026-03-19 08:00:00+00:00
[2026-03-19T07:43:36.222+0000] {processor.py:183} INFO - Processing /opt/airflow/dags/crawl_crypto_prices.py took 0.052 seconds
[2026-03-19T07:44:06.514+0000] {processor.py:161} INFO - Started process (PID=885) to work on /opt/airflow/dags/crawl_crypto_prices.py
[2026-03-19T07:44:06.515+0000] {processor.py:830} INFO - Processing file /opt/airflow/dags/crawl_crypto_prices.py for tasks to queue
[2026-03-19T07:44:06.516+0000] {logging_mixin.py:188} INFO - [2026-03-19T07:44:06.516+0000] {dagbag.py:538} INFO - Filling up the DagBag from /opt/airflow/dags/crawl_crypto_prices.py
[2026-03-19T07:44:06.528+0000] {processor.py:840} INFO - DAG(s) 'crawl_crypto_prices' retrieved from /opt/airflow/dags/crawl_crypto_prices.py
[2026-03-19T07:44:06.548+0000] {logging_mixin.py:188} INFO - [2026-03-19T07:44:06.548+0000] {dag.py:3036} INFO - Sync 1 DAGs
[2026-03-19T07:44:06.557+0000] {logging_mixin.py:188} INFO - [2026-03-19T07:44:06.557+0000] {dag.py:3823} INFO - Setting next_dagrun for crawl_crypto_prices to 2026-03-19 07:00:00+00:00, run_after=2026-03-19 08:00:00+00:00
[2026-03-19T07:44:06.563+0000] {processor.py:183} INFO - Processing /opt/airflow/dags/crawl_crypto_prices.py took 0.052 seconds
[2026-03-19T07:44:36.808+0000] {processor.py:161} INFO - Started process (PID=890) to work on /opt/airflow/dags/crawl_crypto_prices.py
[2026-03-19T07:44:36.809+0000] {processor.py:830} INFO - Processing file /opt/airflow/dags/crawl_crypto_prices.py for tasks to queue
[2026-03-19T07:44:36.810+0000] {logging_mixin.py:188} INFO - [2026-03-19T07:44:36.809+0000] {dagbag.py:538} INFO - Filling up the DagBag from /opt/airflow/dags/crawl_crypto_prices.py
[2026-03-19T07:44:36.820+0000] {processor.py:840} INFO - DAG(s) 'crawl_crypto_prices' retrieved from /opt/airflow/dags/crawl_crypto_prices.py
[2026-03-19T07:44:36.839+0000] {logging_mixin.py:188} INFO - [2026-03-19T07:44:36.839+0000] {dag.py:3036} INFO - Sync 1 DAGs
[2026-03-19T07:44:36.849+0000] {logging_mixin.py:188} INFO - [2026-03-19T07:44:36.849+0000] {dag.py:3823} INFO - Setting next_dagrun for crawl_crypto_prices to 2026-03-19 07:00:00+00:00, run_after=2026-03-19 08:00:00+00:00
[2026-03-19T07:44:36.856+0000] {processor.py:183} INFO - Processing /opt/airflow/dags/crawl_crypto_prices.py took 0.051 seconds
[2026-03-19T07:45:07.116+0000] {processor.py:161} INFO - Started process (PID=895) to work on /opt/airflow/dags/crawl_crypto_prices.py
[2026-03-19T07:45:07.117+0000] {processor.py:830} INFO - Processing file /opt/airflow/dags/crawl_crypto_prices.py for tasks to queue
[2026-03-19T07:45:07.118+0000] {logging_mixin.py:188} INFO - [2026-03-19T07:45:07.117+0000] {dagbag.py:538} INFO - Filling up the DagBag from /opt/airflow/dags/crawl_crypto_prices.py
[2026-03-19T07:45:07.128+0000] {processor.py:840} INFO - DAG(s) 'crawl_crypto_prices' retrieved from /opt/airflow/dags/crawl_crypto_prices.py
[2026-03-19T07:45:07.146+0000] {logging_mixin.py:188} INFO - [2026-03-19T07:45:07.146+0000] {dag.py:3036} INFO - Sync 1 DAGs
[2026-03-19T07:45:07.157+0000] {logging_mixin.py:188} INFO - [2026-03-19T07:45:07.157+0000] {dag.py:3823} INFO - Setting next_dagrun for crawl_crypto_prices to 2026-03-19 07:00:00+00:00, run_after=2026-03-19 08:00:00+00:00
[2026-03-19T07:45:07.163+0000] {processor.py:183} INFO - Processing /opt/airflow/dags/crawl_crypto_prices.py took 0.051 seconds
[2026-03-19T07:45:37.431+0000] {processor.py:161} INFO - Started process (PID=900) to work on /opt/airflow/dags/crawl_crypto_prices.py
[2026-03-19T07:45:37.431+0000] {processor.py:830} INFO - Processing file /opt/airflow/dags/crawl_crypto_prices.py for tasks to queue
[2026-03-19T07:45:37.432+0000] {logging_mixin.py:188} INFO - [2026-03-19T07:45:37.432+0000] {dagbag.py:538} INFO - Filling up the DagBag from /opt/airflow/dags/crawl_crypto_prices.py
[2026-03-19T07:45:37.443+0000] {processor.py:840} INFO - DAG(s) 'crawl_crypto_prices' retrieved from /opt/airflow/dags/crawl_crypto_prices.py
[2026-03-19T07:45:37.463+0000] {logging_mixin.py:188} INFO - [2026-03-19T07:45:37.462+0000] {dag.py:3036} INFO - Sync 1 DAGs
[2026-03-19T07:45:37.472+0000] {logging_mixin.py:188} INFO - [2026-03-19T07:45:37.472+0000] {dag.py:3823} INFO - Setting next_dagrun for crawl_crypto_prices to 2026-03-19 07:00:00+00:00, run_after=2026-03-19 08:00:00+00:00
[2026-03-19T07:45:37.479+0000] {processor.py:183} INFO - Processing /opt/airflow/dags/crawl_crypto_prices.py took 0.051 seconds
[2026-03-19T07:46:07.708+0000] {processor.py:161} INFO - Started process (PID=905) to work on /opt/airflow/dags/crawl_crypto_prices.py
[2026-03-19T07:46:07.709+0000] {processor.py:830} INFO - Processing file /opt/airflow/dags/crawl_crypto_prices.py for tasks to queue
[2026-03-19T07:46:07.710+0000] {logging_mixin.py:188} INFO - [2026-03-19T07:46:07.710+0000] {dagbag.py:538} INFO - Filling up the DagBag from /opt/airflow/dags/crawl_crypto_prices.py
[2026-03-19T07:46:07.719+0000] {processor.py:840} INFO - DAG(s) 'crawl_crypto_prices' retrieved from /opt/airflow/dags/crawl_crypto_prices.py
[2026-03-19T07:46:07.736+0000] {logging_mixin.py:188} INFO - [2026-03-19T07:46:07.736+0000] {dag.py:3036} INFO - Sync 1 DAGs
[2026-03-19T07:46:07.745+0000] {logging_mixin.py:188} INFO - [2026-03-19T07:46:07.745+0000] {dag.py:3823} INFO - Setting next_dagrun for crawl_crypto_prices to 2026-03-19 07:00:00+00:00, run_after=2026-03-19 08:00:00+00:00
[2026-03-19T07:46:07.752+0000] {processor.py:183} INFO - Processing /opt/airflow/dags/crawl_crypto_prices.py took 0.046 seconds
[2026-03-19T07:46:37.974+0000] {processor.py:161} INFO - Started process (PID=910) to work on /opt/airflow/dags/crawl_crypto_prices.py
[2026-03-19T07:46:37.975+0000] {processor.py:830} INFO - Processing file /opt/airflow/dags/crawl_crypto_prices.py for tasks to queue
[2026-03-19T07:46:37.976+0000] {logging_mixin.py:188} INFO - [2026-03-19T07:46:37.975+0000] {dagbag.py:538} INFO - Filling up the DagBag from /opt/airflow/dags/crawl_crypto_prices.py
[2026-03-19T07:46:37.986+0000] {processor.py:840} INFO - DAG(s) 'crawl_crypto_prices' retrieved from /opt/airflow/dags/crawl_crypto_prices.py
[2026-03-19T07:46:38.004+0000] {logging_mixin.py:188} INFO - [2026-03-19T07:46:38.004+0000] {dag.py:3036} INFO - Sync 1 DAGs
[2026-03-19T07:46:38.014+0000] {logging_mixin.py:188} INFO - [2026-03-19T07:46:38.014+0000] {dag.py:3823} INFO - Setting next_dagrun for crawl_crypto_prices to 2026-03-19 07:00:00+00:00, run_after=2026-03-19 08:00:00+00:00
[2026-03-19T07:46:38.020+0000] {processor.py:183} INFO - Processing /opt/airflow/dags/crawl_crypto_prices.py took 0.050 seconds
[2026-03-19T07:47:14.193+0000] {processor.py:161} INFO - Started process (PID=915) to work on /opt/airflow/dags/crawl_crypto_prices.py
[2026-03-19T07:47:14.194+0000] {processor.py:830} INFO - Processing file /opt/airflow/dags/crawl_crypto_prices.py for tasks to queue
[2026-03-19T07:47:14.195+0000] {logging_mixin.py:188} INFO - [2026-03-19T07:47:14.195+0000] {dagbag.py:538} INFO - Filling up the DagBag from /opt/airflow/dags/crawl_crypto_prices.py
[2026-03-19T07:47:14.208+0000] {processor.py:840} INFO - DAG(s) 'crawl_crypto_prices' retrieved from /opt/airflow/dags/crawl_crypto_prices.py
[2026-03-19T07:47:14.230+0000] {logging_mixin.py:188} INFO - [2026-03-19T07:47:14.230+0000] {dag.py:3036} INFO - Sync 1 DAGs
[2026-03-19T07:47:14.241+0000] {logging_mixin.py:188} INFO - [2026-03-19T07:47:14.241+0000] {dag.py:3823} INFO - Setting next_dagrun for crawl_crypto_prices to 2026-03-19 07:00:00+00:00, run_after=2026-03-19 08:00:00+00:00
[2026-03-19T07:47:14.248+0000] {processor.py:183} INFO - Processing /opt/airflow/dags/crawl_crypto_prices.py took 0.059 seconds
[2026-03-19T07:47:44.473+0000] {processor.py:161} INFO - Started process (PID=922) to work on /opt/airflow/dags/crawl_crypto_prices.py
[2026-03-19T07:47:44.474+0000] {processor.py:830} INFO - Processing file /opt/airflow/dags/crawl_crypto_prices.py for tasks to queue
[2026-03-19T07:47:44.475+0000] {logging_mixin.py:188} INFO - [2026-03-19T07:47:44.475+0000] {dagbag.py:538} INFO - Filling up the DagBag from /opt/airflow/dags/crawl_crypto_prices.py
[2026-03-19T07:47:44.484+0000] {processor.py:840} INFO - DAG(s) 'crawl_crypto_prices' retrieved from /opt/airflow/dags/crawl_crypto_prices.py
[2026-03-19T07:47:44.502+0000] {logging_mixin.py:188} INFO - [2026-03-19T07:47:44.502+0000] {dag.py:3036} INFO - Sync 1 DAGs
[2026-03-19T07:47:44.514+0000] {logging_mixin.py:188} INFO - [2026-03-19T07:47:44.514+0000] {dag.py:3823} INFO - Setting next_dagrun for crawl_crypto_prices to 2026-03-19 07:00:00+00:00, run_after=2026-03-19 08:00:00+00:00
[2026-03-19T07:47:44.521+0000] {processor.py:183} INFO - Processing /opt/airflow/dags/crawl_crypto_prices.py took 0.051 seconds
[2026-03-19T07:48:14.771+0000] {processor.py:161} INFO - Started process (PID=927) to work on /opt/airflow/dags/crawl_crypto_prices.py
[2026-03-19T07:48:14.772+0000] {processor.py:830} INFO - Processing file /opt/airflow/dags/crawl_crypto_prices.py for tasks to queue
[2026-03-19T07:48:14.773+0000] {logging_mixin.py:188} INFO - [2026-03-19T07:48:14.773+0000] {dagbag.py:538} INFO - Filling up the DagBag from /opt/airflow/dags/crawl_crypto_prices.py
[2026-03-19T07:48:14.784+0000] {processor.py:840} INFO - DAG(s) 'crawl_crypto_prices' retrieved from /opt/airflow/dags/crawl_crypto_prices.py
[2026-03-19T07:48:14.801+0000] {logging_mixin.py:188} INFO - [2026-03-19T07:48:14.801+0000] {dag.py:3036} INFO - Sync 1 DAGs
[2026-03-19T07:48:14.811+0000] {logging_mixin.py:188} INFO - [2026-03-19T07:48:14.811+0000] {dag.py:3823} INFO - Setting next_dagrun for crawl_crypto_prices to 2026-03-19 07:00:00+00:00, run_after=2026-03-19 08:00:00+00:00
[2026-03-19T07:48:14.817+0000] {processor.py:183} INFO - Processing /opt/airflow/dags/crawl_crypto_prices.py took 0.050 seconds
[2026-03-19T07:48:45.110+0000] {processor.py:161} INFO - Started process (PID=932) to work on /opt/airflow/dags/crawl_crypto_prices.py
[2026-03-19T07:48:45.111+0000] {processor.py:830} INFO - Processing file /opt/airflow/dags/crawl_crypto_prices.py for tasks to queue
[2026-03-19T07:48:45.112+0000] {logging_mixin.py:188} INFO - [2026-03-19T07:48:45.112+0000] {dagbag.py:538} INFO - Filling up the DagBag from /opt/airflow/dags/crawl_crypto_prices.py
[2026-03-19T07:48:45.123+0000] {processor.py:840} INFO - DAG(s) 'crawl_crypto_prices' retrieved from /opt/airflow/dags/crawl_crypto_prices.py
[2026-03-19T07:48:45.143+0000] {logging_mixin.py:188} INFO - [2026-03-19T07:48:45.143+0000] {dag.py:3036} INFO - Sync 1 DAGs
[2026-03-19T07:48:45.154+0000] {logging_mixin.py:188} INFO - [2026-03-19T07:48:45.154+0000] {dag.py:3823} INFO - Setting next_dagrun for crawl_crypto_prices to 2026-03-19 07:00:00+00:00, run_after=2026-03-19 08:00:00+00:00
[2026-03-19T07:48:45.160+0000] {processor.py:183} INFO - Processing /opt/airflow/dags/crawl_crypto_prices.py took 0.053 seconds
[2026-03-19T07:49:15.434+0000] {processor.py:161} INFO - Started process (PID=937) to work on /opt/airflow/dags/crawl_crypto_prices.py
[2026-03-19T07:49:15.435+0000] {processor.py:830} INFO - Processing file /opt/airflow/dags/crawl_crypto_prices.py for tasks to queue
[2026-03-19T07:49:15.436+0000] {logging_mixin.py:188} INFO - [2026-03-19T07:49:15.436+0000] {dagbag.py:538} INFO - Filling up the DagBag from /opt/airflow/dags/crawl_crypto_prices.py
[2026-03-19T07:49:15.446+0000] {processor.py:840} INFO - DAG(s) 'crawl_crypto_prices' retrieved from /opt/airflow/dags/crawl_crypto_prices.py
[2026-03-19T07:49:15.465+0000] {logging_mixin.py:188} INFO - [2026-03-19T07:49:15.465+0000] {dag.py:3036} INFO - Sync 1 DAGs
[2026-03-19T07:49:15.475+0000] {logging_mixin.py:188} INFO - [2026-03-19T07:49:15.475+0000] {dag.py:3823} INFO - Setting next_dagrun for crawl_crypto_prices to 2026-03-19 07:00:00+00:00, run_after=2026-03-19 08:00:00+00:00
[2026-03-19T07:49:15.482+0000] {processor.py:183} INFO - Processing /opt/airflow/dags/crawl_crypto_prices.py took 0.051 seconds
[2026-03-19T07:49:45.777+0000] {processor.py:161} INFO - Started process (PID=942) to work on /opt/airflow/dags/crawl_crypto_prices.py
[2026-03-19T07:49:45.778+0000] {processor.py:830} INFO - Processing file /opt/airflow/dags/crawl_crypto_prices.py for tasks to queue
[2026-03-19T07:49:45.779+0000] {logging_mixin.py:188} INFO - [2026-03-19T07:49:45.779+0000] {dagbag.py:538} INFO - Filling up the DagBag from /opt/airflow/dags/crawl_crypto_prices.py
[2026-03-19T07:49:45.789+0000] {processor.py:840} INFO - DAG(s) 'crawl_crypto_prices' retrieved from /opt/airflow/dags/crawl_crypto_prices.py
[2026-03-19T07:49:45.807+0000] {logging_mixin.py:188} INFO - [2026-03-19T07:49:45.807+0000] {dag.py:3036} INFO - Sync 1 DAGs
[2026-03-19T07:49:45.818+0000] {logging_mixin.py:188} INFO - [2026-03-19T07:49:45.818+0000] {dag.py:3823} INFO - Setting next_dagrun for crawl_crypto_prices to 2026-03-19 07:00:00+00:00, run_after=2026-03-19 08:00:00+00:00
[2026-03-19T07:49:45.824+0000] {processor.py:183} INFO - Processing /opt/airflow/dags/crawl_crypto_prices.py took 0.050 seconds
[2026-03-19T07:50:16.110+0000] {processor.py:161} INFO - Started process (PID=947) to work on /opt/airflow/dags/crawl_crypto_prices.py
[2026-03-19T07:50:16.111+0000] {processor.py:830} INFO - Processing file /opt/airflow/dags/crawl_crypto_prices.py for tasks to queue
[2026-03-19T07:50:16.112+0000] {logging_mixin.py:188} INFO - [2026-03-19T07:50:16.111+0000] {dagbag.py:538} INFO - Filling up the DagBag from /opt/airflow/dags/crawl_crypto_prices.py
[2026-03-19T07:50:16.121+0000] {processor.py:840} INFO - DAG(s) 'crawl_crypto_prices' retrieved from /opt/airflow/dags/crawl_crypto_prices.py
[2026-03-19T07:50:16.139+0000] {logging_mixin.py:188} INFO - [2026-03-19T07:50:16.138+0000] {dag.py:3036} INFO - Sync 1 DAGs
[2026-03-19T07:50:16.148+0000] {logging_mixin.py:188} INFO - [2026-03-19T07:50:16.148+0000] {dag.py:3823} INFO - Setting next_dagrun for crawl_crypto_prices to 2026-03-19 07:00:00+00:00, run_after=2026-03-19 08:00:00+00:00
[2026-03-19T07:50:16.155+0000] {processor.py:183} INFO - Processing /opt/airflow/dags/crawl_crypto_prices.py took 0.048 seconds
[2026-03-19T07:50:46.416+0000] {processor.py:161} INFO - Started process (PID=952) to work on /opt/airflow/dags/crawl_crypto_prices.py
[2026-03-19T07:50:46.417+0000] {processor.py:830} INFO - Processing file /opt/airflow/dags/crawl_crypto_prices.py for tasks to queue
[2026-03-19T07:50:46.417+0000] {logging_mixin.py:188} INFO - [2026-03-19T07:50:46.417+0000] {dagbag.py:538} INFO - Filling up the DagBag from /opt/airflow/dags/crawl_crypto_prices.py
[2026-03-19T07:50:46.423+0000] {processor.py:840} INFO - DAG(s) 'crawl_crypto_prices' retrieved from /opt/airflow/dags/crawl_crypto_prices.py
[2026-03-19T07:50:46.434+0000] {logging_mixin.py:188} INFO - [2026-03-19T07:50:46.434+0000] {dag.py:3036} INFO - Sync 1 DAGs
[2026-03-19T07:50:46.442+0000] {logging_mixin.py:188} INFO - [2026-03-19T07:50:46.442+0000] {dag.py:3823} INFO - Setting next_dagrun for crawl_crypto_prices to 2026-03-19 07:00:00+00:00, run_after=2026-03-19 08:00:00+00:00
[2026-03-19T07:50:46.448+0000] {processor.py:183} INFO - Processing /opt/airflow/dags/crawl_crypto_prices.py took 0.034 seconds
[2026-03-19T07:51:16.794+0000] {processor.py:161} INFO - Started process (PID=957) to work on /opt/airflow/dags/crawl_crypto_prices.py
[2026-03-19T07:51:16.795+0000] {processor.py:830} INFO - Processing file /opt/airflow/dags/crawl_crypto_prices.py for tasks to queue
[2026-03-19T07:51:16.796+0000] {logging_mixin.py:188} INFO - [2026-03-19T07:51:16.796+0000] {dagbag.py:538} INFO - Filling up the DagBag from /opt/airflow/dags/crawl_crypto_prices.py
[2026-03-19T07:51:16.808+0000] {processor.py:840} INFO - DAG(s) 'crawl_crypto_prices' retrieved from /opt/airflow/dags/crawl_crypto_prices.py
[2026-03-19T07:51:16.827+0000] {logging_mixin.py:188} INFO - [2026-03-19T07:51:16.827+0000] {dag.py:3036} INFO - Sync 1 DAGs
[2026-03-19T07:51:16.838+0000] {logging_mixin.py:188} INFO - [2026-03-19T07:51:16.838+0000] {dag.py:3823} INFO - Setting next_dagrun for crawl_crypto_prices to 2026-03-19 07:00:00+00:00, run_after=2026-03-19 08:00:00+00:00
[2026-03-19T07:51:16.844+0000] {processor.py:183} INFO - Processing /opt/airflow/dags/crawl_crypto_prices.py took 0.054 seconds
[2026-03-19T07:56:53.589+0000] {processor.py:161} INFO - Started process (PID=964) to work on /opt/airflow/dags/crawl_crypto_prices.py
[2026-03-19T07:56:53.590+0000] {processor.py:830} INFO - Processing file /opt/airflow/dags/crawl_crypto_prices.py for tasks to queue
[2026-03-19T07:56:53.591+0000] {logging_mixin.py:188} INFO - [2026-03-19T07:56:53.591+0000] {dagbag.py:538} INFO - Filling up the DagBag from /opt/airflow/dags/crawl_crypto_prices.py
[2026-03-19T07:56:53.601+0000] {processor.py:840} INFO - DAG(s) 'crawl_crypto_prices' retrieved from /opt/airflow/dags/crawl_crypto_prices.py
[2026-03-19T07:56:53.625+0000] {logging_mixin.py:188} INFO - [2026-03-19T07:56:53.625+0000] {dag.py:3036} INFO - Sync 1 DAGs
[2026-03-19T07:56:53.647+0000] {logging_mixin.py:188} INFO - [2026-03-19T07:56:53.647+0000] {dag.py:3823} INFO - Setting next_dagrun for crawl_crypto_prices to 2026-03-19 07:00:00+00:00, run_after=2026-03-19 08:00:00+00:00
[2026-03-19T07:56:53.663+0000] {processor.py:183} INFO - Processing /opt/airflow/dags/crawl_crypto_prices.py took 0.077 seconds
[2026-03-19T07:57:23.911+0000] {processor.py:161} INFO - Started process (PID=969) to work on /opt/airflow/dags/crawl_crypto_prices.py
[2026-03-19T07:57:23.912+0000] {processor.py:830} INFO - Processing file /opt/airflow/dags/crawl_crypto_prices.py for tasks to queue
[2026-03-19T07:57:23.912+0000] {logging_mixin.py:188} INFO - [2026-03-19T07:57:23.912+0000] {dagbag.py:538} INFO - Filling up the DagBag from /opt/airflow/dags/crawl_crypto_prices.py
[2026-03-19T07:57:23.922+0000] {processor.py:840} INFO - DAG(s) 'crawl_crypto_prices' retrieved from /opt/airflow/dags/crawl_crypto_prices.py
[2026-03-19T07:57:23.936+0000] {logging_mixin.py:188} INFO - [2026-03-19T07:57:23.936+0000] {dag.py:3036} INFO - Sync 1 DAGs
[2026-03-19T07:57:23.945+0000] {logging_mixin.py:188} INFO - [2026-03-19T07:57:23.945+0000] {dag.py:3823} INFO - Setting next_dagrun for crawl_crypto_prices to 2026-03-19 07:00:00+00:00, run_after=2026-03-19 08:00:00+00:00
[2026-03-19T07:57:23.951+0000] {processor.py:183} INFO - Processing /opt/airflow/dags/crawl_crypto_prices.py took 0.043 seconds
[2026-03-19T07:57:54.228+0000] {processor.py:161} INFO - Started process (PID=974) to work on /opt/airflow/dags/crawl_crypto_prices.py
[2026-03-19T07:57:54.229+0000] {processor.py:830} INFO - Processing file /opt/airflow/dags/crawl_crypto_prices.py for tasks to queue
[2026-03-19T07:57:54.230+0000] {logging_mixin.py:188} INFO - [2026-03-19T07:57:54.229+0000] {dagbag.py:538} INFO - Filling up the DagBag from /opt/airflow/dags/crawl_crypto_prices.py
[2026-03-19T07:57:54.241+0000] {processor.py:840} INFO - DAG(s) 'crawl_crypto_prices' retrieved from /opt/airflow/dags/crawl_crypto_prices.py
[2026-03-19T07:57:54.260+0000] {logging_mixin.py:188} INFO - [2026-03-19T07:57:54.260+0000] {dag.py:3036} INFO - Sync 1 DAGs
[2026-03-19T07:57:54.269+0000] {logging_mixin.py:188} INFO - [2026-03-19T07:57:54.269+0000] {dag.py:3823} INFO - Setting next_dagrun for crawl_crypto_prices to 2026-03-19 07:00:00+00:00, run_after=2026-03-19 08:00:00+00:00
[2026-03-19T07:57:54.276+0000] {processor.py:183} INFO - Processing /opt/airflow/dags/crawl_crypto_prices.py took 0.051 seconds
[2026-03-19T07:58:24.521+0000] {processor.py:161} INFO - Started process (PID=979) to work on /opt/airflow/dags/crawl_crypto_prices.py
[2026-03-19T07:58:24.522+0000] {processor.py:830} INFO - Processing file /opt/airflow/dags/crawl_crypto_prices.py for tasks to queue
[2026-03-19T07:58:24.523+0000] {logging_mixin.py:188} INFO - [2026-03-19T07:58:24.522+0000] {dagbag.py:538} INFO - Filling up the DagBag from /opt/airflow/dags/crawl_crypto_prices.py
[2026-03-19T07:58:24.534+0000] {processor.py:840} INFO - DAG(s) 'crawl_crypto_prices' retrieved from /opt/airflow/dags/crawl_crypto_prices.py
[2026-03-19T07:58:24.555+0000] {logging_mixin.py:188} INFO - [2026-03-19T07:58:24.555+0000] {dag.py:3036} INFO - Sync 1 DAGs
[2026-03-19T07:58:24.566+0000] {logging_mixin.py:188} INFO - [2026-03-19T07:58:24.566+0000] {dag.py:3823} INFO - Setting next_dagrun for crawl_crypto_prices to 2026-03-19 07:00:00+00:00, run_after=2026-03-19 08:00:00+00:00
[2026-03-19T07:58:24.572+0000] {processor.py:183} INFO - Processing /opt/airflow/dags/crawl_crypto_prices.py took 0.054 seconds
[2026-03-19T07:58:54.814+0000] {processor.py:161} INFO - Started process (PID=984) to work on /opt/airflow/dags/crawl_crypto_prices.py
[2026-03-19T07:58:54.815+0000] {processor.py:830} INFO - Processing file /opt/airflow/dags/crawl_crypto_prices.py for tasks to queue
[2026-03-19T07:58:54.816+0000] {logging_mixin.py:188} INFO - [2026-03-19T07:58:54.816+0000] {dagbag.py:538} INFO - Filling up the DagBag from /opt/airflow/dags/crawl_crypto_prices.py
[2026-03-19T07:58:54.826+0000] {processor.py:840} INFO - DAG(s) 'crawl_crypto_prices' retrieved from /opt/airflow/dags/crawl_crypto_prices.py
[2026-03-19T07:58:54.845+0000] {logging_mixin.py:188} INFO - [2026-03-19T07:58:54.845+0000] {dag.py:3036} INFO - Sync 1 DAGs
[2026-03-19T07:58:54.854+0000] {logging_mixin.py:188} INFO - [2026-03-19T07:58:54.854+0000] {dag.py:3823} INFO - Setting next_dagrun for crawl_crypto_prices to 2026-03-19 07:00:00+00:00, run_after=2026-03-19 08:00:00+00:00
[2026-03-19T07:58:54.861+0000] {processor.py:183} INFO - Processing /opt/airflow/dags/crawl_crypto_prices.py took 0.049 seconds
[2026-03-19T07:59:25.100+0000] {processor.py:161} INFO - Started process (PID=989) to work on /opt/airflow/dags/crawl_crypto_prices.py
[2026-03-19T07:59:25.101+0000] {processor.py:830} INFO - Processing file /opt/airflow/dags/crawl_crypto_prices.py for tasks to queue
[2026-03-19T07:59:25.102+0000] {logging_mixin.py:188} INFO - [2026-03-19T07:59:25.101+0000] {dagbag.py:538} INFO - Filling up the DagBag from /opt/airflow/dags/crawl_crypto_prices.py
[2026-03-19T07:59:25.112+0000] {processor.py:840} INFO - DAG(s) 'crawl_crypto_prices' retrieved from /opt/airflow/dags/crawl_crypto_prices.py
[2026-03-19T07:59:25.131+0000] {logging_mixin.py:188} INFO - [2026-03-19T07:59:25.131+0000] {dag.py:3036} INFO - Sync 1 DAGs
[2026-03-19T07:59:25.141+0000] {logging_mixin.py:188} INFO - [2026-03-19T07:59:25.141+0000] {dag.py:3823} INFO - Setting next_dagrun for crawl_crypto_prices to 2026-03-19 07:00:00+00:00, run_after=2026-03-19 08:00:00+00:00
[2026-03-19T07:59:25.148+0000] {processor.py:183} INFO - Processing /opt/airflow/dags/crawl_crypto_prices.py took 0.051 seconds
[2026-03-19T07:59:55.372+0000] {processor.py:161} INFO - Started process (PID=994) to work on /opt/airflow/dags/crawl_crypto_prices.py
[2026-03-19T07:59:55.372+0000] {processor.py:830} INFO - Processing file /opt/airflow/dags/crawl_crypto_prices.py for tasks to queue
[2026-03-19T07:59:55.373+0000] {logging_mixin.py:188} INFO - [2026-03-19T07:59:55.373+0000] {dagbag.py:538} INFO - Filling up the DagBag from /opt/airflow/dags/crawl_crypto_prices.py
[2026-03-19T07:59:55.383+0000] {processor.py:840} INFO - DAG(s) 'crawl_crypto_prices' retrieved from /opt/airflow/dags/crawl_crypto_prices.py
[2026-03-19T07:59:55.402+0000] {logging_mixin.py:188} INFO - [2026-03-19T07:59:55.402+0000] {dag.py:3036} INFO - Sync 1 DAGs
[2026-03-19T07:59:55.413+0000] {logging_mixin.py:188} INFO - [2026-03-19T07:59:55.413+0000] {dag.py:3823} INFO - Setting next_dagrun for crawl_crypto_prices to 2026-03-19 07:00:00+00:00, run_after=2026-03-19 08:00:00+00:00
[2026-03-19T07:59:55.419+0000] {processor.py:183} INFO - Processing /opt/airflow/dags/crawl_crypto_prices.py took 0.051 seconds
[2026-03-19T08:03:19.498+0000] {processor.py:161} INFO - Started process (PID=1001) to work on /opt/airflow/dags/crawl_crypto_prices.py
[2026-03-19T08:03:19.499+0000] {processor.py:830} INFO - Processing file /opt/airflow/dags/crawl_crypto_prices.py for tasks to queue
[2026-03-19T08:03:19.499+0000] {logging_mixin.py:188} INFO - [2026-03-19T08:03:19.499+0000] {dagbag.py:538} INFO - Filling up the DagBag from /opt/airflow/dags/crawl_crypto_prices.py
[2026-03-19T08:03:19.510+0000] {processor.py:840} INFO - DAG(s) 'crawl_crypto_prices' retrieved from /opt/airflow/dags/crawl_crypto_prices.py
[2026-03-19T08:03:19.533+0000] {logging_mixin.py:188} INFO - [2026-03-19T08:03:19.533+0000] {dag.py:3036} INFO - Sync 1 DAGs
[2026-03-19T08:03:19.552+0000] {logging_mixin.py:188} INFO - [2026-03-19T08:03:19.552+0000] {dag.py:3823} INFO - Setting next_dagrun for crawl_crypto_prices to 2026-03-19 08:00:00+00:00, run_after=2026-03-19 09:00:00+00:00
[2026-03-19T08:03:19.565+0000] {processor.py:183} INFO - Processing /opt/airflow/dags/crawl_crypto_prices.py took 0.069 seconds
[2026-03-19T08:03:49.761+0000] {processor.py:161} INFO - Started process (PID=1006) to work on /opt/airflow/dags/crawl_crypto_prices.py
[2026-03-19T08:03:49.762+0000] {processor.py:830} INFO - Processing file /opt/airflow/dags/crawl_crypto_prices.py for tasks to queue
[2026-03-19T08:03:49.763+0000] {logging_mixin.py:188} INFO - [2026-03-19T08:03:49.763+0000] {dagbag.py:538} INFO - Filling up the DagBag from /opt/airflow/dags/crawl_crypto_prices.py
[2026-03-19T08:03:49.773+0000] {processor.py:840} INFO - DAG(s) 'crawl_crypto_prices' retrieved from /opt/airflow/dags/crawl_crypto_prices.py
[2026-03-19T08:03:49.791+0000] {logging_mixin.py:188} INFO - [2026-03-19T08:03:49.791+0000] {dag.py:3036} INFO - Sync 1 DAGs
[2026-03-19T08:03:49.800+0000] {logging_mixin.py:188} INFO - [2026-03-19T08:03:49.800+0000] {dag.py:3823} INFO - Setting next_dagrun for crawl_crypto_prices to 2026-03-19 08:00:00+00:00, run_after=2026-03-19 09:00:00+00:00
[2026-03-19T08:03:49.807+0000] {processor.py:183} INFO - Processing /opt/airflow/dags/crawl_crypto_prices.py took 0.048 seconds
[2026-03-19T08:04:20.111+0000] {processor.py:161} INFO - Started process (PID=1011) to work on /opt/airflow/dags/crawl_crypto_prices.py
[2026-03-19T08:04:20.113+0000] {processor.py:830} INFO - Processing file /opt/airflow/dags/crawl_crypto_prices.py for tasks to queue
[2026-03-19T08:04:20.114+0000] {logging_mixin.py:188} INFO - [2026-03-19T08:04:20.113+0000] {dagbag.py:538} INFO - Filling up the DagBag from /opt/airflow/dags/crawl_crypto_prices.py
[2026-03-19T08:04:20.126+0000] {processor.py:840} INFO - DAG(s) 'crawl_crypto_prices' retrieved from /opt/airflow/dags/crawl_crypto_prices.py
[2026-03-19T08:04:20.145+0000] {logging_mixin.py:188} INFO - [2026-03-19T08:04:20.145+0000] {dag.py:3036} INFO - Sync 1 DAGs
[2026-03-19T08:04:20.155+0000] {logging_mixin.py:188} INFO - [2026-03-19T08:04:20.155+0000] {dag.py:3823} INFO - Setting next_dagrun for crawl_crypto_prices to 2026-03-19 08:00:00+00:00, run_after=2026-03-19 09:00:00+00:00
[2026-03-19T08:04:20.162+0000] {processor.py:183} INFO - Processing /opt/airflow/dags/crawl_crypto_prices.py took 0.054 seconds
[2026-03-19T08:04:50.435+0000] {processor.py:161} INFO - Started process (PID=1016) to work on /opt/airflow/dags/crawl_crypto_prices.py
[2026-03-19T08:04:50.436+0000] {processor.py:830} INFO - Processing file /opt/airflow/dags/crawl_crypto_prices.py for tasks to queue
[2026-03-19T08:04:50.437+0000] {logging_mixin.py:188} INFO - [2026-03-19T08:04:50.437+0000] {dagbag.py:538} INFO - Filling up the DagBag from /opt/airflow/dags/crawl_crypto_prices.py
[2026-03-19T08:04:50.447+0000] {processor.py:840} INFO - DAG(s) 'crawl_crypto_prices' retrieved from /opt/airflow/dags/crawl_crypto_prices.py
[2026-03-19T08:04:50.465+0000] {logging_mixin.py:188} INFO - [2026-03-19T08:04:50.465+0000] {dag.py:3036} INFO - Sync 1 DAGs
[2026-03-19T08:04:50.475+0000] {logging_mixin.py:188} INFO - [2026-03-19T08:04:50.475+0000] {dag.py:3823} INFO - Setting next_dagrun for crawl_crypto_prices to 2026-03-19 08:00:00+00:00, run_after=2026-03-19 09:00:00+00:00
[2026-03-19T08:04:50.481+0000] {processor.py:183} INFO - Processing /opt/airflow/dags/crawl_crypto_prices.py took 0.050 seconds
[2026-03-19T08:05:20.723+0000] {processor.py:161} INFO - Started process (PID=1021) to work on /opt/airflow/dags/crawl_crypto_prices.py
[2026-03-19T08:05:20.724+0000] {processor.py:830} INFO - Processing file /opt/airflow/dags/crawl_crypto_prices.py for tasks to queue
[2026-03-19T08:05:20.724+0000] {logging_mixin.py:188} INFO - [2026-03-19T08:05:20.724+0000] {dagbag.py:538} INFO - Filling up the DagBag from /opt/airflow/dags/crawl_crypto_prices.py
[2026-03-19T08:05:20.735+0000] {processor.py:840} INFO - DAG(s) 'crawl_crypto_prices' retrieved from /opt/airflow/dags/crawl_crypto_prices.py
[2026-03-19T08:05:20.753+0000] {logging_mixin.py:188} INFO - [2026-03-19T08:05:20.753+0000] {dag.py:3036} INFO - Sync 1 DAGs
[2026-03-19T08:05:20.763+0000] {logging_mixin.py:188} INFO - [2026-03-19T08:05:20.763+0000] {dag.py:3823} INFO - Setting next_dagrun for crawl_crypto_prices to 2026-03-19 08:00:00+00:00, run_after=2026-03-19 09:00:00+00:00
[2026-03-19T08:05:20.769+0000] {processor.py:183} INFO - Processing /opt/airflow/dags/crawl_crypto_prices.py took 0.050 seconds
[2026-03-19T08:05:51.019+0000] {processor.py:161} INFO - Started process (PID=1026) to work on /opt/airflow/dags/crawl_crypto_prices.py
[2026-03-19T08:05:51.020+0000] {processor.py:830} INFO - Processing file /opt/airflow/dags/crawl_crypto_prices.py for tasks to queue
[2026-03-19T08:05:51.021+0000] {logging_mixin.py:188} INFO - [2026-03-19T08:05:51.020+0000] {dagbag.py:538} INFO - Filling up the DagBag from /opt/airflow/dags/crawl_crypto_prices.py
[2026-03-19T08:05:51.032+0000] {processor.py:840} INFO - DAG(s) 'crawl_crypto_prices' retrieved from /opt/airflow/dags/crawl_crypto_prices.py
[2026-03-19T08:05:51.050+0000] {logging_mixin.py:188} INFO - [2026-03-19T08:05:51.050+0000] {dag.py:3036} INFO - Sync 1 DAGs
[2026-03-19T08:05:51.060+0000] {logging_mixin.py:188} INFO - [2026-03-19T08:05:51.060+0000] {dag.py:3823} INFO - Setting next_dagrun for crawl_crypto_prices to 2026-03-19 08:00:00+00:00, run_after=2026-03-19 09:00:00+00:00
[2026-03-19T08:05:51.066+0000] {processor.py:183} INFO - Processing /opt/airflow/dags/crawl_crypto_prices.py took 0.052 seconds
[2026-03-19T08:06:21.333+0000] {processor.py:161} INFO - Started process (PID=1031) to work on /opt/airflow/dags/crawl_crypto_prices.py
[2026-03-19T08:06:21.334+0000] {processor.py:830} INFO - Processing file /opt/airflow/dags/crawl_crypto_prices.py for tasks to queue
[2026-03-19T08:06:21.334+0000] {logging_mixin.py:188} INFO - [2026-03-19T08:06:21.334+0000] {dagbag.py:538} INFO - Filling up the DagBag from /opt/airflow/dags/crawl_crypto_prices.py
[2026-03-19T08:06:21.345+0000] {processor.py:840} INFO - DAG(s) 'crawl_crypto_prices' retrieved from /opt/airflow/dags/crawl_crypto_prices.py
[2026-03-19T08:06:21.364+0000] {logging_mixin.py:188} INFO - [2026-03-19T08:06:21.364+0000] {dag.py:3036} INFO - Sync 1 DAGs
[2026-03-19T08:06:21.373+0000] {logging_mixin.py:188} INFO - [2026-03-19T08:06:21.373+0000] {dag.py:3823} INFO - Setting next_dagrun for crawl_crypto_prices to 2026-03-19 08:00:00+00:00, run_after=2026-03-19 09:00:00+00:00
[2026-03-19T08:06:21.379+0000] {processor.py:183} INFO - Processing /opt/airflow/dags/crawl_crypto_prices.py took 0.049 seconds
[2026-03-19T08:06:51.680+0000] {processor.py:161} INFO - Started process (PID=1036) to work on /opt/airflow/dags/crawl_crypto_prices.py
[2026-03-19T08:06:51.681+0000] {processor.py:830} INFO - Processing file /opt/airflow/dags/crawl_crypto_prices.py for tasks to queue
[2026-03-19T08:06:51.682+0000] {logging_mixin.py:188} INFO - [2026-03-19T08:06:51.681+0000] {dagbag.py:538} INFO - Filling up the DagBag from /opt/airflow/dags/crawl_crypto_prices.py
[2026-03-19T08:06:51.692+0000] {processor.py:840} INFO - DAG(s) 'crawl_crypto_prices' retrieved from /opt/airflow/dags/crawl_crypto_prices.py
[2026-03-19T08:06:51.710+0000] {logging_mixin.py:188} INFO - [2026-03-19T08:06:51.710+0000] {dag.py:3036} INFO - Sync 1 DAGs
[2026-03-19T08:06:51.721+0000] {logging_mixin.py:188} INFO - [2026-03-19T08:06:51.721+0000] {dag.py:3823} INFO - Setting next_dagrun for crawl_crypto_prices to 2026-03-19 08:00:00+00:00, run_after=2026-03-19 09:00:00+00:00
[2026-03-19T08:06:51.727+0000] {processor.py:183} INFO - Processing /opt/airflow/dags/crawl_crypto_prices.py took 0.050 seconds
[2026-03-19T08:07:22.004+0000] {processor.py:161} INFO - Started process (PID=1041) to work on /opt/airflow/dags/crawl_crypto_prices.py
[2026-03-19T08:07:22.004+0000] {processor.py:830} INFO - Processing file /opt/airflow/dags/crawl_crypto_prices.py for tasks to queue
[2026-03-19T08:07:22.005+0000] {logging_mixin.py:188} INFO - [2026-03-19T08:07:22.005+0000] {dagbag.py:538} INFO - Filling up the DagBag from /opt/airflow/dags/crawl_crypto_prices.py
[2026-03-19T08:07:22.015+0000] {processor.py:840} INFO - DAG(s) 'crawl_crypto_prices' retrieved from /opt/airflow/dags/crawl_crypto_prices.py
[2026-03-19T08:07:22.033+0000] {logging_mixin.py:188} INFO - [2026-03-19T08:07:22.033+0000] {dag.py:3036} INFO - Sync 1 DAGs
[2026-03-19T08:07:22.043+0000] {logging_mixin.py:188} INFO - [2026-03-19T08:07:22.043+0000] {dag.py:3823} INFO - Setting next_dagrun for crawl_crypto_prices to 2026-03-19 08:00:00+00:00, run_after=2026-03-19 09:00:00+00:00
[2026-03-19T08:07:22.049+0000] {processor.py:183} INFO - Processing /opt/airflow/dags/crawl_crypto_prices.py took 0.049 seconds
[2026-03-19T08:07:52.343+0000] {processor.py:161} INFO - Started process (PID=1046) to work on /opt/airflow/dags/crawl_crypto_prices.py
[2026-03-19T08:07:52.344+0000] {processor.py:830} INFO - Processing file /opt/airflow/dags/crawl_crypto_prices.py for tasks to queue
[2026-03-19T08:07:52.345+0000] {logging_mixin.py:188} INFO - [2026-03-19T08:07:52.345+0000] {dagbag.py:538} INFO - Filling up the DagBag from /opt/airflow/dags/crawl_crypto_prices.py
[2026-03-19T08:07:52.356+0000] {processor.py:840} INFO - DAG(s) 'crawl_crypto_prices' retrieved from /opt/airflow/dags/crawl_crypto_prices.py
[2026-03-19T08:07:52.376+0000] {logging_mixin.py:188} INFO - [2026-03-19T08:07:52.376+0000] {dag.py:3036} INFO - Sync 1 DAGs
[2026-03-19T08:07:52.387+0000] {logging_mixin.py:188} INFO - [2026-03-19T08:07:52.387+0000] {dag.py:3823} INFO - Setting next_dagrun for crawl_crypto_prices to 2026-03-19 08:00:00+00:00, run_after=2026-03-19 09:00:00+00:00
[2026-03-19T08:07:52.394+0000] {processor.py:183} INFO - Processing /opt/airflow/dags/crawl_crypto_prices.py took 0.054 seconds
[2026-03-19T08:08:23.419+0000] {processor.py:161} INFO - Started process (PID=1051) to work on /opt/airflow/dags/crawl_crypto_prices.py
[2026-03-19T08:08:23.420+0000] {processor.py:830} INFO - Processing file /opt/airflow/dags/crawl_crypto_prices.py for tasks to queue
[2026-03-19T08:08:23.420+0000] {logging_mixin.py:188} INFO - [2026-03-19T08:08:23.420+0000] {dagbag.py:538} INFO - Filling up the DagBag from /opt/airflow/dags/crawl_crypto_prices.py
[2026-03-19T08:08:23.431+0000] {processor.py:840} INFO - DAG(s) 'crawl_crypto_prices' retrieved from /opt/airflow/dags/crawl_crypto_prices.py
[2026-03-19T08:08:23.450+0000] {logging_mixin.py:188} INFO - [2026-03-19T08:08:23.450+0000] {dag.py:3036} INFO - Sync 1 DAGs
[2026-03-19T08:08:23.460+0000] {logging_mixin.py:188} INFO - [2026-03-19T08:08:23.460+0000] {dag.py:3823} INFO - Setting next_dagrun for crawl_crypto_prices to 2026-03-19 08:00:00+00:00, run_after=2026-03-19 09:00:00+00:00
[2026-03-19T08:08:23.466+0000] {processor.py:183} INFO - Processing /opt/airflow/dags/crawl_crypto_prices.py took 0.051 seconds
[2026-03-19T08:08:53.748+0000] {processor.py:161} INFO - Started process (PID=1056) to work on /opt/airflow/dags/crawl_crypto_prices.py
[2026-03-19T08:08:53.750+0000] {processor.py:830} INFO - Processing file /opt/airflow/dags/crawl_crypto_prices.py for tasks to queue
[2026-03-19T08:08:53.751+0000] {logging_mixin.py:188} INFO - [2026-03-19T08:08:53.750+0000] {dagbag.py:538} INFO - Filling up the DagBag from /opt/airflow/dags/crawl_crypto_prices.py
[2026-03-19T08:08:53.763+0000] {processor.py:840} INFO - DAG(s) 'crawl_crypto_prices' retrieved from /opt/airflow/dags/crawl_crypto_prices.py
[2026-03-19T08:08:53.783+0000] {logging_mixin.py:188} INFO - [2026-03-19T08:08:53.783+0000] {dag.py:3036} INFO - Sync 1 DAGs
[2026-03-19T08:08:53.793+0000] {logging_mixin.py:188} INFO - [2026-03-19T08:08:53.793+0000] {dag.py:3823} INFO - Setting next_dagrun for crawl_crypto_prices to 2026-03-19 08:00:00+00:00, run_after=2026-03-19 09:00:00+00:00
[2026-03-19T08:08:53.800+0000] {processor.py:183} INFO - Processing /opt/airflow/dags/crawl_crypto_prices.py took 0.056 seconds
[2026-03-19T08:09:24.063+0000] {processor.py:161} INFO - Started process (PID=1061) to work on /opt/airflow/dags/crawl_crypto_prices.py
[2026-03-19T08:09:24.064+0000] {processor.py:830} INFO - Processing file /opt/airflow/dags/crawl_crypto_prices.py for tasks to queue
[2026-03-19T08:09:24.064+0000] {logging_mixin.py:188} INFO - [2026-03-19T08:09:24.064+0000] {dagbag.py:538} INFO - Filling up the DagBag from /opt/airflow/dags/crawl_crypto_prices.py
[2026-03-19T08:09:24.075+0000] {processor.py:840} INFO - DAG(s) 'crawl_crypto_prices' retrieved from /opt/airflow/dags/crawl_crypto_prices.py
[2026-03-19T08:09:24.090+0000] {logging_mixin.py:188} INFO - [2026-03-19T08:09:24.090+0000] {dag.py:3036} INFO - Sync 1 DAGs
[2026-03-19T08:09:24.100+0000] {logging_mixin.py:188} INFO - [2026-03-19T08:09:24.100+0000] {dag.py:3823} INFO - Setting next_dagrun for crawl_crypto_prices to 2026-03-19 08:00:00+00:00, run_after=2026-03-19 09:00:00+00:00
[2026-03-19T08:09:24.107+0000] {processor.py:183} INFO - Processing /opt/airflow/dags/crawl_crypto_prices.py took 0.047 seconds
[2026-03-19T08:09:54.321+0000] {processor.py:161} INFO - Started process (PID=1066) to work on /opt/airflow/dags/crawl_crypto_prices.py
[2026-03-19T08:09:54.322+0000] {processor.py:830} INFO - Processing file /opt/airflow/dags/crawl_crypto_prices.py for tasks to queue
[2026-03-19T08:09:54.323+0000] {logging_mixin.py:188} INFO - [2026-03-19T08:09:54.323+0000] {dagbag.py:538} INFO - Filling up the DagBag from /opt/airflow/dags/crawl_crypto_prices.py
[2026-03-19T08:09:54.334+0000] {processor.py:840} INFO - DAG(s) 'crawl_crypto_prices' retrieved from /opt/airflow/dags/crawl_crypto_prices.py
[2026-03-19T08:09:54.360+0000] {logging_mixin.py:188} INFO - [2026-03-19T08:09:54.360+0000] {dag.py:3036} INFO - Sync 1 DAGs
[2026-03-19T08:09:54.372+0000] {logging_mixin.py:188} INFO - [2026-03-19T08:09:54.372+0000] {dag.py:3823} INFO - Setting next_dagrun for crawl_crypto_prices to 2026-03-19 08:00:00+00:00, run_after=2026-03-19 09:00:00+00:00
[2026-03-19T08:09:54.378+0000] {processor.py:183} INFO - Processing /opt/airflow/dags/crawl_crypto_prices.py took 0.060 seconds
[2026-03-19T08:10:24.637+0000] {processor.py:161} INFO - Started process (PID=1071) to work on /opt/airflow/dags/crawl_crypto_prices.py
[2026-03-19T08:10:24.638+0000] {processor.py:830} INFO - Processing file /opt/airflow/dags/crawl_crypto_prices.py for tasks to queue
[2026-03-19T08:10:24.639+0000] {logging_mixin.py:188} INFO - [2026-03-19T08:10:24.638+0000] {dagbag.py:538} INFO - Filling up the DagBag from /opt/airflow/dags/crawl_crypto_prices.py
[2026-03-19T08:10:24.650+0000] {processor.py:840} INFO - DAG(s) 'crawl_crypto_prices' retrieved from /opt/airflow/dags/crawl_crypto_prices.py
[2026-03-19T08:10:24.670+0000] {logging_mixin.py:188} INFO - [2026-03-19T08:10:24.670+0000] {dag.py:3036} INFO - Sync 1 DAGs
[2026-03-19T08:10:24.681+0000] {logging_mixin.py:188} INFO - [2026-03-19T08:10:24.681+0000] {dag.py:3823} INFO - Setting next_dagrun for crawl_crypto_prices to 2026-03-19 08:00:00+00:00, run_after=2026-03-19 09:00:00+00:00
[2026-03-19T08:10:24.687+0000] {processor.py:183} INFO - Processing /opt/airflow/dags/crawl_crypto_prices.py took 0.054 seconds
[2026-03-19T08:10:54.962+0000] {processor.py:161} INFO - Started process (PID=1076) to work on /opt/airflow/dags/crawl_crypto_prices.py
[2026-03-19T08:10:54.963+0000] {processor.py:830} INFO - Processing file /opt/airflow/dags/crawl_crypto_prices.py for tasks to queue
[2026-03-19T08:10:54.964+0000] {logging_mixin.py:188} INFO - [2026-03-19T08:10:54.964+0000] {dagbag.py:538} INFO - Filling up the DagBag from /opt/airflow/dags/crawl_crypto_prices.py
[2026-03-19T08:10:54.974+0000] {processor.py:840} INFO - DAG(s) 'crawl_crypto_prices' retrieved from /opt/airflow/dags/crawl_crypto_prices.py
[2026-03-19T08:10:54.991+0000] {logging_mixin.py:188} INFO - [2026-03-19T08:10:54.991+0000] {dag.py:3036} INFO - Sync 1 DAGs
[2026-03-19T08:10:55.001+0000] {logging_mixin.py:188} INFO - [2026-03-19T08:10:55.001+0000] {dag.py:3823} INFO - Setting next_dagrun for crawl_crypto_prices to 2026-03-19 08:00:00+00:00, run_after=2026-03-19 09:00:00+00:00
[2026-03-19T08:10:55.007+0000] {processor.py:183} INFO - Processing /opt/airflow/dags/crawl_crypto_prices.py took 0.048 seconds
[2026-03-19T08:11:25.269+0000] {processor.py:161} INFO - Started process (PID=1081) to work on /opt/airflow/dags/crawl_crypto_prices.py
[2026-03-19T08:11:25.270+0000] {processor.py:830} INFO - Processing file /opt/airflow/dags/crawl_crypto_prices.py for tasks to queue
[2026-03-19T08:11:25.271+0000] {logging_mixin.py:188} INFO - [2026-03-19T08:11:25.271+0000] {dagbag.py:538} INFO - Filling up the DagBag from /opt/airflow/dags/crawl_crypto_prices.py
[2026-03-19T08:11:25.283+0000] {processor.py:840} INFO - DAG(s) 'crawl_crypto_prices' retrieved from /opt/airflow/dags/crawl_crypto_prices.py
[2026-03-19T08:11:25.301+0000] {logging_mixin.py:188} INFO - [2026-03-19T08:11:25.301+0000] {dag.py:3036} INFO - Sync 1 DAGs
[2026-03-19T08:11:25.311+0000] {logging_mixin.py:188} INFO - [2026-03-19T08:11:25.311+0000] {dag.py:3823} INFO - Setting next_dagrun for crawl_crypto_prices to 2026-03-19 08:00:00+00:00, run_after=2026-03-19 09:00:00+00:00
[2026-03-19T08:11:25.317+0000] {processor.py:183} INFO - Processing /opt/airflow/dags/crawl_crypto_prices.py took 0.051 seconds
[2026-03-19T08:11:55.560+0000] {processor.py:161} INFO - Started process (PID=1086) to work on /opt/airflow/dags/crawl_crypto_prices.py
[2026-03-19T08:11:55.560+0000] {processor.py:830} INFO - Processing file /opt/airflow/dags/crawl_crypto_prices.py for tasks to queue
[2026-03-19T08:11:55.561+0000] {logging_mixin.py:188} INFO - [2026-03-19T08:11:55.561+0000] {dagbag.py:538} INFO - Filling up the DagBag from /opt/airflow/dags/crawl_crypto_prices.py
[2026-03-19T08:11:55.568+0000] {processor.py:840} INFO - DAG(s) 'crawl_crypto_prices' retrieved from /opt/airflow/dags/crawl_crypto_prices.py
[2026-03-19T08:11:55.581+0000] {logging_mixin.py:188} INFO - [2026-03-19T08:11:55.581+0000] {dag.py:3036} INFO - Sync 1 DAGs
[2026-03-19T08:11:55.590+0000] {logging_mixin.py:188} INFO - [2026-03-19T08:11:55.590+0000] {dag.py:3823} INFO - Setting next_dagrun for crawl_crypto_prices to 2026-03-19 08:00:00+00:00, run_after=2026-03-19 09:00:00+00:00
[2026-03-19T08:11:55.596+0000] {processor.py:183} INFO - Processing /opt/airflow/dags/crawl_crypto_prices.py took 0.038 seconds
[2026-03-19T08:12:25.930+0000] {processor.py:161} INFO - Started process (PID=1091) to work on /opt/airflow/dags/crawl_crypto_prices.py
[2026-03-19T08:12:25.931+0000] {processor.py:830} INFO - Processing file /opt/airflow/dags/crawl_crypto_prices.py for tasks to queue
[2026-03-19T08:12:25.932+0000] {logging_mixin.py:188} INFO - [2026-03-19T08:12:25.932+0000] {dagbag.py:538} INFO - Filling up the DagBag from /opt/airflow/dags/crawl_crypto_prices.py
[2026-03-19T08:12:25.942+0000] {processor.py:840} INFO - DAG(s) 'crawl_crypto_prices' retrieved from /opt/airflow/dags/crawl_crypto_prices.py
[2026-03-19T08:12:25.961+0000] {logging_mixin.py:188} INFO - [2026-03-19T08:12:25.961+0000] {dag.py:3036} INFO - Sync 1 DAGs
[2026-03-19T08:12:25.971+0000] {logging_mixin.py:188} INFO - [2026-03-19T08:12:25.971+0000] {dag.py:3823} INFO - Setting next_dagrun for crawl_crypto_prices to 2026-03-19 08:00:00+00:00, run_after=2026-03-19 09:00:00+00:00
[2026-03-19T08:12:25.977+0000] {processor.py:183} INFO - Processing /opt/airflow/dags/crawl_crypto_prices.py took 0.051 seconds
[2026-03-19T08:12:56.266+0000] {processor.py:161} INFO - Started process (PID=1096) to work on /opt/airflow/dags/crawl_crypto_prices.py
[2026-03-19T08:12:56.267+0000] {processor.py:830} INFO - Processing file /opt/airflow/dags/crawl_crypto_prices.py for tasks to queue
[2026-03-19T08:12:56.268+0000] {logging_mixin.py:188} INFO - [2026-03-19T08:12:56.268+0000] {dagbag.py:538} INFO - Filling up the DagBag from /opt/airflow/dags/crawl_crypto_prices.py
[2026-03-19T08:12:56.280+0000] {processor.py:840} INFO - DAG(s) 'crawl_crypto_prices' retrieved from /opt/airflow/dags/crawl_crypto_prices.py
[2026-03-19T08:12:56.301+0000] {logging_mixin.py:188} INFO - [2026-03-19T08:12:56.301+0000] {dag.py:3036} INFO - Sync 1 DAGs
[2026-03-19T08:12:56.311+0000] {logging_mixin.py:188} INFO - [2026-03-19T08:12:56.311+0000] {dag.py:3823} INFO - Setting next_dagrun for crawl_crypto_prices to 2026-03-19 08:00:00+00:00, run_after=2026-03-19 09:00:00+00:00
[2026-03-19T08:12:56.318+0000] {processor.py:183} INFO - Processing /opt/airflow/dags/crawl_crypto_prices.py took 0.056 seconds
[2026-03-19T08:13:26.604+0000] {processor.py:161} INFO - Started process (PID=1101) to work on /opt/airflow/dags/crawl_crypto_prices.py
[2026-03-19T08:13:26.606+0000] {processor.py:830} INFO - Processing file /opt/airflow/dags/crawl_crypto_prices.py for tasks to queue
[2026-03-19T08:13:26.607+0000] {logging_mixin.py:188} INFO - [2026-03-19T08:13:26.606+0000] {dagbag.py:538} INFO - Filling up the DagBag from /opt/airflow/dags/crawl_crypto_prices.py
[2026-03-19T08:13:26.618+0000] {processor.py:840} INFO - DAG(s) 'crawl_crypto_prices' retrieved from /opt/airflow/dags/crawl_crypto_prices.py
[2026-03-19T08:13:26.636+0000] {logging_mixin.py:188} INFO - [2026-03-19T08:13:26.636+0000] {dag.py:3036} INFO - Sync 1 DAGs
[2026-03-19T08:13:26.646+0000] {logging_mixin.py:188} INFO - [2026-03-19T08:13:26.646+0000] {dag.py:3823} INFO - Setting next_dagrun for crawl_crypto_prices to 2026-03-19 08:00:00+00:00, run_after=2026-03-19 09:00:00+00:00
[2026-03-19T08:13:26.652+0000] {processor.py:183} INFO - Processing /opt/airflow/dags/crawl_crypto_prices.py took 0.052 seconds
[2026-03-19T08:13:56.931+0000] {processor.py:161} INFO - Started process (PID=1106) to work on /opt/airflow/dags/crawl_crypto_prices.py
[2026-03-19T08:13:56.932+0000] {processor.py:830} INFO - Processing file /opt/airflow/dags/crawl_crypto_prices.py for tasks to queue
[2026-03-19T08:13:56.933+0000] {logging_mixin.py:188} INFO - [2026-03-19T08:13:56.933+0000] {dagbag.py:538} INFO - Filling up the DagBag from /opt/airflow/dags/crawl_crypto_prices.py
[2026-03-19T08:13:56.943+0000] {processor.py:840} INFO - DAG(s) 'crawl_crypto_prices' retrieved from /opt/airflow/dags/crawl_crypto_prices.py
[2026-03-19T08:13:56.964+0000] {logging_mixin.py:188} INFO - [2026-03-19T08:13:56.964+0000] {dag.py:3036} INFO - Sync 1 DAGs
[2026-03-19T08:13:56.976+0000] {logging_mixin.py:188} INFO - [2026-03-19T08:13:56.976+0000] {dag.py:3823} INFO - Setting next_dagrun for crawl_crypto_prices to 2026-03-19 08:00:00+00:00, run_after=2026-03-19 09:00:00+00:00
[2026-03-19T08:13:56.982+0000] {processor.py:183} INFO - Processing /opt/airflow/dags/crawl_crypto_prices.py took 0.055 seconds
[2026-03-19T08:14:30.322+0000] {processor.py:161} INFO - Started process (PID=1111) to work on /opt/airflow/dags/crawl_crypto_prices.py
[2026-03-19T08:14:30.323+0000] {processor.py:830} INFO - Processing file /opt/airflow/dags/crawl_crypto_prices.py for tasks to queue
[2026-03-19T08:14:30.323+0000] {logging_mixin.py:188} INFO - [2026-03-19T08:14:30.323+0000] {dagbag.py:538} INFO - Filling up the DagBag from /opt/airflow/dags/crawl_crypto_prices.py
[2026-03-19T08:14:30.332+0000] {processor.py:840} INFO - DAG(s) 'crawl_crypto_prices' retrieved from /opt/airflow/dags/crawl_crypto_prices.py
[2026-03-19T08:14:30.350+0000] {logging_mixin.py:188} INFO - [2026-03-19T08:14:30.350+0000] {dag.py:3036} INFO - Sync 1 DAGs
[2026-03-19T08:14:30.361+0000] {logging_mixin.py:188} INFO - [2026-03-19T08:14:30.361+0000] {dag.py:3823} INFO - Setting next_dagrun for crawl_crypto_prices to 2026-03-19 08:00:00+00:00, run_after=2026-03-19 09:00:00+00:00
[2026-03-19T08:14:30.368+0000] {processor.py:183} INFO - Processing /opt/airflow/dags/crawl_crypto_prices.py took 0.048 seconds
[2026-03-19T08:15:00.652+0000] {processor.py:161} INFO - Started process (PID=1116) to work on /opt/airflow/dags/crawl_crypto_prices.py
[2026-03-19T08:15:00.653+0000] {processor.py:830} INFO - Processing file /opt/airflow/dags/crawl_crypto_prices.py for tasks to queue
[2026-03-19T08:15:00.654+0000] {logging_mixin.py:188} INFO - [2026-03-19T08:15:00.653+0000] {dagbag.py:538} INFO - Filling up the DagBag from /opt/airflow/dags/crawl_crypto_prices.py
[2026-03-19T08:15:00.665+0000] {processor.py:840} INFO - DAG(s) 'crawl_crypto_prices' retrieved from /opt/airflow/dags/crawl_crypto_prices.py
[2026-03-19T08:15:00.685+0000] {logging_mixin.py:188} INFO - [2026-03-19T08:15:00.684+0000] {dag.py:3036} INFO - Sync 1 DAGs
[2026-03-19T08:15:00.696+0000] {logging_mixin.py:188} INFO - [2026-03-19T08:15:00.696+0000] {dag.py:3823} INFO - Setting next_dagrun for crawl_crypto_prices to 2026-03-19 08:00:00+00:00, run_after=2026-03-19 09:00:00+00:00
[2026-03-19T08:15:00.702+0000] {processor.py:183} INFO - Processing /opt/airflow/dags/crawl_crypto_prices.py took 0.054 seconds
[2026-03-19T08:15:30.960+0000] {processor.py:161} INFO - Started process (PID=1121) to work on /opt/airflow/dags/crawl_crypto_prices.py
[2026-03-19T08:15:30.961+0000] {processor.py:830} INFO - Processing file /opt/airflow/dags/crawl_crypto_prices.py for tasks to queue
[2026-03-19T08:15:30.961+0000] {logging_mixin.py:188} INFO - [2026-03-19T08:15:30.961+0000] {dagbag.py:538} INFO - Filling up the DagBag from /opt/airflow/dags/crawl_crypto_prices.py
[2026-03-19T08:15:30.966+0000] {processor.py:840} INFO - DAG(s) 'crawl_crypto_prices' retrieved from /opt/airflow/dags/crawl_crypto_prices.py
[2026-03-19T08:15:30.977+0000] {logging_mixin.py:188} INFO - [2026-03-19T08:15:30.977+0000] {dag.py:3036} INFO - Sync 1 DAGs
[2026-03-19T08:15:30.986+0000] {logging_mixin.py:188} INFO - [2026-03-19T08:15:30.986+0000] {dag.py:3823} INFO - Setting next_dagrun for crawl_crypto_prices to 2026-03-19 08:00:00+00:00, run_after=2026-03-19 09:00:00+00:00
[2026-03-19T08:15:30.992+0000] {processor.py:183} INFO - Processing /opt/airflow/dags/crawl_crypto_prices.py took 0.033 seconds
[2026-03-19T08:16:01.285+0000] {processor.py:161} INFO - Started process (PID=1126) to work on /opt/airflow/dags/crawl_crypto_prices.py
[2026-03-19T08:16:01.286+0000] {processor.py:830} INFO - Processing file /opt/airflow/dags/crawl_crypto_prices.py for tasks to queue
[2026-03-19T08:16:01.286+0000] {logging_mixin.py:188} INFO - [2026-03-19T08:16:01.286+0000] {dagbag.py:538} INFO - Filling up the DagBag from /opt/airflow/dags/crawl_crypto_prices.py
[2026-03-19T08:16:01.297+0000] {processor.py:840} INFO - DAG(s) 'crawl_crypto_prices' retrieved from /opt/airflow/dags/crawl_crypto_prices.py
[2026-03-19T08:16:01.312+0000] {logging_mixin.py:188} INFO - [2026-03-19T08:16:01.312+0000] {dag.py:3036} INFO - Sync 1 DAGs
[2026-03-19T08:16:01.322+0000] {logging_mixin.py:188} INFO - [2026-03-19T08:16:01.322+0000] {dag.py:3823} INFO - Setting next_dagrun for crawl_crypto_prices to 2026-03-19 08:00:00+00:00, run_after=2026-03-19 09:00:00+00:00
[2026-03-19T08:16:01.328+0000] {processor.py:183} INFO - Processing /opt/airflow/dags/crawl_crypto_prices.py took 0.047 seconds
[2026-03-19T08:16:31.572+0000] {processor.py:161} INFO - Started process (PID=1131) to work on /opt/airflow/dags/crawl_crypto_prices.py
[2026-03-19T08:16:31.573+0000] {processor.py:830} INFO - Processing file /opt/airflow/dags/crawl_crypto_prices.py for tasks to queue
[2026-03-19T08:16:31.573+0000] {logging_mixin.py:188} INFO - [2026-03-19T08:16:31.573+0000] {dagbag.py:538} INFO - Filling up the DagBag from /opt/airflow/dags/crawl_crypto_prices.py
[2026-03-19T08:16:31.582+0000] {processor.py:840} INFO - DAG(s) 'crawl_crypto_prices' retrieved from /opt/airflow/dags/crawl_crypto_prices.py
[2026-03-19T08:16:31.596+0000] {logging_mixin.py:188} INFO - [2026-03-19T08:16:31.596+0000] {dag.py:3036} INFO - Sync 1 DAGs
[2026-03-19T08:16:31.606+0000] {logging_mixin.py:188} INFO - [2026-03-19T08:16:31.606+0000] {dag.py:3823} INFO - Setting next_dagrun for crawl_crypto_prices to 2026-03-19 08:00:00+00:00, run_after=2026-03-19 09:00:00+00:00
[2026-03-19T08:16:31.612+0000] {processor.py:183} INFO - Processing /opt/airflow/dags/crawl_crypto_prices.py took 0.044 seconds
[2026-03-19T08:17:01.852+0000] {processor.py:161} INFO - Started process (PID=1136) to work on /opt/airflow/dags/crawl_crypto_prices.py
[2026-03-19T08:17:01.853+0000] {processor.py:830} INFO - Processing file /opt/airflow/dags/crawl_crypto_prices.py for tasks to queue
[2026-03-19T08:17:01.853+0000] {logging_mixin.py:188} INFO - [2026-03-19T08:17:01.853+0000] {dagbag.py:538} INFO - Filling up the DagBag from /opt/airflow/dags/crawl_crypto_prices.py
[2026-03-19T08:17:01.864+0000] {processor.py:840} INFO - DAG(s) 'crawl_crypto_prices' retrieved from /opt/airflow/dags/crawl_crypto_prices.py
[2026-03-19T08:17:01.882+0000] {logging_mixin.py:188} INFO - [2026-03-19T08:17:01.882+0000] {dag.py:3036} INFO - Sync 1 DAGs
[2026-03-19T08:17:01.892+0000] {logging_mixin.py:188} INFO - [2026-03-19T08:17:01.892+0000] {dag.py:3823} INFO - Setting next_dagrun for crawl_crypto_prices to 2026-03-19 08:00:00+00:00, run_after=2026-03-19 09:00:00+00:00
[2026-03-19T08:17:01.898+0000] {processor.py:183} INFO - Processing /opt/airflow/dags/crawl_crypto_prices.py took 0.050 seconds
[2026-03-19T08:17:32.104+0000] {processor.py:161} INFO - Started process (PID=1141) to work on /opt/airflow/dags/crawl_crypto_prices.py
[2026-03-19T08:17:32.105+0000] {processor.py:830} INFO - Processing file /opt/airflow/dags/crawl_crypto_prices.py for tasks to queue
[2026-03-19T08:17:32.105+0000] {logging_mixin.py:188} INFO - [2026-03-19T08:17:32.105+0000] {dagbag.py:538} INFO - Filling up the DagBag from /opt/airflow/dags/crawl_crypto_prices.py
[2026-03-19T08:17:32.114+0000] {processor.py:840} INFO - DAG(s) 'crawl_crypto_prices' retrieved from /opt/airflow/dags/crawl_crypto_prices.py
[2026-03-19T08:17:32.131+0000] {logging_mixin.py:188} INFO - [2026-03-19T08:17:32.131+0000] {dag.py:3036} INFO - Sync 1 DAGs
[2026-03-19T08:17:32.140+0000] {logging_mixin.py:188} INFO - [2026-03-19T08:17:32.140+0000] {dag.py:3823} INFO - Setting next_dagrun for crawl_crypto_prices to 2026-03-19 08:00:00+00:00, run_after=2026-03-19 09:00:00+00:00
[2026-03-19T08:17:32.146+0000] {processor.py:183} INFO - Processing /opt/airflow/dags/crawl_crypto_prices.py took 0.045 seconds
[2026-03-19T08:18:02.424+0000] {processor.py:161} INFO - Started process (PID=1146) to work on /opt/airflow/dags/crawl_crypto_prices.py
[2026-03-19T08:18:02.426+0000] {processor.py:830} INFO - Processing file /opt/airflow/dags/crawl_crypto_prices.py for tasks to queue
[2026-03-19T08:18:02.427+0000] {logging_mixin.py:188} INFO - [2026-03-19T08:18:02.426+0000] {dagbag.py:538} INFO - Filling up the DagBag from /opt/airflow/dags/crawl_crypto_prices.py
[2026-03-19T08:18:02.438+0000] {processor.py:840} INFO - DAG(s) 'crawl_crypto_prices' retrieved from /opt/airflow/dags/crawl_crypto_prices.py
[2026-03-19T08:18:02.459+0000] {logging_mixin.py:188} INFO - [2026-03-19T08:18:02.459+0000] {dag.py:3036} INFO - Sync 1 DAGs
[2026-03-19T08:18:02.469+0000] {logging_mixin.py:188} INFO - [2026-03-19T08:18:02.469+0000] {dag.py:3823} INFO - Setting next_dagrun for crawl_crypto_prices to 2026-03-19 08:00:00+00:00, run_after=2026-03-19 09:00:00+00:00
[2026-03-19T08:18:02.476+0000] {processor.py:183} INFO - Processing /opt/airflow/dags/crawl_crypto_prices.py took 0.055 seconds
[2026-03-19T08:18:32.723+0000] {processor.py:161} INFO - Started process (PID=1151) to work on /opt/airflow/dags/crawl_crypto_prices.py
[2026-03-19T08:18:32.724+0000] {processor.py:830} INFO - Processing file /opt/airflow/dags/crawl_crypto_prices.py for tasks to queue
[2026-03-19T08:18:32.724+0000] {logging_mixin.py:188} INFO - [2026-03-19T08:18:32.724+0000] {dagbag.py:538} INFO - Filling up the DagBag from /opt/airflow/dags/crawl_crypto_prices.py
[2026-03-19T08:18:32.735+0000] {processor.py:840} INFO - DAG(s) 'crawl_crypto_prices' retrieved from /opt/airflow/dags/crawl_crypto_prices.py
[2026-03-19T08:18:32.752+0000] {logging_mixin.py:188} INFO - [2026-03-19T08:18:32.752+0000] {dag.py:3036} INFO - Sync 1 DAGs
[2026-03-19T08:18:32.762+0000] {logging_mixin.py:188} INFO - [2026-03-19T08:18:32.762+0000] {dag.py:3823} INFO - Setting next_dagrun for crawl_crypto_prices to 2026-03-19 08:00:00+00:00, run_after=2026-03-19 09:00:00+00:00
[2026-03-19T08:18:32.770+0000] {processor.py:183} INFO - Processing /opt/airflow/dags/crawl_crypto_prices.py took 0.050 seconds
[2026-03-19T08:19:03.021+0000] {processor.py:161} INFO - Started process (PID=1156) to work on /opt/airflow/dags/crawl_crypto_prices.py
[2026-03-19T08:19:03.023+0000] {processor.py:830} INFO - Processing file /opt/airflow/dags/crawl_crypto_prices.py for tasks to queue
[2026-03-19T08:19:03.023+0000] {logging_mixin.py:188} INFO - [2026-03-19T08:19:03.023+0000] {dagbag.py:538} INFO - Filling up the DagBag from /opt/airflow/dags/crawl_crypto_prices.py
[2026-03-19T08:19:03.034+0000] {processor.py:840} INFO - DAG(s) 'crawl_crypto_prices' retrieved from /opt/airflow/dags/crawl_crypto_prices.py
[2026-03-19T08:19:03.052+0000] {logging_mixin.py:188} INFO - [2026-03-19T08:19:03.052+0000] {dag.py:3036} INFO - Sync 1 DAGs
[2026-03-19T08:19:03.062+0000] {logging_mixin.py:188} INFO - [2026-03-19T08:19:03.062+0000] {dag.py:3823} INFO - Setting next_dagrun for crawl_crypto_prices to 2026-03-19 08:00:00+00:00, run_after=2026-03-19 09:00:00+00:00
[2026-03-19T08:19:03.069+0000] {processor.py:183} INFO - Processing /opt/airflow/dags/crawl_crypto_prices.py took 0.052 seconds
[2026-03-19T08:19:33.339+0000] {processor.py:161} INFO - Started process (PID=1161) to work on /opt/airflow/dags/crawl_crypto_prices.py
[2026-03-19T08:19:33.340+0000] {processor.py:830} INFO - Processing file /opt/airflow/dags/crawl_crypto_prices.py for tasks to queue
[2026-03-19T08:19:33.341+0000] {logging_mixin.py:188} INFO - [2026-03-19T08:19:33.341+0000] {dagbag.py:538} INFO - Filling up the DagBag from /opt/airflow/dags/crawl_crypto_prices.py
[2026-03-19T08:19:33.351+0000] {processor.py:840} INFO - DAG(s) 'crawl_crypto_prices' retrieved from /opt/airflow/dags/crawl_crypto_prices.py
[2026-03-19T08:19:33.370+0000] {logging_mixin.py:188} INFO - [2026-03-19T08:19:33.369+0000] {dag.py:3036} INFO - Sync 1 DAGs
[2026-03-19T08:19:33.382+0000] {logging_mixin.py:188} INFO - [2026-03-19T08:19:33.382+0000] {dag.py:3823} INFO - Setting next_dagrun for crawl_crypto_prices to 2026-03-19 08:00:00+00:00, run_after=2026-03-19 09:00:00+00:00
[2026-03-19T08:19:33.389+0000] {processor.py:183} INFO - Processing /opt/airflow/dags/crawl_crypto_prices.py took 0.052 seconds
[2026-03-19T08:20:03.658+0000] {processor.py:161} INFO - Started process (PID=1166) to work on /opt/airflow/dags/crawl_crypto_prices.py
[2026-03-19T08:20:03.659+0000] {processor.py:830} INFO - Processing file /opt/airflow/dags/crawl_crypto_prices.py for tasks to queue
[2026-03-19T08:20:03.660+0000] {logging_mixin.py:188} INFO - [2026-03-19T08:20:03.659+0000] {dagbag.py:538} INFO - Filling up the DagBag from /opt/airflow/dags/crawl_crypto_prices.py
[2026-03-19T08:20:03.671+0000] {processor.py:840} INFO - DAG(s) 'crawl_crypto_prices' retrieved from /opt/airflow/dags/crawl_crypto_prices.py
[2026-03-19T08:20:03.692+0000] {logging_mixin.py:188} INFO - [2026-03-19T08:20:03.692+0000] {dag.py:3036} INFO - Sync 1 DAGs
[2026-03-19T08:20:03.703+0000] {logging_mixin.py:188} INFO - [2026-03-19T08:20:03.703+0000] {dag.py:3823} INFO - Setting next_dagrun for crawl_crypto_prices to 2026-03-19 08:00:00+00:00, run_after=2026-03-19 09:00:00+00:00
[2026-03-19T08:20:03.709+0000] {processor.py:183} INFO - Processing /opt/airflow/dags/crawl_crypto_prices.py took 0.055 seconds
[2026-03-19T08:20:34.001+0000] {processor.py:161} INFO - Started process (PID=1171) to work on /opt/airflow/dags/crawl_crypto_prices.py
[2026-03-19T08:20:34.002+0000] {processor.py:830} INFO - Processing file /opt/airflow/dags/crawl_crypto_prices.py for tasks to queue
[2026-03-19T08:20:34.003+0000] {logging_mixin.py:188} INFO - [2026-03-19T08:20:34.003+0000] {dagbag.py:538} INFO - Filling up the DagBag from /opt/airflow/dags/crawl_crypto_prices.py
[2026-03-19T08:20:34.013+0000] {processor.py:840} INFO - DAG(s) 'crawl_crypto_prices' retrieved from /opt/airflow/dags/crawl_crypto_prices.py
[2026-03-19T08:20:34.031+0000] {logging_mixin.py:188} INFO - [2026-03-19T08:20:34.031+0000] {dag.py:3036} INFO - Sync 1 DAGs
[2026-03-19T08:20:34.042+0000] {logging_mixin.py:188} INFO - [2026-03-19T08:20:34.042+0000] {dag.py:3823} INFO - Setting next_dagrun for crawl_crypto_prices to 2026-03-19 08:00:00+00:00, run_after=2026-03-19 09:00:00+00:00
[2026-03-19T08:20:34.048+0000] {processor.py:183} INFO - Processing /opt/airflow/dags/crawl_crypto_prices.py took 0.050 seconds
[2026-03-19T08:21:04.282+0000] {processor.py:161} INFO - Started process (PID=1176) to work on /opt/airflow/dags/crawl_crypto_prices.py
[2026-03-19T08:21:04.283+0000] {processor.py:830} INFO - Processing file /opt/airflow/dags/crawl_crypto_prices.py for tasks to queue
[2026-03-19T08:21:04.284+0000] {logging_mixin.py:188} INFO - [2026-03-19T08:21:04.284+0000] {dagbag.py:538} INFO - Filling up the DagBag from /opt/airflow/dags/crawl_crypto_prices.py
[2026-03-19T08:21:04.294+0000] {processor.py:840} INFO - DAG(s) 'crawl_crypto_prices' retrieved from /opt/airflow/dags/crawl_crypto_prices.py
[2026-03-19T08:21:04.313+0000] {logging_mixin.py:188} INFO - [2026-03-19T08:21:04.313+0000] {dag.py:3036} INFO - Sync 1 DAGs
[2026-03-19T08:21:04.323+0000] {logging_mixin.py:188} INFO - [2026-03-19T08:21:04.323+0000] {dag.py:3823} INFO - Setting next_dagrun for crawl_crypto_prices to 2026-03-19 08:00:00+00:00, run_after=2026-03-19 09:00:00+00:00
[2026-03-19T08:21:04.330+0000] {processor.py:183} INFO - Processing /opt/airflow/dags/crawl_crypto_prices.py took 0.051 seconds
[2026-03-19T08:21:34.601+0000] {processor.py:161} INFO - Started process (PID=1181) to work on /opt/airflow/dags/crawl_crypto_prices.py
[2026-03-19T08:21:34.602+0000] {processor.py:830} INFO - Processing file /opt/airflow/dags/crawl_crypto_prices.py for tasks to queue
[2026-03-19T08:21:34.603+0000] {logging_mixin.py:188} INFO - [2026-03-19T08:21:34.603+0000] {dagbag.py:538} INFO - Filling up the DagBag from /opt/airflow/dags/crawl_crypto_prices.py
[2026-03-19T08:21:34.613+0000] {processor.py:840} INFO - DAG(s) 'crawl_crypto_prices' retrieved from /opt/airflow/dags/crawl_crypto_prices.py
[2026-03-19T08:21:34.632+0000] {logging_mixin.py:188} INFO - [2026-03-19T08:21:34.631+0000] {dag.py:3036} INFO - Sync 1 DAGs
[2026-03-19T08:21:34.642+0000] {logging_mixin.py:188} INFO - [2026-03-19T08:21:34.642+0000] {dag.py:3823} INFO - Setting next_dagrun for crawl_crypto_prices to 2026-03-19 08:00:00+00:00, run_after=2026-03-19 09:00:00+00:00
[2026-03-19T08:21:34.648+0000] {processor.py:183} INFO - Processing /opt/airflow/dags/crawl_crypto_prices.py took 0.050 seconds
[2026-03-19T08:22:04.928+0000] {processor.py:161} INFO - Started process (PID=1186) to work on /opt/airflow/dags/crawl_crypto_prices.py
[2026-03-19T08:22:04.929+0000] {processor.py:830} INFO - Processing file /opt/airflow/dags/crawl_crypto_prices.py for tasks to queue
[2026-03-19T08:22:04.930+0000] {logging_mixin.py:188} INFO - [2026-03-19T08:22:04.930+0000] {dagbag.py:538} INFO - Filling up the DagBag from /opt/airflow/dags/crawl_crypto_prices.py
[2026-03-19T08:22:04.941+0000] {processor.py:840} INFO - DAG(s) 'crawl_crypto_prices' retrieved from /opt/airflow/dags/crawl_crypto_prices.py
[2026-03-19T08:22:04.959+0000] {logging_mixin.py:188} INFO - [2026-03-19T08:22:04.958+0000] {dag.py:3036} INFO - Sync 1 DAGs
[2026-03-19T08:22:04.969+0000] {logging_mixin.py:188} INFO - [2026-03-19T08:22:04.969+0000] {dag.py:3823} INFO - Setting next_dagrun for crawl_crypto_prices to 2026-03-19 08:00:00+00:00, run_after=2026-03-19 09:00:00+00:00
[2026-03-19T08:22:04.975+0000] {processor.py:183} INFO - Processing /opt/airflow/dags/crawl_crypto_prices.py took 0.051 seconds
[2026-03-19T08:22:35.251+0000] {processor.py:161} INFO - Started process (PID=1191) to work on /opt/airflow/dags/crawl_crypto_prices.py
[2026-03-19T08:22:35.252+0000] {processor.py:830} INFO - Processing file /opt/airflow/dags/crawl_crypto_prices.py for tasks to queue
[2026-03-19T08:22:35.253+0000] {logging_mixin.py:188} INFO - [2026-03-19T08:22:35.253+0000] {dagbag.py:538} INFO - Filling up the DagBag from /opt/airflow/dags/crawl_crypto_prices.py
[2026-03-19T08:22:35.263+0000] {processor.py:840} INFO - DAG(s) 'crawl_crypto_prices' retrieved from /opt/airflow/dags/crawl_crypto_prices.py
[2026-03-19T08:22:35.282+0000] {logging_mixin.py:188} INFO - [2026-03-19T08:22:35.282+0000] {dag.py:3036} INFO - Sync 1 DAGs
[2026-03-19T08:22:35.292+0000] {logging_mixin.py:188} INFO - [2026-03-19T08:22:35.292+0000] {dag.py:3823} INFO - Setting next_dagrun for crawl_crypto_prices to 2026-03-19 08:00:00+00:00, run_after=2026-03-19 09:00:00+00:00
[2026-03-19T08:22:35.298+0000] {processor.py:183} INFO - Processing /opt/airflow/dags/crawl_crypto_prices.py took 0.050 seconds
[2026-03-19T08:23:05.597+0000] {processor.py:161} INFO - Started process (PID=1196) to work on /opt/airflow/dags/crawl_crypto_prices.py
[2026-03-19T08:23:05.598+0000] {processor.py:830} INFO - Processing file /opt/airflow/dags/crawl_crypto_prices.py for tasks to queue
[2026-03-19T08:23:05.598+0000] {logging_mixin.py:188} INFO - [2026-03-19T08:23:05.598+0000] {dagbag.py:538} INFO - Filling up the DagBag from /opt/airflow/dags/crawl_crypto_prices.py
[2026-03-19T08:23:05.608+0000] {processor.py:840} INFO - DAG(s) 'crawl_crypto_prices' retrieved from /opt/airflow/dags/crawl_crypto_prices.py
[2026-03-19T08:23:05.628+0000] {logging_mixin.py:188} INFO - [2026-03-19T08:23:05.628+0000] {dag.py:3036} INFO - Sync 1 DAGs
[2026-03-19T08:23:05.639+0000] {logging_mixin.py:188} INFO - [2026-03-19T08:23:05.639+0000] {dag.py:3823} INFO - Setting next_dagrun for crawl_crypto_prices to 2026-03-19 08:00:00+00:00, run_after=2026-03-19 09:00:00+00:00
[2026-03-19T08:23:05.645+0000] {processor.py:183} INFO - Processing /opt/airflow/dags/crawl_crypto_prices.py took 0.052 seconds
[2026-03-19T08:24:56.478+0000] {processor.py:161} INFO - Started process (PID=1201) to work on /opt/airflow/dags/crawl_crypto_prices.py
[2026-03-19T08:24:56.479+0000] {processor.py:830} INFO - Processing file /opt/airflow/dags/crawl_crypto_prices.py for tasks to queue
[2026-03-19T08:24:56.480+0000] {logging_mixin.py:188} INFO - [2026-03-19T08:24:56.480+0000] {dagbag.py:538} INFO - Filling up the DagBag from /opt/airflow/dags/crawl_crypto_prices.py
[2026-03-19T08:24:56.492+0000] {processor.py:840} INFO - DAG(s) 'crawl_crypto_prices' retrieved from /opt/airflow/dags/crawl_crypto_prices.py
[2026-03-19T08:24:56.513+0000] {logging_mixin.py:188} INFO - [2026-03-19T08:24:56.513+0000] {dag.py:3036} INFO - Sync 1 DAGs
[2026-03-19T08:24:56.524+0000] {logging_mixin.py:188} INFO - [2026-03-19T08:24:56.523+0000] {dag.py:3823} INFO - Setting next_dagrun for crawl_crypto_prices to 2026-03-19 08:00:00+00:00, run_after=2026-03-19 09:00:00+00:00
[2026-03-19T08:24:56.530+0000] {processor.py:183} INFO - Processing /opt/airflow/dags/crawl_crypto_prices.py took 0.056 seconds
[2026-03-19T08:25:26.772+0000] {processor.py:161} INFO - Started process (PID=1208) to work on /opt/airflow/dags/crawl_crypto_prices.py
[2026-03-19T08:25:26.773+0000] {processor.py:830} INFO - Processing file /opt/airflow/dags/crawl_crypto_prices.py for tasks to queue
[2026-03-19T08:25:26.774+0000] {logging_mixin.py:188} INFO - [2026-03-19T08:25:26.774+0000] {dagbag.py:538} INFO - Filling up the DagBag from /opt/airflow/dags/crawl_crypto_prices.py
[2026-03-19T08:25:26.787+0000] {processor.py:840} INFO - DAG(s) 'crawl_crypto_prices' retrieved from /opt/airflow/dags/crawl_crypto_prices.py
[2026-03-19T08:25:26.807+0000] {logging_mixin.py:188} INFO - [2026-03-19T08:25:26.807+0000] {dag.py:3036} INFO - Sync 1 DAGs
[2026-03-19T08:25:26.818+0000] {logging_mixin.py:188} INFO - [2026-03-19T08:25:26.818+0000] {dag.py:3823} INFO - Setting next_dagrun for crawl_crypto_prices to 2026-03-19 08:00:00+00:00, run_after=2026-03-19 09:00:00+00:00
[2026-03-19T08:25:26.824+0000] {processor.py:183} INFO - Processing /opt/airflow/dags/crawl_crypto_prices.py took 0.056 seconds
[2026-03-19T08:25:57.072+0000] {processor.py:161} INFO - Started process (PID=1213) to work on /opt/airflow/dags/crawl_crypto_prices.py
[2026-03-19T08:25:57.073+0000] {processor.py:830} INFO - Processing file /opt/airflow/dags/crawl_crypto_prices.py for tasks to queue
[2026-03-19T08:25:57.074+0000] {logging_mixin.py:188} INFO - [2026-03-19T08:25:57.074+0000] {dagbag.py:538} INFO - Filling up the DagBag from /opt/airflow/dags/crawl_crypto_prices.py
[2026-03-19T08:25:57.084+0000] {processor.py:840} INFO - DAG(s) 'crawl_crypto_prices' retrieved from /opt/airflow/dags/crawl_crypto_prices.py
[2026-03-19T08:25:57.102+0000] {logging_mixin.py:188} INFO - [2026-03-19T08:25:57.102+0000] {dag.py:3036} INFO - Sync 1 DAGs
[2026-03-19T08:25:57.112+0000] {logging_mixin.py:188} INFO - [2026-03-19T08:25:57.112+0000] {dag.py:3823} INFO - Setting next_dagrun for crawl_crypto_prices to 2026-03-19 08:00:00+00:00, run_after=2026-03-19 09:00:00+00:00
[2026-03-19T08:25:57.118+0000] {processor.py:183} INFO - Processing /opt/airflow/dags/crawl_crypto_prices.py took 0.050 seconds
[2026-03-19T08:26:27.352+0000] {processor.py:161} INFO - Started process (PID=1218) to work on /opt/airflow/dags/crawl_crypto_prices.py
[2026-03-19T08:26:27.353+0000] {processor.py:830} INFO - Processing file /opt/airflow/dags/crawl_crypto_prices.py for tasks to queue
[2026-03-19T08:26:27.354+0000] {logging_mixin.py:188} INFO - [2026-03-19T08:26:27.354+0000] {dagbag.py:538} INFO - Filling up the DagBag from /opt/airflow/dags/crawl_crypto_prices.py
[2026-03-19T08:26:27.364+0000] {processor.py:840} INFO - DAG(s) 'crawl_crypto_prices' retrieved from /opt/airflow/dags/crawl_crypto_prices.py
[2026-03-19T08:26:27.383+0000] {logging_mixin.py:188} INFO - [2026-03-19T08:26:27.383+0000] {dag.py:3036} INFO - Sync 1 DAGs
[2026-03-19T08:26:27.393+0000] {logging_mixin.py:188} INFO - [2026-03-19T08:26:27.393+0000] {dag.py:3823} INFO - Setting next_dagrun for crawl_crypto_prices to 2026-03-19 08:00:00+00:00, run_after=2026-03-19 09:00:00+00:00
[2026-03-19T08:26:27.399+0000] {processor.py:183} INFO - Processing /opt/airflow/dags/crawl_crypto_prices.py took 0.050 seconds
[2026-03-19T08:26:57.673+0000] {processor.py:161} INFO - Started process (PID=1223) to work on /opt/airflow/dags/crawl_crypto_prices.py
[2026-03-19T08:26:57.674+0000] {processor.py:830} INFO - Processing file /opt/airflow/dags/crawl_crypto_prices.py for tasks to queue
[2026-03-19T08:26:57.675+0000] {logging_mixin.py:188} INFO - [2026-03-19T08:26:57.675+0000] {dagbag.py:538} INFO - Filling up the DagBag from /opt/airflow/dags/crawl_crypto_prices.py
[2026-03-19T08:26:57.685+0000] {processor.py:840} INFO - DAG(s) 'crawl_crypto_prices' retrieved from /opt/airflow/dags/crawl_crypto_prices.py
[2026-03-19T08:26:57.703+0000] {logging_mixin.py:188} INFO - [2026-03-19T08:26:57.703+0000] {dag.py:3036} INFO - Sync 1 DAGs
[2026-03-19T08:26:57.714+0000] {logging_mixin.py:188} INFO - [2026-03-19T08:26:57.713+0000] {dag.py:3823} INFO - Setting next_dagrun for crawl_crypto_prices to 2026-03-19 08:00:00+00:00, run_after=2026-03-19 09:00:00+00:00
[2026-03-19T08:26:57.720+0000] {processor.py:183} INFO - Processing /opt/airflow/dags/crawl_crypto_prices.py took 0.050 seconds
[2026-03-19T08:27:27.996+0000] {processor.py:161} INFO - Started process (PID=1228) to work on /opt/airflow/dags/crawl_crypto_prices.py
[2026-03-19T08:27:27.997+0000] {processor.py:830} INFO - Processing file /opt/airflow/dags/crawl_crypto_prices.py for tasks to queue
[2026-03-19T08:27:27.998+0000] {logging_mixin.py:188} INFO - [2026-03-19T08:27:27.998+0000] {dagbag.py:538} INFO - Filling up the DagBag from /opt/airflow/dags/crawl_crypto_prices.py
[2026-03-19T08:27:28.009+0000] {processor.py:840} INFO - DAG(s) 'crawl_crypto_prices' retrieved from /opt/airflow/dags/crawl_crypto_prices.py
[2026-03-19T08:27:28.028+0000] {logging_mixin.py:188} INFO - [2026-03-19T08:27:28.028+0000] {dag.py:3036} INFO - Sync 1 DAGs
[2026-03-19T08:27:28.038+0000] {logging_mixin.py:188} INFO - [2026-03-19T08:27:28.038+0000] {dag.py:3823} INFO - Setting next_dagrun for crawl_crypto_prices to 2026-03-19 08:00:00+00:00, run_after=2026-03-19 09:00:00+00:00
[2026-03-19T08:27:28.044+0000] {processor.py:183} INFO - Processing /opt/airflow/dags/crawl_crypto_prices.py took 0.051 seconds
[2026-03-19T08:27:58.312+0000] {processor.py:161} INFO - Started process (PID=1233) to work on /opt/airflow/dags/crawl_crypto_prices.py
[2026-03-19T08:27:58.313+0000] {processor.py:830} INFO - Processing file /opt/airflow/dags/crawl_crypto_prices.py for tasks to queue
[2026-03-19T08:27:58.313+0000] {logging_mixin.py:188} INFO - [2026-03-19T08:27:58.313+0000] {dagbag.py:538} INFO - Filling up the DagBag from /opt/airflow/dags/crawl_crypto_prices.py
[2026-03-19T08:27:58.322+0000] {processor.py:840} INFO - DAG(s) 'crawl_crypto_prices' retrieved from /opt/airflow/dags/crawl_crypto_prices.py
[2026-03-19T08:27:58.339+0000] {logging_mixin.py:188} INFO - [2026-03-19T08:27:58.339+0000] {dag.py:3036} INFO - Sync 1 DAGs
[2026-03-19T08:27:58.349+0000] {logging_mixin.py:188} INFO - [2026-03-19T08:27:58.348+0000] {dag.py:3823} INFO - Setting next_dagrun for crawl_crypto_prices to 2026-03-19 08:00:00+00:00, run_after=2026-03-19 09:00:00+00:00
[2026-03-19T08:27:58.354+0000] {processor.py:183} INFO - Processing /opt/airflow/dags/crawl_crypto_prices.py took 0.045 seconds
[2026-03-19T08:28:28.652+0000] {processor.py:161} INFO - Started process (PID=1238) to work on /opt/airflow/dags/crawl_crypto_prices.py
[2026-03-19T08:28:28.652+0000] {processor.py:830} INFO - Processing file /opt/airflow/dags/crawl_crypto_prices.py for tasks to queue
[2026-03-19T08:28:28.653+0000] {logging_mixin.py:188} INFO - [2026-03-19T08:28:28.653+0000] {dagbag.py:538} INFO - Filling up the DagBag from /opt/airflow/dags/crawl_crypto_prices.py
[2026-03-19T08:28:28.662+0000] {processor.py:840} INFO - DAG(s) 'crawl_crypto_prices' retrieved from /opt/airflow/dags/crawl_crypto_prices.py
[2026-03-19T08:28:28.678+0000] {logging_mixin.py:188} INFO - [2026-03-19T08:28:28.678+0000] {dag.py:3036} INFO - Sync 1 DAGs
[2026-03-19T08:28:28.687+0000] {logging_mixin.py:188} INFO - [2026-03-19T08:28:28.687+0000] {dag.py:3823} INFO - Setting next_dagrun for crawl_crypto_prices to 2026-03-19 08:00:00+00:00, run_after=2026-03-19 09:00:00+00:00
[2026-03-19T08:28:28.693+0000] {processor.py:183} INFO - Processing /opt/airflow/dags/crawl_crypto_prices.py took 0.044 seconds
[2026-03-19T08:28:58.724+0000] {processor.py:161} INFO - Started process (PID=1243) to work on /opt/airflow/dags/crawl_crypto_prices.py
[2026-03-19T08:28:58.725+0000] {processor.py:830} INFO - Processing file /opt/airflow/dags/crawl_crypto_prices.py for tasks to queue
[2026-03-19T08:28:58.726+0000] {logging_mixin.py:188} INFO - [2026-03-19T08:28:58.726+0000] {dagbag.py:538} INFO - Filling up the DagBag from /opt/airflow/dags/crawl_crypto_prices.py
[2026-03-19T08:28:58.737+0000] {processor.py:840} INFO - DAG(s) 'crawl_crypto_prices' retrieved from /opt/airflow/dags/crawl_crypto_prices.py
[2026-03-19T08:28:58.756+0000] {logging_mixin.py:188} INFO - [2026-03-19T08:28:58.756+0000] {dag.py:3036} INFO - Sync 1 DAGs
[2026-03-19T08:28:58.766+0000] {logging_mixin.py:188} INFO - [2026-03-19T08:28:58.766+0000] {dag.py:3823} INFO - Setting next_dagrun for crawl_crypto_prices to 2026-03-19 08:00:00+00:00, run_after=2026-03-19 09:00:00+00:00
[2026-03-19T08:28:58.773+0000] {processor.py:183} INFO - Processing /opt/airflow/dags/crawl_crypto_prices.py took 0.052 seconds
[2026-03-19T08:29:29.051+0000] {processor.py:161} INFO - Started process (PID=1248) to work on /opt/airflow/dags/crawl_crypto_prices.py
[2026-03-19T08:29:29.052+0000] {processor.py:830} INFO - Processing file /opt/airflow/dags/crawl_crypto_prices.py for tasks to queue
[2026-03-19T08:29:29.052+0000] {logging_mixin.py:188} INFO - [2026-03-19T08:29:29.052+0000] {dagbag.py:538} INFO - Filling up the DagBag from /opt/airflow/dags/crawl_crypto_prices.py
[2026-03-19T08:29:29.059+0000] {processor.py:840} INFO - DAG(s) 'crawl_crypto_prices' retrieved from /opt/airflow/dags/crawl_crypto_prices.py
[2026-03-19T08:29:29.070+0000] {logging_mixin.py:188} INFO - [2026-03-19T08:29:29.070+0000] {dag.py:3036} INFO - Sync 1 DAGs
[2026-03-19T08:29:29.079+0000] {logging_mixin.py:188} INFO - [2026-03-19T08:29:29.078+0000] {dag.py:3823} INFO - Setting next_dagrun for crawl_crypto_prices to 2026-03-19 08:00:00+00:00, run_after=2026-03-19 09:00:00+00:00
[2026-03-19T08:29:29.085+0000] {processor.py:183} INFO - Processing /opt/airflow/dags/crawl_crypto_prices.py took 0.036 seconds
[2026-03-19T08:29:59.398+0000] {processor.py:161} INFO - Started process (PID=1253) to work on /opt/airflow/dags/crawl_crypto_prices.py
[2026-03-19T08:29:59.399+0000] {processor.py:830} INFO - Processing file /opt/airflow/dags/crawl_crypto_prices.py for tasks to queue
[2026-03-19T08:29:59.400+0000] {logging_mixin.py:188} INFO - [2026-03-19T08:29:59.400+0000] {dagbag.py:538} INFO - Filling up the DagBag from /opt/airflow/dags/crawl_crypto_prices.py
[2026-03-19T08:29:59.410+0000] {processor.py:840} INFO - DAG(s) 'crawl_crypto_prices' retrieved from /opt/airflow/dags/crawl_crypto_prices.py
[2026-03-19T08:29:59.429+0000] {logging_mixin.py:188} INFO - [2026-03-19T08:29:59.428+0000] {dag.py:3036} INFO - Sync 1 DAGs
[2026-03-19T08:29:59.440+0000] {logging_mixin.py:188} INFO - [2026-03-19T08:29:59.439+0000] {dag.py:3823} INFO - Setting next_dagrun for crawl_crypto_prices to 2026-03-19 08:00:00+00:00, run_after=2026-03-19 09:00:00+00:00
[2026-03-19T08:29:59.446+0000] {processor.py:183} INFO - Processing /opt/airflow/dags/crawl_crypto_prices.py took 0.051 seconds
[2026-03-19T08:30:29.687+0000] {processor.py:161} INFO - Started process (PID=1258) to work on /opt/airflow/dags/crawl_crypto_prices.py
[2026-03-19T08:30:29.688+0000] {processor.py:830} INFO - Processing file /opt/airflow/dags/crawl_crypto_prices.py for tasks to queue
[2026-03-19T08:30:29.689+0000] {logging_mixin.py:188} INFO - [2026-03-19T08:30:29.689+0000] {dagbag.py:538} INFO - Filling up the DagBag from /opt/airflow/dags/crawl_crypto_prices.py
[2026-03-19T08:30:29.699+0000] {processor.py:840} INFO - DAG(s) 'crawl_crypto_prices' retrieved from /opt/airflow/dags/crawl_crypto_prices.py
[2026-03-19T08:30:29.718+0000] {logging_mixin.py:188} INFO - [2026-03-19T08:30:29.718+0000] {dag.py:3036} INFO - Sync 1 DAGs
[2026-03-19T08:30:29.730+0000] {logging_mixin.py:188} INFO - [2026-03-19T08:30:29.730+0000] {dag.py:3823} INFO - Setting next_dagrun for crawl_crypto_prices to 2026-03-19 08:00:00+00:00, run_after=2026-03-19 09:00:00+00:00
[2026-03-19T08:30:29.736+0000] {processor.py:183} INFO - Processing /opt/airflow/dags/crawl_crypto_prices.py took 0.053 seconds
[2026-03-19T08:31:00.023+0000] {processor.py:161} INFO - Started process (PID=1263) to work on /opt/airflow/dags/crawl_crypto_prices.py
[2026-03-19T08:31:00.024+0000] {processor.py:830} INFO - Processing file /opt/airflow/dags/crawl_crypto_prices.py for tasks to queue
[2026-03-19T08:31:00.025+0000] {logging_mixin.py:188} INFO - [2026-03-19T08:31:00.024+0000] {dagbag.py:538} INFO - Filling up the DagBag from /opt/airflow/dags/crawl_crypto_prices.py
[2026-03-19T08:31:00.035+0000] {processor.py:840} INFO - DAG(s) 'crawl_crypto_prices' retrieved from /opt/airflow/dags/crawl_crypto_prices.py
[2026-03-19T08:31:00.053+0000] {logging_mixin.py:188} INFO - [2026-03-19T08:31:00.053+0000] {dag.py:3036} INFO - Sync 1 DAGs
[2026-03-19T08:31:00.063+0000] {logging_mixin.py:188} INFO - [2026-03-19T08:31:00.063+0000] {dag.py:3823} INFO - Setting next_dagrun for crawl_crypto_prices to 2026-03-19 08:00:00+00:00, run_after=2026-03-19 09:00:00+00:00
[2026-03-19T08:31:00.070+0000] {processor.py:183} INFO - Processing /opt/airflow/dags/crawl_crypto_prices.py took 0.050 seconds
[2026-03-19T08:31:30.352+0000] {processor.py:161} INFO - Started process (PID=1268) to work on /opt/airflow/dags/crawl_crypto_prices.py
[2026-03-19T08:31:30.353+0000] {processor.py:830} INFO - Processing file /opt/airflow/dags/crawl_crypto_prices.py for tasks to queue
[2026-03-19T08:31:30.354+0000] {logging_mixin.py:188} INFO - [2026-03-19T08:31:30.353+0000] {dagbag.py:538} INFO - Filling up the DagBag from /opt/airflow/dags/crawl_crypto_prices.py
[2026-03-19T08:31:30.363+0000] {processor.py:840} INFO - DAG(s) 'crawl_crypto_prices' retrieved from /opt/airflow/dags/crawl_crypto_prices.py
[2026-03-19T08:31:30.378+0000] {logging_mixin.py:188} INFO - [2026-03-19T08:31:30.378+0000] {dag.py:3036} INFO - Sync 1 DAGs
[2026-03-19T08:31:30.388+0000] {logging_mixin.py:188} INFO - [2026-03-19T08:31:30.388+0000] {dag.py:3823} INFO - Setting next_dagrun for crawl_crypto_prices to 2026-03-19 08:00:00+00:00, run_after=2026-03-19 09:00:00+00:00
[2026-03-19T08:31:30.395+0000] {processor.py:183} INFO - Processing /opt/airflow/dags/crawl_crypto_prices.py took 0.045 seconds
[2026-03-19T08:32:00.659+0000] {processor.py:161} INFO - Started process (PID=1273) to work on /opt/airflow/dags/crawl_crypto_prices.py
[2026-03-19T08:32:00.660+0000] {processor.py:830} INFO - Processing file /opt/airflow/dags/crawl_crypto_prices.py for tasks to queue
[2026-03-19T08:32:00.661+0000] {logging_mixin.py:188} INFO - [2026-03-19T08:32:00.660+0000] {dagbag.py:538} INFO - Filling up the DagBag from /opt/airflow/dags/crawl_crypto_prices.py
[2026-03-19T08:32:00.671+0000] {processor.py:840} INFO - DAG(s) 'crawl_crypto_prices' retrieved from /opt/airflow/dags/crawl_crypto_prices.py
[2026-03-19T08:32:00.688+0000] {logging_mixin.py:188} INFO - [2026-03-19T08:32:00.688+0000] {dag.py:3036} INFO - Sync 1 DAGs
[2026-03-19T08:32:00.697+0000] {logging_mixin.py:188} INFO - [2026-03-19T08:32:00.697+0000] {dag.py:3823} INFO - Setting next_dagrun for crawl_crypto_prices to 2026-03-19 08:00:00+00:00, run_after=2026-03-19 09:00:00+00:00
[2026-03-19T08:32:00.704+0000] {processor.py:183} INFO - Processing /opt/airflow/dags/crawl_crypto_prices.py took 0.048 seconds
[2026-03-19T08:32:30.999+0000] {processor.py:161} INFO - Started process (PID=1278) to work on /opt/airflow/dags/crawl_crypto_prices.py
[2026-03-19T08:32:31.001+0000] {processor.py:830} INFO - Processing file /opt/airflow/dags/crawl_crypto_prices.py for tasks to queue
[2026-03-19T08:32:31.001+0000] {logging_mixin.py:188} INFO - [2026-03-19T08:32:31.001+0000] {dagbag.py:538} INFO - Filling up the DagBag from /opt/airflow/dags/crawl_crypto_prices.py
[2026-03-19T08:32:31.011+0000] {processor.py:840} INFO - DAG(s) 'crawl_crypto_prices' retrieved from /opt/airflow/dags/crawl_crypto_prices.py
[2026-03-19T08:32:31.025+0000] {logging_mixin.py:188} INFO - [2026-03-19T08:32:31.025+0000] {dag.py:3036} INFO - Sync 1 DAGs
[2026-03-19T08:32:31.035+0000] {logging_mixin.py:188} INFO - [2026-03-19T08:32:31.035+0000] {dag.py:3823} INFO - Setting next_dagrun for crawl_crypto_prices to 2026-03-19 08:00:00+00:00, run_after=2026-03-19 09:00:00+00:00
[2026-03-19T08:32:31.042+0000] {processor.py:183} INFO - Processing /opt/airflow/dags/crawl_crypto_prices.py took 0.046 seconds
[2026-03-19T08:33:01.278+0000] {processor.py:161} INFO - Started process (PID=1283) to work on /opt/airflow/dags/crawl_crypto_prices.py
[2026-03-19T08:33:01.279+0000] {processor.py:830} INFO - Processing file /opt/airflow/dags/crawl_crypto_prices.py for tasks to queue
[2026-03-19T08:33:01.280+0000] {logging_mixin.py:188} INFO - [2026-03-19T08:33:01.280+0000] {dagbag.py:538} INFO - Filling up the DagBag from /opt/airflow/dags/crawl_crypto_prices.py
[2026-03-19T08:33:01.291+0000] {processor.py:840} INFO - DAG(s) 'crawl_crypto_prices' retrieved from /opt/airflow/dags/crawl_crypto_prices.py
[2026-03-19T08:33:01.311+0000] {logging_mixin.py:188} INFO - [2026-03-19T08:33:01.311+0000] {dag.py:3036} INFO - Sync 1 DAGs
[2026-03-19T08:33:01.322+0000] {logging_mixin.py:188} INFO - [2026-03-19T08:33:01.322+0000] {dag.py:3823} INFO - Setting next_dagrun for crawl_crypto_prices to 2026-03-19 08:00:00+00:00, run_after=2026-03-19 09:00:00+00:00
[2026-03-19T08:33:01.328+0000] {processor.py:183} INFO - Processing /opt/airflow/dags/crawl_crypto_prices.py took 0.054 seconds
[2026-03-19T08:33:31.564+0000] {processor.py:161} INFO - Started process (PID=1288) to work on /opt/airflow/dags/crawl_crypto_prices.py
[2026-03-19T08:33:31.565+0000] {processor.py:830} INFO - Processing file /opt/airflow/dags/crawl_crypto_prices.py for tasks to queue
[2026-03-19T08:33:31.566+0000] {logging_mixin.py:188} INFO - [2026-03-19T08:33:31.566+0000] {dagbag.py:538} INFO - Filling up the DagBag from /opt/airflow/dags/crawl_crypto_prices.py
[2026-03-19T08:33:31.575+0000] {processor.py:840} INFO - DAG(s) 'crawl_crypto_prices' retrieved from /opt/airflow/dags/crawl_crypto_prices.py
[2026-03-19T08:33:31.590+0000] {logging_mixin.py:188} INFO - [2026-03-19T08:33:31.590+0000] {dag.py:3036} INFO - Sync 1 DAGs
[2026-03-19T08:33:31.600+0000] {logging_mixin.py:188} INFO - [2026-03-19T08:33:31.600+0000] {dag.py:3823} INFO - Setting next_dagrun for crawl_crypto_prices to 2026-03-19 08:00:00+00:00, run_after=2026-03-19 09:00:00+00:00
[2026-03-19T08:33:31.606+0000] {processor.py:183} INFO - Processing /opt/airflow/dags/crawl_crypto_prices.py took 0.045 seconds
[2026-03-19T08:34:01.866+0000] {processor.py:161} INFO - Started process (PID=1293) to work on /opt/airflow/dags/crawl_crypto_prices.py
[2026-03-19T08:34:01.867+0000] {processor.py:830} INFO - Processing file /opt/airflow/dags/crawl_crypto_prices.py for tasks to queue
[2026-03-19T08:34:01.868+0000] {logging_mixin.py:188} INFO - [2026-03-19T08:34:01.868+0000] {dagbag.py:538} INFO - Filling up the DagBag from /opt/airflow/dags/crawl_crypto_prices.py
[2026-03-19T08:34:01.878+0000] {processor.py:840} INFO - DAG(s) 'crawl_crypto_prices' retrieved from /opt/airflow/dags/crawl_crypto_prices.py
[2026-03-19T08:34:01.894+0000] {logging_mixin.py:188} INFO - [2026-03-19T08:34:01.894+0000] {dag.py:3036} INFO - Sync 1 DAGs
[2026-03-19T08:34:01.905+0000] {logging_mixin.py:188} INFO - [2026-03-19T08:34:01.905+0000] {dag.py:3823} INFO - Setting next_dagrun for crawl_crypto_prices to 2026-03-19 08:00:00+00:00, run_after=2026-03-19 09:00:00+00:00
[2026-03-19T08:34:01.911+0000] {processor.py:183} INFO - Processing /opt/airflow/dags/crawl_crypto_prices.py took 0.048 seconds
[2026-03-19T08:34:32.163+0000] {processor.py:161} INFO - Started process (PID=1298) to work on /opt/airflow/dags/crawl_crypto_prices.py
[2026-03-19T08:34:32.164+0000] {processor.py:830} INFO - Processing file /opt/airflow/dags/crawl_crypto_prices.py for tasks to queue
[2026-03-19T08:34:32.165+0000] {logging_mixin.py:188} INFO - [2026-03-19T08:34:32.165+0000] {dagbag.py:538} INFO - Filling up the DagBag from /opt/airflow/dags/crawl_crypto_prices.py
[2026-03-19T08:34:32.174+0000] {processor.py:840} INFO - DAG(s) 'crawl_crypto_prices' retrieved from /opt/airflow/dags/crawl_crypto_prices.py
[2026-03-19T08:34:32.191+0000] {logging_mixin.py:188} INFO - [2026-03-19T08:34:32.191+0000] {dag.py:3036} INFO - Sync 1 DAGs
[2026-03-19T08:34:32.200+0000] {logging_mixin.py:188} INFO - [2026-03-19T08:34:32.200+0000] {dag.py:3823} INFO - Setting next_dagrun for crawl_crypto_prices to 2026-03-19 08:00:00+00:00, run_after=2026-03-19 09:00:00+00:00
[2026-03-19T08:34:32.206+0000] {processor.py:183} INFO - Processing /opt/airflow/dags/crawl_crypto_prices.py took 0.046 seconds
[2026-03-19T08:35:02.473+0000] {processor.py:161} INFO - Started process (PID=1303) to work on /opt/airflow/dags/crawl_crypto_prices.py
[2026-03-19T08:35:02.474+0000] {processor.py:830} INFO - Processing file /opt/airflow/dags/crawl_crypto_prices.py for tasks to queue
[2026-03-19T08:35:02.474+0000] {logging_mixin.py:188} INFO - [2026-03-19T08:35:02.474+0000] {dagbag.py:538} INFO - Filling up the DagBag from /opt/airflow/dags/crawl_crypto_prices.py
[2026-03-19T08:35:02.483+0000] {processor.py:840} INFO - DAG(s) 'crawl_crypto_prices' retrieved from /opt/airflow/dags/crawl_crypto_prices.py
[2026-03-19T08:35:02.500+0000] {logging_mixin.py:188} INFO - [2026-03-19T08:35:02.500+0000] {dag.py:3036} INFO - Sync 1 DAGs
[2026-03-19T08:35:02.510+0000] {logging_mixin.py:188} INFO - [2026-03-19T08:35:02.510+0000] {dag.py:3823} INFO - Setting next_dagrun for crawl_crypto_prices to 2026-03-19 08:00:00+00:00, run_after=2026-03-19 09:00:00+00:00
[2026-03-19T08:35:02.517+0000] {processor.py:183} INFO - Processing /opt/airflow/dags/crawl_crypto_prices.py took 0.046 seconds
[2026-03-19T08:35:32.767+0000] {processor.py:161} INFO - Started process (PID=1308) to work on /opt/airflow/dags/crawl_crypto_prices.py
[2026-03-19T08:35:32.768+0000] {processor.py:830} INFO - Processing file /opt/airflow/dags/crawl_crypto_prices.py for tasks to queue
[2026-03-19T08:35:32.769+0000] {logging_mixin.py:188} INFO - [2026-03-19T08:35:32.769+0000] {dagbag.py:538} INFO - Filling up the DagBag from /opt/airflow/dags/crawl_crypto_prices.py
[2026-03-19T08:35:32.779+0000] {processor.py:840} INFO - DAG(s) 'crawl_crypto_prices' retrieved from /opt/airflow/dags/crawl_crypto_prices.py
[2026-03-19T08:35:32.797+0000] {logging_mixin.py:188} INFO - [2026-03-19T08:35:32.797+0000] {dag.py:3036} INFO - Sync 1 DAGs
[2026-03-19T08:35:32.808+0000] {logging_mixin.py:188} INFO - [2026-03-19T08:35:32.808+0000] {dag.py:3823} INFO - Setting next_dagrun for crawl_crypto_prices to 2026-03-19 08:00:00+00:00, run_after=2026-03-19 09:00:00+00:00
[2026-03-19T08:35:32.815+0000] {processor.py:183} INFO - Processing /opt/airflow/dags/crawl_crypto_prices.py took 0.051 seconds
[2026-03-19T08:36:03.094+0000] {processor.py:161} INFO - Started process (PID=1313) to work on /opt/airflow/dags/crawl_crypto_prices.py
[2026-03-19T08:36:03.094+0000] {processor.py:830} INFO - Processing file /opt/airflow/dags/crawl_crypto_prices.py for tasks to queue
[2026-03-19T08:36:03.095+0000] {logging_mixin.py:188} INFO - [2026-03-19T08:36:03.095+0000] {dagbag.py:538} INFO - Filling up the DagBag from /opt/airflow/dags/crawl_crypto_prices.py
[2026-03-19T08:36:03.105+0000] {processor.py:840} INFO - DAG(s) 'crawl_crypto_prices' retrieved from /opt/airflow/dags/crawl_crypto_prices.py
[2026-03-19T08:36:03.124+0000] {logging_mixin.py:188} INFO - [2026-03-19T08:36:03.124+0000] {dag.py:3036} INFO - Sync 1 DAGs
[2026-03-19T08:36:03.133+0000] {logging_mixin.py:188} INFO - [2026-03-19T08:36:03.133+0000] {dag.py:3823} INFO - Setting next_dagrun for crawl_crypto_prices to 2026-03-19 08:00:00+00:00, run_after=2026-03-19 09:00:00+00:00
[2026-03-19T08:36:03.140+0000] {processor.py:183} INFO - Processing /opt/airflow/dags/crawl_crypto_prices.py took 0.049 seconds
[2026-03-19T08:36:33.366+0000] {processor.py:161} INFO - Started process (PID=1318) to work on /opt/airflow/dags/crawl_crypto_prices.py
[2026-03-19T08:36:33.367+0000] {processor.py:830} INFO - Processing file /opt/airflow/dags/crawl_crypto_prices.py for tasks to queue
[2026-03-19T08:36:33.367+0000] {logging_mixin.py:188} INFO - [2026-03-19T08:36:33.367+0000] {dagbag.py:538} INFO - Filling up the DagBag from /opt/airflow/dags/crawl_crypto_prices.py
[2026-03-19T08:36:33.373+0000] {processor.py:840} INFO - DAG(s) 'crawl_crypto_prices' retrieved from /opt/airflow/dags/crawl_crypto_prices.py
[2026-03-19T08:36:33.386+0000] {logging_mixin.py:188} INFO - [2026-03-19T08:36:33.386+0000] {dag.py:3036} INFO - Sync 1 DAGs
[2026-03-19T08:36:33.395+0000] {logging_mixin.py:188} INFO - [2026-03-19T08:36:33.395+0000] {dag.py:3823} INFO - Setting next_dagrun for crawl_crypto_prices to 2026-03-19 08:00:00+00:00, run_after=2026-03-19 09:00:00+00:00
[2026-03-19T08:36:33.401+0000] {processor.py:183} INFO - Processing /opt/airflow/dags/crawl_crypto_prices.py took 0.037 seconds
[2026-03-19T08:37:03.698+0000] {processor.py:161} INFO - Started process (PID=1323) to work on /opt/airflow/dags/crawl_crypto_prices.py
[2026-03-19T08:37:03.698+0000] {processor.py:830} INFO - Processing file /opt/airflow/dags/crawl_crypto_prices.py for tasks to queue
[2026-03-19T08:37:03.699+0000] {logging_mixin.py:188} INFO - [2026-03-19T08:37:03.699+0000] {dagbag.py:538} INFO - Filling up the DagBag from /opt/airflow/dags/crawl_crypto_prices.py
[2026-03-19T08:37:03.708+0000] {processor.py:840} INFO - DAG(s) 'crawl_crypto_prices' retrieved from /opt/airflow/dags/crawl_crypto_prices.py
[2026-03-19T08:37:03.724+0000] {logging_mixin.py:188} INFO - [2026-03-19T08:37:03.723+0000] {dag.py:3036} INFO - Sync 1 DAGs
[2026-03-19T08:37:03.733+0000] {logging_mixin.py:188} INFO - [2026-03-19T08:37:03.733+0000] {dag.py:3823} INFO - Setting next_dagrun for crawl_crypto_prices to 2026-03-19 08:00:00+00:00, run_after=2026-03-19 09:00:00+00:00
[2026-03-19T08:37:03.739+0000] {processor.py:183} INFO - Processing /opt/airflow/dags/crawl_crypto_prices.py took 0.046 seconds
[2026-03-19T08:37:34.005+0000] {processor.py:161} INFO - Started process (PID=1328) to work on /opt/airflow/dags/crawl_crypto_prices.py
[2026-03-19T08:37:34.006+0000] {processor.py:830} INFO - Processing file /opt/airflow/dags/crawl_crypto_prices.py for tasks to queue
[2026-03-19T08:37:34.007+0000] {logging_mixin.py:188} INFO - [2026-03-19T08:37:34.007+0000] {dagbag.py:538} INFO - Filling up the DagBag from /opt/airflow/dags/crawl_crypto_prices.py
[2026-03-19T08:37:34.018+0000] {processor.py:840} INFO - DAG(s) 'crawl_crypto_prices' retrieved from /opt/airflow/dags/crawl_crypto_prices.py
[2026-03-19T08:37:34.036+0000] {logging_mixin.py:188} INFO - [2026-03-19T08:37:34.036+0000] {dag.py:3036} INFO - Sync 1 DAGs
[2026-03-19T08:37:34.047+0000] {logging_mixin.py:188} INFO - [2026-03-19T08:37:34.046+0000] {dag.py:3823} INFO - Setting next_dagrun for crawl_crypto_prices to 2026-03-19 08:00:00+00:00, run_after=2026-03-19 09:00:00+00:00
[2026-03-19T08:37:34.053+0000] {processor.py:183} INFO - Processing /opt/airflow/dags/crawl_crypto_prices.py took 0.051 seconds
[2026-03-19T08:38:04.349+0000] {processor.py:161} INFO - Started process (PID=1333) to work on /opt/airflow/dags/crawl_crypto_prices.py
[2026-03-19T08:38:04.350+0000] {processor.py:830} INFO - Processing file /opt/airflow/dags/crawl_crypto_prices.py for tasks to queue
[2026-03-19T08:38:04.350+0000] {logging_mixin.py:188} INFO - [2026-03-19T08:38:04.350+0000] {dagbag.py:538} INFO - Filling up the DagBag from /opt/airflow/dags/crawl_crypto_prices.py
[2026-03-19T08:38:04.360+0000] {processor.py:840} INFO - DAG(s) 'crawl_crypto_prices' retrieved from /opt/airflow/dags/crawl_crypto_prices.py
[2026-03-19T08:38:04.378+0000] {logging_mixin.py:188} INFO - [2026-03-19T08:38:04.378+0000] {dag.py:3036} INFO - Sync 1 DAGs
[2026-03-19T08:38:04.388+0000] {logging_mixin.py:188} INFO - [2026-03-19T08:38:04.388+0000] {dag.py:3823} INFO - Setting next_dagrun for crawl_crypto_prices to 2026-03-19 08:00:00+00:00, run_after=2026-03-19 09:00:00+00:00
[2026-03-19T08:38:04.395+0000] {processor.py:183} INFO - Processing /opt/airflow/dags/crawl_crypto_prices.py took 0.049 seconds
[2026-03-19T08:38:34.658+0000] {processor.py:161} INFO - Started process (PID=1338) to work on /opt/airflow/dags/crawl_crypto_prices.py
[2026-03-19T08:38:34.659+0000] {processor.py:830} INFO - Processing file /opt/airflow/dags/crawl_crypto_prices.py for tasks to queue
[2026-03-19T08:38:34.660+0000] {logging_mixin.py:188} INFO - [2026-03-19T08:38:34.659+0000] {dagbag.py:538} INFO - Filling up the DagBag from /opt/airflow/dags/crawl_crypto_prices.py
[2026-03-19T08:38:34.670+0000] {processor.py:840} INFO - DAG(s) 'crawl_crypto_prices' retrieved from /opt/airflow/dags/crawl_crypto_prices.py
[2026-03-19T08:38:34.688+0000] {logging_mixin.py:188} INFO - [2026-03-19T08:38:34.688+0000] {dag.py:3036} INFO - Sync 1 DAGs
[2026-03-19T08:38:34.699+0000] {logging_mixin.py:188} INFO - [2026-03-19T08:38:34.699+0000] {dag.py:3823} INFO - Setting next_dagrun for crawl_crypto_prices to 2026-03-19 08:00:00+00:00, run_after=2026-03-19 09:00:00+00:00
[2026-03-19T08:38:34.706+0000] {processor.py:183} INFO - Processing /opt/airflow/dags/crawl_crypto_prices.py took 0.051 seconds
[2026-03-19T08:39:04.996+0000] {processor.py:161} INFO - Started process (PID=1343) to work on /opt/airflow/dags/crawl_crypto_prices.py
[2026-03-19T08:39:04.997+0000] {processor.py:830} INFO - Processing file /opt/airflow/dags/crawl_crypto_prices.py for tasks to queue
[2026-03-19T08:39:04.997+0000] {logging_mixin.py:188} INFO - [2026-03-19T08:39:04.997+0000] {dagbag.py:538} INFO - Filling up the DagBag from /opt/airflow/dags/crawl_crypto_prices.py
[2026-03-19T08:39:05.009+0000] {processor.py:840} INFO - DAG(s) 'crawl_crypto_prices' retrieved from /opt/airflow/dags/crawl_crypto_prices.py
[2026-03-19T08:39:05.029+0000] {logging_mixin.py:188} INFO - [2026-03-19T08:39:05.029+0000] {dag.py:3036} INFO - Sync 1 DAGs
[2026-03-19T08:39:05.039+0000] {logging_mixin.py:188} INFO - [2026-03-19T08:39:05.039+0000] {dag.py:3823} INFO - Setting next_dagrun for crawl_crypto_prices to 2026-03-19 08:00:00+00:00, run_after=2026-03-19 09:00:00+00:00
[2026-03-19T08:39:05.045+0000] {processor.py:183} INFO - Processing /opt/airflow/dags/crawl_crypto_prices.py took 0.053 seconds
[2026-03-19T08:39:35.335+0000] {processor.py:161} INFO - Started process (PID=1348) to work on /opt/airflow/dags/crawl_crypto_prices.py
[2026-03-19T08:39:35.336+0000] {processor.py:830} INFO - Processing file /opt/airflow/dags/crawl_crypto_prices.py for tasks to queue
[2026-03-19T08:39:35.336+0000] {logging_mixin.py:188} INFO - [2026-03-19T08:39:35.336+0000] {dagbag.py:538} INFO - Filling up the DagBag from /opt/airflow/dags/crawl_crypto_prices.py
[2026-03-19T08:39:35.347+0000] {processor.py:840} INFO - DAG(s) 'crawl_crypto_prices' retrieved from /opt/airflow/dags/crawl_crypto_prices.py
[2026-03-19T08:39:35.364+0000] {logging_mixin.py:188} INFO - [2026-03-19T08:39:35.364+0000] {dag.py:3036} INFO - Sync 1 DAGs
[2026-03-19T08:39:35.375+0000] {logging_mixin.py:188} INFO - [2026-03-19T08:39:35.375+0000] {dag.py:3823} INFO - Setting next_dagrun for crawl_crypto_prices to 2026-03-19 08:00:00+00:00, run_after=2026-03-19 09:00:00+00:00
[2026-03-19T08:39:35.381+0000] {processor.py:183} INFO - Processing /opt/airflow/dags/crawl_crypto_prices.py took 0.050 seconds
[2026-03-19T08:40:05.631+0000] {processor.py:161} INFO - Started process (PID=1353) to work on /opt/airflow/dags/crawl_crypto_prices.py
[2026-03-19T08:40:05.632+0000] {processor.py:830} INFO - Processing file /opt/airflow/dags/crawl_crypto_prices.py for tasks to queue
[2026-03-19T08:40:05.632+0000] {logging_mixin.py:188} INFO - [2026-03-19T08:40:05.632+0000] {dagbag.py:538} INFO - Filling up the DagBag from /opt/airflow/dags/crawl_crypto_prices.py
[2026-03-19T08:40:05.643+0000] {processor.py:840} INFO - DAG(s) 'crawl_crypto_prices' retrieved from /opt/airflow/dags/crawl_crypto_prices.py
[2026-03-19T08:40:05.661+0000] {logging_mixin.py:188} INFO - [2026-03-19T08:40:05.661+0000] {dag.py:3036} INFO - Sync 1 DAGs
[2026-03-19T08:40:05.671+0000] {logging_mixin.py:188} INFO - [2026-03-19T08:40:05.671+0000] {dag.py:3823} INFO - Setting next_dagrun for crawl_crypto_prices to 2026-03-19 08:00:00+00:00, run_after=2026-03-19 09:00:00+00:00
[2026-03-19T08:40:05.677+0000] {processor.py:183} INFO - Processing /opt/airflow/dags/crawl_crypto_prices.py took 0.050 seconds
[2026-03-19T08:40:35.964+0000] {processor.py:161} INFO - Started process (PID=1358) to work on /opt/airflow/dags/crawl_crypto_prices.py
[2026-03-19T08:40:35.965+0000] {processor.py:830} INFO - Processing file /opt/airflow/dags/crawl_crypto_prices.py for tasks to queue
[2026-03-19T08:40:35.966+0000] {logging_mixin.py:188} INFO - [2026-03-19T08:40:35.965+0000] {dagbag.py:538} INFO - Filling up the DagBag from /opt/airflow/dags/crawl_crypto_prices.py
[2026-03-19T08:40:35.976+0000] {processor.py:840} INFO - DAG(s) 'crawl_crypto_prices' retrieved from /opt/airflow/dags/crawl_crypto_prices.py
[2026-03-19T08:40:35.994+0000] {logging_mixin.py:188} INFO - [2026-03-19T08:40:35.994+0000] {dag.py:3036} INFO - Sync 1 DAGs
[2026-03-19T08:40:36.004+0000] {logging_mixin.py:188} INFO - [2026-03-19T08:40:36.004+0000] {dag.py:3823} INFO - Setting next_dagrun for crawl_crypto_prices to 2026-03-19 08:00:00+00:00, run_after=2026-03-19 09:00:00+00:00
[2026-03-19T08:40:36.012+0000] {processor.py:183} INFO - Processing /opt/airflow/dags/crawl_crypto_prices.py took 0.051 seconds
[2026-03-19T08:41:06.320+0000] {processor.py:161} INFO - Started process (PID=1363) to work on /opt/airflow/dags/crawl_crypto_prices.py
[2026-03-19T08:41:06.321+0000] {processor.py:830} INFO - Processing file /opt/airflow/dags/crawl_crypto_prices.py for tasks to queue
[2026-03-19T08:41:06.321+0000] {logging_mixin.py:188} INFO - [2026-03-19T08:41:06.321+0000] {dagbag.py:538} INFO - Filling up the DagBag from /opt/airflow/dags/crawl_crypto_prices.py
[2026-03-19T08:41:06.328+0000] {processor.py:840} INFO - DAG(s) 'crawl_crypto_prices' retrieved from /opt/airflow/dags/crawl_crypto_prices.py
[2026-03-19T08:41:06.340+0000] {logging_mixin.py:188} INFO - [2026-03-19T08:41:06.340+0000] {dag.py:3036} INFO - Sync 1 DAGs
[2026-03-19T08:41:06.350+0000] {logging_mixin.py:188} INFO - [2026-03-19T08:41:06.350+0000] {dag.py:3823} INFO - Setting next_dagrun for crawl_crypto_prices to 2026-03-19 08:00:00+00:00, run_after=2026-03-19 09:00:00+00:00
[2026-03-19T08:41:06.356+0000] {processor.py:183} INFO - Processing /opt/airflow/dags/crawl_crypto_prices.py took 0.037 seconds
[2026-03-19T08:42:02.166+0000] {processor.py:161} INFO - Started process (PID=1368) to work on /opt/airflow/dags/crawl_crypto_prices.py
[2026-03-19T08:42:02.167+0000] {processor.py:830} INFO - Processing file /opt/airflow/dags/crawl_crypto_prices.py for tasks to queue
[2026-03-19T08:42:02.167+0000] {logging_mixin.py:188} INFO - [2026-03-19T08:42:02.167+0000] {dagbag.py:538} INFO - Filling up the DagBag from /opt/airflow/dags/crawl_crypto_prices.py
[2026-03-19T08:42:02.177+0000] {processor.py:840} INFO - DAG(s) 'crawl_crypto_prices' retrieved from /opt/airflow/dags/crawl_crypto_prices.py
[2026-03-19T08:42:02.194+0000] {logging_mixin.py:188} INFO - [2026-03-19T08:42:02.193+0000] {dag.py:3036} INFO - Sync 1 DAGs
[2026-03-19T08:42:02.205+0000] {logging_mixin.py:188} INFO - [2026-03-19T08:42:02.204+0000] {dag.py:3823} INFO - Setting next_dagrun for crawl_crypto_prices to 2026-03-19 08:00:00+00:00, run_after=2026-03-19 09:00:00+00:00
[2026-03-19T08:42:02.211+0000] {processor.py:183} INFO - Processing /opt/airflow/dags/crawl_crypto_prices.py took 0.048 seconds
[2026-03-19T08:42:32.481+0000] {processor.py:161} INFO - Started process (PID=1375) to work on /opt/airflow/dags/crawl_crypto_prices.py
[2026-03-19T08:42:32.482+0000] {processor.py:830} INFO - Processing file /opt/airflow/dags/crawl_crypto_prices.py for tasks to queue
[2026-03-19T08:42:32.483+0000] {logging_mixin.py:188} INFO - [2026-03-19T08:42:32.482+0000] {dagbag.py:538} INFO - Filling up the DagBag from /opt/airflow/dags/crawl_crypto_prices.py
[2026-03-19T08:42:32.492+0000] {processor.py:840} INFO - DAG(s) 'crawl_crypto_prices' retrieved from /opt/airflow/dags/crawl_crypto_prices.py
[2026-03-19T08:42:32.509+0000] {logging_mixin.py:188} INFO - [2026-03-19T08:42:32.509+0000] {dag.py:3036} INFO - Sync 1 DAGs
[2026-03-19T08:42:32.518+0000] {logging_mixin.py:188} INFO - [2026-03-19T08:42:32.518+0000] {dag.py:3823} INFO - Setting next_dagrun for crawl_crypto_prices to 2026-03-19 08:00:00+00:00, run_after=2026-03-19 09:00:00+00:00
[2026-03-19T08:42:32.524+0000] {processor.py:183} INFO - Processing /opt/airflow/dags/crawl_crypto_prices.py took 0.046 seconds
[2026-03-19T08:43:02.746+0000] {processor.py:161} INFO - Started process (PID=1380) to work on /opt/airflow/dags/crawl_crypto_prices.py
[2026-03-19T08:43:02.747+0000] {processor.py:830} INFO - Processing file /opt/airflow/dags/crawl_crypto_prices.py for tasks to queue
[2026-03-19T08:43:02.748+0000] {logging_mixin.py:188} INFO - [2026-03-19T08:43:02.748+0000] {dagbag.py:538} INFO - Filling up the DagBag from /opt/airflow/dags/crawl_crypto_prices.py
[2026-03-19T08:43:02.758+0000] {processor.py:840} INFO - DAG(s) 'crawl_crypto_prices' retrieved from /opt/airflow/dags/crawl_crypto_prices.py
[2026-03-19T08:43:02.777+0000] {logging_mixin.py:188} INFO - [2026-03-19T08:43:02.777+0000] {dag.py:3036} INFO - Sync 1 DAGs
[2026-03-19T08:43:02.788+0000] {logging_mixin.py:188} INFO - [2026-03-19T08:43:02.788+0000] {dag.py:3823} INFO - Setting next_dagrun for crawl_crypto_prices to 2026-03-19 08:00:00+00:00, run_after=2026-03-19 09:00:00+00:00
[2026-03-19T08:43:02.794+0000] {processor.py:183} INFO - Processing /opt/airflow/dags/crawl_crypto_prices.py took 0.051 seconds
[2026-03-19T08:43:32.993+0000] {processor.py:161} INFO - Started process (PID=1385) to work on /opt/airflow/dags/crawl_crypto_prices.py
[2026-03-19T08:43:32.994+0000] {processor.py:830} INFO - Processing file /opt/airflow/dags/crawl_crypto_prices.py for tasks to queue
[2026-03-19T08:43:32.994+0000] {logging_mixin.py:188} INFO - [2026-03-19T08:43:32.994+0000] {dagbag.py:538} INFO - Filling up the DagBag from /opt/airflow/dags/crawl_crypto_prices.py
[2026-03-19T08:43:33.003+0000] {processor.py:840} INFO - DAG(s) 'crawl_crypto_prices' retrieved from /opt/airflow/dags/crawl_crypto_prices.py
[2026-03-19T08:43:33.020+0000] {logging_mixin.py:188} INFO - [2026-03-19T08:43:33.020+0000] {dag.py:3036} INFO - Sync 1 DAGs
[2026-03-19T08:43:33.030+0000] {logging_mixin.py:188} INFO - [2026-03-19T08:43:33.030+0000] {dag.py:3823} INFO - Setting next_dagrun for crawl_crypto_prices to 2026-03-19 08:00:00+00:00, run_after=2026-03-19 09:00:00+00:00
[2026-03-19T08:43:33.036+0000] {processor.py:183} INFO - Processing /opt/airflow/dags/crawl_crypto_prices.py took 0.046 seconds
[2026-03-19T08:46:00.057+0000] {processor.py:161} INFO - Started process (PID=1390) to work on /opt/airflow/dags/crawl_crypto_prices.py
[2026-03-19T08:46:00.058+0000] {processor.py:830} INFO - Processing file /opt/airflow/dags/crawl_crypto_prices.py for tasks to queue
[2026-03-19T08:46:00.059+0000] {logging_mixin.py:188} INFO - [2026-03-19T08:46:00.058+0000] {dagbag.py:538} INFO - Filling up the DagBag from /opt/airflow/dags/crawl_crypto_prices.py
[2026-03-19T08:46:00.070+0000] {processor.py:840} INFO - DAG(s) 'crawl_crypto_prices' retrieved from /opt/airflow/dags/crawl_crypto_prices.py
[2026-03-19T08:46:00.097+0000] {logging_mixin.py:188} INFO - [2026-03-19T08:46:00.097+0000] {dag.py:3036} INFO - Sync 1 DAGs
[2026-03-19T08:46:00.111+0000] {logging_mixin.py:188} INFO - [2026-03-19T08:46:00.111+0000] {dag.py:3823} INFO - Setting next_dagrun for crawl_crypto_prices to 2026-03-19 08:00:00+00:00, run_after=2026-03-19 09:00:00+00:00
[2026-03-19T08:46:00.126+0000] {processor.py:183} INFO - Processing /opt/airflow/dags/crawl_crypto_prices.py took 0.071 seconds
[2026-03-19T08:46:30.375+0000] {processor.py:161} INFO - Started process (PID=1397) to work on /opt/airflow/dags/crawl_crypto_prices.py
[2026-03-19T08:46:30.376+0000] {processor.py:830} INFO - Processing file /opt/airflow/dags/crawl_crypto_prices.py for tasks to queue
[2026-03-19T08:46:30.377+0000] {logging_mixin.py:188} INFO - [2026-03-19T08:46:30.377+0000] {dagbag.py:538} INFO - Filling up the DagBag from /opt/airflow/dags/crawl_crypto_prices.py
[2026-03-19T08:46:30.388+0000] {processor.py:840} INFO - DAG(s) 'crawl_crypto_prices' retrieved from /opt/airflow/dags/crawl_crypto_prices.py
[2026-03-19T08:46:30.405+0000] {logging_mixin.py:188} INFO - [2026-03-19T08:46:30.405+0000] {dag.py:3036} INFO - Sync 1 DAGs
[2026-03-19T08:46:30.416+0000] {logging_mixin.py:188} INFO - [2026-03-19T08:46:30.416+0000] {dag.py:3823} INFO - Setting next_dagrun for crawl_crypto_prices to 2026-03-19 08:00:00+00:00, run_after=2026-03-19 09:00:00+00:00
[2026-03-19T08:46:30.423+0000] {processor.py:183} INFO - Processing /opt/airflow/dags/crawl_crypto_prices.py took 0.052 seconds
[2026-03-19T08:47:00.726+0000] {processor.py:161} INFO - Started process (PID=1402) to work on /opt/airflow/dags/crawl_crypto_prices.py
[2026-03-19T08:47:00.726+0000] {processor.py:830} INFO - Processing file /opt/airflow/dags/crawl_crypto_prices.py for tasks to queue
[2026-03-19T08:47:00.727+0000] {logging_mixin.py:188} INFO - [2026-03-19T08:47:00.727+0000] {dagbag.py:538} INFO - Filling up the DagBag from /opt/airflow/dags/crawl_crypto_prices.py
[2026-03-19T08:47:00.737+0000] {processor.py:840} INFO - DAG(s) 'crawl_crypto_prices' retrieved from /opt/airflow/dags/crawl_crypto_prices.py
[2026-03-19T08:47:00.754+0000] {logging_mixin.py:188} INFO - [2026-03-19T08:47:00.754+0000] {dag.py:3036} INFO - Sync 1 DAGs
[2026-03-19T08:47:00.764+0000] {logging_mixin.py:188} INFO - [2026-03-19T08:47:00.764+0000] {dag.py:3823} INFO - Setting next_dagrun for crawl_crypto_prices to 2026-03-19 08:00:00+00:00, run_after=2026-03-19 09:00:00+00:00
[2026-03-19T08:47:00.770+0000] {processor.py:183} INFO - Processing /opt/airflow/dags/crawl_crypto_prices.py took 0.047 seconds
[2026-03-19T08:47:31.037+0000] {processor.py:161} INFO - Started process (PID=1407) to work on /opt/airflow/dags/crawl_crypto_prices.py
[2026-03-19T08:47:31.038+0000] {processor.py:830} INFO - Processing file /opt/airflow/dags/crawl_crypto_prices.py for tasks to queue
[2026-03-19T08:47:31.038+0000] {logging_mixin.py:188} INFO - [2026-03-19T08:47:31.038+0000] {dagbag.py:538} INFO - Filling up the DagBag from /opt/airflow/dags/crawl_crypto_prices.py
[2026-03-19T08:47:31.049+0000] {processor.py:840} INFO - DAG(s) 'crawl_crypto_prices' retrieved from /opt/airflow/dags/crawl_crypto_prices.py
[2026-03-19T08:47:31.068+0000] {logging_mixin.py:188} INFO - [2026-03-19T08:47:31.067+0000] {dag.py:3036} INFO - Sync 1 DAGs
[2026-03-19T08:47:31.077+0000] {logging_mixin.py:188} INFO - [2026-03-19T08:47:31.077+0000] {dag.py:3823} INFO - Setting next_dagrun for crawl_crypto_prices to 2026-03-19 08:00:00+00:00, run_after=2026-03-19 09:00:00+00:00
[2026-03-19T08:47:31.084+0000] {processor.py:183} INFO - Processing /opt/airflow/dags/crawl_crypto_prices.py took 0.050 seconds
[2026-03-19T08:48:01.386+0000] {processor.py:161} INFO - Started process (PID=1412) to work on /opt/airflow/dags/crawl_crypto_prices.py
[2026-03-19T08:48:01.387+0000] {processor.py:830} INFO - Processing file /opt/airflow/dags/crawl_crypto_prices.py for tasks to queue
[2026-03-19T08:48:01.388+0000] {logging_mixin.py:188} INFO - [2026-03-19T08:48:01.387+0000] {dagbag.py:538} INFO - Filling up the DagBag from /opt/airflow/dags/crawl_crypto_prices.py
[2026-03-19T08:48:01.398+0000] {processor.py:840} INFO - DAG(s) 'crawl_crypto_prices' retrieved from /opt/airflow/dags/crawl_crypto_prices.py
[2026-03-19T08:48:01.416+0000] {logging_mixin.py:188} INFO - [2026-03-19T08:48:01.415+0000] {dag.py:3036} INFO - Sync 1 DAGs
[2026-03-19T08:48:01.425+0000] {logging_mixin.py:188} INFO - [2026-03-19T08:48:01.425+0000] {dag.py:3823} INFO - Setting next_dagrun for crawl_crypto_prices to 2026-03-19 08:00:00+00:00, run_after=2026-03-19 09:00:00+00:00
[2026-03-19T08:48:01.432+0000] {processor.py:183} INFO - Processing /opt/airflow/dags/crawl_crypto_prices.py took 0.049 seconds
[2026-03-19T08:48:31.703+0000] {processor.py:161} INFO - Started process (PID=1417) to work on /opt/airflow/dags/crawl_crypto_prices.py
[2026-03-19T08:48:31.704+0000] {processor.py:830} INFO - Processing file /opt/airflow/dags/crawl_crypto_prices.py for tasks to queue
[2026-03-19T08:48:31.704+0000] {logging_mixin.py:188} INFO - [2026-03-19T08:48:31.704+0000] {dagbag.py:538} INFO - Filling up the DagBag from /opt/airflow/dags/crawl_crypto_prices.py
[2026-03-19T08:48:31.714+0000] {processor.py:840} INFO - DAG(s) 'crawl_crypto_prices' retrieved from /opt/airflow/dags/crawl_crypto_prices.py
[2026-03-19T08:48:31.732+0000] {logging_mixin.py:188} INFO - [2026-03-19T08:48:31.732+0000] {dag.py:3036} INFO - Sync 1 DAGs
[2026-03-19T08:48:31.743+0000] {logging_mixin.py:188} INFO - [2026-03-19T08:48:31.743+0000] {dag.py:3823} INFO - Setting next_dagrun for crawl_crypto_prices to 2026-03-19 08:00:00+00:00, run_after=2026-03-19 09:00:00+00:00
[2026-03-19T08:48:31.749+0000] {processor.py:183} INFO - Processing /opt/airflow/dags/crawl_crypto_prices.py took 0.050 seconds
[2026-03-19T08:51:15.977+0000] {processor.py:161} INFO - Started process (PID=1422) to work on /opt/airflow/dags/crawl_crypto_prices.py
[2026-03-19T08:51:15.978+0000] {processor.py:830} INFO - Processing file /opt/airflow/dags/crawl_crypto_prices.py for tasks to queue
[2026-03-19T08:51:15.979+0000] {logging_mixin.py:188} INFO - [2026-03-19T08:51:15.979+0000] {dagbag.py:538} INFO - Filling up the DagBag from /opt/airflow/dags/crawl_crypto_prices.py
[2026-03-19T08:51:15.992+0000] {processor.py:840} INFO - DAG(s) 'crawl_crypto_prices' retrieved from /opt/airflow/dags/crawl_crypto_prices.py
[2026-03-19T08:51:16.014+0000] {logging_mixin.py:188} INFO - [2026-03-19T08:51:16.014+0000] {dag.py:3036} INFO - Sync 1 DAGs
[2026-03-19T08:51:16.025+0000] {logging_mixin.py:188} INFO - [2026-03-19T08:51:16.024+0000] {dag.py:3823} INFO - Setting next_dagrun for crawl_crypto_prices to 2026-03-19 08:00:00+00:00, run_after=2026-03-19 09:00:00+00:00
[2026-03-19T08:51:16.031+0000] {processor.py:183} INFO - Processing /opt/airflow/dags/crawl_crypto_prices.py took 0.058 seconds
[2026-03-19T08:51:46.294+0000] {processor.py:161} INFO - Started process (PID=1429) to work on /opt/airflow/dags/crawl_crypto_prices.py
[2026-03-19T08:51:46.295+0000] {processor.py:830} INFO - Processing file /opt/airflow/dags/crawl_crypto_prices.py for tasks to queue
[2026-03-19T08:51:46.296+0000] {logging_mixin.py:188} INFO - [2026-03-19T08:51:46.296+0000] {dagbag.py:538} INFO - Filling up the DagBag from /opt/airflow/dags/crawl_crypto_prices.py
[2026-03-19T08:51:46.306+0000] {processor.py:840} INFO - DAG(s) 'crawl_crypto_prices' retrieved from /opt/airflow/dags/crawl_crypto_prices.py
[2026-03-19T08:51:46.325+0000] {logging_mixin.py:188} INFO - [2026-03-19T08:51:46.325+0000] {dag.py:3036} INFO - Sync 1 DAGs
[2026-03-19T08:51:46.336+0000] {logging_mixin.py:188} INFO - [2026-03-19T08:51:46.336+0000] {dag.py:3823} INFO - Setting next_dagrun for crawl_crypto_prices to 2026-03-19 08:00:00+00:00, run_after=2026-03-19 09:00:00+00:00
[2026-03-19T08:51:46.342+0000] {processor.py:183} INFO - Processing /opt/airflow/dags/crawl_crypto_prices.py took 0.051 seconds
[2026-03-19T08:52:16.605+0000] {processor.py:161} INFO - Started process (PID=1434) to work on /opt/airflow/dags/crawl_crypto_prices.py
[2026-03-19T08:52:16.606+0000] {processor.py:830} INFO - Processing file /opt/airflow/dags/crawl_crypto_prices.py for tasks to queue
[2026-03-19T08:52:16.607+0000] {logging_mixin.py:188} INFO - [2026-03-19T08:52:16.607+0000] {dagbag.py:538} INFO - Filling up the DagBag from /opt/airflow/dags/crawl_crypto_prices.py
[2026-03-19T08:52:16.617+0000] {processor.py:840} INFO - DAG(s) 'crawl_crypto_prices' retrieved from /opt/airflow/dags/crawl_crypto_prices.py
[2026-03-19T08:52:16.635+0000] {logging_mixin.py:188} INFO - [2026-03-19T08:52:16.634+0000] {dag.py:3036} INFO - Sync 1 DAGs
[2026-03-19T08:52:16.644+0000] {logging_mixin.py:188} INFO - [2026-03-19T08:52:16.644+0000] {dag.py:3823} INFO - Setting next_dagrun for crawl_crypto_prices to 2026-03-19 08:00:00+00:00, run_after=2026-03-19 09:00:00+00:00
[2026-03-19T08:52:16.651+0000] {processor.py:183} INFO - Processing /opt/airflow/dags/crawl_crypto_prices.py took 0.048 seconds
[2026-03-19T08:52:46.961+0000] {processor.py:161} INFO - Started process (PID=1439) to work on /opt/airflow/dags/crawl_crypto_prices.py
[2026-03-19T08:52:46.962+0000] {processor.py:830} INFO - Processing file /opt/airflow/dags/crawl_crypto_prices.py for tasks to queue
[2026-03-19T08:52:46.963+0000] {logging_mixin.py:188} INFO - [2026-03-19T08:52:46.962+0000] {dagbag.py:538} INFO - Filling up the DagBag from /opt/airflow/dags/crawl_crypto_prices.py
[2026-03-19T08:52:46.973+0000] {processor.py:840} INFO - DAG(s) 'crawl_crypto_prices' retrieved from /opt/airflow/dags/crawl_crypto_prices.py
[2026-03-19T08:52:46.988+0000] {logging_mixin.py:188} INFO - [2026-03-19T08:52:46.988+0000] {dag.py:3036} INFO - Sync 1 DAGs
[2026-03-19T08:52:46.998+0000] {logging_mixin.py:188} INFO - [2026-03-19T08:52:46.998+0000] {dag.py:3823} INFO - Setting next_dagrun for crawl_crypto_prices to 2026-03-19 08:00:00+00:00, run_after=2026-03-19 09:00:00+00:00
[2026-03-19T08:52:47.004+0000] {processor.py:183} INFO - Processing /opt/airflow/dags/crawl_crypto_prices.py took 0.046 seconds
[2026-03-19T09:07:25.990+0000] {processor.py:161} INFO - Started process (PID=1445) to work on /opt/airflow/dags/crawl_crypto_prices.py
[2026-03-19T09:07:25.991+0000] {processor.py:830} INFO - Processing file /opt/airflow/dags/crawl_crypto_prices.py for tasks to queue
[2026-03-19T09:07:25.992+0000] {logging_mixin.py:188} INFO - [2026-03-19T09:07:25.992+0000] {dagbag.py:538} INFO - Filling up the DagBag from /opt/airflow/dags/crawl_crypto_prices.py
[2026-03-19T09:07:26.006+0000] {processor.py:840} INFO - DAG(s) 'crawl_crypto_prices' retrieved from /opt/airflow/dags/crawl_crypto_prices.py
[2026-03-19T09:07:26.038+0000] {logging_mixin.py:188} INFO - [2026-03-19T09:07:26.037+0000] {dag.py:3036} INFO - Sync 1 DAGs
[2026-03-19T09:07:26.057+0000] {logging_mixin.py:188} INFO - [2026-03-19T09:07:26.057+0000] {dag.py:3823} INFO - Setting next_dagrun for crawl_crypto_prices to 2026-03-19 09:00:00+00:00, run_after=2026-03-19 10:00:00+00:00
[2026-03-19T09:07:26.072+0000] {processor.py:183} INFO - Processing /opt/airflow/dags/crawl_crypto_prices.py took 0.085 seconds
[2026-03-19T09:19:22.742+0000] {processor.py:161} INFO - Started process (PID=1453) to work on /opt/airflow/dags/crawl_crypto_prices.py
[2026-03-19T09:19:22.743+0000] {processor.py:830} INFO - Processing file /opt/airflow/dags/crawl_crypto_prices.py for tasks to queue
[2026-03-19T09:19:22.744+0000] {logging_mixin.py:188} INFO - [2026-03-19T09:19:22.744+0000] {dagbag.py:538} INFO - Filling up the DagBag from /opt/airflow/dags/crawl_crypto_prices.py
[2026-03-19T09:19:22.759+0000] {processor.py:840} INFO - DAG(s) 'crawl_crypto_prices' retrieved from /opt/airflow/dags/crawl_crypto_prices.py
[2026-03-19T09:19:22.776+0000] {logging_mixin.py:188} INFO - [2026-03-19T09:19:22.776+0000] {dag.py:3036} INFO - Sync 1 DAGs
[2026-03-19T09:19:22.785+0000] {logging_mixin.py:188} INFO - [2026-03-19T09:19:22.785+0000] {dag.py:3823} INFO - Setting next_dagrun for crawl_crypto_prices to 2026-03-19 09:00:00+00:00, run_after=2026-03-19 10:00:00+00:00
[2026-03-19T09:19:22.792+0000] {processor.py:183} INFO - Processing /opt/airflow/dags/crawl_crypto_prices.py took 0.055 seconds
[2026-03-19T09:19:53.045+0000] {processor.py:161} INFO - Started process (PID=1458) to work on /opt/airflow/dags/crawl_crypto_prices.py
[2026-03-19T09:19:53.046+0000] {processor.py:830} INFO - Processing file /opt/airflow/dags/crawl_crypto_prices.py for tasks to queue
[2026-03-19T09:19:53.047+0000] {logging_mixin.py:188} INFO - [2026-03-19T09:19:53.047+0000] {dagbag.py:538} INFO - Filling up the DagBag from /opt/airflow/dags/crawl_crypto_prices.py
[2026-03-19T09:19:53.057+0000] {processor.py:840} INFO - DAG(s) 'crawl_crypto_prices' retrieved from /opt/airflow/dags/crawl_crypto_prices.py
[2026-03-19T09:19:53.075+0000] {logging_mixin.py:188} INFO - [2026-03-19T09:19:53.075+0000] {dag.py:3036} INFO - Sync 1 DAGs
[2026-03-19T09:19:53.085+0000] {logging_mixin.py:188} INFO - [2026-03-19T09:19:53.085+0000] {dag.py:3823} INFO - Setting next_dagrun for crawl_crypto_prices to 2026-03-19 09:00:00+00:00, run_after=2026-03-19 10:00:00+00:00
[2026-03-19T09:19:53.091+0000] {processor.py:183} INFO - Processing /opt/airflow/dags/crawl_crypto_prices.py took 0.050 seconds
[2026-03-19T09:20:23.375+0000] {processor.py:161} INFO - Started process (PID=1463) to work on /opt/airflow/dags/crawl_crypto_prices.py
[2026-03-19T09:20:23.376+0000] {processor.py:830} INFO - Processing file /opt/airflow/dags/crawl_crypto_prices.py for tasks to queue
[2026-03-19T09:20:23.377+0000] {logging_mixin.py:188} INFO - [2026-03-19T09:20:23.377+0000] {dagbag.py:538} INFO - Filling up the DagBag from /opt/airflow/dags/crawl_crypto_prices.py
[2026-03-19T09:20:23.390+0000] {processor.py:840} INFO - DAG(s) 'crawl_crypto_prices' retrieved from /opt/airflow/dags/crawl_crypto_prices.py
[2026-03-19T09:20:23.410+0000] {logging_mixin.py:188} INFO - [2026-03-19T09:20:23.410+0000] {dag.py:3036} INFO - Sync 1 DAGs
[2026-03-19T09:20:23.421+0000] {logging_mixin.py:188} INFO - [2026-03-19T09:20:23.421+0000] {dag.py:3823} INFO - Setting next_dagrun for crawl_crypto_prices to 2026-03-19 09:00:00+00:00, run_after=2026-03-19 10:00:00+00:00
[2026-03-19T09:20:23.427+0000] {processor.py:183} INFO - Processing /opt/airflow/dags/crawl_crypto_prices.py took 0.056 seconds
[2026-03-19T09:20:53.697+0000] {processor.py:161} INFO - Started process (PID=1468) to work on /opt/airflow/dags/crawl_crypto_prices.py
[2026-03-19T09:20:53.698+0000] {processor.py:830} INFO - Processing file /opt/airflow/dags/crawl_crypto_prices.py for tasks to queue
[2026-03-19T09:20:53.699+0000] {logging_mixin.py:188} INFO - [2026-03-19T09:20:53.698+0000] {dagbag.py:538} INFO - Filling up the DagBag from /opt/airflow/dags/crawl_crypto_prices.py
[2026-03-19T09:20:53.709+0000] {processor.py:840} INFO - DAG(s) 'crawl_crypto_prices' retrieved from /opt/airflow/dags/crawl_crypto_prices.py
[2026-03-19T09:20:53.727+0000] {logging_mixin.py:188} INFO - [2026-03-19T09:20:53.727+0000] {dag.py:3036} INFO - Sync 1 DAGs
[2026-03-19T09:20:53.738+0000] {logging_mixin.py:188} INFO - [2026-03-19T09:20:53.738+0000] {dag.py:3823} INFO - Setting next_dagrun for crawl_crypto_prices to 2026-03-19 09:00:00+00:00, run_after=2026-03-19 10:00:00+00:00
[2026-03-19T09:20:53.744+0000] {processor.py:183} INFO - Processing /opt/airflow/dags/crawl_crypto_prices.py took 0.051 seconds
[2026-03-19T09:21:23.988+0000] {processor.py:161} INFO - Started process (PID=1473) to work on /opt/airflow/dags/crawl_crypto_prices.py
[2026-03-19T09:21:23.989+0000] {processor.py:830} INFO - Processing file /opt/airflow/dags/crawl_crypto_prices.py for tasks to queue
[2026-03-19T09:21:23.990+0000] {logging_mixin.py:188} INFO - [2026-03-19T09:21:23.989+0000] {dagbag.py:538} INFO - Filling up the DagBag from /opt/airflow/dags/crawl_crypto_prices.py
[2026-03-19T09:21:23.999+0000] {processor.py:840} INFO - DAG(s) 'crawl_crypto_prices' retrieved from /opt/airflow/dags/crawl_crypto_prices.py
[2026-03-19T09:21:24.017+0000] {logging_mixin.py:188} INFO - [2026-03-19T09:21:24.017+0000] {dag.py:3036} INFO - Sync 1 DAGs
[2026-03-19T09:21:24.027+0000] {logging_mixin.py:188} INFO - [2026-03-19T09:21:24.027+0000] {dag.py:3823} INFO - Setting next_dagrun for crawl_crypto_prices to 2026-03-19 09:00:00+00:00, run_after=2026-03-19 10:00:00+00:00
[2026-03-19T09:21:24.033+0000] {processor.py:183} INFO - Processing /opt/airflow/dags/crawl_crypto_prices.py took 0.048 seconds
[2026-03-19T09:21:54.307+0000] {processor.py:161} INFO - Started process (PID=1478) to work on /opt/airflow/dags/crawl_crypto_prices.py
[2026-03-19T09:21:54.308+0000] {processor.py:830} INFO - Processing file /opt/airflow/dags/crawl_crypto_prices.py for tasks to queue
[2026-03-19T09:21:54.309+0000] {logging_mixin.py:188} INFO - [2026-03-19T09:21:54.308+0000] {dagbag.py:538} INFO - Filling up the DagBag from /opt/airflow/dags/crawl_crypto_prices.py
[2026-03-19T09:21:54.319+0000] {processor.py:840} INFO - DAG(s) 'crawl_crypto_prices' retrieved from /opt/airflow/dags/crawl_crypto_prices.py
[2026-03-19T09:21:54.338+0000] {logging_mixin.py:188} INFO - [2026-03-19T09:21:54.338+0000] {dag.py:3036} INFO - Sync 1 DAGs
[2026-03-19T09:21:54.348+0000] {logging_mixin.py:188} INFO - [2026-03-19T09:21:54.348+0000] {dag.py:3823} INFO - Setting next_dagrun for crawl_crypto_prices to 2026-03-19 09:00:00+00:00, run_after=2026-03-19 10:00:00+00:00
[2026-03-19T09:21:54.355+0000] {processor.py:183} INFO - Processing /opt/airflow/dags/crawl_crypto_prices.py took 0.051 seconds
[2026-03-19T09:23:00.108+0000] {processor.py:161} INFO - Started process (PID=1483) to work on /opt/airflow/dags/crawl_crypto_prices.py
[2026-03-19T09:23:00.109+0000] {processor.py:830} INFO - Processing file /opt/airflow/dags/crawl_crypto_prices.py for tasks to queue
[2026-03-19T09:23:00.110+0000] {logging_mixin.py:188} INFO - [2026-03-19T09:23:00.109+0000] {dagbag.py:538} INFO - Filling up the DagBag from /opt/airflow/dags/crawl_crypto_prices.py
[2026-03-19T09:23:00.121+0000] {processor.py:840} INFO - DAG(s) 'crawl_crypto_prices' retrieved from /opt/airflow/dags/crawl_crypto_prices.py
[2026-03-19T09:23:00.141+0000] {logging_mixin.py:188} INFO - [2026-03-19T09:23:00.141+0000] {dag.py:3036} INFO - Sync 1 DAGs
[2026-03-19T09:23:00.151+0000] {logging_mixin.py:188} INFO - [2026-03-19T09:23:00.151+0000] {dag.py:3823} INFO - Setting next_dagrun for crawl_crypto_prices to 2026-03-19 09:00:00+00:00, run_after=2026-03-19 10:00:00+00:00
[2026-03-19T09:23:00.157+0000] {processor.py:183} INFO - Processing /opt/airflow/dags/crawl_crypto_prices.py took 0.053 seconds
[2026-03-19T09:23:30.370+0000] {processor.py:161} INFO - Started process (PID=1488) to work on /opt/airflow/dags/crawl_crypto_prices.py
[2026-03-19T09:23:30.371+0000] {processor.py:830} INFO - Processing file /opt/airflow/dags/crawl_crypto_prices.py for tasks to queue
[2026-03-19T09:23:30.372+0000] {logging_mixin.py:188} INFO - [2026-03-19T09:23:30.371+0000] {dagbag.py:538} INFO - Filling up the DagBag from /opt/airflow/dags/crawl_crypto_prices.py
[2026-03-19T09:23:30.378+0000] {processor.py:840} INFO - DAG(s) 'crawl_crypto_prices' retrieved from /opt/airflow/dags/crawl_crypto_prices.py
[2026-03-19T09:23:30.397+0000] {logging_mixin.py:188} INFO - [2026-03-19T09:23:30.397+0000] {dag.py:3036} INFO - Sync 1 DAGs
[2026-03-19T09:23:30.409+0000] {logging_mixin.py:188} INFO - [2026-03-19T09:23:30.409+0000] {dag.py:3823} INFO - Setting next_dagrun for crawl_crypto_prices to 2026-03-19 09:00:00+00:00, run_after=2026-03-19 10:00:00+00:00
[2026-03-19T09:23:30.417+0000] {processor.py:183} INFO - Processing /opt/airflow/dags/crawl_crypto_prices.py took 0.049 seconds
[2026-03-19T09:24:00.711+0000] {processor.py:161} INFO - Started process (PID=1493) to work on /opt/airflow/dags/crawl_crypto_prices.py
[2026-03-19T09:24:00.711+0000] {processor.py:830} INFO - Processing file /opt/airflow/dags/crawl_crypto_prices.py for tasks to queue
[2026-03-19T09:24:00.712+0000] {logging_mixin.py:188} INFO - [2026-03-19T09:24:00.712+0000] {dagbag.py:538} INFO - Filling up the DagBag from /opt/airflow/dags/crawl_crypto_prices.py
[2026-03-19T09:24:00.721+0000] {processor.py:840} INFO - DAG(s) 'crawl_crypto_prices' retrieved from /opt/airflow/dags/crawl_crypto_prices.py
[2026-03-19T09:24:00.735+0000] {logging_mixin.py:188} INFO - [2026-03-19T09:24:00.735+0000] {dag.py:3036} INFO - Sync 1 DAGs
[2026-03-19T09:24:00.745+0000] {logging_mixin.py:188} INFO - [2026-03-19T09:24:00.745+0000] {dag.py:3823} INFO - Setting next_dagrun for crawl_crypto_prices to 2026-03-19 09:00:00+00:00, run_after=2026-03-19 10:00:00+00:00
[2026-03-19T09:24:00.751+0000] {processor.py:183} INFO - Processing /opt/airflow/dags/crawl_crypto_prices.py took 0.043 seconds
[2026-03-19T09:24:31.056+0000] {processor.py:161} INFO - Started process (PID=1498) to work on /opt/airflow/dags/crawl_crypto_prices.py
[2026-03-19T09:24:31.056+0000] {processor.py:830} INFO - Processing file /opt/airflow/dags/crawl_crypto_prices.py for tasks to queue
[2026-03-19T09:24:31.057+0000] {logging_mixin.py:188} INFO - [2026-03-19T09:24:31.057+0000] {dagbag.py:538} INFO - Filling up the DagBag from /opt/airflow/dags/crawl_crypto_prices.py
[2026-03-19T09:24:31.064+0000] {processor.py:840} INFO - DAG(s) 'crawl_crypto_prices' retrieved from /opt/airflow/dags/crawl_crypto_prices.py
[2026-03-19T09:24:31.077+0000] {logging_mixin.py:188} INFO - [2026-03-19T09:24:31.077+0000] {dag.py:3036} INFO - Sync 1 DAGs
[2026-03-19T09:24:31.086+0000] {logging_mixin.py:188} INFO - [2026-03-19T09:24:31.086+0000] {dag.py:3823} INFO - Setting next_dagrun for crawl_crypto_prices to 2026-03-19 09:00:00+00:00, run_after=2026-03-19 10:00:00+00:00
[2026-03-19T09:24:31.092+0000] {processor.py:183} INFO - Processing /opt/airflow/dags/crawl_crypto_prices.py took 0.038 seconds
[2026-03-19T09:25:01.381+0000] {processor.py:161} INFO - Started process (PID=1503) to work on /opt/airflow/dags/crawl_crypto_prices.py
[2026-03-19T09:25:01.383+0000] {processor.py:830} INFO - Processing file /opt/airflow/dags/crawl_crypto_prices.py for tasks to queue
[2026-03-19T09:25:01.383+0000] {logging_mixin.py:188} INFO - [2026-03-19T09:25:01.383+0000] {dagbag.py:538} INFO - Filling up the DagBag from /opt/airflow/dags/crawl_crypto_prices.py
[2026-03-19T09:25:01.395+0000] {processor.py:840} INFO - DAG(s) 'crawl_crypto_prices' retrieved from /opt/airflow/dags/crawl_crypto_prices.py
[2026-03-19T09:25:01.417+0000] {logging_mixin.py:188} INFO - [2026-03-19T09:25:01.417+0000] {dag.py:3036} INFO - Sync 1 DAGs
[2026-03-19T09:25:01.429+0000] {logging_mixin.py:188} INFO - [2026-03-19T09:25:01.429+0000] {dag.py:3823} INFO - Setting next_dagrun for crawl_crypto_prices to 2026-03-19 09:00:00+00:00, run_after=2026-03-19 10:00:00+00:00
[2026-03-19T09:25:01.436+0000] {processor.py:183} INFO - Processing /opt/airflow/dags/crawl_crypto_prices.py took 0.058 seconds
[2026-03-19T09:25:31.728+0000] {processor.py:161} INFO - Started process (PID=1508) to work on /opt/airflow/dags/crawl_crypto_prices.py
[2026-03-19T09:25:31.729+0000] {processor.py:830} INFO - Processing file /opt/airflow/dags/crawl_crypto_prices.py for tasks to queue
[2026-03-19T09:25:31.730+0000] {logging_mixin.py:188} INFO - [2026-03-19T09:25:31.730+0000] {dagbag.py:538} INFO - Filling up the DagBag from /opt/airflow/dags/crawl_crypto_prices.py
[2026-03-19T09:25:31.741+0000] {processor.py:840} INFO - DAG(s) 'crawl_crypto_prices' retrieved from /opt/airflow/dags/crawl_crypto_prices.py
[2026-03-19T09:25:31.755+0000] {logging_mixin.py:188} INFO - [2026-03-19T09:25:31.755+0000] {dag.py:3036} INFO - Sync 1 DAGs
[2026-03-19T09:25:31.766+0000] {logging_mixin.py:188} INFO - [2026-03-19T09:25:31.765+0000] {dag.py:3823} INFO - Setting next_dagrun for crawl_crypto_prices to 2026-03-19 09:00:00+00:00, run_after=2026-03-19 10:00:00+00:00
[2026-03-19T09:25:31.773+0000] {processor.py:183} INFO - Processing /opt/airflow/dags/crawl_crypto_prices.py took 0.048 seconds
[2026-03-19T09:26:02.021+0000] {processor.py:161} INFO - Started process (PID=1513) to work on /opt/airflow/dags/crawl_crypto_prices.py
[2026-03-19T09:26:02.022+0000] {processor.py:830} INFO - Processing file /opt/airflow/dags/crawl_crypto_prices.py for tasks to queue
[2026-03-19T09:26:02.023+0000] {logging_mixin.py:188} INFO - [2026-03-19T09:26:02.022+0000] {dagbag.py:538} INFO - Filling up the DagBag from /opt/airflow/dags/crawl_crypto_prices.py
[2026-03-19T09:26:02.032+0000] {processor.py:840} INFO - DAG(s) 'crawl_crypto_prices' retrieved from /opt/airflow/dags/crawl_crypto_prices.py
[2026-03-19T09:26:02.045+0000] {logging_mixin.py:188} INFO - [2026-03-19T09:26:02.045+0000] {dag.py:3036} INFO - Sync 1 DAGs
[2026-03-19T09:26:02.054+0000] {logging_mixin.py:188} INFO - [2026-03-19T09:26:02.054+0000] {dag.py:3823} INFO - Setting next_dagrun for crawl_crypto_prices to 2026-03-19 09:00:00+00:00, run_after=2026-03-19 10:00:00+00:00
[2026-03-19T09:26:02.061+0000] {processor.py:183} INFO - Processing /opt/airflow/dags/crawl_crypto_prices.py took 0.044 seconds
[2026-03-19T09:26:32.308+0000] {processor.py:161} INFO - Started process (PID=1518) to work on /opt/airflow/dags/crawl_crypto_prices.py
[2026-03-19T09:26:32.308+0000] {processor.py:830} INFO - Processing file /opt/airflow/dags/crawl_crypto_prices.py for tasks to queue
[2026-03-19T09:26:32.309+0000] {logging_mixin.py:188} INFO - [2026-03-19T09:26:32.309+0000] {dagbag.py:538} INFO - Filling up the DagBag from /opt/airflow/dags/crawl_crypto_prices.py
[2026-03-19T09:26:32.318+0000] {processor.py:840} INFO - DAG(s) 'crawl_crypto_prices' retrieved from /opt/airflow/dags/crawl_crypto_prices.py
[2026-03-19T09:26:32.332+0000] {logging_mixin.py:188} INFO - [2026-03-19T09:26:32.332+0000] {dag.py:3036} INFO - Sync 1 DAGs
[2026-03-19T09:26:32.342+0000] {logging_mixin.py:188} INFO - [2026-03-19T09:26:32.342+0000] {dag.py:3823} INFO - Setting next_dagrun for crawl_crypto_prices to 2026-03-19 09:00:00+00:00, run_after=2026-03-19 10:00:00+00:00
[2026-03-19T09:26:32.348+0000] {processor.py:183} INFO - Processing /opt/airflow/dags/crawl_crypto_prices.py took 0.043 seconds
[2026-03-19T09:27:02.571+0000] {processor.py:161} INFO - Started process (PID=1523) to work on /opt/airflow/dags/crawl_crypto_prices.py
[2026-03-19T09:27:02.572+0000] {processor.py:830} INFO - Processing file /opt/airflow/dags/crawl_crypto_prices.py for tasks to queue
[2026-03-19T09:27:02.573+0000] {logging_mixin.py:188} INFO - [2026-03-19T09:27:02.572+0000] {dagbag.py:538} INFO - Filling up the DagBag from /opt/airflow/dags/crawl_crypto_prices.py
[2026-03-19T09:27:02.581+0000] {processor.py:840} INFO - DAG(s) 'crawl_crypto_prices' retrieved from /opt/airflow/dags/crawl_crypto_prices.py
[2026-03-19T09:27:02.598+0000] {logging_mixin.py:188} INFO - [2026-03-19T09:27:02.598+0000] {dag.py:3036} INFO - Sync 1 DAGs
[2026-03-19T09:27:02.607+0000] {logging_mixin.py:188} INFO - [2026-03-19T09:27:02.607+0000] {dag.py:3823} INFO - Setting next_dagrun for crawl_crypto_prices to 2026-03-19 09:00:00+00:00, run_after=2026-03-19 10:00:00+00:00
[2026-03-19T09:27:02.613+0000] {processor.py:183} INFO - Processing /opt/airflow/dags/crawl_crypto_prices.py took 0.047 seconds
[2026-03-19T09:27:32.842+0000] {processor.py:161} INFO - Started process (PID=1528) to work on /opt/airflow/dags/crawl_crypto_prices.py
[2026-03-19T09:27:32.842+0000] {processor.py:830} INFO - Processing file /opt/airflow/dags/crawl_crypto_prices.py for tasks to queue
[2026-03-19T09:27:32.843+0000] {logging_mixin.py:188} INFO - [2026-03-19T09:27:32.843+0000] {dagbag.py:538} INFO - Filling up the DagBag from /opt/airflow/dags/crawl_crypto_prices.py
[2026-03-19T09:27:32.853+0000] {processor.py:840} INFO - DAG(s) 'crawl_crypto_prices' retrieved from /opt/airflow/dags/crawl_crypto_prices.py
[2026-03-19T09:27:32.870+0000] {logging_mixin.py:188} INFO - [2026-03-19T09:27:32.870+0000] {dag.py:3036} INFO - Sync 1 DAGs
[2026-03-19T09:27:32.879+0000] {logging_mixin.py:188} INFO - [2026-03-19T09:27:32.879+0000] {dag.py:3823} INFO - Setting next_dagrun for crawl_crypto_prices to 2026-03-19 09:00:00+00:00, run_after=2026-03-19 10:00:00+00:00
[2026-03-19T09:27:32.885+0000] {processor.py:183} INFO - Processing /opt/airflow/dags/crawl_crypto_prices.py took 0.046 seconds
[2026-03-19T09:28:03.108+0000] {processor.py:161} INFO - Started process (PID=1533) to work on /opt/airflow/dags/crawl_crypto_prices.py
[2026-03-19T09:28:03.109+0000] {processor.py:830} INFO - Processing file /opt/airflow/dags/crawl_crypto_prices.py for tasks to queue
[2026-03-19T09:28:03.109+0000] {logging_mixin.py:188} INFO - [2026-03-19T09:28:03.109+0000] {dagbag.py:538} INFO - Filling up the DagBag from /opt/airflow/dags/crawl_crypto_prices.py
[2026-03-19T09:28:03.120+0000] {processor.py:840} INFO - DAG(s) 'crawl_crypto_prices' retrieved from /opt/airflow/dags/crawl_crypto_prices.py
[2026-03-19T09:28:03.139+0000] {logging_mixin.py:188} INFO - [2026-03-19T09:28:03.138+0000] {dag.py:3036} INFO - Sync 1 DAGs
[2026-03-19T09:28:03.148+0000] {logging_mixin.py:188} INFO - [2026-03-19T09:28:03.148+0000] {dag.py:3823} INFO - Setting next_dagrun for crawl_crypto_prices to 2026-03-19 09:00:00+00:00, run_after=2026-03-19 10:00:00+00:00
[2026-03-19T09:28:03.155+0000] {processor.py:183} INFO - Processing /opt/airflow/dags/crawl_crypto_prices.py took 0.051 seconds
[2026-03-19T09:28:33.393+0000] {processor.py:161} INFO - Started process (PID=1538) to work on /opt/airflow/dags/crawl_crypto_prices.py
[2026-03-19T09:28:33.394+0000] {processor.py:830} INFO - Processing file /opt/airflow/dags/crawl_crypto_prices.py for tasks to queue
[2026-03-19T09:28:33.395+0000] {logging_mixin.py:188} INFO - [2026-03-19T09:28:33.394+0000] {dagbag.py:538} INFO - Filling up the DagBag from /opt/airflow/dags/crawl_crypto_prices.py
[2026-03-19T09:28:33.406+0000] {processor.py:840} INFO - DAG(s) 'crawl_crypto_prices' retrieved from /opt/airflow/dags/crawl_crypto_prices.py
[2026-03-19T09:28:33.425+0000] {logging_mixin.py:188} INFO - [2026-03-19T09:28:33.425+0000] {dag.py:3036} INFO - Sync 1 DAGs
[2026-03-19T09:28:33.435+0000] {logging_mixin.py:188} INFO - [2026-03-19T09:28:33.435+0000] {dag.py:3823} INFO - Setting next_dagrun for crawl_crypto_prices to 2026-03-19 09:00:00+00:00, run_after=2026-03-19 10:00:00+00:00
[2026-03-19T09:28:33.441+0000] {processor.py:183} INFO - Processing /opt/airflow/dags/crawl_crypto_prices.py took 0.051 seconds
[2026-03-19T09:29:03.683+0000] {processor.py:161} INFO - Started process (PID=1543) to work on /opt/airflow/dags/crawl_crypto_prices.py
[2026-03-19T09:29:03.684+0000] {processor.py:830} INFO - Processing file /opt/airflow/dags/crawl_crypto_prices.py for tasks to queue
[2026-03-19T09:29:03.684+0000] {logging_mixin.py:188} INFO - [2026-03-19T09:29:03.684+0000] {dagbag.py:538} INFO - Filling up the DagBag from /opt/airflow/dags/crawl_crypto_prices.py
[2026-03-19T09:29:03.693+0000] {processor.py:840} INFO - DAG(s) 'crawl_crypto_prices' retrieved from /opt/airflow/dags/crawl_crypto_prices.py
[2026-03-19T09:29:03.710+0000] {logging_mixin.py:188} INFO - [2026-03-19T09:29:03.710+0000] {dag.py:3036} INFO - Sync 1 DAGs
[2026-03-19T09:29:03.720+0000] {logging_mixin.py:188} INFO - [2026-03-19T09:29:03.720+0000] {dag.py:3823} INFO - Setting next_dagrun for crawl_crypto_prices to 2026-03-19 09:00:00+00:00, run_after=2026-03-19 10:00:00+00:00
[2026-03-19T09:29:03.727+0000] {processor.py:183} INFO - Processing /opt/airflow/dags/crawl_crypto_prices.py took 0.047 seconds
[2026-03-19T09:29:34.024+0000] {processor.py:161} INFO - Started process (PID=1548) to work on /opt/airflow/dags/crawl_crypto_prices.py
[2026-03-19T09:29:34.025+0000] {processor.py:830} INFO - Processing file /opt/airflow/dags/crawl_crypto_prices.py for tasks to queue
[2026-03-19T09:29:34.026+0000] {logging_mixin.py:188} INFO - [2026-03-19T09:29:34.026+0000] {dagbag.py:538} INFO - Filling up the DagBag from /opt/airflow/dags/crawl_crypto_prices.py
[2026-03-19T09:29:34.036+0000] {processor.py:840} INFO - DAG(s) 'crawl_crypto_prices' retrieved from /opt/airflow/dags/crawl_crypto_prices.py
[2026-03-19T09:29:34.055+0000] {logging_mixin.py:188} INFO - [2026-03-19T09:29:34.055+0000] {dag.py:3036} INFO - Sync 1 DAGs
[2026-03-19T09:29:34.066+0000] {logging_mixin.py:188} INFO - [2026-03-19T09:29:34.066+0000] {dag.py:3823} INFO - Setting next_dagrun for crawl_crypto_prices to 2026-03-19 09:00:00+00:00, run_after=2026-03-19 10:00:00+00:00
[2026-03-19T09:29:34.072+0000] {processor.py:183} INFO - Processing /opt/airflow/dags/crawl_crypto_prices.py took 0.051 seconds
[2026-03-19T09:30:04.340+0000] {processor.py:161} INFO - Started process (PID=1553) to work on /opt/airflow/dags/crawl_crypto_prices.py
[2026-03-19T09:30:04.341+0000] {processor.py:830} INFO - Processing file /opt/airflow/dags/crawl_crypto_prices.py for tasks to queue
[2026-03-19T09:30:04.342+0000] {logging_mixin.py:188} INFO - [2026-03-19T09:30:04.342+0000] {dagbag.py:538} INFO - Filling up the DagBag from /opt/airflow/dags/crawl_crypto_prices.py
[2026-03-19T09:30:04.351+0000] {processor.py:840} INFO - DAG(s) 'crawl_crypto_prices' retrieved from /opt/airflow/dags/crawl_crypto_prices.py
[2026-03-19T09:30:04.367+0000] {logging_mixin.py:188} INFO - [2026-03-19T09:30:04.367+0000] {dag.py:3036} INFO - Sync 1 DAGs
[2026-03-19T09:30:04.376+0000] {logging_mixin.py:188} INFO - [2026-03-19T09:30:04.376+0000] {dag.py:3823} INFO - Setting next_dagrun for crawl_crypto_prices to 2026-03-19 09:00:00+00:00, run_after=2026-03-19 10:00:00+00:00
[2026-03-19T09:30:04.382+0000] {processor.py:183} INFO - Processing /opt/airflow/dags/crawl_crypto_prices.py took 0.044 seconds
[2026-03-19T09:30:34.667+0000] {processor.py:161} INFO - Started process (PID=1558) to work on /opt/airflow/dags/crawl_crypto_prices.py
[2026-03-19T09:30:34.668+0000] {processor.py:830} INFO - Processing file /opt/airflow/dags/crawl_crypto_prices.py for tasks to queue
[2026-03-19T09:30:34.669+0000] {logging_mixin.py:188} INFO - [2026-03-19T09:30:34.669+0000] {dagbag.py:538} INFO - Filling up the DagBag from /opt/airflow/dags/crawl_crypto_prices.py
[2026-03-19T09:30:34.681+0000] {processor.py:840} INFO - DAG(s) 'crawl_crypto_prices' retrieved from /opt/airflow/dags/crawl_crypto_prices.py
[2026-03-19T09:30:34.700+0000] {logging_mixin.py:188} INFO - [2026-03-19T09:30:34.700+0000] {dag.py:3036} INFO - Sync 1 DAGs
[2026-03-19T09:30:34.711+0000] {logging_mixin.py:188} INFO - [2026-03-19T09:30:34.711+0000] {dag.py:3823} INFO - Setting next_dagrun for crawl_crypto_prices to 2026-03-19 09:00:00+00:00, run_after=2026-03-19 10:00:00+00:00
[2026-03-19T09:30:34.717+0000] {processor.py:183} INFO - Processing /opt/airflow/dags/crawl_crypto_prices.py took 0.053 seconds
[2026-03-19T09:31:51.035+0000] {processor.py:161} INFO - Started process (PID=1563) to work on /opt/airflow/dags/crawl_crypto_prices.py
[2026-03-19T09:31:51.036+0000] {processor.py:830} INFO - Processing file /opt/airflow/dags/crawl_crypto_prices.py for tasks to queue
[2026-03-19T09:31:51.037+0000] {logging_mixin.py:188} INFO - [2026-03-19T09:31:51.037+0000] {dagbag.py:538} INFO - Filling up the DagBag from /opt/airflow/dags/crawl_crypto_prices.py
[2026-03-19T09:31:51.049+0000] {processor.py:840} INFO - DAG(s) 'crawl_crypto_prices' retrieved from /opt/airflow/dags/crawl_crypto_prices.py
[2026-03-19T09:31:51.065+0000] {logging_mixin.py:188} INFO - [2026-03-19T09:31:51.065+0000] {dag.py:3036} INFO - Sync 1 DAGs
[2026-03-19T09:31:51.076+0000] {logging_mixin.py:188} INFO - [2026-03-19T09:31:51.076+0000] {dag.py:3823} INFO - Setting next_dagrun for crawl_crypto_prices to 2026-03-19 09:00:00+00:00, run_after=2026-03-19 10:00:00+00:00
[2026-03-19T09:31:51.083+0000] {processor.py:183} INFO - Processing /opt/airflow/dags/crawl_crypto_prices.py took 0.053 seconds
[2026-03-19T09:32:21.358+0000] {processor.py:161} INFO - Started process (PID=1570) to work on /opt/airflow/dags/crawl_crypto_prices.py
[2026-03-19T09:32:21.358+0000] {processor.py:830} INFO - Processing file /opt/airflow/dags/crawl_crypto_prices.py for tasks to queue
[2026-03-19T09:32:21.359+0000] {logging_mixin.py:188} INFO - [2026-03-19T09:32:21.359+0000] {dagbag.py:538} INFO - Filling up the DagBag from /opt/airflow/dags/crawl_crypto_prices.py
[2026-03-19T09:32:21.368+0000] {processor.py:840} INFO - DAG(s) 'crawl_crypto_prices' retrieved from /opt/airflow/dags/crawl_crypto_prices.py
[2026-03-19T09:32:21.387+0000] {logging_mixin.py:188} INFO - [2026-03-19T09:32:21.387+0000] {dag.py:3036} INFO - Sync 1 DAGs
[2026-03-19T09:32:21.396+0000] {logging_mixin.py:188} INFO - [2026-03-19T09:32:21.396+0000] {dag.py:3823} INFO - Setting next_dagrun for crawl_crypto_prices to 2026-03-19 09:00:00+00:00, run_after=2026-03-19 10:00:00+00:00
[2026-03-19T09:32:21.402+0000] {processor.py:183} INFO - Processing /opt/airflow/dags/crawl_crypto_prices.py took 0.047 seconds
[2026-03-19T09:32:51.681+0000] {processor.py:161} INFO - Started process (PID=1575) to work on /opt/airflow/dags/crawl_crypto_prices.py
[2026-03-19T09:32:51.682+0000] {processor.py:830} INFO - Processing file /opt/airflow/dags/crawl_crypto_prices.py for tasks to queue
[2026-03-19T09:32:51.682+0000] {logging_mixin.py:188} INFO - [2026-03-19T09:32:51.682+0000] {dagbag.py:538} INFO - Filling up the DagBag from /opt/airflow/dags/crawl_crypto_prices.py
[2026-03-19T09:32:51.692+0000] {processor.py:840} INFO - DAG(s) 'crawl_crypto_prices' retrieved from /opt/airflow/dags/crawl_crypto_prices.py
[2026-03-19T09:32:51.710+0000] {logging_mixin.py:188} INFO - [2026-03-19T09:32:51.710+0000] {dag.py:3036} INFO - Sync 1 DAGs
[2026-03-19T09:32:51.721+0000] {logging_mixin.py:188} INFO - [2026-03-19T09:32:51.721+0000] {dag.py:3823} INFO - Setting next_dagrun for crawl_crypto_prices to 2026-03-19 09:00:00+00:00, run_after=2026-03-19 10:00:00+00:00
[2026-03-19T09:32:51.728+0000] {processor.py:183} INFO - Processing /opt/airflow/dags/crawl_crypto_prices.py took 0.050 seconds
[2026-03-19T09:33:22.028+0000] {processor.py:161} INFO - Started process (PID=1580) to work on /opt/airflow/dags/crawl_crypto_prices.py
[2026-03-19T09:33:22.028+0000] {processor.py:830} INFO - Processing file /opt/airflow/dags/crawl_crypto_prices.py for tasks to queue
[2026-03-19T09:33:22.029+0000] {logging_mixin.py:188} INFO - [2026-03-19T09:33:22.029+0000] {dagbag.py:538} INFO - Filling up the DagBag from /opt/airflow/dags/crawl_crypto_prices.py
[2026-03-19T09:33:22.038+0000] {processor.py:840} INFO - DAG(s) 'crawl_crypto_prices' retrieved from /opt/airflow/dags/crawl_crypto_prices.py
[2026-03-19T09:33:22.055+0000] {logging_mixin.py:188} INFO - [2026-03-19T09:33:22.055+0000] {dag.py:3036} INFO - Sync 1 DAGs
[2026-03-19T09:33:22.064+0000] {logging_mixin.py:188} INFO - [2026-03-19T09:33:22.064+0000] {dag.py:3823} INFO - Setting next_dagrun for crawl_crypto_prices to 2026-03-19 09:00:00+00:00, run_after=2026-03-19 10:00:00+00:00
[2026-03-19T09:33:22.070+0000] {processor.py:183} INFO - Processing /opt/airflow/dags/crawl_crypto_prices.py took 0.046 seconds
[2026-03-19T09:33:52.374+0000] {processor.py:161} INFO - Started process (PID=1585) to work on /opt/airflow/dags/crawl_crypto_prices.py
[2026-03-19T09:33:52.375+0000] {processor.py:830} INFO - Processing file /opt/airflow/dags/crawl_crypto_prices.py for tasks to queue
[2026-03-19T09:33:52.376+0000] {logging_mixin.py:188} INFO - [2026-03-19T09:33:52.375+0000] {dagbag.py:538} INFO - Filling up the DagBag from /opt/airflow/dags/crawl_crypto_prices.py
[2026-03-19T09:33:52.387+0000] {processor.py:840} INFO - DAG(s) 'crawl_crypto_prices' retrieved from /opt/airflow/dags/crawl_crypto_prices.py
[2026-03-19T09:33:52.402+0000] {logging_mixin.py:188} INFO - [2026-03-19T09:33:52.402+0000] {dag.py:3036} INFO - Sync 1 DAGs
[2026-03-19T09:33:52.411+0000] {logging_mixin.py:188} INFO - [2026-03-19T09:33:52.411+0000] {dag.py:3823} INFO - Setting next_dagrun for crawl_crypto_prices to 2026-03-19 09:00:00+00:00, run_after=2026-03-19 10:00:00+00:00
[2026-03-19T09:33:52.417+0000] {processor.py:183} INFO - Processing /opt/airflow/dags/crawl_crypto_prices.py took 0.047 seconds
[2026-03-19T09:34:22.648+0000] {processor.py:161} INFO - Started process (PID=1590) to work on /opt/airflow/dags/crawl_crypto_prices.py
[2026-03-19T09:34:22.649+0000] {processor.py:830} INFO - Processing file /opt/airflow/dags/crawl_crypto_prices.py for tasks to queue
[2026-03-19T09:34:22.649+0000] {logging_mixin.py:188} INFO - [2026-03-19T09:34:22.649+0000] {dagbag.py:538} INFO - Filling up the DagBag from /opt/airflow/dags/crawl_crypto_prices.py
[2026-03-19T09:34:22.657+0000] {processor.py:840} INFO - DAG(s) 'crawl_crypto_prices' retrieved from /opt/airflow/dags/crawl_crypto_prices.py
[2026-03-19T09:34:22.670+0000] {logging_mixin.py:188} INFO - [2026-03-19T09:34:22.670+0000] {dag.py:3036} INFO - Sync 1 DAGs
[2026-03-19T09:34:22.680+0000] {logging_mixin.py:188} INFO - [2026-03-19T09:34:22.680+0000] {dag.py:3823} INFO - Setting next_dagrun for crawl_crypto_prices to 2026-03-19 09:00:00+00:00, run_after=2026-03-19 10:00:00+00:00
[2026-03-19T09:34:22.686+0000] {processor.py:183} INFO - Processing /opt/airflow/dags/crawl_crypto_prices.py took 0.041 seconds
[2026-03-19T09:34:52.945+0000] {processor.py:161} INFO - Started process (PID=1595) to work on /opt/airflow/dags/crawl_crypto_prices.py
[2026-03-19T09:34:52.946+0000] {processor.py:830} INFO - Processing file /opt/airflow/dags/crawl_crypto_prices.py for tasks to queue
[2026-03-19T09:34:52.946+0000] {logging_mixin.py:188} INFO - [2026-03-19T09:34:52.946+0000] {dagbag.py:538} INFO - Filling up the DagBag from /opt/airflow/dags/crawl_crypto_prices.py
[2026-03-19T09:34:52.956+0000] {processor.py:840} INFO - DAG(s) 'crawl_crypto_prices' retrieved from /opt/airflow/dags/crawl_crypto_prices.py
[2026-03-19T09:34:52.975+0000] {logging_mixin.py:188} INFO - [2026-03-19T09:34:52.974+0000] {dag.py:3036} INFO - Sync 1 DAGs
[2026-03-19T09:34:52.984+0000] {logging_mixin.py:188} INFO - [2026-03-19T09:34:52.984+0000] {dag.py:3823} INFO - Setting next_dagrun for crawl_crypto_prices to 2026-03-19 09:00:00+00:00, run_after=2026-03-19 10:00:00+00:00
[2026-03-19T09:34:52.991+0000] {processor.py:183} INFO - Processing /opt/airflow/dags/crawl_crypto_prices.py took 0.048 seconds
[2026-03-19T09:35:23.197+0000] {processor.py:161} INFO - Started process (PID=1600) to work on /opt/airflow/dags/crawl_crypto_prices.py
[2026-03-19T09:35:23.198+0000] {processor.py:830} INFO - Processing file /opt/airflow/dags/crawl_crypto_prices.py for tasks to queue
[2026-03-19T09:35:23.199+0000] {logging_mixin.py:188} INFO - [2026-03-19T09:35:23.198+0000] {dagbag.py:538} INFO - Filling up the DagBag from /opt/airflow/dags/crawl_crypto_prices.py
[2026-03-19T09:35:23.207+0000] {processor.py:840} INFO - DAG(s) 'crawl_crypto_prices' retrieved from /opt/airflow/dags/crawl_crypto_prices.py
[2026-03-19T09:35:23.224+0000] {logging_mixin.py:188} INFO - [2026-03-19T09:35:23.224+0000] {dag.py:3036} INFO - Sync 1 DAGs
[2026-03-19T09:35:23.233+0000] {logging_mixin.py:188} INFO - [2026-03-19T09:35:23.233+0000] {dag.py:3823} INFO - Setting next_dagrun for crawl_crypto_prices to 2026-03-19 09:00:00+00:00, run_after=2026-03-19 10:00:00+00:00
[2026-03-19T09:35:23.239+0000] {processor.py:183} INFO - Processing /opt/airflow/dags/crawl_crypto_prices.py took 0.045 seconds
[2026-03-19T09:35:53.453+0000] {processor.py:161} INFO - Started process (PID=1605) to work on /opt/airflow/dags/crawl_crypto_prices.py
[2026-03-19T09:35:53.453+0000] {processor.py:830} INFO - Processing file /opt/airflow/dags/crawl_crypto_prices.py for tasks to queue
[2026-03-19T09:35:53.454+0000] {logging_mixin.py:188} INFO - [2026-03-19T09:35:53.454+0000] {dagbag.py:538} INFO - Filling up the DagBag from /opt/airflow/dags/crawl_crypto_prices.py
[2026-03-19T09:35:53.463+0000] {processor.py:840} INFO - DAG(s) 'crawl_crypto_prices' retrieved from /opt/airflow/dags/crawl_crypto_prices.py
[2026-03-19T09:35:53.480+0000] {logging_mixin.py:188} INFO - [2026-03-19T09:35:53.480+0000] {dag.py:3036} INFO - Sync 1 DAGs
[2026-03-19T09:35:53.490+0000] {logging_mixin.py:188} INFO - [2026-03-19T09:35:53.490+0000] {dag.py:3823} INFO - Setting next_dagrun for crawl_crypto_prices to 2026-03-19 09:00:00+00:00, run_after=2026-03-19 10:00:00+00:00
[2026-03-19T09:35:53.497+0000] {processor.py:183} INFO - Processing /opt/airflow/dags/crawl_crypto_prices.py took 0.047 seconds
[2026-03-19T09:44:30.140+0000] {processor.py:161} INFO - Started process (PID=1612) to work on /opt/airflow/dags/crawl_crypto_prices.py
[2026-03-19T09:44:30.141+0000] {processor.py:830} INFO - Processing file /opt/airflow/dags/crawl_crypto_prices.py for tasks to queue
[2026-03-19T09:44:30.142+0000] {logging_mixin.py:188} INFO - [2026-03-19T09:44:30.142+0000] {dagbag.py:538} INFO - Filling up the DagBag from /opt/airflow/dags/crawl_crypto_prices.py
[2026-03-19T09:44:30.151+0000] {processor.py:840} INFO - DAG(s) 'crawl_crypto_prices' retrieved from /opt/airflow/dags/crawl_crypto_prices.py
[2026-03-19T09:44:30.177+0000] {logging_mixin.py:188} INFO - [2026-03-19T09:44:30.177+0000] {dag.py:3036} INFO - Sync 1 DAGs
[2026-03-19T09:44:30.195+0000] {logging_mixin.py:188} INFO - [2026-03-19T09:44:30.195+0000] {dag.py:3823} INFO - Setting next_dagrun for crawl_crypto_prices to 2026-03-19 09:00:00+00:00, run_after=2026-03-19 10:00:00+00:00
[2026-03-19T09:44:30.220+0000] {processor.py:183} INFO - Processing /opt/airflow/dags/crawl_crypto_prices.py took 0.083 seconds
[2026-03-19T09:45:00.448+0000] {processor.py:161} INFO - Started process (PID=1617) to work on /opt/airflow/dags/crawl_crypto_prices.py
[2026-03-19T09:45:00.448+0000] {processor.py:830} INFO - Processing file /opt/airflow/dags/crawl_crypto_prices.py for tasks to queue
[2026-03-19T09:45:00.449+0000] {logging_mixin.py:188} INFO - [2026-03-19T09:45:00.449+0000] {dagbag.py:538} INFO - Filling up the DagBag from /opt/airflow/dags/crawl_crypto_prices.py
[2026-03-19T09:45:00.459+0000] {processor.py:840} INFO - DAG(s) 'crawl_crypto_prices' retrieved from /opt/airflow/dags/crawl_crypto_prices.py
[2026-03-19T09:45:00.477+0000] {logging_mixin.py:188} INFO - [2026-03-19T09:45:00.476+0000] {dag.py:3036} INFO - Sync 1 DAGs
[2026-03-19T09:45:00.488+0000] {logging_mixin.py:188} INFO - [2026-03-19T09:45:00.488+0000] {dag.py:3823} INFO - Setting next_dagrun for crawl_crypto_prices to 2026-03-19 09:00:00+00:00, run_after=2026-03-19 10:00:00+00:00
[2026-03-19T09:45:00.495+0000] {processor.py:183} INFO - Processing /opt/airflow/dags/crawl_crypto_prices.py took 0.050 seconds
[2026-03-19T09:45:30.827+0000] {processor.py:161} INFO - Started process (PID=1622) to work on /opt/airflow/dags/crawl_crypto_prices.py
[2026-03-19T09:45:30.828+0000] {processor.py:830} INFO - Processing file /opt/airflow/dags/crawl_crypto_prices.py for tasks to queue
[2026-03-19T09:45:30.829+0000] {logging_mixin.py:188} INFO - [2026-03-19T09:45:30.829+0000] {dagbag.py:538} INFO - Filling up the DagBag from /opt/airflow/dags/crawl_crypto_prices.py
[2026-03-19T09:45:30.842+0000] {processor.py:840} INFO - DAG(s) 'crawl_crypto_prices' retrieved from /opt/airflow/dags/crawl_crypto_prices.py
[2026-03-19T09:45:30.863+0000] {logging_mixin.py:188} INFO - [2026-03-19T09:45:30.863+0000] {dag.py:3036} INFO - Sync 1 DAGs
[2026-03-19T09:45:30.874+0000] {logging_mixin.py:188} INFO - [2026-03-19T09:45:30.874+0000] {dag.py:3823} INFO - Setting next_dagrun for crawl_crypto_prices to 2026-03-19 09:00:00+00:00, run_after=2026-03-19 10:00:00+00:00
[2026-03-19T09:45:30.881+0000] {processor.py:183} INFO - Processing /opt/airflow/dags/crawl_crypto_prices.py took 0.058 seconds
[2026-03-19T09:46:01.127+0000] {processor.py:161} INFO - Started process (PID=1627) to work on /opt/airflow/dags/crawl_crypto_prices.py
[2026-03-19T09:46:01.128+0000] {processor.py:830} INFO - Processing file /opt/airflow/dags/crawl_crypto_prices.py for tasks to queue
[2026-03-19T09:46:01.128+0000] {logging_mixin.py:188} INFO - [2026-03-19T09:46:01.128+0000] {dagbag.py:538} INFO - Filling up the DagBag from /opt/airflow/dags/crawl_crypto_prices.py
[2026-03-19T09:46:01.138+0000] {processor.py:840} INFO - DAG(s) 'crawl_crypto_prices' retrieved from /opt/airflow/dags/crawl_crypto_prices.py
[2026-03-19T09:46:01.154+0000] {logging_mixin.py:188} INFO - [2026-03-19T09:46:01.154+0000] {dag.py:3036} INFO - Sync 1 DAGs
[2026-03-19T09:46:01.164+0000] {logging_mixin.py:188} INFO - [2026-03-19T09:46:01.164+0000] {dag.py:3823} INFO - Setting next_dagrun for crawl_crypto_prices to 2026-03-19 09:00:00+00:00, run_after=2026-03-19 10:00:00+00:00
[2026-03-19T09:46:01.170+0000] {processor.py:183} INFO - Processing /opt/airflow/dags/crawl_crypto_prices.py took 0.047 seconds
[2026-03-19T09:46:31.454+0000] {processor.py:161} INFO - Started process (PID=1632) to work on /opt/airflow/dags/crawl_crypto_prices.py
[2026-03-19T09:46:31.455+0000] {processor.py:830} INFO - Processing file /opt/airflow/dags/crawl_crypto_prices.py for tasks to queue
[2026-03-19T09:46:31.456+0000] {logging_mixin.py:188} INFO - [2026-03-19T09:46:31.456+0000] {dagbag.py:538} INFO - Filling up the DagBag from /opt/airflow/dags/crawl_crypto_prices.py
[2026-03-19T09:46:31.467+0000] {processor.py:840} INFO - DAG(s) 'crawl_crypto_prices' retrieved from /opt/airflow/dags/crawl_crypto_prices.py
[2026-03-19T09:46:31.486+0000] {logging_mixin.py:188} INFO - [2026-03-19T09:46:31.486+0000] {dag.py:3036} INFO - Sync 1 DAGs
[2026-03-19T09:46:31.497+0000] {logging_mixin.py:188} INFO - [2026-03-19T09:46:31.497+0000] {dag.py:3823} INFO - Setting next_dagrun for crawl_crypto_prices to 2026-03-19 09:00:00+00:00, run_after=2026-03-19 10:00:00+00:00
[2026-03-19T09:46:31.505+0000] {processor.py:183} INFO - Processing /opt/airflow/dags/crawl_crypto_prices.py took 0.054 seconds
[2026-03-19T09:47:01.782+0000] {processor.py:161} INFO - Started process (PID=1637) to work on /opt/airflow/dags/crawl_crypto_prices.py
[2026-03-19T09:47:01.783+0000] {processor.py:830} INFO - Processing file /opt/airflow/dags/crawl_crypto_prices.py for tasks to queue
[2026-03-19T09:47:01.784+0000] {logging_mixin.py:188} INFO - [2026-03-19T09:47:01.784+0000] {dagbag.py:538} INFO - Filling up the DagBag from /opt/airflow/dags/crawl_crypto_prices.py
[2026-03-19T09:47:01.796+0000] {processor.py:840} INFO - DAG(s) 'crawl_crypto_prices' retrieved from /opt/airflow/dags/crawl_crypto_prices.py
[2026-03-19T09:47:01.815+0000] {logging_mixin.py:188} INFO - [2026-03-19T09:47:01.815+0000] {dag.py:3036} INFO - Sync 1 DAGs
[2026-03-19T09:47:01.826+0000] {logging_mixin.py:188} INFO - [2026-03-19T09:47:01.826+0000] {dag.py:3823} INFO - Setting next_dagrun for crawl_crypto_prices to 2026-03-19 09:00:00+00:00, run_after=2026-03-19 10:00:00+00:00
[2026-03-19T09:47:01.832+0000] {processor.py:183} INFO - Processing /opt/airflow/dags/crawl_crypto_prices.py took 0.054 seconds
[2026-03-19T09:47:32.095+0000] {processor.py:161} INFO - Started process (PID=1642) to work on /opt/airflow/dags/crawl_crypto_prices.py
[2026-03-19T09:47:32.095+0000] {processor.py:830} INFO - Processing file /opt/airflow/dags/crawl_crypto_prices.py for tasks to queue
[2026-03-19T09:47:32.096+0000] {logging_mixin.py:188} INFO - [2026-03-19T09:47:32.096+0000] {dagbag.py:538} INFO - Filling up the DagBag from /opt/airflow/dags/crawl_crypto_prices.py
[2026-03-19T09:47:32.103+0000] {processor.py:840} INFO - DAG(s) 'crawl_crypto_prices' retrieved from /opt/airflow/dags/crawl_crypto_prices.py
[2026-03-19T09:47:32.117+0000] {logging_mixin.py:188} INFO - [2026-03-19T09:47:32.117+0000] {dag.py:3036} INFO - Sync 1 DAGs
[2026-03-19T09:47:32.126+0000] {logging_mixin.py:188} INFO - [2026-03-19T09:47:32.126+0000] {dag.py:3823} INFO - Setting next_dagrun for crawl_crypto_prices to 2026-03-19 09:00:00+00:00, run_after=2026-03-19 10:00:00+00:00
[2026-03-19T09:47:32.132+0000] {processor.py:183} INFO - Processing /opt/airflow/dags/crawl_crypto_prices.py took 0.040 seconds
[2026-03-19T09:48:02.389+0000] {processor.py:161} INFO - Started process (PID=1647) to work on /opt/airflow/dags/crawl_crypto_prices.py
[2026-03-19T09:48:02.390+0000] {processor.py:830} INFO - Processing file /opt/airflow/dags/crawl_crypto_prices.py for tasks to queue
[2026-03-19T09:48:02.391+0000] {logging_mixin.py:188} INFO - [2026-03-19T09:48:02.391+0000] {dagbag.py:538} INFO - Filling up the DagBag from /opt/airflow/dags/crawl_crypto_prices.py
[2026-03-19T09:48:02.401+0000] {processor.py:840} INFO - DAG(s) 'crawl_crypto_prices' retrieved from /opt/airflow/dags/crawl_crypto_prices.py
[2026-03-19T09:48:02.418+0000] {logging_mixin.py:188} INFO - [2026-03-19T09:48:02.418+0000] {dag.py:3036} INFO - Sync 1 DAGs
[2026-03-19T09:48:02.428+0000] {logging_mixin.py:188} INFO - [2026-03-19T09:48:02.428+0000] {dag.py:3823} INFO - Setting next_dagrun for crawl_crypto_prices to 2026-03-19 09:00:00+00:00, run_after=2026-03-19 10:00:00+00:00
[2026-03-19T09:48:02.434+0000] {processor.py:183} INFO - Processing /opt/airflow/dags/crawl_crypto_prices.py took 0.048 seconds
[2026-03-19T10:03:57.368+0000] {processor.py:161} INFO - Started process (PID=1654) to work on /opt/airflow/dags/crawl_crypto_prices.py
[2026-03-19T10:03:57.369+0000] {processor.py:830} INFO - Processing file /opt/airflow/dags/crawl_crypto_prices.py for tasks to queue
[2026-03-19T10:03:57.371+0000] {logging_mixin.py:188} INFO - [2026-03-19T10:03:57.370+0000] {dagbag.py:538} INFO - Filling up the DagBag from /opt/airflow/dags/crawl_crypto_prices.py
[2026-03-19T10:03:57.386+0000] {processor.py:840} INFO - DAG(s) 'crawl_crypto_prices' retrieved from /opt/airflow/dags/crawl_crypto_prices.py
[2026-03-19T10:03:57.423+0000] {logging_mixin.py:188} INFO - [2026-03-19T10:03:57.422+0000] {dag.py:3036} INFO - Sync 1 DAGs
[2026-03-19T10:03:57.462+0000] {logging_mixin.py:188} INFO - [2026-03-19T10:03:57.462+0000] {dag.py:3823} INFO - Setting next_dagrun for crawl_crypto_prices to 2026-03-19 10:00:00+00:00, run_after=2026-03-19 11:00:00+00:00
[2026-03-19T10:03:57.496+0000] {processor.py:183} INFO - Processing /opt/airflow/dags/crawl_crypto_prices.py took 0.130 seconds
[2026-03-19T10:08:48.926+0000] {processor.py:161} INFO - Started process (PID=1659) to work on /opt/airflow/dags/crawl_crypto_prices.py
[2026-03-19T10:08:48.927+0000] {processor.py:830} INFO - Processing file /opt/airflow/dags/crawl_crypto_prices.py for tasks to queue
[2026-03-19T10:08:48.928+0000] {logging_mixin.py:188} INFO - [2026-03-19T10:08:48.927+0000] {dagbag.py:538} INFO - Filling up the DagBag from /opt/airflow/dags/crawl_crypto_prices.py
[2026-03-19T10:08:48.942+0000] {processor.py:840} INFO - DAG(s) 'crawl_crypto_prices' retrieved from /opt/airflow/dags/crawl_crypto_prices.py
[2026-03-19T10:08:48.966+0000] {logging_mixin.py:188} INFO - [2026-03-19T10:08:48.965+0000] {dag.py:3036} INFO - Sync 1 DAGs
[2026-03-19T10:08:48.982+0000] {logging_mixin.py:188} INFO - [2026-03-19T10:08:48.982+0000] {dag.py:3823} INFO - Setting next_dagrun for crawl_crypto_prices to 2026-03-19 10:00:00+00:00, run_after=2026-03-19 11:00:00+00:00
[2026-03-19T10:08:48.997+0000] {processor.py:183} INFO - Processing /opt/airflow/dags/crawl_crypto_prices.py took 0.075 seconds
[2026-03-19T10:30:33.793+0000] {processor.py:161} INFO - Started process (PID=1664) to work on /opt/airflow/dags/crawl_crypto_prices.py
[2026-03-19T10:30:33.794+0000] {processor.py:830} INFO - Processing file /opt/airflow/dags/crawl_crypto_prices.py for tasks to queue
[2026-03-19T10:30:33.794+0000] {logging_mixin.py:188} INFO - [2026-03-19T10:30:33.794+0000] {dagbag.py:538} INFO - Filling up the DagBag from /opt/airflow/dags/crawl_crypto_prices.py
[2026-03-19T10:30:33.805+0000] {processor.py:840} INFO - DAG(s) 'crawl_crypto_prices' retrieved from /opt/airflow/dags/crawl_crypto_prices.py
[2026-03-19T10:30:33.824+0000] {logging_mixin.py:188} INFO - [2026-03-19T10:30:33.823+0000] {dag.py:3036} INFO - Sync 1 DAGs
[2026-03-19T10:30:33.834+0000] {logging_mixin.py:188} INFO - [2026-03-19T10:30:33.834+0000] {dag.py:3823} INFO - Setting next_dagrun for crawl_crypto_prices to 2026-03-19 10:00:00+00:00, run_after=2026-03-19 11:00:00+00:00
[2026-03-19T10:30:33.840+0000] {processor.py:183} INFO - Processing /opt/airflow/dags/crawl_crypto_prices.py took 0.051 seconds
[2026-03-19T10:31:04.139+0000] {processor.py:161} INFO - Started process (PID=1669) to work on /opt/airflow/dags/crawl_crypto_prices.py
[2026-03-19T10:31:04.140+0000] {processor.py:830} INFO - Processing file /opt/airflow/dags/crawl_crypto_prices.py for tasks to queue
[2026-03-19T10:31:04.141+0000] {logging_mixin.py:188} INFO - [2026-03-19T10:31:04.140+0000] {dagbag.py:538} INFO - Filling up the DagBag from /opt/airflow/dags/crawl_crypto_prices.py
[2026-03-19T10:31:04.151+0000] {processor.py:840} INFO - DAG(s) 'crawl_crypto_prices' retrieved from /opt/airflow/dags/crawl_crypto_prices.py
[2026-03-19T10:31:04.169+0000] {logging_mixin.py:188} INFO - [2026-03-19T10:31:04.169+0000] {dag.py:3036} INFO - Sync 1 DAGs
[2026-03-19T10:31:04.179+0000] {logging_mixin.py:188} INFO - [2026-03-19T10:31:04.179+0000] {dag.py:3823} INFO - Setting next_dagrun for crawl_crypto_prices to 2026-03-19 10:00:00+00:00, run_after=2026-03-19 11:00:00+00:00
[2026-03-19T10:31:04.185+0000] {processor.py:183} INFO - Processing /opt/airflow/dags/crawl_crypto_prices.py took 0.049 seconds
[2026-03-19T10:31:34.435+0000] {processor.py:161} INFO - Started process (PID=1674) to work on /opt/airflow/dags/crawl_crypto_prices.py
[2026-03-19T10:31:34.436+0000] {processor.py:830} INFO - Processing file /opt/airflow/dags/crawl_crypto_prices.py for tasks to queue
[2026-03-19T10:31:34.436+0000] {logging_mixin.py:188} INFO - [2026-03-19T10:31:34.436+0000] {dagbag.py:538} INFO - Filling up the DagBag from /opt/airflow/dags/crawl_crypto_prices.py
[2026-03-19T10:31:34.442+0000] {processor.py:840} INFO - DAG(s) 'crawl_crypto_prices' retrieved from /opt/airflow/dags/crawl_crypto_prices.py
[2026-03-19T10:31:34.455+0000] {logging_mixin.py:188} INFO - [2026-03-19T10:31:34.455+0000] {dag.py:3036} INFO - Sync 1 DAGs
[2026-03-19T10:31:34.464+0000] {logging_mixin.py:188} INFO - [2026-03-19T10:31:34.464+0000] {dag.py:3823} INFO - Setting next_dagrun for crawl_crypto_prices to 2026-03-19 10:00:00+00:00, run_after=2026-03-19 11:00:00+00:00
[2026-03-19T10:31:34.470+0000] {processor.py:183} INFO - Processing /opt/airflow/dags/crawl_crypto_prices.py took 0.036 seconds
[2026-03-19T10:32:04.761+0000] {processor.py:161} INFO - Started process (PID=1679) to work on /opt/airflow/dags/crawl_crypto_prices.py
[2026-03-19T10:32:04.762+0000] {processor.py:830} INFO - Processing file /opt/airflow/dags/crawl_crypto_prices.py for tasks to queue
[2026-03-19T10:32:04.763+0000] {logging_mixin.py:188} INFO - [2026-03-19T10:32:04.763+0000] {dagbag.py:538} INFO - Filling up the DagBag from /opt/airflow/dags/crawl_crypto_prices.py
[2026-03-19T10:32:04.773+0000] {processor.py:840} INFO - DAG(s) 'crawl_crypto_prices' retrieved from /opt/airflow/dags/crawl_crypto_prices.py
[2026-03-19T10:32:04.792+0000] {logging_mixin.py:188} INFO - [2026-03-19T10:32:04.791+0000] {dag.py:3036} INFO - Sync 1 DAGs
[2026-03-19T10:32:04.803+0000] {logging_mixin.py:188} INFO - [2026-03-19T10:32:04.803+0000] {dag.py:3823} INFO - Setting next_dagrun for crawl_crypto_prices to 2026-03-19 10:00:00+00:00, run_after=2026-03-19 11:00:00+00:00
[2026-03-19T10:32:04.809+0000] {processor.py:183} INFO - Processing /opt/airflow/dags/crawl_crypto_prices.py took 0.052 seconds
[2026-03-19T10:32:35.024+0000] {processor.py:161} INFO - Started process (PID=1684) to work on /opt/airflow/dags/crawl_crypto_prices.py
[2026-03-19T10:32:35.025+0000] {processor.py:830} INFO - Processing file /opt/airflow/dags/crawl_crypto_prices.py for tasks to queue
[2026-03-19T10:32:35.025+0000] {logging_mixin.py:188} INFO - [2026-03-19T10:32:35.025+0000] {dagbag.py:538} INFO - Filling up the DagBag from /opt/airflow/dags/crawl_crypto_prices.py
[2026-03-19T10:32:35.033+0000] {processor.py:840} INFO - DAG(s) 'crawl_crypto_prices' retrieved from /opt/airflow/dags/crawl_crypto_prices.py
[2026-03-19T10:32:35.046+0000] {logging_mixin.py:188} INFO - [2026-03-19T10:32:35.046+0000] {dag.py:3036} INFO - Sync 1 DAGs
[2026-03-19T10:32:35.056+0000] {logging_mixin.py:188} INFO - [2026-03-19T10:32:35.056+0000] {dag.py:3823} INFO - Setting next_dagrun for crawl_crypto_prices to 2026-03-19 10:00:00+00:00, run_after=2026-03-19 11:00:00+00:00
[2026-03-19T10:32:35.063+0000] {processor.py:183} INFO - Processing /opt/airflow/dags/crawl_crypto_prices.py took 0.041 seconds
[2026-03-19T10:33:05.318+0000] {processor.py:161} INFO - Started process (PID=1689) to work on /opt/airflow/dags/crawl_crypto_prices.py
[2026-03-19T10:33:05.320+0000] {processor.py:830} INFO - Processing file /opt/airflow/dags/crawl_crypto_prices.py for tasks to queue
[2026-03-19T10:33:05.320+0000] {logging_mixin.py:188} INFO - [2026-03-19T10:33:05.320+0000] {dagbag.py:538} INFO - Filling up the DagBag from /opt/airflow/dags/crawl_crypto_prices.py
[2026-03-19T10:33:05.331+0000] {processor.py:840} INFO - DAG(s) 'crawl_crypto_prices' retrieved from /opt/airflow/dags/crawl_crypto_prices.py
[2026-03-19T10:33:05.349+0000] {logging_mixin.py:188} INFO - [2026-03-19T10:33:05.349+0000] {dag.py:3036} INFO - Sync 1 DAGs
[2026-03-19T10:33:05.359+0000] {logging_mixin.py:188} INFO - [2026-03-19T10:33:05.358+0000] {dag.py:3823} INFO - Setting next_dagrun for crawl_crypto_prices to 2026-03-19 10:00:00+00:00, run_after=2026-03-19 11:00:00+00:00
[2026-03-19T10:33:05.366+0000] {processor.py:183} INFO - Processing /opt/airflow/dags/crawl_crypto_prices.py took 0.051 seconds
[2026-03-19T10:33:35.641+0000] {processor.py:161} INFO - Started process (PID=1694) to work on /opt/airflow/dags/crawl_crypto_prices.py
[2026-03-19T10:33:35.642+0000] {processor.py:830} INFO - Processing file /opt/airflow/dags/crawl_crypto_prices.py for tasks to queue
[2026-03-19T10:33:35.643+0000] {logging_mixin.py:188} INFO - [2026-03-19T10:33:35.643+0000] {dagbag.py:538} INFO - Filling up the DagBag from /opt/airflow/dags/crawl_crypto_prices.py
[2026-03-19T10:33:35.654+0000] {processor.py:840} INFO - DAG(s) 'crawl_crypto_prices' retrieved from /opt/airflow/dags/crawl_crypto_prices.py
[2026-03-19T10:33:35.675+0000] {logging_mixin.py:188} INFO - [2026-03-19T10:33:35.675+0000] {dag.py:3036} INFO - Sync 1 DAGs
[2026-03-19T10:33:35.686+0000] {logging_mixin.py:188} INFO - [2026-03-19T10:33:35.686+0000] {dag.py:3823} INFO - Setting next_dagrun for crawl_crypto_prices to 2026-03-19 10:00:00+00:00, run_after=2026-03-19 11:00:00+00:00
[2026-03-19T10:33:35.692+0000] {processor.py:183} INFO - Processing /opt/airflow/dags/crawl_crypto_prices.py took 0.054 seconds
[2026-03-19T10:34:05.952+0000] {processor.py:161} INFO - Started process (PID=1699) to work on /opt/airflow/dags/crawl_crypto_prices.py
[2026-03-19T10:34:05.953+0000] {processor.py:830} INFO - Processing file /opt/airflow/dags/crawl_crypto_prices.py for tasks to queue
[2026-03-19T10:34:05.954+0000] {logging_mixin.py:188} INFO - [2026-03-19T10:34:05.954+0000] {dagbag.py:538} INFO - Filling up the DagBag from /opt/airflow/dags/crawl_crypto_prices.py
[2026-03-19T10:34:05.965+0000] {processor.py:840} INFO - DAG(s) 'crawl_crypto_prices' retrieved from /opt/airflow/dags/crawl_crypto_prices.py
[2026-03-19T10:34:05.985+0000] {logging_mixin.py:188} INFO - [2026-03-19T10:34:05.985+0000] {dag.py:3036} INFO - Sync 1 DAGs
[2026-03-19T10:34:05.997+0000] {logging_mixin.py:188} INFO - [2026-03-19T10:34:05.997+0000] {dag.py:3823} INFO - Setting next_dagrun for crawl_crypto_prices to 2026-03-19 10:00:00+00:00, run_after=2026-03-19 11:00:00+00:00
[2026-03-19T10:34:06.004+0000] {processor.py:183} INFO - Processing /opt/airflow/dags/crawl_crypto_prices.py took 0.055 seconds
[2026-03-19T10:34:36.294+0000] {processor.py:161} INFO - Started process (PID=1704) to work on /opt/airflow/dags/crawl_crypto_prices.py
[2026-03-19T10:34:36.295+0000] {processor.py:830} INFO - Processing file /opt/airflow/dags/crawl_crypto_prices.py for tasks to queue
[2026-03-19T10:34:36.296+0000] {logging_mixin.py:188} INFO - [2026-03-19T10:34:36.296+0000] {dagbag.py:538} INFO - Filling up the DagBag from /opt/airflow/dags/crawl_crypto_prices.py
[2026-03-19T10:34:36.307+0000] {processor.py:840} INFO - DAG(s) 'crawl_crypto_prices' retrieved from /opt/airflow/dags/crawl_crypto_prices.py
[2026-03-19T10:34:36.325+0000] {logging_mixin.py:188} INFO - [2026-03-19T10:34:36.325+0000] {dag.py:3036} INFO - Sync 1 DAGs
[2026-03-19T10:34:36.334+0000] {logging_mixin.py:188} INFO - [2026-03-19T10:34:36.334+0000] {dag.py:3823} INFO - Setting next_dagrun for crawl_crypto_prices to 2026-03-19 10:00:00+00:00, run_after=2026-03-19 11:00:00+00:00
[2026-03-19T10:34:36.340+0000] {processor.py:183} INFO - Processing /opt/airflow/dags/crawl_crypto_prices.py took 0.049 seconds
[2026-03-19T10:35:06.597+0000] {processor.py:161} INFO - Started process (PID=1709) to work on /opt/airflow/dags/crawl_crypto_prices.py
[2026-03-19T10:35:06.598+0000] {processor.py:830} INFO - Processing file /opt/airflow/dags/crawl_crypto_prices.py for tasks to queue
[2026-03-19T10:35:06.599+0000] {logging_mixin.py:188} INFO - [2026-03-19T10:35:06.599+0000] {dagbag.py:538} INFO - Filling up the DagBag from /opt/airflow/dags/crawl_crypto_prices.py
[2026-03-19T10:35:06.611+0000] {processor.py:840} INFO - DAG(s) 'crawl_crypto_prices' retrieved from /opt/airflow/dags/crawl_crypto_prices.py
[2026-03-19T10:35:06.631+0000] {logging_mixin.py:188} INFO - [2026-03-19T10:35:06.630+0000] {dag.py:3036} INFO - Sync 1 DAGs
[2026-03-19T10:35:06.641+0000] {logging_mixin.py:188} INFO - [2026-03-19T10:35:06.641+0000] {dag.py:3823} INFO - Setting next_dagrun for crawl_crypto_prices to 2026-03-19 10:00:00+00:00, run_after=2026-03-19 11:00:00+00:00
[2026-03-19T10:35:06.648+0000] {processor.py:183} INFO - Processing /opt/airflow/dags/crawl_crypto_prices.py took 0.054 seconds
[2026-03-19T10:35:36.908+0000] {processor.py:161} INFO - Started process (PID=1714) to work on /opt/airflow/dags/crawl_crypto_prices.py
[2026-03-19T10:35:36.909+0000] {processor.py:830} INFO - Processing file /opt/airflow/dags/crawl_crypto_prices.py for tasks to queue
[2026-03-19T10:35:36.910+0000] {logging_mixin.py:188} INFO - [2026-03-19T10:35:36.910+0000] {dagbag.py:538} INFO - Filling up the DagBag from /opt/airflow/dags/crawl_crypto_prices.py
[2026-03-19T10:35:36.921+0000] {processor.py:840} INFO - DAG(s) 'crawl_crypto_prices' retrieved from /opt/airflow/dags/crawl_crypto_prices.py
[2026-03-19T10:35:36.940+0000] {logging_mixin.py:188} INFO - [2026-03-19T10:35:36.940+0000] {dag.py:3036} INFO - Sync 1 DAGs
[2026-03-19T10:35:36.952+0000] {logging_mixin.py:188} INFO - [2026-03-19T10:35:36.952+0000] {dag.py:3823} INFO - Setting next_dagrun for crawl_crypto_prices to 2026-03-19 10:00:00+00:00, run_after=2026-03-19 11:00:00+00:00
[2026-03-19T10:35:36.959+0000] {processor.py:183} INFO - Processing /opt/airflow/dags/crawl_crypto_prices.py took 0.054 seconds
[2026-03-19T10:36:07.209+0000] {processor.py:161} INFO - Started process (PID=1719) to work on /opt/airflow/dags/crawl_crypto_prices.py
[2026-03-19T10:36:07.210+0000] {processor.py:830} INFO - Processing file /opt/airflow/dags/crawl_crypto_prices.py for tasks to queue
[2026-03-19T10:36:07.211+0000] {logging_mixin.py:188} INFO - [2026-03-19T10:36:07.211+0000] {dagbag.py:538} INFO - Filling up the DagBag from /opt/airflow/dags/crawl_crypto_prices.py
[2026-03-19T10:36:07.221+0000] {processor.py:840} INFO - DAG(s) 'crawl_crypto_prices' retrieved from /opt/airflow/dags/crawl_crypto_prices.py
[2026-03-19T10:36:07.237+0000] {logging_mixin.py:188} INFO - [2026-03-19T10:36:07.237+0000] {dag.py:3036} INFO - Sync 1 DAGs
[2026-03-19T10:36:07.246+0000] {logging_mixin.py:188} INFO - [2026-03-19T10:36:07.246+0000] {dag.py:3823} INFO - Setting next_dagrun for crawl_crypto_prices to 2026-03-19 10:00:00+00:00, run_after=2026-03-19 11:00:00+00:00
[2026-03-19T10:36:07.253+0000] {processor.py:183} INFO - Processing /opt/airflow/dags/crawl_crypto_prices.py took 0.047 seconds
[2026-03-19T10:36:37.563+0000] {processor.py:161} INFO - Started process (PID=1724) to work on /opt/airflow/dags/crawl_crypto_prices.py
[2026-03-19T10:36:37.564+0000] {processor.py:830} INFO - Processing file /opt/airflow/dags/crawl_crypto_prices.py for tasks to queue
[2026-03-19T10:36:37.565+0000] {logging_mixin.py:188} INFO - [2026-03-19T10:36:37.564+0000] {dagbag.py:538} INFO - Filling up the DagBag from /opt/airflow/dags/crawl_crypto_prices.py
[2026-03-19T10:36:37.575+0000] {processor.py:840} INFO - DAG(s) 'crawl_crypto_prices' retrieved from /opt/airflow/dags/crawl_crypto_prices.py
[2026-03-19T10:36:37.595+0000] {logging_mixin.py:188} INFO - [2026-03-19T10:36:37.595+0000] {dag.py:3036} INFO - Sync 1 DAGs
[2026-03-19T10:36:37.607+0000] {logging_mixin.py:188} INFO - [2026-03-19T10:36:37.607+0000] {dag.py:3823} INFO - Setting next_dagrun for crawl_crypto_prices to 2026-03-19 10:00:00+00:00, run_after=2026-03-19 11:00:00+00:00
[2026-03-19T10:36:37.614+0000] {processor.py:183} INFO - Processing /opt/airflow/dags/crawl_crypto_prices.py took 0.055 seconds
[2026-03-19T10:37:07.900+0000] {processor.py:161} INFO - Started process (PID=1729) to work on /opt/airflow/dags/crawl_crypto_prices.py
[2026-03-19T10:37:07.901+0000] {processor.py:830} INFO - Processing file /opt/airflow/dags/crawl_crypto_prices.py for tasks to queue
[2026-03-19T10:37:07.902+0000] {logging_mixin.py:188} INFO - [2026-03-19T10:37:07.902+0000] {dagbag.py:538} INFO - Filling up the DagBag from /opt/airflow/dags/crawl_crypto_prices.py
[2026-03-19T10:37:07.913+0000] {processor.py:840} INFO - DAG(s) 'crawl_crypto_prices' retrieved from /opt/airflow/dags/crawl_crypto_prices.py
[2026-03-19T10:37:07.931+0000] {logging_mixin.py:188} INFO - [2026-03-19T10:37:07.931+0000] {dag.py:3036} INFO - Sync 1 DAGs
[2026-03-19T10:37:07.941+0000] {logging_mixin.py:188} INFO - [2026-03-19T10:37:07.941+0000] {dag.py:3823} INFO - Setting next_dagrun for crawl_crypto_prices to 2026-03-19 10:00:00+00:00, run_after=2026-03-19 11:00:00+00:00
[2026-03-19T10:37:07.948+0000] {processor.py:183} INFO - Processing /opt/airflow/dags/crawl_crypto_prices.py took 0.051 seconds
[2026-03-19T10:37:38.202+0000] {processor.py:161} INFO - Started process (PID=1734) to work on /opt/airflow/dags/crawl_crypto_prices.py
[2026-03-19T10:37:38.203+0000] {processor.py:830} INFO - Processing file /opt/airflow/dags/crawl_crypto_prices.py for tasks to queue
[2026-03-19T10:37:38.204+0000] {logging_mixin.py:188} INFO - [2026-03-19T10:37:38.204+0000] {dagbag.py:538} INFO - Filling up the DagBag from /opt/airflow/dags/crawl_crypto_prices.py
[2026-03-19T10:37:38.216+0000] {processor.py:840} INFO - DAG(s) 'crawl_crypto_prices' retrieved from /opt/airflow/dags/crawl_crypto_prices.py
[2026-03-19T10:37:38.236+0000] {logging_mixin.py:188} INFO - [2026-03-19T10:37:38.236+0000] {dag.py:3036} INFO - Sync 1 DAGs
[2026-03-19T10:37:38.248+0000] {logging_mixin.py:188} INFO - [2026-03-19T10:37:38.248+0000] {dag.py:3823} INFO - Setting next_dagrun for crawl_crypto_prices to 2026-03-19 10:00:00+00:00, run_after=2026-03-19 11:00:00+00:00
[2026-03-19T10:37:38.255+0000] {processor.py:183} INFO - Processing /opt/airflow/dags/crawl_crypto_prices.py took 0.057 seconds
[2026-03-19T10:38:08.515+0000] {processor.py:161} INFO - Started process (PID=1739) to work on /opt/airflow/dags/crawl_crypto_prices.py
[2026-03-19T10:38:08.516+0000] {processor.py:830} INFO - Processing file /opt/airflow/dags/crawl_crypto_prices.py for tasks to queue
[2026-03-19T10:38:08.517+0000] {logging_mixin.py:188} INFO - [2026-03-19T10:38:08.517+0000] {dagbag.py:538} INFO - Filling up the DagBag from /opt/airflow/dags/crawl_crypto_prices.py
[2026-03-19T10:38:08.529+0000] {processor.py:840} INFO - DAG(s) 'crawl_crypto_prices' retrieved from /opt/airflow/dags/crawl_crypto_prices.py
[2026-03-19T10:38:08.552+0000] {logging_mixin.py:188} INFO - [2026-03-19T10:38:08.551+0000] {dag.py:3036} INFO - Sync 1 DAGs
[2026-03-19T10:38:08.564+0000] {logging_mixin.py:188} INFO - [2026-03-19T10:38:08.564+0000] {dag.py:3823} INFO - Setting next_dagrun for crawl_crypto_prices to 2026-03-19 10:00:00+00:00, run_after=2026-03-19 11:00:00+00:00
[2026-03-19T10:38:08.571+0000] {processor.py:183} INFO - Processing /opt/airflow/dags/crawl_crypto_prices.py took 0.059 seconds
[2026-03-19T10:38:38.820+0000] {processor.py:161} INFO - Started process (PID=1744) to work on /opt/airflow/dags/crawl_crypto_prices.py
[2026-03-19T10:38:38.821+0000] {processor.py:830} INFO - Processing file /opt/airflow/dags/crawl_crypto_prices.py for tasks to queue
[2026-03-19T10:38:38.822+0000] {logging_mixin.py:188} INFO - [2026-03-19T10:38:38.822+0000] {dagbag.py:538} INFO - Filling up the DagBag from /opt/airflow/dags/crawl_crypto_prices.py
[2026-03-19T10:38:38.832+0000] {processor.py:840} INFO - DAG(s) 'crawl_crypto_prices' retrieved from /opt/airflow/dags/crawl_crypto_prices.py
[2026-03-19T10:38:38.851+0000] {logging_mixin.py:188} INFO - [2026-03-19T10:38:38.851+0000] {dag.py:3036} INFO - Sync 1 DAGs
[2026-03-19T10:38:38.861+0000] {logging_mixin.py:188} INFO - [2026-03-19T10:38:38.861+0000] {dag.py:3823} INFO - Setting next_dagrun for crawl_crypto_prices to 2026-03-19 10:00:00+00:00, run_after=2026-03-19 11:00:00+00:00
[2026-03-19T10:38:38.868+0000] {processor.py:183} INFO - Processing /opt/airflow/dags/crawl_crypto_prices.py took 0.053 seconds
[2026-03-19T10:39:09.099+0000] {processor.py:161} INFO - Started process (PID=1749) to work on /opt/airflow/dags/crawl_crypto_prices.py
[2026-03-19T10:39:09.100+0000] {processor.py:830} INFO - Processing file /opt/airflow/dags/crawl_crypto_prices.py for tasks to queue
[2026-03-19T10:39:09.101+0000] {logging_mixin.py:188} INFO - [2026-03-19T10:39:09.100+0000] {dagbag.py:538} INFO - Filling up the DagBag from /opt/airflow/dags/crawl_crypto_prices.py
[2026-03-19T10:39:09.110+0000] {processor.py:840} INFO - DAG(s) 'crawl_crypto_prices' retrieved from /opt/airflow/dags/crawl_crypto_prices.py
[2026-03-19T10:39:09.126+0000] {logging_mixin.py:188} INFO - [2026-03-19T10:39:09.126+0000] {dag.py:3036} INFO - Sync 1 DAGs
[2026-03-19T10:39:09.138+0000] {logging_mixin.py:188} INFO - [2026-03-19T10:39:09.137+0000] {dag.py:3823} INFO - Setting next_dagrun for crawl_crypto_prices to 2026-03-19 10:00:00+00:00, run_after=2026-03-19 11:00:00+00:00
[2026-03-19T10:39:09.148+0000] {processor.py:183} INFO - Processing /opt/airflow/dags/crawl_crypto_prices.py took 0.053 seconds
[2026-03-19T10:39:39.382+0000] {processor.py:161} INFO - Started process (PID=1754) to work on /opt/airflow/dags/crawl_crypto_prices.py
[2026-03-19T10:39:39.383+0000] {processor.py:830} INFO - Processing file /opt/airflow/dags/crawl_crypto_prices.py for tasks to queue
[2026-03-19T10:39:39.384+0000] {logging_mixin.py:188} INFO - [2026-03-19T10:39:39.384+0000] {dagbag.py:538} INFO - Filling up the DagBag from /opt/airflow/dags/crawl_crypto_prices.py
[2026-03-19T10:39:39.394+0000] {processor.py:840} INFO - DAG(s) 'crawl_crypto_prices' retrieved from /opt/airflow/dags/crawl_crypto_prices.py
[2026-03-19T10:39:39.411+0000] {logging_mixin.py:188} INFO - [2026-03-19T10:39:39.411+0000] {dag.py:3036} INFO - Sync 1 DAGs
[2026-03-19T10:39:39.421+0000] {logging_mixin.py:188} INFO - [2026-03-19T10:39:39.421+0000] {dag.py:3823} INFO - Setting next_dagrun for crawl_crypto_prices to 2026-03-19 10:00:00+00:00, run_after=2026-03-19 11:00:00+00:00
[2026-03-19T10:39:39.427+0000] {processor.py:183} INFO - Processing /opt/airflow/dags/crawl_crypto_prices.py took 0.048 seconds
[2026-03-19T10:40:09.670+0000] {processor.py:161} INFO - Started process (PID=1759) to work on /opt/airflow/dags/crawl_crypto_prices.py
[2026-03-19T10:40:09.671+0000] {processor.py:830} INFO - Processing file /opt/airflow/dags/crawl_crypto_prices.py for tasks to queue
[2026-03-19T10:40:09.672+0000] {logging_mixin.py:188} INFO - [2026-03-19T10:40:09.671+0000] {dagbag.py:538} INFO - Filling up the DagBag from /opt/airflow/dags/crawl_crypto_prices.py
[2026-03-19T10:40:09.682+0000] {processor.py:840} INFO - DAG(s) 'crawl_crypto_prices' retrieved from /opt/airflow/dags/crawl_crypto_prices.py
[2026-03-19T10:40:09.700+0000] {logging_mixin.py:188} INFO - [2026-03-19T10:40:09.700+0000] {dag.py:3036} INFO - Sync 1 DAGs
[2026-03-19T10:40:09.710+0000] {logging_mixin.py:188} INFO - [2026-03-19T10:40:09.710+0000] {dag.py:3823} INFO - Setting next_dagrun for crawl_crypto_prices to 2026-03-19 10:00:00+00:00, run_after=2026-03-19 11:00:00+00:00
[2026-03-19T10:40:09.716+0000] {processor.py:183} INFO - Processing /opt/airflow/dags/crawl_crypto_prices.py took 0.049 seconds
[2026-03-19T10:40:39.971+0000] {processor.py:161} INFO - Started process (PID=1764) to work on /opt/airflow/dags/crawl_crypto_prices.py
[2026-03-19T10:40:39.972+0000] {processor.py:830} INFO - Processing file /opt/airflow/dags/crawl_crypto_prices.py for tasks to queue
[2026-03-19T10:40:39.972+0000] {logging_mixin.py:188} INFO - [2026-03-19T10:40:39.972+0000] {dagbag.py:538} INFO - Filling up the DagBag from /opt/airflow/dags/crawl_crypto_prices.py
[2026-03-19T10:40:39.983+0000] {processor.py:840} INFO - DAG(s) 'crawl_crypto_prices' retrieved from /opt/airflow/dags/crawl_crypto_prices.py
[2026-03-19T10:40:40.002+0000] {logging_mixin.py:188} INFO - [2026-03-19T10:40:40.002+0000] {dag.py:3036} INFO - Sync 1 DAGs
[2026-03-19T10:40:40.013+0000] {logging_mixin.py:188} INFO - [2026-03-19T10:40:40.013+0000] {dag.py:3823} INFO - Setting next_dagrun for crawl_crypto_prices to 2026-03-19 10:00:00+00:00, run_after=2026-03-19 11:00:00+00:00
[2026-03-19T10:40:40.019+0000] {processor.py:183} INFO - Processing /opt/airflow/dags/crawl_crypto_prices.py took 0.052 seconds
[2026-03-19T10:41:10.244+0000] {processor.py:161} INFO - Started process (PID=1769) to work on /opt/airflow/dags/crawl_crypto_prices.py
[2026-03-19T10:41:10.245+0000] {processor.py:830} INFO - Processing file /opt/airflow/dags/crawl_crypto_prices.py for tasks to queue
[2026-03-19T10:41:10.246+0000] {logging_mixin.py:188} INFO - [2026-03-19T10:41:10.246+0000] {dagbag.py:538} INFO - Filling up the DagBag from /opt/airflow/dags/crawl_crypto_prices.py
[2026-03-19T10:41:10.256+0000] {processor.py:840} INFO - DAG(s) 'crawl_crypto_prices' retrieved from /opt/airflow/dags/crawl_crypto_prices.py
[2026-03-19T10:41:10.273+0000] {logging_mixin.py:188} INFO - [2026-03-19T10:41:10.273+0000] {dag.py:3036} INFO - Sync 1 DAGs
[2026-03-19T10:41:10.282+0000] {logging_mixin.py:188} INFO - [2026-03-19T10:41:10.282+0000] {dag.py:3823} INFO - Setting next_dagrun for crawl_crypto_prices to 2026-03-19 10:00:00+00:00, run_after=2026-03-19 11:00:00+00:00
[2026-03-19T10:41:10.288+0000] {processor.py:183} INFO - Processing /opt/airflow/dags/crawl_crypto_prices.py took 0.046 seconds
[2026-03-19T10:41:40.534+0000] {processor.py:161} INFO - Started process (PID=1774) to work on /opt/airflow/dags/crawl_crypto_prices.py
[2026-03-19T10:41:40.535+0000] {processor.py:830} INFO - Processing file /opt/airflow/dags/crawl_crypto_prices.py for tasks to queue
[2026-03-19T10:41:40.536+0000] {logging_mixin.py:188} INFO - [2026-03-19T10:41:40.536+0000] {dagbag.py:538} INFO - Filling up the DagBag from /opt/airflow/dags/crawl_crypto_prices.py
[2026-03-19T10:41:40.546+0000] {processor.py:840} INFO - DAG(s) 'crawl_crypto_prices' retrieved from /opt/airflow/dags/crawl_crypto_prices.py
[2026-03-19T10:41:40.565+0000] {logging_mixin.py:188} INFO - [2026-03-19T10:41:40.565+0000] {dag.py:3036} INFO - Sync 1 DAGs
[2026-03-19T10:41:40.575+0000] {logging_mixin.py:188} INFO - [2026-03-19T10:41:40.575+0000] {dag.py:3823} INFO - Setting next_dagrun for crawl_crypto_prices to 2026-03-19 10:00:00+00:00, run_after=2026-03-19 11:00:00+00:00
[2026-03-19T10:41:40.581+0000] {processor.py:183} INFO - Processing /opt/airflow/dags/crawl_crypto_prices.py took 0.050 seconds
[2026-03-19T10:42:10.811+0000] {processor.py:161} INFO - Started process (PID=1779) to work on /opt/airflow/dags/crawl_crypto_prices.py
[2026-03-19T10:42:10.812+0000] {processor.py:830} INFO - Processing file /opt/airflow/dags/crawl_crypto_prices.py for tasks to queue
[2026-03-19T10:42:10.812+0000] {logging_mixin.py:188} INFO - [2026-03-19T10:42:10.812+0000] {dagbag.py:538} INFO - Filling up the DagBag from /opt/airflow/dags/crawl_crypto_prices.py
[2026-03-19T10:42:10.822+0000] {processor.py:840} INFO - DAG(s) 'crawl_crypto_prices' retrieved from /opt/airflow/dags/crawl_crypto_prices.py
[2026-03-19T10:42:10.840+0000] {logging_mixin.py:188} INFO - [2026-03-19T10:42:10.839+0000] {dag.py:3036} INFO - Sync 1 DAGs
[2026-03-19T10:42:10.850+0000] {logging_mixin.py:188} INFO - [2026-03-19T10:42:10.849+0000] {dag.py:3823} INFO - Setting next_dagrun for crawl_crypto_prices to 2026-03-19 10:00:00+00:00, run_after=2026-03-19 11:00:00+00:00
[2026-03-19T10:42:10.855+0000] {processor.py:183} INFO - Processing /opt/airflow/dags/crawl_crypto_prices.py took 0.047 seconds
[2026-03-19T10:42:41.093+0000] {processor.py:161} INFO - Started process (PID=1784) to work on /opt/airflow/dags/crawl_crypto_prices.py
[2026-03-19T10:42:41.094+0000] {processor.py:830} INFO - Processing file /opt/airflow/dags/crawl_crypto_prices.py for tasks to queue
[2026-03-19T10:42:41.094+0000] {logging_mixin.py:188} INFO - [2026-03-19T10:42:41.094+0000] {dagbag.py:538} INFO - Filling up the DagBag from /opt/airflow/dags/crawl_crypto_prices.py
[2026-03-19T10:42:41.103+0000] {processor.py:840} INFO - DAG(s) 'crawl_crypto_prices' retrieved from /opt/airflow/dags/crawl_crypto_prices.py
[2026-03-19T10:42:41.119+0000] {logging_mixin.py:188} INFO - [2026-03-19T10:42:41.118+0000] {dag.py:3036} INFO - Sync 1 DAGs
[2026-03-19T10:42:41.128+0000] {logging_mixin.py:188} INFO - [2026-03-19T10:42:41.127+0000] {dag.py:3823} INFO - Setting next_dagrun for crawl_crypto_prices to 2026-03-19 10:00:00+00:00, run_after=2026-03-19 11:00:00+00:00
[2026-03-19T10:42:41.133+0000] {processor.py:183} INFO - Processing /opt/airflow/dags/crawl_crypto_prices.py took 0.043 seconds
[2026-03-19T10:43:11.367+0000] {processor.py:161} INFO - Started process (PID=1789) to work on /opt/airflow/dags/crawl_crypto_prices.py
[2026-03-19T10:43:11.368+0000] {processor.py:830} INFO - Processing file /opt/airflow/dags/crawl_crypto_prices.py for tasks to queue
[2026-03-19T10:43:11.368+0000] {logging_mixin.py:188} INFO - [2026-03-19T10:43:11.368+0000] {dagbag.py:538} INFO - Filling up the DagBag from /opt/airflow/dags/crawl_crypto_prices.py
[2026-03-19T10:43:11.377+0000] {processor.py:840} INFO - DAG(s) 'crawl_crypto_prices' retrieved from /opt/airflow/dags/crawl_crypto_prices.py
[2026-03-19T10:43:11.394+0000] {logging_mixin.py:188} INFO - [2026-03-19T10:43:11.393+0000] {dag.py:3036} INFO - Sync 1 DAGs
[2026-03-19T10:43:11.402+0000] {logging_mixin.py:188} INFO - [2026-03-19T10:43:11.402+0000] {dag.py:3823} INFO - Setting next_dagrun for crawl_crypto_prices to 2026-03-19 10:00:00+00:00, run_after=2026-03-19 11:00:00+00:00
[2026-03-19T10:43:11.408+0000] {processor.py:183} INFO - Processing /opt/airflow/dags/crawl_crypto_prices.py took 0.043 seconds
[2026-03-19T10:43:41.664+0000] {processor.py:161} INFO - Started process (PID=1794) to work on /opt/airflow/dags/crawl_crypto_prices.py
[2026-03-19T10:43:41.665+0000] {processor.py:830} INFO - Processing file /opt/airflow/dags/crawl_crypto_prices.py for tasks to queue
[2026-03-19T10:43:41.666+0000] {logging_mixin.py:188} INFO - [2026-03-19T10:43:41.666+0000] {dagbag.py:538} INFO - Filling up the DagBag from /opt/airflow/dags/crawl_crypto_prices.py
[2026-03-19T10:43:41.677+0000] {processor.py:840} INFO - DAG(s) 'crawl_crypto_prices' retrieved from /opt/airflow/dags/crawl_crypto_prices.py
[2026-03-19T10:43:41.695+0000] {logging_mixin.py:188} INFO - [2026-03-19T10:43:41.695+0000] {dag.py:3036} INFO - Sync 1 DAGs
[2026-03-19T10:43:41.705+0000] {logging_mixin.py:188} INFO - [2026-03-19T10:43:41.705+0000] {dag.py:3823} INFO - Setting next_dagrun for crawl_crypto_prices to 2026-03-19 10:00:00+00:00, run_after=2026-03-19 11:00:00+00:00
[2026-03-19T10:43:41.711+0000] {processor.py:183} INFO - Processing /opt/airflow/dags/crawl_crypto_prices.py took 0.050 seconds
[2026-03-19T10:44:11.934+0000] {processor.py:161} INFO - Started process (PID=1799) to work on /opt/airflow/dags/crawl_crypto_prices.py
[2026-03-19T10:44:11.935+0000] {processor.py:830} INFO - Processing file /opt/airflow/dags/crawl_crypto_prices.py for tasks to queue
[2026-03-19T10:44:11.936+0000] {logging_mixin.py:188} INFO - [2026-03-19T10:44:11.936+0000] {dagbag.py:538} INFO - Filling up the DagBag from /opt/airflow/dags/crawl_crypto_prices.py
[2026-03-19T10:44:11.945+0000] {processor.py:840} INFO - DAG(s) 'crawl_crypto_prices' retrieved from /opt/airflow/dags/crawl_crypto_prices.py
[2026-03-19T10:44:11.961+0000] {logging_mixin.py:188} INFO - [2026-03-19T10:44:11.961+0000] {dag.py:3036} INFO - Sync 1 DAGs
[2026-03-19T10:44:11.971+0000] {logging_mixin.py:188} INFO - [2026-03-19T10:44:11.971+0000] {dag.py:3823} INFO - Setting next_dagrun for crawl_crypto_prices to 2026-03-19 10:00:00+00:00, run_after=2026-03-19 11:00:00+00:00
[2026-03-19T10:44:11.977+0000] {processor.py:183} INFO - Processing /opt/airflow/dags/crawl_crypto_prices.py took 0.046 seconds
[2026-03-19T10:45:05.324+0000] {processor.py:161} INFO - Started process (PID=1806) to work on /opt/airflow/dags/crawl_crypto_prices.py
[2026-03-19T10:45:05.325+0000] {processor.py:830} INFO - Processing file /opt/airflow/dags/crawl_crypto_prices.py for tasks to queue
[2026-03-19T10:45:05.325+0000] {logging_mixin.py:188} INFO - [2026-03-19T10:45:05.325+0000] {dagbag.py:538} INFO - Filling up the DagBag from /opt/airflow/dags/crawl_crypto_prices.py
[2026-03-19T10:45:05.336+0000] {processor.py:840} INFO - DAG(s) 'crawl_crypto_prices' retrieved from /opt/airflow/dags/crawl_crypto_prices.py
[2026-03-19T10:45:05.355+0000] {logging_mixin.py:188} INFO - [2026-03-19T10:45:05.355+0000] {dag.py:3036} INFO - Sync 1 DAGs
[2026-03-19T10:45:05.365+0000] {logging_mixin.py:188} INFO - [2026-03-19T10:45:05.365+0000] {dag.py:3823} INFO - Setting next_dagrun for crawl_crypto_prices to 2026-03-19 10:00:00+00:00, run_after=2026-03-19 11:00:00+00:00
[2026-03-19T10:45:05.371+0000] {processor.py:183} INFO - Processing /opt/airflow/dags/crawl_crypto_prices.py took 0.050 seconds
[2026-03-19T10:45:35.683+0000] {processor.py:161} INFO - Started process (PID=1811) to work on /opt/airflow/dags/crawl_crypto_prices.py
[2026-03-19T10:45:35.684+0000] {processor.py:830} INFO - Processing file /opt/airflow/dags/crawl_crypto_prices.py for tasks to queue
[2026-03-19T10:45:35.684+0000] {logging_mixin.py:188} INFO - [2026-03-19T10:45:35.684+0000] {dagbag.py:538} INFO - Filling up the DagBag from /opt/airflow/dags/crawl_crypto_prices.py
[2026-03-19T10:45:35.694+0000] {processor.py:840} INFO - DAG(s) 'crawl_crypto_prices' retrieved from /opt/airflow/dags/crawl_crypto_prices.py
[2026-03-19T10:45:35.712+0000] {logging_mixin.py:188} INFO - [2026-03-19T10:45:35.712+0000] {dag.py:3036} INFO - Sync 1 DAGs
[2026-03-19T10:45:35.722+0000] {logging_mixin.py:188} INFO - [2026-03-19T10:45:35.722+0000] {dag.py:3823} INFO - Setting next_dagrun for crawl_crypto_prices to 2026-03-19 10:00:00+00:00, run_after=2026-03-19 11:00:00+00:00
[2026-03-19T10:45:35.728+0000] {processor.py:183} INFO - Processing /opt/airflow/dags/crawl_crypto_prices.py took 0.050 seconds
[2026-03-19T10:46:06.003+0000] {processor.py:161} INFO - Started process (PID=1816) to work on /opt/airflow/dags/crawl_crypto_prices.py
[2026-03-19T10:46:06.003+0000] {processor.py:830} INFO - Processing file /opt/airflow/dags/crawl_crypto_prices.py for tasks to queue
[2026-03-19T10:46:06.004+0000] {logging_mixin.py:188} INFO - [2026-03-19T10:46:06.004+0000] {dagbag.py:538} INFO - Filling up the DagBag from /opt/airflow/dags/crawl_crypto_prices.py
[2026-03-19T10:46:06.014+0000] {processor.py:840} INFO - DAG(s) 'crawl_crypto_prices' retrieved from /opt/airflow/dags/crawl_crypto_prices.py
[2026-03-19T10:46:06.033+0000] {logging_mixin.py:188} INFO - [2026-03-19T10:46:06.032+0000] {dag.py:3036} INFO - Sync 1 DAGs
[2026-03-19T10:46:06.043+0000] {logging_mixin.py:188} INFO - [2026-03-19T10:46:06.043+0000] {dag.py:3823} INFO - Setting next_dagrun for crawl_crypto_prices to 2026-03-19 10:00:00+00:00, run_after=2026-03-19 11:00:00+00:00
[2026-03-19T10:46:06.049+0000] {processor.py:183} INFO - Processing /opt/airflow/dags/crawl_crypto_prices.py took 0.050 seconds
[2026-03-19T10:46:36.318+0000] {processor.py:161} INFO - Started process (PID=1821) to work on /opt/airflow/dags/crawl_crypto_prices.py
[2026-03-19T10:46:36.318+0000] {processor.py:830} INFO - Processing file /opt/airflow/dags/crawl_crypto_prices.py for tasks to queue
[2026-03-19T10:46:36.319+0000] {logging_mixin.py:188} INFO - [2026-03-19T10:46:36.319+0000] {dagbag.py:538} INFO - Filling up the DagBag from /opt/airflow/dags/crawl_crypto_prices.py
[2026-03-19T10:46:36.329+0000] {processor.py:840} INFO - DAG(s) 'crawl_crypto_prices' retrieved from /opt/airflow/dags/crawl_crypto_prices.py
[2026-03-19T10:46:36.347+0000] {logging_mixin.py:188} INFO - [2026-03-19T10:46:36.347+0000] {dag.py:3036} INFO - Sync 1 DAGs
[2026-03-19T10:46:36.359+0000] {logging_mixin.py:188} INFO - [2026-03-19T10:46:36.359+0000] {dag.py:3823} INFO - Setting next_dagrun for crawl_crypto_prices to 2026-03-19 10:00:00+00:00, run_after=2026-03-19 11:00:00+00:00
[2026-03-19T10:46:36.365+0000] {processor.py:183} INFO - Processing /opt/airflow/dags/crawl_crypto_prices.py took 0.050 seconds
[2026-03-19T10:47:06.619+0000] {processor.py:161} INFO - Started process (PID=1826) to work on /opt/airflow/dags/crawl_crypto_prices.py
[2026-03-19T10:47:06.620+0000] {processor.py:830} INFO - Processing file /opt/airflow/dags/crawl_crypto_prices.py for tasks to queue
[2026-03-19T10:47:06.621+0000] {logging_mixin.py:188} INFO - [2026-03-19T10:47:06.620+0000] {dagbag.py:538} INFO - Filling up the DagBag from /opt/airflow/dags/crawl_crypto_prices.py
[2026-03-19T10:47:06.631+0000] {processor.py:840} INFO - DAG(s) 'crawl_crypto_prices' retrieved from /opt/airflow/dags/crawl_crypto_prices.py
[2026-03-19T10:47:06.648+0000] {logging_mixin.py:188} INFO - [2026-03-19T10:47:06.648+0000] {dag.py:3036} INFO - Sync 1 DAGs
[2026-03-19T10:47:06.657+0000] {logging_mixin.py:188} INFO - [2026-03-19T10:47:06.657+0000] {dag.py:3823} INFO - Setting next_dagrun for crawl_crypto_prices to 2026-03-19 10:00:00+00:00, run_after=2026-03-19 11:00:00+00:00
[2026-03-19T10:47:06.664+0000] {processor.py:183} INFO - Processing /opt/airflow/dags/crawl_crypto_prices.py took 0.047 seconds
[2026-03-19T10:47:55.383+0000] {processor.py:161} INFO - Started process (PID=1831) to work on /opt/airflow/dags/crawl_crypto_prices.py
[2026-03-19T10:47:55.385+0000] {processor.py:830} INFO - Processing file /opt/airflow/dags/crawl_crypto_prices.py for tasks to queue
[2026-03-19T10:47:55.386+0000] {logging_mixin.py:188} INFO - [2026-03-19T10:47:55.386+0000] {dagbag.py:538} INFO - Filling up the DagBag from /opt/airflow/dags/crawl_crypto_prices.py
[2026-03-19T10:47:55.397+0000] {processor.py:840} INFO - DAG(s) 'crawl_crypto_prices' retrieved from /opt/airflow/dags/crawl_crypto_prices.py
[2026-03-19T10:47:55.413+0000] {logging_mixin.py:188} INFO - [2026-03-19T10:47:55.413+0000] {dag.py:3036} INFO - Sync 1 DAGs
[2026-03-19T10:47:55.424+0000] {logging_mixin.py:188} INFO - [2026-03-19T10:47:55.424+0000] {dag.py:3823} INFO - Setting next_dagrun for crawl_crypto_prices to 2026-03-19 10:00:00+00:00, run_after=2026-03-19 11:00:00+00:00
[2026-03-19T10:47:55.431+0000] {processor.py:183} INFO - Processing /opt/airflow/dags/crawl_crypto_prices.py took 0.052 seconds
[2026-03-19T10:53:53.643+0000] {processor.py:161} INFO - Started process (PID=1838) to work on /opt/airflow/dags/crawl_crypto_prices.py
[2026-03-19T10:53:53.644+0000] {processor.py:830} INFO - Processing file /opt/airflow/dags/crawl_crypto_prices.py for tasks to queue
[2026-03-19T10:53:53.645+0000] {logging_mixin.py:188} INFO - [2026-03-19T10:53:53.645+0000] {dagbag.py:538} INFO - Filling up the DagBag from /opt/airflow/dags/crawl_crypto_prices.py
[2026-03-19T10:53:53.656+0000] {processor.py:840} INFO - DAG(s) 'crawl_crypto_prices' retrieved from /opt/airflow/dags/crawl_crypto_prices.py
[2026-03-19T10:53:53.682+0000] {logging_mixin.py:188} INFO - [2026-03-19T10:53:53.682+0000] {dag.py:3036} INFO - Sync 1 DAGs
[2026-03-19T10:53:53.702+0000] {logging_mixin.py:188} INFO - [2026-03-19T10:53:53.702+0000] {dag.py:3823} INFO - Setting next_dagrun for crawl_crypto_prices to 2026-03-19 10:00:00+00:00, run_after=2026-03-19 11:00:00+00:00
[2026-03-19T10:53:53.720+0000] {processor.py:183} INFO - Processing /opt/airflow/dags/crawl_crypto_prices.py took 0.079 seconds
[2026-03-19T11:22:05.744+0000] {processor.py:161} INFO - Started process (PID=1844) to work on /opt/airflow/dags/crawl_crypto_prices.py
[2026-03-19T11:22:05.745+0000] {processor.py:830} INFO - Processing file /opt/airflow/dags/crawl_crypto_prices.py for tasks to queue
[2026-03-19T11:22:05.746+0000] {logging_mixin.py:188} INFO - [2026-03-19T11:22:05.746+0000] {dagbag.py:538} INFO - Filling up the DagBag from /opt/airflow/dags/crawl_crypto_prices.py
[2026-03-19T11:22:05.757+0000] {processor.py:840} INFO - DAG(s) 'crawl_crypto_prices' retrieved from /opt/airflow/dags/crawl_crypto_prices.py
[2026-03-19T11:22:05.777+0000] {logging_mixin.py:188} INFO - [2026-03-19T11:22:05.776+0000] {dag.py:3036} INFO - Sync 1 DAGs
[2026-03-19T11:22:05.796+0000] {logging_mixin.py:188} INFO - [2026-03-19T11:22:05.796+0000] {dag.py:3823} INFO - Setting next_dagrun for crawl_crypto_prices to 2026-03-19 11:00:00+00:00, run_after=2026-03-19 12:00:00+00:00
[2026-03-19T11:22:05.812+0000] {processor.py:183} INFO - Processing /opt/airflow/dags/crawl_crypto_prices.py took 0.070 seconds
[2026-03-19T12:10:22.492+0000] {processor.py:161} INFO - Started process (PID=1852) to work on /opt/airflow/dags/crawl_crypto_prices.py
[2026-03-19T12:10:22.493+0000] {processor.py:830} INFO - Processing file /opt/airflow/dags/crawl_crypto_prices.py for tasks to queue
[2026-03-19T12:10:22.494+0000] {logging_mixin.py:188} INFO - [2026-03-19T12:10:22.494+0000] {dagbag.py:538} INFO - Filling up the DagBag from /opt/airflow/dags/crawl_crypto_prices.py
[2026-03-19T12:10:22.504+0000] {processor.py:840} INFO - DAG(s) 'crawl_crypto_prices' retrieved from /opt/airflow/dags/crawl_crypto_prices.py
[2026-03-19T12:10:22.536+0000] {logging_mixin.py:188} INFO - [2026-03-19T12:10:22.536+0000] {dag.py:3036} INFO - Sync 1 DAGs
[2026-03-19T12:10:22.557+0000] {logging_mixin.py:188} INFO - [2026-03-19T12:10:22.557+0000] {dag.py:3823} INFO - Setting next_dagrun for crawl_crypto_prices to 2026-03-19 11:00:00+00:00, run_after=2026-03-19 12:00:00+00:00
[2026-03-19T12:10:22.572+0000] {processor.py:183} INFO - Processing /opt/airflow/dags/crawl_crypto_prices.py took 0.083 seconds
[2026-03-19T13:20:20.419+0000] {processor.py:161} INFO - Started process (PID=1861) to work on /opt/airflow/dags/crawl_crypto_prices.py
[2026-03-19T13:20:20.420+0000] {processor.py:830} INFO - Processing file /opt/airflow/dags/crawl_crypto_prices.py for tasks to queue
[2026-03-19T13:20:20.421+0000] {logging_mixin.py:188} INFO - [2026-03-19T13:20:20.421+0000] {dagbag.py:538} INFO - Filling up the DagBag from /opt/airflow/dags/crawl_crypto_prices.py
[2026-03-19T13:20:20.431+0000] {processor.py:840} INFO - DAG(s) 'crawl_crypto_prices' retrieved from /opt/airflow/dags/crawl_crypto_prices.py
[2026-03-19T13:20:20.448+0000] {logging_mixin.py:188} INFO - [2026-03-19T13:20:20.448+0000] {dag.py:3036} INFO - Sync 1 DAGs
[2026-03-19T13:20:20.458+0000] {logging_mixin.py:188} INFO - [2026-03-19T13:20:20.457+0000] {dag.py:3823} INFO - Setting next_dagrun for crawl_crypto_prices to 2026-03-19 13:00:00+00:00, run_after=2026-03-19 14:00:00+00:00
[2026-03-19T13:20:20.463+0000] {processor.py:183} INFO - Processing /opt/airflow/dags/crawl_crypto_prices.py took 0.047 seconds
[2026-03-19T14:07:20.422+0000] {processor.py:161} INFO - Started process (PID=1866) to work on /opt/airflow/dags/crawl_crypto_prices.py
[2026-03-19T14:07:20.423+0000] {processor.py:830} INFO - Processing file /opt/airflow/dags/crawl_crypto_prices.py for tasks to queue
[2026-03-19T14:07:20.424+0000] {logging_mixin.py:188} INFO - [2026-03-19T14:07:20.424+0000] {dagbag.py:538} INFO - Filling up the DagBag from /opt/airflow/dags/crawl_crypto_prices.py
[2026-03-19T14:07:20.436+0000] {processor.py:840} INFO - DAG(s) 'crawl_crypto_prices' retrieved from /opt/airflow/dags/crawl_crypto_prices.py
[2026-03-19T14:07:20.452+0000] {logging_mixin.py:188} INFO - [2026-03-19T14:07:20.451+0000] {dag.py:3036} INFO - Sync 1 DAGs
[2026-03-19T14:07:20.464+0000] {logging_mixin.py:188} INFO - [2026-03-19T14:07:20.463+0000] {dag.py:3823} INFO - Setting next_dagrun for crawl_crypto_prices to 2026-03-19 13:00:00+00:00, run_after=2026-03-19 14:00:00+00:00
[2026-03-19T14:07:20.475+0000] {processor.py:183} INFO - Processing /opt/airflow/dags/crawl_crypto_prices.py took 0.056 seconds
[2026-03-19T15:23:25.853+0000] {processor.py:161} INFO - Started process (PID=1875) to work on /opt/airflow/dags/crawl_crypto_prices.py
[2026-03-19T15:23:25.853+0000] {processor.py:830} INFO - Processing file /opt/airflow/dags/crawl_crypto_prices.py for tasks to queue
[2026-03-19T15:23:25.854+0000] {logging_mixin.py:188} INFO - [2026-03-19T15:23:25.854+0000] {dagbag.py:538} INFO - Filling up the DagBag from /opt/airflow/dags/crawl_crypto_prices.py
[2026-03-19T15:23:25.861+0000] {processor.py:840} INFO - DAG(s) 'crawl_crypto_prices' retrieved from /opt/airflow/dags/crawl_crypto_prices.py
[2026-03-19T15:23:25.879+0000] {logging_mixin.py:188} INFO - [2026-03-19T15:23:25.879+0000] {dag.py:3036} INFO - Sync 1 DAGs
[2026-03-19T15:23:25.889+0000] {logging_mixin.py:188} INFO - [2026-03-19T15:23:25.889+0000] {dag.py:3823} INFO - Setting next_dagrun for crawl_crypto_prices to 2026-03-19 15:00:00+00:00, run_after=2026-03-19 16:00:00+00:00
[2026-03-19T15:23:25.895+0000] {processor.py:183} INFO - Processing /opt/airflow/dags/crawl_crypto_prices.py took 0.044 seconds
[2026-03-19T16:41:10.739+0000] {processor.py:161} INFO - Started process (PID=1884) to work on /opt/airflow/dags/crawl_crypto_prices.py
[2026-03-19T16:41:10.740+0000] {processor.py:830} INFO - Processing file /opt/airflow/dags/crawl_crypto_prices.py for tasks to queue
[2026-03-19T16:41:10.741+0000] {logging_mixin.py:188} INFO - [2026-03-19T16:41:10.740+0000] {dagbag.py:538} INFO - Filling up the DagBag from /opt/airflow/dags/crawl_crypto_prices.py
[2026-03-19T16:41:10.751+0000] {processor.py:840} INFO - DAG(s) 'crawl_crypto_prices' retrieved from /opt/airflow/dags/crawl_crypto_prices.py
[2026-03-19T16:41:10.774+0000] {logging_mixin.py:188} INFO - [2026-03-19T16:41:10.774+0000] {dag.py:3036} INFO - Sync 1 DAGs
[2026-03-19T16:41:10.796+0000] {logging_mixin.py:188} INFO - [2026-03-19T16:41:10.796+0000] {dag.py:3823} INFO - Setting next_dagrun for crawl_crypto_prices to 2026-03-19 16:00:00+00:00, run_after=2026-03-19 17:00:00+00:00
[2026-03-19T16:41:10.815+0000] {processor.py:183} INFO - Processing /opt/airflow/dags/crawl_crypto_prices.py took 0.079 seconds
[2026-03-19T17:07:40.697+0000] {processor.py:161} INFO - Started process (PID=1889) to work on /opt/airflow/dags/crawl_crypto_prices.py
[2026-03-19T17:07:40.697+0000] {processor.py:830} INFO - Processing file /opt/airflow/dags/crawl_crypto_prices.py for tasks to queue
[2026-03-19T17:07:40.698+0000] {logging_mixin.py:188} INFO - [2026-03-19T17:07:40.698+0000] {dagbag.py:538} INFO - Filling up the DagBag from /opt/airflow/dags/crawl_crypto_prices.py
[2026-03-19T17:07:40.711+0000] {processor.py:840} INFO - DAG(s) 'crawl_crypto_prices' retrieved from /opt/airflow/dags/crawl_crypto_prices.py
[2026-03-19T17:07:40.739+0000] {logging_mixin.py:188} INFO - [2026-03-19T17:07:40.739+0000] {dag.py:3036} INFO - Sync 1 DAGs
[2026-03-19T17:07:40.753+0000] {logging_mixin.py:188} INFO - [2026-03-19T17:07:40.753+0000] {dag.py:3823} INFO - Setting next_dagrun for crawl_crypto_prices to 2026-03-19 16:00:00+00:00, run_after=2026-03-19 17:00:00+00:00
[2026-03-19T17:07:40.760+0000] {processor.py:183} INFO - Processing /opt/airflow/dags/crawl_crypto_prices.py took 0.066 seconds
[2026-03-19T17:08:11.022+0000] {processor.py:161} INFO - Started process (PID=1896) to work on /opt/airflow/dags/crawl_crypto_prices.py
[2026-03-19T17:08:11.023+0000] {processor.py:830} INFO - Processing file /opt/airflow/dags/crawl_crypto_prices.py for tasks to queue
[2026-03-19T17:08:11.024+0000] {logging_mixin.py:188} INFO - [2026-03-19T17:08:11.024+0000] {dagbag.py:538} INFO - Filling up the DagBag from /opt/airflow/dags/crawl_crypto_prices.py
[2026-03-19T17:08:11.043+0000] {processor.py:840} INFO - DAG(s) 'crawl_crypto_prices' retrieved from /opt/airflow/dags/crawl_crypto_prices.py
[2026-03-19T17:08:11.062+0000] {logging_mixin.py:188} INFO - [2026-03-19T17:08:11.062+0000] {dag.py:3036} INFO - Sync 1 DAGs
[2026-03-19T17:08:11.072+0000] {logging_mixin.py:188} INFO - [2026-03-19T17:08:11.072+0000] {dag.py:3823} INFO - Setting next_dagrun for crawl_crypto_prices to 2026-03-19 17:00:00+00:00, run_after=2026-03-19 18:00:00+00:00
[2026-03-19T17:08:11.078+0000] {processor.py:183} INFO - Processing /opt/airflow/dags/crawl_crypto_prices.py took 0.060 seconds
[2026-03-19T17:08:41.333+0000] {processor.py:161} INFO - Started process (PID=1901) to work on /opt/airflow/dags/crawl_crypto_prices.py
[2026-03-19T17:08:41.335+0000] {processor.py:830} INFO - Processing file /opt/airflow/dags/crawl_crypto_prices.py for tasks to queue
[2026-03-19T17:08:41.335+0000] {logging_mixin.py:188} INFO - [2026-03-19T17:08:41.335+0000] {dagbag.py:538} INFO - Filling up the DagBag from /opt/airflow/dags/crawl_crypto_prices.py
[2026-03-19T17:08:41.346+0000] {processor.py:840} INFO - DAG(s) 'crawl_crypto_prices' retrieved from /opt/airflow/dags/crawl_crypto_prices.py
[2026-03-19T17:08:41.364+0000] {logging_mixin.py:188} INFO - [2026-03-19T17:08:41.364+0000] {dag.py:3036} INFO - Sync 1 DAGs
[2026-03-19T17:08:41.374+0000] {logging_mixin.py:188} INFO - [2026-03-19T17:08:41.374+0000] {dag.py:3823} INFO - Setting next_dagrun for crawl_crypto_prices to 2026-03-19 17:00:00+00:00, run_after=2026-03-19 18:00:00+00:00
[2026-03-19T17:08:41.380+0000] {processor.py:183} INFO - Processing /opt/airflow/dags/crawl_crypto_prices.py took 0.050 seconds
[2026-03-19T17:09:11.653+0000] {processor.py:161} INFO - Started process (PID=1906) to work on /opt/airflow/dags/crawl_crypto_prices.py
[2026-03-19T17:09:11.654+0000] {processor.py:830} INFO - Processing file /opt/airflow/dags/crawl_crypto_prices.py for tasks to queue
[2026-03-19T17:09:11.655+0000] {logging_mixin.py:188} INFO - [2026-03-19T17:09:11.654+0000] {dagbag.py:538} INFO - Filling up the DagBag from /opt/airflow/dags/crawl_crypto_prices.py
[2026-03-19T17:09:11.665+0000] {processor.py:840} INFO - DAG(s) 'crawl_crypto_prices' retrieved from /opt/airflow/dags/crawl_crypto_prices.py
[2026-03-19T17:09:11.687+0000] {logging_mixin.py:188} INFO - [2026-03-19T17:09:11.687+0000] {dag.py:3036} INFO - Sync 1 DAGs
[2026-03-19T17:09:11.697+0000] {logging_mixin.py:188} INFO - [2026-03-19T17:09:11.697+0000] {dag.py:3823} INFO - Setting next_dagrun for crawl_crypto_prices to 2026-03-19 17:00:00+00:00, run_after=2026-03-19 18:00:00+00:00
[2026-03-19T17:09:11.704+0000] {processor.py:183} INFO - Processing /opt/airflow/dags/crawl_crypto_prices.py took 0.055 seconds
[2026-03-19T17:09:41.993+0000] {processor.py:161} INFO - Started process (PID=1911) to work on /opt/airflow/dags/crawl_crypto_prices.py
[2026-03-19T17:09:41.994+0000] {processor.py:830} INFO - Processing file /opt/airflow/dags/crawl_crypto_prices.py for tasks to queue
[2026-03-19T17:09:41.995+0000] {logging_mixin.py:188} INFO - [2026-03-19T17:09:41.994+0000] {dagbag.py:538} INFO - Filling up the DagBag from /opt/airflow/dags/crawl_crypto_prices.py
[2026-03-19T17:09:42.006+0000] {processor.py:840} INFO - DAG(s) 'crawl_crypto_prices' retrieved from /opt/airflow/dags/crawl_crypto_prices.py
[2026-03-19T17:09:42.025+0000] {logging_mixin.py:188} INFO - [2026-03-19T17:09:42.025+0000] {dag.py:3036} INFO - Sync 1 DAGs
[2026-03-19T17:09:42.035+0000] {logging_mixin.py:188} INFO - [2026-03-19T17:09:42.035+0000] {dag.py:3823} INFO - Setting next_dagrun for crawl_crypto_prices to 2026-03-19 17:00:00+00:00, run_after=2026-03-19 18:00:00+00:00
[2026-03-19T17:09:42.041+0000] {processor.py:183} INFO - Processing /opt/airflow/dags/crawl_crypto_prices.py took 0.052 seconds
[2026-03-19T17:10:12.285+0000] {processor.py:161} INFO - Started process (PID=1916) to work on /opt/airflow/dags/crawl_crypto_prices.py
[2026-03-19T17:10:12.287+0000] {processor.py:830} INFO - Processing file /opt/airflow/dags/crawl_crypto_prices.py for tasks to queue
[2026-03-19T17:10:12.288+0000] {logging_mixin.py:188} INFO - [2026-03-19T17:10:12.287+0000] {dagbag.py:538} INFO - Filling up the DagBag from /opt/airflow/dags/crawl_crypto_prices.py
[2026-03-19T17:10:12.298+0000] {processor.py:840} INFO - DAG(s) 'crawl_crypto_prices' retrieved from /opt/airflow/dags/crawl_crypto_prices.py
[2026-03-19T17:10:12.320+0000] {logging_mixin.py:188} INFO - [2026-03-19T17:10:12.320+0000] {dag.py:3036} INFO - Sync 1 DAGs
[2026-03-19T17:10:12.332+0000] {logging_mixin.py:188} INFO - [2026-03-19T17:10:12.332+0000] {dag.py:3823} INFO - Setting next_dagrun for crawl_crypto_prices to 2026-03-19 17:00:00+00:00, run_after=2026-03-19 18:00:00+00:00
[2026-03-19T17:10:12.338+0000] {processor.py:183} INFO - Processing /opt/airflow/dags/crawl_crypto_prices.py took 0.057 seconds
[2026-03-19T17:10:42.572+0000] {processor.py:161} INFO - Started process (PID=1921) to work on /opt/airflow/dags/crawl_crypto_prices.py
[2026-03-19T17:10:42.573+0000] {processor.py:830} INFO - Processing file /opt/airflow/dags/crawl_crypto_prices.py for tasks to queue
[2026-03-19T17:10:42.574+0000] {logging_mixin.py:188} INFO - [2026-03-19T17:10:42.573+0000] {dagbag.py:538} INFO - Filling up the DagBag from /opt/airflow/dags/crawl_crypto_prices.py
[2026-03-19T17:10:42.584+0000] {processor.py:840} INFO - DAG(s) 'crawl_crypto_prices' retrieved from /opt/airflow/dags/crawl_crypto_prices.py
[2026-03-19T17:10:42.601+0000] {logging_mixin.py:188} INFO - [2026-03-19T17:10:42.601+0000] {dag.py:3036} INFO - Sync 1 DAGs
[2026-03-19T17:10:42.611+0000] {logging_mixin.py:188} INFO - [2026-03-19T17:10:42.611+0000] {dag.py:3823} INFO - Setting next_dagrun for crawl_crypto_prices to 2026-03-19 17:00:00+00:00, run_after=2026-03-19 18:00:00+00:00
[2026-03-19T17:10:42.618+0000] {processor.py:183} INFO - Processing /opt/airflow/dags/crawl_crypto_prices.py took 0.050 seconds
[2026-03-19T17:11:12.928+0000] {processor.py:161} INFO - Started process (PID=1926) to work on /opt/airflow/dags/crawl_crypto_prices.py
[2026-03-19T17:11:12.929+0000] {processor.py:830} INFO - Processing file /opt/airflow/dags/crawl_crypto_prices.py for tasks to queue
[2026-03-19T17:11:12.930+0000] {logging_mixin.py:188} INFO - [2026-03-19T17:11:12.930+0000] {dagbag.py:538} INFO - Filling up the DagBag from /opt/airflow/dags/crawl_crypto_prices.py
[2026-03-19T17:11:12.940+0000] {processor.py:840} INFO - DAG(s) 'crawl_crypto_prices' retrieved from /opt/airflow/dags/crawl_crypto_prices.py
[2026-03-19T17:11:12.960+0000] {logging_mixin.py:188} INFO - [2026-03-19T17:11:12.960+0000] {dag.py:3036} INFO - Sync 1 DAGs
[2026-03-19T17:11:12.971+0000] {logging_mixin.py:188} INFO - [2026-03-19T17:11:12.971+0000] {dag.py:3823} INFO - Setting next_dagrun for crawl_crypto_prices to 2026-03-19 17:00:00+00:00, run_after=2026-03-19 18:00:00+00:00
[2026-03-19T17:11:12.979+0000] {processor.py:183} INFO - Processing /opt/airflow/dags/crawl_crypto_prices.py took 0.055 seconds
[2026-03-19T17:11:43.249+0000] {processor.py:161} INFO - Started process (PID=1931) to work on /opt/airflow/dags/crawl_crypto_prices.py
[2026-03-19T17:11:43.250+0000] {processor.py:830} INFO - Processing file /opt/airflow/dags/crawl_crypto_prices.py for tasks to queue
[2026-03-19T17:11:43.250+0000] {logging_mixin.py:188} INFO - [2026-03-19T17:11:43.250+0000] {dagbag.py:538} INFO - Filling up the DagBag from /opt/airflow/dags/crawl_crypto_prices.py
[2026-03-19T17:11:43.261+0000] {processor.py:840} INFO - DAG(s) 'crawl_crypto_prices' retrieved from /opt/airflow/dags/crawl_crypto_prices.py
[2026-03-19T17:11:43.279+0000] {logging_mixin.py:188} INFO - [2026-03-19T17:11:43.279+0000] {dag.py:3036} INFO - Sync 1 DAGs
[2026-03-19T17:11:43.290+0000] {logging_mixin.py:188} INFO - [2026-03-19T17:11:43.290+0000] {dag.py:3823} INFO - Setting next_dagrun for crawl_crypto_prices to 2026-03-19 17:00:00+00:00, run_after=2026-03-19 18:00:00+00:00
[2026-03-19T17:11:43.297+0000] {processor.py:183} INFO - Processing /opt/airflow/dags/crawl_crypto_prices.py took 0.051 seconds
[2026-03-19T17:12:13.572+0000] {processor.py:161} INFO - Started process (PID=1936) to work on /opt/airflow/dags/crawl_crypto_prices.py
[2026-03-19T17:12:13.573+0000] {processor.py:830} INFO - Processing file /opt/airflow/dags/crawl_crypto_prices.py for tasks to queue
[2026-03-19T17:12:13.573+0000] {logging_mixin.py:188} INFO - [2026-03-19T17:12:13.573+0000] {dagbag.py:538} INFO - Filling up the DagBag from /opt/airflow/dags/crawl_crypto_prices.py
[2026-03-19T17:12:13.584+0000] {processor.py:840} INFO - DAG(s) 'crawl_crypto_prices' retrieved from /opt/airflow/dags/crawl_crypto_prices.py
[2026-03-19T17:12:13.598+0000] {logging_mixin.py:188} INFO - [2026-03-19T17:12:13.598+0000] {dag.py:3036} INFO - Sync 1 DAGs
[2026-03-19T17:12:13.607+0000] {logging_mixin.py:188} INFO - [2026-03-19T17:12:13.607+0000] {dag.py:3823} INFO - Setting next_dagrun for crawl_crypto_prices to 2026-03-19 17:00:00+00:00, run_after=2026-03-19 18:00:00+00:00
[2026-03-19T17:12:13.614+0000] {processor.py:183} INFO - Processing /opt/airflow/dags/crawl_crypto_prices.py took 0.045 seconds
[2026-03-19T17:12:43.870+0000] {processor.py:161} INFO - Started process (PID=1941) to work on /opt/airflow/dags/crawl_crypto_prices.py
[2026-03-19T17:12:43.871+0000] {processor.py:830} INFO - Processing file /opt/airflow/dags/crawl_crypto_prices.py for tasks to queue
[2026-03-19T17:12:43.872+0000] {logging_mixin.py:188} INFO - [2026-03-19T17:12:43.871+0000] {dagbag.py:538} INFO - Filling up the DagBag from /opt/airflow/dags/crawl_crypto_prices.py
[2026-03-19T17:12:43.881+0000] {processor.py:840} INFO - DAG(s) 'crawl_crypto_prices' retrieved from /opt/airflow/dags/crawl_crypto_prices.py
[2026-03-19T17:12:43.899+0000] {logging_mixin.py:188} INFO - [2026-03-19T17:12:43.899+0000] {dag.py:3036} INFO - Sync 1 DAGs
[2026-03-19T17:12:43.909+0000] {logging_mixin.py:188} INFO - [2026-03-19T17:12:43.909+0000] {dag.py:3823} INFO - Setting next_dagrun for crawl_crypto_prices to 2026-03-19 17:00:00+00:00, run_after=2026-03-19 18:00:00+00:00
[2026-03-19T17:12:43.915+0000] {processor.py:183} INFO - Processing /opt/airflow/dags/crawl_crypto_prices.py took 0.048 seconds
[2026-03-19T17:13:14.155+0000] {processor.py:161} INFO - Started process (PID=1946) to work on /opt/airflow/dags/crawl_crypto_prices.py
[2026-03-19T17:13:14.155+0000] {processor.py:830} INFO - Processing file /opt/airflow/dags/crawl_crypto_prices.py for tasks to queue
[2026-03-19T17:13:14.156+0000] {logging_mixin.py:188} INFO - [2026-03-19T17:13:14.155+0000] {dagbag.py:538} INFO - Filling up the DagBag from /opt/airflow/dags/crawl_crypto_prices.py
[2026-03-19T17:13:14.163+0000] {processor.py:840} INFO - DAG(s) 'crawl_crypto_prices' retrieved from /opt/airflow/dags/crawl_crypto_prices.py
[2026-03-19T17:13:14.176+0000] {logging_mixin.py:188} INFO - [2026-03-19T17:13:14.175+0000] {dag.py:3036} INFO - Sync 1 DAGs
[2026-03-19T17:13:14.187+0000] {logging_mixin.py:188} INFO - [2026-03-19T17:13:14.187+0000] {dag.py:3823} INFO - Setting next_dagrun for crawl_crypto_prices to 2026-03-19 17:00:00+00:00, run_after=2026-03-19 18:00:00+00:00
[2026-03-19T17:13:14.193+0000] {processor.py:183} INFO - Processing /opt/airflow/dags/crawl_crypto_prices.py took 0.040 seconds
[2026-03-19T17:13:44.467+0000] {processor.py:161} INFO - Started process (PID=1951) to work on /opt/airflow/dags/crawl_crypto_prices.py
[2026-03-19T17:13:44.467+0000] {processor.py:830} INFO - Processing file /opt/airflow/dags/crawl_crypto_prices.py for tasks to queue
[2026-03-19T17:13:44.468+0000] {logging_mixin.py:188} INFO - [2026-03-19T17:13:44.468+0000] {dagbag.py:538} INFO - Filling up the DagBag from /opt/airflow/dags/crawl_crypto_prices.py
[2026-03-19T17:13:44.475+0000] {processor.py:840} INFO - DAG(s) 'crawl_crypto_prices' retrieved from /opt/airflow/dags/crawl_crypto_prices.py
[2026-03-19T17:13:44.494+0000] {logging_mixin.py:188} INFO - [2026-03-19T17:13:44.494+0000] {dag.py:3036} INFO - Sync 1 DAGs
[2026-03-19T17:13:44.507+0000] {logging_mixin.py:188} INFO - [2026-03-19T17:13:44.507+0000] {dag.py:3823} INFO - Setting next_dagrun for crawl_crypto_prices to 2026-03-19 17:00:00+00:00, run_after=2026-03-19 18:00:00+00:00
[2026-03-19T17:13:44.515+0000] {processor.py:183} INFO - Processing /opt/airflow/dags/crawl_crypto_prices.py took 0.050 seconds
[2026-03-19T17:14:14.790+0000] {processor.py:161} INFO - Started process (PID=1956) to work on /opt/airflow/dags/crawl_crypto_prices.py
[2026-03-19T17:14:14.792+0000] {processor.py:830} INFO - Processing file /opt/airflow/dags/crawl_crypto_prices.py for tasks to queue
[2026-03-19T17:14:14.792+0000] {logging_mixin.py:188} INFO - [2026-03-19T17:14:14.792+0000] {dagbag.py:538} INFO - Filling up the DagBag from /opt/airflow/dags/crawl_crypto_prices.py
[2026-03-19T17:14:14.802+0000] {processor.py:840} INFO - DAG(s) 'crawl_crypto_prices' retrieved from /opt/airflow/dags/crawl_crypto_prices.py
[2026-03-19T17:14:14.820+0000] {logging_mixin.py:188} INFO - [2026-03-19T17:14:14.820+0000] {dag.py:3036} INFO - Sync 1 DAGs
[2026-03-19T17:14:14.830+0000] {logging_mixin.py:188} INFO - [2026-03-19T17:14:14.830+0000] {dag.py:3823} INFO - Setting next_dagrun for crawl_crypto_prices to 2026-03-19 17:00:00+00:00, run_after=2026-03-19 18:00:00+00:00
[2026-03-19T17:14:14.837+0000] {processor.py:183} INFO - Processing /opt/airflow/dags/crawl_crypto_prices.py took 0.051 seconds
[2026-03-19T17:14:45.092+0000] {processor.py:161} INFO - Started process (PID=1961) to work on /opt/airflow/dags/crawl_crypto_prices.py
[2026-03-19T17:14:45.092+0000] {processor.py:830} INFO - Processing file /opt/airflow/dags/crawl_crypto_prices.py for tasks to queue
[2026-03-19T17:14:45.093+0000] {logging_mixin.py:188} INFO - [2026-03-19T17:14:45.093+0000] {dagbag.py:538} INFO - Filling up the DagBag from /opt/airflow/dags/crawl_crypto_prices.py
[2026-03-19T17:14:45.098+0000] {processor.py:840} INFO - DAG(s) 'crawl_crypto_prices' retrieved from /opt/airflow/dags/crawl_crypto_prices.py
[2026-03-19T17:14:45.111+0000] {logging_mixin.py:188} INFO - [2026-03-19T17:14:45.111+0000] {dag.py:3036} INFO - Sync 1 DAGs
[2026-03-19T17:14:45.120+0000] {logging_mixin.py:188} INFO - [2026-03-19T17:14:45.120+0000] {dag.py:3823} INFO - Setting next_dagrun for crawl_crypto_prices to 2026-03-19 17:00:00+00:00, run_after=2026-03-19 18:00:00+00:00
[2026-03-19T17:14:45.125+0000] {processor.py:183} INFO - Processing /opt/airflow/dags/crawl_crypto_prices.py took 0.036 seconds
[2026-03-19T17:15:15.418+0000] {processor.py:161} INFO - Started process (PID=1966) to work on /opt/airflow/dags/crawl_crypto_prices.py
[2026-03-19T17:15:15.419+0000] {processor.py:830} INFO - Processing file /opt/airflow/dags/crawl_crypto_prices.py for tasks to queue
[2026-03-19T17:15:15.420+0000] {logging_mixin.py:188} INFO - [2026-03-19T17:15:15.419+0000] {dagbag.py:538} INFO - Filling up the DagBag from /opt/airflow/dags/crawl_crypto_prices.py
[2026-03-19T17:15:15.430+0000] {processor.py:840} INFO - DAG(s) 'crawl_crypto_prices' retrieved from /opt/airflow/dags/crawl_crypto_prices.py
[2026-03-19T17:15:15.448+0000] {logging_mixin.py:188} INFO - [2026-03-19T17:15:15.448+0000] {dag.py:3036} INFO - Sync 1 DAGs
[2026-03-19T17:15:15.458+0000] {logging_mixin.py:188} INFO - [2026-03-19T17:15:15.458+0000] {dag.py:3823} INFO - Setting next_dagrun for crawl_crypto_prices to 2026-03-19 17:00:00+00:00, run_after=2026-03-19 18:00:00+00:00
[2026-03-19T17:15:15.464+0000] {processor.py:183} INFO - Processing /opt/airflow/dags/crawl_crypto_prices.py took 0.049 seconds
[2026-03-19T17:15:45.754+0000] {processor.py:161} INFO - Started process (PID=1971) to work on /opt/airflow/dags/crawl_crypto_prices.py
[2026-03-19T17:15:45.755+0000] {processor.py:830} INFO - Processing file /opt/airflow/dags/crawl_crypto_prices.py for tasks to queue
[2026-03-19T17:15:45.756+0000] {logging_mixin.py:188} INFO - [2026-03-19T17:15:45.756+0000] {dagbag.py:538} INFO - Filling up the DagBag from /opt/airflow/dags/crawl_crypto_prices.py
[2026-03-19T17:15:45.766+0000] {processor.py:840} INFO - DAG(s) 'crawl_crypto_prices' retrieved from /opt/airflow/dags/crawl_crypto_prices.py
[2026-03-19T17:15:45.784+0000] {logging_mixin.py:188} INFO - [2026-03-19T17:15:45.784+0000] {dag.py:3036} INFO - Sync 1 DAGs
[2026-03-19T17:15:45.795+0000] {logging_mixin.py:188} INFO - [2026-03-19T17:15:45.795+0000] {dag.py:3823} INFO - Setting next_dagrun for crawl_crypto_prices to 2026-03-19 17:00:00+00:00, run_after=2026-03-19 18:00:00+00:00
[2026-03-19T17:15:45.803+0000] {processor.py:183} INFO - Processing /opt/airflow/dags/crawl_crypto_prices.py took 0.051 seconds
[2026-03-19T17:16:16.071+0000] {processor.py:161} INFO - Started process (PID=1976) to work on /opt/airflow/dags/crawl_crypto_prices.py
[2026-03-19T17:16:16.072+0000] {processor.py:830} INFO - Processing file /opt/airflow/dags/crawl_crypto_prices.py for tasks to queue
[2026-03-19T17:16:16.073+0000] {logging_mixin.py:188} INFO - [2026-03-19T17:16:16.073+0000] {dagbag.py:538} INFO - Filling up the DagBag from /opt/airflow/dags/crawl_crypto_prices.py
[2026-03-19T17:16:16.085+0000] {processor.py:840} INFO - DAG(s) 'crawl_crypto_prices' retrieved from /opt/airflow/dags/crawl_crypto_prices.py
[2026-03-19T17:16:16.112+0000] {logging_mixin.py:188} INFO - [2026-03-19T17:16:16.112+0000] {dag.py:3036} INFO - Sync 1 DAGs
[2026-03-19T17:16:16.124+0000] {logging_mixin.py:188} INFO - [2026-03-19T17:16:16.124+0000] {dag.py:3823} INFO - Setting next_dagrun for crawl_crypto_prices to 2026-03-19 17:00:00+00:00, run_after=2026-03-19 18:00:00+00:00
[2026-03-19T17:16:16.131+0000] {processor.py:183} INFO - Processing /opt/airflow/dags/crawl_crypto_prices.py took 0.065 seconds
[2026-03-19T17:16:46.359+0000] {processor.py:161} INFO - Started process (PID=1981) to work on /opt/airflow/dags/crawl_crypto_prices.py
[2026-03-19T17:16:46.360+0000] {processor.py:830} INFO - Processing file /opt/airflow/dags/crawl_crypto_prices.py for tasks to queue
[2026-03-19T17:16:46.360+0000] {logging_mixin.py:188} INFO - [2026-03-19T17:16:46.360+0000] {dagbag.py:538} INFO - Filling up the DagBag from /opt/airflow/dags/crawl_crypto_prices.py
[2026-03-19T17:16:46.366+0000] {processor.py:840} INFO - DAG(s) 'crawl_crypto_prices' retrieved from /opt/airflow/dags/crawl_crypto_prices.py
[2026-03-19T17:16:46.379+0000] {logging_mixin.py:188} INFO - [2026-03-19T17:16:46.379+0000] {dag.py:3036} INFO - Sync 1 DAGs
[2026-03-19T17:16:46.393+0000] {logging_mixin.py:188} INFO - [2026-03-19T17:16:46.393+0000] {dag.py:3823} INFO - Setting next_dagrun for crawl_crypto_prices to 2026-03-19 17:00:00+00:00, run_after=2026-03-19 18:00:00+00:00
[2026-03-19T17:16:46.401+0000] {processor.py:183} INFO - Processing /opt/airflow/dags/crawl_crypto_prices.py took 0.045 seconds
[2026-03-19T17:17:16.736+0000] {processor.py:161} INFO - Started process (PID=1986) to work on /opt/airflow/dags/crawl_crypto_prices.py
[2026-03-19T17:17:16.737+0000] {processor.py:830} INFO - Processing file /opt/airflow/dags/crawl_crypto_prices.py for tasks to queue
[2026-03-19T17:17:16.738+0000] {logging_mixin.py:188} INFO - [2026-03-19T17:17:16.738+0000] {dagbag.py:538} INFO - Filling up the DagBag from /opt/airflow/dags/crawl_crypto_prices.py
[2026-03-19T17:17:16.748+0000] {processor.py:840} INFO - DAG(s) 'crawl_crypto_prices' retrieved from /opt/airflow/dags/crawl_crypto_prices.py
[2026-03-19T17:17:16.767+0000] {logging_mixin.py:188} INFO - [2026-03-19T17:17:16.767+0000] {dag.py:3036} INFO - Sync 1 DAGs
[2026-03-19T17:17:16.778+0000] {logging_mixin.py:188} INFO - [2026-03-19T17:17:16.778+0000] {dag.py:3823} INFO - Setting next_dagrun for crawl_crypto_prices to 2026-03-19 17:00:00+00:00, run_after=2026-03-19 18:00:00+00:00
[2026-03-19T17:17:16.785+0000] {processor.py:183} INFO - Processing /opt/airflow/dags/crawl_crypto_prices.py took 0.052 seconds
[2026-03-19T17:17:47.051+0000] {processor.py:161} INFO - Started process (PID=1991) to work on /opt/airflow/dags/crawl_crypto_prices.py
[2026-03-19T17:17:47.051+0000] {processor.py:830} INFO - Processing file /opt/airflow/dags/crawl_crypto_prices.py for tasks to queue
[2026-03-19T17:17:47.052+0000] {logging_mixin.py:188} INFO - [2026-03-19T17:17:47.052+0000] {dagbag.py:538} INFO - Filling up the DagBag from /opt/airflow/dags/crawl_crypto_prices.py
[2026-03-19T17:17:47.061+0000] {processor.py:840} INFO - DAG(s) 'crawl_crypto_prices' retrieved from /opt/airflow/dags/crawl_crypto_prices.py
[2026-03-19T17:17:47.077+0000] {logging_mixin.py:188} INFO - [2026-03-19T17:17:47.077+0000] {dag.py:3036} INFO - Sync 1 DAGs
[2026-03-19T17:17:47.088+0000] {logging_mixin.py:188} INFO - [2026-03-19T17:17:47.088+0000] {dag.py:3823} INFO - Setting next_dagrun for crawl_crypto_prices to 2026-03-19 17:00:00+00:00, run_after=2026-03-19 18:00:00+00:00
[2026-03-19T17:17:47.095+0000] {processor.py:183} INFO - Processing /opt/airflow/dags/crawl_crypto_prices.py took 0.047 seconds
[2026-03-19T17:18:17.359+0000] {processor.py:161} INFO - Started process (PID=1996) to work on /opt/airflow/dags/crawl_crypto_prices.py
[2026-03-19T17:18:17.360+0000] {processor.py:830} INFO - Processing file /opt/airflow/dags/crawl_crypto_prices.py for tasks to queue
[2026-03-19T17:18:17.361+0000] {logging_mixin.py:188} INFO - [2026-03-19T17:18:17.361+0000] {dagbag.py:538} INFO - Filling up the DagBag from /opt/airflow/dags/crawl_crypto_prices.py
[2026-03-19T17:18:17.372+0000] {processor.py:840} INFO - DAG(s) 'crawl_crypto_prices' retrieved from /opt/airflow/dags/crawl_crypto_prices.py
[2026-03-19T17:18:17.391+0000] {logging_mixin.py:188} INFO - [2026-03-19T17:18:17.391+0000] {dag.py:3036} INFO - Sync 1 DAGs
[2026-03-19T17:18:17.402+0000] {logging_mixin.py:188} INFO - [2026-03-19T17:18:17.402+0000] {dag.py:3823} INFO - Setting next_dagrun for crawl_crypto_prices to 2026-03-19 17:00:00+00:00, run_after=2026-03-19 18:00:00+00:00
[2026-03-19T17:18:17.409+0000] {processor.py:183} INFO - Processing /opt/airflow/dags/crawl_crypto_prices.py took 0.054 seconds
[2026-03-19T17:18:47.653+0000] {processor.py:161} INFO - Started process (PID=2001) to work on /opt/airflow/dags/crawl_crypto_prices.py
[2026-03-19T17:18:47.654+0000] {processor.py:830} INFO - Processing file /opt/airflow/dags/crawl_crypto_prices.py for tasks to queue
[2026-03-19T17:18:47.655+0000] {logging_mixin.py:188} INFO - [2026-03-19T17:18:47.654+0000] {dagbag.py:538} INFO - Filling up the DagBag from /opt/airflow/dags/crawl_crypto_prices.py
[2026-03-19T17:18:47.669+0000] {processor.py:840} INFO - DAG(s) 'crawl_crypto_prices' retrieved from /opt/airflow/dags/crawl_crypto_prices.py
[2026-03-19T17:18:47.688+0000] {logging_mixin.py:188} INFO - [2026-03-19T17:18:47.688+0000] {dag.py:3036} INFO - Sync 1 DAGs
[2026-03-19T17:18:47.698+0000] {logging_mixin.py:188} INFO - [2026-03-19T17:18:47.698+0000] {dag.py:3823} INFO - Setting next_dagrun for crawl_crypto_prices to 2026-03-19 17:00:00+00:00, run_after=2026-03-19 18:00:00+00:00
[2026-03-19T17:18:47.704+0000] {processor.py:183} INFO - Processing /opt/airflow/dags/crawl_crypto_prices.py took 0.054 seconds
[2026-03-19T17:19:17.984+0000] {processor.py:161} INFO - Started process (PID=2006) to work on /opt/airflow/dags/crawl_crypto_prices.py
[2026-03-19T17:19:17.985+0000] {processor.py:830} INFO - Processing file /opt/airflow/dags/crawl_crypto_prices.py for tasks to queue
[2026-03-19T17:19:17.986+0000] {logging_mixin.py:188} INFO - [2026-03-19T17:19:17.985+0000] {dagbag.py:538} INFO - Filling up the DagBag from /opt/airflow/dags/crawl_crypto_prices.py
[2026-03-19T17:19:17.996+0000] {processor.py:840} INFO - DAG(s) 'crawl_crypto_prices' retrieved from /opt/airflow/dags/crawl_crypto_prices.py
[2026-03-19T17:19:18.015+0000] {logging_mixin.py:188} INFO - [2026-03-19T17:19:18.015+0000] {dag.py:3036} INFO - Sync 1 DAGs
[2026-03-19T17:19:18.027+0000] {logging_mixin.py:188} INFO - [2026-03-19T17:19:18.027+0000] {dag.py:3823} INFO - Setting next_dagrun for crawl_crypto_prices to 2026-03-19 17:00:00+00:00, run_after=2026-03-19 18:00:00+00:00
[2026-03-19T17:19:18.033+0000] {processor.py:183} INFO - Processing /opt/airflow/dags/crawl_crypto_prices.py took 0.053 seconds
[2026-03-19T17:19:48.296+0000] {processor.py:161} INFO - Started process (PID=2011) to work on /opt/airflow/dags/crawl_crypto_prices.py
[2026-03-19T17:19:48.297+0000] {processor.py:830} INFO - Processing file /opt/airflow/dags/crawl_crypto_prices.py for tasks to queue
[2026-03-19T17:19:48.298+0000] {logging_mixin.py:188} INFO - [2026-03-19T17:19:48.297+0000] {dagbag.py:538} INFO - Filling up the DagBag from /opt/airflow/dags/crawl_crypto_prices.py
[2026-03-19T17:19:48.307+0000] {processor.py:840} INFO - DAG(s) 'crawl_crypto_prices' retrieved from /opt/airflow/dags/crawl_crypto_prices.py
[2026-03-19T17:19:48.325+0000] {logging_mixin.py:188} INFO - [2026-03-19T17:19:48.325+0000] {dag.py:3036} INFO - Sync 1 DAGs
[2026-03-19T17:19:48.335+0000] {logging_mixin.py:188} INFO - [2026-03-19T17:19:48.335+0000] {dag.py:3823} INFO - Setting next_dagrun for crawl_crypto_prices to 2026-03-19 17:00:00+00:00, run_after=2026-03-19 18:00:00+00:00
[2026-03-19T17:19:48.341+0000] {processor.py:183} INFO - Processing /opt/airflow/dags/crawl_crypto_prices.py took 0.048 seconds
[2026-03-19T17:20:18.636+0000] {processor.py:161} INFO - Started process (PID=2016) to work on /opt/airflow/dags/crawl_crypto_prices.py
[2026-03-19T17:20:18.637+0000] {processor.py:830} INFO - Processing file /opt/airflow/dags/crawl_crypto_prices.py for tasks to queue
[2026-03-19T17:20:18.638+0000] {logging_mixin.py:188} INFO - [2026-03-19T17:20:18.638+0000] {dagbag.py:538} INFO - Filling up the DagBag from /opt/airflow/dags/crawl_crypto_prices.py
[2026-03-19T17:20:18.648+0000] {processor.py:840} INFO - DAG(s) 'crawl_crypto_prices' retrieved from /opt/airflow/dags/crawl_crypto_prices.py
[2026-03-19T17:20:18.663+0000] {logging_mixin.py:188} INFO - [2026-03-19T17:20:18.663+0000] {dag.py:3036} INFO - Sync 1 DAGs
[2026-03-19T17:20:18.673+0000] {logging_mixin.py:188} INFO - [2026-03-19T17:20:18.673+0000] {dag.py:3823} INFO - Setting next_dagrun for crawl_crypto_prices to 2026-03-19 17:00:00+00:00, run_after=2026-03-19 18:00:00+00:00
[2026-03-19T17:20:18.680+0000] {processor.py:183} INFO - Processing /opt/airflow/dags/crawl_crypto_prices.py took 0.047 seconds
[2026-03-19T17:20:48.975+0000] {processor.py:161} INFO - Started process (PID=2021) to work on /opt/airflow/dags/crawl_crypto_prices.py
[2026-03-19T17:20:48.976+0000] {processor.py:830} INFO - Processing file /opt/airflow/dags/crawl_crypto_prices.py for tasks to queue
[2026-03-19T17:20:48.977+0000] {logging_mixin.py:188} INFO - [2026-03-19T17:20:48.976+0000] {dagbag.py:538} INFO - Filling up the DagBag from /opt/airflow/dags/crawl_crypto_prices.py
[2026-03-19T17:20:48.987+0000] {processor.py:840} INFO - DAG(s) 'crawl_crypto_prices' retrieved from /opt/airflow/dags/crawl_crypto_prices.py
[2026-03-19T17:20:49.006+0000] {logging_mixin.py:188} INFO - [2026-03-19T17:20:49.005+0000] {dag.py:3036} INFO - Sync 1 DAGs
[2026-03-19T17:20:49.015+0000] {logging_mixin.py:188} INFO - [2026-03-19T17:20:49.015+0000] {dag.py:3823} INFO - Setting next_dagrun for crawl_crypto_prices to 2026-03-19 17:00:00+00:00, run_after=2026-03-19 18:00:00+00:00
[2026-03-19T17:20:49.021+0000] {processor.py:183} INFO - Processing /opt/airflow/dags/crawl_crypto_prices.py took 0.050 seconds
[2026-03-19T17:21:19.298+0000] {processor.py:161} INFO - Started process (PID=2026) to work on /opt/airflow/dags/crawl_crypto_prices.py
[2026-03-19T17:21:19.298+0000] {processor.py:830} INFO - Processing file /opt/airflow/dags/crawl_crypto_prices.py for tasks to queue
[2026-03-19T17:21:19.299+0000] {logging_mixin.py:188} INFO - [2026-03-19T17:21:19.299+0000] {dagbag.py:538} INFO - Filling up the DagBag from /opt/airflow/dags/crawl_crypto_prices.py
[2026-03-19T17:21:19.309+0000] {processor.py:840} INFO - DAG(s) 'crawl_crypto_prices' retrieved from /opt/airflow/dags/crawl_crypto_prices.py
[2026-03-19T17:21:19.326+0000] {logging_mixin.py:188} INFO - [2026-03-19T17:21:19.326+0000] {dag.py:3036} INFO - Sync 1 DAGs
[2026-03-19T17:21:19.336+0000] {logging_mixin.py:188} INFO - [2026-03-19T17:21:19.336+0000] {dag.py:3823} INFO - Setting next_dagrun for crawl_crypto_prices to 2026-03-19 17:00:00+00:00, run_after=2026-03-19 18:00:00+00:00
[2026-03-19T17:21:19.343+0000] {processor.py:183} INFO - Processing /opt/airflow/dags/crawl_crypto_prices.py took 0.049 seconds
[2026-03-19T17:21:49.618+0000] {processor.py:161} INFO - Started process (PID=2031) to work on /opt/airflow/dags/crawl_crypto_prices.py
[2026-03-19T17:21:49.619+0000] {processor.py:830} INFO - Processing file /opt/airflow/dags/crawl_crypto_prices.py for tasks to queue
[2026-03-19T17:21:49.620+0000] {logging_mixin.py:188} INFO - [2026-03-19T17:21:49.619+0000] {dagbag.py:538} INFO - Filling up the DagBag from /opt/airflow/dags/crawl_crypto_prices.py
[2026-03-19T17:21:49.630+0000] {processor.py:840} INFO - DAG(s) 'crawl_crypto_prices' retrieved from /opt/airflow/dags/crawl_crypto_prices.py
[2026-03-19T17:21:49.646+0000] {logging_mixin.py:188} INFO - [2026-03-19T17:21:49.646+0000] {dag.py:3036} INFO - Sync 1 DAGs
[2026-03-19T17:21:49.657+0000] {logging_mixin.py:188} INFO - [2026-03-19T17:21:49.656+0000] {dag.py:3823} INFO - Setting next_dagrun for crawl_crypto_prices to 2026-03-19 17:00:00+00:00, run_after=2026-03-19 18:00:00+00:00
[2026-03-19T17:21:49.663+0000] {processor.py:183} INFO - Processing /opt/airflow/dags/crawl_crypto_prices.py took 0.048 seconds
[2026-03-19T17:22:19.902+0000] {processor.py:161} INFO - Started process (PID=2036) to work on /opt/airflow/dags/crawl_crypto_prices.py
[2026-03-19T17:22:19.903+0000] {processor.py:830} INFO - Processing file /opt/airflow/dags/crawl_crypto_prices.py for tasks to queue
[2026-03-19T17:22:19.904+0000] {logging_mixin.py:188} INFO - [2026-03-19T17:22:19.903+0000] {dagbag.py:538} INFO - Filling up the DagBag from /opt/airflow/dags/crawl_crypto_prices.py
[2026-03-19T17:22:19.913+0000] {processor.py:840} INFO - DAG(s) 'crawl_crypto_prices' retrieved from /opt/airflow/dags/crawl_crypto_prices.py
[2026-03-19T17:22:19.927+0000] {logging_mixin.py:188} INFO - [2026-03-19T17:22:19.927+0000] {dag.py:3036} INFO - Sync 1 DAGs
[2026-03-19T17:22:19.937+0000] {logging_mixin.py:188} INFO - [2026-03-19T17:22:19.937+0000] {dag.py:3823} INFO - Setting next_dagrun for crawl_crypto_prices to 2026-03-19 17:00:00+00:00, run_after=2026-03-19 18:00:00+00:00
[2026-03-19T17:22:19.944+0000] {processor.py:183} INFO - Processing /opt/airflow/dags/crawl_crypto_prices.py took 0.045 seconds
[2026-03-19T17:22:50.175+0000] {processor.py:161} INFO - Started process (PID=2041) to work on /opt/airflow/dags/crawl_crypto_prices.py
[2026-03-19T17:22:50.176+0000] {processor.py:830} INFO - Processing file /opt/airflow/dags/crawl_crypto_prices.py for tasks to queue
[2026-03-19T17:22:50.177+0000] {logging_mixin.py:188} INFO - [2026-03-19T17:22:50.177+0000] {dagbag.py:538} INFO - Filling up the DagBag from /opt/airflow/dags/crawl_crypto_prices.py
[2026-03-19T17:22:50.187+0000] {processor.py:840} INFO - DAG(s) 'crawl_crypto_prices' retrieved from /opt/airflow/dags/crawl_crypto_prices.py
[2026-03-19T17:22:50.200+0000] {logging_mixin.py:188} INFO - [2026-03-19T17:22:50.200+0000] {dag.py:3036} INFO - Sync 1 DAGs
[2026-03-19T17:22:50.210+0000] {logging_mixin.py:188} INFO - [2026-03-19T17:22:50.210+0000] {dag.py:3823} INFO - Setting next_dagrun for crawl_crypto_prices to 2026-03-19 17:00:00+00:00, run_after=2026-03-19 18:00:00+00:00
[2026-03-19T17:22:50.216+0000] {processor.py:183} INFO - Processing /opt/airflow/dags/crawl_crypto_prices.py took 0.044 seconds
[2026-03-19T17:23:20.453+0000] {processor.py:161} INFO - Started process (PID=2046) to work on /opt/airflow/dags/crawl_crypto_prices.py
[2026-03-19T17:23:20.454+0000] {processor.py:830} INFO - Processing file /opt/airflow/dags/crawl_crypto_prices.py for tasks to queue
[2026-03-19T17:23:20.455+0000] {logging_mixin.py:188} INFO - [2026-03-19T17:23:20.455+0000] {dagbag.py:538} INFO - Filling up the DagBag from /opt/airflow/dags/crawl_crypto_prices.py
[2026-03-19T17:23:20.468+0000] {processor.py:840} INFO - DAG(s) 'crawl_crypto_prices' retrieved from /opt/airflow/dags/crawl_crypto_prices.py
[2026-03-19T17:23:20.486+0000] {logging_mixin.py:188} INFO - [2026-03-19T17:23:20.486+0000] {dag.py:3036} INFO - Sync 1 DAGs
[2026-03-19T17:23:20.496+0000] {logging_mixin.py:188} INFO - [2026-03-19T17:23:20.496+0000] {dag.py:3823} INFO - Setting next_dagrun for crawl_crypto_prices to 2026-03-19 17:00:00+00:00, run_after=2026-03-19 18:00:00+00:00
[2026-03-19T17:23:20.502+0000] {processor.py:183} INFO - Processing /opt/airflow/dags/crawl_crypto_prices.py took 0.053 seconds
[2026-03-19T17:23:50.754+0000] {processor.py:161} INFO - Started process (PID=2051) to work on /opt/airflow/dags/crawl_crypto_prices.py
[2026-03-19T17:23:50.755+0000] {processor.py:830} INFO - Processing file /opt/airflow/dags/crawl_crypto_prices.py for tasks to queue
[2026-03-19T17:23:50.755+0000] {logging_mixin.py:188} INFO - [2026-03-19T17:23:50.755+0000] {dagbag.py:538} INFO - Filling up the DagBag from /opt/airflow/dags/crawl_crypto_prices.py
[2026-03-19T17:23:50.768+0000] {processor.py:840} INFO - DAG(s) 'crawl_crypto_prices' retrieved from /opt/airflow/dags/crawl_crypto_prices.py
[2026-03-19T17:23:50.787+0000] {logging_mixin.py:188} INFO - [2026-03-19T17:23:50.787+0000] {dag.py:3036} INFO - Sync 1 DAGs
[2026-03-19T17:23:50.797+0000] {logging_mixin.py:188} INFO - [2026-03-19T17:23:50.796+0000] {dag.py:3823} INFO - Setting next_dagrun for crawl_crypto_prices to 2026-03-19 17:00:00+00:00, run_after=2026-03-19 18:00:00+00:00
[2026-03-19T17:23:50.803+0000] {processor.py:183} INFO - Processing /opt/airflow/dags/crawl_crypto_prices.py took 0.052 seconds
[2026-03-19T17:24:21.059+0000] {processor.py:161} INFO - Started process (PID=2056) to work on /opt/airflow/dags/crawl_crypto_prices.py
[2026-03-19T17:24:21.061+0000] {processor.py:830} INFO - Processing file /opt/airflow/dags/crawl_crypto_prices.py for tasks to queue
[2026-03-19T17:24:21.062+0000] {logging_mixin.py:188} INFO - [2026-03-19T17:24:21.062+0000] {dagbag.py:538} INFO - Filling up the DagBag from /opt/airflow/dags/crawl_crypto_prices.py
[2026-03-19T17:24:21.072+0000] {processor.py:840} INFO - DAG(s) 'crawl_crypto_prices' retrieved from /opt/airflow/dags/crawl_crypto_prices.py
[2026-03-19T17:24:21.089+0000] {logging_mixin.py:188} INFO - [2026-03-19T17:24:21.089+0000] {dag.py:3036} INFO - Sync 1 DAGs
[2026-03-19T17:24:21.099+0000] {logging_mixin.py:188} INFO - [2026-03-19T17:24:21.099+0000] {dag.py:3823} INFO - Setting next_dagrun for crawl_crypto_prices to 2026-03-19 17:00:00+00:00, run_after=2026-03-19 18:00:00+00:00
[2026-03-19T17:24:21.106+0000] {processor.py:183} INFO - Processing /opt/airflow/dags/crawl_crypto_prices.py took 0.050 seconds
[2026-03-19T17:24:51.374+0000] {processor.py:161} INFO - Started process (PID=2061) to work on /opt/airflow/dags/crawl_crypto_prices.py
[2026-03-19T17:24:51.374+0000] {processor.py:830} INFO - Processing file /opt/airflow/dags/crawl_crypto_prices.py for tasks to queue
[2026-03-19T17:24:51.375+0000] {logging_mixin.py:188} INFO - [2026-03-19T17:24:51.375+0000] {dagbag.py:538} INFO - Filling up the DagBag from /opt/airflow/dags/crawl_crypto_prices.py
[2026-03-19T17:24:51.382+0000] {processor.py:840} INFO - DAG(s) 'crawl_crypto_prices' retrieved from /opt/airflow/dags/crawl_crypto_prices.py
[2026-03-19T17:24:51.398+0000] {logging_mixin.py:188} INFO - [2026-03-19T17:24:51.398+0000] {dag.py:3036} INFO - Sync 1 DAGs
[2026-03-19T17:24:51.409+0000] {logging_mixin.py:188} INFO - [2026-03-19T17:24:51.409+0000] {dag.py:3823} INFO - Setting next_dagrun for crawl_crypto_prices to 2026-03-19 17:00:00+00:00, run_after=2026-03-19 18:00:00+00:00
[2026-03-19T17:24:51.416+0000] {processor.py:183} INFO - Processing /opt/airflow/dags/crawl_crypto_prices.py took 0.046 seconds
[2026-03-19T17:25:21.717+0000] {processor.py:161} INFO - Started process (PID=2066) to work on /opt/airflow/dags/crawl_crypto_prices.py
[2026-03-19T17:25:21.718+0000] {processor.py:830} INFO - Processing file /opt/airflow/dags/crawl_crypto_prices.py for tasks to queue
[2026-03-19T17:25:21.719+0000] {logging_mixin.py:188} INFO - [2026-03-19T17:25:21.719+0000] {dagbag.py:538} INFO - Filling up the DagBag from /opt/airflow/dags/crawl_crypto_prices.py
[2026-03-19T17:25:21.730+0000] {processor.py:840} INFO - DAG(s) 'crawl_crypto_prices' retrieved from /opt/airflow/dags/crawl_crypto_prices.py
[2026-03-19T17:25:21.749+0000] {logging_mixin.py:188} INFO - [2026-03-19T17:25:21.749+0000] {dag.py:3036} INFO - Sync 1 DAGs
[2026-03-19T17:25:21.759+0000] {logging_mixin.py:188} INFO - [2026-03-19T17:25:21.759+0000] {dag.py:3823} INFO - Setting next_dagrun for crawl_crypto_prices to 2026-03-19 17:00:00+00:00, run_after=2026-03-19 18:00:00+00:00
[2026-03-19T17:25:21.765+0000] {processor.py:183} INFO - Processing /opt/airflow/dags/crawl_crypto_prices.py took 0.051 seconds
[2026-03-19T17:25:52.043+0000] {processor.py:161} INFO - Started process (PID=2071) to work on /opt/airflow/dags/crawl_crypto_prices.py
[2026-03-19T17:25:52.044+0000] {processor.py:830} INFO - Processing file /opt/airflow/dags/crawl_crypto_prices.py for tasks to queue
[2026-03-19T17:25:52.045+0000] {logging_mixin.py:188} INFO - [2026-03-19T17:25:52.045+0000] {dagbag.py:538} INFO - Filling up the DagBag from /opt/airflow/dags/crawl_crypto_prices.py
[2026-03-19T17:25:52.055+0000] {processor.py:840} INFO - DAG(s) 'crawl_crypto_prices' retrieved from /opt/airflow/dags/crawl_crypto_prices.py
[2026-03-19T17:25:52.073+0000] {logging_mixin.py:188} INFO - [2026-03-19T17:25:52.073+0000] {dag.py:3036} INFO - Sync 1 DAGs
[2026-03-19T17:25:52.084+0000] {logging_mixin.py:188} INFO - [2026-03-19T17:25:52.084+0000] {dag.py:3823} INFO - Setting next_dagrun for crawl_crypto_prices to 2026-03-19 17:00:00+00:00, run_after=2026-03-19 18:00:00+00:00
[2026-03-19T17:25:52.090+0000] {processor.py:183} INFO - Processing /opt/airflow/dags/crawl_crypto_prices.py took 0.050 seconds
[2026-03-19T17:26:22.353+0000] {processor.py:161} INFO - Started process (PID=2076) to work on /opt/airflow/dags/crawl_crypto_prices.py
[2026-03-19T17:26:22.354+0000] {processor.py:830} INFO - Processing file /opt/airflow/dags/crawl_crypto_prices.py for tasks to queue
[2026-03-19T17:26:22.354+0000] {logging_mixin.py:188} INFO - [2026-03-19T17:26:22.354+0000] {dagbag.py:538} INFO - Filling up the DagBag from /opt/airflow/dags/crawl_crypto_prices.py
[2026-03-19T17:26:22.365+0000] {processor.py:840} INFO - DAG(s) 'crawl_crypto_prices' retrieved from /opt/airflow/dags/crawl_crypto_prices.py
[2026-03-19T17:26:22.384+0000] {logging_mixin.py:188} INFO - [2026-03-19T17:26:22.384+0000] {dag.py:3036} INFO - Sync 1 DAGs
[2026-03-19T17:26:22.395+0000] {logging_mixin.py:188} INFO - [2026-03-19T17:26:22.395+0000] {dag.py:3823} INFO - Setting next_dagrun for crawl_crypto_prices to 2026-03-19 17:00:00+00:00, run_after=2026-03-19 18:00:00+00:00
[2026-03-19T17:26:22.401+0000] {processor.py:183} INFO - Processing /opt/airflow/dags/crawl_crypto_prices.py took 0.051 seconds
[2026-03-19T17:26:52.648+0000] {processor.py:161} INFO - Started process (PID=2081) to work on /opt/airflow/dags/crawl_crypto_prices.py
[2026-03-19T17:26:52.649+0000] {processor.py:830} INFO - Processing file /opt/airflow/dags/crawl_crypto_prices.py for tasks to queue
[2026-03-19T17:26:52.649+0000] {logging_mixin.py:188} INFO - [2026-03-19T17:26:52.649+0000] {dagbag.py:538} INFO - Filling up the DagBag from /opt/airflow/dags/crawl_crypto_prices.py
[2026-03-19T17:26:52.659+0000] {processor.py:840} INFO - DAG(s) 'crawl_crypto_prices' retrieved from /opt/airflow/dags/crawl_crypto_prices.py
[2026-03-19T17:26:52.678+0000] {logging_mixin.py:188} INFO - [2026-03-19T17:26:52.678+0000] {dag.py:3036} INFO - Sync 1 DAGs
[2026-03-19T17:26:52.688+0000] {logging_mixin.py:188} INFO - [2026-03-19T17:26:52.688+0000] {dag.py:3823} INFO - Setting next_dagrun for crawl_crypto_prices to 2026-03-19 17:00:00+00:00, run_after=2026-03-19 18:00:00+00:00
[2026-03-19T17:26:52.694+0000] {processor.py:183} INFO - Processing /opt/airflow/dags/crawl_crypto_prices.py took 0.049 seconds
[2026-03-19T17:27:22.974+0000] {processor.py:161} INFO - Started process (PID=2086) to work on /opt/airflow/dags/crawl_crypto_prices.py
[2026-03-19T17:27:22.975+0000] {processor.py:830} INFO - Processing file /opt/airflow/dags/crawl_crypto_prices.py for tasks to queue
[2026-03-19T17:27:22.976+0000] {logging_mixin.py:188} INFO - [2026-03-19T17:27:22.975+0000] {dagbag.py:538} INFO - Filling up the DagBag from /opt/airflow/dags/crawl_crypto_prices.py
[2026-03-19T17:27:22.986+0000] {processor.py:840} INFO - DAG(s) 'crawl_crypto_prices' retrieved from /opt/airflow/dags/crawl_crypto_prices.py
[2026-03-19T17:27:23.000+0000] {logging_mixin.py:188} INFO - [2026-03-19T17:27:23.000+0000] {dag.py:3036} INFO - Sync 1 DAGs
[2026-03-19T17:27:23.011+0000] {logging_mixin.py:188} INFO - [2026-03-19T17:27:23.011+0000] {dag.py:3823} INFO - Setting next_dagrun for crawl_crypto_prices to 2026-03-19 17:00:00+00:00, run_after=2026-03-19 18:00:00+00:00
[2026-03-19T17:27:23.017+0000] {processor.py:183} INFO - Processing /opt/airflow/dags/crawl_crypto_prices.py took 0.045 seconds
[2026-03-19T17:27:53.299+0000] {processor.py:161} INFO - Started process (PID=2091) to work on /opt/airflow/dags/crawl_crypto_prices.py
[2026-03-19T17:27:53.300+0000] {processor.py:830} INFO - Processing file /opt/airflow/dags/crawl_crypto_prices.py for tasks to queue
[2026-03-19T17:27:53.301+0000] {logging_mixin.py:188} INFO - [2026-03-19T17:27:53.301+0000] {dagbag.py:538} INFO - Filling up the DagBag from /opt/airflow/dags/crawl_crypto_prices.py
[2026-03-19T17:27:53.314+0000] {processor.py:840} INFO - DAG(s) 'crawl_crypto_prices' retrieved from /opt/airflow/dags/crawl_crypto_prices.py
[2026-03-19T17:27:53.330+0000] {logging_mixin.py:188} INFO - [2026-03-19T17:27:53.330+0000] {dag.py:3036} INFO - Sync 1 DAGs
[2026-03-19T17:27:53.344+0000] {logging_mixin.py:188} INFO - [2026-03-19T17:27:53.344+0000] {dag.py:3823} INFO - Setting next_dagrun for crawl_crypto_prices to 2026-03-19 17:00:00+00:00, run_after=2026-03-19 18:00:00+00:00
[2026-03-19T17:27:53.350+0000] {processor.py:183} INFO - Processing /opt/airflow/dags/crawl_crypto_prices.py took 0.054 seconds
[2026-03-19T17:28:23.649+0000] {processor.py:161} INFO - Started process (PID=2096) to work on /opt/airflow/dags/crawl_crypto_prices.py
[2026-03-19T17:28:23.650+0000] {processor.py:830} INFO - Processing file /opt/airflow/dags/crawl_crypto_prices.py for tasks to queue
[2026-03-19T17:28:23.651+0000] {logging_mixin.py:188} INFO - [2026-03-19T17:28:23.650+0000] {dagbag.py:538} INFO - Filling up the DagBag from /opt/airflow/dags/crawl_crypto_prices.py
[2026-03-19T17:28:23.661+0000] {processor.py:840} INFO - DAG(s) 'crawl_crypto_prices' retrieved from /opt/airflow/dags/crawl_crypto_prices.py
[2026-03-19T17:28:23.679+0000] {logging_mixin.py:188} INFO - [2026-03-19T17:28:23.679+0000] {dag.py:3036} INFO - Sync 1 DAGs
[2026-03-19T17:28:23.689+0000] {logging_mixin.py:188} INFO - [2026-03-19T17:28:23.689+0000] {dag.py:3823} INFO - Setting next_dagrun for crawl_crypto_prices to 2026-03-19 17:00:00+00:00, run_after=2026-03-19 18:00:00+00:00
[2026-03-19T17:28:23.695+0000] {processor.py:183} INFO - Processing /opt/airflow/dags/crawl_crypto_prices.py took 0.050 seconds
[2026-03-19T17:28:53.975+0000] {processor.py:161} INFO - Started process (PID=2101) to work on /opt/airflow/dags/crawl_crypto_prices.py
[2026-03-19T17:28:53.976+0000] {processor.py:830} INFO - Processing file /opt/airflow/dags/crawl_crypto_prices.py for tasks to queue
[2026-03-19T17:28:53.977+0000] {logging_mixin.py:188} INFO - [2026-03-19T17:28:53.977+0000] {dagbag.py:538} INFO - Filling up the DagBag from /opt/airflow/dags/crawl_crypto_prices.py
[2026-03-19T17:28:53.989+0000] {processor.py:840} INFO - DAG(s) 'crawl_crypto_prices' retrieved from /opt/airflow/dags/crawl_crypto_prices.py
[2026-03-19T17:28:54.006+0000] {logging_mixin.py:188} INFO - [2026-03-19T17:28:54.005+0000] {dag.py:3036} INFO - Sync 1 DAGs
[2026-03-19T17:28:54.015+0000] {logging_mixin.py:188} INFO - [2026-03-19T17:28:54.015+0000] {dag.py:3823} INFO - Setting next_dagrun for crawl_crypto_prices to 2026-03-19 17:00:00+00:00, run_after=2026-03-19 18:00:00+00:00
[2026-03-19T17:28:54.021+0000] {processor.py:183} INFO - Processing /opt/airflow/dags/crawl_crypto_prices.py took 0.048 seconds
[2026-03-19T17:29:24.271+0000] {processor.py:161} INFO - Started process (PID=2106) to work on /opt/airflow/dags/crawl_crypto_prices.py
[2026-03-19T17:29:24.272+0000] {processor.py:830} INFO - Processing file /opt/airflow/dags/crawl_crypto_prices.py for tasks to queue
[2026-03-19T17:29:24.273+0000] {logging_mixin.py:188} INFO - [2026-03-19T17:29:24.272+0000] {dagbag.py:538} INFO - Filling up the DagBag from /opt/airflow/dags/crawl_crypto_prices.py
[2026-03-19T17:29:24.283+0000] {processor.py:840} INFO - DAG(s) 'crawl_crypto_prices' retrieved from /opt/airflow/dags/crawl_crypto_prices.py
[2026-03-19T17:29:24.301+0000] {logging_mixin.py:188} INFO - [2026-03-19T17:29:24.301+0000] {dag.py:3036} INFO - Sync 1 DAGs
[2026-03-19T17:29:24.311+0000] {logging_mixin.py:188} INFO - [2026-03-19T17:29:24.311+0000] {dag.py:3823} INFO - Setting next_dagrun for crawl_crypto_prices to 2026-03-19 17:00:00+00:00, run_after=2026-03-19 18:00:00+00:00
[2026-03-19T17:29:24.318+0000] {processor.py:183} INFO - Processing /opt/airflow/dags/crawl_crypto_prices.py took 0.050 seconds
[2026-03-19T17:29:54.567+0000] {processor.py:161} INFO - Started process (PID=2111) to work on /opt/airflow/dags/crawl_crypto_prices.py
[2026-03-19T17:29:54.568+0000] {processor.py:830} INFO - Processing file /opt/airflow/dags/crawl_crypto_prices.py for tasks to queue
[2026-03-19T17:29:54.569+0000] {logging_mixin.py:188} INFO - [2026-03-19T17:29:54.568+0000] {dagbag.py:538} INFO - Filling up the DagBag from /opt/airflow/dags/crawl_crypto_prices.py
[2026-03-19T17:29:54.579+0000] {processor.py:840} INFO - DAG(s) 'crawl_crypto_prices' retrieved from /opt/airflow/dags/crawl_crypto_prices.py
[2026-03-19T17:29:54.597+0000] {logging_mixin.py:188} INFO - [2026-03-19T17:29:54.596+0000] {dag.py:3036} INFO - Sync 1 DAGs
[2026-03-19T17:29:54.606+0000] {logging_mixin.py:188} INFO - [2026-03-19T17:29:54.606+0000] {dag.py:3823} INFO - Setting next_dagrun for crawl_crypto_prices to 2026-03-19 17:00:00+00:00, run_after=2026-03-19 18:00:00+00:00
[2026-03-19T17:29:54.613+0000] {processor.py:183} INFO - Processing /opt/airflow/dags/crawl_crypto_prices.py took 0.050 seconds
[2026-03-19T17:30:24.837+0000] {processor.py:161} INFO - Started process (PID=2116) to work on /opt/airflow/dags/crawl_crypto_prices.py
[2026-03-19T17:30:24.839+0000] {processor.py:830} INFO - Processing file /opt/airflow/dags/crawl_crypto_prices.py for tasks to queue
[2026-03-19T17:30:24.840+0000] {logging_mixin.py:188} INFO - [2026-03-19T17:30:24.839+0000] {dagbag.py:538} INFO - Filling up the DagBag from /opt/airflow/dags/crawl_crypto_prices.py
[2026-03-19T17:30:24.850+0000] {processor.py:840} INFO - DAG(s) 'crawl_crypto_prices' retrieved from /opt/airflow/dags/crawl_crypto_prices.py
[2026-03-19T17:30:24.868+0000] {logging_mixin.py:188} INFO - [2026-03-19T17:30:24.868+0000] {dag.py:3036} INFO - Sync 1 DAGs
[2026-03-19T17:30:24.879+0000] {logging_mixin.py:188} INFO - [2026-03-19T17:30:24.879+0000] {dag.py:3823} INFO - Setting next_dagrun for crawl_crypto_prices to 2026-03-19 17:00:00+00:00, run_after=2026-03-19 18:00:00+00:00
[2026-03-19T17:30:24.885+0000] {processor.py:183} INFO - Processing /opt/airflow/dags/crawl_crypto_prices.py took 0.052 seconds
[2026-03-19T17:30:55.099+0000] {processor.py:161} INFO - Started process (PID=2121) to work on /opt/airflow/dags/crawl_crypto_prices.py
[2026-03-19T17:30:55.099+0000] {processor.py:830} INFO - Processing file /opt/airflow/dags/crawl_crypto_prices.py for tasks to queue
[2026-03-19T17:30:55.100+0000] {logging_mixin.py:188} INFO - [2026-03-19T17:30:55.100+0000] {dagbag.py:538} INFO - Filling up the DagBag from /opt/airflow/dags/crawl_crypto_prices.py
[2026-03-19T17:30:55.107+0000] {processor.py:840} INFO - DAG(s) 'crawl_crypto_prices' retrieved from /opt/airflow/dags/crawl_crypto_prices.py
[2026-03-19T17:30:55.121+0000] {logging_mixin.py:188} INFO - [2026-03-19T17:30:55.121+0000] {dag.py:3036} INFO - Sync 1 DAGs
[2026-03-19T17:30:55.129+0000] {logging_mixin.py:188} INFO - [2026-03-19T17:30:55.129+0000] {dag.py:3823} INFO - Setting next_dagrun for crawl_crypto_prices to 2026-03-19 17:00:00+00:00, run_after=2026-03-19 18:00:00+00:00
[2026-03-19T17:30:55.135+0000] {processor.py:183} INFO - Processing /opt/airflow/dags/crawl_crypto_prices.py took 0.039 seconds
[2026-03-19T17:31:25.380+0000] {processor.py:161} INFO - Started process (PID=2126) to work on /opt/airflow/dags/crawl_crypto_prices.py
[2026-03-19T17:31:25.381+0000] {processor.py:830} INFO - Processing file /opt/airflow/dags/crawl_crypto_prices.py for tasks to queue
[2026-03-19T17:31:25.382+0000] {logging_mixin.py:188} INFO - [2026-03-19T17:31:25.381+0000] {dagbag.py:538} INFO - Filling up the DagBag from /opt/airflow/dags/crawl_crypto_prices.py
[2026-03-19T17:31:25.391+0000] {processor.py:840} INFO - DAG(s) 'crawl_crypto_prices' retrieved from /opt/airflow/dags/crawl_crypto_prices.py
[2026-03-19T17:31:25.407+0000] {logging_mixin.py:188} INFO - [2026-03-19T17:31:25.406+0000] {dag.py:3036} INFO - Sync 1 DAGs
[2026-03-19T17:31:25.417+0000] {logging_mixin.py:188} INFO - [2026-03-19T17:31:25.417+0000] {dag.py:3823} INFO - Setting next_dagrun for crawl_crypto_prices to 2026-03-19 17:00:00+00:00, run_after=2026-03-19 18:00:00+00:00
[2026-03-19T17:31:25.425+0000] {processor.py:183} INFO - Processing /opt/airflow/dags/crawl_crypto_prices.py took 0.047 seconds
[2026-03-19T17:31:55.700+0000] {processor.py:161} INFO - Started process (PID=2131) to work on /opt/airflow/dags/crawl_crypto_prices.py
[2026-03-19T17:31:55.701+0000] {processor.py:830} INFO - Processing file /opt/airflow/dags/crawl_crypto_prices.py for tasks to queue
[2026-03-19T17:31:55.702+0000] {logging_mixin.py:188} INFO - [2026-03-19T17:31:55.702+0000] {dagbag.py:538} INFO - Filling up the DagBag from /opt/airflow/dags/crawl_crypto_prices.py
[2026-03-19T17:31:55.714+0000] {processor.py:840} INFO - DAG(s) 'crawl_crypto_prices' retrieved from /opt/airflow/dags/crawl_crypto_prices.py
[2026-03-19T17:31:55.728+0000] {logging_mixin.py:188} INFO - [2026-03-19T17:31:55.728+0000] {dag.py:3036} INFO - Sync 1 DAGs
[2026-03-19T17:31:55.738+0000] {logging_mixin.py:188} INFO - [2026-03-19T17:31:55.737+0000] {dag.py:3823} INFO - Setting next_dagrun for crawl_crypto_prices to 2026-03-19 17:00:00+00:00, run_after=2026-03-19 18:00:00+00:00
[2026-03-19T17:31:55.743+0000] {processor.py:183} INFO - Processing /opt/airflow/dags/crawl_crypto_prices.py took 0.047 seconds
[2026-03-19T17:32:25.963+0000] {processor.py:161} INFO - Started process (PID=2136) to work on /opt/airflow/dags/crawl_crypto_prices.py
[2026-03-19T17:32:25.964+0000] {processor.py:830} INFO - Processing file /opt/airflow/dags/crawl_crypto_prices.py for tasks to queue
[2026-03-19T17:32:25.965+0000] {logging_mixin.py:188} INFO - [2026-03-19T17:32:25.965+0000] {dagbag.py:538} INFO - Filling up the DagBag from /opt/airflow/dags/crawl_crypto_prices.py
[2026-03-19T17:32:25.976+0000] {processor.py:840} INFO - DAG(s) 'crawl_crypto_prices' retrieved from /opt/airflow/dags/crawl_crypto_prices.py
[2026-03-19T17:32:25.993+0000] {logging_mixin.py:188} INFO - [2026-03-19T17:32:25.993+0000] {dag.py:3036} INFO - Sync 1 DAGs
[2026-03-19T17:32:26.003+0000] {logging_mixin.py:188} INFO - [2026-03-19T17:32:26.003+0000] {dag.py:3823} INFO - Setting next_dagrun for crawl_crypto_prices to 2026-03-19 17:00:00+00:00, run_after=2026-03-19 18:00:00+00:00
[2026-03-19T17:32:26.009+0000] {processor.py:183} INFO - Processing /opt/airflow/dags/crawl_crypto_prices.py took 0.050 seconds
[2026-03-19T17:32:56.328+0000] {processor.py:161} INFO - Started process (PID=2141) to work on /opt/airflow/dags/crawl_crypto_prices.py
[2026-03-19T17:32:56.329+0000] {processor.py:830} INFO - Processing file /opt/airflow/dags/crawl_crypto_prices.py for tasks to queue
[2026-03-19T17:32:56.330+0000] {logging_mixin.py:188} INFO - [2026-03-19T17:32:56.330+0000] {dagbag.py:538} INFO - Filling up the DagBag from /opt/airflow/dags/crawl_crypto_prices.py
[2026-03-19T17:32:56.340+0000] {processor.py:840} INFO - DAG(s) 'crawl_crypto_prices' retrieved from /opt/airflow/dags/crawl_crypto_prices.py
[2026-03-19T17:32:56.356+0000] {logging_mixin.py:188} INFO - [2026-03-19T17:32:56.356+0000] {dag.py:3036} INFO - Sync 1 DAGs
[2026-03-19T17:32:56.366+0000] {logging_mixin.py:188} INFO - [2026-03-19T17:32:56.366+0000] {dag.py:3823} INFO - Setting next_dagrun for crawl_crypto_prices to 2026-03-19 17:00:00+00:00, run_after=2026-03-19 18:00:00+00:00
[2026-03-19T17:32:56.374+0000] {processor.py:183} INFO - Processing /opt/airflow/dags/crawl_crypto_prices.py took 0.048 seconds
[2026-03-19T17:33:26.761+0000] {processor.py:161} INFO - Started process (PID=2146) to work on /opt/airflow/dags/crawl_crypto_prices.py
[2026-03-19T17:33:26.762+0000] {processor.py:830} INFO - Processing file /opt/airflow/dags/crawl_crypto_prices.py for tasks to queue
[2026-03-19T17:33:26.763+0000] {logging_mixin.py:188} INFO - [2026-03-19T17:33:26.762+0000] {dagbag.py:538} INFO - Filling up the DagBag from /opt/airflow/dags/crawl_crypto_prices.py
[2026-03-19T17:33:26.774+0000] {processor.py:840} INFO - DAG(s) 'crawl_crypto_prices' retrieved from /opt/airflow/dags/crawl_crypto_prices.py
[2026-03-19T17:33:26.791+0000] {logging_mixin.py:188} INFO - [2026-03-19T17:33:26.791+0000] {dag.py:3036} INFO - Sync 1 DAGs
[2026-03-19T17:33:26.801+0000] {logging_mixin.py:188} INFO - [2026-03-19T17:33:26.801+0000] {dag.py:3823} INFO - Setting next_dagrun for crawl_crypto_prices to 2026-03-19 17:00:00+00:00, run_after=2026-03-19 18:00:00+00:00
[2026-03-19T17:33:26.807+0000] {processor.py:183} INFO - Processing /opt/airflow/dags/crawl_crypto_prices.py took 0.050 seconds
[2026-03-19T17:33:57.141+0000] {processor.py:161} INFO - Started process (PID=2151) to work on /opt/airflow/dags/crawl_crypto_prices.py
[2026-03-19T17:33:57.142+0000] {processor.py:830} INFO - Processing file /opt/airflow/dags/crawl_crypto_prices.py for tasks to queue
[2026-03-19T17:33:57.143+0000] {logging_mixin.py:188} INFO - [2026-03-19T17:33:57.143+0000] {dagbag.py:538} INFO - Filling up the DagBag from /opt/airflow/dags/crawl_crypto_prices.py
[2026-03-19T17:33:57.154+0000] {processor.py:840} INFO - DAG(s) 'crawl_crypto_prices' retrieved from /opt/airflow/dags/crawl_crypto_prices.py
[2026-03-19T17:33:57.172+0000] {logging_mixin.py:188} INFO - [2026-03-19T17:33:57.172+0000] {dag.py:3036} INFO - Sync 1 DAGs
[2026-03-19T17:33:57.182+0000] {logging_mixin.py:188} INFO - [2026-03-19T17:33:57.182+0000] {dag.py:3823} INFO - Setting next_dagrun for crawl_crypto_prices to 2026-03-19 17:00:00+00:00, run_after=2026-03-19 18:00:00+00:00
[2026-03-19T17:33:57.188+0000] {processor.py:183} INFO - Processing /opt/airflow/dags/crawl_crypto_prices.py took 0.050 seconds
[2026-03-19T17:34:27.525+0000] {processor.py:161} INFO - Started process (PID=2156) to work on /opt/airflow/dags/crawl_crypto_prices.py
[2026-03-19T17:34:27.526+0000] {processor.py:830} INFO - Processing file /opt/airflow/dags/crawl_crypto_prices.py for tasks to queue
[2026-03-19T17:34:27.527+0000] {logging_mixin.py:188} INFO - [2026-03-19T17:34:27.527+0000] {dagbag.py:538} INFO - Filling up the DagBag from /opt/airflow/dags/crawl_crypto_prices.py
[2026-03-19T17:34:27.540+0000] {processor.py:840} INFO - DAG(s) 'crawl_crypto_prices' retrieved from /opt/airflow/dags/crawl_crypto_prices.py
[2026-03-19T17:34:27.563+0000] {logging_mixin.py:188} INFO - [2026-03-19T17:34:27.563+0000] {dag.py:3036} INFO - Sync 1 DAGs
[2026-03-19T17:34:27.575+0000] {logging_mixin.py:188} INFO - [2026-03-19T17:34:27.575+0000] {dag.py:3823} INFO - Setting next_dagrun for crawl_crypto_prices to 2026-03-19 17:00:00+00:00, run_after=2026-03-19 18:00:00+00:00
[2026-03-19T17:34:27.582+0000] {processor.py:183} INFO - Processing /opt/airflow/dags/crawl_crypto_prices.py took 0.061 seconds
[2026-03-19T18:57:00.294+0000] {processor.py:161} INFO - Started process (PID=2165) to work on /opt/airflow/dags/crawl_crypto_prices.py
[2026-03-19T18:57:00.296+0000] {processor.py:830} INFO - Processing file /opt/airflow/dags/crawl_crypto_prices.py for tasks to queue
[2026-03-19T18:57:00.296+0000] {logging_mixin.py:188} INFO - [2026-03-19T18:57:00.296+0000] {dagbag.py:538} INFO - Filling up the DagBag from /opt/airflow/dags/crawl_crypto_prices.py
[2026-03-19T18:57:00.310+0000] {processor.py:840} INFO - DAG(s) 'crawl_crypto_prices' retrieved from /opt/airflow/dags/crawl_crypto_prices.py
[2026-03-19T18:57:00.339+0000] {logging_mixin.py:188} INFO - [2026-03-19T18:57:00.339+0000] {dag.py:3036} INFO - Sync 1 DAGs
[2026-03-19T18:57:00.359+0000] {logging_mixin.py:188} INFO - [2026-03-19T18:57:00.359+0000] {dag.py:3823} INFO - Setting next_dagrun for crawl_crypto_prices to 2026-03-19 18:00:00+00:00, run_after=2026-03-19 19:00:00+00:00
[2026-03-19T18:57:00.381+0000] {processor.py:183} INFO - Processing /opt/airflow/dags/crawl_crypto_prices.py took 0.090 seconds
[2026-03-19T19:36:56.501+0000] {processor.py:161} INFO - Started process (PID=2173) to work on /opt/airflow/dags/crawl_crypto_prices.py
[2026-03-19T19:36:56.502+0000] {processor.py:830} INFO - Processing file /opt/airflow/dags/crawl_crypto_prices.py for tasks to queue
[2026-03-19T19:36:56.503+0000] {logging_mixin.py:188} INFO - [2026-03-19T19:36:56.503+0000] {dagbag.py:538} INFO - Filling up the DagBag from /opt/airflow/dags/crawl_crypto_prices.py
[2026-03-19T19:36:56.514+0000] {processor.py:840} INFO - DAG(s) 'crawl_crypto_prices' retrieved from /opt/airflow/dags/crawl_crypto_prices.py
[2026-03-19T19:36:56.542+0000] {logging_mixin.py:188} INFO - [2026-03-19T19:36:56.542+0000] {dag.py:3036} INFO - Sync 1 DAGs
[2026-03-19T19:36:56.562+0000] {logging_mixin.py:188} INFO - [2026-03-19T19:36:56.562+0000] {dag.py:3823} INFO - Setting next_dagrun for crawl_crypto_prices to 2026-03-19 19:00:00+00:00, run_after=2026-03-19 20:00:00+00:00
[2026-03-19T19:36:56.577+0000] {processor.py:183} INFO - Processing /opt/airflow/dags/crawl_crypto_prices.py took 0.079 seconds
[2026-03-19T20:23:38.018+0000] {processor.py:161} INFO - Started process (PID=2179) to work on /opt/airflow/dags/crawl_crypto_prices.py
[2026-03-19T20:23:38.019+0000] {processor.py:830} INFO - Processing file /opt/airflow/dags/crawl_crypto_prices.py for tasks to queue
[2026-03-19T20:23:38.020+0000] {logging_mixin.py:188} INFO - [2026-03-19T20:23:38.020+0000] {dagbag.py:538} INFO - Filling up the DagBag from /opt/airflow/dags/crawl_crypto_prices.py
[2026-03-19T20:23:38.028+0000] {processor.py:840} INFO - DAG(s) 'crawl_crypto_prices' retrieved from /opt/airflow/dags/crawl_crypto_prices.py
[2026-03-19T20:23:38.040+0000] {logging_mixin.py:188} INFO - [2026-03-19T20:23:38.040+0000] {dag.py:3036} INFO - Sync 1 DAGs
[2026-03-19T20:23:38.049+0000] {logging_mixin.py:188} INFO - [2026-03-19T20:23:38.049+0000] {dag.py:3823} INFO - Setting next_dagrun for crawl_crypto_prices to 2026-03-19 19:00:00+00:00, run_after=2026-03-19 20:00:00+00:00
[2026-03-19T20:23:38.055+0000] {processor.py:183} INFO - Processing /opt/airflow/dags/crawl_crypto_prices.py took 0.039 seconds
[2026-03-19T21:23:45.366+0000] {processor.py:161} INFO - Started process (PID=2186) to work on /opt/airflow/dags/crawl_crypto_prices.py
[2026-03-19T21:23:45.367+0000] {processor.py:830} INFO - Processing file /opt/airflow/dags/crawl_crypto_prices.py for tasks to queue
[2026-03-19T21:23:45.367+0000] {logging_mixin.py:188} INFO - [2026-03-19T21:23:45.367+0000] {dagbag.py:538} INFO - Filling up the DagBag from /opt/airflow/dags/crawl_crypto_prices.py
[2026-03-19T21:23:45.378+0000] {processor.py:840} INFO - DAG(s) 'crawl_crypto_prices' retrieved from /opt/airflow/dags/crawl_crypto_prices.py
[2026-03-19T21:23:45.395+0000] {logging_mixin.py:188} INFO - [2026-03-19T21:23:45.395+0000] {dag.py:3036} INFO - Sync 1 DAGs
[2026-03-19T21:23:45.406+0000] {logging_mixin.py:188} INFO - [2026-03-19T21:23:45.406+0000] {dag.py:3823} INFO - Setting next_dagrun for crawl_crypto_prices to 2026-03-19 20:00:00+00:00, run_after=2026-03-19 21:00:00+00:00
[2026-03-19T21:23:45.413+0000] {processor.py:183} INFO - Processing /opt/airflow/dags/crawl_crypto_prices.py took 0.051 seconds
[2026-03-19T22:35:33.520+0000] {processor.py:161} INFO - Started process (PID=2193) to work on /opt/airflow/dags/crawl_crypto_prices.py
[2026-03-19T22:35:33.521+0000] {processor.py:830} INFO - Processing file /opt/airflow/dags/crawl_crypto_prices.py for tasks to queue
[2026-03-19T22:35:33.521+0000] {logging_mixin.py:188} INFO - [2026-03-19T22:35:33.521+0000] {dagbag.py:538} INFO - Filling up the DagBag from /opt/airflow/dags/crawl_crypto_prices.py
[2026-03-19T22:35:33.530+0000] {processor.py:840} INFO - DAG(s) 'crawl_crypto_prices' retrieved from /opt/airflow/dags/crawl_crypto_prices.py
[2026-03-19T22:35:33.547+0000] {logging_mixin.py:188} INFO - [2026-03-19T22:35:33.547+0000] {dag.py:3036} INFO - Sync 1 DAGs
[2026-03-19T22:35:33.559+0000] {logging_mixin.py:188} INFO - [2026-03-19T22:35:33.559+0000] {dag.py:3823} INFO - Setting next_dagrun for crawl_crypto_prices to 2026-03-19 22:00:00+00:00, run_after=2026-03-19 23:00:00+00:00
[2026-03-19T22:35:33.565+0000] {processor.py:183} INFO - Processing /opt/airflow/dags/crawl_crypto_prices.py took 0.047 seconds
[2026-03-19T23:36:36.035+0000] {processor.py:161} INFO - Started process (PID=2203) to work on /opt/airflow/dags/crawl_crypto_prices.py
[2026-03-19T23:36:36.036+0000] {processor.py:830} INFO - Processing file /opt/airflow/dags/crawl_crypto_prices.py for tasks to queue
[2026-03-19T23:36:36.037+0000] {logging_mixin.py:188} INFO - [2026-03-19T23:36:36.037+0000] {dagbag.py:538} INFO - Filling up the DagBag from /opt/airflow/dags/crawl_crypto_prices.py
[2026-03-19T23:36:36.051+0000] {processor.py:840} INFO - DAG(s) 'crawl_crypto_prices' retrieved from /opt/airflow/dags/crawl_crypto_prices.py
[2026-03-19T23:36:36.075+0000] {logging_mixin.py:188} INFO - [2026-03-19T23:36:36.075+0000] {dag.py:3036} INFO - Sync 1 DAGs
[2026-03-19T23:36:36.099+0000] {logging_mixin.py:188} INFO - [2026-03-19T23:36:36.099+0000] {dag.py:3823} INFO - Setting next_dagrun for crawl_crypto_prices to 2026-03-19 23:00:00+00:00, run_after=2026-03-20 00:00:00+00:00
[2026-03-19T23:36:36.122+0000] {processor.py:183} INFO - Processing /opt/airflow/dags/crawl_crypto_prices.py took 0.091 seconds
