[2026-03-21T00:07:24.284+0000] {processor.py:161} INFO - Started process (PID=5301) to work on /opt/airflow/dags/crawl_crypto_prices.py
[2026-03-21T00:07:24.285+0000] {processor.py:830} INFO - Processing file /opt/airflow/dags/crawl_crypto_prices.py for tasks to queue
[2026-03-21T00:07:24.285+0000] {logging_mixin.py:188} INFO - [2026-03-21T00:07:24.285+0000] {dagbag.py:538} INFO - Filling up the DagBag from /opt/airflow/dags/crawl_crypto_prices.py
[2026-03-21T00:07:24.296+0000] {processor.py:840} INFO - DAG(s) 'crawl_crypto_prices' retrieved from /opt/airflow/dags/crawl_crypto_prices.py
[2026-03-21T00:07:24.311+0000] {logging_mixin.py:188} INFO - [2026-03-21T00:07:24.311+0000] {dag.py:3036} INFO - Sync 1 DAGs
[2026-03-21T00:07:24.321+0000] {logging_mixin.py:188} INFO - [2026-03-21T00:07:24.321+0000] {dag.py:3823} INFO - Setting next_dagrun for crawl_crypto_prices to 2026-03-20 23:00:00+00:00, run_after=2026-03-21 00:00:00+00:00
[2026-03-21T00:07:24.329+0000] {processor.py:183} INFO - Processing /opt/airflow/dags/crawl_crypto_prices.py took 0.048 seconds
[2026-03-21T00:50:20.630+0000] {processor.py:161} INFO - Started process (PID=5311) to work on /opt/airflow/dags/crawl_crypto_prices.py
[2026-03-21T00:50:20.631+0000] {processor.py:830} INFO - Processing file /opt/airflow/dags/crawl_crypto_prices.py for tasks to queue
[2026-03-21T00:50:20.632+0000] {logging_mixin.py:188} INFO - [2026-03-21T00:50:20.632+0000] {dagbag.py:538} INFO - Filling up the DagBag from /opt/airflow/dags/crawl_crypto_prices.py
[2026-03-21T00:50:20.645+0000] {processor.py:840} INFO - DAG(s) 'crawl_crypto_prices' retrieved from /opt/airflow/dags/crawl_crypto_prices.py
[2026-03-21T00:50:20.672+0000] {logging_mixin.py:188} INFO - [2026-03-21T00:50:20.672+0000] {dag.py:3036} INFO - Sync 1 DAGs
[2026-03-21T00:50:20.691+0000] {logging_mixin.py:188} INFO - [2026-03-21T00:50:20.691+0000] {dag.py:3823} INFO - Setting next_dagrun for crawl_crypto_prices to 2026-03-21 00:00:00+00:00, run_after=2026-03-21 01:00:00+00:00
[2026-03-21T00:50:20.704+0000] {processor.py:183} INFO - Processing /opt/airflow/dags/crawl_crypto_prices.py took 0.077 seconds
[2026-03-21T01:01:38.448+0000] {processor.py:161} INFO - Started process (PID=5316) to work on /opt/airflow/dags/crawl_crypto_prices.py
[2026-03-21T01:01:38.448+0000] {processor.py:830} INFO - Processing file /opt/airflow/dags/crawl_crypto_prices.py for tasks to queue
[2026-03-21T01:01:38.449+0000] {logging_mixin.py:188} INFO - [2026-03-21T01:01:38.448+0000] {dagbag.py:538} INFO - Filling up the DagBag from /opt/airflow/dags/crawl_crypto_prices.py
[2026-03-21T01:01:38.456+0000] {processor.py:840} INFO - DAG(s) 'crawl_crypto_prices' retrieved from /opt/airflow/dags/crawl_crypto_prices.py
[2026-03-21T01:01:38.471+0000] {logging_mixin.py:188} INFO - [2026-03-21T01:01:38.471+0000] {dag.py:3036} INFO - Sync 1 DAGs
[2026-03-21T01:01:38.479+0000] {logging_mixin.py:188} INFO - [2026-03-21T01:01:38.479+0000] {dag.py:3823} INFO - Setting next_dagrun for crawl_crypto_prices to 2026-03-21 00:00:00+00:00, run_after=2026-03-21 01:00:00+00:00
[2026-03-21T01:01:38.486+0000] {processor.py:183} INFO - Processing /opt/airflow/dags/crawl_crypto_prices.py took 0.040 seconds
[2026-03-21T01:24:11.555+0000] {processor.py:161} INFO - Started process (PID=5323) to work on /opt/airflow/dags/crawl_crypto_prices.py
[2026-03-21T01:24:11.556+0000] {processor.py:830} INFO - Processing file /opt/airflow/dags/crawl_crypto_prices.py for tasks to queue
[2026-03-21T01:24:11.557+0000] {logging_mixin.py:188} INFO - [2026-03-21T01:24:11.557+0000] {dagbag.py:538} INFO - Filling up the DagBag from /opt/airflow/dags/crawl_crypto_prices.py
[2026-03-21T01:24:11.571+0000] {processor.py:840} INFO - DAG(s) 'crawl_crypto_prices' retrieved from /opt/airflow/dags/crawl_crypto_prices.py
[2026-03-21T01:24:11.597+0000] {logging_mixin.py:188} INFO - [2026-03-21T01:24:11.597+0000] {dag.py:3036} INFO - Sync 1 DAGs
[2026-03-21T01:24:11.618+0000] {logging_mixin.py:188} INFO - [2026-03-21T01:24:11.618+0000] {dag.py:3823} INFO - Setting next_dagrun for crawl_crypto_prices to 2026-03-21 01:00:00+00:00, run_after=2026-03-21 02:00:00+00:00
[2026-03-21T01:24:11.633+0000] {processor.py:183} INFO - Processing /opt/airflow/dags/crawl_crypto_prices.py took 0.082 seconds
[2026-03-21T01:26:55.531+0000] {processor.py:161} INFO - Started process (PID=5328) to work on /opt/airflow/dags/crawl_crypto_prices.py
[2026-03-21T01:26:55.532+0000] {processor.py:830} INFO - Processing file /opt/airflow/dags/crawl_crypto_prices.py for tasks to queue
[2026-03-21T01:26:55.532+0000] {logging_mixin.py:188} INFO - [2026-03-21T01:26:55.532+0000] {dagbag.py:538} INFO - Filling up the DagBag from /opt/airflow/dags/crawl_crypto_prices.py
[2026-03-21T01:26:55.546+0000] {processor.py:840} INFO - DAG(s) 'crawl_crypto_prices' retrieved from /opt/airflow/dags/crawl_crypto_prices.py
[2026-03-21T01:26:55.575+0000] {logging_mixin.py:188} INFO - [2026-03-21T01:26:55.574+0000] {dag.py:3036} INFO - Sync 1 DAGs
[2026-03-21T01:26:55.597+0000] {logging_mixin.py:188} INFO - [2026-03-21T01:26:55.597+0000] {dag.py:3823} INFO - Setting next_dagrun for crawl_crypto_prices to 2026-03-21 01:00:00+00:00, run_after=2026-03-21 02:00:00+00:00
[2026-03-21T01:26:55.612+0000] {processor.py:183} INFO - Processing /opt/airflow/dags/crawl_crypto_prices.py took 0.083 seconds
[2026-03-21T01:27:25.849+0000] {processor.py:161} INFO - Started process (PID=5333) to work on /opt/airflow/dags/crawl_crypto_prices.py
[2026-03-21T01:27:25.850+0000] {processor.py:830} INFO - Processing file /opt/airflow/dags/crawl_crypto_prices.py for tasks to queue
[2026-03-21T01:27:25.851+0000] {logging_mixin.py:188} INFO - [2026-03-21T01:27:25.851+0000] {dagbag.py:538} INFO - Filling up the DagBag from /opt/airflow/dags/crawl_crypto_prices.py
[2026-03-21T01:27:25.864+0000] {processor.py:840} INFO - DAG(s) 'crawl_crypto_prices' retrieved from /opt/airflow/dags/crawl_crypto_prices.py
[2026-03-21T01:27:25.883+0000] {logging_mixin.py:188} INFO - [2026-03-21T01:27:25.883+0000] {dag.py:3036} INFO - Sync 1 DAGs
[2026-03-21T01:27:25.893+0000] {logging_mixin.py:188} INFO - [2026-03-21T01:27:25.893+0000] {dag.py:3823} INFO - Setting next_dagrun for crawl_crypto_prices to 2026-03-21 01:00:00+00:00, run_after=2026-03-21 02:00:00+00:00
[2026-03-21T01:27:25.899+0000] {processor.py:183} INFO - Processing /opt/airflow/dags/crawl_crypto_prices.py took 0.054 seconds
[2026-03-21T01:27:56.236+0000] {processor.py:161} INFO - Started process (PID=5338) to work on /opt/airflow/dags/crawl_crypto_prices.py
[2026-03-21T01:27:56.238+0000] {processor.py:830} INFO - Processing file /opt/airflow/dags/crawl_crypto_prices.py for tasks to queue
[2026-03-21T01:27:56.238+0000] {logging_mixin.py:188} INFO - [2026-03-21T01:27:56.238+0000] {dagbag.py:538} INFO - Filling up the DagBag from /opt/airflow/dags/crawl_crypto_prices.py
[2026-03-21T01:27:56.249+0000] {processor.py:840} INFO - DAG(s) 'crawl_crypto_prices' retrieved from /opt/airflow/dags/crawl_crypto_prices.py
[2026-03-21T01:27:56.267+0000] {logging_mixin.py:188} INFO - [2026-03-21T01:27:56.267+0000] {dag.py:3036} INFO - Sync 1 DAGs
[2026-03-21T01:27:56.277+0000] {logging_mixin.py:188} INFO - [2026-03-21T01:27:56.277+0000] {dag.py:3823} INFO - Setting next_dagrun for crawl_crypto_prices to 2026-03-21 01:00:00+00:00, run_after=2026-03-21 02:00:00+00:00
[2026-03-21T01:27:56.283+0000] {processor.py:183} INFO - Processing /opt/airflow/dags/crawl_crypto_prices.py took 0.051 seconds
[2026-03-21T01:28:26.570+0000] {processor.py:161} INFO - Started process (PID=5343) to work on /opt/airflow/dags/crawl_crypto_prices.py
[2026-03-21T01:28:26.571+0000] {processor.py:830} INFO - Processing file /opt/airflow/dags/crawl_crypto_prices.py for tasks to queue
[2026-03-21T01:28:26.572+0000] {logging_mixin.py:188} INFO - [2026-03-21T01:28:26.571+0000] {dagbag.py:538} INFO - Filling up the DagBag from /opt/airflow/dags/crawl_crypto_prices.py
[2026-03-21T01:28:26.582+0000] {processor.py:840} INFO - DAG(s) 'crawl_crypto_prices' retrieved from /opt/airflow/dags/crawl_crypto_prices.py
[2026-03-21T01:28:26.599+0000] {logging_mixin.py:188} INFO - [2026-03-21T01:28:26.599+0000] {dag.py:3036} INFO - Sync 1 DAGs
[2026-03-21T01:28:26.609+0000] {logging_mixin.py:188} INFO - [2026-03-21T01:28:26.609+0000] {dag.py:3823} INFO - Setting next_dagrun for crawl_crypto_prices to 2026-03-21 01:00:00+00:00, run_after=2026-03-21 02:00:00+00:00
[2026-03-21T01:28:26.615+0000] {processor.py:183} INFO - Processing /opt/airflow/dags/crawl_crypto_prices.py took 0.049 seconds
[2026-03-21T01:39:24.119+0000] {processor.py:161} INFO - Started process (PID=5348) to work on /opt/airflow/dags/crawl_crypto_prices.py
[2026-03-21T01:39:24.120+0000] {processor.py:830} INFO - Processing file /opt/airflow/dags/crawl_crypto_prices.py for tasks to queue
[2026-03-21T01:39:24.121+0000] {logging_mixin.py:188} INFO - [2026-03-21T01:39:24.121+0000] {dagbag.py:538} INFO - Filling up the DagBag from /opt/airflow/dags/crawl_crypto_prices.py
[2026-03-21T01:39:24.134+0000] {processor.py:840} INFO - DAG(s) 'crawl_crypto_prices' retrieved from /opt/airflow/dags/crawl_crypto_prices.py
[2026-03-21T01:39:24.162+0000] {logging_mixin.py:188} INFO - [2026-03-21T01:39:24.162+0000] {dag.py:3036} INFO - Sync 1 DAGs
[2026-03-21T01:39:24.177+0000] {logging_mixin.py:188} INFO - [2026-03-21T01:39:24.177+0000] {dag.py:3823} INFO - Setting next_dagrun for crawl_crypto_prices to 2026-03-21 01:00:00+00:00, run_after=2026-03-21 02:00:00+00:00
[2026-03-21T01:39:24.187+0000] {processor.py:183} INFO - Processing /opt/airflow/dags/crawl_crypto_prices.py took 0.072 seconds
[2026-03-21T01:39:54.585+0000] {processor.py:161} INFO - Started process (PID=5353) to work on /opt/airflow/dags/crawl_crypto_prices.py
[2026-03-21T01:39:54.586+0000] {processor.py:830} INFO - Processing file /opt/airflow/dags/crawl_crypto_prices.py for tasks to queue
[2026-03-21T01:39:54.588+0000] {logging_mixin.py:188} INFO - [2026-03-21T01:39:54.587+0000] {dagbag.py:538} INFO - Filling up the DagBag from /opt/airflow/dags/crawl_crypto_prices.py
[2026-03-21T01:39:54.604+0000] {processor.py:840} INFO - DAG(s) 'crawl_crypto_prices' retrieved from /opt/airflow/dags/crawl_crypto_prices.py
[2026-03-21T01:39:54.627+0000] {logging_mixin.py:188} INFO - [2026-03-21T01:39:54.627+0000] {dag.py:3036} INFO - Sync 1 DAGs
[2026-03-21T01:39:54.639+0000] {logging_mixin.py:188} INFO - [2026-03-21T01:39:54.639+0000] {dag.py:3823} INFO - Setting next_dagrun for crawl_crypto_prices to 2026-03-21 01:00:00+00:00, run_after=2026-03-21 02:00:00+00:00
[2026-03-21T01:39:54.649+0000] {processor.py:183} INFO - Processing /opt/airflow/dags/crawl_crypto_prices.py took 0.069 seconds
[2026-03-21T01:40:24.910+0000] {processor.py:161} INFO - Started process (PID=5358) to work on /opt/airflow/dags/crawl_crypto_prices.py
[2026-03-21T01:40:24.911+0000] {processor.py:830} INFO - Processing file /opt/airflow/dags/crawl_crypto_prices.py for tasks to queue
[2026-03-21T01:40:24.912+0000] {logging_mixin.py:188} INFO - [2026-03-21T01:40:24.911+0000] {dagbag.py:538} INFO - Filling up the DagBag from /opt/airflow/dags/crawl_crypto_prices.py
[2026-03-21T01:40:24.919+0000] {processor.py:840} INFO - DAG(s) 'crawl_crypto_prices' retrieved from /opt/airflow/dags/crawl_crypto_prices.py
[2026-03-21T01:40:24.932+0000] {logging_mixin.py:188} INFO - [2026-03-21T01:40:24.932+0000] {dag.py:3036} INFO - Sync 1 DAGs
[2026-03-21T01:40:24.942+0000] {logging_mixin.py:188} INFO - [2026-03-21T01:40:24.942+0000] {dag.py:3823} INFO - Setting next_dagrun for crawl_crypto_prices to 2026-03-21 01:00:00+00:00, run_after=2026-03-21 02:00:00+00:00
[2026-03-21T01:40:24.948+0000] {processor.py:183} INFO - Processing /opt/airflow/dags/crawl_crypto_prices.py took 0.041 seconds
[2026-03-21T01:40:55.222+0000] {processor.py:161} INFO - Started process (PID=5363) to work on /opt/airflow/dags/crawl_crypto_prices.py
[2026-03-21T01:40:55.222+0000] {processor.py:830} INFO - Processing file /opt/airflow/dags/crawl_crypto_prices.py for tasks to queue
[2026-03-21T01:40:55.223+0000] {logging_mixin.py:188} INFO - [2026-03-21T01:40:55.223+0000] {dagbag.py:538} INFO - Filling up the DagBag from /opt/airflow/dags/crawl_crypto_prices.py
[2026-03-21T01:40:55.229+0000] {processor.py:840} INFO - DAG(s) 'crawl_crypto_prices' retrieved from /opt/airflow/dags/crawl_crypto_prices.py
[2026-03-21T01:40:55.240+0000] {logging_mixin.py:188} INFO - [2026-03-21T01:40:55.240+0000] {dag.py:3036} INFO - Sync 1 DAGs
[2026-03-21T01:40:55.249+0000] {logging_mixin.py:188} INFO - [2026-03-21T01:40:55.249+0000] {dag.py:3823} INFO - Setting next_dagrun for crawl_crypto_prices to 2026-03-21 01:00:00+00:00, run_after=2026-03-21 02:00:00+00:00
[2026-03-21T01:40:55.255+0000] {processor.py:183} INFO - Processing /opt/airflow/dags/crawl_crypto_prices.py took 0.035 seconds
[2026-03-21T01:41:25.534+0000] {processor.py:161} INFO - Started process (PID=5368) to work on /opt/airflow/dags/crawl_crypto_prices.py
[2026-03-21T01:41:25.535+0000] {processor.py:830} INFO - Processing file /opt/airflow/dags/crawl_crypto_prices.py for tasks to queue
[2026-03-21T01:41:25.536+0000] {logging_mixin.py:188} INFO - [2026-03-21T01:41:25.536+0000] {dagbag.py:538} INFO - Filling up the DagBag from /opt/airflow/dags/crawl_crypto_prices.py
[2026-03-21T01:41:25.546+0000] {processor.py:840} INFO - DAG(s) 'crawl_crypto_prices' retrieved from /opt/airflow/dags/crawl_crypto_prices.py
[2026-03-21T01:41:25.564+0000] {logging_mixin.py:188} INFO - [2026-03-21T01:41:25.563+0000] {dag.py:3036} INFO - Sync 1 DAGs
[2026-03-21T01:41:25.575+0000] {logging_mixin.py:188} INFO - [2026-03-21T01:41:25.575+0000] {dag.py:3823} INFO - Setting next_dagrun for crawl_crypto_prices to 2026-03-21 01:00:00+00:00, run_after=2026-03-21 02:00:00+00:00
[2026-03-21T01:41:25.582+0000] {processor.py:183} INFO - Processing /opt/airflow/dags/crawl_crypto_prices.py took 0.052 seconds
[2026-03-21T01:41:55.861+0000] {processor.py:161} INFO - Started process (PID=5373) to work on /opt/airflow/dags/crawl_crypto_prices.py
[2026-03-21T01:41:55.862+0000] {processor.py:830} INFO - Processing file /opt/airflow/dags/crawl_crypto_prices.py for tasks to queue
[2026-03-21T01:41:55.863+0000] {logging_mixin.py:188} INFO - [2026-03-21T01:41:55.863+0000] {dagbag.py:538} INFO - Filling up the DagBag from /opt/airflow/dags/crawl_crypto_prices.py
[2026-03-21T01:41:55.873+0000] {processor.py:840} INFO - DAG(s) 'crawl_crypto_prices' retrieved from /opt/airflow/dags/crawl_crypto_prices.py
[2026-03-21T01:41:55.891+0000] {logging_mixin.py:188} INFO - [2026-03-21T01:41:55.891+0000] {dag.py:3036} INFO - Sync 1 DAGs
[2026-03-21T01:41:55.901+0000] {logging_mixin.py:188} INFO - [2026-03-21T01:41:55.901+0000] {dag.py:3823} INFO - Setting next_dagrun for crawl_crypto_prices to 2026-03-21 01:00:00+00:00, run_after=2026-03-21 02:00:00+00:00
[2026-03-21T01:41:55.908+0000] {processor.py:183} INFO - Processing /opt/airflow/dags/crawl_crypto_prices.py took 0.050 seconds
[2026-03-21T01:42:26.170+0000] {processor.py:161} INFO - Started process (PID=5378) to work on /opt/airflow/dags/crawl_crypto_prices.py
[2026-03-21T01:42:26.171+0000] {processor.py:830} INFO - Processing file /opt/airflow/dags/crawl_crypto_prices.py for tasks to queue
[2026-03-21T01:42:26.172+0000] {logging_mixin.py:188} INFO - [2026-03-21T01:42:26.171+0000] {dagbag.py:538} INFO - Filling up the DagBag from /opt/airflow/dags/crawl_crypto_prices.py
[2026-03-21T01:42:26.182+0000] {processor.py:840} INFO - DAG(s) 'crawl_crypto_prices' retrieved from /opt/airflow/dags/crawl_crypto_prices.py
[2026-03-21T01:42:26.201+0000] {logging_mixin.py:188} INFO - [2026-03-21T01:42:26.200+0000] {dag.py:3036} INFO - Sync 1 DAGs
[2026-03-21T01:42:26.211+0000] {logging_mixin.py:188} INFO - [2026-03-21T01:42:26.211+0000] {dag.py:3823} INFO - Setting next_dagrun for crawl_crypto_prices to 2026-03-21 01:00:00+00:00, run_after=2026-03-21 02:00:00+00:00
[2026-03-21T01:42:26.218+0000] {processor.py:183} INFO - Processing /opt/airflow/dags/crawl_crypto_prices.py took 0.051 seconds
[2026-03-21T01:42:56.440+0000] {processor.py:161} INFO - Started process (PID=5383) to work on /opt/airflow/dags/crawl_crypto_prices.py
[2026-03-21T01:42:56.441+0000] {processor.py:830} INFO - Processing file /opt/airflow/dags/crawl_crypto_prices.py for tasks to queue
[2026-03-21T01:42:56.442+0000] {logging_mixin.py:188} INFO - [2026-03-21T01:42:56.442+0000] {dagbag.py:538} INFO - Filling up the DagBag from /opt/airflow/dags/crawl_crypto_prices.py
[2026-03-21T01:42:56.453+0000] {processor.py:840} INFO - DAG(s) 'crawl_crypto_prices' retrieved from /opt/airflow/dags/crawl_crypto_prices.py
[2026-03-21T01:42:56.471+0000] {logging_mixin.py:188} INFO - [2026-03-21T01:42:56.471+0000] {dag.py:3036} INFO - Sync 1 DAGs
[2026-03-21T01:42:56.481+0000] {logging_mixin.py:188} INFO - [2026-03-21T01:42:56.481+0000] {dag.py:3823} INFO - Setting next_dagrun for crawl_crypto_prices to 2026-03-21 01:00:00+00:00, run_after=2026-03-21 02:00:00+00:00
[2026-03-21T01:42:56.488+0000] {processor.py:183} INFO - Processing /opt/airflow/dags/crawl_crypto_prices.py took 0.051 seconds
[2026-03-21T01:43:26.723+0000] {processor.py:161} INFO - Started process (PID=5388) to work on /opt/airflow/dags/crawl_crypto_prices.py
[2026-03-21T01:43:26.724+0000] {processor.py:830} INFO - Processing file /opt/airflow/dags/crawl_crypto_prices.py for tasks to queue
[2026-03-21T01:43:26.725+0000] {logging_mixin.py:188} INFO - [2026-03-21T01:43:26.725+0000] {dagbag.py:538} INFO - Filling up the DagBag from /opt/airflow/dags/crawl_crypto_prices.py
[2026-03-21T01:43:26.735+0000] {processor.py:840} INFO - DAG(s) 'crawl_crypto_prices' retrieved from /opt/airflow/dags/crawl_crypto_prices.py
[2026-03-21T01:43:26.754+0000] {logging_mixin.py:188} INFO - [2026-03-21T01:43:26.753+0000] {dag.py:3036} INFO - Sync 1 DAGs
[2026-03-21T01:43:26.763+0000] {logging_mixin.py:188} INFO - [2026-03-21T01:43:26.763+0000] {dag.py:3823} INFO - Setting next_dagrun for crawl_crypto_prices to 2026-03-21 01:00:00+00:00, run_after=2026-03-21 02:00:00+00:00
[2026-03-21T01:43:26.770+0000] {processor.py:183} INFO - Processing /opt/airflow/dags/crawl_crypto_prices.py took 0.050 seconds
[2026-03-21T01:43:56.978+0000] {processor.py:161} INFO - Started process (PID=5393) to work on /opt/airflow/dags/crawl_crypto_prices.py
[2026-03-21T01:43:56.979+0000] {processor.py:830} INFO - Processing file /opt/airflow/dags/crawl_crypto_prices.py for tasks to queue
[2026-03-21T01:43:56.980+0000] {logging_mixin.py:188} INFO - [2026-03-21T01:43:56.979+0000] {dagbag.py:538} INFO - Filling up the DagBag from /opt/airflow/dags/crawl_crypto_prices.py
[2026-03-21T01:43:56.990+0000] {processor.py:840} INFO - DAG(s) 'crawl_crypto_prices' retrieved from /opt/airflow/dags/crawl_crypto_prices.py
[2026-03-21T01:43:57.009+0000] {logging_mixin.py:188} INFO - [2026-03-21T01:43:57.009+0000] {dag.py:3036} INFO - Sync 1 DAGs
[2026-03-21T01:43:57.019+0000] {logging_mixin.py:188} INFO - [2026-03-21T01:43:57.019+0000] {dag.py:3823} INFO - Setting next_dagrun for crawl_crypto_prices to 2026-03-21 01:00:00+00:00, run_after=2026-03-21 02:00:00+00:00
[2026-03-21T01:43:57.025+0000] {processor.py:183} INFO - Processing /opt/airflow/dags/crawl_crypto_prices.py took 0.050 seconds
[2026-03-21T01:44:27.285+0000] {processor.py:161} INFO - Started process (PID=5398) to work on /opt/airflow/dags/crawl_crypto_prices.py
[2026-03-21T01:44:27.286+0000] {processor.py:830} INFO - Processing file /opt/airflow/dags/crawl_crypto_prices.py for tasks to queue
[2026-03-21T01:44:27.287+0000] {logging_mixin.py:188} INFO - [2026-03-21T01:44:27.286+0000] {dagbag.py:538} INFO - Filling up the DagBag from /opt/airflow/dags/crawl_crypto_prices.py
[2026-03-21T01:44:27.297+0000] {processor.py:840} INFO - DAG(s) 'crawl_crypto_prices' retrieved from /opt/airflow/dags/crawl_crypto_prices.py
[2026-03-21T01:44:27.316+0000] {logging_mixin.py:188} INFO - [2026-03-21T01:44:27.316+0000] {dag.py:3036} INFO - Sync 1 DAGs
[2026-03-21T01:44:27.326+0000] {logging_mixin.py:188} INFO - [2026-03-21T01:44:27.325+0000] {dag.py:3823} INFO - Setting next_dagrun for crawl_crypto_prices to 2026-03-21 01:00:00+00:00, run_after=2026-03-21 02:00:00+00:00
[2026-03-21T01:44:27.331+0000] {processor.py:183} INFO - Processing /opt/airflow/dags/crawl_crypto_prices.py took 0.050 seconds
[2026-03-21T01:44:57.580+0000] {processor.py:161} INFO - Started process (PID=5403) to work on /opt/airflow/dags/crawl_crypto_prices.py
[2026-03-21T01:44:57.580+0000] {processor.py:830} INFO - Processing file /opt/airflow/dags/crawl_crypto_prices.py for tasks to queue
[2026-03-21T01:44:57.580+0000] {logging_mixin.py:188} INFO - [2026-03-21T01:44:57.580+0000] {dagbag.py:538} INFO - Filling up the DagBag from /opt/airflow/dags/crawl_crypto_prices.py
[2026-03-21T01:44:57.585+0000] {processor.py:840} INFO - DAG(s) 'crawl_crypto_prices' retrieved from /opt/airflow/dags/crawl_crypto_prices.py
[2026-03-21T01:44:57.596+0000] {logging_mixin.py:188} INFO - [2026-03-21T01:44:57.596+0000] {dag.py:3036} INFO - Sync 1 DAGs
[2026-03-21T01:44:57.603+0000] {logging_mixin.py:188} INFO - [2026-03-21T01:44:57.603+0000] {dag.py:3823} INFO - Setting next_dagrun for crawl_crypto_prices to 2026-03-21 01:00:00+00:00, run_after=2026-03-21 02:00:00+00:00
[2026-03-21T01:44:57.609+0000] {processor.py:183} INFO - Processing /opt/airflow/dags/crawl_crypto_prices.py took 0.031 seconds
[2026-03-21T01:45:27.893+0000] {processor.py:161} INFO - Started process (PID=5408) to work on /opt/airflow/dags/crawl_crypto_prices.py
[2026-03-21T01:45:27.894+0000] {processor.py:830} INFO - Processing file /opt/airflow/dags/crawl_crypto_prices.py for tasks to queue
[2026-03-21T01:45:27.895+0000] {logging_mixin.py:188} INFO - [2026-03-21T01:45:27.895+0000] {dagbag.py:538} INFO - Filling up the DagBag from /opt/airflow/dags/crawl_crypto_prices.py
[2026-03-21T01:45:27.905+0000] {processor.py:840} INFO - DAG(s) 'crawl_crypto_prices' retrieved from /opt/airflow/dags/crawl_crypto_prices.py
[2026-03-21T01:45:27.924+0000] {logging_mixin.py:188} INFO - [2026-03-21T01:45:27.924+0000] {dag.py:3036} INFO - Sync 1 DAGs
[2026-03-21T01:45:27.934+0000] {logging_mixin.py:188} INFO - [2026-03-21T01:45:27.934+0000] {dag.py:3823} INFO - Setting next_dagrun for crawl_crypto_prices to 2026-03-21 01:00:00+00:00, run_after=2026-03-21 02:00:00+00:00
[2026-03-21T01:45:27.941+0000] {processor.py:183} INFO - Processing /opt/airflow/dags/crawl_crypto_prices.py took 0.050 seconds
[2026-03-21T01:45:58.234+0000] {processor.py:161} INFO - Started process (PID=5413) to work on /opt/airflow/dags/crawl_crypto_prices.py
[2026-03-21T01:45:58.235+0000] {processor.py:830} INFO - Processing file /opt/airflow/dags/crawl_crypto_prices.py for tasks to queue
[2026-03-21T01:45:58.236+0000] {logging_mixin.py:188} INFO - [2026-03-21T01:45:58.236+0000] {dagbag.py:538} INFO - Filling up the DagBag from /opt/airflow/dags/crawl_crypto_prices.py
[2026-03-21T01:45:58.247+0000] {processor.py:840} INFO - DAG(s) 'crawl_crypto_prices' retrieved from /opt/airflow/dags/crawl_crypto_prices.py
[2026-03-21T01:45:58.265+0000] {logging_mixin.py:188} INFO - [2026-03-21T01:45:58.265+0000] {dag.py:3036} INFO - Sync 1 DAGs
[2026-03-21T01:45:58.275+0000] {logging_mixin.py:188} INFO - [2026-03-21T01:45:58.275+0000] {dag.py:3823} INFO - Setting next_dagrun for crawl_crypto_prices to 2026-03-21 01:00:00+00:00, run_after=2026-03-21 02:00:00+00:00
[2026-03-21T01:45:58.282+0000] {processor.py:183} INFO - Processing /opt/airflow/dags/crawl_crypto_prices.py took 0.051 seconds
[2026-03-21T01:46:28.544+0000] {processor.py:161} INFO - Started process (PID=5418) to work on /opt/airflow/dags/crawl_crypto_prices.py
[2026-03-21T01:46:28.545+0000] {processor.py:830} INFO - Processing file /opt/airflow/dags/crawl_crypto_prices.py for tasks to queue
[2026-03-21T01:46:28.545+0000] {logging_mixin.py:188} INFO - [2026-03-21T01:46:28.545+0000] {dagbag.py:538} INFO - Filling up the DagBag from /opt/airflow/dags/crawl_crypto_prices.py
[2026-03-21T01:46:28.555+0000] {processor.py:840} INFO - DAG(s) 'crawl_crypto_prices' retrieved from /opt/airflow/dags/crawl_crypto_prices.py
[2026-03-21T01:46:28.572+0000] {logging_mixin.py:188} INFO - [2026-03-21T01:46:28.572+0000] {dag.py:3036} INFO - Sync 1 DAGs
[2026-03-21T01:46:28.581+0000] {logging_mixin.py:188} INFO - [2026-03-21T01:46:28.581+0000] {dag.py:3823} INFO - Setting next_dagrun for crawl_crypto_prices to 2026-03-21 01:00:00+00:00, run_after=2026-03-21 02:00:00+00:00
[2026-03-21T01:46:28.587+0000] {processor.py:183} INFO - Processing /opt/airflow/dags/crawl_crypto_prices.py took 0.046 seconds
[2026-03-21T01:46:58.847+0000] {processor.py:161} INFO - Started process (PID=5423) to work on /opt/airflow/dags/crawl_crypto_prices.py
[2026-03-21T01:46:58.847+0000] {processor.py:830} INFO - Processing file /opt/airflow/dags/crawl_crypto_prices.py for tasks to queue
[2026-03-21T01:46:58.848+0000] {logging_mixin.py:188} INFO - [2026-03-21T01:46:58.848+0000] {dagbag.py:538} INFO - Filling up the DagBag from /opt/airflow/dags/crawl_crypto_prices.py
[2026-03-21T01:46:58.853+0000] {processor.py:840} INFO - DAG(s) 'crawl_crypto_prices' retrieved from /opt/airflow/dags/crawl_crypto_prices.py
[2026-03-21T01:46:58.868+0000] {logging_mixin.py:188} INFO - [2026-03-21T01:46:58.868+0000] {dag.py:3036} INFO - Sync 1 DAGs
[2026-03-21T01:46:58.880+0000] {logging_mixin.py:188} INFO - [2026-03-21T01:46:58.880+0000] {dag.py:3823} INFO - Setting next_dagrun for crawl_crypto_prices to 2026-03-21 01:00:00+00:00, run_after=2026-03-21 02:00:00+00:00
[2026-03-21T01:46:58.887+0000] {processor.py:183} INFO - Processing /opt/airflow/dags/crawl_crypto_prices.py took 0.043 seconds
[2026-03-21T01:47:29.174+0000] {processor.py:161} INFO - Started process (PID=5428) to work on /opt/airflow/dags/crawl_crypto_prices.py
[2026-03-21T01:47:29.175+0000] {processor.py:830} INFO - Processing file /opt/airflow/dags/crawl_crypto_prices.py for tasks to queue
[2026-03-21T01:47:29.176+0000] {logging_mixin.py:188} INFO - [2026-03-21T01:47:29.175+0000] {dagbag.py:538} INFO - Filling up the DagBag from /opt/airflow/dags/crawl_crypto_prices.py
[2026-03-21T01:47:29.185+0000] {processor.py:840} INFO - DAG(s) 'crawl_crypto_prices' retrieved from /opt/airflow/dags/crawl_crypto_prices.py
[2026-03-21T01:47:29.204+0000] {logging_mixin.py:188} INFO - [2026-03-21T01:47:29.204+0000] {dag.py:3036} INFO - Sync 1 DAGs
[2026-03-21T01:47:29.215+0000] {logging_mixin.py:188} INFO - [2026-03-21T01:47:29.215+0000] {dag.py:3823} INFO - Setting next_dagrun for crawl_crypto_prices to 2026-03-21 01:00:00+00:00, run_after=2026-03-21 02:00:00+00:00
[2026-03-21T01:47:29.222+0000] {processor.py:183} INFO - Processing /opt/airflow/dags/crawl_crypto_prices.py took 0.051 seconds
[2026-03-21T01:47:59.487+0000] {processor.py:161} INFO - Started process (PID=5433) to work on /opt/airflow/dags/crawl_crypto_prices.py
[2026-03-21T01:47:59.488+0000] {processor.py:830} INFO - Processing file /opt/airflow/dags/crawl_crypto_prices.py for tasks to queue
[2026-03-21T01:47:59.488+0000] {logging_mixin.py:188} INFO - [2026-03-21T01:47:59.488+0000] {dagbag.py:538} INFO - Filling up the DagBag from /opt/airflow/dags/crawl_crypto_prices.py
[2026-03-21T01:47:59.499+0000] {processor.py:840} INFO - DAG(s) 'crawl_crypto_prices' retrieved from /opt/airflow/dags/crawl_crypto_prices.py
[2026-03-21T01:47:59.517+0000] {logging_mixin.py:188} INFO - [2026-03-21T01:47:59.517+0000] {dag.py:3036} INFO - Sync 1 DAGs
[2026-03-21T01:47:59.527+0000] {logging_mixin.py:188} INFO - [2026-03-21T01:47:59.527+0000] {dag.py:3823} INFO - Setting next_dagrun for crawl_crypto_prices to 2026-03-21 01:00:00+00:00, run_after=2026-03-21 02:00:00+00:00
[2026-03-21T01:47:59.534+0000] {processor.py:183} INFO - Processing /opt/airflow/dags/crawl_crypto_prices.py took 0.050 seconds
[2026-03-21T01:48:29.822+0000] {processor.py:161} INFO - Started process (PID=5438) to work on /opt/airflow/dags/crawl_crypto_prices.py
[2026-03-21T01:48:29.823+0000] {processor.py:830} INFO - Processing file /opt/airflow/dags/crawl_crypto_prices.py for tasks to queue
[2026-03-21T01:48:29.824+0000] {logging_mixin.py:188} INFO - [2026-03-21T01:48:29.824+0000] {dagbag.py:538} INFO - Filling up the DagBag from /opt/airflow/dags/crawl_crypto_prices.py
[2026-03-21T01:48:29.834+0000] {processor.py:840} INFO - DAG(s) 'crawl_crypto_prices' retrieved from /opt/airflow/dags/crawl_crypto_prices.py
[2026-03-21T01:48:29.852+0000] {logging_mixin.py:188} INFO - [2026-03-21T01:48:29.852+0000] {dag.py:3036} INFO - Sync 1 DAGs
[2026-03-21T01:48:29.861+0000] {logging_mixin.py:188} INFO - [2026-03-21T01:48:29.861+0000] {dag.py:3823} INFO - Setting next_dagrun for crawl_crypto_prices to 2026-03-21 01:00:00+00:00, run_after=2026-03-21 02:00:00+00:00
[2026-03-21T01:48:29.868+0000] {processor.py:183} INFO - Processing /opt/airflow/dags/crawl_crypto_prices.py took 0.049 seconds
[2026-03-21T01:50:03.733+0000] {processor.py:161} INFO - Started process (PID=5445) to work on /opt/airflow/dags/crawl_crypto_prices.py
[2026-03-21T01:50:03.734+0000] {processor.py:830} INFO - Processing file /opt/airflow/dags/crawl_crypto_prices.py for tasks to queue
[2026-03-21T01:50:03.735+0000] {logging_mixin.py:188} INFO - [2026-03-21T01:50:03.734+0000] {dagbag.py:538} INFO - Filling up the DagBag from /opt/airflow/dags/crawl_crypto_prices.py
[2026-03-21T01:50:03.746+0000] {processor.py:840} INFO - DAG(s) 'crawl_crypto_prices' retrieved from /opt/airflow/dags/crawl_crypto_prices.py
[2026-03-21T01:50:03.761+0000] {logging_mixin.py:188} INFO - [2026-03-21T01:50:03.761+0000] {dag.py:3036} INFO - Sync 1 DAGs
[2026-03-21T01:50:03.770+0000] {logging_mixin.py:188} INFO - [2026-03-21T01:50:03.770+0000] {dag.py:3823} INFO - Setting next_dagrun for crawl_crypto_prices to 2026-03-21 01:00:00+00:00, run_after=2026-03-21 02:00:00+00:00
[2026-03-21T01:50:03.776+0000] {processor.py:183} INFO - Processing /opt/airflow/dags/crawl_crypto_prices.py took 0.046 seconds
[2026-03-21T01:50:51.998+0000] {processor.py:161} INFO - Started process (PID=5450) to work on /opt/airflow/dags/crawl_crypto_prices.py
[2026-03-21T01:50:51.999+0000] {processor.py:830} INFO - Processing file /opt/airflow/dags/crawl_crypto_prices.py for tasks to queue
[2026-03-21T01:50:52.000+0000] {logging_mixin.py:188} INFO - [2026-03-21T01:50:51.999+0000] {dagbag.py:538} INFO - Filling up the DagBag from /opt/airflow/dags/crawl_crypto_prices.py
[2026-03-21T01:50:52.011+0000] {processor.py:840} INFO - DAG(s) 'crawl_crypto_prices' retrieved from /opt/airflow/dags/crawl_crypto_prices.py
[2026-03-21T01:50:52.030+0000] {logging_mixin.py:188} INFO - [2026-03-21T01:50:52.030+0000] {dag.py:3036} INFO - Sync 1 DAGs
[2026-03-21T01:50:52.042+0000] {logging_mixin.py:188} INFO - [2026-03-21T01:50:52.042+0000] {dag.py:3823} INFO - Setting next_dagrun for crawl_crypto_prices to 2026-03-21 01:00:00+00:00, run_after=2026-03-21 02:00:00+00:00
[2026-03-21T01:50:52.048+0000] {processor.py:183} INFO - Processing /opt/airflow/dags/crawl_crypto_prices.py took 0.054 seconds
[2026-03-21T02:02:29.006+0000] {processor.py:161} INFO - Started process (PID=5457) to work on /opt/airflow/dags/crawl_crypto_prices.py
[2026-03-21T02:02:29.007+0000] {processor.py:830} INFO - Processing file /opt/airflow/dags/crawl_crypto_prices.py for tasks to queue
[2026-03-21T02:02:29.007+0000] {logging_mixin.py:188} INFO - [2026-03-21T02:02:29.007+0000] {dagbag.py:538} INFO - Filling up the DagBag from /opt/airflow/dags/crawl_crypto_prices.py
[2026-03-21T02:02:29.011+0000] {processor.py:840} INFO - DAG(s) 'crawl_crypto_prices' retrieved from /opt/airflow/dags/crawl_crypto_prices.py
[2026-03-21T02:02:29.022+0000] {logging_mixin.py:188} INFO - [2026-03-21T02:02:29.022+0000] {dag.py:3036} INFO - Sync 1 DAGs
[2026-03-21T02:02:29.031+0000] {logging_mixin.py:188} INFO - [2026-03-21T02:02:29.031+0000] {dag.py:3823} INFO - Setting next_dagrun for crawl_crypto_prices to 2026-03-21 02:00:00+00:00, run_after=2026-03-21 03:00:00+00:00
[2026-03-21T02:02:29.036+0000] {processor.py:183} INFO - Processing /opt/airflow/dags/crawl_crypto_prices.py took 0.031 seconds
[2026-03-21T02:06:47.567+0000] {processor.py:161} INFO - Started process (PID=5464) to work on /opt/airflow/dags/crawl_crypto_prices.py
[2026-03-21T02:06:47.568+0000] {processor.py:830} INFO - Processing file /opt/airflow/dags/crawl_crypto_prices.py for tasks to queue
[2026-03-21T02:06:47.568+0000] {logging_mixin.py:188} INFO - [2026-03-21T02:06:47.568+0000] {dagbag.py:538} INFO - Filling up the DagBag from /opt/airflow/dags/crawl_crypto_prices.py
[2026-03-21T02:06:47.581+0000] {processor.py:840} INFO - DAG(s) 'crawl_crypto_prices' retrieved from /opt/airflow/dags/crawl_crypto_prices.py
[2026-03-21T02:06:47.609+0000] {logging_mixin.py:188} INFO - [2026-03-21T02:06:47.609+0000] {dag.py:3036} INFO - Sync 1 DAGs
[2026-03-21T02:06:47.632+0000] {logging_mixin.py:188} INFO - [2026-03-21T02:06:47.632+0000] {dag.py:3823} INFO - Setting next_dagrun for crawl_crypto_prices to 2026-03-21 02:00:00+00:00, run_after=2026-03-21 03:00:00+00:00
[2026-03-21T02:06:47.648+0000] {processor.py:183} INFO - Processing /opt/airflow/dags/crawl_crypto_prices.py took 0.085 seconds
[2026-03-21T02:07:17.872+0000] {processor.py:161} INFO - Started process (PID=5469) to work on /opt/airflow/dags/crawl_crypto_prices.py
[2026-03-21T02:07:17.874+0000] {processor.py:830} INFO - Processing file /opt/airflow/dags/crawl_crypto_prices.py for tasks to queue
[2026-03-21T02:07:17.875+0000] {logging_mixin.py:188} INFO - [2026-03-21T02:07:17.874+0000] {dagbag.py:538} INFO - Filling up the DagBag from /opt/airflow/dags/crawl_crypto_prices.py
[2026-03-21T02:07:17.888+0000] {processor.py:840} INFO - DAG(s) 'crawl_crypto_prices' retrieved from /opt/airflow/dags/crawl_crypto_prices.py
[2026-03-21T02:07:17.910+0000] {logging_mixin.py:188} INFO - [2026-03-21T02:07:17.910+0000] {dag.py:3036} INFO - Sync 1 DAGs
[2026-03-21T02:07:17.923+0000] {logging_mixin.py:188} INFO - [2026-03-21T02:07:17.923+0000] {dag.py:3823} INFO - Setting next_dagrun for crawl_crypto_prices to 2026-03-21 02:00:00+00:00, run_after=2026-03-21 03:00:00+00:00
[2026-03-21T02:07:17.930+0000] {processor.py:183} INFO - Processing /opt/airflow/dags/crawl_crypto_prices.py took 0.061 seconds
[2026-03-21T02:07:48.170+0000] {processor.py:161} INFO - Started process (PID=5474) to work on /opt/airflow/dags/crawl_crypto_prices.py
[2026-03-21T02:07:48.171+0000] {processor.py:830} INFO - Processing file /opt/airflow/dags/crawl_crypto_prices.py for tasks to queue
[2026-03-21T02:07:48.172+0000] {logging_mixin.py:188} INFO - [2026-03-21T02:07:48.172+0000] {dagbag.py:538} INFO - Filling up the DagBag from /opt/airflow/dags/crawl_crypto_prices.py
[2026-03-21T02:07:48.180+0000] {processor.py:840} INFO - DAG(s) 'crawl_crypto_prices' retrieved from /opt/airflow/dags/crawl_crypto_prices.py
[2026-03-21T02:07:48.197+0000] {logging_mixin.py:188} INFO - [2026-03-21T02:07:48.196+0000] {dag.py:3036} INFO - Sync 1 DAGs
[2026-03-21T02:07:48.216+0000] {logging_mixin.py:188} INFO - [2026-03-21T02:07:48.216+0000] {dag.py:3823} INFO - Setting next_dagrun for crawl_crypto_prices to 2026-03-21 02:00:00+00:00, run_after=2026-03-21 03:00:00+00:00
[2026-03-21T02:07:48.225+0000] {processor.py:183} INFO - Processing /opt/airflow/dags/crawl_crypto_prices.py took 0.058 seconds
[2026-03-21T02:08:18.445+0000] {processor.py:161} INFO - Started process (PID=5479) to work on /opt/airflow/dags/crawl_crypto_prices.py
[2026-03-21T02:08:18.446+0000] {processor.py:830} INFO - Processing file /opt/airflow/dags/crawl_crypto_prices.py for tasks to queue
[2026-03-21T02:08:18.447+0000] {logging_mixin.py:188} INFO - [2026-03-21T02:08:18.447+0000] {dagbag.py:538} INFO - Filling up the DagBag from /opt/airflow/dags/crawl_crypto_prices.py
[2026-03-21T02:08:18.458+0000] {processor.py:840} INFO - DAG(s) 'crawl_crypto_prices' retrieved from /opt/airflow/dags/crawl_crypto_prices.py
[2026-03-21T02:08:18.477+0000] {logging_mixin.py:188} INFO - [2026-03-21T02:08:18.476+0000] {dag.py:3036} INFO - Sync 1 DAGs
[2026-03-21T02:08:18.487+0000] {logging_mixin.py:188} INFO - [2026-03-21T02:08:18.487+0000] {dag.py:3823} INFO - Setting next_dagrun for crawl_crypto_prices to 2026-03-21 02:00:00+00:00, run_after=2026-03-21 03:00:00+00:00
[2026-03-21T02:08:18.494+0000] {processor.py:183} INFO - Processing /opt/airflow/dags/crawl_crypto_prices.py took 0.053 seconds
[2026-03-21T02:08:48.717+0000] {processor.py:161} INFO - Started process (PID=5484) to work on /opt/airflow/dags/crawl_crypto_prices.py
[2026-03-21T02:08:48.720+0000] {processor.py:830} INFO - Processing file /opt/airflow/dags/crawl_crypto_prices.py for tasks to queue
[2026-03-21T02:08:48.720+0000] {logging_mixin.py:188} INFO - [2026-03-21T02:08:48.720+0000] {dagbag.py:538} INFO - Filling up the DagBag from /opt/airflow/dags/crawl_crypto_prices.py
[2026-03-21T02:08:48.730+0000] {processor.py:840} INFO - DAG(s) 'crawl_crypto_prices' retrieved from /opt/airflow/dags/crawl_crypto_prices.py
[2026-03-21T02:08:48.748+0000] {logging_mixin.py:188} INFO - [2026-03-21T02:08:48.748+0000] {dag.py:3036} INFO - Sync 1 DAGs
[2026-03-21T02:08:48.758+0000] {logging_mixin.py:188} INFO - [2026-03-21T02:08:48.758+0000] {dag.py:3823} INFO - Setting next_dagrun for crawl_crypto_prices to 2026-03-21 02:00:00+00:00, run_after=2026-03-21 03:00:00+00:00
[2026-03-21T02:08:48.764+0000] {processor.py:183} INFO - Processing /opt/airflow/dags/crawl_crypto_prices.py took 0.051 seconds
[2026-03-21T02:09:19.018+0000] {processor.py:161} INFO - Started process (PID=5489) to work on /opt/airflow/dags/crawl_crypto_prices.py
[2026-03-21T02:09:19.019+0000] {processor.py:830} INFO - Processing file /opt/airflow/dags/crawl_crypto_prices.py for tasks to queue
[2026-03-21T02:09:19.020+0000] {logging_mixin.py:188} INFO - [2026-03-21T02:09:19.019+0000] {dagbag.py:538} INFO - Filling up the DagBag from /opt/airflow/dags/crawl_crypto_prices.py
[2026-03-21T02:09:19.030+0000] {processor.py:840} INFO - DAG(s) 'crawl_crypto_prices' retrieved from /opt/airflow/dags/crawl_crypto_prices.py
[2026-03-21T02:09:19.048+0000] {logging_mixin.py:188} INFO - [2026-03-21T02:09:19.048+0000] {dag.py:3036} INFO - Sync 1 DAGs
[2026-03-21T02:09:19.057+0000] {logging_mixin.py:188} INFO - [2026-03-21T02:09:19.057+0000] {dag.py:3823} INFO - Setting next_dagrun for crawl_crypto_prices to 2026-03-21 02:00:00+00:00, run_after=2026-03-21 03:00:00+00:00
[2026-03-21T02:09:19.064+0000] {processor.py:183} INFO - Processing /opt/airflow/dags/crawl_crypto_prices.py took 0.050 seconds
[2026-03-21T02:09:49.366+0000] {processor.py:161} INFO - Started process (PID=5494) to work on /opt/airflow/dags/crawl_crypto_prices.py
[2026-03-21T02:09:49.367+0000] {processor.py:830} INFO - Processing file /opt/airflow/dags/crawl_crypto_prices.py for tasks to queue
[2026-03-21T02:09:49.367+0000] {logging_mixin.py:188} INFO - [2026-03-21T02:09:49.367+0000] {dagbag.py:538} INFO - Filling up the DagBag from /opt/airflow/dags/crawl_crypto_prices.py
[2026-03-21T02:09:49.378+0000] {processor.py:840} INFO - DAG(s) 'crawl_crypto_prices' retrieved from /opt/airflow/dags/crawl_crypto_prices.py
[2026-03-21T02:09:49.395+0000] {logging_mixin.py:188} INFO - [2026-03-21T02:09:49.395+0000] {dag.py:3036} INFO - Sync 1 DAGs
[2026-03-21T02:09:49.404+0000] {logging_mixin.py:188} INFO - [2026-03-21T02:09:49.404+0000] {dag.py:3823} INFO - Setting next_dagrun for crawl_crypto_prices to 2026-03-21 02:00:00+00:00, run_after=2026-03-21 03:00:00+00:00
[2026-03-21T02:09:49.411+0000] {processor.py:183} INFO - Processing /opt/airflow/dags/crawl_crypto_prices.py took 0.048 seconds
[2026-03-21T02:10:19.681+0000] {processor.py:161} INFO - Started process (PID=5499) to work on /opt/airflow/dags/crawl_crypto_prices.py
[2026-03-21T02:10:19.682+0000] {processor.py:830} INFO - Processing file /opt/airflow/dags/crawl_crypto_prices.py for tasks to queue
[2026-03-21T02:10:19.683+0000] {logging_mixin.py:188} INFO - [2026-03-21T02:10:19.682+0000] {dagbag.py:538} INFO - Filling up the DagBag from /opt/airflow/dags/crawl_crypto_prices.py
[2026-03-21T02:10:19.693+0000] {processor.py:840} INFO - DAG(s) 'crawl_crypto_prices' retrieved from /opt/airflow/dags/crawl_crypto_prices.py
[2026-03-21T02:10:19.711+0000] {logging_mixin.py:188} INFO - [2026-03-21T02:10:19.711+0000] {dag.py:3036} INFO - Sync 1 DAGs
[2026-03-21T02:10:19.721+0000] {logging_mixin.py:188} INFO - [2026-03-21T02:10:19.721+0000] {dag.py:3823} INFO - Setting next_dagrun for crawl_crypto_prices to 2026-03-21 02:00:00+00:00, run_after=2026-03-21 03:00:00+00:00
[2026-03-21T02:10:19.728+0000] {processor.py:183} INFO - Processing /opt/airflow/dags/crawl_crypto_prices.py took 0.051 seconds
[2026-03-21T02:11:03.212+0000] {processor.py:161} INFO - Started process (PID=5504) to work on /opt/airflow/dags/crawl_crypto_prices.py
[2026-03-21T02:11:03.213+0000] {processor.py:830} INFO - Processing file /opt/airflow/dags/crawl_crypto_prices.py for tasks to queue
[2026-03-21T02:11:03.214+0000] {logging_mixin.py:188} INFO - [2026-03-21T02:11:03.213+0000] {dagbag.py:538} INFO - Filling up the DagBag from /opt/airflow/dags/crawl_crypto_prices.py
[2026-03-21T02:11:03.227+0000] {processor.py:840} INFO - DAG(s) 'crawl_crypto_prices' retrieved from /opt/airflow/dags/crawl_crypto_prices.py
[2026-03-21T02:11:03.250+0000] {logging_mixin.py:188} INFO - [2026-03-21T02:11:03.250+0000] {dag.py:3036} INFO - Sync 1 DAGs
[2026-03-21T02:11:03.262+0000] {logging_mixin.py:188} INFO - [2026-03-21T02:11:03.262+0000] {dag.py:3823} INFO - Setting next_dagrun for crawl_crypto_prices to 2026-03-21 02:00:00+00:00, run_after=2026-03-21 03:00:00+00:00
[2026-03-21T02:11:03.268+0000] {processor.py:183} INFO - Processing /opt/airflow/dags/crawl_crypto_prices.py took 0.061 seconds
[2026-03-21T02:11:33.536+0000] {processor.py:161} INFO - Started process (PID=5509) to work on /opt/airflow/dags/crawl_crypto_prices.py
[2026-03-21T02:11:33.537+0000] {processor.py:830} INFO - Processing file /opt/airflow/dags/crawl_crypto_prices.py for tasks to queue
[2026-03-21T02:11:33.538+0000] {logging_mixin.py:188} INFO - [2026-03-21T02:11:33.537+0000] {dagbag.py:538} INFO - Filling up the DagBag from /opt/airflow/dags/crawl_crypto_prices.py
[2026-03-21T02:11:33.548+0000] {processor.py:840} INFO - DAG(s) 'crawl_crypto_prices' retrieved from /opt/airflow/dags/crawl_crypto_prices.py
[2026-03-21T02:11:33.568+0000] {logging_mixin.py:188} INFO - [2026-03-21T02:11:33.568+0000] {dag.py:3036} INFO - Sync 1 DAGs
[2026-03-21T02:11:33.578+0000] {logging_mixin.py:188} INFO - [2026-03-21T02:11:33.578+0000] {dag.py:3823} INFO - Setting next_dagrun for crawl_crypto_prices to 2026-03-21 02:00:00+00:00, run_after=2026-03-21 03:00:00+00:00
[2026-03-21T02:11:33.584+0000] {processor.py:183} INFO - Processing /opt/airflow/dags/crawl_crypto_prices.py took 0.052 seconds
[2026-03-21T02:12:03.849+0000] {processor.py:161} INFO - Started process (PID=5514) to work on /opt/airflow/dags/crawl_crypto_prices.py
[2026-03-21T02:12:03.850+0000] {processor.py:830} INFO - Processing file /opt/airflow/dags/crawl_crypto_prices.py for tasks to queue
[2026-03-21T02:12:03.851+0000] {logging_mixin.py:188} INFO - [2026-03-21T02:12:03.850+0000] {dagbag.py:538} INFO - Filling up the DagBag from /opt/airflow/dags/crawl_crypto_prices.py
[2026-03-21T02:12:03.861+0000] {processor.py:840} INFO - DAG(s) 'crawl_crypto_prices' retrieved from /opt/airflow/dags/crawl_crypto_prices.py
[2026-03-21T02:12:03.880+0000] {logging_mixin.py:188} INFO - [2026-03-21T02:12:03.880+0000] {dag.py:3036} INFO - Sync 1 DAGs
[2026-03-21T02:12:03.890+0000] {logging_mixin.py:188} INFO - [2026-03-21T02:12:03.890+0000] {dag.py:3823} INFO - Setting next_dagrun for crawl_crypto_prices to 2026-03-21 02:00:00+00:00, run_after=2026-03-21 03:00:00+00:00
[2026-03-21T02:12:03.898+0000] {processor.py:183} INFO - Processing /opt/airflow/dags/crawl_crypto_prices.py took 0.051 seconds
[2026-03-21T02:12:34.203+0000] {processor.py:161} INFO - Started process (PID=5519) to work on /opt/airflow/dags/crawl_crypto_prices.py
[2026-03-21T02:12:34.204+0000] {processor.py:830} INFO - Processing file /opt/airflow/dags/crawl_crypto_prices.py for tasks to queue
[2026-03-21T02:12:34.205+0000] {logging_mixin.py:188} INFO - [2026-03-21T02:12:34.205+0000] {dagbag.py:538} INFO - Filling up the DagBag from /opt/airflow/dags/crawl_crypto_prices.py
[2026-03-21T02:12:34.215+0000] {processor.py:840} INFO - DAG(s) 'crawl_crypto_prices' retrieved from /opt/airflow/dags/crawl_crypto_prices.py
[2026-03-21T02:12:34.229+0000] {logging_mixin.py:188} INFO - [2026-03-21T02:12:34.229+0000] {dag.py:3036} INFO - Sync 1 DAGs
[2026-03-21T02:12:34.240+0000] {logging_mixin.py:188} INFO - [2026-03-21T02:12:34.240+0000] {dag.py:3823} INFO - Setting next_dagrun for crawl_crypto_prices to 2026-03-21 02:00:00+00:00, run_after=2026-03-21 03:00:00+00:00
[2026-03-21T02:12:34.248+0000] {processor.py:183} INFO - Processing /opt/airflow/dags/crawl_crypto_prices.py took 0.048 seconds
[2026-03-21T02:13:04.541+0000] {processor.py:161} INFO - Started process (PID=5524) to work on /opt/airflow/dags/crawl_crypto_prices.py
[2026-03-21T02:13:04.542+0000] {processor.py:830} INFO - Processing file /opt/airflow/dags/crawl_crypto_prices.py for tasks to queue
[2026-03-21T02:13:04.543+0000] {logging_mixin.py:188} INFO - [2026-03-21T02:13:04.542+0000] {dagbag.py:538} INFO - Filling up the DagBag from /opt/airflow/dags/crawl_crypto_prices.py
[2026-03-21T02:13:04.553+0000] {processor.py:840} INFO - DAG(s) 'crawl_crypto_prices' retrieved from /opt/airflow/dags/crawl_crypto_prices.py
[2026-03-21T02:13:04.571+0000] {logging_mixin.py:188} INFO - [2026-03-21T02:13:04.571+0000] {dag.py:3036} INFO - Sync 1 DAGs
[2026-03-21T02:13:04.581+0000] {logging_mixin.py:188} INFO - [2026-03-21T02:13:04.581+0000] {dag.py:3823} INFO - Setting next_dagrun for crawl_crypto_prices to 2026-03-21 02:00:00+00:00, run_after=2026-03-21 03:00:00+00:00
[2026-03-21T02:13:04.587+0000] {processor.py:183} INFO - Processing /opt/airflow/dags/crawl_crypto_prices.py took 0.049 seconds
[2026-03-21T02:13:34.856+0000] {processor.py:161} INFO - Started process (PID=5529) to work on /opt/airflow/dags/crawl_crypto_prices.py
[2026-03-21T02:13:34.857+0000] {processor.py:830} INFO - Processing file /opt/airflow/dags/crawl_crypto_prices.py for tasks to queue
[2026-03-21T02:13:34.858+0000] {logging_mixin.py:188} INFO - [2026-03-21T02:13:34.858+0000] {dagbag.py:538} INFO - Filling up the DagBag from /opt/airflow/dags/crawl_crypto_prices.py
[2026-03-21T02:13:34.868+0000] {processor.py:840} INFO - DAG(s) 'crawl_crypto_prices' retrieved from /opt/airflow/dags/crawl_crypto_prices.py
[2026-03-21T02:13:34.888+0000] {logging_mixin.py:188} INFO - [2026-03-21T02:13:34.888+0000] {dag.py:3036} INFO - Sync 1 DAGs
[2026-03-21T02:13:34.899+0000] {logging_mixin.py:188} INFO - [2026-03-21T02:13:34.899+0000] {dag.py:3823} INFO - Setting next_dagrun for crawl_crypto_prices to 2026-03-21 02:00:00+00:00, run_after=2026-03-21 03:00:00+00:00
[2026-03-21T02:13:34.907+0000] {processor.py:183} INFO - Processing /opt/airflow/dags/crawl_crypto_prices.py took 0.054 seconds
[2026-03-21T02:14:05.181+0000] {processor.py:161} INFO - Started process (PID=5534) to work on /opt/airflow/dags/crawl_crypto_prices.py
[2026-03-21T02:14:05.182+0000] {processor.py:830} INFO - Processing file /opt/airflow/dags/crawl_crypto_prices.py for tasks to queue
[2026-03-21T02:14:05.182+0000] {logging_mixin.py:188} INFO - [2026-03-21T02:14:05.182+0000] {dagbag.py:538} INFO - Filling up the DagBag from /opt/airflow/dags/crawl_crypto_prices.py
[2026-03-21T02:14:05.194+0000] {processor.py:840} INFO - DAG(s) 'crawl_crypto_prices' retrieved from /opt/airflow/dags/crawl_crypto_prices.py
[2026-03-21T02:14:05.214+0000] {logging_mixin.py:188} INFO - [2026-03-21T02:14:05.214+0000] {dag.py:3036} INFO - Sync 1 DAGs
[2026-03-21T02:14:05.224+0000] {logging_mixin.py:188} INFO - [2026-03-21T02:14:05.223+0000] {dag.py:3823} INFO - Setting next_dagrun for crawl_crypto_prices to 2026-03-21 02:00:00+00:00, run_after=2026-03-21 03:00:00+00:00
[2026-03-21T02:14:05.230+0000] {processor.py:183} INFO - Processing /opt/airflow/dags/crawl_crypto_prices.py took 0.053 seconds
[2026-03-21T02:14:35.507+0000] {processor.py:161} INFO - Started process (PID=5539) to work on /opt/airflow/dags/crawl_crypto_prices.py
[2026-03-21T02:14:35.509+0000] {processor.py:830} INFO - Processing file /opt/airflow/dags/crawl_crypto_prices.py for tasks to queue
[2026-03-21T02:14:35.509+0000] {logging_mixin.py:188} INFO - [2026-03-21T02:14:35.509+0000] {dagbag.py:538} INFO - Filling up the DagBag from /opt/airflow/dags/crawl_crypto_prices.py
[2026-03-21T02:14:35.520+0000] {processor.py:840} INFO - DAG(s) 'crawl_crypto_prices' retrieved from /opt/airflow/dags/crawl_crypto_prices.py
[2026-03-21T02:14:35.535+0000] {logging_mixin.py:188} INFO - [2026-03-21T02:14:35.535+0000] {dag.py:3036} INFO - Sync 1 DAGs
[2026-03-21T02:14:35.547+0000] {logging_mixin.py:188} INFO - [2026-03-21T02:14:35.547+0000] {dag.py:3823} INFO - Setting next_dagrun for crawl_crypto_prices to 2026-03-21 02:00:00+00:00, run_after=2026-03-21 03:00:00+00:00
[2026-03-21T02:14:35.554+0000] {processor.py:183} INFO - Processing /opt/airflow/dags/crawl_crypto_prices.py took 0.050 seconds
[2026-03-21T02:15:05.756+0000] {processor.py:161} INFO - Started process (PID=5544) to work on /opt/airflow/dags/crawl_crypto_prices.py
[2026-03-21T02:15:05.756+0000] {processor.py:830} INFO - Processing file /opt/airflow/dags/crawl_crypto_prices.py for tasks to queue
[2026-03-21T02:15:05.757+0000] {logging_mixin.py:188} INFO - [2026-03-21T02:15:05.757+0000] {dagbag.py:538} INFO - Filling up the DagBag from /opt/airflow/dags/crawl_crypto_prices.py
[2026-03-21T02:15:05.764+0000] {processor.py:840} INFO - DAG(s) 'crawl_crypto_prices' retrieved from /opt/airflow/dags/crawl_crypto_prices.py
[2026-03-21T02:15:05.778+0000] {logging_mixin.py:188} INFO - [2026-03-21T02:15:05.778+0000] {dag.py:3036} INFO - Sync 1 DAGs
[2026-03-21T02:15:05.789+0000] {logging_mixin.py:188} INFO - [2026-03-21T02:15:05.789+0000] {dag.py:3823} INFO - Setting next_dagrun for crawl_crypto_prices to 2026-03-21 02:00:00+00:00, run_after=2026-03-21 03:00:00+00:00
[2026-03-21T02:15:05.796+0000] {processor.py:183} INFO - Processing /opt/airflow/dags/crawl_crypto_prices.py took 0.042 seconds
[2026-03-21T02:15:36.041+0000] {processor.py:161} INFO - Started process (PID=5549) to work on /opt/airflow/dags/crawl_crypto_prices.py
[2026-03-21T02:15:36.042+0000] {processor.py:830} INFO - Processing file /opt/airflow/dags/crawl_crypto_prices.py for tasks to queue
[2026-03-21T02:15:36.043+0000] {logging_mixin.py:188} INFO - [2026-03-21T02:15:36.042+0000] {dagbag.py:538} INFO - Filling up the DagBag from /opt/airflow/dags/crawl_crypto_prices.py
[2026-03-21T02:15:36.054+0000] {processor.py:840} INFO - DAG(s) 'crawl_crypto_prices' retrieved from /opt/airflow/dags/crawl_crypto_prices.py
[2026-03-21T02:15:36.074+0000] {logging_mixin.py:188} INFO - [2026-03-21T02:15:36.074+0000] {dag.py:3036} INFO - Sync 1 DAGs
[2026-03-21T02:15:36.085+0000] {logging_mixin.py:188} INFO - [2026-03-21T02:15:36.084+0000] {dag.py:3823} INFO - Setting next_dagrun for crawl_crypto_prices to 2026-03-21 02:00:00+00:00, run_after=2026-03-21 03:00:00+00:00
[2026-03-21T02:15:36.090+0000] {processor.py:183} INFO - Processing /opt/airflow/dags/crawl_crypto_prices.py took 0.053 seconds
[2026-03-21T02:16:06.311+0000] {processor.py:161} INFO - Started process (PID=5554) to work on /opt/airflow/dags/crawl_crypto_prices.py
[2026-03-21T02:16:06.312+0000] {processor.py:830} INFO - Processing file /opt/airflow/dags/crawl_crypto_prices.py for tasks to queue
[2026-03-21T02:16:06.312+0000] {logging_mixin.py:188} INFO - [2026-03-21T02:16:06.312+0000] {dagbag.py:538} INFO - Filling up the DagBag from /opt/airflow/dags/crawl_crypto_prices.py
[2026-03-21T02:16:06.322+0000] {processor.py:840} INFO - DAG(s) 'crawl_crypto_prices' retrieved from /opt/airflow/dags/crawl_crypto_prices.py
[2026-03-21T02:16:06.340+0000] {logging_mixin.py:188} INFO - [2026-03-21T02:16:06.340+0000] {dag.py:3036} INFO - Sync 1 DAGs
[2026-03-21T02:16:06.350+0000] {logging_mixin.py:188} INFO - [2026-03-21T02:16:06.350+0000] {dag.py:3823} INFO - Setting next_dagrun for crawl_crypto_prices to 2026-03-21 02:00:00+00:00, run_after=2026-03-21 03:00:00+00:00
[2026-03-21T02:16:06.356+0000] {processor.py:183} INFO - Processing /opt/airflow/dags/crawl_crypto_prices.py took 0.049 seconds
[2026-03-21T02:16:36.576+0000] {processor.py:161} INFO - Started process (PID=5559) to work on /opt/airflow/dags/crawl_crypto_prices.py
[2026-03-21T02:16:36.577+0000] {processor.py:830} INFO - Processing file /opt/airflow/dags/crawl_crypto_prices.py for tasks to queue
[2026-03-21T02:16:36.578+0000] {logging_mixin.py:188} INFO - [2026-03-21T02:16:36.578+0000] {dagbag.py:538} INFO - Filling up the DagBag from /opt/airflow/dags/crawl_crypto_prices.py
[2026-03-21T02:16:36.589+0000] {processor.py:840} INFO - DAG(s) 'crawl_crypto_prices' retrieved from /opt/airflow/dags/crawl_crypto_prices.py
[2026-03-21T02:16:36.605+0000] {logging_mixin.py:188} INFO - [2026-03-21T02:16:36.605+0000] {dag.py:3036} INFO - Sync 1 DAGs
[2026-03-21T02:16:36.617+0000] {logging_mixin.py:188} INFO - [2026-03-21T02:16:36.617+0000] {dag.py:3823} INFO - Setting next_dagrun for crawl_crypto_prices to 2026-03-21 02:00:00+00:00, run_after=2026-03-21 03:00:00+00:00
[2026-03-21T02:16:36.624+0000] {processor.py:183} INFO - Processing /opt/airflow/dags/crawl_crypto_prices.py took 0.053 seconds
[2026-03-21T02:17:06.853+0000] {processor.py:161} INFO - Started process (PID=5564) to work on /opt/airflow/dags/crawl_crypto_prices.py
[2026-03-21T02:17:06.854+0000] {processor.py:830} INFO - Processing file /opt/airflow/dags/crawl_crypto_prices.py for tasks to queue
[2026-03-21T02:17:06.855+0000] {logging_mixin.py:188} INFO - [2026-03-21T02:17:06.854+0000] {dagbag.py:538} INFO - Filling up the DagBag from /opt/airflow/dags/crawl_crypto_prices.py
[2026-03-21T02:17:06.867+0000] {processor.py:840} INFO - DAG(s) 'crawl_crypto_prices' retrieved from /opt/airflow/dags/crawl_crypto_prices.py
[2026-03-21T02:17:06.893+0000] {logging_mixin.py:188} INFO - [2026-03-21T02:17:06.893+0000] {dag.py:3036} INFO - Sync 1 DAGs
[2026-03-21T02:17:06.907+0000] {logging_mixin.py:188} INFO - [2026-03-21T02:17:06.907+0000] {dag.py:3823} INFO - Setting next_dagrun for crawl_crypto_prices to 2026-03-21 02:00:00+00:00, run_after=2026-03-21 03:00:00+00:00
[2026-03-21T02:17:06.914+0000] {processor.py:183} INFO - Processing /opt/airflow/dags/crawl_crypto_prices.py took 0.064 seconds
[2026-03-21T02:17:37.150+0000] {processor.py:161} INFO - Started process (PID=5569) to work on /opt/airflow/dags/crawl_crypto_prices.py
[2026-03-21T02:17:37.151+0000] {processor.py:830} INFO - Processing file /opt/airflow/dags/crawl_crypto_prices.py for tasks to queue
[2026-03-21T02:17:37.151+0000] {logging_mixin.py:188} INFO - [2026-03-21T02:17:37.151+0000] {dagbag.py:538} INFO - Filling up the DagBag from /opt/airflow/dags/crawl_crypto_prices.py
[2026-03-21T02:17:37.162+0000] {processor.py:840} INFO - DAG(s) 'crawl_crypto_prices' retrieved from /opt/airflow/dags/crawl_crypto_prices.py
[2026-03-21T02:17:37.185+0000] {logging_mixin.py:188} INFO - [2026-03-21T02:17:37.184+0000] {dag.py:3036} INFO - Sync 1 DAGs
[2026-03-21T02:17:37.195+0000] {logging_mixin.py:188} INFO - [2026-03-21T02:17:37.195+0000] {dag.py:3823} INFO - Setting next_dagrun for crawl_crypto_prices to 2026-03-21 02:00:00+00:00, run_after=2026-03-21 03:00:00+00:00
[2026-03-21T02:17:37.201+0000] {processor.py:183} INFO - Processing /opt/airflow/dags/crawl_crypto_prices.py took 0.055 seconds
[2026-03-21T02:18:07.425+0000] {processor.py:161} INFO - Started process (PID=5574) to work on /opt/airflow/dags/crawl_crypto_prices.py
[2026-03-21T02:18:07.426+0000] {processor.py:830} INFO - Processing file /opt/airflow/dags/crawl_crypto_prices.py for tasks to queue
[2026-03-21T02:18:07.427+0000] {logging_mixin.py:188} INFO - [2026-03-21T02:18:07.427+0000] {dagbag.py:538} INFO - Filling up the DagBag from /opt/airflow/dags/crawl_crypto_prices.py
[2026-03-21T02:18:07.438+0000] {processor.py:840} INFO - DAG(s) 'crawl_crypto_prices' retrieved from /opt/airflow/dags/crawl_crypto_prices.py
[2026-03-21T02:18:07.457+0000] {logging_mixin.py:188} INFO - [2026-03-21T02:18:07.456+0000] {dag.py:3036} INFO - Sync 1 DAGs
[2026-03-21T02:18:07.466+0000] {logging_mixin.py:188} INFO - [2026-03-21T02:18:07.466+0000] {dag.py:3823} INFO - Setting next_dagrun for crawl_crypto_prices to 2026-03-21 02:00:00+00:00, run_after=2026-03-21 03:00:00+00:00
[2026-03-21T02:18:07.473+0000] {processor.py:183} INFO - Processing /opt/airflow/dags/crawl_crypto_prices.py took 0.051 seconds
[2026-03-21T02:18:37.731+0000] {processor.py:161} INFO - Started process (PID=5579) to work on /opt/airflow/dags/crawl_crypto_prices.py
[2026-03-21T02:18:37.732+0000] {processor.py:830} INFO - Processing file /opt/airflow/dags/crawl_crypto_prices.py for tasks to queue
[2026-03-21T02:18:37.732+0000] {logging_mixin.py:188} INFO - [2026-03-21T02:18:37.732+0000] {dagbag.py:538} INFO - Filling up the DagBag from /opt/airflow/dags/crawl_crypto_prices.py
[2026-03-21T02:18:37.742+0000] {processor.py:840} INFO - DAG(s) 'crawl_crypto_prices' retrieved from /opt/airflow/dags/crawl_crypto_prices.py
[2026-03-21T02:18:37.761+0000] {logging_mixin.py:188} INFO - [2026-03-21T02:18:37.760+0000] {dag.py:3036} INFO - Sync 1 DAGs
[2026-03-21T02:18:37.771+0000] {logging_mixin.py:188} INFO - [2026-03-21T02:18:37.771+0000] {dag.py:3823} INFO - Setting next_dagrun for crawl_crypto_prices to 2026-03-21 02:00:00+00:00, run_after=2026-03-21 03:00:00+00:00
[2026-03-21T02:18:37.778+0000] {processor.py:183} INFO - Processing /opt/airflow/dags/crawl_crypto_prices.py took 0.050 seconds
[2026-03-21T02:19:08.041+0000] {processor.py:161} INFO - Started process (PID=5586) to work on /opt/airflow/dags/crawl_crypto_prices.py
[2026-03-21T02:19:08.042+0000] {processor.py:830} INFO - Processing file /opt/airflow/dags/crawl_crypto_prices.py for tasks to queue
[2026-03-21T02:19:08.042+0000] {logging_mixin.py:188} INFO - [2026-03-21T02:19:08.042+0000] {dagbag.py:538} INFO - Filling up the DagBag from /opt/airflow/dags/crawl_crypto_prices.py
[2026-03-21T02:19:08.053+0000] {processor.py:840} INFO - DAG(s) 'crawl_crypto_prices' retrieved from /opt/airflow/dags/crawl_crypto_prices.py
[2026-03-21T02:19:08.071+0000] {logging_mixin.py:188} INFO - [2026-03-21T02:19:08.071+0000] {dag.py:3036} INFO - Sync 1 DAGs
[2026-03-21T02:19:08.082+0000] {logging_mixin.py:188} INFO - [2026-03-21T02:19:08.082+0000] {dag.py:3823} INFO - Setting next_dagrun for crawl_crypto_prices to 2026-03-21 02:00:00+00:00, run_after=2026-03-21 03:00:00+00:00
[2026-03-21T02:19:08.089+0000] {processor.py:183} INFO - Processing /opt/airflow/dags/crawl_crypto_prices.py took 0.052 seconds
[2026-03-21T02:19:38.311+0000] {processor.py:161} INFO - Started process (PID=5591) to work on /opt/airflow/dags/crawl_crypto_prices.py
[2026-03-21T02:19:38.313+0000] {processor.py:830} INFO - Processing file /opt/airflow/dags/crawl_crypto_prices.py for tasks to queue
[2026-03-21T02:19:38.314+0000] {logging_mixin.py:188} INFO - [2026-03-21T02:19:38.314+0000] {dagbag.py:538} INFO - Filling up the DagBag from /opt/airflow/dags/crawl_crypto_prices.py
[2026-03-21T02:19:38.325+0000] {processor.py:840} INFO - DAG(s) 'crawl_crypto_prices' retrieved from /opt/airflow/dags/crawl_crypto_prices.py
[2026-03-21T02:19:38.344+0000] {logging_mixin.py:188} INFO - [2026-03-21T02:19:38.343+0000] {dag.py:3036} INFO - Sync 1 DAGs
[2026-03-21T02:19:38.362+0000] {logging_mixin.py:188} INFO - [2026-03-21T02:19:38.361+0000] {dag.py:3823} INFO - Setting next_dagrun for crawl_crypto_prices to 2026-03-21 02:00:00+00:00, run_after=2026-03-21 03:00:00+00:00
[2026-03-21T02:19:38.372+0000] {processor.py:183} INFO - Processing /opt/airflow/dags/crawl_crypto_prices.py took 0.064 seconds
[2026-03-21T02:20:08.630+0000] {processor.py:161} INFO - Started process (PID=5596) to work on /opt/airflow/dags/crawl_crypto_prices.py
[2026-03-21T02:20:08.632+0000] {processor.py:830} INFO - Processing file /opt/airflow/dags/crawl_crypto_prices.py for tasks to queue
[2026-03-21T02:20:08.632+0000] {logging_mixin.py:188} INFO - [2026-03-21T02:20:08.632+0000] {dagbag.py:538} INFO - Filling up the DagBag from /opt/airflow/dags/crawl_crypto_prices.py
[2026-03-21T02:20:08.643+0000] {processor.py:840} INFO - DAG(s) 'crawl_crypto_prices' retrieved from /opt/airflow/dags/crawl_crypto_prices.py
[2026-03-21T02:20:08.661+0000] {logging_mixin.py:188} INFO - [2026-03-21T02:20:08.661+0000] {dag.py:3036} INFO - Sync 1 DAGs
[2026-03-21T02:20:08.671+0000] {logging_mixin.py:188} INFO - [2026-03-21T02:20:08.671+0000] {dag.py:3823} INFO - Setting next_dagrun for crawl_crypto_prices to 2026-03-21 02:00:00+00:00, run_after=2026-03-21 03:00:00+00:00
[2026-03-21T02:20:08.677+0000] {processor.py:183} INFO - Processing /opt/airflow/dags/crawl_crypto_prices.py took 0.050 seconds
[2026-03-21T02:20:38.961+0000] {processor.py:161} INFO - Started process (PID=5601) to work on /opt/airflow/dags/crawl_crypto_prices.py
[2026-03-21T02:20:38.962+0000] {processor.py:830} INFO - Processing file /opt/airflow/dags/crawl_crypto_prices.py for tasks to queue
[2026-03-21T02:20:38.963+0000] {logging_mixin.py:188} INFO - [2026-03-21T02:20:38.962+0000] {dagbag.py:538} INFO - Filling up the DagBag from /opt/airflow/dags/crawl_crypto_prices.py
[2026-03-21T02:20:38.973+0000] {processor.py:840} INFO - DAG(s) 'crawl_crypto_prices' retrieved from /opt/airflow/dags/crawl_crypto_prices.py
[2026-03-21T02:20:38.992+0000] {logging_mixin.py:188} INFO - [2026-03-21T02:20:38.992+0000] {dag.py:3036} INFO - Sync 1 DAGs
[2026-03-21T02:20:39.002+0000] {logging_mixin.py:188} INFO - [2026-03-21T02:20:39.001+0000] {dag.py:3823} INFO - Setting next_dagrun for crawl_crypto_prices to 2026-03-21 02:00:00+00:00, run_after=2026-03-21 03:00:00+00:00
[2026-03-21T02:20:39.008+0000] {processor.py:183} INFO - Processing /opt/airflow/dags/crawl_crypto_prices.py took 0.050 seconds
[2026-03-21T02:21:09.306+0000] {processor.py:161} INFO - Started process (PID=5606) to work on /opt/airflow/dags/crawl_crypto_prices.py
[2026-03-21T02:21:09.307+0000] {processor.py:830} INFO - Processing file /opt/airflow/dags/crawl_crypto_prices.py for tasks to queue
[2026-03-21T02:21:09.308+0000] {logging_mixin.py:188} INFO - [2026-03-21T02:21:09.308+0000] {dagbag.py:538} INFO - Filling up the DagBag from /opt/airflow/dags/crawl_crypto_prices.py
[2026-03-21T02:21:09.321+0000] {processor.py:840} INFO - DAG(s) 'crawl_crypto_prices' retrieved from /opt/airflow/dags/crawl_crypto_prices.py
[2026-03-21T02:21:09.342+0000] {logging_mixin.py:188} INFO - [2026-03-21T02:21:09.342+0000] {dag.py:3036} INFO - Sync 1 DAGs
[2026-03-21T02:21:09.353+0000] {logging_mixin.py:188} INFO - [2026-03-21T02:21:09.353+0000] {dag.py:3823} INFO - Setting next_dagrun for crawl_crypto_prices to 2026-03-21 02:00:00+00:00, run_after=2026-03-21 03:00:00+00:00
[2026-03-21T02:21:09.359+0000] {processor.py:183} INFO - Processing /opt/airflow/dags/crawl_crypto_prices.py took 0.056 seconds
[2026-03-21T02:21:39.586+0000] {processor.py:161} INFO - Started process (PID=5611) to work on /opt/airflow/dags/crawl_crypto_prices.py
[2026-03-21T02:21:39.587+0000] {processor.py:830} INFO - Processing file /opt/airflow/dags/crawl_crypto_prices.py for tasks to queue
[2026-03-21T02:21:39.588+0000] {logging_mixin.py:188} INFO - [2026-03-21T02:21:39.588+0000] {dagbag.py:538} INFO - Filling up the DagBag from /opt/airflow/dags/crawl_crypto_prices.py
[2026-03-21T02:21:39.599+0000] {processor.py:840} INFO - DAG(s) 'crawl_crypto_prices' retrieved from /opt/airflow/dags/crawl_crypto_prices.py
[2026-03-21T02:21:39.618+0000] {logging_mixin.py:188} INFO - [2026-03-21T02:21:39.617+0000] {dag.py:3036} INFO - Sync 1 DAGs
[2026-03-21T02:21:39.628+0000] {logging_mixin.py:188} INFO - [2026-03-21T02:21:39.628+0000] {dag.py:3823} INFO - Setting next_dagrun for crawl_crypto_prices to 2026-03-21 02:00:00+00:00, run_after=2026-03-21 03:00:00+00:00
[2026-03-21T02:21:39.635+0000] {processor.py:183} INFO - Processing /opt/airflow/dags/crawl_crypto_prices.py took 0.052 seconds
[2026-03-21T02:22:09.909+0000] {processor.py:161} INFO - Started process (PID=5616) to work on /opt/airflow/dags/crawl_crypto_prices.py
[2026-03-21T02:22:09.910+0000] {processor.py:830} INFO - Processing file /opt/airflow/dags/crawl_crypto_prices.py for tasks to queue
[2026-03-21T02:22:09.911+0000] {logging_mixin.py:188} INFO - [2026-03-21T02:22:09.910+0000] {dagbag.py:538} INFO - Filling up the DagBag from /opt/airflow/dags/crawl_crypto_prices.py
[2026-03-21T02:22:09.921+0000] {processor.py:840} INFO - DAG(s) 'crawl_crypto_prices' retrieved from /opt/airflow/dags/crawl_crypto_prices.py
[2026-03-21T02:22:09.939+0000] {logging_mixin.py:188} INFO - [2026-03-21T02:22:09.939+0000] {dag.py:3036} INFO - Sync 1 DAGs
[2026-03-21T02:22:09.949+0000] {logging_mixin.py:188} INFO - [2026-03-21T02:22:09.949+0000] {dag.py:3823} INFO - Setting next_dagrun for crawl_crypto_prices to 2026-03-21 02:00:00+00:00, run_after=2026-03-21 03:00:00+00:00
[2026-03-21T02:22:09.956+0000] {processor.py:183} INFO - Processing /opt/airflow/dags/crawl_crypto_prices.py took 0.050 seconds
[2026-03-21T02:22:40.250+0000] {processor.py:161} INFO - Started process (PID=5621) to work on /opt/airflow/dags/crawl_crypto_prices.py
[2026-03-21T02:22:40.251+0000] {processor.py:830} INFO - Processing file /opt/airflow/dags/crawl_crypto_prices.py for tasks to queue
[2026-03-21T02:22:40.252+0000] {logging_mixin.py:188} INFO - [2026-03-21T02:22:40.252+0000] {dagbag.py:538} INFO - Filling up the DagBag from /opt/airflow/dags/crawl_crypto_prices.py
[2026-03-21T02:22:40.263+0000] {processor.py:840} INFO - DAG(s) 'crawl_crypto_prices' retrieved from /opt/airflow/dags/crawl_crypto_prices.py
[2026-03-21T02:22:40.281+0000] {logging_mixin.py:188} INFO - [2026-03-21T02:22:40.281+0000] {dag.py:3036} INFO - Sync 1 DAGs
[2026-03-21T02:22:40.291+0000] {logging_mixin.py:188} INFO - [2026-03-21T02:22:40.291+0000] {dag.py:3823} INFO - Setting next_dagrun for crawl_crypto_prices to 2026-03-21 02:00:00+00:00, run_after=2026-03-21 03:00:00+00:00
[2026-03-21T02:22:40.297+0000] {processor.py:183} INFO - Processing /opt/airflow/dags/crawl_crypto_prices.py took 0.050 seconds
[2026-03-21T02:23:10.589+0000] {processor.py:161} INFO - Started process (PID=5626) to work on /opt/airflow/dags/crawl_crypto_prices.py
[2026-03-21T02:23:10.590+0000] {processor.py:830} INFO - Processing file /opt/airflow/dags/crawl_crypto_prices.py for tasks to queue
[2026-03-21T02:23:10.591+0000] {logging_mixin.py:188} INFO - [2026-03-21T02:23:10.591+0000] {dagbag.py:538} INFO - Filling up the DagBag from /opt/airflow/dags/crawl_crypto_prices.py
[2026-03-21T02:23:10.601+0000] {processor.py:840} INFO - DAG(s) 'crawl_crypto_prices' retrieved from /opt/airflow/dags/crawl_crypto_prices.py
[2026-03-21T02:23:10.618+0000] {logging_mixin.py:188} INFO - [2026-03-21T02:23:10.618+0000] {dag.py:3036} INFO - Sync 1 DAGs
[2026-03-21T02:23:10.629+0000] {logging_mixin.py:188} INFO - [2026-03-21T02:23:10.629+0000] {dag.py:3823} INFO - Setting next_dagrun for crawl_crypto_prices to 2026-03-21 02:00:00+00:00, run_after=2026-03-21 03:00:00+00:00
[2026-03-21T02:23:10.637+0000] {processor.py:183} INFO - Processing /opt/airflow/dags/crawl_crypto_prices.py took 0.052 seconds
[2026-03-21T02:23:40.948+0000] {processor.py:161} INFO - Started process (PID=5631) to work on /opt/airflow/dags/crawl_crypto_prices.py
[2026-03-21T02:23:40.949+0000] {processor.py:830} INFO - Processing file /opt/airflow/dags/crawl_crypto_prices.py for tasks to queue
[2026-03-21T02:23:40.950+0000] {logging_mixin.py:188} INFO - [2026-03-21T02:23:40.950+0000] {dagbag.py:538} INFO - Filling up the DagBag from /opt/airflow/dags/crawl_crypto_prices.py
[2026-03-21T02:23:40.960+0000] {processor.py:840} INFO - DAG(s) 'crawl_crypto_prices' retrieved from /opt/airflow/dags/crawl_crypto_prices.py
[2026-03-21T02:23:40.979+0000] {logging_mixin.py:188} INFO - [2026-03-21T02:23:40.979+0000] {dag.py:3036} INFO - Sync 1 DAGs
[2026-03-21T02:23:40.989+0000] {logging_mixin.py:188} INFO - [2026-03-21T02:23:40.989+0000] {dag.py:3823} INFO - Setting next_dagrun for crawl_crypto_prices to 2026-03-21 02:00:00+00:00, run_after=2026-03-21 03:00:00+00:00
[2026-03-21T02:23:40.995+0000] {processor.py:183} INFO - Processing /opt/airflow/dags/crawl_crypto_prices.py took 0.050 seconds
[2026-03-21T02:24:11.286+0000] {processor.py:161} INFO - Started process (PID=5636) to work on /opt/airflow/dags/crawl_crypto_prices.py
[2026-03-21T02:24:11.287+0000] {processor.py:830} INFO - Processing file /opt/airflow/dags/crawl_crypto_prices.py for tasks to queue
[2026-03-21T02:24:11.287+0000] {logging_mixin.py:188} INFO - [2026-03-21T02:24:11.287+0000] {dagbag.py:538} INFO - Filling up the DagBag from /opt/airflow/dags/crawl_crypto_prices.py
[2026-03-21T02:24:11.298+0000] {processor.py:840} INFO - DAG(s) 'crawl_crypto_prices' retrieved from /opt/airflow/dags/crawl_crypto_prices.py
[2026-03-21T02:24:11.315+0000] {logging_mixin.py:188} INFO - [2026-03-21T02:24:11.315+0000] {dag.py:3036} INFO - Sync 1 DAGs
[2026-03-21T02:24:11.325+0000] {logging_mixin.py:188} INFO - [2026-03-21T02:24:11.325+0000] {dag.py:3823} INFO - Setting next_dagrun for crawl_crypto_prices to 2026-03-21 02:00:00+00:00, run_after=2026-03-21 03:00:00+00:00
[2026-03-21T02:24:11.331+0000] {processor.py:183} INFO - Processing /opt/airflow/dags/crawl_crypto_prices.py took 0.048 seconds
[2026-03-21T02:24:41.544+0000] {processor.py:161} INFO - Started process (PID=5641) to work on /opt/airflow/dags/crawl_crypto_prices.py
[2026-03-21T02:24:41.545+0000] {processor.py:830} INFO - Processing file /opt/airflow/dags/crawl_crypto_prices.py for tasks to queue
[2026-03-21T02:24:41.545+0000] {logging_mixin.py:188} INFO - [2026-03-21T02:24:41.545+0000] {dagbag.py:538} INFO - Filling up the DagBag from /opt/airflow/dags/crawl_crypto_prices.py
[2026-03-21T02:24:41.555+0000] {processor.py:840} INFO - DAG(s) 'crawl_crypto_prices' retrieved from /opt/airflow/dags/crawl_crypto_prices.py
[2026-03-21T02:24:41.569+0000] {logging_mixin.py:188} INFO - [2026-03-21T02:24:41.569+0000] {dag.py:3036} INFO - Sync 1 DAGs
[2026-03-21T02:24:41.578+0000] {logging_mixin.py:188} INFO - [2026-03-21T02:24:41.578+0000] {dag.py:3823} INFO - Setting next_dagrun for crawl_crypto_prices to 2026-03-21 02:00:00+00:00, run_after=2026-03-21 03:00:00+00:00
[2026-03-21T02:24:41.584+0000] {processor.py:183} INFO - Processing /opt/airflow/dags/crawl_crypto_prices.py took 0.044 seconds
[2026-03-21T02:25:11.838+0000] {processor.py:161} INFO - Started process (PID=5646) to work on /opt/airflow/dags/crawl_crypto_prices.py
[2026-03-21T02:25:11.839+0000] {processor.py:830} INFO - Processing file /opt/airflow/dags/crawl_crypto_prices.py for tasks to queue
[2026-03-21T02:25:11.839+0000] {logging_mixin.py:188} INFO - [2026-03-21T02:25:11.839+0000] {dagbag.py:538} INFO - Filling up the DagBag from /opt/airflow/dags/crawl_crypto_prices.py
[2026-03-21T02:25:11.850+0000] {processor.py:840} INFO - DAG(s) 'crawl_crypto_prices' retrieved from /opt/airflow/dags/crawl_crypto_prices.py
[2026-03-21T02:25:11.865+0000] {logging_mixin.py:188} INFO - [2026-03-21T02:25:11.865+0000] {dag.py:3036} INFO - Sync 1 DAGs
[2026-03-21T02:25:11.876+0000] {logging_mixin.py:188} INFO - [2026-03-21T02:25:11.876+0000] {dag.py:3823} INFO - Setting next_dagrun for crawl_crypto_prices to 2026-03-21 02:00:00+00:00, run_after=2026-03-21 03:00:00+00:00
[2026-03-21T02:25:11.883+0000] {processor.py:183} INFO - Processing /opt/airflow/dags/crawl_crypto_prices.py took 0.049 seconds
[2026-03-21T02:26:55.878+0000] {processor.py:161} INFO - Started process (PID=5653) to work on /opt/airflow/dags/crawl_crypto_prices.py
[2026-03-21T02:26:55.879+0000] {processor.py:830} INFO - Processing file /opt/airflow/dags/crawl_crypto_prices.py for tasks to queue
[2026-03-21T02:26:55.880+0000] {logging_mixin.py:188} INFO - [2026-03-21T02:26:55.880+0000] {dagbag.py:538} INFO - Filling up the DagBag from /opt/airflow/dags/crawl_crypto_prices.py
[2026-03-21T02:26:55.900+0000] {processor.py:840} INFO - DAG(s) 'crawl_crypto_prices' retrieved from /opt/airflow/dags/crawl_crypto_prices.py
[2026-03-21T02:26:55.930+0000] {logging_mixin.py:188} INFO - [2026-03-21T02:26:55.930+0000] {dag.py:3036} INFO - Sync 1 DAGs
[2026-03-21T02:26:55.945+0000] {logging_mixin.py:188} INFO - [2026-03-21T02:26:55.945+0000] {dag.py:3823} INFO - Setting next_dagrun for crawl_crypto_prices to 2026-03-21 02:00:00+00:00, run_after=2026-03-21 03:00:00+00:00
[2026-03-21T02:26:55.952+0000] {processor.py:183} INFO - Processing /opt/airflow/dags/crawl_crypto_prices.py took 0.080 seconds
[2026-03-21T02:27:26.209+0000] {processor.py:161} INFO - Started process (PID=5658) to work on /opt/airflow/dags/crawl_crypto_prices.py
[2026-03-21T02:27:26.210+0000] {processor.py:830} INFO - Processing file /opt/airflow/dags/crawl_crypto_prices.py for tasks to queue
[2026-03-21T02:27:26.211+0000] {logging_mixin.py:188} INFO - [2026-03-21T02:27:26.210+0000] {dagbag.py:538} INFO - Filling up the DagBag from /opt/airflow/dags/crawl_crypto_prices.py
[2026-03-21T02:27:26.221+0000] {processor.py:840} INFO - DAG(s) 'crawl_crypto_prices' retrieved from /opt/airflow/dags/crawl_crypto_prices.py
[2026-03-21T02:27:26.241+0000] {logging_mixin.py:188} INFO - [2026-03-21T02:27:26.241+0000] {dag.py:3036} INFO - Sync 1 DAGs
[2026-03-21T02:27:26.251+0000] {logging_mixin.py:188} INFO - [2026-03-21T02:27:26.251+0000] {dag.py:3823} INFO - Setting next_dagrun for crawl_crypto_prices to 2026-03-21 02:00:00+00:00, run_after=2026-03-21 03:00:00+00:00
[2026-03-21T02:27:26.257+0000] {processor.py:183} INFO - Processing /opt/airflow/dags/crawl_crypto_prices.py took 0.052 seconds
[2026-03-21T02:27:56.521+0000] {processor.py:161} INFO - Started process (PID=5663) to work on /opt/airflow/dags/crawl_crypto_prices.py
[2026-03-21T02:27:56.522+0000] {processor.py:830} INFO - Processing file /opt/airflow/dags/crawl_crypto_prices.py for tasks to queue
[2026-03-21T02:27:56.523+0000] {logging_mixin.py:188} INFO - [2026-03-21T02:27:56.522+0000] {dagbag.py:538} INFO - Filling up the DagBag from /opt/airflow/dags/crawl_crypto_prices.py
[2026-03-21T02:27:56.533+0000] {processor.py:840} INFO - DAG(s) 'crawl_crypto_prices' retrieved from /opt/airflow/dags/crawl_crypto_prices.py
[2026-03-21T02:27:56.553+0000] {logging_mixin.py:188} INFO - [2026-03-21T02:27:56.553+0000] {dag.py:3036} INFO - Sync 1 DAGs
[2026-03-21T02:27:56.562+0000] {logging_mixin.py:188} INFO - [2026-03-21T02:27:56.562+0000] {dag.py:3823} INFO - Setting next_dagrun for crawl_crypto_prices to 2026-03-21 02:00:00+00:00, run_after=2026-03-21 03:00:00+00:00
[2026-03-21T02:27:56.568+0000] {processor.py:183} INFO - Processing /opt/airflow/dags/crawl_crypto_prices.py took 0.051 seconds
[2026-03-21T02:28:26.822+0000] {processor.py:161} INFO - Started process (PID=5668) to work on /opt/airflow/dags/crawl_crypto_prices.py
[2026-03-21T02:28:26.823+0000] {processor.py:830} INFO - Processing file /opt/airflow/dags/crawl_crypto_prices.py for tasks to queue
[2026-03-21T02:28:26.823+0000] {logging_mixin.py:188} INFO - [2026-03-21T02:28:26.823+0000] {dagbag.py:538} INFO - Filling up the DagBag from /opt/airflow/dags/crawl_crypto_prices.py
[2026-03-21T02:28:26.834+0000] {processor.py:840} INFO - DAG(s) 'crawl_crypto_prices' retrieved from /opt/airflow/dags/crawl_crypto_prices.py
[2026-03-21T02:28:26.850+0000] {logging_mixin.py:188} INFO - [2026-03-21T02:28:26.850+0000] {dag.py:3036} INFO - Sync 1 DAGs
[2026-03-21T02:28:26.860+0000] {logging_mixin.py:188} INFO - [2026-03-21T02:28:26.860+0000] {dag.py:3823} INFO - Setting next_dagrun for crawl_crypto_prices to 2026-03-21 02:00:00+00:00, run_after=2026-03-21 03:00:00+00:00
[2026-03-21T02:28:26.866+0000] {processor.py:183} INFO - Processing /opt/airflow/dags/crawl_crypto_prices.py took 0.047 seconds
[2026-03-21T02:28:57.143+0000] {processor.py:161} INFO - Started process (PID=5673) to work on /opt/airflow/dags/crawl_crypto_prices.py
[2026-03-21T02:28:57.144+0000] {processor.py:830} INFO - Processing file /opt/airflow/dags/crawl_crypto_prices.py for tasks to queue
[2026-03-21T02:28:57.145+0000] {logging_mixin.py:188} INFO - [2026-03-21T02:28:57.145+0000] {dagbag.py:538} INFO - Filling up the DagBag from /opt/airflow/dags/crawl_crypto_prices.py
[2026-03-21T02:28:57.155+0000] {processor.py:840} INFO - DAG(s) 'crawl_crypto_prices' retrieved from /opt/airflow/dags/crawl_crypto_prices.py
[2026-03-21T02:28:57.172+0000] {logging_mixin.py:188} INFO - [2026-03-21T02:28:57.172+0000] {dag.py:3036} INFO - Sync 1 DAGs
[2026-03-21T02:28:57.182+0000] {logging_mixin.py:188} INFO - [2026-03-21T02:28:57.182+0000] {dag.py:3823} INFO - Setting next_dagrun for crawl_crypto_prices to 2026-03-21 02:00:00+00:00, run_after=2026-03-21 03:00:00+00:00
[2026-03-21T02:28:57.188+0000] {processor.py:183} INFO - Processing /opt/airflow/dags/crawl_crypto_prices.py took 0.048 seconds
[2026-03-21T02:29:27.498+0000] {processor.py:161} INFO - Started process (PID=5678) to work on /opt/airflow/dags/crawl_crypto_prices.py
[2026-03-21T02:29:27.499+0000] {processor.py:830} INFO - Processing file /opt/airflow/dags/crawl_crypto_prices.py for tasks to queue
[2026-03-21T02:29:27.500+0000] {logging_mixin.py:188} INFO - [2026-03-21T02:29:27.500+0000] {dagbag.py:538} INFO - Filling up the DagBag from /opt/airflow/dags/crawl_crypto_prices.py
[2026-03-21T02:29:27.511+0000] {processor.py:840} INFO - DAG(s) 'crawl_crypto_prices' retrieved from /opt/airflow/dags/crawl_crypto_prices.py
[2026-03-21T02:29:27.530+0000] {logging_mixin.py:188} INFO - [2026-03-21T02:29:27.530+0000] {dag.py:3036} INFO - Sync 1 DAGs
[2026-03-21T02:29:27.540+0000] {logging_mixin.py:188} INFO - [2026-03-21T02:29:27.540+0000] {dag.py:3823} INFO - Setting next_dagrun for crawl_crypto_prices to 2026-03-21 02:00:00+00:00, run_after=2026-03-21 03:00:00+00:00
[2026-03-21T02:29:27.546+0000] {processor.py:183} INFO - Processing /opt/airflow/dags/crawl_crypto_prices.py took 0.051 seconds
[2026-03-21T02:29:57.827+0000] {processor.py:161} INFO - Started process (PID=5683) to work on /opt/airflow/dags/crawl_crypto_prices.py
[2026-03-21T02:29:57.828+0000] {processor.py:830} INFO - Processing file /opt/airflow/dags/crawl_crypto_prices.py for tasks to queue
[2026-03-21T02:29:57.828+0000] {logging_mixin.py:188} INFO - [2026-03-21T02:29:57.828+0000] {dagbag.py:538} INFO - Filling up the DagBag from /opt/airflow/dags/crawl_crypto_prices.py
[2026-03-21T02:29:57.837+0000] {processor.py:840} INFO - DAG(s) 'crawl_crypto_prices' retrieved from /opt/airflow/dags/crawl_crypto_prices.py
[2026-03-21T02:29:57.852+0000] {logging_mixin.py:188} INFO - [2026-03-21T02:29:57.852+0000] {dag.py:3036} INFO - Sync 1 DAGs
[2026-03-21T02:29:57.862+0000] {logging_mixin.py:188} INFO - [2026-03-21T02:29:57.862+0000] {dag.py:3823} INFO - Setting next_dagrun for crawl_crypto_prices to 2026-03-21 02:00:00+00:00, run_after=2026-03-21 03:00:00+00:00
[2026-03-21T02:29:57.869+0000] {processor.py:183} INFO - Processing /opt/airflow/dags/crawl_crypto_prices.py took 0.044 seconds
[2026-03-21T02:30:28.178+0000] {processor.py:161} INFO - Started process (PID=5688) to work on /opt/airflow/dags/crawl_crypto_prices.py
[2026-03-21T02:30:28.179+0000] {processor.py:830} INFO - Processing file /opt/airflow/dags/crawl_crypto_prices.py for tasks to queue
[2026-03-21T02:30:28.180+0000] {logging_mixin.py:188} INFO - [2026-03-21T02:30:28.180+0000] {dagbag.py:538} INFO - Filling up the DagBag from /opt/airflow/dags/crawl_crypto_prices.py
[2026-03-21T02:30:28.190+0000] {processor.py:840} INFO - DAG(s) 'crawl_crypto_prices' retrieved from /opt/airflow/dags/crawl_crypto_prices.py
[2026-03-21T02:30:28.209+0000] {logging_mixin.py:188} INFO - [2026-03-21T02:30:28.209+0000] {dag.py:3036} INFO - Sync 1 DAGs
[2026-03-21T02:30:28.218+0000] {logging_mixin.py:188} INFO - [2026-03-21T02:30:28.218+0000] {dag.py:3823} INFO - Setting next_dagrun for crawl_crypto_prices to 2026-03-21 02:00:00+00:00, run_after=2026-03-21 03:00:00+00:00
[2026-03-21T02:30:28.224+0000] {processor.py:183} INFO - Processing /opt/airflow/dags/crawl_crypto_prices.py took 0.049 seconds
[2026-03-21T02:30:58.499+0000] {processor.py:161} INFO - Started process (PID=5693) to work on /opt/airflow/dags/crawl_crypto_prices.py
[2026-03-21T02:30:58.500+0000] {processor.py:830} INFO - Processing file /opt/airflow/dags/crawl_crypto_prices.py for tasks to queue
[2026-03-21T02:30:58.501+0000] {logging_mixin.py:188} INFO - [2026-03-21T02:30:58.501+0000] {dagbag.py:538} INFO - Filling up the DagBag from /opt/airflow/dags/crawl_crypto_prices.py
[2026-03-21T02:30:58.512+0000] {processor.py:840} INFO - DAG(s) 'crawl_crypto_prices' retrieved from /opt/airflow/dags/crawl_crypto_prices.py
[2026-03-21T02:30:58.529+0000] {logging_mixin.py:188} INFO - [2026-03-21T02:30:58.528+0000] {dag.py:3036} INFO - Sync 1 DAGs
[2026-03-21T02:30:58.538+0000] {logging_mixin.py:188} INFO - [2026-03-21T02:30:58.538+0000] {dag.py:3823} INFO - Setting next_dagrun for crawl_crypto_prices to 2026-03-21 02:00:00+00:00, run_after=2026-03-21 03:00:00+00:00
[2026-03-21T02:30:58.545+0000] {processor.py:183} INFO - Processing /opt/airflow/dags/crawl_crypto_prices.py took 0.048 seconds
[2026-03-21T02:31:28.794+0000] {processor.py:161} INFO - Started process (PID=5698) to work on /opt/airflow/dags/crawl_crypto_prices.py
[2026-03-21T02:31:28.794+0000] {processor.py:830} INFO - Processing file /opt/airflow/dags/crawl_crypto_prices.py for tasks to queue
[2026-03-21T02:31:28.795+0000] {logging_mixin.py:188} INFO - [2026-03-21T02:31:28.795+0000] {dagbag.py:538} INFO - Filling up the DagBag from /opt/airflow/dags/crawl_crypto_prices.py
[2026-03-21T02:31:28.801+0000] {processor.py:840} INFO - DAG(s) 'crawl_crypto_prices' retrieved from /opt/airflow/dags/crawl_crypto_prices.py
[2026-03-21T02:31:28.814+0000] {logging_mixin.py:188} INFO - [2026-03-21T02:31:28.814+0000] {dag.py:3036} INFO - Sync 1 DAGs
[2026-03-21T02:31:28.824+0000] {logging_mixin.py:188} INFO - [2026-03-21T02:31:28.823+0000] {dag.py:3823} INFO - Setting next_dagrun for crawl_crypto_prices to 2026-03-21 02:00:00+00:00, run_after=2026-03-21 03:00:00+00:00
[2026-03-21T02:31:28.830+0000] {processor.py:183} INFO - Processing /opt/airflow/dags/crawl_crypto_prices.py took 0.037 seconds
[2026-03-21T02:32:10.203+0000] {processor.py:161} INFO - Started process (PID=5703) to work on /opt/airflow/dags/crawl_crypto_prices.py
[2026-03-21T02:32:10.204+0000] {processor.py:830} INFO - Processing file /opt/airflow/dags/crawl_crypto_prices.py for tasks to queue
[2026-03-21T02:32:10.205+0000] {logging_mixin.py:188} INFO - [2026-03-21T02:32:10.204+0000] {dagbag.py:538} INFO - Filling up the DagBag from /opt/airflow/dags/crawl_crypto_prices.py
[2026-03-21T02:32:10.216+0000] {processor.py:840} INFO - DAG(s) 'crawl_crypto_prices' retrieved from /opt/airflow/dags/crawl_crypto_prices.py
[2026-03-21T02:32:10.235+0000] {logging_mixin.py:188} INFO - [2026-03-21T02:32:10.235+0000] {dag.py:3036} INFO - Sync 1 DAGs
[2026-03-21T02:32:10.246+0000] {logging_mixin.py:188} INFO - [2026-03-21T02:32:10.246+0000] {dag.py:3823} INFO - Setting next_dagrun for crawl_crypto_prices to 2026-03-21 02:00:00+00:00, run_after=2026-03-21 03:00:00+00:00
[2026-03-21T02:32:10.252+0000] {processor.py:183} INFO - Processing /opt/airflow/dags/crawl_crypto_prices.py took 0.052 seconds
[2026-03-21T02:49:18.737+0000] {processor.py:161} INFO - Started process (PID=5710) to work on /opt/airflow/dags/crawl_crypto_prices.py
[2026-03-21T02:49:18.737+0000] {processor.py:830} INFO - Processing file /opt/airflow/dags/crawl_crypto_prices.py for tasks to queue
[2026-03-21T02:49:18.738+0000] {logging_mixin.py:188} INFO - [2026-03-21T02:49:18.738+0000] {dagbag.py:538} INFO - Filling up the DagBag from /opt/airflow/dags/crawl_crypto_prices.py
[2026-03-21T02:49:18.748+0000] {processor.py:840} INFO - DAG(s) 'crawl_crypto_prices' retrieved from /opt/airflow/dags/crawl_crypto_prices.py
[2026-03-21T02:49:18.772+0000] {logging_mixin.py:188} INFO - [2026-03-21T02:49:18.771+0000] {dag.py:3036} INFO - Sync 1 DAGs
[2026-03-21T02:49:18.794+0000] {logging_mixin.py:188} INFO - [2026-03-21T02:49:18.794+0000] {dag.py:3823} INFO - Setting next_dagrun for crawl_crypto_prices to 2026-03-21 02:00:00+00:00, run_after=2026-03-21 03:00:00+00:00
[2026-03-21T02:49:18.810+0000] {processor.py:183} INFO - Processing /opt/airflow/dags/crawl_crypto_prices.py took 0.076 seconds
[2026-03-21T02:52:26.224+0000] {processor.py:161} INFO - Started process (PID=5715) to work on /opt/airflow/dags/crawl_crypto_prices.py
[2026-03-21T02:52:26.225+0000] {processor.py:830} INFO - Processing file /opt/airflow/dags/crawl_crypto_prices.py for tasks to queue
[2026-03-21T02:52:26.226+0000] {logging_mixin.py:188} INFO - [2026-03-21T02:52:26.226+0000] {dagbag.py:538} INFO - Filling up the DagBag from /opt/airflow/dags/crawl_crypto_prices.py
[2026-03-21T02:52:26.250+0000] {processor.py:840} INFO - DAG(s) 'crawl_crypto_prices' retrieved from /opt/airflow/dags/crawl_crypto_prices.py
[2026-03-21T02:52:26.285+0000] {logging_mixin.py:188} INFO - [2026-03-21T02:52:26.285+0000] {dag.py:3036} INFO - Sync 1 DAGs
[2026-03-21T02:52:26.308+0000] {logging_mixin.py:188} INFO - [2026-03-21T02:52:26.308+0000] {dag.py:3823} INFO - Setting next_dagrun for crawl_crypto_prices to 2026-03-21 02:00:00+00:00, run_after=2026-03-21 03:00:00+00:00
[2026-03-21T02:52:26.329+0000] {processor.py:183} INFO - Processing /opt/airflow/dags/crawl_crypto_prices.py took 0.110 seconds
[2026-03-21T02:52:56.554+0000] {processor.py:161} INFO - Started process (PID=5720) to work on /opt/airflow/dags/crawl_crypto_prices.py
[2026-03-21T02:52:56.555+0000] {processor.py:830} INFO - Processing file /opt/airflow/dags/crawl_crypto_prices.py for tasks to queue
[2026-03-21T02:52:56.555+0000] {logging_mixin.py:188} INFO - [2026-03-21T02:52:56.555+0000] {dagbag.py:538} INFO - Filling up the DagBag from /opt/airflow/dags/crawl_crypto_prices.py
[2026-03-21T02:52:56.564+0000] {processor.py:840} INFO - DAG(s) 'crawl_crypto_prices' retrieved from /opt/airflow/dags/crawl_crypto_prices.py
[2026-03-21T02:52:56.581+0000] {logging_mixin.py:188} INFO - [2026-03-21T02:52:56.581+0000] {dag.py:3036} INFO - Sync 1 DAGs
[2026-03-21T02:52:56.590+0000] {logging_mixin.py:188} INFO - [2026-03-21T02:52:56.590+0000] {dag.py:3823} INFO - Setting next_dagrun for crawl_crypto_prices to 2026-03-21 02:00:00+00:00, run_after=2026-03-21 03:00:00+00:00
[2026-03-21T02:52:56.596+0000] {processor.py:183} INFO - Processing /opt/airflow/dags/crawl_crypto_prices.py took 0.044 seconds
[2026-03-21T02:53:26.849+0000] {processor.py:161} INFO - Started process (PID=5725) to work on /opt/airflow/dags/crawl_crypto_prices.py
[2026-03-21T02:53:26.850+0000] {processor.py:830} INFO - Processing file /opt/airflow/dags/crawl_crypto_prices.py for tasks to queue
[2026-03-21T02:53:26.851+0000] {logging_mixin.py:188} INFO - [2026-03-21T02:53:26.851+0000] {dagbag.py:538} INFO - Filling up the DagBag from /opt/airflow/dags/crawl_crypto_prices.py
[2026-03-21T02:53:26.862+0000] {processor.py:840} INFO - DAG(s) 'crawl_crypto_prices' retrieved from /opt/airflow/dags/crawl_crypto_prices.py
[2026-03-21T02:53:26.881+0000] {logging_mixin.py:188} INFO - [2026-03-21T02:53:26.881+0000] {dag.py:3036} INFO - Sync 1 DAGs
[2026-03-21T02:53:26.892+0000] {logging_mixin.py:188} INFO - [2026-03-21T02:53:26.892+0000] {dag.py:3823} INFO - Setting next_dagrun for crawl_crypto_prices to 2026-03-21 02:00:00+00:00, run_after=2026-03-21 03:00:00+00:00
[2026-03-21T02:53:26.898+0000] {processor.py:183} INFO - Processing /opt/airflow/dags/crawl_crypto_prices.py took 0.053 seconds
[2026-03-21T02:53:57.232+0000] {processor.py:161} INFO - Started process (PID=5730) to work on /opt/airflow/dags/crawl_crypto_prices.py
[2026-03-21T02:53:57.233+0000] {processor.py:830} INFO - Processing file /opt/airflow/dags/crawl_crypto_prices.py for tasks to queue
[2026-03-21T02:53:57.234+0000] {logging_mixin.py:188} INFO - [2026-03-21T02:53:57.234+0000] {dagbag.py:538} INFO - Filling up the DagBag from /opt/airflow/dags/crawl_crypto_prices.py
[2026-03-21T02:53:57.244+0000] {processor.py:840} INFO - DAG(s) 'crawl_crypto_prices' retrieved from /opt/airflow/dags/crawl_crypto_prices.py
[2026-03-21T02:53:57.266+0000] {logging_mixin.py:188} INFO - [2026-03-21T02:53:57.265+0000] {dag.py:3036} INFO - Sync 1 DAGs
[2026-03-21T02:53:57.277+0000] {logging_mixin.py:188} INFO - [2026-03-21T02:53:57.277+0000] {dag.py:3823} INFO - Setting next_dagrun for crawl_crypto_prices to 2026-03-21 02:00:00+00:00, run_after=2026-03-21 03:00:00+00:00
[2026-03-21T02:53:57.283+0000] {processor.py:183} INFO - Processing /opt/airflow/dags/crawl_crypto_prices.py took 0.054 seconds
[2026-03-21T02:54:34.626+0000] {processor.py:161} INFO - Started process (PID=5735) to work on /opt/airflow/dags/crawl_crypto_prices.py
[2026-03-21T02:54:34.627+0000] {processor.py:830} INFO - Processing file /opt/airflow/dags/crawl_crypto_prices.py for tasks to queue
[2026-03-21T02:54:34.627+0000] {logging_mixin.py:188} INFO - [2026-03-21T02:54:34.627+0000] {dagbag.py:538} INFO - Filling up the DagBag from /opt/airflow/dags/crawl_crypto_prices.py
[2026-03-21T02:54:34.638+0000] {processor.py:840} INFO - DAG(s) 'crawl_crypto_prices' retrieved from /opt/airflow/dags/crawl_crypto_prices.py
[2026-03-21T02:54:34.654+0000] {logging_mixin.py:188} INFO - [2026-03-21T02:54:34.654+0000] {dag.py:3036} INFO - Sync 1 DAGs
[2026-03-21T02:54:34.663+0000] {logging_mixin.py:188} INFO - [2026-03-21T02:54:34.663+0000] {dag.py:3823} INFO - Setting next_dagrun for crawl_crypto_prices to 2026-03-21 02:00:00+00:00, run_after=2026-03-21 03:00:00+00:00
[2026-03-21T02:54:34.669+0000] {processor.py:183} INFO - Processing /opt/airflow/dags/crawl_crypto_prices.py took 0.046 seconds
[2026-03-21T02:55:05.014+0000] {processor.py:161} INFO - Started process (PID=5740) to work on /opt/airflow/dags/crawl_crypto_prices.py
[2026-03-21T02:55:05.016+0000] {processor.py:830} INFO - Processing file /opt/airflow/dags/crawl_crypto_prices.py for tasks to queue
[2026-03-21T02:55:05.017+0000] {logging_mixin.py:188} INFO - [2026-03-21T02:55:05.016+0000] {dagbag.py:538} INFO - Filling up the DagBag from /opt/airflow/dags/crawl_crypto_prices.py
[2026-03-21T02:55:05.029+0000] {processor.py:840} INFO - DAG(s) 'crawl_crypto_prices' retrieved from /opt/airflow/dags/crawl_crypto_prices.py
[2026-03-21T02:55:05.049+0000] {logging_mixin.py:188} INFO - [2026-03-21T02:55:05.049+0000] {dag.py:3036} INFO - Sync 1 DAGs
[2026-03-21T02:55:05.060+0000] {logging_mixin.py:188} INFO - [2026-03-21T02:55:05.060+0000] {dag.py:3823} INFO - Setting next_dagrun for crawl_crypto_prices to 2026-03-21 02:00:00+00:00, run_after=2026-03-21 03:00:00+00:00
[2026-03-21T02:55:05.066+0000] {processor.py:183} INFO - Processing /opt/airflow/dags/crawl_crypto_prices.py took 0.056 seconds
[2026-03-21T02:55:35.378+0000] {processor.py:161} INFO - Started process (PID=5745) to work on /opt/airflow/dags/crawl_crypto_prices.py
[2026-03-21T02:55:35.380+0000] {processor.py:830} INFO - Processing file /opt/airflow/dags/crawl_crypto_prices.py for tasks to queue
[2026-03-21T02:55:35.381+0000] {logging_mixin.py:188} INFO - [2026-03-21T02:55:35.380+0000] {dagbag.py:538} INFO - Filling up the DagBag from /opt/airflow/dags/crawl_crypto_prices.py
[2026-03-21T02:55:35.393+0000] {processor.py:840} INFO - DAG(s) 'crawl_crypto_prices' retrieved from /opt/airflow/dags/crawl_crypto_prices.py
[2026-03-21T02:55:35.414+0000] {logging_mixin.py:188} INFO - [2026-03-21T02:55:35.414+0000] {dag.py:3036} INFO - Sync 1 DAGs
[2026-03-21T02:55:35.425+0000] {logging_mixin.py:188} INFO - [2026-03-21T02:55:35.424+0000] {dag.py:3823} INFO - Setting next_dagrun for crawl_crypto_prices to 2026-03-21 02:00:00+00:00, run_after=2026-03-21 03:00:00+00:00
[2026-03-21T02:55:35.431+0000] {processor.py:183} INFO - Processing /opt/airflow/dags/crawl_crypto_prices.py took 0.056 seconds
[2026-03-21T02:56:05.716+0000] {processor.py:161} INFO - Started process (PID=5750) to work on /opt/airflow/dags/crawl_crypto_prices.py
[2026-03-21T02:56:05.717+0000] {processor.py:830} INFO - Processing file /opt/airflow/dags/crawl_crypto_prices.py for tasks to queue
[2026-03-21T02:56:05.718+0000] {logging_mixin.py:188} INFO - [2026-03-21T02:56:05.718+0000] {dagbag.py:538} INFO - Filling up the DagBag from /opt/airflow/dags/crawl_crypto_prices.py
[2026-03-21T02:56:05.729+0000] {processor.py:840} INFO - DAG(s) 'crawl_crypto_prices' retrieved from /opt/airflow/dags/crawl_crypto_prices.py
[2026-03-21T02:56:05.748+0000] {logging_mixin.py:188} INFO - [2026-03-21T02:56:05.748+0000] {dag.py:3036} INFO - Sync 1 DAGs
[2026-03-21T02:56:05.757+0000] {logging_mixin.py:188} INFO - [2026-03-21T02:56:05.757+0000] {dag.py:3823} INFO - Setting next_dagrun for crawl_crypto_prices to 2026-03-21 02:00:00+00:00, run_after=2026-03-21 03:00:00+00:00
[2026-03-21T02:56:05.763+0000] {processor.py:183} INFO - Processing /opt/airflow/dags/crawl_crypto_prices.py took 0.050 seconds
[2026-03-21T02:56:36.038+0000] {processor.py:161} INFO - Started process (PID=5755) to work on /opt/airflow/dags/crawl_crypto_prices.py
[2026-03-21T02:56:36.039+0000] {processor.py:830} INFO - Processing file /opt/airflow/dags/crawl_crypto_prices.py for tasks to queue
[2026-03-21T02:56:36.040+0000] {logging_mixin.py:188} INFO - [2026-03-21T02:56:36.039+0000] {dagbag.py:538} INFO - Filling up the DagBag from /opt/airflow/dags/crawl_crypto_prices.py
[2026-03-21T02:56:36.051+0000] {processor.py:840} INFO - DAG(s) 'crawl_crypto_prices' retrieved from /opt/airflow/dags/crawl_crypto_prices.py
[2026-03-21T02:56:36.070+0000] {logging_mixin.py:188} INFO - [2026-03-21T02:56:36.070+0000] {dag.py:3036} INFO - Sync 1 DAGs
[2026-03-21T02:56:36.082+0000] {logging_mixin.py:188} INFO - [2026-03-21T02:56:36.082+0000] {dag.py:3823} INFO - Setting next_dagrun for crawl_crypto_prices to 2026-03-21 02:00:00+00:00, run_after=2026-03-21 03:00:00+00:00
[2026-03-21T02:56:36.088+0000] {processor.py:183} INFO - Processing /opt/airflow/dags/crawl_crypto_prices.py took 0.055 seconds
[2026-03-21T02:57:06.352+0000] {processor.py:161} INFO - Started process (PID=5760) to work on /opt/airflow/dags/crawl_crypto_prices.py
[2026-03-21T02:57:06.353+0000] {processor.py:830} INFO - Processing file /opt/airflow/dags/crawl_crypto_prices.py for tasks to queue
[2026-03-21T02:57:06.353+0000] {logging_mixin.py:188} INFO - [2026-03-21T02:57:06.353+0000] {dagbag.py:538} INFO - Filling up the DagBag from /opt/airflow/dags/crawl_crypto_prices.py
[2026-03-21T02:57:06.364+0000] {processor.py:840} INFO - DAG(s) 'crawl_crypto_prices' retrieved from /opt/airflow/dags/crawl_crypto_prices.py
[2026-03-21T02:57:06.384+0000] {logging_mixin.py:188} INFO - [2026-03-21T02:57:06.383+0000] {dag.py:3036} INFO - Sync 1 DAGs
[2026-03-21T02:57:06.395+0000] {logging_mixin.py:188} INFO - [2026-03-21T02:57:06.395+0000] {dag.py:3823} INFO - Setting next_dagrun for crawl_crypto_prices to 2026-03-21 02:00:00+00:00, run_after=2026-03-21 03:00:00+00:00
[2026-03-21T02:57:06.401+0000] {processor.py:183} INFO - Processing /opt/airflow/dags/crawl_crypto_prices.py took 0.053 seconds
[2026-03-21T02:57:36.641+0000] {processor.py:161} INFO - Started process (PID=5765) to work on /opt/airflow/dags/crawl_crypto_prices.py
[2026-03-21T02:57:36.642+0000] {processor.py:830} INFO - Processing file /opt/airflow/dags/crawl_crypto_prices.py for tasks to queue
[2026-03-21T02:57:36.643+0000] {logging_mixin.py:188} INFO - [2026-03-21T02:57:36.642+0000] {dagbag.py:538} INFO - Filling up the DagBag from /opt/airflow/dags/crawl_crypto_prices.py
[2026-03-21T02:57:36.652+0000] {processor.py:840} INFO - DAG(s) 'crawl_crypto_prices' retrieved from /opt/airflow/dags/crawl_crypto_prices.py
[2026-03-21T02:57:36.674+0000] {logging_mixin.py:188} INFO - [2026-03-21T02:57:36.674+0000] {dag.py:3036} INFO - Sync 1 DAGs
[2026-03-21T02:57:36.686+0000] {logging_mixin.py:188} INFO - [2026-03-21T02:57:36.686+0000] {dag.py:3823} INFO - Setting next_dagrun for crawl_crypto_prices to 2026-03-21 02:00:00+00:00, run_after=2026-03-21 03:00:00+00:00
[2026-03-21T02:57:36.782+0000] {processor.py:183} INFO - Processing /opt/airflow/dags/crawl_crypto_prices.py took 0.144 seconds
[2026-03-21T02:58:06.912+0000] {processor.py:161} INFO - Started process (PID=5770) to work on /opt/airflow/dags/crawl_crypto_prices.py
[2026-03-21T02:58:06.914+0000] {processor.py:830} INFO - Processing file /opt/airflow/dags/crawl_crypto_prices.py for tasks to queue
[2026-03-21T02:58:06.914+0000] {logging_mixin.py:188} INFO - [2026-03-21T02:58:06.914+0000] {dagbag.py:538} INFO - Filling up the DagBag from /opt/airflow/dags/crawl_crypto_prices.py
[2026-03-21T02:58:06.920+0000] {processor.py:840} INFO - DAG(s) 'crawl_crypto_prices' retrieved from /opt/airflow/dags/crawl_crypto_prices.py
[2026-03-21T02:58:06.931+0000] {logging_mixin.py:188} INFO - [2026-03-21T02:58:06.931+0000] {dag.py:3036} INFO - Sync 1 DAGs
[2026-03-21T02:58:06.940+0000] {logging_mixin.py:188} INFO - [2026-03-21T02:58:06.940+0000] {dag.py:3823} INFO - Setting next_dagrun for crawl_crypto_prices to 2026-03-21 02:00:00+00:00, run_after=2026-03-21 03:00:00+00:00
[2026-03-21T02:58:06.945+0000] {processor.py:183} INFO - Processing /opt/airflow/dags/crawl_crypto_prices.py took 0.034 seconds
[2026-03-21T02:58:37.192+0000] {processor.py:161} INFO - Started process (PID=5775) to work on /opt/airflow/dags/crawl_crypto_prices.py
[2026-03-21T02:58:37.193+0000] {processor.py:830} INFO - Processing file /opt/airflow/dags/crawl_crypto_prices.py for tasks to queue
[2026-03-21T02:58:37.193+0000] {logging_mixin.py:188} INFO - [2026-03-21T02:58:37.193+0000] {dagbag.py:538} INFO - Filling up the DagBag from /opt/airflow/dags/crawl_crypto_prices.py
[2026-03-21T02:58:37.203+0000] {processor.py:840} INFO - DAG(s) 'crawl_crypto_prices' retrieved from /opt/airflow/dags/crawl_crypto_prices.py
[2026-03-21T02:58:37.219+0000] {logging_mixin.py:188} INFO - [2026-03-21T02:58:37.219+0000] {dag.py:3036} INFO - Sync 1 DAGs
[2026-03-21T02:58:37.228+0000] {logging_mixin.py:188} INFO - [2026-03-21T02:58:37.228+0000] {dag.py:3823} INFO - Setting next_dagrun for crawl_crypto_prices to 2026-03-21 02:00:00+00:00, run_after=2026-03-21 03:00:00+00:00
[2026-03-21T02:58:37.234+0000] {processor.py:183} INFO - Processing /opt/airflow/dags/crawl_crypto_prices.py took 0.045 seconds
[2026-03-21T02:59:07.446+0000] {processor.py:161} INFO - Started process (PID=5780) to work on /opt/airflow/dags/crawl_crypto_prices.py
[2026-03-21T02:59:07.447+0000] {processor.py:830} INFO - Processing file /opt/airflow/dags/crawl_crypto_prices.py for tasks to queue
[2026-03-21T02:59:07.448+0000] {logging_mixin.py:188} INFO - [2026-03-21T02:59:07.447+0000] {dagbag.py:538} INFO - Filling up the DagBag from /opt/airflow/dags/crawl_crypto_prices.py
[2026-03-21T02:59:07.460+0000] {processor.py:840} INFO - DAG(s) 'crawl_crypto_prices' retrieved from /opt/airflow/dags/crawl_crypto_prices.py
[2026-03-21T02:59:07.479+0000] {logging_mixin.py:188} INFO - [2026-03-21T02:59:07.479+0000] {dag.py:3036} INFO - Sync 1 DAGs
[2026-03-21T02:59:07.490+0000] {logging_mixin.py:188} INFO - [2026-03-21T02:59:07.490+0000] {dag.py:3823} INFO - Setting next_dagrun for crawl_crypto_prices to 2026-03-21 02:00:00+00:00, run_after=2026-03-21 03:00:00+00:00
[2026-03-21T02:59:07.496+0000] {processor.py:183} INFO - Processing /opt/airflow/dags/crawl_crypto_prices.py took 0.054 seconds
[2026-03-21T03:17:31.606+0000] {processor.py:161} INFO - Started process (PID=5785) to work on /opt/airflow/dags/crawl_crypto_prices.py
[2026-03-21T03:17:31.607+0000] {processor.py:830} INFO - Processing file /opt/airflow/dags/crawl_crypto_prices.py for tasks to queue
[2026-03-21T03:17:31.608+0000] {logging_mixin.py:188} INFO - [2026-03-21T03:17:31.608+0000] {dagbag.py:538} INFO - Filling up the DagBag from /opt/airflow/dags/crawl_crypto_prices.py
[2026-03-21T03:17:31.623+0000] {processor.py:840} INFO - DAG(s) 'crawl_crypto_prices' retrieved from /opt/airflow/dags/crawl_crypto_prices.py
[2026-03-21T03:17:31.648+0000] {logging_mixin.py:188} INFO - [2026-03-21T03:17:31.648+0000] {dag.py:3036} INFO - Sync 1 DAGs
[2026-03-21T03:17:31.663+0000] {logging_mixin.py:188} INFO - [2026-03-21T03:17:31.663+0000] {dag.py:3823} INFO - Setting next_dagrun for crawl_crypto_prices to 2026-03-21 03:00:00+00:00, run_after=2026-03-21 04:00:00+00:00
[2026-03-21T03:17:31.683+0000] {processor.py:183} INFO - Processing /opt/airflow/dags/crawl_crypto_prices.py took 0.080 seconds
[2026-03-21T03:22:14.625+0000] {processor.py:161} INFO - Started process (PID=5792) to work on /opt/airflow/dags/crawl_crypto_prices.py
[2026-03-21T03:22:14.626+0000] {processor.py:830} INFO - Processing file /opt/airflow/dags/crawl_crypto_prices.py for tasks to queue
[2026-03-21T03:22:14.626+0000] {logging_mixin.py:188} INFO - [2026-03-21T03:22:14.626+0000] {dagbag.py:538} INFO - Filling up the DagBag from /opt/airflow/dags/crawl_crypto_prices.py
[2026-03-21T03:22:14.637+0000] {processor.py:840} INFO - DAG(s) 'crawl_crypto_prices' retrieved from /opt/airflow/dags/crawl_crypto_prices.py
[2026-03-21T03:22:14.659+0000] {logging_mixin.py:188} INFO - [2026-03-21T03:22:14.659+0000] {dag.py:3036} INFO - Sync 1 DAGs
[2026-03-21T03:22:14.671+0000] {logging_mixin.py:188} INFO - [2026-03-21T03:22:14.671+0000] {dag.py:3823} INFO - Setting next_dagrun for crawl_crypto_prices to 2026-03-21 03:00:00+00:00, run_after=2026-03-21 04:00:00+00:00
[2026-03-21T03:22:14.684+0000] {processor.py:183} INFO - Processing /opt/airflow/dags/crawl_crypto_prices.py took 0.061 seconds
[2026-03-21T03:22:44.977+0000] {processor.py:161} INFO - Started process (PID=5797) to work on /opt/airflow/dags/crawl_crypto_prices.py
[2026-03-21T03:22:44.979+0000] {processor.py:830} INFO - Processing file /opt/airflow/dags/crawl_crypto_prices.py for tasks to queue
[2026-03-21T03:22:44.980+0000] {logging_mixin.py:188} INFO - [2026-03-21T03:22:44.980+0000] {dagbag.py:538} INFO - Filling up the DagBag from /opt/airflow/dags/crawl_crypto_prices.py
[2026-03-21T03:22:44.994+0000] {processor.py:840} INFO - DAG(s) 'crawl_crypto_prices' retrieved from /opt/airflow/dags/crawl_crypto_prices.py
[2026-03-21T03:22:45.014+0000] {logging_mixin.py:188} INFO - [2026-03-21T03:22:45.014+0000] {dag.py:3036} INFO - Sync 1 DAGs
[2026-03-21T03:22:45.025+0000] {logging_mixin.py:188} INFO - [2026-03-21T03:22:45.025+0000] {dag.py:3823} INFO - Setting next_dagrun for crawl_crypto_prices to 2026-03-21 03:00:00+00:00, run_after=2026-03-21 04:00:00+00:00
[2026-03-21T03:22:45.032+0000] {processor.py:183} INFO - Processing /opt/airflow/dags/crawl_crypto_prices.py took 0.058 seconds
[2026-03-21T03:23:15.292+0000] {processor.py:161} INFO - Started process (PID=5802) to work on /opt/airflow/dags/crawl_crypto_prices.py
[2026-03-21T03:23:15.293+0000] {processor.py:830} INFO - Processing file /opt/airflow/dags/crawl_crypto_prices.py for tasks to queue
[2026-03-21T03:23:15.294+0000] {logging_mixin.py:188} INFO - [2026-03-21T03:23:15.293+0000] {dagbag.py:538} INFO - Filling up the DagBag from /opt/airflow/dags/crawl_crypto_prices.py
[2026-03-21T03:23:15.304+0000] {processor.py:840} INFO - DAG(s) 'crawl_crypto_prices' retrieved from /opt/airflow/dags/crawl_crypto_prices.py
[2026-03-21T03:23:15.321+0000] {logging_mixin.py:188} INFO - [2026-03-21T03:23:15.321+0000] {dag.py:3036} INFO - Sync 1 DAGs
[2026-03-21T03:23:15.330+0000] {logging_mixin.py:188} INFO - [2026-03-21T03:23:15.330+0000] {dag.py:3823} INFO - Setting next_dagrun for crawl_crypto_prices to 2026-03-21 03:00:00+00:00, run_after=2026-03-21 04:00:00+00:00
[2026-03-21T03:23:15.336+0000] {processor.py:183} INFO - Processing /opt/airflow/dags/crawl_crypto_prices.py took 0.046 seconds
[2026-03-21T03:23:45.620+0000] {processor.py:161} INFO - Started process (PID=5807) to work on /opt/airflow/dags/crawl_crypto_prices.py
[2026-03-21T03:23:45.621+0000] {processor.py:830} INFO - Processing file /opt/airflow/dags/crawl_crypto_prices.py for tasks to queue
[2026-03-21T03:23:45.621+0000] {logging_mixin.py:188} INFO - [2026-03-21T03:23:45.621+0000] {dagbag.py:538} INFO - Filling up the DagBag from /opt/airflow/dags/crawl_crypto_prices.py
[2026-03-21T03:23:45.626+0000] {processor.py:840} INFO - DAG(s) 'crawl_crypto_prices' retrieved from /opt/airflow/dags/crawl_crypto_prices.py
[2026-03-21T03:23:45.637+0000] {logging_mixin.py:188} INFO - [2026-03-21T03:23:45.637+0000] {dag.py:3036} INFO - Sync 1 DAGs
[2026-03-21T03:23:45.646+0000] {logging_mixin.py:188} INFO - [2026-03-21T03:23:45.646+0000] {dag.py:3823} INFO - Setting next_dagrun for crawl_crypto_prices to 2026-03-21 03:00:00+00:00, run_after=2026-03-21 04:00:00+00:00
[2026-03-21T03:23:45.652+0000] {processor.py:183} INFO - Processing /opt/airflow/dags/crawl_crypto_prices.py took 0.033 seconds
[2026-03-21T03:24:15.961+0000] {processor.py:161} INFO - Started process (PID=5812) to work on /opt/airflow/dags/crawl_crypto_prices.py
[2026-03-21T03:24:15.962+0000] {processor.py:830} INFO - Processing file /opt/airflow/dags/crawl_crypto_prices.py for tasks to queue
[2026-03-21T03:24:15.963+0000] {logging_mixin.py:188} INFO - [2026-03-21T03:24:15.962+0000] {dagbag.py:538} INFO - Filling up the DagBag from /opt/airflow/dags/crawl_crypto_prices.py
[2026-03-21T03:24:15.974+0000] {processor.py:840} INFO - DAG(s) 'crawl_crypto_prices' retrieved from /opt/airflow/dags/crawl_crypto_prices.py
[2026-03-21T03:24:15.992+0000] {logging_mixin.py:188} INFO - [2026-03-21T03:24:15.992+0000] {dag.py:3036} INFO - Sync 1 DAGs
[2026-03-21T03:24:16.002+0000] {logging_mixin.py:188} INFO - [2026-03-21T03:24:16.002+0000] {dag.py:3823} INFO - Setting next_dagrun for crawl_crypto_prices to 2026-03-21 03:00:00+00:00, run_after=2026-03-21 04:00:00+00:00
[2026-03-21T03:24:16.008+0000] {processor.py:183} INFO - Processing /opt/airflow/dags/crawl_crypto_prices.py took 0.050 seconds
[2026-03-21T03:24:46.254+0000] {processor.py:161} INFO - Started process (PID=5817) to work on /opt/airflow/dags/crawl_crypto_prices.py
[2026-03-21T03:24:46.255+0000] {processor.py:830} INFO - Processing file /opt/airflow/dags/crawl_crypto_prices.py for tasks to queue
[2026-03-21T03:24:46.256+0000] {logging_mixin.py:188} INFO - [2026-03-21T03:24:46.256+0000] {dagbag.py:538} INFO - Filling up the DagBag from /opt/airflow/dags/crawl_crypto_prices.py
[2026-03-21T03:24:46.266+0000] {processor.py:840} INFO - DAG(s) 'crawl_crypto_prices' retrieved from /opt/airflow/dags/crawl_crypto_prices.py
[2026-03-21T03:24:46.287+0000] {logging_mixin.py:188} INFO - [2026-03-21T03:24:46.287+0000] {dag.py:3036} INFO - Sync 1 DAGs
[2026-03-21T03:24:46.297+0000] {logging_mixin.py:188} INFO - [2026-03-21T03:24:46.296+0000] {dag.py:3823} INFO - Setting next_dagrun for crawl_crypto_prices to 2026-03-21 03:00:00+00:00, run_after=2026-03-21 04:00:00+00:00
[2026-03-21T03:24:46.303+0000] {processor.py:183} INFO - Processing /opt/airflow/dags/crawl_crypto_prices.py took 0.054 seconds
[2026-03-21T03:30:38.374+0000] {processor.py:161} INFO - Started process (PID=5822) to work on /opt/airflow/dags/crawl_crypto_prices.py
[2026-03-21T03:30:38.375+0000] {processor.py:830} INFO - Processing file /opt/airflow/dags/crawl_crypto_prices.py for tasks to queue
[2026-03-21T03:30:38.375+0000] {logging_mixin.py:188} INFO - [2026-03-21T03:30:38.375+0000] {dagbag.py:538} INFO - Filling up the DagBag from /opt/airflow/dags/crawl_crypto_prices.py
[2026-03-21T03:30:38.388+0000] {processor.py:840} INFO - DAG(s) 'crawl_crypto_prices' retrieved from /opt/airflow/dags/crawl_crypto_prices.py
[2026-03-21T03:30:38.405+0000] {logging_mixin.py:188} INFO - [2026-03-21T03:30:38.405+0000] {dag.py:3036} INFO - Sync 1 DAGs
[2026-03-21T03:30:38.415+0000] {logging_mixin.py:188} INFO - [2026-03-21T03:30:38.415+0000] {dag.py:3823} INFO - Setting next_dagrun for crawl_crypto_prices to 2026-03-21 03:00:00+00:00, run_after=2026-03-21 04:00:00+00:00
[2026-03-21T03:30:38.422+0000] {processor.py:183} INFO - Processing /opt/airflow/dags/crawl_crypto_prices.py took 0.051 seconds
[2026-03-21T03:31:08.685+0000] {processor.py:161} INFO - Started process (PID=5827) to work on /opt/airflow/dags/crawl_crypto_prices.py
[2026-03-21T03:31:08.686+0000] {processor.py:830} INFO - Processing file /opt/airflow/dags/crawl_crypto_prices.py for tasks to queue
[2026-03-21T03:31:08.687+0000] {logging_mixin.py:188} INFO - [2026-03-21T03:31:08.687+0000] {dagbag.py:538} INFO - Filling up the DagBag from /opt/airflow/dags/crawl_crypto_prices.py
[2026-03-21T03:31:08.697+0000] {processor.py:840} INFO - DAG(s) 'crawl_crypto_prices' retrieved from /opt/airflow/dags/crawl_crypto_prices.py
[2026-03-21T03:31:08.716+0000] {logging_mixin.py:188} INFO - [2026-03-21T03:31:08.715+0000] {dag.py:3036} INFO - Sync 1 DAGs
[2026-03-21T03:31:08.725+0000] {logging_mixin.py:188} INFO - [2026-03-21T03:31:08.725+0000] {dag.py:3823} INFO - Setting next_dagrun for crawl_crypto_prices to 2026-03-21 03:00:00+00:00, run_after=2026-03-21 04:00:00+00:00
[2026-03-21T03:31:08.732+0000] {processor.py:183} INFO - Processing /opt/airflow/dags/crawl_crypto_prices.py took 0.050 seconds
[2026-03-21T03:31:39.018+0000] {processor.py:161} INFO - Started process (PID=5832) to work on /opt/airflow/dags/crawl_crypto_prices.py
[2026-03-21T03:31:39.019+0000] {processor.py:830} INFO - Processing file /opt/airflow/dags/crawl_crypto_prices.py for tasks to queue
[2026-03-21T03:31:39.020+0000] {logging_mixin.py:188} INFO - [2026-03-21T03:31:39.020+0000] {dagbag.py:538} INFO - Filling up the DagBag from /opt/airflow/dags/crawl_crypto_prices.py
[2026-03-21T03:31:39.030+0000] {processor.py:840} INFO - DAG(s) 'crawl_crypto_prices' retrieved from /opt/airflow/dags/crawl_crypto_prices.py
[2026-03-21T03:31:39.049+0000] {logging_mixin.py:188} INFO - [2026-03-21T03:31:39.048+0000] {dag.py:3036} INFO - Sync 1 DAGs
[2026-03-21T03:31:39.059+0000] {logging_mixin.py:188} INFO - [2026-03-21T03:31:39.059+0000] {dag.py:3823} INFO - Setting next_dagrun for crawl_crypto_prices to 2026-03-21 03:00:00+00:00, run_after=2026-03-21 04:00:00+00:00
[2026-03-21T03:31:39.065+0000] {processor.py:183} INFO - Processing /opt/airflow/dags/crawl_crypto_prices.py took 0.050 seconds
[2026-03-21T03:32:09.403+0000] {processor.py:161} INFO - Started process (PID=5837) to work on /opt/airflow/dags/crawl_crypto_prices.py
[2026-03-21T03:32:09.404+0000] {processor.py:830} INFO - Processing file /opt/airflow/dags/crawl_crypto_prices.py for tasks to queue
[2026-03-21T03:32:09.404+0000] {logging_mixin.py:188} INFO - [2026-03-21T03:32:09.404+0000] {dagbag.py:538} INFO - Filling up the DagBag from /opt/airflow/dags/crawl_crypto_prices.py
[2026-03-21T03:32:09.411+0000] {processor.py:840} INFO - DAG(s) 'crawl_crypto_prices' retrieved from /opt/airflow/dags/crawl_crypto_prices.py
[2026-03-21T03:32:09.423+0000] {logging_mixin.py:188} INFO - [2026-03-21T03:32:09.423+0000] {dag.py:3036} INFO - Sync 1 DAGs
[2026-03-21T03:32:09.432+0000] {logging_mixin.py:188} INFO - [2026-03-21T03:32:09.432+0000] {dag.py:3823} INFO - Setting next_dagrun for crawl_crypto_prices to 2026-03-21 03:00:00+00:00, run_after=2026-03-21 04:00:00+00:00
[2026-03-21T03:32:09.438+0000] {processor.py:183} INFO - Processing /opt/airflow/dags/crawl_crypto_prices.py took 0.036 seconds
[2026-03-21T03:32:39.755+0000] {processor.py:161} INFO - Started process (PID=5842) to work on /opt/airflow/dags/crawl_crypto_prices.py
[2026-03-21T03:32:39.756+0000] {processor.py:830} INFO - Processing file /opt/airflow/dags/crawl_crypto_prices.py for tasks to queue
[2026-03-21T03:32:39.757+0000] {logging_mixin.py:188} INFO - [2026-03-21T03:32:39.757+0000] {dagbag.py:538} INFO - Filling up the DagBag from /opt/airflow/dags/crawl_crypto_prices.py
[2026-03-21T03:32:39.766+0000] {processor.py:840} INFO - DAG(s) 'crawl_crypto_prices' retrieved from /opt/airflow/dags/crawl_crypto_prices.py
[2026-03-21T03:32:39.782+0000] {logging_mixin.py:188} INFO - [2026-03-21T03:32:39.782+0000] {dag.py:3036} INFO - Sync 1 DAGs
[2026-03-21T03:32:39.791+0000] {logging_mixin.py:188} INFO - [2026-03-21T03:32:39.791+0000] {dag.py:3823} INFO - Setting next_dagrun for crawl_crypto_prices to 2026-03-21 03:00:00+00:00, run_after=2026-03-21 04:00:00+00:00
[2026-03-21T03:32:39.797+0000] {processor.py:183} INFO - Processing /opt/airflow/dags/crawl_crypto_prices.py took 0.044 seconds
[2026-03-21T03:33:10.068+0000] {processor.py:161} INFO - Started process (PID=5847) to work on /opt/airflow/dags/crawl_crypto_prices.py
[2026-03-21T03:33:10.069+0000] {processor.py:830} INFO - Processing file /opt/airflow/dags/crawl_crypto_prices.py for tasks to queue
[2026-03-21T03:33:10.069+0000] {logging_mixin.py:188} INFO - [2026-03-21T03:33:10.069+0000] {dagbag.py:538} INFO - Filling up the DagBag from /opt/airflow/dags/crawl_crypto_prices.py
[2026-03-21T03:33:10.079+0000] {processor.py:840} INFO - DAG(s) 'crawl_crypto_prices' retrieved from /opt/airflow/dags/crawl_crypto_prices.py
[2026-03-21T03:33:10.098+0000] {logging_mixin.py:188} INFO - [2026-03-21T03:33:10.098+0000] {dag.py:3036} INFO - Sync 1 DAGs
[2026-03-21T03:33:10.108+0000] {logging_mixin.py:188} INFO - [2026-03-21T03:33:10.108+0000] {dag.py:3823} INFO - Setting next_dagrun for crawl_crypto_prices to 2026-03-21 03:00:00+00:00, run_after=2026-03-21 04:00:00+00:00
[2026-03-21T03:33:10.114+0000] {processor.py:183} INFO - Processing /opt/airflow/dags/crawl_crypto_prices.py took 0.049 seconds
[2026-03-21T03:33:40.369+0000] {processor.py:161} INFO - Started process (PID=5852) to work on /opt/airflow/dags/crawl_crypto_prices.py
[2026-03-21T03:33:40.370+0000] {processor.py:830} INFO - Processing file /opt/airflow/dags/crawl_crypto_prices.py for tasks to queue
[2026-03-21T03:33:40.370+0000] {logging_mixin.py:188} INFO - [2026-03-21T03:33:40.370+0000] {dagbag.py:538} INFO - Filling up the DagBag from /opt/airflow/dags/crawl_crypto_prices.py
[2026-03-21T03:33:40.381+0000] {processor.py:840} INFO - DAG(s) 'crawl_crypto_prices' retrieved from /opt/airflow/dags/crawl_crypto_prices.py
[2026-03-21T03:33:40.401+0000] {logging_mixin.py:188} INFO - [2026-03-21T03:33:40.401+0000] {dag.py:3036} INFO - Sync 1 DAGs
[2026-03-21T03:33:40.410+0000] {logging_mixin.py:188} INFO - [2026-03-21T03:33:40.410+0000] {dag.py:3823} INFO - Setting next_dagrun for crawl_crypto_prices to 2026-03-21 03:00:00+00:00, run_after=2026-03-21 04:00:00+00:00
[2026-03-21T03:33:40.417+0000] {processor.py:183} INFO - Processing /opt/airflow/dags/crawl_crypto_prices.py took 0.052 seconds
[2026-03-21T03:34:10.833+0000] {processor.py:161} INFO - Started process (PID=5857) to work on /opt/airflow/dags/crawl_crypto_prices.py
[2026-03-21T03:34:10.834+0000] {processor.py:830} INFO - Processing file /opt/airflow/dags/crawl_crypto_prices.py for tasks to queue
[2026-03-21T03:34:10.835+0000] {logging_mixin.py:188} INFO - [2026-03-21T03:34:10.835+0000] {dagbag.py:538} INFO - Filling up the DagBag from /opt/airflow/dags/crawl_crypto_prices.py
[2026-03-21T03:34:10.846+0000] {processor.py:840} INFO - DAG(s) 'crawl_crypto_prices' retrieved from /opt/airflow/dags/crawl_crypto_prices.py
[2026-03-21T03:34:10.864+0000] {logging_mixin.py:188} INFO - [2026-03-21T03:34:10.864+0000] {dag.py:3036} INFO - Sync 1 DAGs
[2026-03-21T03:34:10.875+0000] {logging_mixin.py:188} INFO - [2026-03-21T03:34:10.875+0000] {dag.py:3823} INFO - Setting next_dagrun for crawl_crypto_prices to 2026-03-21 03:00:00+00:00, run_after=2026-03-21 04:00:00+00:00
[2026-03-21T03:34:10.881+0000] {processor.py:183} INFO - Processing /opt/airflow/dags/crawl_crypto_prices.py took 0.051 seconds
[2026-03-21T03:51:31.004+0000] {processor.py:161} INFO - Started process (PID=5862) to work on /opt/airflow/dags/crawl_crypto_prices.py
[2026-03-21T03:51:31.004+0000] {processor.py:830} INFO - Processing file /opt/airflow/dags/crawl_crypto_prices.py for tasks to queue
[2026-03-21T03:51:31.005+0000] {logging_mixin.py:188} INFO - [2026-03-21T03:51:31.005+0000] {dagbag.py:538} INFO - Filling up the DagBag from /opt/airflow/dags/crawl_crypto_prices.py
[2026-03-21T03:51:31.012+0000] {processor.py:840} INFO - DAG(s) 'crawl_crypto_prices' retrieved from /opt/airflow/dags/crawl_crypto_prices.py
[2026-03-21T03:51:31.025+0000] {logging_mixin.py:188} INFO - [2026-03-21T03:51:31.025+0000] {dag.py:3036} INFO - Sync 1 DAGs
[2026-03-21T03:51:31.034+0000] {logging_mixin.py:188} INFO - [2026-03-21T03:51:31.034+0000] {dag.py:3823} INFO - Setting next_dagrun for crawl_crypto_prices to 2026-03-21 03:00:00+00:00, run_after=2026-03-21 04:00:00+00:00
[2026-03-21T03:51:31.039+0000] {processor.py:183} INFO - Processing /opt/airflow/dags/crawl_crypto_prices.py took 0.037 seconds
[2026-03-21T04:27:14.430+0000] {processor.py:161} INFO - Started process (PID=5871) to work on /opt/airflow/dags/crawl_crypto_prices.py
[2026-03-21T04:27:14.431+0000] {processor.py:830} INFO - Processing file /opt/airflow/dags/crawl_crypto_prices.py for tasks to queue
[2026-03-21T04:27:14.432+0000] {logging_mixin.py:188} INFO - [2026-03-21T04:27:14.432+0000] {dagbag.py:538} INFO - Filling up the DagBag from /opt/airflow/dags/crawl_crypto_prices.py
[2026-03-21T04:27:14.440+0000] {processor.py:840} INFO - DAG(s) 'crawl_crypto_prices' retrieved from /opt/airflow/dags/crawl_crypto_prices.py
[2026-03-21T04:27:14.462+0000] {logging_mixin.py:188} INFO - [2026-03-21T04:27:14.462+0000] {dag.py:3036} INFO - Sync 1 DAGs
[2026-03-21T04:27:14.480+0000] {logging_mixin.py:188} INFO - [2026-03-21T04:27:14.480+0000] {dag.py:3823} INFO - Setting next_dagrun for crawl_crypto_prices to 2026-03-21 04:00:00+00:00, run_after=2026-03-21 05:00:00+00:00
[2026-03-21T04:27:14.493+0000] {processor.py:183} INFO - Processing /opt/airflow/dags/crawl_crypto_prices.py took 0.064 seconds
[2026-03-21T04:27:44.762+0000] {processor.py:161} INFO - Started process (PID=5876) to work on /opt/airflow/dags/crawl_crypto_prices.py
[2026-03-21T04:27:44.764+0000] {processor.py:830} INFO - Processing file /opt/airflow/dags/crawl_crypto_prices.py for tasks to queue
[2026-03-21T04:27:44.765+0000] {logging_mixin.py:188} INFO - [2026-03-21T04:27:44.764+0000] {dagbag.py:538} INFO - Filling up the DagBag from /opt/airflow/dags/crawl_crypto_prices.py
[2026-03-21T04:27:44.776+0000] {processor.py:840} INFO - DAG(s) 'crawl_crypto_prices' retrieved from /opt/airflow/dags/crawl_crypto_prices.py
[2026-03-21T04:27:44.795+0000] {logging_mixin.py:188} INFO - [2026-03-21T04:27:44.795+0000] {dag.py:3036} INFO - Sync 1 DAGs
[2026-03-21T04:27:44.805+0000] {logging_mixin.py:188} INFO - [2026-03-21T04:27:44.805+0000] {dag.py:3823} INFO - Setting next_dagrun for crawl_crypto_prices to 2026-03-21 04:00:00+00:00, run_after=2026-03-21 05:00:00+00:00
[2026-03-21T04:27:44.811+0000] {processor.py:183} INFO - Processing /opt/airflow/dags/crawl_crypto_prices.py took 0.053 seconds
[2026-03-21T04:28:15.150+0000] {processor.py:161} INFO - Started process (PID=5881) to work on /opt/airflow/dags/crawl_crypto_prices.py
[2026-03-21T04:28:15.151+0000] {processor.py:830} INFO - Processing file /opt/airflow/dags/crawl_crypto_prices.py for tasks to queue
[2026-03-21T04:28:15.151+0000] {logging_mixin.py:188} INFO - [2026-03-21T04:28:15.151+0000] {dagbag.py:538} INFO - Filling up the DagBag from /opt/airflow/dags/crawl_crypto_prices.py
[2026-03-21T04:28:15.161+0000] {processor.py:840} INFO - DAG(s) 'crawl_crypto_prices' retrieved from /opt/airflow/dags/crawl_crypto_prices.py
[2026-03-21T04:28:15.179+0000] {logging_mixin.py:188} INFO - [2026-03-21T04:28:15.179+0000] {dag.py:3036} INFO - Sync 1 DAGs
[2026-03-21T04:28:15.189+0000] {logging_mixin.py:188} INFO - [2026-03-21T04:28:15.189+0000] {dag.py:3823} INFO - Setting next_dagrun for crawl_crypto_prices to 2026-03-21 04:00:00+00:00, run_after=2026-03-21 05:00:00+00:00
[2026-03-21T04:28:15.195+0000] {processor.py:183} INFO - Processing /opt/airflow/dags/crawl_crypto_prices.py took 0.048 seconds
[2026-03-21T04:28:45.527+0000] {processor.py:161} INFO - Started process (PID=5886) to work on /opt/airflow/dags/crawl_crypto_prices.py
[2026-03-21T04:28:45.528+0000] {processor.py:830} INFO - Processing file /opt/airflow/dags/crawl_crypto_prices.py for tasks to queue
[2026-03-21T04:28:45.529+0000] {logging_mixin.py:188} INFO - [2026-03-21T04:28:45.529+0000] {dagbag.py:538} INFO - Filling up the DagBag from /opt/airflow/dags/crawl_crypto_prices.py
[2026-03-21T04:28:45.539+0000] {processor.py:840} INFO - DAG(s) 'crawl_crypto_prices' retrieved from /opt/airflow/dags/crawl_crypto_prices.py
[2026-03-21T04:28:45.559+0000] {logging_mixin.py:188} INFO - [2026-03-21T04:28:45.559+0000] {dag.py:3036} INFO - Sync 1 DAGs
[2026-03-21T04:28:45.569+0000] {logging_mixin.py:188} INFO - [2026-03-21T04:28:45.569+0000] {dag.py:3823} INFO - Setting next_dagrun for crawl_crypto_prices to 2026-03-21 04:00:00+00:00, run_after=2026-03-21 05:00:00+00:00
[2026-03-21T04:28:45.640+0000] {processor.py:183} INFO - Processing /opt/airflow/dags/crawl_crypto_prices.py took 0.117 seconds
[2026-03-21T04:39:37.903+0000] {processor.py:161} INFO - Started process (PID=5891) to work on /opt/airflow/dags/crawl_crypto_prices.py
[2026-03-21T04:39:37.904+0000] {processor.py:830} INFO - Processing file /opt/airflow/dags/crawl_crypto_prices.py for tasks to queue
[2026-03-21T04:39:37.905+0000] {logging_mixin.py:188} INFO - [2026-03-21T04:39:37.904+0000] {dagbag.py:538} INFO - Filling up the DagBag from /opt/airflow/dags/crawl_crypto_prices.py
[2026-03-21T04:39:37.917+0000] {processor.py:840} INFO - DAG(s) 'crawl_crypto_prices' retrieved from /opt/airflow/dags/crawl_crypto_prices.py
[2026-03-21T04:39:37.935+0000] {logging_mixin.py:188} INFO - [2026-03-21T04:39:37.935+0000] {dag.py:3036} INFO - Sync 1 DAGs
[2026-03-21T04:39:37.946+0000] {logging_mixin.py:188} INFO - [2026-03-21T04:39:37.946+0000] {dag.py:3823} INFO - Setting next_dagrun for crawl_crypto_prices to 2026-03-21 04:00:00+00:00, run_after=2026-03-21 05:00:00+00:00
[2026-03-21T04:39:37.952+0000] {processor.py:183} INFO - Processing /opt/airflow/dags/crawl_crypto_prices.py took 0.053 seconds
[2026-03-21T04:40:08.240+0000] {processor.py:161} INFO - Started process (PID=5896) to work on /opt/airflow/dags/crawl_crypto_prices.py
[2026-03-21T04:40:08.241+0000] {processor.py:830} INFO - Processing file /opt/airflow/dags/crawl_crypto_prices.py for tasks to queue
[2026-03-21T04:40:08.242+0000] {logging_mixin.py:188} INFO - [2026-03-21T04:40:08.241+0000] {dagbag.py:538} INFO - Filling up the DagBag from /opt/airflow/dags/crawl_crypto_prices.py
[2026-03-21T04:40:08.253+0000] {processor.py:840} INFO - DAG(s) 'crawl_crypto_prices' retrieved from /opt/airflow/dags/crawl_crypto_prices.py
[2026-03-21T04:40:08.272+0000] {logging_mixin.py:188} INFO - [2026-03-21T04:40:08.272+0000] {dag.py:3036} INFO - Sync 1 DAGs
[2026-03-21T04:40:08.282+0000] {logging_mixin.py:188} INFO - [2026-03-21T04:40:08.282+0000] {dag.py:3823} INFO - Setting next_dagrun for crawl_crypto_prices to 2026-03-21 04:00:00+00:00, run_after=2026-03-21 05:00:00+00:00
[2026-03-21T04:40:08.288+0000] {processor.py:183} INFO - Processing /opt/airflow/dags/crawl_crypto_prices.py took 0.052 seconds
[2026-03-21T04:40:38.568+0000] {processor.py:161} INFO - Started process (PID=5901) to work on /opt/airflow/dags/crawl_crypto_prices.py
[2026-03-21T04:40:38.569+0000] {processor.py:830} INFO - Processing file /opt/airflow/dags/crawl_crypto_prices.py for tasks to queue
[2026-03-21T04:40:38.569+0000] {logging_mixin.py:188} INFO - [2026-03-21T04:40:38.569+0000] {dagbag.py:538} INFO - Filling up the DagBag from /opt/airflow/dags/crawl_crypto_prices.py
[2026-03-21T04:40:38.579+0000] {processor.py:840} INFO - DAG(s) 'crawl_crypto_prices' retrieved from /opt/airflow/dags/crawl_crypto_prices.py
[2026-03-21T04:40:38.597+0000] {logging_mixin.py:188} INFO - [2026-03-21T04:40:38.596+0000] {dag.py:3036} INFO - Sync 1 DAGs
[2026-03-21T04:40:38.606+0000] {logging_mixin.py:188} INFO - [2026-03-21T04:40:38.606+0000] {dag.py:3823} INFO - Setting next_dagrun for crawl_crypto_prices to 2026-03-21 04:00:00+00:00, run_after=2026-03-21 05:00:00+00:00
[2026-03-21T04:40:38.612+0000] {processor.py:183} INFO - Processing /opt/airflow/dags/crawl_crypto_prices.py took 0.048 seconds
[2026-03-21T04:57:37.665+0000] {processor.py:161} INFO - Started process (PID=5906) to work on /opt/airflow/dags/crawl_crypto_prices.py
[2026-03-21T04:57:37.665+0000] {processor.py:830} INFO - Processing file /opt/airflow/dags/crawl_crypto_prices.py for tasks to queue
[2026-03-21T04:57:37.666+0000] {logging_mixin.py:188} INFO - [2026-03-21T04:57:37.666+0000] {dagbag.py:538} INFO - Filling up the DagBag from /opt/airflow/dags/crawl_crypto_prices.py
[2026-03-21T04:57:37.672+0000] {processor.py:840} INFO - DAG(s) 'crawl_crypto_prices' retrieved from /opt/airflow/dags/crawl_crypto_prices.py
[2026-03-21T04:57:37.687+0000] {logging_mixin.py:188} INFO - [2026-03-21T04:57:37.687+0000] {dag.py:3036} INFO - Sync 1 DAGs
[2026-03-21T04:57:37.696+0000] {logging_mixin.py:188} INFO - [2026-03-21T04:57:37.696+0000] {dag.py:3823} INFO - Setting next_dagrun for crawl_crypto_prices to 2026-03-21 04:00:00+00:00, run_after=2026-03-21 05:00:00+00:00
[2026-03-21T04:57:37.702+0000] {processor.py:183} INFO - Processing /opt/airflow/dags/crawl_crypto_prices.py took 0.039 seconds
[2026-03-21T05:14:20.327+0000] {processor.py:161} INFO - Started process (PID=5914) to work on /opt/airflow/dags/crawl_crypto_prices.py
[2026-03-21T05:14:20.328+0000] {processor.py:830} INFO - Processing file /opt/airflow/dags/crawl_crypto_prices.py for tasks to queue
[2026-03-21T05:14:20.329+0000] {logging_mixin.py:188} INFO - [2026-03-21T05:14:20.329+0000] {dagbag.py:538} INFO - Filling up the DagBag from /opt/airflow/dags/crawl_crypto_prices.py
[2026-03-21T05:14:20.341+0000] {processor.py:840} INFO - DAG(s) 'crawl_crypto_prices' retrieved from /opt/airflow/dags/crawl_crypto_prices.py
[2026-03-21T05:14:20.361+0000] {logging_mixin.py:188} INFO - [2026-03-21T05:14:20.361+0000] {dag.py:3036} INFO - Sync 1 DAGs
[2026-03-21T05:14:20.377+0000] {logging_mixin.py:188} INFO - [2026-03-21T05:14:20.377+0000] {dag.py:3823} INFO - Setting next_dagrun for crawl_crypto_prices to 2026-03-21 05:00:00+00:00, run_after=2026-03-21 06:00:00+00:00
[2026-03-21T05:14:20.396+0000] {processor.py:183} INFO - Processing /opt/airflow/dags/crawl_crypto_prices.py took 0.073 seconds
[2026-03-21T06:05:12.939+0000] {processor.py:161} INFO - Started process (PID=5924) to work on /opt/airflow/dags/crawl_crypto_prices.py
[2026-03-21T06:05:12.940+0000] {processor.py:830} INFO - Processing file /opt/airflow/dags/crawl_crypto_prices.py for tasks to queue
[2026-03-21T06:05:12.941+0000] {logging_mixin.py:188} INFO - [2026-03-21T06:05:12.940+0000] {dagbag.py:538} INFO - Filling up the DagBag from /opt/airflow/dags/crawl_crypto_prices.py
[2026-03-21T06:05:12.949+0000] {processor.py:840} INFO - DAG(s) 'crawl_crypto_prices' retrieved from /opt/airflow/dags/crawl_crypto_prices.py
[2026-03-21T06:05:12.970+0000] {logging_mixin.py:188} INFO - [2026-03-21T06:05:12.970+0000] {dag.py:3036} INFO - Sync 1 DAGs
[2026-03-21T06:05:12.988+0000] {logging_mixin.py:188} INFO - [2026-03-21T06:05:12.988+0000] {dag.py:3823} INFO - Setting next_dagrun for crawl_crypto_prices to 2026-03-21 06:00:00+00:00, run_after=2026-03-21 07:00:00+00:00
[2026-03-21T06:05:13.001+0000] {processor.py:183} INFO - Processing /opt/airflow/dags/crawl_crypto_prices.py took 0.064 seconds
[2026-03-21T06:48:53.420+0000] {processor.py:161} INFO - Started process (PID=5929) to work on /opt/airflow/dags/crawl_crypto_prices.py
[2026-03-21T06:48:53.421+0000] {processor.py:830} INFO - Processing file /opt/airflow/dags/crawl_crypto_prices.py for tasks to queue
[2026-03-21T06:48:53.421+0000] {logging_mixin.py:188} INFO - [2026-03-21T06:48:53.421+0000] {dagbag.py:538} INFO - Filling up the DagBag from /opt/airflow/dags/crawl_crypto_prices.py
[2026-03-21T06:48:53.431+0000] {processor.py:840} INFO - DAG(s) 'crawl_crypto_prices' retrieved from /opt/airflow/dags/crawl_crypto_prices.py
[2026-03-21T06:48:53.453+0000] {logging_mixin.py:188} INFO - [2026-03-21T06:48:53.453+0000] {dag.py:3036} INFO - Sync 1 DAGs
[2026-03-21T06:48:53.473+0000] {logging_mixin.py:188} INFO - [2026-03-21T06:48:53.473+0000] {dag.py:3823} INFO - Setting next_dagrun for crawl_crypto_prices to 2026-03-21 06:00:00+00:00, run_after=2026-03-21 07:00:00+00:00
[2026-03-21T06:48:53.487+0000] {processor.py:183} INFO - Processing /opt/airflow/dags/crawl_crypto_prices.py took 0.069 seconds
[2026-03-21T06:50:59.031+0000] {processor.py:161} INFO - Started process (PID=5934) to work on /opt/airflow/dags/crawl_crypto_prices.py
[2026-03-21T06:50:59.032+0000] {processor.py:830} INFO - Processing file /opt/airflow/dags/crawl_crypto_prices.py for tasks to queue
[2026-03-21T06:50:59.033+0000] {logging_mixin.py:188} INFO - [2026-03-21T06:50:59.032+0000] {dagbag.py:538} INFO - Filling up the DagBag from /opt/airflow/dags/crawl_crypto_prices.py
[2026-03-21T06:50:59.047+0000] {processor.py:840} INFO - DAG(s) 'crawl_crypto_prices' retrieved from /opt/airflow/dags/crawl_crypto_prices.py
[2026-03-21T06:50:59.073+0000] {logging_mixin.py:188} INFO - [2026-03-21T06:50:59.073+0000] {dag.py:3036} INFO - Sync 1 DAGs
[2026-03-21T06:50:59.095+0000] {logging_mixin.py:188} INFO - [2026-03-21T06:50:59.094+0000] {dag.py:3823} INFO - Setting next_dagrun for crawl_crypto_prices to 2026-03-21 06:00:00+00:00, run_after=2026-03-21 07:00:00+00:00
[2026-03-21T06:50:59.115+0000] {processor.py:183} INFO - Processing /opt/airflow/dags/crawl_crypto_prices.py took 0.088 seconds
[2026-03-21T07:07:05.773+0000] {processor.py:161} INFO - Started process (PID=5939) to work on /opt/airflow/dags/crawl_crypto_prices.py
[2026-03-21T07:07:05.773+0000] {processor.py:830} INFO - Processing file /opt/airflow/dags/crawl_crypto_prices.py for tasks to queue
[2026-03-21T07:07:05.774+0000] {logging_mixin.py:188} INFO - [2026-03-21T07:07:05.773+0000] {dagbag.py:538} INFO - Filling up the DagBag from /opt/airflow/dags/crawl_crypto_prices.py
[2026-03-21T07:07:05.781+0000] {processor.py:840} INFO - DAG(s) 'crawl_crypto_prices' retrieved from /opt/airflow/dags/crawl_crypto_prices.py
[2026-03-21T07:07:05.796+0000] {logging_mixin.py:188} INFO - [2026-03-21T07:07:05.796+0000] {dag.py:3036} INFO - Sync 1 DAGs
[2026-03-21T07:07:05.805+0000] {logging_mixin.py:188} INFO - [2026-03-21T07:07:05.805+0000] {dag.py:3823} INFO - Setting next_dagrun for crawl_crypto_prices to 2026-03-21 06:00:00+00:00, run_after=2026-03-21 07:00:00+00:00
[2026-03-21T07:07:05.812+0000] {processor.py:183} INFO - Processing /opt/airflow/dags/crawl_crypto_prices.py took 0.042 seconds
[2026-03-21T08:24:24.528+0000] {processor.py:161} INFO - Started process (PID=5948) to work on /opt/airflow/dags/crawl_crypto_prices.py
[2026-03-21T08:24:24.529+0000] {processor.py:830} INFO - Processing file /opt/airflow/dags/crawl_crypto_prices.py for tasks to queue
[2026-03-21T08:24:24.530+0000] {logging_mixin.py:188} INFO - [2026-03-21T08:24:24.529+0000] {dagbag.py:538} INFO - Filling up the DagBag from /opt/airflow/dags/crawl_crypto_prices.py
[2026-03-21T08:24:24.541+0000] {processor.py:840} INFO - DAG(s) 'crawl_crypto_prices' retrieved from /opt/airflow/dags/crawl_crypto_prices.py
[2026-03-21T08:24:24.566+0000] {logging_mixin.py:188} INFO - [2026-03-21T08:24:24.566+0000] {dag.py:3036} INFO - Sync 1 DAGs
[2026-03-21T08:24:24.594+0000] {logging_mixin.py:188} INFO - [2026-03-21T08:24:24.594+0000] {dag.py:3823} INFO - Setting next_dagrun for crawl_crypto_prices to 2026-03-21 07:00:00+00:00, run_after=2026-03-21 08:00:00+00:00
[2026-03-21T08:24:24.621+0000] {processor.py:183} INFO - Processing /opt/airflow/dags/crawl_crypto_prices.py took 0.096 seconds
[2026-03-21T09:25:16.047+0000] {processor.py:161} INFO - Started process (PID=5955) to work on /opt/airflow/dags/crawl_crypto_prices.py
[2026-03-21T09:25:16.049+0000] {processor.py:830} INFO - Processing file /opt/airflow/dags/crawl_crypto_prices.py for tasks to queue
[2026-03-21T09:25:16.051+0000] {logging_mixin.py:188} INFO - [2026-03-21T09:25:16.050+0000] {dagbag.py:538} INFO - Filling up the DagBag from /opt/airflow/dags/crawl_crypto_prices.py
[2026-03-21T09:25:16.078+0000] {processor.py:840} INFO - DAG(s) 'crawl_crypto_prices' retrieved from /opt/airflow/dags/crawl_crypto_prices.py
[2026-03-21T09:25:16.126+0000] {logging_mixin.py:188} INFO - [2026-03-21T09:25:16.126+0000] {dag.py:3036} INFO - Sync 1 DAGs
[2026-03-21T09:25:16.392+0000] {logging_mixin.py:188} INFO - [2026-03-21T09:25:16.392+0000] {dag.py:3823} INFO - Setting next_dagrun for crawl_crypto_prices to 2026-03-21 09:00:00+00:00, run_after=2026-03-21 10:00:00+00:00
[2026-03-21T09:25:16.420+0000] {processor.py:183} INFO - Processing /opt/airflow/dags/crawl_crypto_prices.py took 0.379 seconds
[2026-03-21T09:25:46.751+0000] {processor.py:161} INFO - Started process (PID=5962) to work on /opt/airflow/dags/crawl_crypto_prices.py
[2026-03-21T09:25:46.752+0000] {processor.py:830} INFO - Processing file /opt/airflow/dags/crawl_crypto_prices.py for tasks to queue
[2026-03-21T09:25:46.753+0000] {logging_mixin.py:188} INFO - [2026-03-21T09:25:46.753+0000] {dagbag.py:538} INFO - Filling up the DagBag from /opt/airflow/dags/crawl_crypto_prices.py
[2026-03-21T09:25:46.766+0000] {processor.py:840} INFO - DAG(s) 'crawl_crypto_prices' retrieved from /opt/airflow/dags/crawl_crypto_prices.py
[2026-03-21T09:25:46.786+0000] {logging_mixin.py:188} INFO - [2026-03-21T09:25:46.785+0000] {dag.py:3036} INFO - Sync 1 DAGs
[2026-03-21T09:25:46.796+0000] {logging_mixin.py:188} INFO - [2026-03-21T09:25:46.795+0000] {dag.py:3823} INFO - Setting next_dagrun for crawl_crypto_prices to 2026-03-21 09:00:00+00:00, run_after=2026-03-21 10:00:00+00:00
[2026-03-21T09:25:46.802+0000] {processor.py:183} INFO - Processing /opt/airflow/dags/crawl_crypto_prices.py took 0.054 seconds
[2026-03-21T09:26:17.056+0000] {processor.py:161} INFO - Started process (PID=5967) to work on /opt/airflow/dags/crawl_crypto_prices.py
[2026-03-21T09:26:17.057+0000] {processor.py:830} INFO - Processing file /opt/airflow/dags/crawl_crypto_prices.py for tasks to queue
[2026-03-21T09:26:17.058+0000] {logging_mixin.py:188} INFO - [2026-03-21T09:26:17.058+0000] {dagbag.py:538} INFO - Filling up the DagBag from /opt/airflow/dags/crawl_crypto_prices.py
[2026-03-21T09:26:17.073+0000] {processor.py:840} INFO - DAG(s) 'crawl_crypto_prices' retrieved from /opt/airflow/dags/crawl_crypto_prices.py
[2026-03-21T09:26:17.096+0000] {logging_mixin.py:188} INFO - [2026-03-21T09:26:17.096+0000] {dag.py:3036} INFO - Sync 1 DAGs
[2026-03-21T09:26:17.107+0000] {logging_mixin.py:188} INFO - [2026-03-21T09:26:17.107+0000] {dag.py:3823} INFO - Setting next_dagrun for crawl_crypto_prices to 2026-03-21 09:00:00+00:00, run_after=2026-03-21 10:00:00+00:00
[2026-03-21T09:26:17.114+0000] {processor.py:183} INFO - Processing /opt/airflow/dags/crawl_crypto_prices.py took 0.062 seconds
[2026-03-21T09:26:47.352+0000] {processor.py:161} INFO - Started process (PID=5972) to work on /opt/airflow/dags/crawl_crypto_prices.py
[2026-03-21T09:26:47.353+0000] {processor.py:830} INFO - Processing file /opt/airflow/dags/crawl_crypto_prices.py for tasks to queue
[2026-03-21T09:26:47.354+0000] {logging_mixin.py:188} INFO - [2026-03-21T09:26:47.354+0000] {dagbag.py:538} INFO - Filling up the DagBag from /opt/airflow/dags/crawl_crypto_prices.py
[2026-03-21T09:26:47.368+0000] {processor.py:840} INFO - DAG(s) 'crawl_crypto_prices' retrieved from /opt/airflow/dags/crawl_crypto_prices.py
[2026-03-21T09:26:47.387+0000] {logging_mixin.py:188} INFO - [2026-03-21T09:26:47.387+0000] {dag.py:3036} INFO - Sync 1 DAGs
[2026-03-21T09:26:47.396+0000] {logging_mixin.py:188} INFO - [2026-03-21T09:26:47.396+0000] {dag.py:3823} INFO - Setting next_dagrun for crawl_crypto_prices to 2026-03-21 09:00:00+00:00, run_after=2026-03-21 10:00:00+00:00
[2026-03-21T09:26:47.403+0000] {processor.py:183} INFO - Processing /opt/airflow/dags/crawl_crypto_prices.py took 0.056 seconds
[2026-03-21T09:27:17.713+0000] {processor.py:161} INFO - Started process (PID=5977) to work on /opt/airflow/dags/crawl_crypto_prices.py
[2026-03-21T09:27:17.714+0000] {processor.py:830} INFO - Processing file /opt/airflow/dags/crawl_crypto_prices.py for tasks to queue
[2026-03-21T09:27:17.715+0000] {logging_mixin.py:188} INFO - [2026-03-21T09:27:17.714+0000] {dagbag.py:538} INFO - Filling up the DagBag from /opt/airflow/dags/crawl_crypto_prices.py
[2026-03-21T09:27:17.725+0000] {processor.py:840} INFO - DAG(s) 'crawl_crypto_prices' retrieved from /opt/airflow/dags/crawl_crypto_prices.py
[2026-03-21T09:27:17.744+0000] {logging_mixin.py:188} INFO - [2026-03-21T09:27:17.744+0000] {dag.py:3036} INFO - Sync 1 DAGs
[2026-03-21T09:27:17.754+0000] {logging_mixin.py:188} INFO - [2026-03-21T09:27:17.754+0000] {dag.py:3823} INFO - Setting next_dagrun for crawl_crypto_prices to 2026-03-21 09:00:00+00:00, run_after=2026-03-21 10:00:00+00:00
[2026-03-21T09:27:17.760+0000] {processor.py:183} INFO - Processing /opt/airflow/dags/crawl_crypto_prices.py took 0.052 seconds
[2026-03-21T09:27:48.015+0000] {processor.py:161} INFO - Started process (PID=5982) to work on /opt/airflow/dags/crawl_crypto_prices.py
[2026-03-21T09:27:48.016+0000] {processor.py:830} INFO - Processing file /opt/airflow/dags/crawl_crypto_prices.py for tasks to queue
[2026-03-21T09:27:48.017+0000] {logging_mixin.py:188} INFO - [2026-03-21T09:27:48.017+0000] {dagbag.py:538} INFO - Filling up the DagBag from /opt/airflow/dags/crawl_crypto_prices.py
[2026-03-21T09:27:48.027+0000] {processor.py:840} INFO - DAG(s) 'crawl_crypto_prices' retrieved from /opt/airflow/dags/crawl_crypto_prices.py
[2026-03-21T09:27:48.045+0000] {logging_mixin.py:188} INFO - [2026-03-21T09:27:48.045+0000] {dag.py:3036} INFO - Sync 1 DAGs
[2026-03-21T09:27:48.055+0000] {logging_mixin.py:188} INFO - [2026-03-21T09:27:48.055+0000] {dag.py:3823} INFO - Setting next_dagrun for crawl_crypto_prices to 2026-03-21 09:00:00+00:00, run_after=2026-03-21 10:00:00+00:00
[2026-03-21T09:27:48.061+0000] {processor.py:183} INFO - Processing /opt/airflow/dags/crawl_crypto_prices.py took 0.051 seconds
[2026-03-21T09:28:18.318+0000] {processor.py:161} INFO - Started process (PID=5987) to work on /opt/airflow/dags/crawl_crypto_prices.py
[2026-03-21T09:28:18.319+0000] {processor.py:830} INFO - Processing file /opt/airflow/dags/crawl_crypto_prices.py for tasks to queue
[2026-03-21T09:28:18.319+0000] {logging_mixin.py:188} INFO - [2026-03-21T09:28:18.319+0000] {dagbag.py:538} INFO - Filling up the DagBag from /opt/airflow/dags/crawl_crypto_prices.py
[2026-03-21T09:28:18.330+0000] {processor.py:840} INFO - DAG(s) 'crawl_crypto_prices' retrieved from /opt/airflow/dags/crawl_crypto_prices.py
[2026-03-21T09:28:18.349+0000] {logging_mixin.py:188} INFO - [2026-03-21T09:28:18.349+0000] {dag.py:3036} INFO - Sync 1 DAGs
[2026-03-21T09:28:18.453+0000] {logging_mixin.py:188} INFO - [2026-03-21T09:28:18.453+0000] {dag.py:3823} INFO - Setting next_dagrun for crawl_crypto_prices to 2026-03-21 09:00:00+00:00, run_after=2026-03-21 10:00:00+00:00
[2026-03-21T09:28:18.459+0000] {processor.py:183} INFO - Processing /opt/airflow/dags/crawl_crypto_prices.py took 0.145 seconds
[2026-03-21T09:28:48.621+0000] {processor.py:161} INFO - Started process (PID=5992) to work on /opt/airflow/dags/crawl_crypto_prices.py
[2026-03-21T09:28:48.622+0000] {processor.py:830} INFO - Processing file /opt/airflow/dags/crawl_crypto_prices.py for tasks to queue
[2026-03-21T09:28:48.623+0000] {logging_mixin.py:188} INFO - [2026-03-21T09:28:48.623+0000] {dagbag.py:538} INFO - Filling up the DagBag from /opt/airflow/dags/crawl_crypto_prices.py
[2026-03-21T09:28:48.634+0000] {processor.py:840} INFO - DAG(s) 'crawl_crypto_prices' retrieved from /opt/airflow/dags/crawl_crypto_prices.py
[2026-03-21T09:28:48.655+0000] {logging_mixin.py:188} INFO - [2026-03-21T09:28:48.655+0000] {dag.py:3036} INFO - Sync 1 DAGs
[2026-03-21T09:28:48.665+0000] {logging_mixin.py:188} INFO - [2026-03-21T09:28:48.665+0000] {dag.py:3823} INFO - Setting next_dagrun for crawl_crypto_prices to 2026-03-21 09:00:00+00:00, run_after=2026-03-21 10:00:00+00:00
[2026-03-21T09:28:48.671+0000] {processor.py:183} INFO - Processing /opt/airflow/dags/crawl_crypto_prices.py took 0.055 seconds
[2026-03-21T09:29:18.926+0000] {processor.py:161} INFO - Started process (PID=5997) to work on /opt/airflow/dags/crawl_crypto_prices.py
[2026-03-21T09:29:18.927+0000] {processor.py:830} INFO - Processing file /opt/airflow/dags/crawl_crypto_prices.py for tasks to queue
[2026-03-21T09:29:18.928+0000] {logging_mixin.py:188} INFO - [2026-03-21T09:29:18.928+0000] {dagbag.py:538} INFO - Filling up the DagBag from /opt/airflow/dags/crawl_crypto_prices.py
[2026-03-21T09:29:18.942+0000] {processor.py:840} INFO - DAG(s) 'crawl_crypto_prices' retrieved from /opt/airflow/dags/crawl_crypto_prices.py
[2026-03-21T09:29:18.960+0000] {logging_mixin.py:188} INFO - [2026-03-21T09:29:18.960+0000] {dag.py:3036} INFO - Sync 1 DAGs
[2026-03-21T09:29:18.969+0000] {logging_mixin.py:188} INFO - [2026-03-21T09:29:18.969+0000] {dag.py:3823} INFO - Setting next_dagrun for crawl_crypto_prices to 2026-03-21 09:00:00+00:00, run_after=2026-03-21 10:00:00+00:00
[2026-03-21T09:29:18.975+0000] {processor.py:183} INFO - Processing /opt/airflow/dags/crawl_crypto_prices.py took 0.053 seconds
[2026-03-21T09:29:49.244+0000] {processor.py:161} INFO - Started process (PID=6002) to work on /opt/airflow/dags/crawl_crypto_prices.py
[2026-03-21T09:29:49.245+0000] {processor.py:830} INFO - Processing file /opt/airflow/dags/crawl_crypto_prices.py for tasks to queue
[2026-03-21T09:29:49.246+0000] {logging_mixin.py:188} INFO - [2026-03-21T09:29:49.246+0000] {dagbag.py:538} INFO - Filling up the DagBag from /opt/airflow/dags/crawl_crypto_prices.py
[2026-03-21T09:29:49.257+0000] {processor.py:840} INFO - DAG(s) 'crawl_crypto_prices' retrieved from /opt/airflow/dags/crawl_crypto_prices.py
[2026-03-21T09:29:49.276+0000] {logging_mixin.py:188} INFO - [2026-03-21T09:29:49.276+0000] {dag.py:3036} INFO - Sync 1 DAGs
[2026-03-21T09:29:49.286+0000] {logging_mixin.py:188} INFO - [2026-03-21T09:29:49.286+0000] {dag.py:3823} INFO - Setting next_dagrun for crawl_crypto_prices to 2026-03-21 09:00:00+00:00, run_after=2026-03-21 10:00:00+00:00
[2026-03-21T09:29:49.293+0000] {processor.py:183} INFO - Processing /opt/airflow/dags/crawl_crypto_prices.py took 0.052 seconds
[2026-03-21T09:30:19.549+0000] {processor.py:161} INFO - Started process (PID=6007) to work on /opt/airflow/dags/crawl_crypto_prices.py
[2026-03-21T09:30:19.550+0000] {processor.py:830} INFO - Processing file /opt/airflow/dags/crawl_crypto_prices.py for tasks to queue
[2026-03-21T09:30:19.551+0000] {logging_mixin.py:188} INFO - [2026-03-21T09:30:19.551+0000] {dagbag.py:538} INFO - Filling up the DagBag from /opt/airflow/dags/crawl_crypto_prices.py
[2026-03-21T09:30:19.561+0000] {processor.py:840} INFO - DAG(s) 'crawl_crypto_prices' retrieved from /opt/airflow/dags/crawl_crypto_prices.py
[2026-03-21T09:30:19.580+0000] {logging_mixin.py:188} INFO - [2026-03-21T09:30:19.580+0000] {dag.py:3036} INFO - Sync 1 DAGs
[2026-03-21T09:30:19.590+0000] {logging_mixin.py:188} INFO - [2026-03-21T09:30:19.590+0000] {dag.py:3823} INFO - Setting next_dagrun for crawl_crypto_prices to 2026-03-21 09:00:00+00:00, run_after=2026-03-21 10:00:00+00:00
[2026-03-21T09:30:19.596+0000] {processor.py:183} INFO - Processing /opt/airflow/dags/crawl_crypto_prices.py took 0.051 seconds
[2026-03-21T09:30:49.864+0000] {processor.py:161} INFO - Started process (PID=6012) to work on /opt/airflow/dags/crawl_crypto_prices.py
[2026-03-21T09:30:49.865+0000] {processor.py:830} INFO - Processing file /opt/airflow/dags/crawl_crypto_prices.py for tasks to queue
[2026-03-21T09:30:49.866+0000] {logging_mixin.py:188} INFO - [2026-03-21T09:30:49.866+0000] {dagbag.py:538} INFO - Filling up the DagBag from /opt/airflow/dags/crawl_crypto_prices.py
[2026-03-21T09:30:49.877+0000] {processor.py:840} INFO - DAG(s) 'crawl_crypto_prices' retrieved from /opt/airflow/dags/crawl_crypto_prices.py
[2026-03-21T09:30:49.896+0000] {logging_mixin.py:188} INFO - [2026-03-21T09:30:49.896+0000] {dag.py:3036} INFO - Sync 1 DAGs
[2026-03-21T09:30:49.907+0000] {logging_mixin.py:188} INFO - [2026-03-21T09:30:49.906+0000] {dag.py:3823} INFO - Setting next_dagrun for crawl_crypto_prices to 2026-03-21 09:00:00+00:00, run_after=2026-03-21 10:00:00+00:00
[2026-03-21T09:30:49.991+0000] {processor.py:183} INFO - Processing /opt/airflow/dags/crawl_crypto_prices.py took 0.130 seconds
[2026-03-21T09:31:20.126+0000] {processor.py:161} INFO - Started process (PID=6017) to work on /opt/airflow/dags/crawl_crypto_prices.py
[2026-03-21T09:31:20.128+0000] {processor.py:830} INFO - Processing file /opt/airflow/dags/crawl_crypto_prices.py for tasks to queue
[2026-03-21T09:31:20.128+0000] {logging_mixin.py:188} INFO - [2026-03-21T09:31:20.128+0000] {dagbag.py:538} INFO - Filling up the DagBag from /opt/airflow/dags/crawl_crypto_prices.py
[2026-03-21T09:31:20.139+0000] {processor.py:840} INFO - DAG(s) 'crawl_crypto_prices' retrieved from /opt/airflow/dags/crawl_crypto_prices.py
[2026-03-21T09:31:20.160+0000] {logging_mixin.py:188} INFO - [2026-03-21T09:31:20.159+0000] {dag.py:3036} INFO - Sync 1 DAGs
[2026-03-21T09:31:20.171+0000] {logging_mixin.py:188} INFO - [2026-03-21T09:31:20.171+0000] {dag.py:3823} INFO - Setting next_dagrun for crawl_crypto_prices to 2026-03-21 09:00:00+00:00, run_after=2026-03-21 10:00:00+00:00
[2026-03-21T09:31:20.177+0000] {processor.py:183} INFO - Processing /opt/airflow/dags/crawl_crypto_prices.py took 0.055 seconds
[2026-03-21T09:31:50.392+0000] {processor.py:161} INFO - Started process (PID=6022) to work on /opt/airflow/dags/crawl_crypto_prices.py
[2026-03-21T09:31:50.393+0000] {processor.py:830} INFO - Processing file /opt/airflow/dags/crawl_crypto_prices.py for tasks to queue
[2026-03-21T09:31:50.394+0000] {logging_mixin.py:188} INFO - [2026-03-21T09:31:50.394+0000] {dagbag.py:538} INFO - Filling up the DagBag from /opt/airflow/dags/crawl_crypto_prices.py
[2026-03-21T09:31:50.402+0000] {processor.py:840} INFO - DAG(s) 'crawl_crypto_prices' retrieved from /opt/airflow/dags/crawl_crypto_prices.py
[2026-03-21T09:31:50.417+0000] {logging_mixin.py:188} INFO - [2026-03-21T09:31:50.417+0000] {dag.py:3036} INFO - Sync 1 DAGs
[2026-03-21T09:31:50.427+0000] {logging_mixin.py:188} INFO - [2026-03-21T09:31:50.427+0000] {dag.py:3823} INFO - Setting next_dagrun for crawl_crypto_prices to 2026-03-21 09:00:00+00:00, run_after=2026-03-21 10:00:00+00:00
[2026-03-21T09:31:50.433+0000] {processor.py:183} INFO - Processing /opt/airflow/dags/crawl_crypto_prices.py took 0.043 seconds
[2026-03-21T09:32:20.704+0000] {processor.py:161} INFO - Started process (PID=6027) to work on /opt/airflow/dags/crawl_crypto_prices.py
[2026-03-21T09:32:20.705+0000] {processor.py:830} INFO - Processing file /opt/airflow/dags/crawl_crypto_prices.py for tasks to queue
[2026-03-21T09:32:20.706+0000] {logging_mixin.py:188} INFO - [2026-03-21T09:32:20.706+0000] {dagbag.py:538} INFO - Filling up the DagBag from /opt/airflow/dags/crawl_crypto_prices.py
[2026-03-21T09:32:20.717+0000] {processor.py:840} INFO - DAG(s) 'crawl_crypto_prices' retrieved from /opt/airflow/dags/crawl_crypto_prices.py
[2026-03-21T09:32:20.735+0000] {logging_mixin.py:188} INFO - [2026-03-21T09:32:20.735+0000] {dag.py:3036} INFO - Sync 1 DAGs
[2026-03-21T09:32:20.744+0000] {logging_mixin.py:188} INFO - [2026-03-21T09:32:20.744+0000] {dag.py:3823} INFO - Setting next_dagrun for crawl_crypto_prices to 2026-03-21 09:00:00+00:00, run_after=2026-03-21 10:00:00+00:00
[2026-03-21T09:32:20.750+0000] {processor.py:183} INFO - Processing /opt/airflow/dags/crawl_crypto_prices.py took 0.049 seconds
[2026-03-21T09:32:51.001+0000] {processor.py:161} INFO - Started process (PID=6032) to work on /opt/airflow/dags/crawl_crypto_prices.py
[2026-03-21T09:32:51.002+0000] {processor.py:830} INFO - Processing file /opt/airflow/dags/crawl_crypto_prices.py for tasks to queue
[2026-03-21T09:32:51.003+0000] {logging_mixin.py:188} INFO - [2026-03-21T09:32:51.003+0000] {dagbag.py:538} INFO - Filling up the DagBag from /opt/airflow/dags/crawl_crypto_prices.py
[2026-03-21T09:32:51.013+0000] {processor.py:840} INFO - DAG(s) 'crawl_crypto_prices' retrieved from /opt/airflow/dags/crawl_crypto_prices.py
[2026-03-21T09:32:51.032+0000] {logging_mixin.py:188} INFO - [2026-03-21T09:32:51.032+0000] {dag.py:3036} INFO - Sync 1 DAGs
[2026-03-21T09:32:51.042+0000] {logging_mixin.py:188} INFO - [2026-03-21T09:32:51.042+0000] {dag.py:3823} INFO - Setting next_dagrun for crawl_crypto_prices to 2026-03-21 09:00:00+00:00, run_after=2026-03-21 10:00:00+00:00
[2026-03-21T09:32:51.048+0000] {processor.py:183} INFO - Processing /opt/airflow/dags/crawl_crypto_prices.py took 0.051 seconds
[2026-03-21T09:33:21.283+0000] {processor.py:161} INFO - Started process (PID=6037) to work on /opt/airflow/dags/crawl_crypto_prices.py
[2026-03-21T09:33:21.284+0000] {processor.py:830} INFO - Processing file /opt/airflow/dags/crawl_crypto_prices.py for tasks to queue
[2026-03-21T09:33:21.284+0000] {logging_mixin.py:188} INFO - [2026-03-21T09:33:21.284+0000] {dagbag.py:538} INFO - Filling up the DagBag from /opt/airflow/dags/crawl_crypto_prices.py
[2026-03-21T09:33:21.294+0000] {processor.py:840} INFO - DAG(s) 'crawl_crypto_prices' retrieved from /opt/airflow/dags/crawl_crypto_prices.py
[2026-03-21T09:33:21.309+0000] {logging_mixin.py:188} INFO - [2026-03-21T09:33:21.309+0000] {dag.py:3036} INFO - Sync 1 DAGs
[2026-03-21T09:33:21.319+0000] {logging_mixin.py:188} INFO - [2026-03-21T09:33:21.318+0000] {dag.py:3823} INFO - Setting next_dagrun for crawl_crypto_prices to 2026-03-21 09:00:00+00:00, run_after=2026-03-21 10:00:00+00:00
[2026-03-21T09:33:21.325+0000] {processor.py:183} INFO - Processing /opt/airflow/dags/crawl_crypto_prices.py took 0.045 seconds
[2026-03-21T09:33:51.530+0000] {processor.py:161} INFO - Started process (PID=6042) to work on /opt/airflow/dags/crawl_crypto_prices.py
[2026-03-21T09:33:51.531+0000] {processor.py:830} INFO - Processing file /opt/airflow/dags/crawl_crypto_prices.py for tasks to queue
[2026-03-21T09:33:51.531+0000] {logging_mixin.py:188} INFO - [2026-03-21T09:33:51.531+0000] {dagbag.py:538} INFO - Filling up the DagBag from /opt/airflow/dags/crawl_crypto_prices.py
[2026-03-21T09:33:51.537+0000] {processor.py:840} INFO - DAG(s) 'crawl_crypto_prices' retrieved from /opt/airflow/dags/crawl_crypto_prices.py
[2026-03-21T09:33:51.551+0000] {logging_mixin.py:188} INFO - [2026-03-21T09:33:51.550+0000] {dag.py:3036} INFO - Sync 1 DAGs
[2026-03-21T09:33:51.560+0000] {logging_mixin.py:188} INFO - [2026-03-21T09:33:51.560+0000] {dag.py:3823} INFO - Setting next_dagrun for crawl_crypto_prices to 2026-03-21 09:00:00+00:00, run_after=2026-03-21 10:00:00+00:00
[2026-03-21T09:33:51.645+0000] {processor.py:183} INFO - Processing /opt/airflow/dags/crawl_crypto_prices.py took 0.116 seconds
[2026-03-21T09:34:21.828+0000] {processor.py:161} INFO - Started process (PID=6047) to work on /opt/airflow/dags/crawl_crypto_prices.py
[2026-03-21T09:34:21.829+0000] {processor.py:830} INFO - Processing file /opt/airflow/dags/crawl_crypto_prices.py for tasks to queue
[2026-03-21T09:34:21.829+0000] {logging_mixin.py:188} INFO - [2026-03-21T09:34:21.829+0000] {dagbag.py:538} INFO - Filling up the DagBag from /opt/airflow/dags/crawl_crypto_prices.py
[2026-03-21T09:34:21.838+0000] {processor.py:840} INFO - DAG(s) 'crawl_crypto_prices' retrieved from /opt/airflow/dags/crawl_crypto_prices.py
[2026-03-21T09:34:21.853+0000] {logging_mixin.py:188} INFO - [2026-03-21T09:34:21.853+0000] {dag.py:3036} INFO - Sync 1 DAGs
[2026-03-21T09:34:21.921+0000] {logging_mixin.py:188} INFO - [2026-03-21T09:34:21.921+0000] {dag.py:3823} INFO - Setting next_dagrun for crawl_crypto_prices to 2026-03-21 09:00:00+00:00, run_after=2026-03-21 10:00:00+00:00
[2026-03-21T09:34:21.927+0000] {processor.py:183} INFO - Processing /opt/airflow/dags/crawl_crypto_prices.py took 0.101 seconds
[2026-03-21T09:34:52.251+0000] {processor.py:161} INFO - Started process (PID=6052) to work on /opt/airflow/dags/crawl_crypto_prices.py
[2026-03-21T09:34:52.252+0000] {processor.py:830} INFO - Processing file /opt/airflow/dags/crawl_crypto_prices.py for tasks to queue
[2026-03-21T09:34:52.252+0000] {logging_mixin.py:188} INFO - [2026-03-21T09:34:52.252+0000] {dagbag.py:538} INFO - Filling up the DagBag from /opt/airflow/dags/crawl_crypto_prices.py
[2026-03-21T09:34:52.263+0000] {processor.py:840} INFO - DAG(s) 'crawl_crypto_prices' retrieved from /opt/airflow/dags/crawl_crypto_prices.py
[2026-03-21T09:34:52.282+0000] {logging_mixin.py:188} INFO - [2026-03-21T09:34:52.281+0000] {dag.py:3036} INFO - Sync 1 DAGs
[2026-03-21T09:34:52.292+0000] {logging_mixin.py:188} INFO - [2026-03-21T09:34:52.292+0000] {dag.py:3823} INFO - Setting next_dagrun for crawl_crypto_prices to 2026-03-21 09:00:00+00:00, run_after=2026-03-21 10:00:00+00:00
[2026-03-21T09:34:52.298+0000] {processor.py:183} INFO - Processing /opt/airflow/dags/crawl_crypto_prices.py took 0.051 seconds
[2026-03-21T09:35:22.580+0000] {processor.py:161} INFO - Started process (PID=6057) to work on /opt/airflow/dags/crawl_crypto_prices.py
[2026-03-21T09:35:22.581+0000] {processor.py:830} INFO - Processing file /opt/airflow/dags/crawl_crypto_prices.py for tasks to queue
[2026-03-21T09:35:22.582+0000] {logging_mixin.py:188} INFO - [2026-03-21T09:35:22.582+0000] {dagbag.py:538} INFO - Filling up the DagBag from /opt/airflow/dags/crawl_crypto_prices.py
[2026-03-21T09:35:22.593+0000] {processor.py:840} INFO - DAG(s) 'crawl_crypto_prices' retrieved from /opt/airflow/dags/crawl_crypto_prices.py
[2026-03-21T09:35:22.611+0000] {logging_mixin.py:188} INFO - [2026-03-21T09:35:22.611+0000] {dag.py:3036} INFO - Sync 1 DAGs
[2026-03-21T09:35:22.621+0000] {logging_mixin.py:188} INFO - [2026-03-21T09:35:22.621+0000] {dag.py:3823} INFO - Setting next_dagrun for crawl_crypto_prices to 2026-03-21 09:00:00+00:00, run_after=2026-03-21 10:00:00+00:00
[2026-03-21T09:35:22.627+0000] {processor.py:183} INFO - Processing /opt/airflow/dags/crawl_crypto_prices.py took 0.050 seconds
[2026-03-21T09:35:52.893+0000] {processor.py:161} INFO - Started process (PID=6062) to work on /opt/airflow/dags/crawl_crypto_prices.py
[2026-03-21T09:35:52.894+0000] {processor.py:830} INFO - Processing file /opt/airflow/dags/crawl_crypto_prices.py for tasks to queue
[2026-03-21T09:35:52.894+0000] {logging_mixin.py:188} INFO - [2026-03-21T09:35:52.894+0000] {dagbag.py:538} INFO - Filling up the DagBag from /opt/airflow/dags/crawl_crypto_prices.py
[2026-03-21T09:35:52.905+0000] {processor.py:840} INFO - DAG(s) 'crawl_crypto_prices' retrieved from /opt/airflow/dags/crawl_crypto_prices.py
[2026-03-21T09:35:52.921+0000] {logging_mixin.py:188} INFO - [2026-03-21T09:35:52.921+0000] {dag.py:3036} INFO - Sync 1 DAGs
[2026-03-21T09:35:52.932+0000] {logging_mixin.py:188} INFO - [2026-03-21T09:35:52.932+0000] {dag.py:3823} INFO - Setting next_dagrun for crawl_crypto_prices to 2026-03-21 09:00:00+00:00, run_after=2026-03-21 10:00:00+00:00
[2026-03-21T09:35:52.950+0000] {processor.py:183} INFO - Processing /opt/airflow/dags/crawl_crypto_prices.py took 0.061 seconds
[2026-03-21T09:36:23.206+0000] {processor.py:161} INFO - Started process (PID=6067) to work on /opt/airflow/dags/crawl_crypto_prices.py
[2026-03-21T09:36:23.207+0000] {processor.py:830} INFO - Processing file /opt/airflow/dags/crawl_crypto_prices.py for tasks to queue
[2026-03-21T09:36:23.208+0000] {logging_mixin.py:188} INFO - [2026-03-21T09:36:23.207+0000] {dagbag.py:538} INFO - Filling up the DagBag from /opt/airflow/dags/crawl_crypto_prices.py
[2026-03-21T09:36:23.218+0000] {processor.py:840} INFO - DAG(s) 'crawl_crypto_prices' retrieved from /opt/airflow/dags/crawl_crypto_prices.py
[2026-03-21T09:36:23.236+0000] {logging_mixin.py:188} INFO - [2026-03-21T09:36:23.235+0000] {dag.py:3036} INFO - Sync 1 DAGs
[2026-03-21T09:36:23.245+0000] {logging_mixin.py:188} INFO - [2026-03-21T09:36:23.245+0000] {dag.py:3823} INFO - Setting next_dagrun for crawl_crypto_prices to 2026-03-21 09:00:00+00:00, run_after=2026-03-21 10:00:00+00:00
[2026-03-21T09:36:23.252+0000] {processor.py:183} INFO - Processing /opt/airflow/dags/crawl_crypto_prices.py took 0.049 seconds
[2026-03-21T09:36:53.478+0000] {processor.py:161} INFO - Started process (PID=6072) to work on /opt/airflow/dags/crawl_crypto_prices.py
[2026-03-21T09:36:53.479+0000] {processor.py:830} INFO - Processing file /opt/airflow/dags/crawl_crypto_prices.py for tasks to queue
[2026-03-21T09:36:53.480+0000] {logging_mixin.py:188} INFO - [2026-03-21T09:36:53.479+0000] {dagbag.py:538} INFO - Filling up the DagBag from /opt/airflow/dags/crawl_crypto_prices.py
[2026-03-21T09:36:53.491+0000] {processor.py:840} INFO - DAG(s) 'crawl_crypto_prices' retrieved from /opt/airflow/dags/crawl_crypto_prices.py
[2026-03-21T09:36:53.510+0000] {logging_mixin.py:188} INFO - [2026-03-21T09:36:53.510+0000] {dag.py:3036} INFO - Sync 1 DAGs
[2026-03-21T09:36:53.578+0000] {logging_mixin.py:188} INFO - [2026-03-21T09:36:53.578+0000] {dag.py:3823} INFO - Setting next_dagrun for crawl_crypto_prices to 2026-03-21 09:00:00+00:00, run_after=2026-03-21 10:00:00+00:00
[2026-03-21T09:36:53.583+0000] {processor.py:183} INFO - Processing /opt/airflow/dags/crawl_crypto_prices.py took 0.110 seconds
[2026-03-21T09:37:23.826+0000] {processor.py:161} INFO - Started process (PID=6077) to work on /opt/airflow/dags/crawl_crypto_prices.py
[2026-03-21T09:37:23.827+0000] {processor.py:830} INFO - Processing file /opt/airflow/dags/crawl_crypto_prices.py for tasks to queue
[2026-03-21T09:37:23.828+0000] {logging_mixin.py:188} INFO - [2026-03-21T09:37:23.827+0000] {dagbag.py:538} INFO - Filling up the DagBag from /opt/airflow/dags/crawl_crypto_prices.py
[2026-03-21T09:37:23.839+0000] {processor.py:840} INFO - DAG(s) 'crawl_crypto_prices' retrieved from /opt/airflow/dags/crawl_crypto_prices.py
[2026-03-21T09:37:23.859+0000] {logging_mixin.py:188} INFO - [2026-03-21T09:37:23.859+0000] {dag.py:3036} INFO - Sync 1 DAGs
[2026-03-21T09:37:23.869+0000] {logging_mixin.py:188} INFO - [2026-03-21T09:37:23.869+0000] {dag.py:3823} INFO - Setting next_dagrun for crawl_crypto_prices to 2026-03-21 09:00:00+00:00, run_after=2026-03-21 10:00:00+00:00
[2026-03-21T09:37:23.875+0000] {processor.py:183} INFO - Processing /opt/airflow/dags/crawl_crypto_prices.py took 0.054 seconds
[2026-03-21T09:37:54.165+0000] {processor.py:161} INFO - Started process (PID=6082) to work on /opt/airflow/dags/crawl_crypto_prices.py
[2026-03-21T09:37:54.166+0000] {processor.py:830} INFO - Processing file /opt/airflow/dags/crawl_crypto_prices.py for tasks to queue
[2026-03-21T09:37:54.167+0000] {logging_mixin.py:188} INFO - [2026-03-21T09:37:54.166+0000] {dagbag.py:538} INFO - Filling up the DagBag from /opt/airflow/dags/crawl_crypto_prices.py
[2026-03-21T09:37:54.176+0000] {processor.py:840} INFO - DAG(s) 'crawl_crypto_prices' retrieved from /opt/airflow/dags/crawl_crypto_prices.py
[2026-03-21T09:37:54.193+0000] {logging_mixin.py:188} INFO - [2026-03-21T09:37:54.193+0000] {dag.py:3036} INFO - Sync 1 DAGs
[2026-03-21T09:37:54.203+0000] {logging_mixin.py:188} INFO - [2026-03-21T09:37:54.203+0000] {dag.py:3823} INFO - Setting next_dagrun for crawl_crypto_prices to 2026-03-21 09:00:00+00:00, run_after=2026-03-21 10:00:00+00:00
[2026-03-21T09:37:54.210+0000] {processor.py:183} INFO - Processing /opt/airflow/dags/crawl_crypto_prices.py took 0.048 seconds
[2026-03-21T09:38:24.498+0000] {processor.py:161} INFO - Started process (PID=6087) to work on /opt/airflow/dags/crawl_crypto_prices.py
[2026-03-21T09:38:24.499+0000] {processor.py:830} INFO - Processing file /opt/airflow/dags/crawl_crypto_prices.py for tasks to queue
[2026-03-21T09:38:24.500+0000] {logging_mixin.py:188} INFO - [2026-03-21T09:38:24.499+0000] {dagbag.py:538} INFO - Filling up the DagBag from /opt/airflow/dags/crawl_crypto_prices.py
[2026-03-21T09:38:24.510+0000] {processor.py:840} INFO - DAG(s) 'crawl_crypto_prices' retrieved from /opt/airflow/dags/crawl_crypto_prices.py
[2026-03-21T09:38:24.529+0000] {logging_mixin.py:188} INFO - [2026-03-21T09:38:24.529+0000] {dag.py:3036} INFO - Sync 1 DAGs
[2026-03-21T09:38:24.539+0000] {logging_mixin.py:188} INFO - [2026-03-21T09:38:24.539+0000] {dag.py:3823} INFO - Setting next_dagrun for crawl_crypto_prices to 2026-03-21 09:00:00+00:00, run_after=2026-03-21 10:00:00+00:00
[2026-03-21T09:38:24.546+0000] {processor.py:183} INFO - Processing /opt/airflow/dags/crawl_crypto_prices.py took 0.051 seconds
[2026-03-21T09:38:54.818+0000] {processor.py:161} INFO - Started process (PID=6092) to work on /opt/airflow/dags/crawl_crypto_prices.py
[2026-03-21T09:38:54.820+0000] {processor.py:830} INFO - Processing file /opt/airflow/dags/crawl_crypto_prices.py for tasks to queue
[2026-03-21T09:38:54.820+0000] {logging_mixin.py:188} INFO - [2026-03-21T09:38:54.820+0000] {dagbag.py:538} INFO - Filling up the DagBag from /opt/airflow/dags/crawl_crypto_prices.py
[2026-03-21T09:38:54.830+0000] {processor.py:840} INFO - DAG(s) 'crawl_crypto_prices' retrieved from /opt/airflow/dags/crawl_crypto_prices.py
[2026-03-21T09:38:54.849+0000] {logging_mixin.py:188} INFO - [2026-03-21T09:38:54.849+0000] {dag.py:3036} INFO - Sync 1 DAGs
[2026-03-21T09:38:54.859+0000] {logging_mixin.py:188} INFO - [2026-03-21T09:38:54.859+0000] {dag.py:3823} INFO - Setting next_dagrun for crawl_crypto_prices to 2026-03-21 09:00:00+00:00, run_after=2026-03-21 10:00:00+00:00
[2026-03-21T09:38:54.865+0000] {processor.py:183} INFO - Processing /opt/airflow/dags/crawl_crypto_prices.py took 0.051 seconds
[2026-03-21T09:39:25.144+0000] {processor.py:161} INFO - Started process (PID=6097) to work on /opt/airflow/dags/crawl_crypto_prices.py
[2026-03-21T09:39:25.145+0000] {processor.py:830} INFO - Processing file /opt/airflow/dags/crawl_crypto_prices.py for tasks to queue
[2026-03-21T09:39:25.145+0000] {logging_mixin.py:188} INFO - [2026-03-21T09:39:25.145+0000] {dagbag.py:538} INFO - Filling up the DagBag from /opt/airflow/dags/crawl_crypto_prices.py
[2026-03-21T09:39:25.156+0000] {processor.py:840} INFO - DAG(s) 'crawl_crypto_prices' retrieved from /opt/airflow/dags/crawl_crypto_prices.py
[2026-03-21T09:39:25.174+0000] {logging_mixin.py:188} INFO - [2026-03-21T09:39:25.174+0000] {dag.py:3036} INFO - Sync 1 DAGs
[2026-03-21T09:39:25.184+0000] {logging_mixin.py:188} INFO - [2026-03-21T09:39:25.184+0000] {dag.py:3823} INFO - Setting next_dagrun for crawl_crypto_prices to 2026-03-21 09:00:00+00:00, run_after=2026-03-21 10:00:00+00:00
[2026-03-21T09:39:25.191+0000] {processor.py:183} INFO - Processing /opt/airflow/dags/crawl_crypto_prices.py took 0.050 seconds
[2026-03-21T09:39:55.463+0000] {processor.py:161} INFO - Started process (PID=6102) to work on /opt/airflow/dags/crawl_crypto_prices.py
[2026-03-21T09:39:55.463+0000] {processor.py:830} INFO - Processing file /opt/airflow/dags/crawl_crypto_prices.py for tasks to queue
[2026-03-21T09:39:55.464+0000] {logging_mixin.py:188} INFO - [2026-03-21T09:39:55.464+0000] {dagbag.py:538} INFO - Filling up the DagBag from /opt/airflow/dags/crawl_crypto_prices.py
[2026-03-21T09:39:55.474+0000] {processor.py:840} INFO - DAG(s) 'crawl_crypto_prices' retrieved from /opt/airflow/dags/crawl_crypto_prices.py
[2026-03-21T09:39:55.494+0000] {logging_mixin.py:188} INFO - [2026-03-21T09:39:55.494+0000] {dag.py:3036} INFO - Sync 1 DAGs
[2026-03-21T09:39:55.561+0000] {logging_mixin.py:188} INFO - [2026-03-21T09:39:55.560+0000] {dag.py:3823} INFO - Setting next_dagrun for crawl_crypto_prices to 2026-03-21 09:00:00+00:00, run_after=2026-03-21 10:00:00+00:00
[2026-03-21T09:39:55.566+0000] {processor.py:183} INFO - Processing /opt/airflow/dags/crawl_crypto_prices.py took 0.107 seconds
[2026-03-21T09:40:25.779+0000] {processor.py:161} INFO - Started process (PID=6107) to work on /opt/airflow/dags/crawl_crypto_prices.py
[2026-03-21T09:40:25.780+0000] {processor.py:830} INFO - Processing file /opt/airflow/dags/crawl_crypto_prices.py for tasks to queue
[2026-03-21T09:40:25.781+0000] {logging_mixin.py:188} INFO - [2026-03-21T09:40:25.781+0000] {dagbag.py:538} INFO - Filling up the DagBag from /opt/airflow/dags/crawl_crypto_prices.py
[2026-03-21T09:40:25.792+0000] {processor.py:840} INFO - DAG(s) 'crawl_crypto_prices' retrieved from /opt/airflow/dags/crawl_crypto_prices.py
[2026-03-21T09:40:25.810+0000] {logging_mixin.py:188} INFO - [2026-03-21T09:40:25.810+0000] {dag.py:3036} INFO - Sync 1 DAGs
[2026-03-21T09:40:25.821+0000] {logging_mixin.py:188} INFO - [2026-03-21T09:40:25.821+0000] {dag.py:3823} INFO - Setting next_dagrun for crawl_crypto_prices to 2026-03-21 09:00:00+00:00, run_after=2026-03-21 10:00:00+00:00
[2026-03-21T09:40:25.827+0000] {processor.py:183} INFO - Processing /opt/airflow/dags/crawl_crypto_prices.py took 0.052 seconds
[2026-03-21T09:40:56.104+0000] {processor.py:161} INFO - Started process (PID=6112) to work on /opt/airflow/dags/crawl_crypto_prices.py
[2026-03-21T09:40:56.104+0000] {processor.py:830} INFO - Processing file /opt/airflow/dags/crawl_crypto_prices.py for tasks to queue
[2026-03-21T09:40:56.105+0000] {logging_mixin.py:188} INFO - [2026-03-21T09:40:56.105+0000] {dagbag.py:538} INFO - Filling up the DagBag from /opt/airflow/dags/crawl_crypto_prices.py
[2026-03-21T09:40:56.114+0000] {processor.py:840} INFO - DAG(s) 'crawl_crypto_prices' retrieved from /opt/airflow/dags/crawl_crypto_prices.py
[2026-03-21T09:40:56.130+0000] {logging_mixin.py:188} INFO - [2026-03-21T09:40:56.129+0000] {dag.py:3036} INFO - Sync 1 DAGs
[2026-03-21T09:40:56.140+0000] {logging_mixin.py:188} INFO - [2026-03-21T09:40:56.140+0000] {dag.py:3823} INFO - Setting next_dagrun for crawl_crypto_prices to 2026-03-21 09:00:00+00:00, run_after=2026-03-21 10:00:00+00:00
[2026-03-21T09:40:56.148+0000] {processor.py:183} INFO - Processing /opt/airflow/dags/crawl_crypto_prices.py took 0.047 seconds
[2026-03-21T09:41:26.387+0000] {processor.py:161} INFO - Started process (PID=6117) to work on /opt/airflow/dags/crawl_crypto_prices.py
[2026-03-21T09:41:26.388+0000] {processor.py:830} INFO - Processing file /opt/airflow/dags/crawl_crypto_prices.py for tasks to queue
[2026-03-21T09:41:26.389+0000] {logging_mixin.py:188} INFO - [2026-03-21T09:41:26.389+0000] {dagbag.py:538} INFO - Filling up the DagBag from /opt/airflow/dags/crawl_crypto_prices.py
[2026-03-21T09:41:26.400+0000] {processor.py:840} INFO - DAG(s) 'crawl_crypto_prices' retrieved from /opt/airflow/dags/crawl_crypto_prices.py
[2026-03-21T09:41:26.421+0000] {logging_mixin.py:188} INFO - [2026-03-21T09:41:26.421+0000] {dag.py:3036} INFO - Sync 1 DAGs
[2026-03-21T09:41:26.431+0000] {logging_mixin.py:188} INFO - [2026-03-21T09:41:26.431+0000] {dag.py:3823} INFO - Setting next_dagrun for crawl_crypto_prices to 2026-03-21 09:00:00+00:00, run_after=2026-03-21 10:00:00+00:00
[2026-03-21T09:41:26.438+0000] {processor.py:183} INFO - Processing /opt/airflow/dags/crawl_crypto_prices.py took 0.054 seconds
[2026-03-21T09:41:56.661+0000] {processor.py:161} INFO - Started process (PID=6122) to work on /opt/airflow/dags/crawl_crypto_prices.py
[2026-03-21T09:41:56.662+0000] {processor.py:830} INFO - Processing file /opt/airflow/dags/crawl_crypto_prices.py for tasks to queue
[2026-03-21T09:41:56.663+0000] {logging_mixin.py:188} INFO - [2026-03-21T09:41:56.662+0000] {dagbag.py:538} INFO - Filling up the DagBag from /opt/airflow/dags/crawl_crypto_prices.py
[2026-03-21T09:41:56.670+0000] {processor.py:840} INFO - DAG(s) 'crawl_crypto_prices' retrieved from /opt/airflow/dags/crawl_crypto_prices.py
[2026-03-21T09:41:56.685+0000] {logging_mixin.py:188} INFO - [2026-03-21T09:41:56.685+0000] {dag.py:3036} INFO - Sync 1 DAGs
[2026-03-21T09:41:56.695+0000] {logging_mixin.py:188} INFO - [2026-03-21T09:41:56.695+0000] {dag.py:3823} INFO - Setting next_dagrun for crawl_crypto_prices to 2026-03-21 09:00:00+00:00, run_after=2026-03-21 10:00:00+00:00
[2026-03-21T09:41:56.702+0000] {processor.py:183} INFO - Processing /opt/airflow/dags/crawl_crypto_prices.py took 0.044 seconds
[2026-03-21T09:42:26.977+0000] {processor.py:161} INFO - Started process (PID=6127) to work on /opt/airflow/dags/crawl_crypto_prices.py
[2026-03-21T09:42:26.978+0000] {processor.py:830} INFO - Processing file /opt/airflow/dags/crawl_crypto_prices.py for tasks to queue
[2026-03-21T09:42:26.979+0000] {logging_mixin.py:188} INFO - [2026-03-21T09:42:26.979+0000] {dagbag.py:538} INFO - Filling up the DagBag from /opt/airflow/dags/crawl_crypto_prices.py
[2026-03-21T09:42:26.990+0000] {processor.py:840} INFO - DAG(s) 'crawl_crypto_prices' retrieved from /opt/airflow/dags/crawl_crypto_prices.py
[2026-03-21T09:42:27.009+0000] {logging_mixin.py:188} INFO - [2026-03-21T09:42:27.008+0000] {dag.py:3036} INFO - Sync 1 DAGs
[2026-03-21T09:42:27.020+0000] {logging_mixin.py:188} INFO - [2026-03-21T09:42:27.019+0000] {dag.py:3823} INFO - Setting next_dagrun for crawl_crypto_prices to 2026-03-21 09:00:00+00:00, run_after=2026-03-21 10:00:00+00:00
[2026-03-21T09:42:27.079+0000] {processor.py:183} INFO - Processing /opt/airflow/dags/crawl_crypto_prices.py took 0.105 seconds
[2026-03-21T09:42:57.269+0000] {processor.py:161} INFO - Started process (PID=6132) to work on /opt/airflow/dags/crawl_crypto_prices.py
[2026-03-21T09:42:57.270+0000] {processor.py:830} INFO - Processing file /opt/airflow/dags/crawl_crypto_prices.py for tasks to queue
[2026-03-21T09:42:57.271+0000] {logging_mixin.py:188} INFO - [2026-03-21T09:42:57.271+0000] {dagbag.py:538} INFO - Filling up the DagBag from /opt/airflow/dags/crawl_crypto_prices.py
[2026-03-21T09:42:57.282+0000] {processor.py:840} INFO - DAG(s) 'crawl_crypto_prices' retrieved from /opt/airflow/dags/crawl_crypto_prices.py
[2026-03-21T09:42:57.301+0000] {logging_mixin.py:188} INFO - [2026-03-21T09:42:57.301+0000] {dag.py:3036} INFO - Sync 1 DAGs
[2026-03-21T09:42:57.368+0000] {logging_mixin.py:188} INFO - [2026-03-21T09:42:57.367+0000] {dag.py:3823} INFO - Setting next_dagrun for crawl_crypto_prices to 2026-03-21 09:00:00+00:00, run_after=2026-03-21 10:00:00+00:00
[2026-03-21T09:42:57.373+0000] {processor.py:183} INFO - Processing /opt/airflow/dags/crawl_crypto_prices.py took 0.108 seconds
[2026-03-21T09:43:27.665+0000] {processor.py:161} INFO - Started process (PID=6137) to work on /opt/airflow/dags/crawl_crypto_prices.py
[2026-03-21T09:43:27.666+0000] {processor.py:830} INFO - Processing file /opt/airflow/dags/crawl_crypto_prices.py for tasks to queue
[2026-03-21T09:43:27.667+0000] {logging_mixin.py:188} INFO - [2026-03-21T09:43:27.666+0000] {dagbag.py:538} INFO - Filling up the DagBag from /opt/airflow/dags/crawl_crypto_prices.py
[2026-03-21T09:43:27.676+0000] {processor.py:840} INFO - DAG(s) 'crawl_crypto_prices' retrieved from /opt/airflow/dags/crawl_crypto_prices.py
[2026-03-21T09:43:27.690+0000] {logging_mixin.py:188} INFO - [2026-03-21T09:43:27.690+0000] {dag.py:3036} INFO - Sync 1 DAGs
[2026-03-21T09:43:27.699+0000] {logging_mixin.py:188} INFO - [2026-03-21T09:43:27.699+0000] {dag.py:3823} INFO - Setting next_dagrun for crawl_crypto_prices to 2026-03-21 09:00:00+00:00, run_after=2026-03-21 10:00:00+00:00
[2026-03-21T09:43:27.705+0000] {processor.py:183} INFO - Processing /opt/airflow/dags/crawl_crypto_prices.py took 0.043 seconds
[2026-03-21T09:43:57.965+0000] {processor.py:161} INFO - Started process (PID=6142) to work on /opt/airflow/dags/crawl_crypto_prices.py
[2026-03-21T09:43:57.966+0000] {processor.py:830} INFO - Processing file /opt/airflow/dags/crawl_crypto_prices.py for tasks to queue
[2026-03-21T09:43:57.966+0000] {logging_mixin.py:188} INFO - [2026-03-21T09:43:57.966+0000] {dagbag.py:538} INFO - Filling up the DagBag from /opt/airflow/dags/crawl_crypto_prices.py
[2026-03-21T09:43:57.976+0000] {processor.py:840} INFO - DAG(s) 'crawl_crypto_prices' retrieved from /opt/airflow/dags/crawl_crypto_prices.py
[2026-03-21T09:43:57.995+0000] {logging_mixin.py:188} INFO - [2026-03-21T09:43:57.995+0000] {dag.py:3036} INFO - Sync 1 DAGs
[2026-03-21T09:43:58.004+0000] {logging_mixin.py:188} INFO - [2026-03-21T09:43:58.004+0000] {dag.py:3823} INFO - Setting next_dagrun for crawl_crypto_prices to 2026-03-21 09:00:00+00:00, run_after=2026-03-21 10:00:00+00:00
[2026-03-21T09:43:58.010+0000] {processor.py:183} INFO - Processing /opt/airflow/dags/crawl_crypto_prices.py took 0.049 seconds
[2026-03-21T09:44:28.303+0000] {processor.py:161} INFO - Started process (PID=6147) to work on /opt/airflow/dags/crawl_crypto_prices.py
[2026-03-21T09:44:28.304+0000] {processor.py:830} INFO - Processing file /opt/airflow/dags/crawl_crypto_prices.py for tasks to queue
[2026-03-21T09:44:28.305+0000] {logging_mixin.py:188} INFO - [2026-03-21T09:44:28.304+0000] {dagbag.py:538} INFO - Filling up the DagBag from /opt/airflow/dags/crawl_crypto_prices.py
[2026-03-21T09:44:28.314+0000] {processor.py:840} INFO - DAG(s) 'crawl_crypto_prices' retrieved from /opt/airflow/dags/crawl_crypto_prices.py
[2026-03-21T09:44:28.333+0000] {logging_mixin.py:188} INFO - [2026-03-21T09:44:28.333+0000] {dag.py:3036} INFO - Sync 1 DAGs
[2026-03-21T09:44:28.343+0000] {logging_mixin.py:188} INFO - [2026-03-21T09:44:28.343+0000] {dag.py:3823} INFO - Setting next_dagrun for crawl_crypto_prices to 2026-03-21 09:00:00+00:00, run_after=2026-03-21 10:00:00+00:00
[2026-03-21T09:44:28.349+0000] {processor.py:183} INFO - Processing /opt/airflow/dags/crawl_crypto_prices.py took 0.050 seconds
[2026-03-21T09:44:58.619+0000] {processor.py:161} INFO - Started process (PID=6152) to work on /opt/airflow/dags/crawl_crypto_prices.py
[2026-03-21T09:44:58.620+0000] {processor.py:830} INFO - Processing file /opt/airflow/dags/crawl_crypto_prices.py for tasks to queue
[2026-03-21T09:44:58.621+0000] {logging_mixin.py:188} INFO - [2026-03-21T09:44:58.621+0000] {dagbag.py:538} INFO - Filling up the DagBag from /opt/airflow/dags/crawl_crypto_prices.py
[2026-03-21T09:44:58.630+0000] {processor.py:840} INFO - DAG(s) 'crawl_crypto_prices' retrieved from /opt/airflow/dags/crawl_crypto_prices.py
[2026-03-21T09:44:58.648+0000] {logging_mixin.py:188} INFO - [2026-03-21T09:44:58.648+0000] {dag.py:3036} INFO - Sync 1 DAGs
[2026-03-21T09:44:58.659+0000] {logging_mixin.py:188} INFO - [2026-03-21T09:44:58.659+0000] {dag.py:3823} INFO - Setting next_dagrun for crawl_crypto_prices to 2026-03-21 09:00:00+00:00, run_after=2026-03-21 10:00:00+00:00
[2026-03-21T09:44:58.665+0000] {processor.py:183} INFO - Processing /opt/airflow/dags/crawl_crypto_prices.py took 0.049 seconds
[2026-03-21T09:45:28.949+0000] {processor.py:161} INFO - Started process (PID=6157) to work on /opt/airflow/dags/crawl_crypto_prices.py
[2026-03-21T09:45:28.951+0000] {processor.py:830} INFO - Processing file /opt/airflow/dags/crawl_crypto_prices.py for tasks to queue
[2026-03-21T09:45:28.951+0000] {logging_mixin.py:188} INFO - [2026-03-21T09:45:28.951+0000] {dagbag.py:538} INFO - Filling up the DagBag from /opt/airflow/dags/crawl_crypto_prices.py
[2026-03-21T09:45:28.962+0000] {processor.py:840} INFO - DAG(s) 'crawl_crypto_prices' retrieved from /opt/airflow/dags/crawl_crypto_prices.py
[2026-03-21T09:45:28.985+0000] {logging_mixin.py:188} INFO - [2026-03-21T09:45:28.985+0000] {dag.py:3036} INFO - Sync 1 DAGs
[2026-03-21T09:45:28.997+0000] {logging_mixin.py:188} INFO - [2026-03-21T09:45:28.997+0000] {dag.py:3823} INFO - Setting next_dagrun for crawl_crypto_prices to 2026-03-21 09:00:00+00:00, run_after=2026-03-21 10:00:00+00:00
[2026-03-21T09:45:29.059+0000] {processor.py:183} INFO - Processing /opt/airflow/dags/crawl_crypto_prices.py took 0.113 seconds
[2026-03-21T09:45:59.257+0000] {processor.py:161} INFO - Started process (PID=6162) to work on /opt/airflow/dags/crawl_crypto_prices.py
[2026-03-21T09:45:59.258+0000] {processor.py:830} INFO - Processing file /opt/airflow/dags/crawl_crypto_prices.py for tasks to queue
[2026-03-21T09:45:59.259+0000] {logging_mixin.py:188} INFO - [2026-03-21T09:45:59.259+0000] {dagbag.py:538} INFO - Filling up the DagBag from /opt/airflow/dags/crawl_crypto_prices.py
[2026-03-21T09:45:59.271+0000] {processor.py:840} INFO - DAG(s) 'crawl_crypto_prices' retrieved from /opt/airflow/dags/crawl_crypto_prices.py
[2026-03-21T09:45:59.290+0000] {logging_mixin.py:188} INFO - [2026-03-21T09:45:59.290+0000] {dag.py:3036} INFO - Sync 1 DAGs
[2026-03-21T09:45:59.355+0000] {logging_mixin.py:188} INFO - [2026-03-21T09:45:59.355+0000] {dag.py:3823} INFO - Setting next_dagrun for crawl_crypto_prices to 2026-03-21 09:00:00+00:00, run_after=2026-03-21 10:00:00+00:00
[2026-03-21T09:45:59.360+0000] {processor.py:183} INFO - Processing /opt/airflow/dags/crawl_crypto_prices.py took 0.106 seconds
[2026-03-21T09:46:29.649+0000] {processor.py:161} INFO - Started process (PID=6167) to work on /opt/airflow/dags/crawl_crypto_prices.py
[2026-03-21T09:46:29.650+0000] {processor.py:830} INFO - Processing file /opt/airflow/dags/crawl_crypto_prices.py for tasks to queue
[2026-03-21T09:46:29.651+0000] {logging_mixin.py:188} INFO - [2026-03-21T09:46:29.651+0000] {dagbag.py:538} INFO - Filling up the DagBag from /opt/airflow/dags/crawl_crypto_prices.py
[2026-03-21T09:46:29.661+0000] {processor.py:840} INFO - DAG(s) 'crawl_crypto_prices' retrieved from /opt/airflow/dags/crawl_crypto_prices.py
[2026-03-21T09:46:29.679+0000] {logging_mixin.py:188} INFO - [2026-03-21T09:46:29.679+0000] {dag.py:3036} INFO - Sync 1 DAGs
[2026-03-21T09:46:29.689+0000] {logging_mixin.py:188} INFO - [2026-03-21T09:46:29.689+0000] {dag.py:3823} INFO - Setting next_dagrun for crawl_crypto_prices to 2026-03-21 09:00:00+00:00, run_after=2026-03-21 10:00:00+00:00
[2026-03-21T09:46:29.695+0000] {processor.py:183} INFO - Processing /opt/airflow/dags/crawl_crypto_prices.py took 0.049 seconds
[2026-03-21T09:46:59.974+0000] {processor.py:161} INFO - Started process (PID=6172) to work on /opt/airflow/dags/crawl_crypto_prices.py
[2026-03-21T09:46:59.975+0000] {processor.py:830} INFO - Processing file /opt/airflow/dags/crawl_crypto_prices.py for tasks to queue
[2026-03-21T09:46:59.975+0000] {logging_mixin.py:188} INFO - [2026-03-21T09:46:59.975+0000] {dagbag.py:538} INFO - Filling up the DagBag from /opt/airflow/dags/crawl_crypto_prices.py
[2026-03-21T09:46:59.985+0000] {processor.py:840} INFO - DAG(s) 'crawl_crypto_prices' retrieved from /opt/airflow/dags/crawl_crypto_prices.py
[2026-03-21T09:47:00.004+0000] {logging_mixin.py:188} INFO - [2026-03-21T09:47:00.004+0000] {dag.py:3036} INFO - Sync 1 DAGs
[2026-03-21T09:47:00.014+0000] {logging_mixin.py:188} INFO - [2026-03-21T09:47:00.014+0000] {dag.py:3823} INFO - Setting next_dagrun for crawl_crypto_prices to 2026-03-21 09:00:00+00:00, run_after=2026-03-21 10:00:00+00:00
[2026-03-21T09:47:00.021+0000] {processor.py:183} INFO - Processing /opt/airflow/dags/crawl_crypto_prices.py took 0.050 seconds
[2026-03-21T09:47:30.279+0000] {processor.py:161} INFO - Started process (PID=6177) to work on /opt/airflow/dags/crawl_crypto_prices.py
[2026-03-21T09:47:30.280+0000] {processor.py:830} INFO - Processing file /opt/airflow/dags/crawl_crypto_prices.py for tasks to queue
[2026-03-21T09:47:30.281+0000] {logging_mixin.py:188} INFO - [2026-03-21T09:47:30.280+0000] {dagbag.py:538} INFO - Filling up the DagBag from /opt/airflow/dags/crawl_crypto_prices.py
[2026-03-21T09:47:30.291+0000] {processor.py:840} INFO - DAG(s) 'crawl_crypto_prices' retrieved from /opt/airflow/dags/crawl_crypto_prices.py
[2026-03-21T09:47:30.310+0000] {logging_mixin.py:188} INFO - [2026-03-21T09:47:30.310+0000] {dag.py:3036} INFO - Sync 1 DAGs
[2026-03-21T09:47:30.320+0000] {logging_mixin.py:188} INFO - [2026-03-21T09:47:30.320+0000] {dag.py:3823} INFO - Setting next_dagrun for crawl_crypto_prices to 2026-03-21 09:00:00+00:00, run_after=2026-03-21 10:00:00+00:00
[2026-03-21T09:47:30.326+0000] {processor.py:183} INFO - Processing /opt/airflow/dags/crawl_crypto_prices.py took 0.051 seconds
[2026-03-21T09:48:00.603+0000] {processor.py:161} INFO - Started process (PID=6182) to work on /opt/airflow/dags/crawl_crypto_prices.py
[2026-03-21T09:48:00.604+0000] {processor.py:830} INFO - Processing file /opt/airflow/dags/crawl_crypto_prices.py for tasks to queue
[2026-03-21T09:48:00.605+0000] {logging_mixin.py:188} INFO - [2026-03-21T09:48:00.605+0000] {dagbag.py:538} INFO - Filling up the DagBag from /opt/airflow/dags/crawl_crypto_prices.py
[2026-03-21T09:48:00.614+0000] {processor.py:840} INFO - DAG(s) 'crawl_crypto_prices' retrieved from /opt/airflow/dags/crawl_crypto_prices.py
[2026-03-21T09:48:00.630+0000] {logging_mixin.py:188} INFO - [2026-03-21T09:48:00.630+0000] {dag.py:3036} INFO - Sync 1 DAGs
[2026-03-21T09:48:00.643+0000] {logging_mixin.py:188} INFO - [2026-03-21T09:48:00.643+0000] {dag.py:3823} INFO - Setting next_dagrun for crawl_crypto_prices to 2026-03-21 09:00:00+00:00, run_after=2026-03-21 10:00:00+00:00
[2026-03-21T09:48:00.650+0000] {processor.py:183} INFO - Processing /opt/airflow/dags/crawl_crypto_prices.py took 0.049 seconds
[2026-03-21T09:48:30.933+0000] {processor.py:161} INFO - Started process (PID=6187) to work on /opt/airflow/dags/crawl_crypto_prices.py
[2026-03-21T09:48:30.934+0000] {processor.py:830} INFO - Processing file /opt/airflow/dags/crawl_crypto_prices.py for tasks to queue
[2026-03-21T09:48:30.935+0000] {logging_mixin.py:188} INFO - [2026-03-21T09:48:30.935+0000] {dagbag.py:538} INFO - Filling up the DagBag from /opt/airflow/dags/crawl_crypto_prices.py
[2026-03-21T09:48:30.944+0000] {processor.py:840} INFO - DAG(s) 'crawl_crypto_prices' retrieved from /opt/airflow/dags/crawl_crypto_prices.py
[2026-03-21T09:48:30.961+0000] {logging_mixin.py:188} INFO - [2026-03-21T09:48:30.961+0000] {dag.py:3036} INFO - Sync 1 DAGs
[2026-03-21T09:48:31.032+0000] {logging_mixin.py:188} INFO - [2026-03-21T09:48:31.032+0000] {dag.py:3823} INFO - Setting next_dagrun for crawl_crypto_prices to 2026-03-21 09:00:00+00:00, run_after=2026-03-21 10:00:00+00:00
[2026-03-21T09:48:31.038+0000] {processor.py:183} INFO - Processing /opt/airflow/dags/crawl_crypto_prices.py took 0.107 seconds
[2026-03-21T09:49:01.240+0000] {processor.py:161} INFO - Started process (PID=6192) to work on /opt/airflow/dags/crawl_crypto_prices.py
[2026-03-21T09:49:01.241+0000] {processor.py:830} INFO - Processing file /opt/airflow/dags/crawl_crypto_prices.py for tasks to queue
[2026-03-21T09:49:01.242+0000] {logging_mixin.py:188} INFO - [2026-03-21T09:49:01.242+0000] {dagbag.py:538} INFO - Filling up the DagBag from /opt/airflow/dags/crawl_crypto_prices.py
[2026-03-21T09:49:01.254+0000] {processor.py:840} INFO - DAG(s) 'crawl_crypto_prices' retrieved from /opt/airflow/dags/crawl_crypto_prices.py
[2026-03-21T09:49:01.273+0000] {logging_mixin.py:188} INFO - [2026-03-21T09:49:01.273+0000] {dag.py:3036} INFO - Sync 1 DAGs
[2026-03-21T09:49:01.336+0000] {logging_mixin.py:188} INFO - [2026-03-21T09:49:01.336+0000] {dag.py:3823} INFO - Setting next_dagrun for crawl_crypto_prices to 2026-03-21 09:00:00+00:00, run_after=2026-03-21 10:00:00+00:00
[2026-03-21T09:49:01.342+0000] {processor.py:183} INFO - Processing /opt/airflow/dags/crawl_crypto_prices.py took 0.105 seconds
[2026-03-21T09:49:31.603+0000] {processor.py:161} INFO - Started process (PID=6197) to work on /opt/airflow/dags/crawl_crypto_prices.py
[2026-03-21T09:49:31.604+0000] {processor.py:830} INFO - Processing file /opt/airflow/dags/crawl_crypto_prices.py for tasks to queue
[2026-03-21T09:49:31.605+0000] {logging_mixin.py:188} INFO - [2026-03-21T09:49:31.605+0000] {dagbag.py:538} INFO - Filling up the DagBag from /opt/airflow/dags/crawl_crypto_prices.py
[2026-03-21T09:49:31.615+0000] {processor.py:840} INFO - DAG(s) 'crawl_crypto_prices' retrieved from /opt/airflow/dags/crawl_crypto_prices.py
[2026-03-21T09:49:31.631+0000] {logging_mixin.py:188} INFO - [2026-03-21T09:49:31.631+0000] {dag.py:3036} INFO - Sync 1 DAGs
[2026-03-21T09:49:31.640+0000] {logging_mixin.py:188} INFO - [2026-03-21T09:49:31.640+0000] {dag.py:3823} INFO - Setting next_dagrun for crawl_crypto_prices to 2026-03-21 09:00:00+00:00, run_after=2026-03-21 10:00:00+00:00
[2026-03-21T09:49:31.647+0000] {processor.py:183} INFO - Processing /opt/airflow/dags/crawl_crypto_prices.py took 0.047 seconds
[2026-03-21T09:50:01.878+0000] {processor.py:161} INFO - Started process (PID=6202) to work on /opt/airflow/dags/crawl_crypto_prices.py
[2026-03-21T09:50:01.879+0000] {processor.py:830} INFO - Processing file /opt/airflow/dags/crawl_crypto_prices.py for tasks to queue
[2026-03-21T09:50:01.879+0000] {logging_mixin.py:188} INFO - [2026-03-21T09:50:01.879+0000] {dagbag.py:538} INFO - Filling up the DagBag from /opt/airflow/dags/crawl_crypto_prices.py
[2026-03-21T09:50:01.889+0000] {processor.py:840} INFO - DAG(s) 'crawl_crypto_prices' retrieved from /opt/airflow/dags/crawl_crypto_prices.py
[2026-03-21T09:50:01.908+0000] {logging_mixin.py:188} INFO - [2026-03-21T09:50:01.908+0000] {dag.py:3036} INFO - Sync 1 DAGs
[2026-03-21T09:50:01.918+0000] {logging_mixin.py:188} INFO - [2026-03-21T09:50:01.918+0000] {dag.py:3823} INFO - Setting next_dagrun for crawl_crypto_prices to 2026-03-21 09:00:00+00:00, run_after=2026-03-21 10:00:00+00:00
[2026-03-21T09:50:01.925+0000] {processor.py:183} INFO - Processing /opt/airflow/dags/crawl_crypto_prices.py took 0.050 seconds
[2026-03-21T09:50:32.201+0000] {processor.py:161} INFO - Started process (PID=6207) to work on /opt/airflow/dags/crawl_crypto_prices.py
[2026-03-21T09:50:32.202+0000] {processor.py:830} INFO - Processing file /opt/airflow/dags/crawl_crypto_prices.py for tasks to queue
[2026-03-21T09:50:32.203+0000] {logging_mixin.py:188} INFO - [2026-03-21T09:50:32.203+0000] {dagbag.py:538} INFO - Filling up the DagBag from /opt/airflow/dags/crawl_crypto_prices.py
[2026-03-21T09:50:32.213+0000] {processor.py:840} INFO - DAG(s) 'crawl_crypto_prices' retrieved from /opt/airflow/dags/crawl_crypto_prices.py
[2026-03-21T09:50:32.231+0000] {logging_mixin.py:188} INFO - [2026-03-21T09:50:32.231+0000] {dag.py:3036} INFO - Sync 1 DAGs
[2026-03-21T09:50:32.241+0000] {logging_mixin.py:188} INFO - [2026-03-21T09:50:32.241+0000] {dag.py:3823} INFO - Setting next_dagrun for crawl_crypto_prices to 2026-03-21 09:00:00+00:00, run_after=2026-03-21 10:00:00+00:00
[2026-03-21T09:50:32.247+0000] {processor.py:183} INFO - Processing /opt/airflow/dags/crawl_crypto_prices.py took 0.050 seconds
[2026-03-21T09:51:02.487+0000] {processor.py:161} INFO - Started process (PID=6212) to work on /opt/airflow/dags/crawl_crypto_prices.py
[2026-03-21T09:51:02.488+0000] {processor.py:830} INFO - Processing file /opt/airflow/dags/crawl_crypto_prices.py for tasks to queue
[2026-03-21T09:51:02.489+0000] {logging_mixin.py:188} INFO - [2026-03-21T09:51:02.489+0000] {dagbag.py:538} INFO - Filling up the DagBag from /opt/airflow/dags/crawl_crypto_prices.py
[2026-03-21T09:51:02.499+0000] {processor.py:840} INFO - DAG(s) 'crawl_crypto_prices' retrieved from /opt/airflow/dags/crawl_crypto_prices.py
[2026-03-21T09:51:02.517+0000] {logging_mixin.py:188} INFO - [2026-03-21T09:51:02.517+0000] {dag.py:3036} INFO - Sync 1 DAGs
[2026-03-21T09:51:02.527+0000] {logging_mixin.py:188} INFO - [2026-03-21T09:51:02.526+0000] {dag.py:3823} INFO - Setting next_dagrun for crawl_crypto_prices to 2026-03-21 09:00:00+00:00, run_after=2026-03-21 10:00:00+00:00
[2026-03-21T09:51:02.586+0000] {processor.py:183} INFO - Processing /opt/airflow/dags/crawl_crypto_prices.py took 0.102 seconds
[2026-03-21T09:51:32.755+0000] {processor.py:161} INFO - Started process (PID=6217) to work on /opt/airflow/dags/crawl_crypto_prices.py
[2026-03-21T09:51:32.757+0000] {processor.py:830} INFO - Processing file /opt/airflow/dags/crawl_crypto_prices.py for tasks to queue
[2026-03-21T09:51:32.757+0000] {logging_mixin.py:188} INFO - [2026-03-21T09:51:32.757+0000] {dagbag.py:538} INFO - Filling up the DagBag from /opt/airflow/dags/crawl_crypto_prices.py
[2026-03-21T09:51:32.769+0000] {processor.py:840} INFO - DAG(s) 'crawl_crypto_prices' retrieved from /opt/airflow/dags/crawl_crypto_prices.py
[2026-03-21T09:51:32.788+0000] {logging_mixin.py:188} INFO - [2026-03-21T09:51:32.788+0000] {dag.py:3036} INFO - Sync 1 DAGs
[2026-03-21T09:51:32.852+0000] {logging_mixin.py:188} INFO - [2026-03-21T09:51:32.852+0000] {dag.py:3823} INFO - Setting next_dagrun for crawl_crypto_prices to 2026-03-21 09:00:00+00:00, run_after=2026-03-21 10:00:00+00:00
[2026-03-21T09:51:32.858+0000] {processor.py:183} INFO - Processing /opt/airflow/dags/crawl_crypto_prices.py took 0.106 seconds
[2026-03-21T09:52:03.162+0000] {processor.py:161} INFO - Started process (PID=6222) to work on /opt/airflow/dags/crawl_crypto_prices.py
[2026-03-21T09:52:03.163+0000] {processor.py:830} INFO - Processing file /opt/airflow/dags/crawl_crypto_prices.py for tasks to queue
[2026-03-21T09:52:03.164+0000] {logging_mixin.py:188} INFO - [2026-03-21T09:52:03.163+0000] {dagbag.py:538} INFO - Filling up the DagBag from /opt/airflow/dags/crawl_crypto_prices.py
[2026-03-21T09:52:03.174+0000] {processor.py:840} INFO - DAG(s) 'crawl_crypto_prices' retrieved from /opt/airflow/dags/crawl_crypto_prices.py
[2026-03-21T09:52:03.193+0000] {logging_mixin.py:188} INFO - [2026-03-21T09:52:03.193+0000] {dag.py:3036} INFO - Sync 1 DAGs
[2026-03-21T09:52:03.261+0000] {logging_mixin.py:188} INFO - [2026-03-21T09:52:03.261+0000] {dag.py:3823} INFO - Setting next_dagrun for crawl_crypto_prices to 2026-03-21 09:00:00+00:00, run_after=2026-03-21 10:00:00+00:00
[2026-03-21T09:52:03.269+0000] {processor.py:183} INFO - Processing /opt/airflow/dags/crawl_crypto_prices.py took 0.110 seconds
[2026-03-21T09:52:33.472+0000] {processor.py:161} INFO - Started process (PID=6227) to work on /opt/airflow/dags/crawl_crypto_prices.py
[2026-03-21T09:52:33.473+0000] {processor.py:830} INFO - Processing file /opt/airflow/dags/crawl_crypto_prices.py for tasks to queue
[2026-03-21T09:52:33.473+0000] {logging_mixin.py:188} INFO - [2026-03-21T09:52:33.473+0000] {dagbag.py:538} INFO - Filling up the DagBag from /opt/airflow/dags/crawl_crypto_prices.py
[2026-03-21T09:52:33.482+0000] {processor.py:840} INFO - DAG(s) 'crawl_crypto_prices' retrieved from /opt/airflow/dags/crawl_crypto_prices.py
[2026-03-21T09:52:33.497+0000] {logging_mixin.py:188} INFO - [2026-03-21T09:52:33.497+0000] {dag.py:3036} INFO - Sync 1 DAGs
[2026-03-21T09:52:33.506+0000] {logging_mixin.py:188} INFO - [2026-03-21T09:52:33.506+0000] {dag.py:3823} INFO - Setting next_dagrun for crawl_crypto_prices to 2026-03-21 09:00:00+00:00, run_after=2026-03-21 10:00:00+00:00
[2026-03-21T09:52:33.512+0000] {processor.py:183} INFO - Processing /opt/airflow/dags/crawl_crypto_prices.py took 0.043 seconds
[2026-03-21T09:53:03.782+0000] {processor.py:161} INFO - Started process (PID=6232) to work on /opt/airflow/dags/crawl_crypto_prices.py
[2026-03-21T09:53:03.783+0000] {processor.py:830} INFO - Processing file /opt/airflow/dags/crawl_crypto_prices.py for tasks to queue
[2026-03-21T09:53:03.784+0000] {logging_mixin.py:188} INFO - [2026-03-21T09:53:03.783+0000] {dagbag.py:538} INFO - Filling up the DagBag from /opt/airflow/dags/crawl_crypto_prices.py
[2026-03-21T09:53:03.794+0000] {processor.py:840} INFO - DAG(s) 'crawl_crypto_prices' retrieved from /opt/airflow/dags/crawl_crypto_prices.py
[2026-03-21T09:53:03.814+0000] {logging_mixin.py:188} INFO - [2026-03-21T09:53:03.814+0000] {dag.py:3036} INFO - Sync 1 DAGs
[2026-03-21T09:53:03.823+0000] {logging_mixin.py:188} INFO - [2026-03-21T09:53:03.823+0000] {dag.py:3823} INFO - Setting next_dagrun for crawl_crypto_prices to 2026-03-21 09:00:00+00:00, run_after=2026-03-21 10:00:00+00:00
[2026-03-21T09:53:03.830+0000] {processor.py:183} INFO - Processing /opt/airflow/dags/crawl_crypto_prices.py took 0.051 seconds
[2026-03-21T10:09:08.074+0000] {processor.py:161} INFO - Started process (PID=6239) to work on /opt/airflow/dags/crawl_crypto_prices.py
[2026-03-21T10:09:08.075+0000] {processor.py:830} INFO - Processing file /opt/airflow/dags/crawl_crypto_prices.py for tasks to queue
[2026-03-21T10:09:08.076+0000] {logging_mixin.py:188} INFO - [2026-03-21T10:09:08.075+0000] {dagbag.py:538} INFO - Filling up the DagBag from /opt/airflow/dags/crawl_crypto_prices.py
[2026-03-21T10:09:08.085+0000] {processor.py:840} INFO - DAG(s) 'crawl_crypto_prices' retrieved from /opt/airflow/dags/crawl_crypto_prices.py
[2026-03-21T10:09:08.105+0000] {logging_mixin.py:188} INFO - [2026-03-21T10:09:08.105+0000] {dag.py:3036} INFO - Sync 1 DAGs
[2026-03-21T10:09:08.115+0000] {logging_mixin.py:188} INFO - [2026-03-21T10:09:08.115+0000] {dag.py:3823} INFO - Setting next_dagrun for crawl_crypto_prices to 2026-03-21 10:00:00+00:00, run_after=2026-03-21 11:00:00+00:00
[2026-03-21T10:09:08.120+0000] {processor.py:183} INFO - Processing /opt/airflow/dags/crawl_crypto_prices.py took 0.049 seconds
[2026-03-21T11:38:37.130+0000] {processor.py:161} INFO - Started process (PID=6250) to work on /opt/airflow/dags/crawl_crypto_prices.py
[2026-03-21T11:38:37.131+0000] {processor.py:830} INFO - Processing file /opt/airflow/dags/crawl_crypto_prices.py for tasks to queue
[2026-03-21T11:38:37.132+0000] {logging_mixin.py:188} INFO - [2026-03-21T11:38:37.132+0000] {dagbag.py:538} INFO - Filling up the DagBag from /opt/airflow/dags/crawl_crypto_prices.py
[2026-03-21T11:38:37.150+0000] {processor.py:840} INFO - DAG(s) 'crawl_crypto_prices' retrieved from /opt/airflow/dags/crawl_crypto_prices.py
[2026-03-21T11:38:37.180+0000] {logging_mixin.py:188} INFO - [2026-03-21T11:38:37.180+0000] {dag.py:3036} INFO - Sync 1 DAGs
[2026-03-21T11:38:37.202+0000] {logging_mixin.py:188} INFO - [2026-03-21T11:38:37.202+0000] {dag.py:3823} INFO - Setting next_dagrun for crawl_crypto_prices to 2026-03-21 11:00:00+00:00, run_after=2026-03-21 12:00:00+00:00
[2026-03-21T11:38:37.222+0000] {processor.py:183} INFO - Processing /opt/airflow/dags/crawl_crypto_prices.py took 0.095 seconds
[2026-03-21T12:08:01.013+0000] {processor.py:161} INFO - Started process (PID=6255) to work on /opt/airflow/dags/crawl_crypto_prices.py
[2026-03-21T12:08:01.014+0000] {processor.py:830} INFO - Processing file /opt/airflow/dags/crawl_crypto_prices.py for tasks to queue
[2026-03-21T12:08:01.015+0000] {logging_mixin.py:188} INFO - [2026-03-21T12:08:01.015+0000] {dagbag.py:538} INFO - Filling up the DagBag from /opt/airflow/dags/crawl_crypto_prices.py
[2026-03-21T12:08:01.031+0000] {processor.py:840} INFO - DAG(s) 'crawl_crypto_prices' retrieved from /opt/airflow/dags/crawl_crypto_prices.py
[2026-03-21T12:08:01.052+0000] {logging_mixin.py:188} INFO - [2026-03-21T12:08:01.052+0000] {dag.py:3036} INFO - Sync 1 DAGs
[2026-03-21T12:08:01.138+0000] {logging_mixin.py:188} INFO - [2026-03-21T12:08:01.137+0000] {dag.py:3823} INFO - Setting next_dagrun for crawl_crypto_prices to 2026-03-21 11:00:00+00:00, run_after=2026-03-21 12:00:00+00:00
[2026-03-21T12:08:01.143+0000] {processor.py:183} INFO - Processing /opt/airflow/dags/crawl_crypto_prices.py took 0.135 seconds
[2026-03-21T12:08:31.405+0000] {processor.py:161} INFO - Started process (PID=6262) to work on /opt/airflow/dags/crawl_crypto_prices.py
[2026-03-21T12:08:31.408+0000] {processor.py:830} INFO - Processing file /opt/airflow/dags/crawl_crypto_prices.py for tasks to queue
[2026-03-21T12:08:31.410+0000] {logging_mixin.py:188} INFO - [2026-03-21T12:08:31.410+0000] {dagbag.py:538} INFO - Filling up the DagBag from /opt/airflow/dags/crawl_crypto_prices.py
[2026-03-21T12:08:31.423+0000] {processor.py:840} INFO - DAG(s) 'crawl_crypto_prices' retrieved from /opt/airflow/dags/crawl_crypto_prices.py
[2026-03-21T12:08:31.438+0000] {logging_mixin.py:188} INFO - [2026-03-21T12:08:31.438+0000] {dag.py:3036} INFO - Sync 1 DAGs
[2026-03-21T12:08:31.508+0000] {logging_mixin.py:188} INFO - [2026-03-21T12:08:31.508+0000] {dag.py:3823} INFO - Setting next_dagrun for crawl_crypto_prices to 2026-03-21 12:00:00+00:00, run_after=2026-03-21 13:00:00+00:00
[2026-03-21T12:08:31.513+0000] {processor.py:183} INFO - Processing /opt/airflow/dags/crawl_crypto_prices.py took 0.112 seconds
[2026-03-21T12:09:01.717+0000] {processor.py:161} INFO - Started process (PID=6267) to work on /opt/airflow/dags/crawl_crypto_prices.py
[2026-03-21T12:09:01.718+0000] {processor.py:830} INFO - Processing file /opt/airflow/dags/crawl_crypto_prices.py for tasks to queue
[2026-03-21T12:09:01.719+0000] {logging_mixin.py:188} INFO - [2026-03-21T12:09:01.719+0000] {dagbag.py:538} INFO - Filling up the DagBag from /opt/airflow/dags/crawl_crypto_prices.py
[2026-03-21T12:09:01.730+0000] {processor.py:840} INFO - DAG(s) 'crawl_crypto_prices' retrieved from /opt/airflow/dags/crawl_crypto_prices.py
[2026-03-21T12:09:01.751+0000] {logging_mixin.py:188} INFO - [2026-03-21T12:09:01.751+0000] {dag.py:3036} INFO - Sync 1 DAGs
[2026-03-21T12:09:01.761+0000] {logging_mixin.py:188} INFO - [2026-03-21T12:09:01.761+0000] {dag.py:3823} INFO - Setting next_dagrun for crawl_crypto_prices to 2026-03-21 12:00:00+00:00, run_after=2026-03-21 13:00:00+00:00
[2026-03-21T12:09:01.767+0000] {processor.py:183} INFO - Processing /opt/airflow/dags/crawl_crypto_prices.py took 0.055 seconds
[2026-03-21T12:09:32.032+0000] {processor.py:161} INFO - Started process (PID=6272) to work on /opt/airflow/dags/crawl_crypto_prices.py
[2026-03-21T12:09:32.033+0000] {processor.py:830} INFO - Processing file /opt/airflow/dags/crawl_crypto_prices.py for tasks to queue
[2026-03-21T12:09:32.034+0000] {logging_mixin.py:188} INFO - [2026-03-21T12:09:32.034+0000] {dagbag.py:538} INFO - Filling up the DagBag from /opt/airflow/dags/crawl_crypto_prices.py
[2026-03-21T12:09:32.044+0000] {processor.py:840} INFO - DAG(s) 'crawl_crypto_prices' retrieved from /opt/airflow/dags/crawl_crypto_prices.py
[2026-03-21T12:09:32.060+0000] {logging_mixin.py:188} INFO - [2026-03-21T12:09:32.060+0000] {dag.py:3036} INFO - Sync 1 DAGs
[2026-03-21T12:09:32.069+0000] {logging_mixin.py:188} INFO - [2026-03-21T12:09:32.069+0000] {dag.py:3823} INFO - Setting next_dagrun for crawl_crypto_prices to 2026-03-21 12:00:00+00:00, run_after=2026-03-21 13:00:00+00:00
[2026-03-21T12:09:32.076+0000] {processor.py:183} INFO - Processing /opt/airflow/dags/crawl_crypto_prices.py took 0.047 seconds
[2026-03-21T12:10:02.340+0000] {processor.py:161} INFO - Started process (PID=6277) to work on /opt/airflow/dags/crawl_crypto_prices.py
[2026-03-21T12:10:02.340+0000] {processor.py:830} INFO - Processing file /opt/airflow/dags/crawl_crypto_prices.py for tasks to queue
[2026-03-21T12:10:02.341+0000] {logging_mixin.py:188} INFO - [2026-03-21T12:10:02.341+0000] {dagbag.py:538} INFO - Filling up the DagBag from /opt/airflow/dags/crawl_crypto_prices.py
[2026-03-21T12:10:02.350+0000] {processor.py:840} INFO - DAG(s) 'crawl_crypto_prices' retrieved from /opt/airflow/dags/crawl_crypto_prices.py
[2026-03-21T12:10:02.375+0000] {logging_mixin.py:188} INFO - [2026-03-21T12:10:02.375+0000] {dag.py:3036} INFO - Sync 1 DAGs
[2026-03-21T12:10:02.387+0000] {logging_mixin.py:188} INFO - [2026-03-21T12:10:02.387+0000] {dag.py:3823} INFO - Setting next_dagrun for crawl_crypto_prices to 2026-03-21 12:00:00+00:00, run_after=2026-03-21 13:00:00+00:00
[2026-03-21T12:10:02.395+0000] {processor.py:183} INFO - Processing /opt/airflow/dags/crawl_crypto_prices.py took 0.058 seconds
[2026-03-21T12:10:32.654+0000] {processor.py:161} INFO - Started process (PID=6282) to work on /opt/airflow/dags/crawl_crypto_prices.py
[2026-03-21T12:10:32.655+0000] {processor.py:830} INFO - Processing file /opt/airflow/dags/crawl_crypto_prices.py for tasks to queue
[2026-03-21T12:10:32.656+0000] {logging_mixin.py:188} INFO - [2026-03-21T12:10:32.656+0000] {dagbag.py:538} INFO - Filling up the DagBag from /opt/airflow/dags/crawl_crypto_prices.py
[2026-03-21T12:10:32.667+0000] {processor.py:840} INFO - DAG(s) 'crawl_crypto_prices' retrieved from /opt/airflow/dags/crawl_crypto_prices.py
[2026-03-21T12:10:32.685+0000] {logging_mixin.py:188} INFO - [2026-03-21T12:10:32.685+0000] {dag.py:3036} INFO - Sync 1 DAGs
[2026-03-21T12:10:32.696+0000] {logging_mixin.py:188} INFO - [2026-03-21T12:10:32.696+0000] {dag.py:3823} INFO - Setting next_dagrun for crawl_crypto_prices to 2026-03-21 12:00:00+00:00, run_after=2026-03-21 13:00:00+00:00
[2026-03-21T12:10:32.781+0000] {processor.py:183} INFO - Processing /opt/airflow/dags/crawl_crypto_prices.py took 0.130 seconds
[2026-03-21T12:11:02.939+0000] {processor.py:161} INFO - Started process (PID=6287) to work on /opt/airflow/dags/crawl_crypto_prices.py
[2026-03-21T12:11:02.940+0000] {processor.py:830} INFO - Processing file /opt/airflow/dags/crawl_crypto_prices.py for tasks to queue
[2026-03-21T12:11:02.941+0000] {logging_mixin.py:188} INFO - [2026-03-21T12:11:02.941+0000] {dagbag.py:538} INFO - Filling up the DagBag from /opt/airflow/dags/crawl_crypto_prices.py
[2026-03-21T12:11:02.952+0000] {processor.py:840} INFO - DAG(s) 'crawl_crypto_prices' retrieved from /opt/airflow/dags/crawl_crypto_prices.py
[2026-03-21T12:11:02.971+0000] {logging_mixin.py:188} INFO - [2026-03-21T12:11:02.971+0000] {dag.py:3036} INFO - Sync 1 DAGs
[2026-03-21T12:11:03.037+0000] {logging_mixin.py:188} INFO - [2026-03-21T12:11:03.037+0000] {dag.py:3823} INFO - Setting next_dagrun for crawl_crypto_prices to 2026-03-21 12:00:00+00:00, run_after=2026-03-21 13:00:00+00:00
[2026-03-21T12:11:03.043+0000] {processor.py:183} INFO - Processing /opt/airflow/dags/crawl_crypto_prices.py took 0.108 seconds
[2026-03-21T12:11:33.324+0000] {processor.py:161} INFO - Started process (PID=6292) to work on /opt/airflow/dags/crawl_crypto_prices.py
[2026-03-21T12:11:33.325+0000] {processor.py:830} INFO - Processing file /opt/airflow/dags/crawl_crypto_prices.py for tasks to queue
[2026-03-21T12:11:33.325+0000] {logging_mixin.py:188} INFO - [2026-03-21T12:11:33.325+0000] {dagbag.py:538} INFO - Filling up the DagBag from /opt/airflow/dags/crawl_crypto_prices.py
[2026-03-21T12:11:33.336+0000] {processor.py:840} INFO - DAG(s) 'crawl_crypto_prices' retrieved from /opt/airflow/dags/crawl_crypto_prices.py
[2026-03-21T12:11:33.356+0000] {logging_mixin.py:188} INFO - [2026-03-21T12:11:33.356+0000] {dag.py:3036} INFO - Sync 1 DAGs
[2026-03-21T12:11:33.436+0000] {logging_mixin.py:188} INFO - [2026-03-21T12:11:33.436+0000] {dag.py:3823} INFO - Setting next_dagrun for crawl_crypto_prices to 2026-03-21 12:00:00+00:00, run_after=2026-03-21 13:00:00+00:00
[2026-03-21T12:11:33.441+0000] {processor.py:183} INFO - Processing /opt/airflow/dags/crawl_crypto_prices.py took 0.121 seconds
[2026-03-21T12:12:03.601+0000] {processor.py:161} INFO - Started process (PID=6297) to work on /opt/airflow/dags/crawl_crypto_prices.py
[2026-03-21T12:12:03.602+0000] {processor.py:830} INFO - Processing file /opt/airflow/dags/crawl_crypto_prices.py for tasks to queue
[2026-03-21T12:12:03.603+0000] {logging_mixin.py:188} INFO - [2026-03-21T12:12:03.602+0000] {dagbag.py:538} INFO - Filling up the DagBag from /opt/airflow/dags/crawl_crypto_prices.py
[2026-03-21T12:12:03.613+0000] {processor.py:840} INFO - DAG(s) 'crawl_crypto_prices' retrieved from /opt/airflow/dags/crawl_crypto_prices.py
[2026-03-21T12:12:03.632+0000] {logging_mixin.py:188} INFO - [2026-03-21T12:12:03.632+0000] {dag.py:3036} INFO - Sync 1 DAGs
[2026-03-21T12:12:03.642+0000] {logging_mixin.py:188} INFO - [2026-03-21T12:12:03.642+0000] {dag.py:3823} INFO - Setting next_dagrun for crawl_crypto_prices to 2026-03-21 12:00:00+00:00, run_after=2026-03-21 13:00:00+00:00
[2026-03-21T12:12:03.648+0000] {processor.py:183} INFO - Processing /opt/airflow/dags/crawl_crypto_prices.py took 0.051 seconds
[2026-03-21T12:12:33.897+0000] {processor.py:161} INFO - Started process (PID=6302) to work on /opt/airflow/dags/crawl_crypto_prices.py
[2026-03-21T12:12:33.898+0000] {processor.py:830} INFO - Processing file /opt/airflow/dags/crawl_crypto_prices.py for tasks to queue
[2026-03-21T12:12:33.899+0000] {logging_mixin.py:188} INFO - [2026-03-21T12:12:33.898+0000] {dagbag.py:538} INFO - Filling up the DagBag from /opt/airflow/dags/crawl_crypto_prices.py
[2026-03-21T12:12:33.909+0000] {processor.py:840} INFO - DAG(s) 'crawl_crypto_prices' retrieved from /opt/airflow/dags/crawl_crypto_prices.py
[2026-03-21T12:12:33.928+0000] {logging_mixin.py:188} INFO - [2026-03-21T12:12:33.928+0000] {dag.py:3036} INFO - Sync 1 DAGs
[2026-03-21T12:12:33.938+0000] {logging_mixin.py:188} INFO - [2026-03-21T12:12:33.938+0000] {dag.py:3823} INFO - Setting next_dagrun for crawl_crypto_prices to 2026-03-21 12:00:00+00:00, run_after=2026-03-21 13:00:00+00:00
[2026-03-21T12:12:33.944+0000] {processor.py:183} INFO - Processing /opt/airflow/dags/crawl_crypto_prices.py took 0.051 seconds
[2026-03-21T12:13:04.255+0000] {processor.py:161} INFO - Started process (PID=6307) to work on /opt/airflow/dags/crawl_crypto_prices.py
[2026-03-21T12:13:04.256+0000] {processor.py:830} INFO - Processing file /opt/airflow/dags/crawl_crypto_prices.py for tasks to queue
[2026-03-21T12:13:04.257+0000] {logging_mixin.py:188} INFO - [2026-03-21T12:13:04.257+0000] {dagbag.py:538} INFO - Filling up the DagBag from /opt/airflow/dags/crawl_crypto_prices.py
[2026-03-21T12:13:04.268+0000] {processor.py:840} INFO - DAG(s) 'crawl_crypto_prices' retrieved from /opt/airflow/dags/crawl_crypto_prices.py
[2026-03-21T12:13:04.286+0000] {logging_mixin.py:188} INFO - [2026-03-21T12:13:04.286+0000] {dag.py:3036} INFO - Sync 1 DAGs
[2026-03-21T12:13:04.296+0000] {logging_mixin.py:188} INFO - [2026-03-21T12:13:04.296+0000] {dag.py:3823} INFO - Setting next_dagrun for crawl_crypto_prices to 2026-03-21 12:00:00+00:00, run_after=2026-03-21 13:00:00+00:00
[2026-03-21T12:13:04.302+0000] {processor.py:183} INFO - Processing /opt/airflow/dags/crawl_crypto_prices.py took 0.051 seconds
[2026-03-21T12:13:34.580+0000] {processor.py:161} INFO - Started process (PID=6312) to work on /opt/airflow/dags/crawl_crypto_prices.py
[2026-03-21T12:13:34.581+0000] {processor.py:830} INFO - Processing file /opt/airflow/dags/crawl_crypto_prices.py for tasks to queue
[2026-03-21T12:13:34.582+0000] {logging_mixin.py:188} INFO - [2026-03-21T12:13:34.582+0000] {dagbag.py:538} INFO - Filling up the DagBag from /opt/airflow/dags/crawl_crypto_prices.py
[2026-03-21T12:13:34.592+0000] {processor.py:840} INFO - DAG(s) 'crawl_crypto_prices' retrieved from /opt/airflow/dags/crawl_crypto_prices.py
[2026-03-21T12:13:34.609+0000] {logging_mixin.py:188} INFO - [2026-03-21T12:13:34.609+0000] {dag.py:3036} INFO - Sync 1 DAGs
[2026-03-21T12:13:34.619+0000] {logging_mixin.py:188} INFO - [2026-03-21T12:13:34.619+0000] {dag.py:3823} INFO - Setting next_dagrun for crawl_crypto_prices to 2026-03-21 12:00:00+00:00, run_after=2026-03-21 13:00:00+00:00
[2026-03-21T12:13:34.686+0000] {processor.py:183} INFO - Processing /opt/airflow/dags/crawl_crypto_prices.py took 0.108 seconds
[2026-03-21T12:22:07.543+0000] {processor.py:161} INFO - Started process (PID=6319) to work on /opt/airflow/dags/crawl_crypto_prices.py
[2026-03-21T12:22:07.544+0000] {processor.py:830} INFO - Processing file /opt/airflow/dags/crawl_crypto_prices.py for tasks to queue
[2026-03-21T12:22:07.545+0000] {logging_mixin.py:188} INFO - [2026-03-21T12:22:07.545+0000] {dagbag.py:538} INFO - Filling up the DagBag from /opt/airflow/dags/crawl_crypto_prices.py
[2026-03-21T12:22:07.560+0000] {processor.py:840} INFO - DAG(s) 'crawl_crypto_prices' retrieved from /opt/airflow/dags/crawl_crypto_prices.py
[2026-03-21T12:22:07.586+0000] {logging_mixin.py:188} INFO - [2026-03-21T12:22:07.586+0000] {dag.py:3036} INFO - Sync 1 DAGs
[2026-03-21T12:22:07.725+0000] {logging_mixin.py:188} INFO - [2026-03-21T12:22:07.725+0000] {dag.py:3823} INFO - Setting next_dagrun for crawl_crypto_prices to 2026-03-21 12:00:00+00:00, run_after=2026-03-21 13:00:00+00:00
[2026-03-21T12:22:07.738+0000] {processor.py:183} INFO - Processing /opt/airflow/dags/crawl_crypto_prices.py took 0.201 seconds
[2026-03-21T12:27:41.220+0000] {processor.py:161} INFO - Started process (PID=6324) to work on /opt/airflow/dags/crawl_crypto_prices.py
[2026-03-21T12:27:41.220+0000] {processor.py:830} INFO - Processing file /opt/airflow/dags/crawl_crypto_prices.py for tasks to queue
[2026-03-21T12:27:41.221+0000] {logging_mixin.py:188} INFO - [2026-03-21T12:27:41.221+0000] {dagbag.py:538} INFO - Filling up the DagBag from /opt/airflow/dags/crawl_crypto_prices.py
[2026-03-21T12:27:41.232+0000] {processor.py:840} INFO - DAG(s) 'crawl_crypto_prices' retrieved from /opt/airflow/dags/crawl_crypto_prices.py
[2026-03-21T12:27:41.265+0000] {logging_mixin.py:188} INFO - [2026-03-21T12:27:41.264+0000] {dag.py:3036} INFO - Sync 1 DAGs
[2026-03-21T12:27:41.567+0000] {logging_mixin.py:188} INFO - [2026-03-21T12:27:41.567+0000] {dag.py:3823} INFO - Setting next_dagrun for crawl_crypto_prices to 2026-03-21 12:00:00+00:00, run_after=2026-03-21 13:00:00+00:00
[2026-03-21T12:27:41.586+0000] {processor.py:183} INFO - Processing /opt/airflow/dags/crawl_crypto_prices.py took 0.370 seconds
[2026-03-21T12:28:11.869+0000] {processor.py:161} INFO - Started process (PID=6329) to work on /opt/airflow/dags/crawl_crypto_prices.py
[2026-03-21T12:28:11.870+0000] {processor.py:830} INFO - Processing file /opt/airflow/dags/crawl_crypto_prices.py for tasks to queue
[2026-03-21T12:28:11.870+0000] {logging_mixin.py:188} INFO - [2026-03-21T12:28:11.870+0000] {dagbag.py:538} INFO - Filling up the DagBag from /opt/airflow/dags/crawl_crypto_prices.py
[2026-03-21T12:28:11.876+0000] {processor.py:840} INFO - DAG(s) 'crawl_crypto_prices' retrieved from /opt/airflow/dags/crawl_crypto_prices.py
[2026-03-21T12:28:11.888+0000] {logging_mixin.py:188} INFO - [2026-03-21T12:28:11.888+0000] {dag.py:3036} INFO - Sync 1 DAGs
[2026-03-21T12:28:11.897+0000] {logging_mixin.py:188} INFO - [2026-03-21T12:28:11.897+0000] {dag.py:3823} INFO - Setting next_dagrun for crawl_crypto_prices to 2026-03-21 12:00:00+00:00, run_after=2026-03-21 13:00:00+00:00
[2026-03-21T12:28:11.903+0000] {processor.py:183} INFO - Processing /opt/airflow/dags/crawl_crypto_prices.py took 0.036 seconds
[2026-03-21T12:28:42.203+0000] {processor.py:161} INFO - Started process (PID=6334) to work on /opt/airflow/dags/crawl_crypto_prices.py
[2026-03-21T12:28:42.204+0000] {processor.py:830} INFO - Processing file /opt/airflow/dags/crawl_crypto_prices.py for tasks to queue
[2026-03-21T12:28:42.205+0000] {logging_mixin.py:188} INFO - [2026-03-21T12:28:42.205+0000] {dagbag.py:538} INFO - Filling up the DagBag from /opt/airflow/dags/crawl_crypto_prices.py
[2026-03-21T12:28:42.215+0000] {processor.py:840} INFO - DAG(s) 'crawl_crypto_prices' retrieved from /opt/airflow/dags/crawl_crypto_prices.py
[2026-03-21T12:28:42.234+0000] {logging_mixin.py:188} INFO - [2026-03-21T12:28:42.234+0000] {dag.py:3036} INFO - Sync 1 DAGs
[2026-03-21T12:28:42.244+0000] {logging_mixin.py:188} INFO - [2026-03-21T12:28:42.244+0000] {dag.py:3823} INFO - Setting next_dagrun for crawl_crypto_prices to 2026-03-21 12:00:00+00:00, run_after=2026-03-21 13:00:00+00:00
[2026-03-21T12:28:42.250+0000] {processor.py:183} INFO - Processing /opt/airflow/dags/crawl_crypto_prices.py took 0.051 seconds
[2026-03-21T12:29:12.537+0000] {processor.py:161} INFO - Started process (PID=6339) to work on /opt/airflow/dags/crawl_crypto_prices.py
[2026-03-21T12:29:12.538+0000] {processor.py:830} INFO - Processing file /opt/airflow/dags/crawl_crypto_prices.py for tasks to queue
[2026-03-21T12:29:12.539+0000] {logging_mixin.py:188} INFO - [2026-03-21T12:29:12.538+0000] {dagbag.py:538} INFO - Filling up the DagBag from /opt/airflow/dags/crawl_crypto_prices.py
[2026-03-21T12:29:12.556+0000] {processor.py:840} INFO - DAG(s) 'crawl_crypto_prices' retrieved from /opt/airflow/dags/crawl_crypto_prices.py
[2026-03-21T12:29:12.579+0000] {logging_mixin.py:188} INFO - [2026-03-21T12:29:12.579+0000] {dag.py:3036} INFO - Sync 1 DAGs
[2026-03-21T12:29:12.591+0000] {logging_mixin.py:188} INFO - [2026-03-21T12:29:12.591+0000] {dag.py:3823} INFO - Setting next_dagrun for crawl_crypto_prices to 2026-03-21 12:00:00+00:00, run_after=2026-03-21 13:00:00+00:00
[2026-03-21T12:29:12.598+0000] {processor.py:183} INFO - Processing /opt/airflow/dags/crawl_crypto_prices.py took 0.067 seconds
[2026-03-21T12:29:42.787+0000] {processor.py:161} INFO - Started process (PID=6344) to work on /opt/airflow/dags/crawl_crypto_prices.py
[2026-03-21T12:29:42.787+0000] {processor.py:830} INFO - Processing file /opt/airflow/dags/crawl_crypto_prices.py for tasks to queue
[2026-03-21T12:29:42.788+0000] {logging_mixin.py:188} INFO - [2026-03-21T12:29:42.788+0000] {dagbag.py:538} INFO - Filling up the DagBag from /opt/airflow/dags/crawl_crypto_prices.py
[2026-03-21T12:29:42.797+0000] {processor.py:840} INFO - DAG(s) 'crawl_crypto_prices' retrieved from /opt/airflow/dags/crawl_crypto_prices.py
[2026-03-21T12:29:42.817+0000] {logging_mixin.py:188} INFO - [2026-03-21T12:29:42.817+0000] {dag.py:3036} INFO - Sync 1 DAGs
[2026-03-21T12:29:42.949+0000] {logging_mixin.py:188} INFO - [2026-03-21T12:29:42.949+0000] {dag.py:3823} INFO - Setting next_dagrun for crawl_crypto_prices to 2026-03-21 12:00:00+00:00, run_after=2026-03-21 13:00:00+00:00
[2026-03-21T12:29:42.956+0000] {processor.py:183} INFO - Processing /opt/airflow/dags/crawl_crypto_prices.py took 0.172 seconds
[2026-03-21T12:30:13.115+0000] {processor.py:161} INFO - Started process (PID=6349) to work on /opt/airflow/dags/crawl_crypto_prices.py
[2026-03-21T12:30:13.115+0000] {processor.py:830} INFO - Processing file /opt/airflow/dags/crawl_crypto_prices.py for tasks to queue
[2026-03-21T12:30:13.116+0000] {logging_mixin.py:188} INFO - [2026-03-21T12:30:13.116+0000] {dagbag.py:538} INFO - Filling up the DagBag from /opt/airflow/dags/crawl_crypto_prices.py
[2026-03-21T12:30:13.126+0000] {processor.py:840} INFO - DAG(s) 'crawl_crypto_prices' retrieved from /opt/airflow/dags/crawl_crypto_prices.py
[2026-03-21T12:30:13.143+0000] {logging_mixin.py:188} INFO - [2026-03-21T12:30:13.143+0000] {dag.py:3036} INFO - Sync 1 DAGs
[2026-03-21T12:30:13.212+0000] {logging_mixin.py:188} INFO - [2026-03-21T12:30:13.212+0000] {dag.py:3823} INFO - Setting next_dagrun for crawl_crypto_prices to 2026-03-21 12:00:00+00:00, run_after=2026-03-21 13:00:00+00:00
[2026-03-21T12:30:13.218+0000] {processor.py:183} INFO - Processing /opt/airflow/dags/crawl_crypto_prices.py took 0.106 seconds
[2026-03-21T12:30:43.507+0000] {processor.py:161} INFO - Started process (PID=6354) to work on /opt/airflow/dags/crawl_crypto_prices.py
[2026-03-21T12:30:43.507+0000] {processor.py:830} INFO - Processing file /opt/airflow/dags/crawl_crypto_prices.py for tasks to queue
[2026-03-21T12:30:43.508+0000] {logging_mixin.py:188} INFO - [2026-03-21T12:30:43.508+0000] {dagbag.py:538} INFO - Filling up the DagBag from /opt/airflow/dags/crawl_crypto_prices.py
[2026-03-21T12:30:43.518+0000] {processor.py:840} INFO - DAG(s) 'crawl_crypto_prices' retrieved from /opt/airflow/dags/crawl_crypto_prices.py
[2026-03-21T12:30:43.608+0000] {logging_mixin.py:188} INFO - [2026-03-21T12:30:43.608+0000] {dag.py:3036} INFO - Sync 1 DAGs
[2026-03-21T12:30:43.615+0000] {logging_mixin.py:188} INFO - [2026-03-21T12:30:43.615+0000] {dag.py:3823} INFO - Setting next_dagrun for crawl_crypto_prices to 2026-03-21 12:00:00+00:00, run_after=2026-03-21 13:00:00+00:00
[2026-03-21T12:30:43.620+0000] {processor.py:183} INFO - Processing /opt/airflow/dags/crawl_crypto_prices.py took 0.117 seconds
[2026-03-21T12:31:13.786+0000] {processor.py:161} INFO - Started process (PID=6359) to work on /opt/airflow/dags/crawl_crypto_prices.py
[2026-03-21T12:31:13.787+0000] {processor.py:830} INFO - Processing file /opt/airflow/dags/crawl_crypto_prices.py for tasks to queue
[2026-03-21T12:31:13.788+0000] {logging_mixin.py:188} INFO - [2026-03-21T12:31:13.787+0000] {dagbag.py:538} INFO - Filling up the DagBag from /opt/airflow/dags/crawl_crypto_prices.py
[2026-03-21T12:31:13.797+0000] {processor.py:840} INFO - DAG(s) 'crawl_crypto_prices' retrieved from /opt/airflow/dags/crawl_crypto_prices.py
[2026-03-21T12:31:13.814+0000] {logging_mixin.py:188} INFO - [2026-03-21T12:31:13.814+0000] {dag.py:3036} INFO - Sync 1 DAGs
[2026-03-21T12:31:13.832+0000] {logging_mixin.py:188} INFO - [2026-03-21T12:31:13.832+0000] {dag.py:3823} INFO - Setting next_dagrun for crawl_crypto_prices to 2026-03-21 12:00:00+00:00, run_after=2026-03-21 13:00:00+00:00
[2026-03-21T12:31:13.841+0000] {processor.py:183} INFO - Processing /opt/airflow/dags/crawl_crypto_prices.py took 0.058 seconds
[2026-03-21T12:31:44.055+0000] {processor.py:161} INFO - Started process (PID=6364) to work on /opt/airflow/dags/crawl_crypto_prices.py
[2026-03-21T12:31:44.056+0000] {processor.py:830} INFO - Processing file /opt/airflow/dags/crawl_crypto_prices.py for tasks to queue
[2026-03-21T12:31:44.057+0000] {logging_mixin.py:188} INFO - [2026-03-21T12:31:44.056+0000] {dagbag.py:538} INFO - Filling up the DagBag from /opt/airflow/dags/crawl_crypto_prices.py
[2026-03-21T12:31:44.069+0000] {processor.py:840} INFO - DAG(s) 'crawl_crypto_prices' retrieved from /opt/airflow/dags/crawl_crypto_prices.py
[2026-03-21T12:31:44.087+0000] {logging_mixin.py:188} INFO - [2026-03-21T12:31:44.087+0000] {dag.py:3036} INFO - Sync 1 DAGs
[2026-03-21T12:31:44.097+0000] {logging_mixin.py:188} INFO - [2026-03-21T12:31:44.097+0000] {dag.py:3823} INFO - Setting next_dagrun for crawl_crypto_prices to 2026-03-21 12:00:00+00:00, run_after=2026-03-21 13:00:00+00:00
[2026-03-21T12:31:44.103+0000] {processor.py:183} INFO - Processing /opt/airflow/dags/crawl_crypto_prices.py took 0.051 seconds
[2026-03-21T12:32:14.339+0000] {processor.py:161} INFO - Started process (PID=6369) to work on /opt/airflow/dags/crawl_crypto_prices.py
[2026-03-21T12:32:14.340+0000] {processor.py:830} INFO - Processing file /opt/airflow/dags/crawl_crypto_prices.py for tasks to queue
[2026-03-21T12:32:14.341+0000] {logging_mixin.py:188} INFO - [2026-03-21T12:32:14.340+0000] {dagbag.py:538} INFO - Filling up the DagBag from /opt/airflow/dags/crawl_crypto_prices.py
[2026-03-21T12:32:14.352+0000] {processor.py:840} INFO - DAG(s) 'crawl_crypto_prices' retrieved from /opt/airflow/dags/crawl_crypto_prices.py
[2026-03-21T12:32:14.373+0000] {logging_mixin.py:188} INFO - [2026-03-21T12:32:14.373+0000] {dag.py:3036} INFO - Sync 1 DAGs
[2026-03-21T12:32:14.383+0000] {logging_mixin.py:188} INFO - [2026-03-21T12:32:14.383+0000] {dag.py:3823} INFO - Setting next_dagrun for crawl_crypto_prices to 2026-03-21 12:00:00+00:00, run_after=2026-03-21 13:00:00+00:00
[2026-03-21T12:32:14.390+0000] {processor.py:183} INFO - Processing /opt/airflow/dags/crawl_crypto_prices.py took 0.054 seconds
[2026-03-21T12:32:44.675+0000] {processor.py:161} INFO - Started process (PID=6374) to work on /opt/airflow/dags/crawl_crypto_prices.py
[2026-03-21T12:32:44.676+0000] {processor.py:830} INFO - Processing file /opt/airflow/dags/crawl_crypto_prices.py for tasks to queue
[2026-03-21T12:32:44.677+0000] {logging_mixin.py:188} INFO - [2026-03-21T12:32:44.677+0000] {dagbag.py:538} INFO - Filling up the DagBag from /opt/airflow/dags/crawl_crypto_prices.py
[2026-03-21T12:32:44.686+0000] {processor.py:840} INFO - DAG(s) 'crawl_crypto_prices' retrieved from /opt/airflow/dags/crawl_crypto_prices.py
[2026-03-21T12:32:44.704+0000] {logging_mixin.py:188} INFO - [2026-03-21T12:32:44.704+0000] {dag.py:3036} INFO - Sync 1 DAGs
[2026-03-21T12:32:44.781+0000] {logging_mixin.py:188} INFO - [2026-03-21T12:32:44.781+0000] {dag.py:3823} INFO - Setting next_dagrun for crawl_crypto_prices to 2026-03-21 12:00:00+00:00, run_after=2026-03-21 13:00:00+00:00
[2026-03-21T12:32:44.786+0000] {processor.py:183} INFO - Processing /opt/airflow/dags/crawl_crypto_prices.py took 0.114 seconds
[2026-03-21T12:33:15.002+0000] {processor.py:161} INFO - Started process (PID=6379) to work on /opt/airflow/dags/crawl_crypto_prices.py
[2026-03-21T12:33:15.003+0000] {processor.py:830} INFO - Processing file /opt/airflow/dags/crawl_crypto_prices.py for tasks to queue
[2026-03-21T12:33:15.004+0000] {logging_mixin.py:188} INFO - [2026-03-21T12:33:15.003+0000] {dagbag.py:538} INFO - Filling up the DagBag from /opt/airflow/dags/crawl_crypto_prices.py
[2026-03-21T12:33:15.014+0000] {processor.py:840} INFO - DAG(s) 'crawl_crypto_prices' retrieved from /opt/airflow/dags/crawl_crypto_prices.py
[2026-03-21T12:33:15.034+0000] {logging_mixin.py:188} INFO - [2026-03-21T12:33:15.033+0000] {dag.py:3036} INFO - Sync 1 DAGs
[2026-03-21T12:33:15.100+0000] {logging_mixin.py:188} INFO - [2026-03-21T12:33:15.100+0000] {dag.py:3823} INFO - Setting next_dagrun for crawl_crypto_prices to 2026-03-21 12:00:00+00:00, run_after=2026-03-21 13:00:00+00:00
[2026-03-21T12:33:15.106+0000] {processor.py:183} INFO - Processing /opt/airflow/dags/crawl_crypto_prices.py took 0.107 seconds
[2026-03-21T12:33:45.354+0000] {processor.py:161} INFO - Started process (PID=6384) to work on /opt/airflow/dags/crawl_crypto_prices.py
[2026-03-21T12:33:45.355+0000] {processor.py:830} INFO - Processing file /opt/airflow/dags/crawl_crypto_prices.py for tasks to queue
[2026-03-21T12:33:45.355+0000] {logging_mixin.py:188} INFO - [2026-03-21T12:33:45.355+0000] {dagbag.py:538} INFO - Filling up the DagBag from /opt/airflow/dags/crawl_crypto_prices.py
[2026-03-21T12:33:45.366+0000] {processor.py:840} INFO - DAG(s) 'crawl_crypto_prices' retrieved from /opt/airflow/dags/crawl_crypto_prices.py
[2026-03-21T12:33:45.385+0000] {logging_mixin.py:188} INFO - [2026-03-21T12:33:45.385+0000] {dag.py:3036} INFO - Sync 1 DAGs
[2026-03-21T12:33:45.395+0000] {logging_mixin.py:188} INFO - [2026-03-21T12:33:45.395+0000] {dag.py:3823} INFO - Setting next_dagrun for crawl_crypto_prices to 2026-03-21 12:00:00+00:00, run_after=2026-03-21 13:00:00+00:00
[2026-03-21T12:33:45.401+0000] {processor.py:183} INFO - Processing /opt/airflow/dags/crawl_crypto_prices.py took 0.051 seconds
[2026-03-21T12:34:15.668+0000] {processor.py:161} INFO - Started process (PID=6389) to work on /opt/airflow/dags/crawl_crypto_prices.py
[2026-03-21T12:34:15.669+0000] {processor.py:830} INFO - Processing file /opt/airflow/dags/crawl_crypto_prices.py for tasks to queue
[2026-03-21T12:34:15.670+0000] {logging_mixin.py:188} INFO - [2026-03-21T12:34:15.670+0000] {dagbag.py:538} INFO - Filling up the DagBag from /opt/airflow/dags/crawl_crypto_prices.py
[2026-03-21T12:34:15.681+0000] {processor.py:840} INFO - DAG(s) 'crawl_crypto_prices' retrieved from /opt/airflow/dags/crawl_crypto_prices.py
[2026-03-21T12:34:15.697+0000] {logging_mixin.py:188} INFO - [2026-03-21T12:34:15.696+0000] {dag.py:3036} INFO - Sync 1 DAGs
[2026-03-21T12:34:15.707+0000] {logging_mixin.py:188} INFO - [2026-03-21T12:34:15.707+0000] {dag.py:3823} INFO - Setting next_dagrun for crawl_crypto_prices to 2026-03-21 12:00:00+00:00, run_after=2026-03-21 13:00:00+00:00
[2026-03-21T12:34:15.713+0000] {processor.py:183} INFO - Processing /opt/airflow/dags/crawl_crypto_prices.py took 0.048 seconds
[2026-03-21T12:34:45.991+0000] {processor.py:161} INFO - Started process (PID=6394) to work on /opt/airflow/dags/crawl_crypto_prices.py
[2026-03-21T12:34:45.992+0000] {processor.py:830} INFO - Processing file /opt/airflow/dags/crawl_crypto_prices.py for tasks to queue
[2026-03-21T12:34:45.993+0000] {logging_mixin.py:188} INFO - [2026-03-21T12:34:45.992+0000] {dagbag.py:538} INFO - Filling up the DagBag from /opt/airflow/dags/crawl_crypto_prices.py
[2026-03-21T12:34:46.003+0000] {processor.py:840} INFO - DAG(s) 'crawl_crypto_prices' retrieved from /opt/airflow/dags/crawl_crypto_prices.py
[2026-03-21T12:34:46.022+0000] {logging_mixin.py:188} INFO - [2026-03-21T12:34:46.022+0000] {dag.py:3036} INFO - Sync 1 DAGs
[2026-03-21T12:34:46.032+0000] {logging_mixin.py:188} INFO - [2026-03-21T12:34:46.032+0000] {dag.py:3823} INFO - Setting next_dagrun for crawl_crypto_prices to 2026-03-21 12:00:00+00:00, run_after=2026-03-21 13:00:00+00:00
[2026-03-21T12:34:46.039+0000] {processor.py:183} INFO - Processing /opt/airflow/dags/crawl_crypto_prices.py took 0.051 seconds
[2026-03-21T12:35:16.303+0000] {processor.py:161} INFO - Started process (PID=6399) to work on /opt/airflow/dags/crawl_crypto_prices.py
[2026-03-21T12:35:16.303+0000] {processor.py:830} INFO - Processing file /opt/airflow/dags/crawl_crypto_prices.py for tasks to queue
[2026-03-21T12:35:16.304+0000] {logging_mixin.py:188} INFO - [2026-03-21T12:35:16.304+0000] {dagbag.py:538} INFO - Filling up the DagBag from /opt/airflow/dags/crawl_crypto_prices.py
[2026-03-21T12:35:16.318+0000] {processor.py:840} INFO - DAG(s) 'crawl_crypto_prices' retrieved from /opt/airflow/dags/crawl_crypto_prices.py
[2026-03-21T12:35:16.338+0000] {logging_mixin.py:188} INFO - [2026-03-21T12:35:16.338+0000] {dag.py:3036} INFO - Sync 1 DAGs
[2026-03-21T12:35:16.349+0000] {logging_mixin.py:188} INFO - [2026-03-21T12:35:16.349+0000] {dag.py:3823} INFO - Setting next_dagrun for crawl_crypto_prices to 2026-03-21 12:00:00+00:00, run_after=2026-03-21 13:00:00+00:00
[2026-03-21T12:35:16.453+0000] {processor.py:183} INFO - Processing /opt/airflow/dags/crawl_crypto_prices.py took 0.155 seconds
[2026-03-21T12:35:46.615+0000] {processor.py:161} INFO - Started process (PID=6404) to work on /opt/airflow/dags/crawl_crypto_prices.py
[2026-03-21T12:35:46.616+0000] {processor.py:830} INFO - Processing file /opt/airflow/dags/crawl_crypto_prices.py for tasks to queue
[2026-03-21T12:35:46.617+0000] {logging_mixin.py:188} INFO - [2026-03-21T12:35:46.616+0000] {dagbag.py:538} INFO - Filling up the DagBag from /opt/airflow/dags/crawl_crypto_prices.py
[2026-03-21T12:35:46.628+0000] {processor.py:840} INFO - DAG(s) 'crawl_crypto_prices' retrieved from /opt/airflow/dags/crawl_crypto_prices.py
[2026-03-21T12:35:46.648+0000] {logging_mixin.py:188} INFO - [2026-03-21T12:35:46.648+0000] {dag.py:3036} INFO - Sync 1 DAGs
[2026-03-21T12:35:46.715+0000] {logging_mixin.py:188} INFO - [2026-03-21T12:35:46.715+0000] {dag.py:3823} INFO - Setting next_dagrun for crawl_crypto_prices to 2026-03-21 12:00:00+00:00, run_after=2026-03-21 13:00:00+00:00
[2026-03-21T12:35:46.720+0000] {processor.py:183} INFO - Processing /opt/airflow/dags/crawl_crypto_prices.py took 0.108 seconds
[2026-03-21T12:36:17.043+0000] {processor.py:161} INFO - Started process (PID=6409) to work on /opt/airflow/dags/crawl_crypto_prices.py
[2026-03-21T12:36:17.044+0000] {processor.py:830} INFO - Processing file /opt/airflow/dags/crawl_crypto_prices.py for tasks to queue
[2026-03-21T12:36:17.045+0000] {logging_mixin.py:188} INFO - [2026-03-21T12:36:17.044+0000] {dagbag.py:538} INFO - Filling up the DagBag from /opt/airflow/dags/crawl_crypto_prices.py
[2026-03-21T12:36:17.062+0000] {processor.py:840} INFO - DAG(s) 'crawl_crypto_prices' retrieved from /opt/airflow/dags/crawl_crypto_prices.py
[2026-03-21T12:36:17.086+0000] {logging_mixin.py:188} INFO - [2026-03-21T12:36:17.086+0000] {dag.py:3036} INFO - Sync 1 DAGs
[2026-03-21T12:36:17.173+0000] {logging_mixin.py:188} INFO - [2026-03-21T12:36:17.173+0000] {dag.py:3823} INFO - Setting next_dagrun for crawl_crypto_prices to 2026-03-21 12:00:00+00:00, run_after=2026-03-21 13:00:00+00:00
[2026-03-21T12:36:17.178+0000] {processor.py:183} INFO - Processing /opt/airflow/dags/crawl_crypto_prices.py took 0.140 seconds
[2026-03-21T12:36:47.350+0000] {processor.py:161} INFO - Started process (PID=6414) to work on /opt/airflow/dags/crawl_crypto_prices.py
[2026-03-21T12:36:47.351+0000] {processor.py:830} INFO - Processing file /opt/airflow/dags/crawl_crypto_prices.py for tasks to queue
[2026-03-21T12:36:47.352+0000] {logging_mixin.py:188} INFO - [2026-03-21T12:36:47.352+0000] {dagbag.py:538} INFO - Filling up the DagBag from /opt/airflow/dags/crawl_crypto_prices.py
[2026-03-21T12:36:47.365+0000] {processor.py:840} INFO - DAG(s) 'crawl_crypto_prices' retrieved from /opt/airflow/dags/crawl_crypto_prices.py
[2026-03-21T12:36:47.385+0000] {logging_mixin.py:188} INFO - [2026-03-21T12:36:47.385+0000] {dag.py:3036} INFO - Sync 1 DAGs
[2026-03-21T12:36:47.396+0000] {logging_mixin.py:188} INFO - [2026-03-21T12:36:47.396+0000] {dag.py:3823} INFO - Setting next_dagrun for crawl_crypto_prices to 2026-03-21 12:00:00+00:00, run_after=2026-03-21 13:00:00+00:00
[2026-03-21T12:36:47.402+0000] {processor.py:183} INFO - Processing /opt/airflow/dags/crawl_crypto_prices.py took 0.056 seconds
[2026-03-21T12:37:17.658+0000] {processor.py:161} INFO - Started process (PID=6419) to work on /opt/airflow/dags/crawl_crypto_prices.py
[2026-03-21T12:37:17.659+0000] {processor.py:830} INFO - Processing file /opt/airflow/dags/crawl_crypto_prices.py for tasks to queue
[2026-03-21T12:37:17.659+0000] {logging_mixin.py:188} INFO - [2026-03-21T12:37:17.659+0000] {dagbag.py:538} INFO - Filling up the DagBag from /opt/airflow/dags/crawl_crypto_prices.py
[2026-03-21T12:37:17.669+0000] {processor.py:840} INFO - DAG(s) 'crawl_crypto_prices' retrieved from /opt/airflow/dags/crawl_crypto_prices.py
[2026-03-21T12:37:17.687+0000] {logging_mixin.py:188} INFO - [2026-03-21T12:37:17.686+0000] {dag.py:3036} INFO - Sync 1 DAGs
[2026-03-21T12:37:17.695+0000] {logging_mixin.py:188} INFO - [2026-03-21T12:37:17.695+0000] {dag.py:3823} INFO - Setting next_dagrun for crawl_crypto_prices to 2026-03-21 12:00:00+00:00, run_after=2026-03-21 13:00:00+00:00
[2026-03-21T12:37:17.701+0000] {processor.py:183} INFO - Processing /opt/airflow/dags/crawl_crypto_prices.py took 0.046 seconds
[2026-03-21T12:37:47.959+0000] {processor.py:161} INFO - Started process (PID=6424) to work on /opt/airflow/dags/crawl_crypto_prices.py
[2026-03-21T12:37:47.960+0000] {processor.py:830} INFO - Processing file /opt/airflow/dags/crawl_crypto_prices.py for tasks to queue
[2026-03-21T12:37:47.961+0000] {logging_mixin.py:188} INFO - [2026-03-21T12:37:47.960+0000] {dagbag.py:538} INFO - Filling up the DagBag from /opt/airflow/dags/crawl_crypto_prices.py
[2026-03-21T12:37:47.970+0000] {processor.py:840} INFO - DAG(s) 'crawl_crypto_prices' retrieved from /opt/airflow/dags/crawl_crypto_prices.py
[2026-03-21T12:37:47.987+0000] {logging_mixin.py:188} INFO - [2026-03-21T12:37:47.987+0000] {dag.py:3036} INFO - Sync 1 DAGs
[2026-03-21T12:37:47.996+0000] {logging_mixin.py:188} INFO - [2026-03-21T12:37:47.996+0000] {dag.py:3823} INFO - Setting next_dagrun for crawl_crypto_prices to 2026-03-21 12:00:00+00:00, run_after=2026-03-21 13:00:00+00:00
[2026-03-21T12:37:48.002+0000] {processor.py:183} INFO - Processing /opt/airflow/dags/crawl_crypto_prices.py took 0.045 seconds
[2026-03-21T12:38:18.269+0000] {processor.py:161} INFO - Started process (PID=6429) to work on /opt/airflow/dags/crawl_crypto_prices.py
[2026-03-21T12:38:18.270+0000] {processor.py:830} INFO - Processing file /opt/airflow/dags/crawl_crypto_prices.py for tasks to queue
[2026-03-21T12:38:18.270+0000] {logging_mixin.py:188} INFO - [2026-03-21T12:38:18.270+0000] {dagbag.py:538} INFO - Filling up the DagBag from /opt/airflow/dags/crawl_crypto_prices.py
[2026-03-21T12:38:18.276+0000] {processor.py:840} INFO - DAG(s) 'crawl_crypto_prices' retrieved from /opt/airflow/dags/crawl_crypto_prices.py
[2026-03-21T12:38:18.287+0000] {logging_mixin.py:188} INFO - [2026-03-21T12:38:18.287+0000] {dag.py:3036} INFO - Sync 1 DAGs
[2026-03-21T12:38:18.375+0000] {logging_mixin.py:188} INFO - [2026-03-21T12:38:18.375+0000] {dag.py:3823} INFO - Setting next_dagrun for crawl_crypto_prices to 2026-03-21 12:00:00+00:00, run_after=2026-03-21 13:00:00+00:00
[2026-03-21T12:38:18.381+0000] {processor.py:183} INFO - Processing /opt/airflow/dags/crawl_crypto_prices.py took 0.113 seconds
[2026-03-21T12:38:48.602+0000] {processor.py:161} INFO - Started process (PID=6434) to work on /opt/airflow/dags/crawl_crypto_prices.py
[2026-03-21T12:38:48.603+0000] {processor.py:830} INFO - Processing file /opt/airflow/dags/crawl_crypto_prices.py for tasks to queue
[2026-03-21T12:38:48.607+0000] {logging_mixin.py:188} INFO - [2026-03-21T12:38:48.604+0000] {dagbag.py:538} INFO - Filling up the DagBag from /opt/airflow/dags/crawl_crypto_prices.py
[2026-03-21T12:38:48.623+0000] {processor.py:840} INFO - DAG(s) 'crawl_crypto_prices' retrieved from /opt/airflow/dags/crawl_crypto_prices.py
[2026-03-21T12:38:48.648+0000] {logging_mixin.py:188} INFO - [2026-03-21T12:38:48.648+0000] {dag.py:3036} INFO - Sync 1 DAGs
[2026-03-21T12:38:48.726+0000] {logging_mixin.py:188} INFO - [2026-03-21T12:38:48.726+0000] {dag.py:3823} INFO - Setting next_dagrun for crawl_crypto_prices to 2026-03-21 12:00:00+00:00, run_after=2026-03-21 13:00:00+00:00
[2026-03-21T12:38:48.734+0000] {processor.py:183} INFO - Processing /opt/airflow/dags/crawl_crypto_prices.py took 0.137 seconds
[2026-03-21T13:13:20.063+0000] {processor.py:161} INFO - Started process (PID=6439) to work on /opt/airflow/dags/crawl_crypto_prices.py
[2026-03-21T13:13:20.064+0000] {processor.py:830} INFO - Processing file /opt/airflow/dags/crawl_crypto_prices.py for tasks to queue
[2026-03-21T13:13:20.065+0000] {logging_mixin.py:188} INFO - [2026-03-21T13:13:20.065+0000] {dagbag.py:538} INFO - Filling up the DagBag from /opt/airflow/dags/crawl_crypto_prices.py
[2026-03-21T13:13:20.075+0000] {processor.py:840} INFO - DAG(s) 'crawl_crypto_prices' retrieved from /opt/airflow/dags/crawl_crypto_prices.py
[2026-03-21T13:13:20.092+0000] {logging_mixin.py:188} INFO - [2026-03-21T13:13:20.092+0000] {dag.py:3036} INFO - Sync 1 DAGs
[2026-03-21T13:13:20.231+0000] {logging_mixin.py:188} INFO - [2026-03-21T13:13:20.231+0000] {dag.py:3823} INFO - Setting next_dagrun for crawl_crypto_prices to 2026-03-21 12:00:00+00:00, run_after=2026-03-21 13:00:00+00:00
[2026-03-21T13:13:20.249+0000] {processor.py:183} INFO - Processing /opt/airflow/dags/crawl_crypto_prices.py took 0.190 seconds
[2026-03-21T14:55:51.888+0000] {processor.py:161} INFO - Started process (PID=6450) to work on /opt/airflow/dags/crawl_crypto_prices.py
[2026-03-21T14:55:51.891+0000] {processor.py:830} INFO - Processing file /opt/airflow/dags/crawl_crypto_prices.py for tasks to queue
[2026-03-21T14:55:51.893+0000] {logging_mixin.py:188} INFO - [2026-03-21T14:55:51.892+0000] {dagbag.py:538} INFO - Filling up the DagBag from /opt/airflow/dags/crawl_crypto_prices.py
[2026-03-21T14:55:51.922+0000] {processor.py:840} INFO - DAG(s) 'crawl_crypto_prices' retrieved from /opt/airflow/dags/crawl_crypto_prices.py
[2026-03-21T14:55:51.959+0000] {logging_mixin.py:188} INFO - [2026-03-21T14:55:51.959+0000] {dag.py:3036} INFO - Sync 1 DAGs
[2026-03-21T14:55:51.985+0000] {logging_mixin.py:188} INFO - [2026-03-21T14:55:51.985+0000] {dag.py:3823} INFO - Setting next_dagrun for crawl_crypto_prices to 2026-03-21 14:00:00+00:00, run_after=2026-03-21 15:00:00+00:00
[2026-03-21T14:55:52.013+0000] {processor.py:183} INFO - Processing /opt/airflow/dags/crawl_crypto_prices.py took 0.129 seconds
[2026-03-21T15:09:52.809+0000] {processor.py:161} INFO - Started process (PID=6457) to work on /opt/airflow/dags/crawl_crypto_prices.py
[2026-03-21T15:09:52.811+0000] {processor.py:830} INFO - Processing file /opt/airflow/dags/crawl_crypto_prices.py for tasks to queue
[2026-03-21T15:09:52.811+0000] {logging_mixin.py:188} INFO - [2026-03-21T15:09:52.811+0000] {dagbag.py:538} INFO - Filling up the DagBag from /opt/airflow/dags/crawl_crypto_prices.py
[2026-03-21T15:09:52.824+0000] {processor.py:840} INFO - DAG(s) 'crawl_crypto_prices' retrieved from /opt/airflow/dags/crawl_crypto_prices.py
[2026-03-21T15:09:52.852+0000] {logging_mixin.py:188} INFO - [2026-03-21T15:09:52.852+0000] {dag.py:3036} INFO - Sync 1 DAGs
[2026-03-21T15:09:52.871+0000] {logging_mixin.py:188} INFO - [2026-03-21T15:09:52.871+0000] {dag.py:3823} INFO - Setting next_dagrun for crawl_crypto_prices to 2026-03-21 15:00:00+00:00, run_after=2026-03-21 16:00:00+00:00
[2026-03-21T15:09:52.884+0000] {processor.py:183} INFO - Processing /opt/airflow/dags/crawl_crypto_prices.py took 0.077 seconds
[2026-03-21T15:11:03.150+0000] {processor.py:161} INFO - Started process (PID=6464) to work on /opt/airflow/dags/crawl_crypto_prices.py
[2026-03-21T15:11:03.151+0000] {processor.py:830} INFO - Processing file /opt/airflow/dags/crawl_crypto_prices.py for tasks to queue
[2026-03-21T15:11:03.152+0000] {logging_mixin.py:188} INFO - [2026-03-21T15:11:03.151+0000] {dagbag.py:538} INFO - Filling up the DagBag from /opt/airflow/dags/crawl_crypto_prices.py
[2026-03-21T15:11:03.165+0000] {processor.py:840} INFO - DAG(s) 'crawl_crypto_prices' retrieved from /opt/airflow/dags/crawl_crypto_prices.py
[2026-03-21T15:11:03.185+0000] {logging_mixin.py:188} INFO - [2026-03-21T15:11:03.184+0000] {dag.py:3036} INFO - Sync 1 DAGs
[2026-03-21T15:11:03.195+0000] {logging_mixin.py:188} INFO - [2026-03-21T15:11:03.195+0000] {dag.py:3823} INFO - Setting next_dagrun for crawl_crypto_prices to 2026-03-21 15:00:00+00:00, run_after=2026-03-21 16:00:00+00:00
[2026-03-21T15:11:03.271+0000] {processor.py:183} INFO - Processing /opt/airflow/dags/crawl_crypto_prices.py took 0.126 seconds
[2026-03-21T15:11:51.307+0000] {processor.py:161} INFO - Started process (PID=6469) to work on /opt/airflow/dags/crawl_crypto_prices.py
[2026-03-21T15:11:51.308+0000] {processor.py:830} INFO - Processing file /opt/airflow/dags/crawl_crypto_prices.py for tasks to queue
[2026-03-21T15:11:51.308+0000] {logging_mixin.py:188} INFO - [2026-03-21T15:11:51.308+0000] {dagbag.py:538} INFO - Filling up the DagBag from /opt/airflow/dags/crawl_crypto_prices.py
[2026-03-21T15:11:51.318+0000] {processor.py:840} INFO - DAG(s) 'crawl_crypto_prices' retrieved from /opt/airflow/dags/crawl_crypto_prices.py
[2026-03-21T15:11:51.335+0000] {logging_mixin.py:188} INFO - [2026-03-21T15:11:51.335+0000] {dag.py:3036} INFO - Sync 1 DAGs
[2026-03-21T15:11:51.397+0000] {logging_mixin.py:188} INFO - [2026-03-21T15:11:51.397+0000] {dag.py:3823} INFO - Setting next_dagrun for crawl_crypto_prices to 2026-03-21 15:00:00+00:00, run_after=2026-03-21 16:00:00+00:00
[2026-03-21T15:11:51.403+0000] {processor.py:183} INFO - Processing /opt/airflow/dags/crawl_crypto_prices.py took 0.099 seconds
[2026-03-21T15:12:55.349+0000] {processor.py:161} INFO - Started process (PID=6474) to work on /opt/airflow/dags/crawl_crypto_prices.py
[2026-03-21T15:12:55.350+0000] {processor.py:830} INFO - Processing file /opt/airflow/dags/crawl_crypto_prices.py for tasks to queue
[2026-03-21T15:12:55.351+0000] {logging_mixin.py:188} INFO - [2026-03-21T15:12:55.350+0000] {dagbag.py:538} INFO - Filling up the DagBag from /opt/airflow/dags/crawl_crypto_prices.py
[2026-03-21T15:12:55.362+0000] {processor.py:840} INFO - DAG(s) 'crawl_crypto_prices' retrieved from /opt/airflow/dags/crawl_crypto_prices.py
[2026-03-21T15:12:55.382+0000] {logging_mixin.py:188} INFO - [2026-03-21T15:12:55.382+0000] {dag.py:3036} INFO - Sync 1 DAGs
[2026-03-21T15:12:55.451+0000] {logging_mixin.py:188} INFO - [2026-03-21T15:12:55.451+0000] {dag.py:3823} INFO - Setting next_dagrun for crawl_crypto_prices to 2026-03-21 15:00:00+00:00, run_after=2026-03-21 16:00:00+00:00
[2026-03-21T15:12:55.456+0000] {processor.py:183} INFO - Processing /opt/airflow/dags/crawl_crypto_prices.py took 0.112 seconds
[2026-03-21T15:15:20.891+0000] {processor.py:161} INFO - Started process (PID=6479) to work on /opt/airflow/dags/crawl_crypto_prices.py
[2026-03-21T15:15:20.892+0000] {processor.py:830} INFO - Processing file /opt/airflow/dags/crawl_crypto_prices.py for tasks to queue
[2026-03-21T15:15:20.893+0000] {logging_mixin.py:188} INFO - [2026-03-21T15:15:20.892+0000] {dagbag.py:538} INFO - Filling up the DagBag from /opt/airflow/dags/crawl_crypto_prices.py
[2026-03-21T15:15:20.906+0000] {processor.py:840} INFO - DAG(s) 'crawl_crypto_prices' retrieved from /opt/airflow/dags/crawl_crypto_prices.py
[2026-03-21T15:15:21.047+0000] {logging_mixin.py:188} INFO - [2026-03-21T15:15:21.047+0000] {dag.py:3036} INFO - Sync 1 DAGs
[2026-03-21T15:15:21.064+0000] {logging_mixin.py:188} INFO - [2026-03-21T15:15:21.064+0000] {dag.py:3823} INFO - Setting next_dagrun for crawl_crypto_prices to 2026-03-21 15:00:00+00:00, run_after=2026-03-21 16:00:00+00:00
[2026-03-21T15:15:21.077+0000] {processor.py:183} INFO - Processing /opt/airflow/dags/crawl_crypto_prices.py took 0.190 seconds
[2026-03-21T15:54:57.696+0000] {processor.py:161} INFO - Started process (PID=6486) to work on /opt/airflow/dags/crawl_crypto_prices.py
[2026-03-21T15:54:57.696+0000] {processor.py:830} INFO - Processing file /opt/airflow/dags/crawl_crypto_prices.py for tasks to queue
[2026-03-21T15:54:57.697+0000] {logging_mixin.py:188} INFO - [2026-03-21T15:54:57.697+0000] {dagbag.py:538} INFO - Filling up the DagBag from /opt/airflow/dags/crawl_crypto_prices.py
[2026-03-21T15:54:57.709+0000] {processor.py:840} INFO - DAG(s) 'crawl_crypto_prices' retrieved from /opt/airflow/dags/crawl_crypto_prices.py
[2026-03-21T15:54:57.736+0000] {logging_mixin.py:188} INFO - [2026-03-21T15:54:57.736+0000] {dag.py:3036} INFO - Sync 1 DAGs
[2026-03-21T15:54:57.757+0000] {logging_mixin.py:188} INFO - [2026-03-21T15:54:57.757+0000] {dag.py:3823} INFO - Setting next_dagrun for crawl_crypto_prices to 2026-03-21 15:00:00+00:00, run_after=2026-03-21 16:00:00+00:00
[2026-03-21T15:54:57.776+0000] {processor.py:183} INFO - Processing /opt/airflow/dags/crawl_crypto_prices.py took 0.083 seconds
[2026-03-21T17:14:24.486+0000] {processor.py:161} INFO - Started process (PID=6493) to work on /opt/airflow/dags/crawl_crypto_prices.py
[2026-03-21T17:14:24.488+0000] {processor.py:830} INFO - Processing file /opt/airflow/dags/crawl_crypto_prices.py for tasks to queue
[2026-03-21T17:14:24.490+0000] {logging_mixin.py:188} INFO - [2026-03-21T17:14:24.489+0000] {dagbag.py:538} INFO - Filling up the DagBag from /opt/airflow/dags/crawl_crypto_prices.py
[2026-03-21T17:14:24.521+0000] {processor.py:840} INFO - DAG(s) 'crawl_crypto_prices' retrieved from /opt/airflow/dags/crawl_crypto_prices.py
[2026-03-21T17:14:24.572+0000] {logging_mixin.py:188} INFO - [2026-03-21T17:14:24.572+0000] {dag.py:3036} INFO - Sync 1 DAGs
[2026-03-21T17:14:24.609+0000] {logging_mixin.py:188} INFO - [2026-03-21T17:14:24.609+0000] {dag.py:3823} INFO - Setting next_dagrun for crawl_crypto_prices to 2026-03-21 16:00:00+00:00, run_after=2026-03-21 17:00:00+00:00
[2026-03-21T17:14:24.643+0000] {processor.py:183} INFO - Processing /opt/airflow/dags/crawl_crypto_prices.py took 0.163 seconds
[2026-03-21T18:33:46.283+0000] {processor.py:161} INFO - Started process (PID=6502) to work on /opt/airflow/dags/crawl_crypto_prices.py
[2026-03-21T18:33:46.284+0000] {processor.py:830} INFO - Processing file /opt/airflow/dags/crawl_crypto_prices.py for tasks to queue
[2026-03-21T18:33:46.284+0000] {logging_mixin.py:188} INFO - [2026-03-21T18:33:46.284+0000] {dagbag.py:538} INFO - Filling up the DagBag from /opt/airflow/dags/crawl_crypto_prices.py
[2026-03-21T18:33:46.291+0000] {processor.py:840} INFO - DAG(s) 'crawl_crypto_prices' retrieved from /opt/airflow/dags/crawl_crypto_prices.py
[2026-03-21T18:33:46.305+0000] {logging_mixin.py:188} INFO - [2026-03-21T18:33:46.305+0000] {dag.py:3036} INFO - Sync 1 DAGs
[2026-03-21T18:33:46.486+0000] {logging_mixin.py:188} INFO - [2026-03-21T18:33:46.486+0000] {dag.py:3823} INFO - Setting next_dagrun for crawl_crypto_prices to 2026-03-21 18:00:00+00:00, run_after=2026-03-21 19:00:00+00:00
[2026-03-21T18:33:46.503+0000] {processor.py:183} INFO - Processing /opt/airflow/dags/crawl_crypto_prices.py took 0.222 seconds
[2026-03-21T19:43:35.232+0000] {processor.py:161} INFO - Started process (PID=6509) to work on /opt/airflow/dags/crawl_crypto_prices.py
[2026-03-21T19:43:35.233+0000] {processor.py:830} INFO - Processing file /opt/airflow/dags/crawl_crypto_prices.py for tasks to queue
[2026-03-21T19:43:35.234+0000] {logging_mixin.py:188} INFO - [2026-03-21T19:43:35.233+0000] {dagbag.py:538} INFO - Filling up the DagBag from /opt/airflow/dags/crawl_crypto_prices.py
[2026-03-21T19:43:35.244+0000] {processor.py:840} INFO - DAG(s) 'crawl_crypto_prices' retrieved from /opt/airflow/dags/crawl_crypto_prices.py
[2026-03-21T19:43:35.269+0000] {logging_mixin.py:188} INFO - [2026-03-21T19:43:35.269+0000] {dag.py:3036} INFO - Sync 1 DAGs
[2026-03-21T19:43:35.416+0000] {logging_mixin.py:188} INFO - [2026-03-21T19:43:35.416+0000] {dag.py:3823} INFO - Setting next_dagrun for crawl_crypto_prices to 2026-03-21 19:00:00+00:00, run_after=2026-03-21 20:00:00+00:00
[2026-03-21T19:43:35.431+0000] {processor.py:183} INFO - Processing /opt/airflow/dags/crawl_crypto_prices.py took 0.202 seconds
[2026-03-21T20:44:40.303+0000] {processor.py:161} INFO - Started process (PID=6514) to work on /opt/airflow/dags/crawl_crypto_prices.py
[2026-03-21T20:44:40.304+0000] {processor.py:830} INFO - Processing file /opt/airflow/dags/crawl_crypto_prices.py for tasks to queue
[2026-03-21T20:44:40.305+0000] {logging_mixin.py:188} INFO - [2026-03-21T20:44:40.304+0000] {dagbag.py:538} INFO - Filling up the DagBag from /opt/airflow/dags/crawl_crypto_prices.py
[2026-03-21T20:44:40.317+0000] {processor.py:840} INFO - DAG(s) 'crawl_crypto_prices' retrieved from /opt/airflow/dags/crawl_crypto_prices.py
[2026-03-21T20:44:40.472+0000] {logging_mixin.py:188} INFO - [2026-03-21T20:44:40.472+0000] {dag.py:3036} INFO - Sync 1 DAGs
[2026-03-21T20:44:40.497+0000] {logging_mixin.py:188} INFO - [2026-03-21T20:44:40.497+0000] {dag.py:3823} INFO - Setting next_dagrun for crawl_crypto_prices to 2026-03-21 20:00:00+00:00, run_after=2026-03-21 21:00:00+00:00
[2026-03-21T20:44:40.522+0000] {processor.py:183} INFO - Processing /opt/airflow/dags/crawl_crypto_prices.py took 0.223 seconds
[2026-03-21T22:01:01.914+0000] {processor.py:161} INFO - Started process (PID=6527) to work on /opt/airflow/dags/crawl_crypto_prices.py
[2026-03-21T22:01:01.915+0000] {processor.py:830} INFO - Processing file /opt/airflow/dags/crawl_crypto_prices.py for tasks to queue
[2026-03-21T22:01:01.915+0000] {logging_mixin.py:188} INFO - [2026-03-21T22:01:01.915+0000] {dagbag.py:538} INFO - Filling up the DagBag from /opt/airflow/dags/crawl_crypto_prices.py
[2026-03-21T22:01:01.927+0000] {processor.py:840} INFO - DAG(s) 'crawl_crypto_prices' retrieved from /opt/airflow/dags/crawl_crypto_prices.py
[2026-03-21T22:01:01.942+0000] {logging_mixin.py:188} INFO - [2026-03-21T22:01:01.942+0000] {taskinstance.py:2700} ERROR - {'DAG Id': 'crawl_crypto_prices', 'Task Id': 'fetch_and_store_prices', 'Run Id': 'scheduled__2026-03-21T19:00:00+00:00', 'Hostname': 'eaa94a1f4a79'}
[2026-03-21T22:01:01.950+0000] {logging_mixin.py:188} INFO - [2026-03-21T22:01:01.950+0000] {taskinstance.py:1138} INFO - Marking task as FAILED. dag_id=crawl_crypto_prices, task_id=fetch_and_store_prices, execution_date=20260321T190000, start_date=20260321T204440, end_date=20260321T220101
[2026-03-21T22:01:01.954+0000] {processor.py:791} INFO - Executed failure callback for <TaskInstance: crawl_crypto_prices.fetch_and_store_prices scheduled__2026-03-21T19:00:00+00:00 [failed]> in state failed
[2026-03-21T22:01:01.964+0000] {logging_mixin.py:188} INFO - [2026-03-21T22:01:01.964+0000] {dag.py:3036} INFO - Sync 1 DAGs
[2026-03-21T22:01:02.048+0000] {logging_mixin.py:188} INFO - [2026-03-21T22:01:02.048+0000] {dag.py:3823} INFO - Setting next_dagrun for crawl_crypto_prices to 2026-03-21 22:00:00+00:00, run_after=2026-03-21 23:00:00+00:00
[2026-03-21T22:01:02.053+0000] {processor.py:183} INFO - Processing /opt/airflow/dags/crawl_crypto_prices.py took 0.142 seconds
[2026-03-21T22:32:34.959+0000] {processor.py:161} INFO - Started process (PID=6532) to work on /opt/airflow/dags/crawl_crypto_prices.py
[2026-03-21T22:32:34.960+0000] {processor.py:830} INFO - Processing file /opt/airflow/dags/crawl_crypto_prices.py for tasks to queue
[2026-03-21T22:32:34.962+0000] {logging_mixin.py:188} INFO - [2026-03-21T22:32:34.961+0000] {dagbag.py:538} INFO - Filling up the DagBag from /opt/airflow/dags/crawl_crypto_prices.py
[2026-03-21T22:32:34.976+0000] {processor.py:840} INFO - DAG(s) 'crawl_crypto_prices' retrieved from /opt/airflow/dags/crawl_crypto_prices.py
[2026-03-21T22:32:35.001+0000] {logging_mixin.py:188} INFO - [2026-03-21T22:32:35.001+0000] {dag.py:3036} INFO - Sync 1 DAGs
[2026-03-21T22:32:35.012+0000] {logging_mixin.py:188} INFO - [2026-03-21T22:32:35.012+0000] {dag.py:3823} INFO - Setting next_dagrun for crawl_crypto_prices to 2026-03-21 22:00:00+00:00, run_after=2026-03-21 23:00:00+00:00
[2026-03-21T22:32:35.018+0000] {processor.py:183} INFO - Processing /opt/airflow/dags/crawl_crypto_prices.py took 0.062 seconds
[2026-03-21T23:20:48.775+0000] {processor.py:161} INFO - Started process (PID=6537) to work on /opt/airflow/dags/crawl_crypto_prices.py
[2026-03-21T23:20:48.775+0000] {processor.py:830} INFO - Processing file /opt/airflow/dags/crawl_crypto_prices.py for tasks to queue
[2026-03-21T23:20:48.776+0000] {logging_mixin.py:188} INFO - [2026-03-21T23:20:48.776+0000] {dagbag.py:538} INFO - Filling up the DagBag from /opt/airflow/dags/crawl_crypto_prices.py
[2026-03-21T23:20:48.787+0000] {processor.py:840} INFO - DAG(s) 'crawl_crypto_prices' retrieved from /opt/airflow/dags/crawl_crypto_prices.py
[2026-03-21T23:20:48.805+0000] {logging_mixin.py:188} INFO - [2026-03-21T23:20:48.805+0000] {dag.py:3036} INFO - Sync 1 DAGs
[2026-03-21T23:20:48.815+0000] {logging_mixin.py:188} INFO - [2026-03-21T23:20:48.815+0000] {dag.py:3823} INFO - Setting next_dagrun for crawl_crypto_prices to 2026-03-21 22:00:00+00:00, run_after=2026-03-21 23:00:00+00:00
[2026-03-21T23:20:48.902+0000] {processor.py:183} INFO - Processing /opt/airflow/dags/crawl_crypto_prices.py took 0.130 seconds
