[2026-03-23T00:29:24.411+0000] {processor.py:161} INFO - Started process (PID=7931) to work on /opt/airflow/dags/crawl_crypto_prices.py
[2026-03-23T00:29:24.412+0000] {processor.py:830} INFO - Processing file /opt/airflow/dags/crawl_crypto_prices.py for tasks to queue
[2026-03-23T00:29:24.414+0000] {logging_mixin.py:188} INFO - [2026-03-23T00:29:24.413+0000] {dagbag.py:538} INFO - Filling up the DagBag from /opt/airflow/dags/crawl_crypto_prices.py
[2026-03-23T00:29:24.431+0000] {processor.py:840} INFO - DAG(s) 'crawl_crypto_prices' retrieved from /opt/airflow/dags/crawl_crypto_prices.py
[2026-03-23T00:29:24.458+0000] {logging_mixin.py:188} INFO - [2026-03-23T00:29:24.458+0000] {dag.py:3036} INFO - Sync 1 DAGs
[2026-03-23T00:29:24.476+0000] {logging_mixin.py:188} INFO - [2026-03-23T00:29:24.475+0000] {dag.py:3823} INFO - Setting next_dagrun for crawl_crypto_prices to 2026-03-22 23:00:00+00:00, run_after=2026-03-23 00:00:00+00:00
[2026-03-23T00:29:24.499+0000] {processor.py:183} INFO - Processing /opt/airflow/dags/crawl_crypto_prices.py took 0.093 seconds
[2026-03-23T01:03:07.263+0000] {processor.py:161} INFO - Started process (PID=7938) to work on /opt/airflow/dags/crawl_crypto_prices.py
[2026-03-23T01:03:07.264+0000] {processor.py:830} INFO - Processing file /opt/airflow/dags/crawl_crypto_prices.py for tasks to queue
[2026-03-23T01:03:07.265+0000] {logging_mixin.py:188} INFO - [2026-03-23T01:03:07.264+0000] {dagbag.py:538} INFO - Filling up the DagBag from /opt/airflow/dags/crawl_crypto_prices.py
[2026-03-23T01:03:07.279+0000] {processor.py:840} INFO - DAG(s) 'crawl_crypto_prices' retrieved from /opt/airflow/dags/crawl_crypto_prices.py
[2026-03-23T01:03:07.303+0000] {logging_mixin.py:188} INFO - [2026-03-23T01:03:07.303+0000] {dag.py:3036} INFO - Sync 1 DAGs
[2026-03-23T01:03:07.328+0000] {logging_mixin.py:188} INFO - [2026-03-23T01:03:07.327+0000] {dag.py:3823} INFO - Setting next_dagrun for crawl_crypto_prices to 2026-03-23 01:00:00+00:00, run_after=2026-03-23 02:00:00+00:00
[2026-03-23T01:03:07.344+0000] {processor.py:183} INFO - Processing /opt/airflow/dags/crawl_crypto_prices.py took 0.085 seconds
[2026-03-23T01:47:27.091+0000] {processor.py:161} INFO - Started process (PID=7945) to work on /opt/airflow/dags/crawl_crypto_prices.py
[2026-03-23T01:47:27.092+0000] {processor.py:830} INFO - Processing file /opt/airflow/dags/crawl_crypto_prices.py for tasks to queue
[2026-03-23T01:47:27.094+0000] {logging_mixin.py:188} INFO - [2026-03-23T01:47:27.094+0000] {dagbag.py:538} INFO - Filling up the DagBag from /opt/airflow/dags/crawl_crypto_prices.py
[2026-03-23T01:47:27.114+0000] {processor.py:840} INFO - DAG(s) 'crawl_crypto_prices' retrieved from /opt/airflow/dags/crawl_crypto_prices.py
[2026-03-23T01:47:27.163+0000] {logging_mixin.py:188} INFO - [2026-03-23T01:47:27.163+0000] {dag.py:3036} INFO - Sync 1 DAGs
[2026-03-23T01:47:27.195+0000] {logging_mixin.py:188} INFO - [2026-03-23T01:47:27.195+0000] {dag.py:3823} INFO - Setting next_dagrun for crawl_crypto_prices to 2026-03-23 01:00:00+00:00, run_after=2026-03-23 02:00:00+00:00
[2026-03-23T01:47:27.227+0000] {processor.py:183} INFO - Processing /opt/airflow/dags/crawl_crypto_prices.py took 0.139 seconds
[2026-03-23T02:03:32.556+0000] {processor.py:161} INFO - Started process (PID=7950) to work on /opt/airflow/dags/crawl_crypto_prices.py
[2026-03-23T02:03:32.558+0000] {processor.py:830} INFO - Processing file /opt/airflow/dags/crawl_crypto_prices.py for tasks to queue
[2026-03-23T02:03:32.558+0000] {logging_mixin.py:188} INFO - [2026-03-23T02:03:32.558+0000] {dagbag.py:538} INFO - Filling up the DagBag from /opt/airflow/dags/crawl_crypto_prices.py
[2026-03-23T02:03:32.572+0000] {processor.py:840} INFO - DAG(s) 'crawl_crypto_prices' retrieved from /opt/airflow/dags/crawl_crypto_prices.py
[2026-03-23T02:03:32.594+0000] {logging_mixin.py:188} INFO - [2026-03-23T02:03:32.593+0000] {dag.py:3036} INFO - Sync 1 DAGs
[2026-03-23T02:03:32.604+0000] {logging_mixin.py:188} INFO - [2026-03-23T02:03:32.604+0000] {dag.py:3823} INFO - Setting next_dagrun for crawl_crypto_prices to 2026-03-23 01:00:00+00:00, run_after=2026-03-23 02:00:00+00:00
[2026-03-23T02:03:32.610+0000] {processor.py:183} INFO - Processing /opt/airflow/dags/crawl_crypto_prices.py took 0.058 seconds
[2026-03-23T02:04:02.889+0000] {processor.py:161} INFO - Started process (PID=7957) to work on /opt/airflow/dags/crawl_crypto_prices.py
[2026-03-23T02:04:02.890+0000] {processor.py:830} INFO - Processing file /opt/airflow/dags/crawl_crypto_prices.py for tasks to queue
[2026-03-23T02:04:02.891+0000] {logging_mixin.py:188} INFO - [2026-03-23T02:04:02.891+0000] {dagbag.py:538} INFO - Filling up the DagBag from /opt/airflow/dags/crawl_crypto_prices.py
[2026-03-23T02:04:02.905+0000] {processor.py:840} INFO - DAG(s) 'crawl_crypto_prices' retrieved from /opt/airflow/dags/crawl_crypto_prices.py
[2026-03-23T02:04:02.927+0000] {logging_mixin.py:188} INFO - [2026-03-23T02:04:02.927+0000] {dag.py:3036} INFO - Sync 1 DAGs
[2026-03-23T02:04:02.937+0000] {logging_mixin.py:188} INFO - [2026-03-23T02:04:02.937+0000] {dag.py:3823} INFO - Setting next_dagrun for crawl_crypto_prices to 2026-03-23 02:00:00+00:00, run_after=2026-03-23 03:00:00+00:00
[2026-03-23T02:04:02.944+0000] {processor.py:183} INFO - Processing /opt/airflow/dags/crawl_crypto_prices.py took 0.059 seconds
[2026-03-23T02:04:33.185+0000] {processor.py:161} INFO - Started process (PID=7962) to work on /opt/airflow/dags/crawl_crypto_prices.py
[2026-03-23T02:04:33.186+0000] {processor.py:830} INFO - Processing file /opt/airflow/dags/crawl_crypto_prices.py for tasks to queue
[2026-03-23T02:04:33.187+0000] {logging_mixin.py:188} INFO - [2026-03-23T02:04:33.187+0000] {dagbag.py:538} INFO - Filling up the DagBag from /opt/airflow/dags/crawl_crypto_prices.py
[2026-03-23T02:04:33.196+0000] {processor.py:840} INFO - DAG(s) 'crawl_crypto_prices' retrieved from /opt/airflow/dags/crawl_crypto_prices.py
[2026-03-23T02:04:33.214+0000] {logging_mixin.py:188} INFO - [2026-03-23T02:04:33.213+0000] {dag.py:3036} INFO - Sync 1 DAGs
[2026-03-23T02:04:33.222+0000] {logging_mixin.py:188} INFO - [2026-03-23T02:04:33.222+0000] {dag.py:3823} INFO - Setting next_dagrun for crawl_crypto_prices to 2026-03-23 02:00:00+00:00, run_after=2026-03-23 03:00:00+00:00
[2026-03-23T02:04:33.229+0000] {processor.py:183} INFO - Processing /opt/airflow/dags/crawl_crypto_prices.py took 0.047 seconds
[2026-03-23T02:05:03.473+0000] {processor.py:161} INFO - Started process (PID=7967) to work on /opt/airflow/dags/crawl_crypto_prices.py
[2026-03-23T02:05:03.474+0000] {processor.py:830} INFO - Processing file /opt/airflow/dags/crawl_crypto_prices.py for tasks to queue
[2026-03-23T02:05:03.475+0000] {logging_mixin.py:188} INFO - [2026-03-23T02:05:03.475+0000] {dagbag.py:538} INFO - Filling up the DagBag from /opt/airflow/dags/crawl_crypto_prices.py
[2026-03-23T02:05:03.486+0000] {processor.py:840} INFO - DAG(s) 'crawl_crypto_prices' retrieved from /opt/airflow/dags/crawl_crypto_prices.py
[2026-03-23T02:05:03.506+0000] {logging_mixin.py:188} INFO - [2026-03-23T02:05:03.506+0000] {dag.py:3036} INFO - Sync 1 DAGs
[2026-03-23T02:05:03.516+0000] {logging_mixin.py:188} INFO - [2026-03-23T02:05:03.516+0000] {dag.py:3823} INFO - Setting next_dagrun for crawl_crypto_prices to 2026-03-23 02:00:00+00:00, run_after=2026-03-23 03:00:00+00:00
[2026-03-23T02:05:03.522+0000] {processor.py:183} INFO - Processing /opt/airflow/dags/crawl_crypto_prices.py took 0.053 seconds
[2026-03-23T02:05:33.801+0000] {processor.py:161} INFO - Started process (PID=7972) to work on /opt/airflow/dags/crawl_crypto_prices.py
[2026-03-23T02:05:33.802+0000] {processor.py:830} INFO - Processing file /opt/airflow/dags/crawl_crypto_prices.py for tasks to queue
[2026-03-23T02:05:33.803+0000] {logging_mixin.py:188} INFO - [2026-03-23T02:05:33.802+0000] {dagbag.py:538} INFO - Filling up the DagBag from /opt/airflow/dags/crawl_crypto_prices.py
[2026-03-23T02:05:33.813+0000] {processor.py:840} INFO - DAG(s) 'crawl_crypto_prices' retrieved from /opt/airflow/dags/crawl_crypto_prices.py
[2026-03-23T02:05:33.832+0000] {logging_mixin.py:188} INFO - [2026-03-23T02:05:33.831+0000] {dag.py:3036} INFO - Sync 1 DAGs
[2026-03-23T02:05:33.843+0000] {logging_mixin.py:188} INFO - [2026-03-23T02:05:33.843+0000] {dag.py:3823} INFO - Setting next_dagrun for crawl_crypto_prices to 2026-03-23 02:00:00+00:00, run_after=2026-03-23 03:00:00+00:00
[2026-03-23T02:05:33.849+0000] {processor.py:183} INFO - Processing /opt/airflow/dags/crawl_crypto_prices.py took 0.052 seconds
[2026-03-23T02:06:04.116+0000] {processor.py:161} INFO - Started process (PID=7977) to work on /opt/airflow/dags/crawl_crypto_prices.py
[2026-03-23T02:06:04.117+0000] {processor.py:830} INFO - Processing file /opt/airflow/dags/crawl_crypto_prices.py for tasks to queue
[2026-03-23T02:06:04.118+0000] {logging_mixin.py:188} INFO - [2026-03-23T02:06:04.118+0000] {dagbag.py:538} INFO - Filling up the DagBag from /opt/airflow/dags/crawl_crypto_prices.py
[2026-03-23T02:06:04.129+0000] {processor.py:840} INFO - DAG(s) 'crawl_crypto_prices' retrieved from /opt/airflow/dags/crawl_crypto_prices.py
[2026-03-23T02:06:04.148+0000] {logging_mixin.py:188} INFO - [2026-03-23T02:06:04.148+0000] {dag.py:3036} INFO - Sync 1 DAGs
[2026-03-23T02:06:04.159+0000] {logging_mixin.py:188} INFO - [2026-03-23T02:06:04.159+0000] {dag.py:3823} INFO - Setting next_dagrun for crawl_crypto_prices to 2026-03-23 02:00:00+00:00, run_after=2026-03-23 03:00:00+00:00
[2026-03-23T02:06:04.165+0000] {processor.py:183} INFO - Processing /opt/airflow/dags/crawl_crypto_prices.py took 0.052 seconds
[2026-03-23T02:06:34.464+0000] {processor.py:161} INFO - Started process (PID=7982) to work on /opt/airflow/dags/crawl_crypto_prices.py
[2026-03-23T02:06:34.465+0000] {processor.py:830} INFO - Processing file /opt/airflow/dags/crawl_crypto_prices.py for tasks to queue
[2026-03-23T02:06:34.466+0000] {logging_mixin.py:188} INFO - [2026-03-23T02:06:34.466+0000] {dagbag.py:538} INFO - Filling up the DagBag from /opt/airflow/dags/crawl_crypto_prices.py
[2026-03-23T02:06:34.476+0000] {processor.py:840} INFO - DAG(s) 'crawl_crypto_prices' retrieved from /opt/airflow/dags/crawl_crypto_prices.py
[2026-03-23T02:06:34.494+0000] {logging_mixin.py:188} INFO - [2026-03-23T02:06:34.494+0000] {dag.py:3036} INFO - Sync 1 DAGs
[2026-03-23T02:06:34.504+0000] {logging_mixin.py:188} INFO - [2026-03-23T02:06:34.504+0000] {dag.py:3823} INFO - Setting next_dagrun for crawl_crypto_prices to 2026-03-23 02:00:00+00:00, run_after=2026-03-23 03:00:00+00:00
[2026-03-23T02:06:34.511+0000] {processor.py:183} INFO - Processing /opt/airflow/dags/crawl_crypto_prices.py took 0.050 seconds
[2026-03-23T02:07:04.795+0000] {processor.py:161} INFO - Started process (PID=7987) to work on /opt/airflow/dags/crawl_crypto_prices.py
[2026-03-23T02:07:04.796+0000] {processor.py:830} INFO - Processing file /opt/airflow/dags/crawl_crypto_prices.py for tasks to queue
[2026-03-23T02:07:04.797+0000] {logging_mixin.py:188} INFO - [2026-03-23T02:07:04.797+0000] {dagbag.py:538} INFO - Filling up the DagBag from /opt/airflow/dags/crawl_crypto_prices.py
[2026-03-23T02:07:04.809+0000] {processor.py:840} INFO - DAG(s) 'crawl_crypto_prices' retrieved from /opt/airflow/dags/crawl_crypto_prices.py
[2026-03-23T02:07:04.830+0000] {logging_mixin.py:188} INFO - [2026-03-23T02:07:04.830+0000] {dag.py:3036} INFO - Sync 1 DAGs
[2026-03-23T02:07:04.841+0000] {logging_mixin.py:188} INFO - [2026-03-23T02:07:04.841+0000] {dag.py:3823} INFO - Setting next_dagrun for crawl_crypto_prices to 2026-03-23 02:00:00+00:00, run_after=2026-03-23 03:00:00+00:00
[2026-03-23T02:07:04.847+0000] {processor.py:183} INFO - Processing /opt/airflow/dags/crawl_crypto_prices.py took 0.056 seconds
[2026-03-23T02:09:09.737+0000] {processor.py:161} INFO - Started process (PID=7994) to work on /opt/airflow/dags/crawl_crypto_prices.py
[2026-03-23T02:09:09.738+0000] {processor.py:830} INFO - Processing file /opt/airflow/dags/crawl_crypto_prices.py for tasks to queue
[2026-03-23T02:09:09.739+0000] {logging_mixin.py:188} INFO - [2026-03-23T02:09:09.738+0000] {dagbag.py:538} INFO - Filling up the DagBag from /opt/airflow/dags/crawl_crypto_prices.py
[2026-03-23T02:09:09.755+0000] {processor.py:840} INFO - DAG(s) 'crawl_crypto_prices' retrieved from /opt/airflow/dags/crawl_crypto_prices.py
[2026-03-23T02:09:09.775+0000] {logging_mixin.py:188} INFO - [2026-03-23T02:09:09.775+0000] {dag.py:3036} INFO - Sync 1 DAGs
[2026-03-23T02:09:09.789+0000] {logging_mixin.py:188} INFO - [2026-03-23T02:09:09.789+0000] {dag.py:3823} INFO - Setting next_dagrun for crawl_crypto_prices to 2026-03-23 02:00:00+00:00, run_after=2026-03-23 03:00:00+00:00
[2026-03-23T02:09:09.797+0000] {processor.py:183} INFO - Processing /opt/airflow/dags/crawl_crypto_prices.py took 0.064 seconds
[2026-03-23T02:09:40.013+0000] {processor.py:161} INFO - Started process (PID=7999) to work on /opt/airflow/dags/crawl_crypto_prices.py
[2026-03-23T02:09:40.014+0000] {processor.py:830} INFO - Processing file /opt/airflow/dags/crawl_crypto_prices.py for tasks to queue
[2026-03-23T02:09:40.014+0000] {logging_mixin.py:188} INFO - [2026-03-23T02:09:40.014+0000] {dagbag.py:538} INFO - Filling up the DagBag from /opt/airflow/dags/crawl_crypto_prices.py
[2026-03-23T02:09:40.028+0000] {processor.py:840} INFO - DAG(s) 'crawl_crypto_prices' retrieved from /opt/airflow/dags/crawl_crypto_prices.py
[2026-03-23T02:09:40.052+0000] {logging_mixin.py:188} INFO - [2026-03-23T02:09:40.052+0000] {dag.py:3036} INFO - Sync 1 DAGs
[2026-03-23T02:09:40.062+0000] {logging_mixin.py:188} INFO - [2026-03-23T02:09:40.062+0000] {dag.py:3823} INFO - Setting next_dagrun for crawl_crypto_prices to 2026-03-23 02:00:00+00:00, run_after=2026-03-23 03:00:00+00:00
[2026-03-23T02:09:40.069+0000] {processor.py:183} INFO - Processing /opt/airflow/dags/crawl_crypto_prices.py took 0.060 seconds
[2026-03-23T02:10:10.311+0000] {processor.py:161} INFO - Started process (PID=8004) to work on /opt/airflow/dags/crawl_crypto_prices.py
[2026-03-23T02:10:10.312+0000] {processor.py:830} INFO - Processing file /opt/airflow/dags/crawl_crypto_prices.py for tasks to queue
[2026-03-23T02:10:10.314+0000] {logging_mixin.py:188} INFO - [2026-03-23T02:10:10.313+0000] {dagbag.py:538} INFO - Filling up the DagBag from /opt/airflow/dags/crawl_crypto_prices.py
[2026-03-23T02:10:10.328+0000] {processor.py:840} INFO - DAG(s) 'crawl_crypto_prices' retrieved from /opt/airflow/dags/crawl_crypto_prices.py
[2026-03-23T02:10:10.349+0000] {logging_mixin.py:188} INFO - [2026-03-23T02:10:10.349+0000] {dag.py:3036} INFO - Sync 1 DAGs
[2026-03-23T02:10:10.361+0000] {logging_mixin.py:188} INFO - [2026-03-23T02:10:10.361+0000] {dag.py:3823} INFO - Setting next_dagrun for crawl_crypto_prices to 2026-03-23 02:00:00+00:00, run_after=2026-03-23 03:00:00+00:00
[2026-03-23T02:10:10.368+0000] {processor.py:183} INFO - Processing /opt/airflow/dags/crawl_crypto_prices.py took 0.062 seconds
[2026-03-23T02:10:40.603+0000] {processor.py:161} INFO - Started process (PID=8009) to work on /opt/airflow/dags/crawl_crypto_prices.py
[2026-03-23T02:10:40.604+0000] {processor.py:830} INFO - Processing file /opt/airflow/dags/crawl_crypto_prices.py for tasks to queue
[2026-03-23T02:10:40.605+0000] {logging_mixin.py:188} INFO - [2026-03-23T02:10:40.605+0000] {dagbag.py:538} INFO - Filling up the DagBag from /opt/airflow/dags/crawl_crypto_prices.py
[2026-03-23T02:10:40.615+0000] {processor.py:840} INFO - DAG(s) 'crawl_crypto_prices' retrieved from /opt/airflow/dags/crawl_crypto_prices.py
[2026-03-23T02:10:40.636+0000] {logging_mixin.py:188} INFO - [2026-03-23T02:10:40.636+0000] {dag.py:3036} INFO - Sync 1 DAGs
[2026-03-23T02:10:40.648+0000] {logging_mixin.py:188} INFO - [2026-03-23T02:10:40.647+0000] {dag.py:3823} INFO - Setting next_dagrun for crawl_crypto_prices to 2026-03-23 02:00:00+00:00, run_after=2026-03-23 03:00:00+00:00
[2026-03-23T02:10:40.654+0000] {processor.py:183} INFO - Processing /opt/airflow/dags/crawl_crypto_prices.py took 0.056 seconds
[2026-03-23T02:11:10.856+0000] {processor.py:161} INFO - Started process (PID=8014) to work on /opt/airflow/dags/crawl_crypto_prices.py
[2026-03-23T02:11:10.858+0000] {processor.py:830} INFO - Processing file /opt/airflow/dags/crawl_crypto_prices.py for tasks to queue
[2026-03-23T02:11:10.858+0000] {logging_mixin.py:188} INFO - [2026-03-23T02:11:10.858+0000] {dagbag.py:538} INFO - Filling up the DagBag from /opt/airflow/dags/crawl_crypto_prices.py
[2026-03-23T02:11:10.871+0000] {processor.py:840} INFO - DAG(s) 'crawl_crypto_prices' retrieved from /opt/airflow/dags/crawl_crypto_prices.py
[2026-03-23T02:11:10.890+0000] {logging_mixin.py:188} INFO - [2026-03-23T02:11:10.890+0000] {dag.py:3036} INFO - Sync 1 DAGs
[2026-03-23T02:11:10.900+0000] {logging_mixin.py:188} INFO - [2026-03-23T02:11:10.900+0000] {dag.py:3823} INFO - Setting next_dagrun for crawl_crypto_prices to 2026-03-23 02:00:00+00:00, run_after=2026-03-23 03:00:00+00:00
[2026-03-23T02:11:10.906+0000] {processor.py:183} INFO - Processing /opt/airflow/dags/crawl_crypto_prices.py took 0.059 seconds
[2026-03-23T02:11:41.150+0000] {processor.py:161} INFO - Started process (PID=8019) to work on /opt/airflow/dags/crawl_crypto_prices.py
[2026-03-23T02:11:41.151+0000] {processor.py:830} INFO - Processing file /opt/airflow/dags/crawl_crypto_prices.py for tasks to queue
[2026-03-23T02:11:41.152+0000] {logging_mixin.py:188} INFO - [2026-03-23T02:11:41.152+0000] {dagbag.py:538} INFO - Filling up the DagBag from /opt/airflow/dags/crawl_crypto_prices.py
[2026-03-23T02:11:41.163+0000] {processor.py:840} INFO - DAG(s) 'crawl_crypto_prices' retrieved from /opt/airflow/dags/crawl_crypto_prices.py
[2026-03-23T02:11:41.181+0000] {logging_mixin.py:188} INFO - [2026-03-23T02:11:41.181+0000] {dag.py:3036} INFO - Sync 1 DAGs
[2026-03-23T02:11:41.191+0000] {logging_mixin.py:188} INFO - [2026-03-23T02:11:41.191+0000] {dag.py:3823} INFO - Setting next_dagrun for crawl_crypto_prices to 2026-03-23 02:00:00+00:00, run_after=2026-03-23 03:00:00+00:00
[2026-03-23T02:11:41.197+0000] {processor.py:183} INFO - Processing /opt/airflow/dags/crawl_crypto_prices.py took 0.050 seconds
[2026-03-23T02:12:11.453+0000] {processor.py:161} INFO - Started process (PID=8024) to work on /opt/airflow/dags/crawl_crypto_prices.py
[2026-03-23T02:12:11.455+0000] {processor.py:830} INFO - Processing file /opt/airflow/dags/crawl_crypto_prices.py for tasks to queue
[2026-03-23T02:12:11.456+0000] {logging_mixin.py:188} INFO - [2026-03-23T02:12:11.456+0000] {dagbag.py:538} INFO - Filling up the DagBag from /opt/airflow/dags/crawl_crypto_prices.py
[2026-03-23T02:12:11.466+0000] {processor.py:840} INFO - DAG(s) 'crawl_crypto_prices' retrieved from /opt/airflow/dags/crawl_crypto_prices.py
[2026-03-23T02:12:11.485+0000] {logging_mixin.py:188} INFO - [2026-03-23T02:12:11.484+0000] {dag.py:3036} INFO - Sync 1 DAGs
[2026-03-23T02:12:11.494+0000] {logging_mixin.py:188} INFO - [2026-03-23T02:12:11.494+0000] {dag.py:3823} INFO - Setting next_dagrun for crawl_crypto_prices to 2026-03-23 02:00:00+00:00, run_after=2026-03-23 03:00:00+00:00
[2026-03-23T02:12:11.500+0000] {processor.py:183} INFO - Processing /opt/airflow/dags/crawl_crypto_prices.py took 0.055 seconds
[2026-03-23T02:12:41.772+0000] {processor.py:161} INFO - Started process (PID=8029) to work on /opt/airflow/dags/crawl_crypto_prices.py
[2026-03-23T02:12:41.773+0000] {processor.py:830} INFO - Processing file /opt/airflow/dags/crawl_crypto_prices.py for tasks to queue
[2026-03-23T02:12:41.774+0000] {logging_mixin.py:188} INFO - [2026-03-23T02:12:41.774+0000] {dagbag.py:538} INFO - Filling up the DagBag from /opt/airflow/dags/crawl_crypto_prices.py
[2026-03-23T02:12:41.787+0000] {processor.py:840} INFO - DAG(s) 'crawl_crypto_prices' retrieved from /opt/airflow/dags/crawl_crypto_prices.py
[2026-03-23T02:12:41.807+0000] {logging_mixin.py:188} INFO - [2026-03-23T02:12:41.807+0000] {dag.py:3036} INFO - Sync 1 DAGs
[2026-03-23T02:12:41.817+0000] {logging_mixin.py:188} INFO - [2026-03-23T02:12:41.817+0000] {dag.py:3823} INFO - Setting next_dagrun for crawl_crypto_prices to 2026-03-23 02:00:00+00:00, run_after=2026-03-23 03:00:00+00:00
[2026-03-23T02:12:41.825+0000] {processor.py:183} INFO - Processing /opt/airflow/dags/crawl_crypto_prices.py took 0.056 seconds
[2026-03-23T02:13:12.084+0000] {processor.py:161} INFO - Started process (PID=8034) to work on /opt/airflow/dags/crawl_crypto_prices.py
[2026-03-23T02:13:12.085+0000] {processor.py:830} INFO - Processing file /opt/airflow/dags/crawl_crypto_prices.py for tasks to queue
[2026-03-23T02:13:12.086+0000] {logging_mixin.py:188} INFO - [2026-03-23T02:13:12.085+0000] {dagbag.py:538} INFO - Filling up the DagBag from /opt/airflow/dags/crawl_crypto_prices.py
[2026-03-23T02:13:12.096+0000] {processor.py:840} INFO - DAG(s) 'crawl_crypto_prices' retrieved from /opt/airflow/dags/crawl_crypto_prices.py
[2026-03-23T02:13:12.115+0000] {logging_mixin.py:188} INFO - [2026-03-23T02:13:12.115+0000] {dag.py:3036} INFO - Sync 1 DAGs
[2026-03-23T02:13:12.129+0000] {logging_mixin.py:188} INFO - [2026-03-23T02:13:12.129+0000] {dag.py:3823} INFO - Setting next_dagrun for crawl_crypto_prices to 2026-03-23 02:00:00+00:00, run_after=2026-03-23 03:00:00+00:00
[2026-03-23T02:13:12.136+0000] {processor.py:183} INFO - Processing /opt/airflow/dags/crawl_crypto_prices.py took 0.057 seconds
[2026-03-23T02:13:42.409+0000] {processor.py:161} INFO - Started process (PID=8039) to work on /opt/airflow/dags/crawl_crypto_prices.py
[2026-03-23T02:13:42.410+0000] {processor.py:830} INFO - Processing file /opt/airflow/dags/crawl_crypto_prices.py for tasks to queue
[2026-03-23T02:13:42.411+0000] {logging_mixin.py:188} INFO - [2026-03-23T02:13:42.410+0000] {dagbag.py:538} INFO - Filling up the DagBag from /opt/airflow/dags/crawl_crypto_prices.py
[2026-03-23T02:13:42.421+0000] {processor.py:840} INFO - DAG(s) 'crawl_crypto_prices' retrieved from /opt/airflow/dags/crawl_crypto_prices.py
[2026-03-23T02:13:42.443+0000] {logging_mixin.py:188} INFO - [2026-03-23T02:13:42.443+0000] {dag.py:3036} INFO - Sync 1 DAGs
[2026-03-23T02:13:42.455+0000] {logging_mixin.py:188} INFO - [2026-03-23T02:13:42.455+0000] {dag.py:3823} INFO - Setting next_dagrun for crawl_crypto_prices to 2026-03-23 02:00:00+00:00, run_after=2026-03-23 03:00:00+00:00
[2026-03-23T02:13:42.462+0000] {processor.py:183} INFO - Processing /opt/airflow/dags/crawl_crypto_prices.py took 0.057 seconds
[2026-03-23T02:14:12.747+0000] {processor.py:161} INFO - Started process (PID=8044) to work on /opt/airflow/dags/crawl_crypto_prices.py
[2026-03-23T02:14:12.747+0000] {processor.py:830} INFO - Processing file /opt/airflow/dags/crawl_crypto_prices.py for tasks to queue
[2026-03-23T02:14:12.747+0000] {logging_mixin.py:188} INFO - [2026-03-23T02:14:12.747+0000] {dagbag.py:538} INFO - Filling up the DagBag from /opt/airflow/dags/crawl_crypto_prices.py
[2026-03-23T02:14:12.753+0000] {processor.py:840} INFO - DAG(s) 'crawl_crypto_prices' retrieved from /opt/airflow/dags/crawl_crypto_prices.py
[2026-03-23T02:14:12.763+0000] {logging_mixin.py:188} INFO - [2026-03-23T02:14:12.763+0000] {dag.py:3036} INFO - Sync 1 DAGs
[2026-03-23T02:14:12.771+0000] {logging_mixin.py:188} INFO - [2026-03-23T02:14:12.770+0000] {dag.py:3823} INFO - Setting next_dagrun for crawl_crypto_prices to 2026-03-23 02:00:00+00:00, run_after=2026-03-23 03:00:00+00:00
[2026-03-23T02:14:12.776+0000] {processor.py:183} INFO - Processing /opt/airflow/dags/crawl_crypto_prices.py took 0.031 seconds
[2026-03-23T02:14:43.055+0000] {processor.py:161} INFO - Started process (PID=8049) to work on /opt/airflow/dags/crawl_crypto_prices.py
[2026-03-23T02:14:43.056+0000] {processor.py:830} INFO - Processing file /opt/airflow/dags/crawl_crypto_prices.py for tasks to queue
[2026-03-23T02:14:43.057+0000] {logging_mixin.py:188} INFO - [2026-03-23T02:14:43.056+0000] {dagbag.py:538} INFO - Filling up the DagBag from /opt/airflow/dags/crawl_crypto_prices.py
[2026-03-23T02:14:43.068+0000] {processor.py:840} INFO - DAG(s) 'crawl_crypto_prices' retrieved from /opt/airflow/dags/crawl_crypto_prices.py
[2026-03-23T02:14:43.086+0000] {logging_mixin.py:188} INFO - [2026-03-23T02:14:43.086+0000] {dag.py:3036} INFO - Sync 1 DAGs
[2026-03-23T02:14:43.098+0000] {logging_mixin.py:188} INFO - [2026-03-23T02:14:43.098+0000] {dag.py:3823} INFO - Setting next_dagrun for crawl_crypto_prices to 2026-03-23 02:00:00+00:00, run_after=2026-03-23 03:00:00+00:00
[2026-03-23T02:14:43.105+0000] {processor.py:183} INFO - Processing /opt/airflow/dags/crawl_crypto_prices.py took 0.054 seconds
[2026-03-23T02:15:13.353+0000] {processor.py:161} INFO - Started process (PID=8054) to work on /opt/airflow/dags/crawl_crypto_prices.py
[2026-03-23T02:15:13.354+0000] {processor.py:830} INFO - Processing file /opt/airflow/dags/crawl_crypto_prices.py for tasks to queue
[2026-03-23T02:15:13.354+0000] {logging_mixin.py:188} INFO - [2026-03-23T02:15:13.354+0000] {dagbag.py:538} INFO - Filling up the DagBag from /opt/airflow/dags/crawl_crypto_prices.py
[2026-03-23T02:15:13.364+0000] {processor.py:840} INFO - DAG(s) 'crawl_crypto_prices' retrieved from /opt/airflow/dags/crawl_crypto_prices.py
[2026-03-23T02:15:13.389+0000] {logging_mixin.py:188} INFO - [2026-03-23T02:15:13.388+0000] {dag.py:3036} INFO - Sync 1 DAGs
[2026-03-23T02:15:13.404+0000] {logging_mixin.py:188} INFO - [2026-03-23T02:15:13.404+0000] {dag.py:3823} INFO - Setting next_dagrun for crawl_crypto_prices to 2026-03-23 02:00:00+00:00, run_after=2026-03-23 03:00:00+00:00
[2026-03-23T02:15:13.413+0000] {processor.py:183} INFO - Processing /opt/airflow/dags/crawl_crypto_prices.py took 0.063 seconds
[2026-03-23T02:15:43.691+0000] {processor.py:161} INFO - Started process (PID=8059) to work on /opt/airflow/dags/crawl_crypto_prices.py
[2026-03-23T02:15:43.691+0000] {processor.py:830} INFO - Processing file /opt/airflow/dags/crawl_crypto_prices.py for tasks to queue
[2026-03-23T02:15:43.692+0000] {logging_mixin.py:188} INFO - [2026-03-23T02:15:43.692+0000] {dagbag.py:538} INFO - Filling up the DagBag from /opt/airflow/dags/crawl_crypto_prices.py
[2026-03-23T02:15:43.701+0000] {processor.py:840} INFO - DAG(s) 'crawl_crypto_prices' retrieved from /opt/airflow/dags/crawl_crypto_prices.py
[2026-03-23T02:15:43.719+0000] {logging_mixin.py:188} INFO - [2026-03-23T02:15:43.718+0000] {dag.py:3036} INFO - Sync 1 DAGs
[2026-03-23T02:15:43.732+0000] {logging_mixin.py:188} INFO - [2026-03-23T02:15:43.732+0000] {dag.py:3823} INFO - Setting next_dagrun for crawl_crypto_prices to 2026-03-23 02:00:00+00:00, run_after=2026-03-23 03:00:00+00:00
[2026-03-23T02:15:43.740+0000] {processor.py:183} INFO - Processing /opt/airflow/dags/crawl_crypto_prices.py took 0.052 seconds
[2026-03-23T02:16:13.971+0000] {processor.py:161} INFO - Started process (PID=8064) to work on /opt/airflow/dags/crawl_crypto_prices.py
[2026-03-23T02:16:13.972+0000] {processor.py:830} INFO - Processing file /opt/airflow/dags/crawl_crypto_prices.py for tasks to queue
[2026-03-23T02:16:13.972+0000] {logging_mixin.py:188} INFO - [2026-03-23T02:16:13.972+0000] {dagbag.py:538} INFO - Filling up the DagBag from /opt/airflow/dags/crawl_crypto_prices.py
[2026-03-23T02:16:13.983+0000] {processor.py:840} INFO - DAG(s) 'crawl_crypto_prices' retrieved from /opt/airflow/dags/crawl_crypto_prices.py
[2026-03-23T02:16:13.998+0000] {logging_mixin.py:188} INFO - [2026-03-23T02:16:13.998+0000] {dag.py:3036} INFO - Sync 1 DAGs
[2026-03-23T02:16:14.007+0000] {logging_mixin.py:188} INFO - [2026-03-23T02:16:14.007+0000] {dag.py:3823} INFO - Setting next_dagrun for crawl_crypto_prices to 2026-03-23 02:00:00+00:00, run_after=2026-03-23 03:00:00+00:00
[2026-03-23T02:16:14.013+0000] {processor.py:183} INFO - Processing /opt/airflow/dags/crawl_crypto_prices.py took 0.045 seconds
[2026-03-23T02:16:44.274+0000] {processor.py:161} INFO - Started process (PID=8069) to work on /opt/airflow/dags/crawl_crypto_prices.py
[2026-03-23T02:16:44.275+0000] {processor.py:830} INFO - Processing file /opt/airflow/dags/crawl_crypto_prices.py for tasks to queue
[2026-03-23T02:16:44.276+0000] {logging_mixin.py:188} INFO - [2026-03-23T02:16:44.276+0000] {dagbag.py:538} INFO - Filling up the DagBag from /opt/airflow/dags/crawl_crypto_prices.py
[2026-03-23T02:16:44.287+0000] {processor.py:840} INFO - DAG(s) 'crawl_crypto_prices' retrieved from /opt/airflow/dags/crawl_crypto_prices.py
[2026-03-23T02:16:44.303+0000] {logging_mixin.py:188} INFO - [2026-03-23T02:16:44.303+0000] {dag.py:3036} INFO - Sync 1 DAGs
[2026-03-23T02:16:44.313+0000] {logging_mixin.py:188} INFO - [2026-03-23T02:16:44.313+0000] {dag.py:3823} INFO - Setting next_dagrun for crawl_crypto_prices to 2026-03-23 02:00:00+00:00, run_after=2026-03-23 03:00:00+00:00
[2026-03-23T02:16:44.319+0000] {processor.py:183} INFO - Processing /opt/airflow/dags/crawl_crypto_prices.py took 0.048 seconds
[2026-03-23T02:17:14.597+0000] {processor.py:161} INFO - Started process (PID=8074) to work on /opt/airflow/dags/crawl_crypto_prices.py
[2026-03-23T02:17:14.599+0000] {processor.py:830} INFO - Processing file /opt/airflow/dags/crawl_crypto_prices.py for tasks to queue
[2026-03-23T02:17:14.599+0000] {logging_mixin.py:188} INFO - [2026-03-23T02:17:14.599+0000] {dagbag.py:538} INFO - Filling up the DagBag from /opt/airflow/dags/crawl_crypto_prices.py
[2026-03-23T02:17:14.612+0000] {processor.py:840} INFO - DAG(s) 'crawl_crypto_prices' retrieved from /opt/airflow/dags/crawl_crypto_prices.py
[2026-03-23T02:17:14.630+0000] {logging_mixin.py:188} INFO - [2026-03-23T02:17:14.629+0000] {dag.py:3036} INFO - Sync 1 DAGs
[2026-03-23T02:17:14.639+0000] {logging_mixin.py:188} INFO - [2026-03-23T02:17:14.639+0000] {dag.py:3823} INFO - Setting next_dagrun for crawl_crypto_prices to 2026-03-23 02:00:00+00:00, run_after=2026-03-23 03:00:00+00:00
[2026-03-23T02:17:14.645+0000] {processor.py:183} INFO - Processing /opt/airflow/dags/crawl_crypto_prices.py took 0.051 seconds
[2026-03-23T02:17:44.915+0000] {processor.py:161} INFO - Started process (PID=8079) to work on /opt/airflow/dags/crawl_crypto_prices.py
[2026-03-23T02:17:44.916+0000] {processor.py:830} INFO - Processing file /opt/airflow/dags/crawl_crypto_prices.py for tasks to queue
[2026-03-23T02:17:44.916+0000] {logging_mixin.py:188} INFO - [2026-03-23T02:17:44.916+0000] {dagbag.py:538} INFO - Filling up the DagBag from /opt/airflow/dags/crawl_crypto_prices.py
[2026-03-23T02:17:44.926+0000] {processor.py:840} INFO - DAG(s) 'crawl_crypto_prices' retrieved from /opt/airflow/dags/crawl_crypto_prices.py
[2026-03-23T02:17:44.944+0000] {logging_mixin.py:188} INFO - [2026-03-23T02:17:44.944+0000] {dag.py:3036} INFO - Sync 1 DAGs
[2026-03-23T02:17:44.955+0000] {logging_mixin.py:188} INFO - [2026-03-23T02:17:44.955+0000] {dag.py:3823} INFO - Setting next_dagrun for crawl_crypto_prices to 2026-03-23 02:00:00+00:00, run_after=2026-03-23 03:00:00+00:00
[2026-03-23T02:17:44.962+0000] {processor.py:183} INFO - Processing /opt/airflow/dags/crawl_crypto_prices.py took 0.051 seconds
[2026-03-23T02:18:15.252+0000] {processor.py:161} INFO - Started process (PID=8084) to work on /opt/airflow/dags/crawl_crypto_prices.py
[2026-03-23T02:18:15.253+0000] {processor.py:830} INFO - Processing file /opt/airflow/dags/crawl_crypto_prices.py for tasks to queue
[2026-03-23T02:18:15.253+0000] {logging_mixin.py:188} INFO - [2026-03-23T02:18:15.253+0000] {dagbag.py:538} INFO - Filling up the DagBag from /opt/airflow/dags/crawl_crypto_prices.py
[2026-03-23T02:18:15.264+0000] {processor.py:840} INFO - DAG(s) 'crawl_crypto_prices' retrieved from /opt/airflow/dags/crawl_crypto_prices.py
[2026-03-23T02:18:15.283+0000] {logging_mixin.py:188} INFO - [2026-03-23T02:18:15.283+0000] {dag.py:3036} INFO - Sync 1 DAGs
[2026-03-23T02:18:15.295+0000] {logging_mixin.py:188} INFO - [2026-03-23T02:18:15.294+0000] {dag.py:3823} INFO - Setting next_dagrun for crawl_crypto_prices to 2026-03-23 02:00:00+00:00, run_after=2026-03-23 03:00:00+00:00
[2026-03-23T02:18:15.301+0000] {processor.py:183} INFO - Processing /opt/airflow/dags/crawl_crypto_prices.py took 0.052 seconds
[2026-03-23T02:18:45.563+0000] {processor.py:161} INFO - Started process (PID=8089) to work on /opt/airflow/dags/crawl_crypto_prices.py
[2026-03-23T02:18:45.564+0000] {processor.py:830} INFO - Processing file /opt/airflow/dags/crawl_crypto_prices.py for tasks to queue
[2026-03-23T02:18:45.565+0000] {logging_mixin.py:188} INFO - [2026-03-23T02:18:45.564+0000] {dagbag.py:538} INFO - Filling up the DagBag from /opt/airflow/dags/crawl_crypto_prices.py
[2026-03-23T02:18:45.575+0000] {processor.py:840} INFO - DAG(s) 'crawl_crypto_prices' retrieved from /opt/airflow/dags/crawl_crypto_prices.py
[2026-03-23T02:18:45.597+0000] {logging_mixin.py:188} INFO - [2026-03-23T02:18:45.597+0000] {dag.py:3036} INFO - Sync 1 DAGs
[2026-03-23T02:18:45.611+0000] {logging_mixin.py:188} INFO - [2026-03-23T02:18:45.611+0000] {dag.py:3823} INFO - Setting next_dagrun for crawl_crypto_prices to 2026-03-23 02:00:00+00:00, run_after=2026-03-23 03:00:00+00:00
[2026-03-23T02:18:45.618+0000] {processor.py:183} INFO - Processing /opt/airflow/dags/crawl_crypto_prices.py took 0.059 seconds
[2026-03-23T02:19:15.895+0000] {processor.py:161} INFO - Started process (PID=8094) to work on /opt/airflow/dags/crawl_crypto_prices.py
[2026-03-23T02:19:15.896+0000] {processor.py:830} INFO - Processing file /opt/airflow/dags/crawl_crypto_prices.py for tasks to queue
[2026-03-23T02:19:15.897+0000] {logging_mixin.py:188} INFO - [2026-03-23T02:19:15.896+0000] {dagbag.py:538} INFO - Filling up the DagBag from /opt/airflow/dags/crawl_crypto_prices.py
[2026-03-23T02:19:15.906+0000] {processor.py:840} INFO - DAG(s) 'crawl_crypto_prices' retrieved from /opt/airflow/dags/crawl_crypto_prices.py
[2026-03-23T02:19:15.932+0000] {logging_mixin.py:188} INFO - [2026-03-23T02:19:15.932+0000] {dag.py:3036} INFO - Sync 1 DAGs
[2026-03-23T02:19:15.944+0000] {logging_mixin.py:188} INFO - [2026-03-23T02:19:15.944+0000] {dag.py:3823} INFO - Setting next_dagrun for crawl_crypto_prices to 2026-03-23 02:00:00+00:00, run_after=2026-03-23 03:00:00+00:00
[2026-03-23T02:19:15.951+0000] {processor.py:183} INFO - Processing /opt/airflow/dags/crawl_crypto_prices.py took 0.059 seconds
[2026-03-23T02:19:46.214+0000] {processor.py:161} INFO - Started process (PID=8099) to work on /opt/airflow/dags/crawl_crypto_prices.py
[2026-03-23T02:19:46.215+0000] {processor.py:830} INFO - Processing file /opt/airflow/dags/crawl_crypto_prices.py for tasks to queue
[2026-03-23T02:19:46.216+0000] {logging_mixin.py:188} INFO - [2026-03-23T02:19:46.216+0000] {dagbag.py:538} INFO - Filling up the DagBag from /opt/airflow/dags/crawl_crypto_prices.py
[2026-03-23T02:19:46.230+0000] {processor.py:840} INFO - DAG(s) 'crawl_crypto_prices' retrieved from /opt/airflow/dags/crawl_crypto_prices.py
[2026-03-23T02:19:46.254+0000] {logging_mixin.py:188} INFO - [2026-03-23T02:19:46.254+0000] {dag.py:3036} INFO - Sync 1 DAGs
[2026-03-23T02:19:46.266+0000] {logging_mixin.py:188} INFO - [2026-03-23T02:19:46.266+0000] {dag.py:3823} INFO - Setting next_dagrun for crawl_crypto_prices to 2026-03-23 02:00:00+00:00, run_after=2026-03-23 03:00:00+00:00
[2026-03-23T02:19:46.274+0000] {processor.py:183} INFO - Processing /opt/airflow/dags/crawl_crypto_prices.py took 0.065 seconds
[2026-03-23T02:20:16.499+0000] {processor.py:161} INFO - Started process (PID=8104) to work on /opt/airflow/dags/crawl_crypto_prices.py
[2026-03-23T02:20:16.500+0000] {processor.py:830} INFO - Processing file /opt/airflow/dags/crawl_crypto_prices.py for tasks to queue
[2026-03-23T02:20:16.501+0000] {logging_mixin.py:188} INFO - [2026-03-23T02:20:16.501+0000] {dagbag.py:538} INFO - Filling up the DagBag from /opt/airflow/dags/crawl_crypto_prices.py
[2026-03-23T02:20:16.511+0000] {processor.py:840} INFO - DAG(s) 'crawl_crypto_prices' retrieved from /opt/airflow/dags/crawl_crypto_prices.py
[2026-03-23T02:20:16.528+0000] {logging_mixin.py:188} INFO - [2026-03-23T02:20:16.528+0000] {dag.py:3036} INFO - Sync 1 DAGs
[2026-03-23T02:20:16.538+0000] {logging_mixin.py:188} INFO - [2026-03-23T02:20:16.537+0000] {dag.py:3823} INFO - Setting next_dagrun for crawl_crypto_prices to 2026-03-23 02:00:00+00:00, run_after=2026-03-23 03:00:00+00:00
[2026-03-23T02:20:16.544+0000] {processor.py:183} INFO - Processing /opt/airflow/dags/crawl_crypto_prices.py took 0.047 seconds
[2026-03-23T02:20:46.815+0000] {processor.py:161} INFO - Started process (PID=8109) to work on /opt/airflow/dags/crawl_crypto_prices.py
[2026-03-23T02:20:46.816+0000] {processor.py:830} INFO - Processing file /opt/airflow/dags/crawl_crypto_prices.py for tasks to queue
[2026-03-23T02:20:46.817+0000] {logging_mixin.py:188} INFO - [2026-03-23T02:20:46.816+0000] {dagbag.py:538} INFO - Filling up the DagBag from /opt/airflow/dags/crawl_crypto_prices.py
[2026-03-23T02:20:46.828+0000] {processor.py:840} INFO - DAG(s) 'crawl_crypto_prices' retrieved from /opt/airflow/dags/crawl_crypto_prices.py
[2026-03-23T02:20:46.851+0000] {logging_mixin.py:188} INFO - [2026-03-23T02:20:46.851+0000] {dag.py:3036} INFO - Sync 1 DAGs
[2026-03-23T02:20:46.861+0000] {logging_mixin.py:188} INFO - [2026-03-23T02:20:46.861+0000] {dag.py:3823} INFO - Setting next_dagrun for crawl_crypto_prices to 2026-03-23 02:00:00+00:00, run_after=2026-03-23 03:00:00+00:00
[2026-03-23T02:20:46.868+0000] {processor.py:183} INFO - Processing /opt/airflow/dags/crawl_crypto_prices.py took 0.056 seconds
[2026-03-23T02:21:17.113+0000] {processor.py:161} INFO - Started process (PID=8114) to work on /opt/airflow/dags/crawl_crypto_prices.py
[2026-03-23T02:21:17.114+0000] {processor.py:830} INFO - Processing file /opt/airflow/dags/crawl_crypto_prices.py for tasks to queue
[2026-03-23T02:21:17.115+0000] {logging_mixin.py:188} INFO - [2026-03-23T02:21:17.115+0000] {dagbag.py:538} INFO - Filling up the DagBag from /opt/airflow/dags/crawl_crypto_prices.py
[2026-03-23T02:21:17.126+0000] {processor.py:840} INFO - DAG(s) 'crawl_crypto_prices' retrieved from /opt/airflow/dags/crawl_crypto_prices.py
[2026-03-23T02:21:17.140+0000] {logging_mixin.py:188} INFO - [2026-03-23T02:21:17.139+0000] {dag.py:3036} INFO - Sync 1 DAGs
[2026-03-23T02:21:17.150+0000] {logging_mixin.py:188} INFO - [2026-03-23T02:21:17.149+0000] {dag.py:3823} INFO - Setting next_dagrun for crawl_crypto_prices to 2026-03-23 02:00:00+00:00, run_after=2026-03-23 03:00:00+00:00
[2026-03-23T02:21:17.156+0000] {processor.py:183} INFO - Processing /opt/airflow/dags/crawl_crypto_prices.py took 0.046 seconds
[2026-03-23T02:21:47.391+0000] {processor.py:161} INFO - Started process (PID=8119) to work on /opt/airflow/dags/crawl_crypto_prices.py
[2026-03-23T02:21:47.392+0000] {processor.py:830} INFO - Processing file /opt/airflow/dags/crawl_crypto_prices.py for tasks to queue
[2026-03-23T02:21:47.393+0000] {logging_mixin.py:188} INFO - [2026-03-23T02:21:47.392+0000] {dagbag.py:538} INFO - Filling up the DagBag from /opt/airflow/dags/crawl_crypto_prices.py
[2026-03-23T02:21:47.403+0000] {processor.py:840} INFO - DAG(s) 'crawl_crypto_prices' retrieved from /opt/airflow/dags/crawl_crypto_prices.py
[2026-03-23T02:21:47.419+0000] {logging_mixin.py:188} INFO - [2026-03-23T02:21:47.419+0000] {dag.py:3036} INFO - Sync 1 DAGs
[2026-03-23T02:21:47.429+0000] {logging_mixin.py:188} INFO - [2026-03-23T02:21:47.429+0000] {dag.py:3823} INFO - Setting next_dagrun for crawl_crypto_prices to 2026-03-23 02:00:00+00:00, run_after=2026-03-23 03:00:00+00:00
[2026-03-23T02:21:47.435+0000] {processor.py:183} INFO - Processing /opt/airflow/dags/crawl_crypto_prices.py took 0.048 seconds
[2026-03-23T02:22:17.677+0000] {processor.py:161} INFO - Started process (PID=8124) to work on /opt/airflow/dags/crawl_crypto_prices.py
[2026-03-23T02:22:17.678+0000] {processor.py:830} INFO - Processing file /opt/airflow/dags/crawl_crypto_prices.py for tasks to queue
[2026-03-23T02:22:17.678+0000] {logging_mixin.py:188} INFO - [2026-03-23T02:22:17.678+0000] {dagbag.py:538} INFO - Filling up the DagBag from /opt/airflow/dags/crawl_crypto_prices.py
[2026-03-23T02:22:17.687+0000] {processor.py:840} INFO - DAG(s) 'crawl_crypto_prices' retrieved from /opt/airflow/dags/crawl_crypto_prices.py
[2026-03-23T02:22:17.704+0000] {logging_mixin.py:188} INFO - [2026-03-23T02:22:17.704+0000] {dag.py:3036} INFO - Sync 1 DAGs
[2026-03-23T02:22:17.713+0000] {logging_mixin.py:188} INFO - [2026-03-23T02:22:17.713+0000] {dag.py:3823} INFO - Setting next_dagrun for crawl_crypto_prices to 2026-03-23 02:00:00+00:00, run_after=2026-03-23 03:00:00+00:00
[2026-03-23T02:22:17.720+0000] {processor.py:183} INFO - Processing /opt/airflow/dags/crawl_crypto_prices.py took 0.046 seconds
[2026-03-23T02:22:47.934+0000] {processor.py:161} INFO - Started process (PID=8129) to work on /opt/airflow/dags/crawl_crypto_prices.py
[2026-03-23T02:22:47.935+0000] {processor.py:830} INFO - Processing file /opt/airflow/dags/crawl_crypto_prices.py for tasks to queue
[2026-03-23T02:22:47.935+0000] {logging_mixin.py:188} INFO - [2026-03-23T02:22:47.935+0000] {dagbag.py:538} INFO - Filling up the DagBag from /opt/airflow/dags/crawl_crypto_prices.py
[2026-03-23T02:22:47.944+0000] {processor.py:840} INFO - DAG(s) 'crawl_crypto_prices' retrieved from /opt/airflow/dags/crawl_crypto_prices.py
[2026-03-23T02:22:47.960+0000] {logging_mixin.py:188} INFO - [2026-03-23T02:22:47.960+0000] {dag.py:3036} INFO - Sync 1 DAGs
[2026-03-23T02:22:47.968+0000] {logging_mixin.py:188} INFO - [2026-03-23T02:22:47.968+0000] {dag.py:3823} INFO - Setting next_dagrun for crawl_crypto_prices to 2026-03-23 02:00:00+00:00, run_after=2026-03-23 03:00:00+00:00
[2026-03-23T02:22:47.974+0000] {processor.py:183} INFO - Processing /opt/airflow/dags/crawl_crypto_prices.py took 0.043 seconds
[2026-03-23T02:23:18.225+0000] {processor.py:161} INFO - Started process (PID=8134) to work on /opt/airflow/dags/crawl_crypto_prices.py
[2026-03-23T02:23:18.227+0000] {processor.py:830} INFO - Processing file /opt/airflow/dags/crawl_crypto_prices.py for tasks to queue
[2026-03-23T02:23:18.228+0000] {logging_mixin.py:188} INFO - [2026-03-23T02:23:18.227+0000] {dagbag.py:538} INFO - Filling up the DagBag from /opt/airflow/dags/crawl_crypto_prices.py
[2026-03-23T02:23:18.238+0000] {processor.py:840} INFO - DAG(s) 'crawl_crypto_prices' retrieved from /opt/airflow/dags/crawl_crypto_prices.py
[2026-03-23T02:23:18.255+0000] {logging_mixin.py:188} INFO - [2026-03-23T02:23:18.255+0000] {dag.py:3036} INFO - Sync 1 DAGs
[2026-03-23T02:23:18.265+0000] {logging_mixin.py:188} INFO - [2026-03-23T02:23:18.265+0000] {dag.py:3823} INFO - Setting next_dagrun for crawl_crypto_prices to 2026-03-23 02:00:00+00:00, run_after=2026-03-23 03:00:00+00:00
[2026-03-23T02:23:18.271+0000] {processor.py:183} INFO - Processing /opt/airflow/dags/crawl_crypto_prices.py took 0.049 seconds
[2026-03-23T02:23:48.511+0000] {processor.py:161} INFO - Started process (PID=8139) to work on /opt/airflow/dags/crawl_crypto_prices.py
[2026-03-23T02:23:48.512+0000] {processor.py:830} INFO - Processing file /opt/airflow/dags/crawl_crypto_prices.py for tasks to queue
[2026-03-23T02:23:48.512+0000] {logging_mixin.py:188} INFO - [2026-03-23T02:23:48.512+0000] {dagbag.py:538} INFO - Filling up the DagBag from /opt/airflow/dags/crawl_crypto_prices.py
[2026-03-23T02:23:48.523+0000] {processor.py:840} INFO - DAG(s) 'crawl_crypto_prices' retrieved from /opt/airflow/dags/crawl_crypto_prices.py
[2026-03-23T02:23:48.542+0000] {logging_mixin.py:188} INFO - [2026-03-23T02:23:48.541+0000] {dag.py:3036} INFO - Sync 1 DAGs
[2026-03-23T02:23:48.553+0000] {logging_mixin.py:188} INFO - [2026-03-23T02:23:48.553+0000] {dag.py:3823} INFO - Setting next_dagrun for crawl_crypto_prices to 2026-03-23 02:00:00+00:00, run_after=2026-03-23 03:00:00+00:00
[2026-03-23T02:23:48.560+0000] {processor.py:183} INFO - Processing /opt/airflow/dags/crawl_crypto_prices.py took 0.052 seconds
[2026-03-23T02:24:18.857+0000] {processor.py:161} INFO - Started process (PID=8144) to work on /opt/airflow/dags/crawl_crypto_prices.py
[2026-03-23T02:24:18.858+0000] {processor.py:830} INFO - Processing file /opt/airflow/dags/crawl_crypto_prices.py for tasks to queue
[2026-03-23T02:24:18.858+0000] {logging_mixin.py:188} INFO - [2026-03-23T02:24:18.858+0000] {dagbag.py:538} INFO - Filling up the DagBag from /opt/airflow/dags/crawl_crypto_prices.py
[2026-03-23T02:24:18.870+0000] {processor.py:840} INFO - DAG(s) 'crawl_crypto_prices' retrieved from /opt/airflow/dags/crawl_crypto_prices.py
[2026-03-23T02:24:18.889+0000] {logging_mixin.py:188} INFO - [2026-03-23T02:24:18.889+0000] {dag.py:3036} INFO - Sync 1 DAGs
[2026-03-23T02:24:18.900+0000] {logging_mixin.py:188} INFO - [2026-03-23T02:24:18.900+0000] {dag.py:3823} INFO - Setting next_dagrun for crawl_crypto_prices to 2026-03-23 02:00:00+00:00, run_after=2026-03-23 03:00:00+00:00
[2026-03-23T02:24:18.906+0000] {processor.py:183} INFO - Processing /opt/airflow/dags/crawl_crypto_prices.py took 0.052 seconds
[2026-03-23T02:24:49.154+0000] {processor.py:161} INFO - Started process (PID=8149) to work on /opt/airflow/dags/crawl_crypto_prices.py
[2026-03-23T02:24:49.155+0000] {processor.py:830} INFO - Processing file /opt/airflow/dags/crawl_crypto_prices.py for tasks to queue
[2026-03-23T02:24:49.156+0000] {logging_mixin.py:188} INFO - [2026-03-23T02:24:49.156+0000] {dagbag.py:538} INFO - Filling up the DagBag from /opt/airflow/dags/crawl_crypto_prices.py
[2026-03-23T02:24:49.168+0000] {processor.py:840} INFO - DAG(s) 'crawl_crypto_prices' retrieved from /opt/airflow/dags/crawl_crypto_prices.py
[2026-03-23T02:24:49.187+0000] {logging_mixin.py:188} INFO - [2026-03-23T02:24:49.187+0000] {dag.py:3036} INFO - Sync 1 DAGs
[2026-03-23T02:24:49.198+0000] {logging_mixin.py:188} INFO - [2026-03-23T02:24:49.198+0000] {dag.py:3823} INFO - Setting next_dagrun for crawl_crypto_prices to 2026-03-23 02:00:00+00:00, run_after=2026-03-23 03:00:00+00:00
[2026-03-23T02:24:49.204+0000] {processor.py:183} INFO - Processing /opt/airflow/dags/crawl_crypto_prices.py took 0.054 seconds
[2026-03-23T02:25:19.469+0000] {processor.py:161} INFO - Started process (PID=8154) to work on /opt/airflow/dags/crawl_crypto_prices.py
[2026-03-23T02:25:19.470+0000] {processor.py:830} INFO - Processing file /opt/airflow/dags/crawl_crypto_prices.py for tasks to queue
[2026-03-23T02:25:19.470+0000] {logging_mixin.py:188} INFO - [2026-03-23T02:25:19.470+0000] {dagbag.py:538} INFO - Filling up the DagBag from /opt/airflow/dags/crawl_crypto_prices.py
[2026-03-23T02:25:19.481+0000] {processor.py:840} INFO - DAG(s) 'crawl_crypto_prices' retrieved from /opt/airflow/dags/crawl_crypto_prices.py
[2026-03-23T02:25:19.499+0000] {logging_mixin.py:188} INFO - [2026-03-23T02:25:19.499+0000] {dag.py:3036} INFO - Sync 1 DAGs
[2026-03-23T02:25:19.508+0000] {logging_mixin.py:188} INFO - [2026-03-23T02:25:19.508+0000] {dag.py:3823} INFO - Setting next_dagrun for crawl_crypto_prices to 2026-03-23 02:00:00+00:00, run_after=2026-03-23 03:00:00+00:00
[2026-03-23T02:25:19.515+0000] {processor.py:183} INFO - Processing /opt/airflow/dags/crawl_crypto_prices.py took 0.049 seconds
[2026-03-23T02:25:49.783+0000] {processor.py:161} INFO - Started process (PID=8159) to work on /opt/airflow/dags/crawl_crypto_prices.py
[2026-03-23T02:25:49.784+0000] {processor.py:830} INFO - Processing file /opt/airflow/dags/crawl_crypto_prices.py for tasks to queue
[2026-03-23T02:25:49.784+0000] {logging_mixin.py:188} INFO - [2026-03-23T02:25:49.784+0000] {dagbag.py:538} INFO - Filling up the DagBag from /opt/airflow/dags/crawl_crypto_prices.py
[2026-03-23T02:25:49.795+0000] {processor.py:840} INFO - DAG(s) 'crawl_crypto_prices' retrieved from /opt/airflow/dags/crawl_crypto_prices.py
[2026-03-23T02:25:49.815+0000] {logging_mixin.py:188} INFO - [2026-03-23T02:25:49.815+0000] {dag.py:3036} INFO - Sync 1 DAGs
[2026-03-23T02:25:49.826+0000] {logging_mixin.py:188} INFO - [2026-03-23T02:25:49.826+0000] {dag.py:3823} INFO - Setting next_dagrun for crawl_crypto_prices to 2026-03-23 02:00:00+00:00, run_after=2026-03-23 03:00:00+00:00
[2026-03-23T02:25:49.832+0000] {processor.py:183} INFO - Processing /opt/airflow/dags/crawl_crypto_prices.py took 0.053 seconds
[2026-03-23T02:26:20.089+0000] {processor.py:161} INFO - Started process (PID=8164) to work on /opt/airflow/dags/crawl_crypto_prices.py
[2026-03-23T02:26:20.090+0000] {processor.py:830} INFO - Processing file /opt/airflow/dags/crawl_crypto_prices.py for tasks to queue
[2026-03-23T02:26:20.091+0000] {logging_mixin.py:188} INFO - [2026-03-23T02:26:20.090+0000] {dagbag.py:538} INFO - Filling up the DagBag from /opt/airflow/dags/crawl_crypto_prices.py
[2026-03-23T02:26:20.102+0000] {processor.py:840} INFO - DAG(s) 'crawl_crypto_prices' retrieved from /opt/airflow/dags/crawl_crypto_prices.py
[2026-03-23T02:26:20.120+0000] {logging_mixin.py:188} INFO - [2026-03-23T02:26:20.120+0000] {dag.py:3036} INFO - Sync 1 DAGs
[2026-03-23T02:26:20.131+0000] {logging_mixin.py:188} INFO - [2026-03-23T02:26:20.131+0000] {dag.py:3823} INFO - Setting next_dagrun for crawl_crypto_prices to 2026-03-23 02:00:00+00:00, run_after=2026-03-23 03:00:00+00:00
[2026-03-23T02:26:20.137+0000] {processor.py:183} INFO - Processing /opt/airflow/dags/crawl_crypto_prices.py took 0.051 seconds
[2026-03-23T02:26:50.395+0000] {processor.py:161} INFO - Started process (PID=8169) to work on /opt/airflow/dags/crawl_crypto_prices.py
[2026-03-23T02:26:50.396+0000] {processor.py:830} INFO - Processing file /opt/airflow/dags/crawl_crypto_prices.py for tasks to queue
[2026-03-23T02:26:50.396+0000] {logging_mixin.py:188} INFO - [2026-03-23T02:26:50.396+0000] {dagbag.py:538} INFO - Filling up the DagBag from /opt/airflow/dags/crawl_crypto_prices.py
[2026-03-23T02:26:50.404+0000] {processor.py:840} INFO - DAG(s) 'crawl_crypto_prices' retrieved from /opt/airflow/dags/crawl_crypto_prices.py
[2026-03-23T02:26:50.423+0000] {logging_mixin.py:188} INFO - [2026-03-23T02:26:50.422+0000] {dag.py:3036} INFO - Sync 1 DAGs
[2026-03-23T02:26:50.434+0000] {logging_mixin.py:188} INFO - [2026-03-23T02:26:50.434+0000] {dag.py:3823} INFO - Setting next_dagrun for crawl_crypto_prices to 2026-03-23 02:00:00+00:00, run_after=2026-03-23 03:00:00+00:00
[2026-03-23T02:26:50.440+0000] {processor.py:183} INFO - Processing /opt/airflow/dags/crawl_crypto_prices.py took 0.047 seconds
[2026-03-23T02:27:21.199+0000] {processor.py:161} INFO - Started process (PID=8174) to work on /opt/airflow/dags/crawl_crypto_prices.py
[2026-03-23T02:27:21.200+0000] {processor.py:830} INFO - Processing file /opt/airflow/dags/crawl_crypto_prices.py for tasks to queue
[2026-03-23T02:27:21.200+0000] {logging_mixin.py:188} INFO - [2026-03-23T02:27:21.200+0000] {dagbag.py:538} INFO - Filling up the DagBag from /opt/airflow/dags/crawl_crypto_prices.py
[2026-03-23T02:27:21.207+0000] {processor.py:840} INFO - DAG(s) 'crawl_crypto_prices' retrieved from /opt/airflow/dags/crawl_crypto_prices.py
[2026-03-23T02:27:21.220+0000] {logging_mixin.py:188} INFO - [2026-03-23T02:27:21.220+0000] {dag.py:3036} INFO - Sync 1 DAGs
[2026-03-23T02:27:21.229+0000] {logging_mixin.py:188} INFO - [2026-03-23T02:27:21.229+0000] {dag.py:3823} INFO - Setting next_dagrun for crawl_crypto_prices to 2026-03-23 02:00:00+00:00, run_after=2026-03-23 03:00:00+00:00
[2026-03-23T02:27:21.235+0000] {processor.py:183} INFO - Processing /opt/airflow/dags/crawl_crypto_prices.py took 0.038 seconds
[2026-03-23T02:27:51.563+0000] {processor.py:161} INFO - Started process (PID=8179) to work on /opt/airflow/dags/crawl_crypto_prices.py
[2026-03-23T02:27:51.564+0000] {processor.py:830} INFO - Processing file /opt/airflow/dags/crawl_crypto_prices.py for tasks to queue
[2026-03-23T02:27:51.565+0000] {logging_mixin.py:188} INFO - [2026-03-23T02:27:51.564+0000] {dagbag.py:538} INFO - Filling up the DagBag from /opt/airflow/dags/crawl_crypto_prices.py
[2026-03-23T02:27:51.577+0000] {processor.py:840} INFO - DAG(s) 'crawl_crypto_prices' retrieved from /opt/airflow/dags/crawl_crypto_prices.py
[2026-03-23T02:27:51.597+0000] {logging_mixin.py:188} INFO - [2026-03-23T02:27:51.596+0000] {dag.py:3036} INFO - Sync 1 DAGs
[2026-03-23T02:27:51.606+0000] {logging_mixin.py:188} INFO - [2026-03-23T02:27:51.606+0000] {dag.py:3823} INFO - Setting next_dagrun for crawl_crypto_prices to 2026-03-23 02:00:00+00:00, run_after=2026-03-23 03:00:00+00:00
[2026-03-23T02:27:51.613+0000] {processor.py:183} INFO - Processing /opt/airflow/dags/crawl_crypto_prices.py took 0.054 seconds
[2026-03-23T02:28:21.920+0000] {processor.py:161} INFO - Started process (PID=8184) to work on /opt/airflow/dags/crawl_crypto_prices.py
[2026-03-23T02:28:21.921+0000] {processor.py:830} INFO - Processing file /opt/airflow/dags/crawl_crypto_prices.py for tasks to queue
[2026-03-23T02:28:21.921+0000] {logging_mixin.py:188} INFO - [2026-03-23T02:28:21.921+0000] {dagbag.py:538} INFO - Filling up the DagBag from /opt/airflow/dags/crawl_crypto_prices.py
[2026-03-23T02:28:21.934+0000] {processor.py:840} INFO - DAG(s) 'crawl_crypto_prices' retrieved from /opt/airflow/dags/crawl_crypto_prices.py
[2026-03-23T02:28:21.952+0000] {logging_mixin.py:188} INFO - [2026-03-23T02:28:21.952+0000] {dag.py:3036} INFO - Sync 1 DAGs
[2026-03-23T02:28:21.962+0000] {logging_mixin.py:188} INFO - [2026-03-23T02:28:21.962+0000] {dag.py:3823} INFO - Setting next_dagrun for crawl_crypto_prices to 2026-03-23 02:00:00+00:00, run_after=2026-03-23 03:00:00+00:00
[2026-03-23T02:28:21.969+0000] {processor.py:183} INFO - Processing /opt/airflow/dags/crawl_crypto_prices.py took 0.053 seconds
[2026-03-23T02:28:52.241+0000] {processor.py:161} INFO - Started process (PID=8189) to work on /opt/airflow/dags/crawl_crypto_prices.py
[2026-03-23T02:28:52.242+0000] {processor.py:830} INFO - Processing file /opt/airflow/dags/crawl_crypto_prices.py for tasks to queue
[2026-03-23T02:28:52.243+0000] {logging_mixin.py:188} INFO - [2026-03-23T02:28:52.242+0000] {dagbag.py:538} INFO - Filling up the DagBag from /opt/airflow/dags/crawl_crypto_prices.py
[2026-03-23T02:28:52.252+0000] {processor.py:840} INFO - DAG(s) 'crawl_crypto_prices' retrieved from /opt/airflow/dags/crawl_crypto_prices.py
[2026-03-23T02:28:52.270+0000] {logging_mixin.py:188} INFO - [2026-03-23T02:28:52.270+0000] {dag.py:3036} INFO - Sync 1 DAGs
[2026-03-23T02:28:52.281+0000] {logging_mixin.py:188} INFO - [2026-03-23T02:28:52.281+0000] {dag.py:3823} INFO - Setting next_dagrun for crawl_crypto_prices to 2026-03-23 02:00:00+00:00, run_after=2026-03-23 03:00:00+00:00
[2026-03-23T02:28:52.287+0000] {processor.py:183} INFO - Processing /opt/airflow/dags/crawl_crypto_prices.py took 0.049 seconds
[2026-03-23T02:29:22.589+0000] {processor.py:161} INFO - Started process (PID=8194) to work on /opt/airflow/dags/crawl_crypto_prices.py
[2026-03-23T02:29:22.590+0000] {processor.py:830} INFO - Processing file /opt/airflow/dags/crawl_crypto_prices.py for tasks to queue
[2026-03-23T02:29:22.591+0000] {logging_mixin.py:188} INFO - [2026-03-23T02:29:22.591+0000] {dagbag.py:538} INFO - Filling up the DagBag from /opt/airflow/dags/crawl_crypto_prices.py
[2026-03-23T02:29:22.601+0000] {processor.py:840} INFO - DAG(s) 'crawl_crypto_prices' retrieved from /opt/airflow/dags/crawl_crypto_prices.py
[2026-03-23T02:29:22.621+0000] {logging_mixin.py:188} INFO - [2026-03-23T02:29:22.620+0000] {dag.py:3036} INFO - Sync 1 DAGs
[2026-03-23T02:29:22.632+0000] {logging_mixin.py:188} INFO - [2026-03-23T02:29:22.632+0000] {dag.py:3823} INFO - Setting next_dagrun for crawl_crypto_prices to 2026-03-23 02:00:00+00:00, run_after=2026-03-23 03:00:00+00:00
[2026-03-23T02:29:22.640+0000] {processor.py:183} INFO - Processing /opt/airflow/dags/crawl_crypto_prices.py took 0.054 seconds
[2026-03-23T02:29:52.895+0000] {processor.py:161} INFO - Started process (PID=8199) to work on /opt/airflow/dags/crawl_crypto_prices.py
[2026-03-23T02:29:52.896+0000] {processor.py:830} INFO - Processing file /opt/airflow/dags/crawl_crypto_prices.py for tasks to queue
[2026-03-23T02:29:52.897+0000] {logging_mixin.py:188} INFO - [2026-03-23T02:29:52.896+0000] {dagbag.py:538} INFO - Filling up the DagBag from /opt/airflow/dags/crawl_crypto_prices.py
[2026-03-23T02:29:52.908+0000] {processor.py:840} INFO - DAG(s) 'crawl_crypto_prices' retrieved from /opt/airflow/dags/crawl_crypto_prices.py
[2026-03-23T02:29:52.926+0000] {logging_mixin.py:188} INFO - [2026-03-23T02:29:52.926+0000] {dag.py:3036} INFO - Sync 1 DAGs
[2026-03-23T02:29:52.939+0000] {logging_mixin.py:188} INFO - [2026-03-23T02:29:52.939+0000] {dag.py:3823} INFO - Setting next_dagrun for crawl_crypto_prices to 2026-03-23 02:00:00+00:00, run_after=2026-03-23 03:00:00+00:00
[2026-03-23T02:29:52.946+0000] {processor.py:183} INFO - Processing /opt/airflow/dags/crawl_crypto_prices.py took 0.055 seconds
[2026-03-23T02:30:23.177+0000] {processor.py:161} INFO - Started process (PID=8204) to work on /opt/airflow/dags/crawl_crypto_prices.py
[2026-03-23T02:30:23.178+0000] {processor.py:830} INFO - Processing file /opt/airflow/dags/crawl_crypto_prices.py for tasks to queue
[2026-03-23T02:30:23.179+0000] {logging_mixin.py:188} INFO - [2026-03-23T02:30:23.179+0000] {dagbag.py:538} INFO - Filling up the DagBag from /opt/airflow/dags/crawl_crypto_prices.py
[2026-03-23T02:30:23.190+0000] {processor.py:840} INFO - DAG(s) 'crawl_crypto_prices' retrieved from /opt/airflow/dags/crawl_crypto_prices.py
[2026-03-23T02:30:23.204+0000] {logging_mixin.py:188} INFO - [2026-03-23T02:30:23.204+0000] {dag.py:3036} INFO - Sync 1 DAGs
[2026-03-23T02:30:23.214+0000] {logging_mixin.py:188} INFO - [2026-03-23T02:30:23.214+0000] {dag.py:3823} INFO - Setting next_dagrun for crawl_crypto_prices to 2026-03-23 02:00:00+00:00, run_after=2026-03-23 03:00:00+00:00
[2026-03-23T02:30:23.221+0000] {processor.py:183} INFO - Processing /opt/airflow/dags/crawl_crypto_prices.py took 0.047 seconds
[2026-03-23T02:30:53.474+0000] {processor.py:161} INFO - Started process (PID=8209) to work on /opt/airflow/dags/crawl_crypto_prices.py
[2026-03-23T02:30:53.477+0000] {processor.py:830} INFO - Processing file /opt/airflow/dags/crawl_crypto_prices.py for tasks to queue
[2026-03-23T02:30:53.478+0000] {logging_mixin.py:188} INFO - [2026-03-23T02:30:53.478+0000] {dagbag.py:538} INFO - Filling up the DagBag from /opt/airflow/dags/crawl_crypto_prices.py
[2026-03-23T02:30:53.488+0000] {processor.py:840} INFO - DAG(s) 'crawl_crypto_prices' retrieved from /opt/airflow/dags/crawl_crypto_prices.py
[2026-03-23T02:30:53.511+0000] {logging_mixin.py:188} INFO - [2026-03-23T02:30:53.510+0000] {dag.py:3036} INFO - Sync 1 DAGs
[2026-03-23T02:30:53.524+0000] {logging_mixin.py:188} INFO - [2026-03-23T02:30:53.523+0000] {dag.py:3823} INFO - Setting next_dagrun for crawl_crypto_prices to 2026-03-23 02:00:00+00:00, run_after=2026-03-23 03:00:00+00:00
[2026-03-23T02:30:53.533+0000] {processor.py:183} INFO - Processing /opt/airflow/dags/crawl_crypto_prices.py took 0.062 seconds
[2026-03-23T02:31:23.775+0000] {processor.py:161} INFO - Started process (PID=8214) to work on /opt/airflow/dags/crawl_crypto_prices.py
[2026-03-23T02:31:23.777+0000] {processor.py:830} INFO - Processing file /opt/airflow/dags/crawl_crypto_prices.py for tasks to queue
[2026-03-23T02:31:23.777+0000] {logging_mixin.py:188} INFO - [2026-03-23T02:31:23.777+0000] {dagbag.py:538} INFO - Filling up the DagBag from /opt/airflow/dags/crawl_crypto_prices.py
[2026-03-23T02:31:23.788+0000] {processor.py:840} INFO - DAG(s) 'crawl_crypto_prices' retrieved from /opt/airflow/dags/crawl_crypto_prices.py
[2026-03-23T02:31:23.808+0000] {logging_mixin.py:188} INFO - [2026-03-23T02:31:23.808+0000] {dag.py:3036} INFO - Sync 1 DAGs
[2026-03-23T02:31:23.818+0000] {logging_mixin.py:188} INFO - [2026-03-23T02:31:23.818+0000] {dag.py:3823} INFO - Setting next_dagrun for crawl_crypto_prices to 2026-03-23 02:00:00+00:00, run_after=2026-03-23 03:00:00+00:00
[2026-03-23T02:31:23.825+0000] {processor.py:183} INFO - Processing /opt/airflow/dags/crawl_crypto_prices.py took 0.054 seconds
[2026-03-23T02:31:54.081+0000] {processor.py:161} INFO - Started process (PID=8219) to work on /opt/airflow/dags/crawl_crypto_prices.py
[2026-03-23T02:31:54.083+0000] {processor.py:830} INFO - Processing file /opt/airflow/dags/crawl_crypto_prices.py for tasks to queue
[2026-03-23T02:31:54.083+0000] {logging_mixin.py:188} INFO - [2026-03-23T02:31:54.083+0000] {dagbag.py:538} INFO - Filling up the DagBag from /opt/airflow/dags/crawl_crypto_prices.py
[2026-03-23T02:31:54.095+0000] {processor.py:840} INFO - DAG(s) 'crawl_crypto_prices' retrieved from /opt/airflow/dags/crawl_crypto_prices.py
[2026-03-23T02:31:54.113+0000] {logging_mixin.py:188} INFO - [2026-03-23T02:31:54.113+0000] {dag.py:3036} INFO - Sync 1 DAGs
[2026-03-23T02:31:54.123+0000] {logging_mixin.py:188} INFO - [2026-03-23T02:31:54.123+0000] {dag.py:3823} INFO - Setting next_dagrun for crawl_crypto_prices to 2026-03-23 02:00:00+00:00, run_after=2026-03-23 03:00:00+00:00
[2026-03-23T02:31:54.130+0000] {processor.py:183} INFO - Processing /opt/airflow/dags/crawl_crypto_prices.py took 0.052 seconds
[2026-03-23T02:32:24.424+0000] {processor.py:161} INFO - Started process (PID=8224) to work on /opt/airflow/dags/crawl_crypto_prices.py
[2026-03-23T02:32:24.425+0000] {processor.py:830} INFO - Processing file /opt/airflow/dags/crawl_crypto_prices.py for tasks to queue
[2026-03-23T02:32:24.425+0000] {logging_mixin.py:188} INFO - [2026-03-23T02:32:24.425+0000] {dagbag.py:538} INFO - Filling up the DagBag from /opt/airflow/dags/crawl_crypto_prices.py
[2026-03-23T02:32:24.436+0000] {processor.py:840} INFO - DAG(s) 'crawl_crypto_prices' retrieved from /opt/airflow/dags/crawl_crypto_prices.py
[2026-03-23T02:32:24.455+0000] {logging_mixin.py:188} INFO - [2026-03-23T02:32:24.454+0000] {dag.py:3036} INFO - Sync 1 DAGs
[2026-03-23T02:32:24.465+0000] {logging_mixin.py:188} INFO - [2026-03-23T02:32:24.464+0000] {dag.py:3823} INFO - Setting next_dagrun for crawl_crypto_prices to 2026-03-23 02:00:00+00:00, run_after=2026-03-23 03:00:00+00:00
[2026-03-23T02:32:24.472+0000] {processor.py:183} INFO - Processing /opt/airflow/dags/crawl_crypto_prices.py took 0.052 seconds
[2026-03-23T02:32:54.725+0000] {processor.py:161} INFO - Started process (PID=8229) to work on /opt/airflow/dags/crawl_crypto_prices.py
[2026-03-23T02:32:54.726+0000] {processor.py:830} INFO - Processing file /opt/airflow/dags/crawl_crypto_prices.py for tasks to queue
[2026-03-23T02:32:54.727+0000] {logging_mixin.py:188} INFO - [2026-03-23T02:32:54.727+0000] {dagbag.py:538} INFO - Filling up the DagBag from /opt/airflow/dags/crawl_crypto_prices.py
[2026-03-23T02:32:54.737+0000] {processor.py:840} INFO - DAG(s) 'crawl_crypto_prices' retrieved from /opt/airflow/dags/crawl_crypto_prices.py
[2026-03-23T02:32:54.756+0000] {logging_mixin.py:188} INFO - [2026-03-23T02:32:54.756+0000] {dag.py:3036} INFO - Sync 1 DAGs
[2026-03-23T02:32:54.769+0000] {logging_mixin.py:188} INFO - [2026-03-23T02:32:54.769+0000] {dag.py:3823} INFO - Setting next_dagrun for crawl_crypto_prices to 2026-03-23 02:00:00+00:00, run_after=2026-03-23 03:00:00+00:00
[2026-03-23T02:32:54.776+0000] {processor.py:183} INFO - Processing /opt/airflow/dags/crawl_crypto_prices.py took 0.054 seconds
[2026-03-23T02:33:25.047+0000] {processor.py:161} INFO - Started process (PID=8234) to work on /opt/airflow/dags/crawl_crypto_prices.py
[2026-03-23T02:33:25.048+0000] {processor.py:830} INFO - Processing file /opt/airflow/dags/crawl_crypto_prices.py for tasks to queue
[2026-03-23T02:33:25.048+0000] {logging_mixin.py:188} INFO - [2026-03-23T02:33:25.048+0000] {dagbag.py:538} INFO - Filling up the DagBag from /opt/airflow/dags/crawl_crypto_prices.py
[2026-03-23T02:33:25.059+0000] {processor.py:840} INFO - DAG(s) 'crawl_crypto_prices' retrieved from /opt/airflow/dags/crawl_crypto_prices.py
[2026-03-23T02:33:25.078+0000] {logging_mixin.py:188} INFO - [2026-03-23T02:33:25.078+0000] {dag.py:3036} INFO - Sync 1 DAGs
[2026-03-23T02:33:25.088+0000] {logging_mixin.py:188} INFO - [2026-03-23T02:33:25.088+0000] {dag.py:3823} INFO - Setting next_dagrun for crawl_crypto_prices to 2026-03-23 02:00:00+00:00, run_after=2026-03-23 03:00:00+00:00
[2026-03-23T02:33:25.095+0000] {processor.py:183} INFO - Processing /opt/airflow/dags/crawl_crypto_prices.py took 0.052 seconds
[2026-03-23T02:33:55.382+0000] {processor.py:161} INFO - Started process (PID=8239) to work on /opt/airflow/dags/crawl_crypto_prices.py
[2026-03-23T02:33:55.383+0000] {processor.py:830} INFO - Processing file /opt/airflow/dags/crawl_crypto_prices.py for tasks to queue
[2026-03-23T02:33:55.384+0000] {logging_mixin.py:188} INFO - [2026-03-23T02:33:55.384+0000] {dagbag.py:538} INFO - Filling up the DagBag from /opt/airflow/dags/crawl_crypto_prices.py
[2026-03-23T02:33:55.393+0000] {processor.py:840} INFO - DAG(s) 'crawl_crypto_prices' retrieved from /opt/airflow/dags/crawl_crypto_prices.py
[2026-03-23T02:33:55.411+0000] {logging_mixin.py:188} INFO - [2026-03-23T02:33:55.411+0000] {dag.py:3036} INFO - Sync 1 DAGs
[2026-03-23T02:33:55.419+0000] {logging_mixin.py:188} INFO - [2026-03-23T02:33:55.419+0000] {dag.py:3823} INFO - Setting next_dagrun for crawl_crypto_prices to 2026-03-23 02:00:00+00:00, run_after=2026-03-23 03:00:00+00:00
[2026-03-23T02:33:55.426+0000] {processor.py:183} INFO - Processing /opt/airflow/dags/crawl_crypto_prices.py took 0.046 seconds
[2026-03-23T02:34:25.716+0000] {processor.py:161} INFO - Started process (PID=8244) to work on /opt/airflow/dags/crawl_crypto_prices.py
[2026-03-23T02:34:25.717+0000] {processor.py:830} INFO - Processing file /opt/airflow/dags/crawl_crypto_prices.py for tasks to queue
[2026-03-23T02:34:25.718+0000] {logging_mixin.py:188} INFO - [2026-03-23T02:34:25.718+0000] {dagbag.py:538} INFO - Filling up the DagBag from /opt/airflow/dags/crawl_crypto_prices.py
[2026-03-23T02:34:25.730+0000] {processor.py:840} INFO - DAG(s) 'crawl_crypto_prices' retrieved from /opt/airflow/dags/crawl_crypto_prices.py
[2026-03-23T02:34:25.753+0000] {logging_mixin.py:188} INFO - [2026-03-23T02:34:25.753+0000] {dag.py:3036} INFO - Sync 1 DAGs
[2026-03-23T02:34:25.764+0000] {logging_mixin.py:188} INFO - [2026-03-23T02:34:25.764+0000] {dag.py:3823} INFO - Setting next_dagrun for crawl_crypto_prices to 2026-03-23 02:00:00+00:00, run_after=2026-03-23 03:00:00+00:00
[2026-03-23T02:34:25.771+0000] {processor.py:183} INFO - Processing /opt/airflow/dags/crawl_crypto_prices.py took 0.058 seconds
[2026-03-23T02:34:56.048+0000] {processor.py:161} INFO - Started process (PID=8249) to work on /opt/airflow/dags/crawl_crypto_prices.py
[2026-03-23T02:34:56.050+0000] {processor.py:830} INFO - Processing file /opt/airflow/dags/crawl_crypto_prices.py for tasks to queue
[2026-03-23T02:34:56.051+0000] {logging_mixin.py:188} INFO - [2026-03-23T02:34:56.051+0000] {dagbag.py:538} INFO - Filling up the DagBag from /opt/airflow/dags/crawl_crypto_prices.py
[2026-03-23T02:34:56.061+0000] {processor.py:840} INFO - DAG(s) 'crawl_crypto_prices' retrieved from /opt/airflow/dags/crawl_crypto_prices.py
[2026-03-23T02:34:56.078+0000] {logging_mixin.py:188} INFO - [2026-03-23T02:34:56.078+0000] {dag.py:3036} INFO - Sync 1 DAGs
[2026-03-23T02:34:56.087+0000] {logging_mixin.py:188} INFO - [2026-03-23T02:34:56.087+0000] {dag.py:3823} INFO - Setting next_dagrun for crawl_crypto_prices to 2026-03-23 02:00:00+00:00, run_after=2026-03-23 03:00:00+00:00
[2026-03-23T02:34:56.094+0000] {processor.py:183} INFO - Processing /opt/airflow/dags/crawl_crypto_prices.py took 0.048 seconds
[2026-03-23T02:35:26.371+0000] {processor.py:161} INFO - Started process (PID=8254) to work on /opt/airflow/dags/crawl_crypto_prices.py
[2026-03-23T02:35:26.372+0000] {processor.py:830} INFO - Processing file /opt/airflow/dags/crawl_crypto_prices.py for tasks to queue
[2026-03-23T02:35:26.373+0000] {logging_mixin.py:188} INFO - [2026-03-23T02:35:26.373+0000] {dagbag.py:538} INFO - Filling up the DagBag from /opt/airflow/dags/crawl_crypto_prices.py
[2026-03-23T02:35:26.386+0000] {processor.py:840} INFO - DAG(s) 'crawl_crypto_prices' retrieved from /opt/airflow/dags/crawl_crypto_prices.py
[2026-03-23T02:35:26.404+0000] {logging_mixin.py:188} INFO - [2026-03-23T02:35:26.404+0000] {dag.py:3036} INFO - Sync 1 DAGs
[2026-03-23T02:35:26.415+0000] {logging_mixin.py:188} INFO - [2026-03-23T02:35:26.415+0000] {dag.py:3823} INFO - Setting next_dagrun for crawl_crypto_prices to 2026-03-23 02:00:00+00:00, run_after=2026-03-23 03:00:00+00:00
[2026-03-23T02:35:26.421+0000] {processor.py:183} INFO - Processing /opt/airflow/dags/crawl_crypto_prices.py took 0.053 seconds
[2026-03-23T02:35:56.689+0000] {processor.py:161} INFO - Started process (PID=8259) to work on /opt/airflow/dags/crawl_crypto_prices.py
[2026-03-23T02:35:56.690+0000] {processor.py:830} INFO - Processing file /opt/airflow/dags/crawl_crypto_prices.py for tasks to queue
[2026-03-23T02:35:56.691+0000] {logging_mixin.py:188} INFO - [2026-03-23T02:35:56.691+0000] {dagbag.py:538} INFO - Filling up the DagBag from /opt/airflow/dags/crawl_crypto_prices.py
[2026-03-23T02:35:56.705+0000] {processor.py:840} INFO - DAG(s) 'crawl_crypto_prices' retrieved from /opt/airflow/dags/crawl_crypto_prices.py
[2026-03-23T02:35:56.729+0000] {logging_mixin.py:188} INFO - [2026-03-23T02:35:56.729+0000] {dag.py:3036} INFO - Sync 1 DAGs
[2026-03-23T02:35:56.741+0000] {logging_mixin.py:188} INFO - [2026-03-23T02:35:56.741+0000] {dag.py:3823} INFO - Setting next_dagrun for crawl_crypto_prices to 2026-03-23 02:00:00+00:00, run_after=2026-03-23 03:00:00+00:00
[2026-03-23T02:35:56.748+0000] {processor.py:183} INFO - Processing /opt/airflow/dags/crawl_crypto_prices.py took 0.062 seconds
[2026-03-23T02:36:26.989+0000] {processor.py:161} INFO - Started process (PID=8264) to work on /opt/airflow/dags/crawl_crypto_prices.py
[2026-03-23T02:36:26.991+0000] {processor.py:830} INFO - Processing file /opt/airflow/dags/crawl_crypto_prices.py for tasks to queue
[2026-03-23T02:36:26.991+0000] {logging_mixin.py:188} INFO - [2026-03-23T02:36:26.991+0000] {dagbag.py:538} INFO - Filling up the DagBag from /opt/airflow/dags/crawl_crypto_prices.py
[2026-03-23T02:36:27.002+0000] {processor.py:840} INFO - DAG(s) 'crawl_crypto_prices' retrieved from /opt/airflow/dags/crawl_crypto_prices.py
[2026-03-23T02:36:27.021+0000] {logging_mixin.py:188} INFO - [2026-03-23T02:36:27.021+0000] {dag.py:3036} INFO - Sync 1 DAGs
[2026-03-23T02:36:27.031+0000] {logging_mixin.py:188} INFO - [2026-03-23T02:36:27.031+0000] {dag.py:3823} INFO - Setting next_dagrun for crawl_crypto_prices to 2026-03-23 02:00:00+00:00, run_after=2026-03-23 03:00:00+00:00
[2026-03-23T02:36:27.038+0000] {processor.py:183} INFO - Processing /opt/airflow/dags/crawl_crypto_prices.py took 0.052 seconds
[2026-03-23T02:36:57.282+0000] {processor.py:161} INFO - Started process (PID=8269) to work on /opt/airflow/dags/crawl_crypto_prices.py
[2026-03-23T02:36:57.283+0000] {processor.py:830} INFO - Processing file /opt/airflow/dags/crawl_crypto_prices.py for tasks to queue
[2026-03-23T02:36:57.283+0000] {logging_mixin.py:188} INFO - [2026-03-23T02:36:57.283+0000] {dagbag.py:538} INFO - Filling up the DagBag from /opt/airflow/dags/crawl_crypto_prices.py
[2026-03-23T02:36:57.294+0000] {processor.py:840} INFO - DAG(s) 'crawl_crypto_prices' retrieved from /opt/airflow/dags/crawl_crypto_prices.py
[2026-03-23T02:36:57.311+0000] {logging_mixin.py:188} INFO - [2026-03-23T02:36:57.311+0000] {dag.py:3036} INFO - Sync 1 DAGs
[2026-03-23T02:36:57.321+0000] {logging_mixin.py:188} INFO - [2026-03-23T02:36:57.321+0000] {dag.py:3823} INFO - Setting next_dagrun for crawl_crypto_prices to 2026-03-23 02:00:00+00:00, run_after=2026-03-23 03:00:00+00:00
[2026-03-23T02:36:57.327+0000] {processor.py:183} INFO - Processing /opt/airflow/dags/crawl_crypto_prices.py took 0.048 seconds
[2026-03-23T02:37:27.549+0000] {processor.py:161} INFO - Started process (PID=8274) to work on /opt/airflow/dags/crawl_crypto_prices.py
[2026-03-23T02:37:27.550+0000] {processor.py:830} INFO - Processing file /opt/airflow/dags/crawl_crypto_prices.py for tasks to queue
[2026-03-23T02:37:27.552+0000] {logging_mixin.py:188} INFO - [2026-03-23T02:37:27.552+0000] {dagbag.py:538} INFO - Filling up the DagBag from /opt/airflow/dags/crawl_crypto_prices.py
[2026-03-23T02:37:27.564+0000] {processor.py:840} INFO - DAG(s) 'crawl_crypto_prices' retrieved from /opt/airflow/dags/crawl_crypto_prices.py
[2026-03-23T02:37:27.581+0000] {logging_mixin.py:188} INFO - [2026-03-23T02:37:27.581+0000] {dag.py:3036} INFO - Sync 1 DAGs
[2026-03-23T02:37:27.590+0000] {logging_mixin.py:188} INFO - [2026-03-23T02:37:27.590+0000] {dag.py:3823} INFO - Setting next_dagrun for crawl_crypto_prices to 2026-03-23 02:00:00+00:00, run_after=2026-03-23 03:00:00+00:00
[2026-03-23T02:37:27.596+0000] {processor.py:183} INFO - Processing /opt/airflow/dags/crawl_crypto_prices.py took 0.052 seconds
[2026-03-23T02:37:57.841+0000] {processor.py:161} INFO - Started process (PID=8279) to work on /opt/airflow/dags/crawl_crypto_prices.py
[2026-03-23T02:37:57.843+0000] {processor.py:830} INFO - Processing file /opt/airflow/dags/crawl_crypto_prices.py for tasks to queue
[2026-03-23T02:37:57.844+0000] {logging_mixin.py:188} INFO - [2026-03-23T02:37:57.844+0000] {dagbag.py:538} INFO - Filling up the DagBag from /opt/airflow/dags/crawl_crypto_prices.py
[2026-03-23T02:37:57.855+0000] {processor.py:840} INFO - DAG(s) 'crawl_crypto_prices' retrieved from /opt/airflow/dags/crawl_crypto_prices.py
[2026-03-23T02:37:57.876+0000] {logging_mixin.py:188} INFO - [2026-03-23T02:37:57.876+0000] {dag.py:3036} INFO - Sync 1 DAGs
[2026-03-23T02:37:57.887+0000] {logging_mixin.py:188} INFO - [2026-03-23T02:37:57.887+0000] {dag.py:3823} INFO - Setting next_dagrun for crawl_crypto_prices to 2026-03-23 02:00:00+00:00, run_after=2026-03-23 03:00:00+00:00
[2026-03-23T02:37:57.893+0000] {processor.py:183} INFO - Processing /opt/airflow/dags/crawl_crypto_prices.py took 0.056 seconds
[2026-03-23T02:38:28.128+0000] {processor.py:161} INFO - Started process (PID=8284) to work on /opt/airflow/dags/crawl_crypto_prices.py
[2026-03-23T02:38:28.129+0000] {processor.py:830} INFO - Processing file /opt/airflow/dags/crawl_crypto_prices.py for tasks to queue
[2026-03-23T02:38:28.130+0000] {logging_mixin.py:188} INFO - [2026-03-23T02:38:28.130+0000] {dagbag.py:538} INFO - Filling up the DagBag from /opt/airflow/dags/crawl_crypto_prices.py
[2026-03-23T02:38:28.142+0000] {processor.py:840} INFO - DAG(s) 'crawl_crypto_prices' retrieved from /opt/airflow/dags/crawl_crypto_prices.py
[2026-03-23T02:38:28.159+0000] {logging_mixin.py:188} INFO - [2026-03-23T02:38:28.159+0000] {dag.py:3036} INFO - Sync 1 DAGs
[2026-03-23T02:38:28.169+0000] {logging_mixin.py:188} INFO - [2026-03-23T02:38:28.169+0000] {dag.py:3823} INFO - Setting next_dagrun for crawl_crypto_prices to 2026-03-23 02:00:00+00:00, run_after=2026-03-23 03:00:00+00:00
[2026-03-23T02:38:28.176+0000] {processor.py:183} INFO - Processing /opt/airflow/dags/crawl_crypto_prices.py took 0.052 seconds
[2026-03-23T02:38:58.409+0000] {processor.py:161} INFO - Started process (PID=8289) to work on /opt/airflow/dags/crawl_crypto_prices.py
[2026-03-23T02:38:58.410+0000] {processor.py:830} INFO - Processing file /opt/airflow/dags/crawl_crypto_prices.py for tasks to queue
[2026-03-23T02:38:58.410+0000] {logging_mixin.py:188} INFO - [2026-03-23T02:38:58.410+0000] {dagbag.py:538} INFO - Filling up the DagBag from /opt/airflow/dags/crawl_crypto_prices.py
[2026-03-23T02:38:58.420+0000] {processor.py:840} INFO - DAG(s) 'crawl_crypto_prices' retrieved from /opt/airflow/dags/crawl_crypto_prices.py
[2026-03-23T02:38:58.434+0000] {logging_mixin.py:188} INFO - [2026-03-23T02:38:58.434+0000] {dag.py:3036} INFO - Sync 1 DAGs
[2026-03-23T02:38:58.445+0000] {logging_mixin.py:188} INFO - [2026-03-23T02:38:58.445+0000] {dag.py:3823} INFO - Setting next_dagrun for crawl_crypto_prices to 2026-03-23 02:00:00+00:00, run_after=2026-03-23 03:00:00+00:00
[2026-03-23T02:38:58.452+0000] {processor.py:183} INFO - Processing /opt/airflow/dags/crawl_crypto_prices.py took 0.047 seconds
[2026-03-23T02:39:28.673+0000] {processor.py:161} INFO - Started process (PID=8294) to work on /opt/airflow/dags/crawl_crypto_prices.py
[2026-03-23T02:39:28.674+0000] {processor.py:830} INFO - Processing file /opt/airflow/dags/crawl_crypto_prices.py for tasks to queue
[2026-03-23T02:39:28.674+0000] {logging_mixin.py:188} INFO - [2026-03-23T02:39:28.674+0000] {dagbag.py:538} INFO - Filling up the DagBag from /opt/airflow/dags/crawl_crypto_prices.py
[2026-03-23T02:39:28.684+0000] {processor.py:840} INFO - DAG(s) 'crawl_crypto_prices' retrieved from /opt/airflow/dags/crawl_crypto_prices.py
[2026-03-23T02:39:28.698+0000] {logging_mixin.py:188} INFO - [2026-03-23T02:39:28.698+0000] {dag.py:3036} INFO - Sync 1 DAGs
[2026-03-23T02:39:28.707+0000] {logging_mixin.py:188} INFO - [2026-03-23T02:39:28.707+0000] {dag.py:3823} INFO - Setting next_dagrun for crawl_crypto_prices to 2026-03-23 02:00:00+00:00, run_after=2026-03-23 03:00:00+00:00
[2026-03-23T02:39:28.713+0000] {processor.py:183} INFO - Processing /opt/airflow/dags/crawl_crypto_prices.py took 0.043 seconds
[2026-03-23T02:39:58.901+0000] {processor.py:161} INFO - Started process (PID=8299) to work on /opt/airflow/dags/crawl_crypto_prices.py
[2026-03-23T02:39:58.902+0000] {processor.py:830} INFO - Processing file /opt/airflow/dags/crawl_crypto_prices.py for tasks to queue
[2026-03-23T02:39:58.902+0000] {logging_mixin.py:188} INFO - [2026-03-23T02:39:58.902+0000] {dagbag.py:538} INFO - Filling up the DagBag from /opt/airflow/dags/crawl_crypto_prices.py
[2026-03-23T02:39:58.910+0000] {processor.py:840} INFO - DAG(s) 'crawl_crypto_prices' retrieved from /opt/airflow/dags/crawl_crypto_prices.py
[2026-03-23T02:39:58.924+0000] {logging_mixin.py:188} INFO - [2026-03-23T02:39:58.924+0000] {dag.py:3036} INFO - Sync 1 DAGs
[2026-03-23T02:39:58.935+0000] {logging_mixin.py:188} INFO - [2026-03-23T02:39:58.935+0000] {dag.py:3823} INFO - Setting next_dagrun for crawl_crypto_prices to 2026-03-23 02:00:00+00:00, run_after=2026-03-23 03:00:00+00:00
[2026-03-23T02:39:58.942+0000] {processor.py:183} INFO - Processing /opt/airflow/dags/crawl_crypto_prices.py took 0.043 seconds
[2026-03-23T02:40:29.180+0000] {processor.py:161} INFO - Started process (PID=8304) to work on /opt/airflow/dags/crawl_crypto_prices.py
[2026-03-23T02:40:29.181+0000] {processor.py:830} INFO - Processing file /opt/airflow/dags/crawl_crypto_prices.py for tasks to queue
[2026-03-23T02:40:29.182+0000] {logging_mixin.py:188} INFO - [2026-03-23T02:40:29.181+0000] {dagbag.py:538} INFO - Filling up the DagBag from /opt/airflow/dags/crawl_crypto_prices.py
[2026-03-23T02:40:29.189+0000] {processor.py:840} INFO - DAG(s) 'crawl_crypto_prices' retrieved from /opt/airflow/dags/crawl_crypto_prices.py
[2026-03-23T02:40:29.200+0000] {logging_mixin.py:188} INFO - [2026-03-23T02:40:29.200+0000] {dag.py:3036} INFO - Sync 1 DAGs
[2026-03-23T02:40:29.208+0000] {logging_mixin.py:188} INFO - [2026-03-23T02:40:29.208+0000] {dag.py:3823} INFO - Setting next_dagrun for crawl_crypto_prices to 2026-03-23 02:00:00+00:00, run_after=2026-03-23 03:00:00+00:00
[2026-03-23T02:40:29.214+0000] {processor.py:183} INFO - Processing /opt/airflow/dags/crawl_crypto_prices.py took 0.036 seconds
[2026-03-23T02:40:59.464+0000] {processor.py:161} INFO - Started process (PID=8309) to work on /opt/airflow/dags/crawl_crypto_prices.py
[2026-03-23T02:40:59.465+0000] {processor.py:830} INFO - Processing file /opt/airflow/dags/crawl_crypto_prices.py for tasks to queue
[2026-03-23T02:40:59.466+0000] {logging_mixin.py:188} INFO - [2026-03-23T02:40:59.466+0000] {dagbag.py:538} INFO - Filling up the DagBag from /opt/airflow/dags/crawl_crypto_prices.py
[2026-03-23T02:40:59.480+0000] {processor.py:840} INFO - DAG(s) 'crawl_crypto_prices' retrieved from /opt/airflow/dags/crawl_crypto_prices.py
[2026-03-23T02:40:59.499+0000] {logging_mixin.py:188} INFO - [2026-03-23T02:40:59.499+0000] {dag.py:3036} INFO - Sync 1 DAGs
[2026-03-23T02:40:59.510+0000] {logging_mixin.py:188} INFO - [2026-03-23T02:40:59.510+0000] {dag.py:3823} INFO - Setting next_dagrun for crawl_crypto_prices to 2026-03-23 02:00:00+00:00, run_after=2026-03-23 03:00:00+00:00
[2026-03-23T02:40:59.517+0000] {processor.py:183} INFO - Processing /opt/airflow/dags/crawl_crypto_prices.py took 0.057 seconds
[2026-03-23T02:41:29.746+0000] {processor.py:161} INFO - Started process (PID=8314) to work on /opt/airflow/dags/crawl_crypto_prices.py
[2026-03-23T02:41:29.748+0000] {processor.py:830} INFO - Processing file /opt/airflow/dags/crawl_crypto_prices.py for tasks to queue
[2026-03-23T02:41:29.749+0000] {logging_mixin.py:188} INFO - [2026-03-23T02:41:29.749+0000] {dagbag.py:538} INFO - Filling up the DagBag from /opt/airflow/dags/crawl_crypto_prices.py
[2026-03-23T02:41:29.760+0000] {processor.py:840} INFO - DAG(s) 'crawl_crypto_prices' retrieved from /opt/airflow/dags/crawl_crypto_prices.py
[2026-03-23T02:41:29.779+0000] {logging_mixin.py:188} INFO - [2026-03-23T02:41:29.779+0000] {dag.py:3036} INFO - Sync 1 DAGs
[2026-03-23T02:41:29.790+0000] {logging_mixin.py:188} INFO - [2026-03-23T02:41:29.790+0000] {dag.py:3823} INFO - Setting next_dagrun for crawl_crypto_prices to 2026-03-23 02:00:00+00:00, run_after=2026-03-23 03:00:00+00:00
[2026-03-23T02:41:29.796+0000] {processor.py:183} INFO - Processing /opt/airflow/dags/crawl_crypto_prices.py took 0.054 seconds
[2026-03-23T02:42:00.057+0000] {processor.py:161} INFO - Started process (PID=8319) to work on /opt/airflow/dags/crawl_crypto_prices.py
[2026-03-23T02:42:00.058+0000] {processor.py:830} INFO - Processing file /opt/airflow/dags/crawl_crypto_prices.py for tasks to queue
[2026-03-23T02:42:00.059+0000] {logging_mixin.py:188} INFO - [2026-03-23T02:42:00.058+0000] {dagbag.py:538} INFO - Filling up the DagBag from /opt/airflow/dags/crawl_crypto_prices.py
[2026-03-23T02:42:00.069+0000] {processor.py:840} INFO - DAG(s) 'crawl_crypto_prices' retrieved from /opt/airflow/dags/crawl_crypto_prices.py
[2026-03-23T02:42:00.088+0000] {logging_mixin.py:188} INFO - [2026-03-23T02:42:00.088+0000] {dag.py:3036} INFO - Sync 1 DAGs
[2026-03-23T02:42:00.100+0000] {logging_mixin.py:188} INFO - [2026-03-23T02:42:00.100+0000] {dag.py:3823} INFO - Setting next_dagrun for crawl_crypto_prices to 2026-03-23 02:00:00+00:00, run_after=2026-03-23 03:00:00+00:00
[2026-03-23T02:42:00.106+0000] {processor.py:183} INFO - Processing /opt/airflow/dags/crawl_crypto_prices.py took 0.053 seconds
[2026-03-23T02:42:30.370+0000] {processor.py:161} INFO - Started process (PID=8324) to work on /opt/airflow/dags/crawl_crypto_prices.py
[2026-03-23T02:42:30.371+0000] {processor.py:830} INFO - Processing file /opt/airflow/dags/crawl_crypto_prices.py for tasks to queue
[2026-03-23T02:42:30.372+0000] {logging_mixin.py:188} INFO - [2026-03-23T02:42:30.372+0000] {dagbag.py:538} INFO - Filling up the DagBag from /opt/airflow/dags/crawl_crypto_prices.py
[2026-03-23T02:42:30.382+0000] {processor.py:840} INFO - DAG(s) 'crawl_crypto_prices' retrieved from /opt/airflow/dags/crawl_crypto_prices.py
[2026-03-23T02:42:30.398+0000] {logging_mixin.py:188} INFO - [2026-03-23T02:42:30.398+0000] {dag.py:3036} INFO - Sync 1 DAGs
[2026-03-23T02:42:30.407+0000] {logging_mixin.py:188} INFO - [2026-03-23T02:42:30.407+0000] {dag.py:3823} INFO - Setting next_dagrun for crawl_crypto_prices to 2026-03-23 02:00:00+00:00, run_after=2026-03-23 03:00:00+00:00
[2026-03-23T02:42:30.413+0000] {processor.py:183} INFO - Processing /opt/airflow/dags/crawl_crypto_prices.py took 0.046 seconds
[2026-03-23T02:43:00.701+0000] {processor.py:161} INFO - Started process (PID=8329) to work on /opt/airflow/dags/crawl_crypto_prices.py
[2026-03-23T02:43:00.702+0000] {processor.py:830} INFO - Processing file /opt/airflow/dags/crawl_crypto_prices.py for tasks to queue
[2026-03-23T02:43:00.703+0000] {logging_mixin.py:188} INFO - [2026-03-23T02:43:00.703+0000] {dagbag.py:538} INFO - Filling up the DagBag from /opt/airflow/dags/crawl_crypto_prices.py
[2026-03-23T02:43:00.714+0000] {processor.py:840} INFO - DAG(s) 'crawl_crypto_prices' retrieved from /opt/airflow/dags/crawl_crypto_prices.py
[2026-03-23T02:43:00.733+0000] {logging_mixin.py:188} INFO - [2026-03-23T02:43:00.733+0000] {dag.py:3036} INFO - Sync 1 DAGs
[2026-03-23T02:43:00.743+0000] {logging_mixin.py:188} INFO - [2026-03-23T02:43:00.743+0000] {dag.py:3823} INFO - Setting next_dagrun for crawl_crypto_prices to 2026-03-23 02:00:00+00:00, run_after=2026-03-23 03:00:00+00:00
[2026-03-23T02:43:00.749+0000] {processor.py:183} INFO - Processing /opt/airflow/dags/crawl_crypto_prices.py took 0.051 seconds
[2026-03-23T02:43:30.984+0000] {processor.py:161} INFO - Started process (PID=8336) to work on /opt/airflow/dags/crawl_crypto_prices.py
[2026-03-23T02:43:30.985+0000] {processor.py:830} INFO - Processing file /opt/airflow/dags/crawl_crypto_prices.py for tasks to queue
[2026-03-23T02:43:30.986+0000] {logging_mixin.py:188} INFO - [2026-03-23T02:43:30.985+0000] {dagbag.py:538} INFO - Filling up the DagBag from /opt/airflow/dags/crawl_crypto_prices.py
[2026-03-23T02:43:30.997+0000] {processor.py:840} INFO - DAG(s) 'crawl_crypto_prices' retrieved from /opt/airflow/dags/crawl_crypto_prices.py
[2026-03-23T02:43:31.017+0000] {logging_mixin.py:188} INFO - [2026-03-23T02:43:31.017+0000] {dag.py:3036} INFO - Sync 1 DAGs
[2026-03-23T02:43:31.027+0000] {logging_mixin.py:188} INFO - [2026-03-23T02:43:31.027+0000] {dag.py:3823} INFO - Setting next_dagrun for crawl_crypto_prices to 2026-03-23 02:00:00+00:00, run_after=2026-03-23 03:00:00+00:00
[2026-03-23T02:43:31.033+0000] {processor.py:183} INFO - Processing /opt/airflow/dags/crawl_crypto_prices.py took 0.054 seconds
[2026-03-23T02:44:01.300+0000] {processor.py:161} INFO - Started process (PID=8341) to work on /opt/airflow/dags/crawl_crypto_prices.py
[2026-03-23T02:44:01.301+0000] {processor.py:830} INFO - Processing file /opt/airflow/dags/crawl_crypto_prices.py for tasks to queue
[2026-03-23T02:44:01.301+0000] {logging_mixin.py:188} INFO - [2026-03-23T02:44:01.301+0000] {dagbag.py:538} INFO - Filling up the DagBag from /opt/airflow/dags/crawl_crypto_prices.py
[2026-03-23T02:44:01.311+0000] {processor.py:840} INFO - DAG(s) 'crawl_crypto_prices' retrieved from /opt/airflow/dags/crawl_crypto_prices.py
[2026-03-23T02:44:01.329+0000] {logging_mixin.py:188} INFO - [2026-03-23T02:44:01.329+0000] {dag.py:3036} INFO - Sync 1 DAGs
[2026-03-23T02:44:01.338+0000] {logging_mixin.py:188} INFO - [2026-03-23T02:44:01.338+0000] {dag.py:3823} INFO - Setting next_dagrun for crawl_crypto_prices to 2026-03-23 02:00:00+00:00, run_after=2026-03-23 03:00:00+00:00
[2026-03-23T02:44:01.344+0000] {processor.py:183} INFO - Processing /opt/airflow/dags/crawl_crypto_prices.py took 0.048 seconds
[2026-03-23T02:44:31.617+0000] {processor.py:161} INFO - Started process (PID=8346) to work on /opt/airflow/dags/crawl_crypto_prices.py
[2026-03-23T02:44:31.617+0000] {processor.py:830} INFO - Processing file /opt/airflow/dags/crawl_crypto_prices.py for tasks to queue
[2026-03-23T02:44:31.618+0000] {logging_mixin.py:188} INFO - [2026-03-23T02:44:31.617+0000] {dagbag.py:538} INFO - Filling up the DagBag from /opt/airflow/dags/crawl_crypto_prices.py
[2026-03-23T02:44:31.625+0000] {processor.py:840} INFO - DAG(s) 'crawl_crypto_prices' retrieved from /opt/airflow/dags/crawl_crypto_prices.py
[2026-03-23T02:44:31.636+0000] {logging_mixin.py:188} INFO - [2026-03-23T02:44:31.636+0000] {dag.py:3036} INFO - Sync 1 DAGs
[2026-03-23T02:44:31.645+0000] {logging_mixin.py:188} INFO - [2026-03-23T02:44:31.645+0000] {dag.py:3823} INFO - Setting next_dagrun for crawl_crypto_prices to 2026-03-23 02:00:00+00:00, run_after=2026-03-23 03:00:00+00:00
[2026-03-23T02:44:31.651+0000] {processor.py:183} INFO - Processing /opt/airflow/dags/crawl_crypto_prices.py took 0.036 seconds
[2026-03-23T02:45:01.965+0000] {processor.py:161} INFO - Started process (PID=8351) to work on /opt/airflow/dags/crawl_crypto_prices.py
[2026-03-23T02:45:01.966+0000] {processor.py:830} INFO - Processing file /opt/airflow/dags/crawl_crypto_prices.py for tasks to queue
[2026-03-23T02:45:01.968+0000] {logging_mixin.py:188} INFO - [2026-03-23T02:45:01.967+0000] {dagbag.py:538} INFO - Filling up the DagBag from /opt/airflow/dags/crawl_crypto_prices.py
[2026-03-23T02:45:01.981+0000] {processor.py:840} INFO - DAG(s) 'crawl_crypto_prices' retrieved from /opt/airflow/dags/crawl_crypto_prices.py
[2026-03-23T02:45:02.004+0000] {logging_mixin.py:188} INFO - [2026-03-23T02:45:02.004+0000] {dag.py:3036} INFO - Sync 1 DAGs
[2026-03-23T02:45:02.015+0000] {logging_mixin.py:188} INFO - [2026-03-23T02:45:02.015+0000] {dag.py:3823} INFO - Setting next_dagrun for crawl_crypto_prices to 2026-03-23 02:00:00+00:00, run_after=2026-03-23 03:00:00+00:00
[2026-03-23T02:45:02.022+0000] {processor.py:183} INFO - Processing /opt/airflow/dags/crawl_crypto_prices.py took 0.060 seconds
[2026-03-23T02:45:32.298+0000] {processor.py:161} INFO - Started process (PID=8356) to work on /opt/airflow/dags/crawl_crypto_prices.py
[2026-03-23T02:45:32.300+0000] {processor.py:830} INFO - Processing file /opt/airflow/dags/crawl_crypto_prices.py for tasks to queue
[2026-03-23T02:45:32.300+0000] {logging_mixin.py:188} INFO - [2026-03-23T02:45:32.300+0000] {dagbag.py:538} INFO - Filling up the DagBag from /opt/airflow/dags/crawl_crypto_prices.py
[2026-03-23T02:45:32.315+0000] {processor.py:840} INFO - DAG(s) 'crawl_crypto_prices' retrieved from /opt/airflow/dags/crawl_crypto_prices.py
[2026-03-23T02:45:32.335+0000] {logging_mixin.py:188} INFO - [2026-03-23T02:45:32.335+0000] {dag.py:3036} INFO - Sync 1 DAGs
[2026-03-23T02:45:32.345+0000] {logging_mixin.py:188} INFO - [2026-03-23T02:45:32.345+0000] {dag.py:3823} INFO - Setting next_dagrun for crawl_crypto_prices to 2026-03-23 02:00:00+00:00, run_after=2026-03-23 03:00:00+00:00
[2026-03-23T02:45:32.352+0000] {processor.py:183} INFO - Processing /opt/airflow/dags/crawl_crypto_prices.py took 0.058 seconds
[2026-03-23T02:46:02.618+0000] {processor.py:161} INFO - Started process (PID=8361) to work on /opt/airflow/dags/crawl_crypto_prices.py
[2026-03-23T02:46:02.619+0000] {processor.py:830} INFO - Processing file /opt/airflow/dags/crawl_crypto_prices.py for tasks to queue
[2026-03-23T02:46:02.620+0000] {logging_mixin.py:188} INFO - [2026-03-23T02:46:02.619+0000] {dagbag.py:538} INFO - Filling up the DagBag from /opt/airflow/dags/crawl_crypto_prices.py
[2026-03-23T02:46:02.631+0000] {processor.py:840} INFO - DAG(s) 'crawl_crypto_prices' retrieved from /opt/airflow/dags/crawl_crypto_prices.py
[2026-03-23T02:46:02.652+0000] {logging_mixin.py:188} INFO - [2026-03-23T02:46:02.652+0000] {dag.py:3036} INFO - Sync 1 DAGs
[2026-03-23T02:46:02.663+0000] {logging_mixin.py:188} INFO - [2026-03-23T02:46:02.663+0000] {dag.py:3823} INFO - Setting next_dagrun for crawl_crypto_prices to 2026-03-23 02:00:00+00:00, run_after=2026-03-23 03:00:00+00:00
[2026-03-23T02:46:02.670+0000] {processor.py:183} INFO - Processing /opt/airflow/dags/crawl_crypto_prices.py took 0.056 seconds
[2026-03-23T02:46:32.939+0000] {processor.py:161} INFO - Started process (PID=8366) to work on /opt/airflow/dags/crawl_crypto_prices.py
[2026-03-23T02:46:32.940+0000] {processor.py:830} INFO - Processing file /opt/airflow/dags/crawl_crypto_prices.py for tasks to queue
[2026-03-23T02:46:32.940+0000] {logging_mixin.py:188} INFO - [2026-03-23T02:46:32.940+0000] {dagbag.py:538} INFO - Filling up the DagBag from /opt/airflow/dags/crawl_crypto_prices.py
[2026-03-23T02:46:32.951+0000] {processor.py:840} INFO - DAG(s) 'crawl_crypto_prices' retrieved from /opt/airflow/dags/crawl_crypto_prices.py
[2026-03-23T02:46:32.970+0000] {logging_mixin.py:188} INFO - [2026-03-23T02:46:32.970+0000] {dag.py:3036} INFO - Sync 1 DAGs
[2026-03-23T02:46:32.980+0000] {logging_mixin.py:188} INFO - [2026-03-23T02:46:32.980+0000] {dag.py:3823} INFO - Setting next_dagrun for crawl_crypto_prices to 2026-03-23 02:00:00+00:00, run_after=2026-03-23 03:00:00+00:00
[2026-03-23T02:46:32.986+0000] {processor.py:183} INFO - Processing /opt/airflow/dags/crawl_crypto_prices.py took 0.051 seconds
[2026-03-23T02:47:03.231+0000] {processor.py:161} INFO - Started process (PID=8371) to work on /opt/airflow/dags/crawl_crypto_prices.py
[2026-03-23T02:47:03.232+0000] {processor.py:830} INFO - Processing file /opt/airflow/dags/crawl_crypto_prices.py for tasks to queue
[2026-03-23T02:47:03.233+0000] {logging_mixin.py:188} INFO - [2026-03-23T02:47:03.233+0000] {dagbag.py:538} INFO - Filling up the DagBag from /opt/airflow/dags/crawl_crypto_prices.py
[2026-03-23T02:47:03.246+0000] {processor.py:840} INFO - DAG(s) 'crawl_crypto_prices' retrieved from /opt/airflow/dags/crawl_crypto_prices.py
[2026-03-23T02:47:03.262+0000] {logging_mixin.py:188} INFO - [2026-03-23T02:47:03.261+0000] {dag.py:3036} INFO - Sync 1 DAGs
[2026-03-23T02:47:03.272+0000] {logging_mixin.py:188} INFO - [2026-03-23T02:47:03.272+0000] {dag.py:3823} INFO - Setting next_dagrun for crawl_crypto_prices to 2026-03-23 02:00:00+00:00, run_after=2026-03-23 03:00:00+00:00
[2026-03-23T02:47:03.280+0000] {processor.py:183} INFO - Processing /opt/airflow/dags/crawl_crypto_prices.py took 0.052 seconds
[2026-03-23T02:47:33.564+0000] {processor.py:161} INFO - Started process (PID=8376) to work on /opt/airflow/dags/crawl_crypto_prices.py
[2026-03-23T02:47:33.564+0000] {processor.py:830} INFO - Processing file /opt/airflow/dags/crawl_crypto_prices.py for tasks to queue
[2026-03-23T02:47:33.565+0000] {logging_mixin.py:188} INFO - [2026-03-23T02:47:33.565+0000] {dagbag.py:538} INFO - Filling up the DagBag from /opt/airflow/dags/crawl_crypto_prices.py
[2026-03-23T02:47:33.576+0000] {processor.py:840} INFO - DAG(s) 'crawl_crypto_prices' retrieved from /opt/airflow/dags/crawl_crypto_prices.py
[2026-03-23T02:47:33.594+0000] {logging_mixin.py:188} INFO - [2026-03-23T02:47:33.594+0000] {dag.py:3036} INFO - Sync 1 DAGs
[2026-03-23T02:47:33.605+0000] {logging_mixin.py:188} INFO - [2026-03-23T02:47:33.605+0000] {dag.py:3823} INFO - Setting next_dagrun for crawl_crypto_prices to 2026-03-23 02:00:00+00:00, run_after=2026-03-23 03:00:00+00:00
[2026-03-23T02:47:33.612+0000] {processor.py:183} INFO - Processing /opt/airflow/dags/crawl_crypto_prices.py took 0.051 seconds
[2026-03-23T02:48:03.864+0000] {processor.py:161} INFO - Started process (PID=8381) to work on /opt/airflow/dags/crawl_crypto_prices.py
[2026-03-23T02:48:03.865+0000] {processor.py:830} INFO - Processing file /opt/airflow/dags/crawl_crypto_prices.py for tasks to queue
[2026-03-23T02:48:03.865+0000] {logging_mixin.py:188} INFO - [2026-03-23T02:48:03.865+0000] {dagbag.py:538} INFO - Filling up the DagBag from /opt/airflow/dags/crawl_crypto_prices.py
[2026-03-23T02:48:03.876+0000] {processor.py:840} INFO - DAG(s) 'crawl_crypto_prices' retrieved from /opt/airflow/dags/crawl_crypto_prices.py
[2026-03-23T02:48:03.896+0000] {logging_mixin.py:188} INFO - [2026-03-23T02:48:03.896+0000] {dag.py:3036} INFO - Sync 1 DAGs
[2026-03-23T02:48:03.906+0000] {logging_mixin.py:188} INFO - [2026-03-23T02:48:03.906+0000] {dag.py:3823} INFO - Setting next_dagrun for crawl_crypto_prices to 2026-03-23 02:00:00+00:00, run_after=2026-03-23 03:00:00+00:00
[2026-03-23T02:48:03.912+0000] {processor.py:183} INFO - Processing /opt/airflow/dags/crawl_crypto_prices.py took 0.052 seconds
[2026-03-23T02:48:34.188+0000] {processor.py:161} INFO - Started process (PID=8386) to work on /opt/airflow/dags/crawl_crypto_prices.py
[2026-03-23T02:48:34.189+0000] {processor.py:830} INFO - Processing file /opt/airflow/dags/crawl_crypto_prices.py for tasks to queue
[2026-03-23T02:48:34.190+0000] {logging_mixin.py:188} INFO - [2026-03-23T02:48:34.190+0000] {dagbag.py:538} INFO - Filling up the DagBag from /opt/airflow/dags/crawl_crypto_prices.py
[2026-03-23T02:48:34.200+0000] {processor.py:840} INFO - DAG(s) 'crawl_crypto_prices' retrieved from /opt/airflow/dags/crawl_crypto_prices.py
[2026-03-23T02:48:34.220+0000] {logging_mixin.py:188} INFO - [2026-03-23T02:48:34.220+0000] {dag.py:3036} INFO - Sync 1 DAGs
[2026-03-23T02:48:34.230+0000] {logging_mixin.py:188} INFO - [2026-03-23T02:48:34.230+0000] {dag.py:3823} INFO - Setting next_dagrun for crawl_crypto_prices to 2026-03-23 02:00:00+00:00, run_after=2026-03-23 03:00:00+00:00
[2026-03-23T02:48:34.237+0000] {processor.py:183} INFO - Processing /opt/airflow/dags/crawl_crypto_prices.py took 0.052 seconds
[2026-03-23T02:49:04.500+0000] {processor.py:161} INFO - Started process (PID=8391) to work on /opt/airflow/dags/crawl_crypto_prices.py
[2026-03-23T02:49:04.501+0000] {processor.py:830} INFO - Processing file /opt/airflow/dags/crawl_crypto_prices.py for tasks to queue
[2026-03-23T02:49:04.502+0000] {logging_mixin.py:188} INFO - [2026-03-23T02:49:04.502+0000] {dagbag.py:538} INFO - Filling up the DagBag from /opt/airflow/dags/crawl_crypto_prices.py
[2026-03-23T02:49:04.513+0000] {processor.py:840} INFO - DAG(s) 'crawl_crypto_prices' retrieved from /opt/airflow/dags/crawl_crypto_prices.py
[2026-03-23T02:49:04.533+0000] {logging_mixin.py:188} INFO - [2026-03-23T02:49:04.533+0000] {dag.py:3036} INFO - Sync 1 DAGs
[2026-03-23T02:49:04.543+0000] {logging_mixin.py:188} INFO - [2026-03-23T02:49:04.543+0000] {dag.py:3823} INFO - Setting next_dagrun for crawl_crypto_prices to 2026-03-23 02:00:00+00:00, run_after=2026-03-23 03:00:00+00:00
[2026-03-23T02:49:04.549+0000] {processor.py:183} INFO - Processing /opt/airflow/dags/crawl_crypto_prices.py took 0.051 seconds
[2026-03-23T02:49:34.830+0000] {processor.py:161} INFO - Started process (PID=8396) to work on /opt/airflow/dags/crawl_crypto_prices.py
[2026-03-23T02:49:34.831+0000] {processor.py:830} INFO - Processing file /opt/airflow/dags/crawl_crypto_prices.py for tasks to queue
[2026-03-23T02:49:34.832+0000] {logging_mixin.py:188} INFO - [2026-03-23T02:49:34.832+0000] {dagbag.py:538} INFO - Filling up the DagBag from /opt/airflow/dags/crawl_crypto_prices.py
[2026-03-23T02:49:34.845+0000] {processor.py:840} INFO - DAG(s) 'crawl_crypto_prices' retrieved from /opt/airflow/dags/crawl_crypto_prices.py
[2026-03-23T02:49:34.866+0000] {logging_mixin.py:188} INFO - [2026-03-23T02:49:34.866+0000] {dag.py:3036} INFO - Sync 1 DAGs
[2026-03-23T02:49:34.877+0000] {logging_mixin.py:188} INFO - [2026-03-23T02:49:34.877+0000] {dag.py:3823} INFO - Setting next_dagrun for crawl_crypto_prices to 2026-03-23 02:00:00+00:00, run_after=2026-03-23 03:00:00+00:00
[2026-03-23T02:49:34.884+0000] {processor.py:183} INFO - Processing /opt/airflow/dags/crawl_crypto_prices.py took 0.058 seconds
[2026-03-23T02:50:05.115+0000] {processor.py:161} INFO - Started process (PID=8401) to work on /opt/airflow/dags/crawl_crypto_prices.py
[2026-03-23T02:50:05.116+0000] {processor.py:830} INFO - Processing file /opt/airflow/dags/crawl_crypto_prices.py for tasks to queue
[2026-03-23T02:50:05.117+0000] {logging_mixin.py:188} INFO - [2026-03-23T02:50:05.117+0000] {dagbag.py:538} INFO - Filling up the DagBag from /opt/airflow/dags/crawl_crypto_prices.py
[2026-03-23T02:50:05.128+0000] {processor.py:840} INFO - DAG(s) 'crawl_crypto_prices' retrieved from /opt/airflow/dags/crawl_crypto_prices.py
[2026-03-23T02:50:05.148+0000] {logging_mixin.py:188} INFO - [2026-03-23T02:50:05.148+0000] {dag.py:3036} INFO - Sync 1 DAGs
[2026-03-23T02:50:05.158+0000] {logging_mixin.py:188} INFO - [2026-03-23T02:50:05.158+0000] {dag.py:3823} INFO - Setting next_dagrun for crawl_crypto_prices to 2026-03-23 02:00:00+00:00, run_after=2026-03-23 03:00:00+00:00
[2026-03-23T02:50:05.165+0000] {processor.py:183} INFO - Processing /opt/airflow/dags/crawl_crypto_prices.py took 0.054 seconds
[2026-03-23T02:50:35.433+0000] {processor.py:161} INFO - Started process (PID=8406) to work on /opt/airflow/dags/crawl_crypto_prices.py
[2026-03-23T02:50:35.434+0000] {processor.py:830} INFO - Processing file /opt/airflow/dags/crawl_crypto_prices.py for tasks to queue
[2026-03-23T02:50:35.435+0000] {logging_mixin.py:188} INFO - [2026-03-23T02:50:35.434+0000] {dagbag.py:538} INFO - Filling up the DagBag from /opt/airflow/dags/crawl_crypto_prices.py
[2026-03-23T02:50:35.447+0000] {processor.py:840} INFO - DAG(s) 'crawl_crypto_prices' retrieved from /opt/airflow/dags/crawl_crypto_prices.py
[2026-03-23T02:50:35.465+0000] {logging_mixin.py:188} INFO - [2026-03-23T02:50:35.465+0000] {dag.py:3036} INFO - Sync 1 DAGs
[2026-03-23T02:50:35.475+0000] {logging_mixin.py:188} INFO - [2026-03-23T02:50:35.475+0000] {dag.py:3823} INFO - Setting next_dagrun for crawl_crypto_prices to 2026-03-23 02:00:00+00:00, run_after=2026-03-23 03:00:00+00:00
[2026-03-23T02:50:35.481+0000] {processor.py:183} INFO - Processing /opt/airflow/dags/crawl_crypto_prices.py took 0.052 seconds
[2026-03-23T02:51:05.731+0000] {processor.py:161} INFO - Started process (PID=8411) to work on /opt/airflow/dags/crawl_crypto_prices.py
[2026-03-23T02:51:05.731+0000] {processor.py:830} INFO - Processing file /opt/airflow/dags/crawl_crypto_prices.py for tasks to queue
[2026-03-23T02:51:05.732+0000] {logging_mixin.py:188} INFO - [2026-03-23T02:51:05.732+0000] {dagbag.py:538} INFO - Filling up the DagBag from /opt/airflow/dags/crawl_crypto_prices.py
[2026-03-23T02:51:05.746+0000] {processor.py:840} INFO - DAG(s) 'crawl_crypto_prices' retrieved from /opt/airflow/dags/crawl_crypto_prices.py
[2026-03-23T02:51:05.765+0000] {logging_mixin.py:188} INFO - [2026-03-23T02:51:05.765+0000] {dag.py:3036} INFO - Sync 1 DAGs
[2026-03-23T02:51:05.778+0000] {logging_mixin.py:188} INFO - [2026-03-23T02:51:05.777+0000] {dag.py:3823} INFO - Setting next_dagrun for crawl_crypto_prices to 2026-03-23 02:00:00+00:00, run_after=2026-03-23 03:00:00+00:00
[2026-03-23T02:51:05.785+0000] {processor.py:183} INFO - Processing /opt/airflow/dags/crawl_crypto_prices.py took 0.057 seconds
[2026-03-23T02:51:36.019+0000] {processor.py:161} INFO - Started process (PID=8416) to work on /opt/airflow/dags/crawl_crypto_prices.py
[2026-03-23T02:51:36.020+0000] {processor.py:830} INFO - Processing file /opt/airflow/dags/crawl_crypto_prices.py for tasks to queue
[2026-03-23T02:51:36.021+0000] {logging_mixin.py:188} INFO - [2026-03-23T02:51:36.020+0000] {dagbag.py:538} INFO - Filling up the DagBag from /opt/airflow/dags/crawl_crypto_prices.py
[2026-03-23T02:51:36.031+0000] {processor.py:840} INFO - DAG(s) 'crawl_crypto_prices' retrieved from /opt/airflow/dags/crawl_crypto_prices.py
[2026-03-23T02:51:36.048+0000] {logging_mixin.py:188} INFO - [2026-03-23T02:51:36.048+0000] {dag.py:3036} INFO - Sync 1 DAGs
[2026-03-23T02:51:36.058+0000] {logging_mixin.py:188} INFO - [2026-03-23T02:51:36.058+0000] {dag.py:3823} INFO - Setting next_dagrun for crawl_crypto_prices to 2026-03-23 02:00:00+00:00, run_after=2026-03-23 03:00:00+00:00
[2026-03-23T02:51:36.063+0000] {processor.py:183} INFO - Processing /opt/airflow/dags/crawl_crypto_prices.py took 0.047 seconds
[2026-03-23T02:52:06.339+0000] {processor.py:161} INFO - Started process (PID=8421) to work on /opt/airflow/dags/crawl_crypto_prices.py
[2026-03-23T02:52:06.340+0000] {processor.py:830} INFO - Processing file /opt/airflow/dags/crawl_crypto_prices.py for tasks to queue
[2026-03-23T02:52:06.340+0000] {logging_mixin.py:188} INFO - [2026-03-23T02:52:06.340+0000] {dagbag.py:538} INFO - Filling up the DagBag from /opt/airflow/dags/crawl_crypto_prices.py
[2026-03-23T02:52:06.352+0000] {processor.py:840} INFO - DAG(s) 'crawl_crypto_prices' retrieved from /opt/airflow/dags/crawl_crypto_prices.py
[2026-03-23T02:52:06.371+0000] {logging_mixin.py:188} INFO - [2026-03-23T02:52:06.371+0000] {dag.py:3036} INFO - Sync 1 DAGs
[2026-03-23T02:52:06.382+0000] {logging_mixin.py:188} INFO - [2026-03-23T02:52:06.382+0000] {dag.py:3823} INFO - Setting next_dagrun for crawl_crypto_prices to 2026-03-23 02:00:00+00:00, run_after=2026-03-23 03:00:00+00:00
[2026-03-23T02:52:06.388+0000] {processor.py:183} INFO - Processing /opt/airflow/dags/crawl_crypto_prices.py took 0.053 seconds
[2026-03-23T02:52:36.682+0000] {processor.py:161} INFO - Started process (PID=8426) to work on /opt/airflow/dags/crawl_crypto_prices.py
[2026-03-23T02:52:36.683+0000] {processor.py:830} INFO - Processing file /opt/airflow/dags/crawl_crypto_prices.py for tasks to queue
[2026-03-23T02:52:36.684+0000] {logging_mixin.py:188} INFO - [2026-03-23T02:52:36.684+0000] {dagbag.py:538} INFO - Filling up the DagBag from /opt/airflow/dags/crawl_crypto_prices.py
[2026-03-23T02:52:36.696+0000] {processor.py:840} INFO - DAG(s) 'crawl_crypto_prices' retrieved from /opt/airflow/dags/crawl_crypto_prices.py
[2026-03-23T02:52:36.715+0000] {logging_mixin.py:188} INFO - [2026-03-23T02:52:36.715+0000] {dag.py:3036} INFO - Sync 1 DAGs
[2026-03-23T02:52:36.725+0000] {logging_mixin.py:188} INFO - [2026-03-23T02:52:36.725+0000] {dag.py:3823} INFO - Setting next_dagrun for crawl_crypto_prices to 2026-03-23 02:00:00+00:00, run_after=2026-03-23 03:00:00+00:00
[2026-03-23T02:52:36.732+0000] {processor.py:183} INFO - Processing /opt/airflow/dags/crawl_crypto_prices.py took 0.054 seconds
[2026-03-23T02:53:07.010+0000] {processor.py:161} INFO - Started process (PID=8431) to work on /opt/airflow/dags/crawl_crypto_prices.py
[2026-03-23T02:53:07.011+0000] {processor.py:830} INFO - Processing file /opt/airflow/dags/crawl_crypto_prices.py for tasks to queue
[2026-03-23T02:53:07.012+0000] {logging_mixin.py:188} INFO - [2026-03-23T02:53:07.012+0000] {dagbag.py:538} INFO - Filling up the DagBag from /opt/airflow/dags/crawl_crypto_prices.py
[2026-03-23T02:53:07.025+0000] {processor.py:840} INFO - DAG(s) 'crawl_crypto_prices' retrieved from /opt/airflow/dags/crawl_crypto_prices.py
[2026-03-23T02:53:07.047+0000] {logging_mixin.py:188} INFO - [2026-03-23T02:53:07.047+0000] {dag.py:3036} INFO - Sync 1 DAGs
[2026-03-23T02:53:07.057+0000] {logging_mixin.py:188} INFO - [2026-03-23T02:53:07.057+0000] {dag.py:3823} INFO - Setting next_dagrun for crawl_crypto_prices to 2026-03-23 02:00:00+00:00, run_after=2026-03-23 03:00:00+00:00
[2026-03-23T02:53:07.063+0000] {processor.py:183} INFO - Processing /opt/airflow/dags/crawl_crypto_prices.py took 0.057 seconds
[2026-03-23T02:53:37.309+0000] {processor.py:161} INFO - Started process (PID=8436) to work on /opt/airflow/dags/crawl_crypto_prices.py
[2026-03-23T02:53:37.310+0000] {processor.py:830} INFO - Processing file /opt/airflow/dags/crawl_crypto_prices.py for tasks to queue
[2026-03-23T02:53:37.311+0000] {logging_mixin.py:188} INFO - [2026-03-23T02:53:37.310+0000] {dagbag.py:538} INFO - Filling up the DagBag from /opt/airflow/dags/crawl_crypto_prices.py
[2026-03-23T02:53:37.321+0000] {processor.py:840} INFO - DAG(s) 'crawl_crypto_prices' retrieved from /opt/airflow/dags/crawl_crypto_prices.py
[2026-03-23T02:53:37.341+0000] {logging_mixin.py:188} INFO - [2026-03-23T02:53:37.341+0000] {dag.py:3036} INFO - Sync 1 DAGs
[2026-03-23T02:53:37.351+0000] {logging_mixin.py:188} INFO - [2026-03-23T02:53:37.351+0000] {dag.py:3823} INFO - Setting next_dagrun for crawl_crypto_prices to 2026-03-23 02:00:00+00:00, run_after=2026-03-23 03:00:00+00:00
[2026-03-23T02:53:37.357+0000] {processor.py:183} INFO - Processing /opt/airflow/dags/crawl_crypto_prices.py took 0.050 seconds
[2026-03-23T02:54:07.643+0000] {processor.py:161} INFO - Started process (PID=8441) to work on /opt/airflow/dags/crawl_crypto_prices.py
[2026-03-23T02:54:07.644+0000] {processor.py:830} INFO - Processing file /opt/airflow/dags/crawl_crypto_prices.py for tasks to queue
[2026-03-23T02:54:07.645+0000] {logging_mixin.py:188} INFO - [2026-03-23T02:54:07.645+0000] {dagbag.py:538} INFO - Filling up the DagBag from /opt/airflow/dags/crawl_crypto_prices.py
[2026-03-23T02:54:07.657+0000] {processor.py:840} INFO - DAG(s) 'crawl_crypto_prices' retrieved from /opt/airflow/dags/crawl_crypto_prices.py
[2026-03-23T02:54:07.679+0000] {logging_mixin.py:188} INFO - [2026-03-23T02:54:07.679+0000] {dag.py:3036} INFO - Sync 1 DAGs
[2026-03-23T02:54:07.690+0000] {logging_mixin.py:188} INFO - [2026-03-23T02:54:07.690+0000] {dag.py:3823} INFO - Setting next_dagrun for crawl_crypto_prices to 2026-03-23 02:00:00+00:00, run_after=2026-03-23 03:00:00+00:00
[2026-03-23T02:54:07.697+0000] {processor.py:183} INFO - Processing /opt/airflow/dags/crawl_crypto_prices.py took 0.057 seconds
[2026-03-23T02:54:37.959+0000] {processor.py:161} INFO - Started process (PID=8446) to work on /opt/airflow/dags/crawl_crypto_prices.py
[2026-03-23T02:54:37.960+0000] {processor.py:830} INFO - Processing file /opt/airflow/dags/crawl_crypto_prices.py for tasks to queue
[2026-03-23T02:54:37.961+0000] {logging_mixin.py:188} INFO - [2026-03-23T02:54:37.961+0000] {dagbag.py:538} INFO - Filling up the DagBag from /opt/airflow/dags/crawl_crypto_prices.py
[2026-03-23T02:54:37.974+0000] {processor.py:840} INFO - DAG(s) 'crawl_crypto_prices' retrieved from /opt/airflow/dags/crawl_crypto_prices.py
[2026-03-23T02:54:37.994+0000] {logging_mixin.py:188} INFO - [2026-03-23T02:54:37.994+0000] {dag.py:3036} INFO - Sync 1 DAGs
[2026-03-23T02:54:38.004+0000] {logging_mixin.py:188} INFO - [2026-03-23T02:54:38.004+0000] {dag.py:3823} INFO - Setting next_dagrun for crawl_crypto_prices to 2026-03-23 02:00:00+00:00, run_after=2026-03-23 03:00:00+00:00
[2026-03-23T02:54:38.010+0000] {processor.py:183} INFO - Processing /opt/airflow/dags/crawl_crypto_prices.py took 0.054 seconds
[2026-03-23T02:55:08.281+0000] {processor.py:161} INFO - Started process (PID=8451) to work on /opt/airflow/dags/crawl_crypto_prices.py
[2026-03-23T02:55:08.282+0000] {processor.py:830} INFO - Processing file /opt/airflow/dags/crawl_crypto_prices.py for tasks to queue
[2026-03-23T02:55:08.283+0000] {logging_mixin.py:188} INFO - [2026-03-23T02:55:08.282+0000] {dagbag.py:538} INFO - Filling up the DagBag from /opt/airflow/dags/crawl_crypto_prices.py
[2026-03-23T02:55:08.292+0000] {processor.py:840} INFO - DAG(s) 'crawl_crypto_prices' retrieved from /opt/airflow/dags/crawl_crypto_prices.py
[2026-03-23T02:55:08.311+0000] {logging_mixin.py:188} INFO - [2026-03-23T02:55:08.311+0000] {dag.py:3036} INFO - Sync 1 DAGs
[2026-03-23T02:55:08.321+0000] {logging_mixin.py:188} INFO - [2026-03-23T02:55:08.320+0000] {dag.py:3823} INFO - Setting next_dagrun for crawl_crypto_prices to 2026-03-23 02:00:00+00:00, run_after=2026-03-23 03:00:00+00:00
[2026-03-23T02:55:08.327+0000] {processor.py:183} INFO - Processing /opt/airflow/dags/crawl_crypto_prices.py took 0.048 seconds
[2026-03-23T02:55:38.608+0000] {processor.py:161} INFO - Started process (PID=8456) to work on /opt/airflow/dags/crawl_crypto_prices.py
[2026-03-23T02:55:38.609+0000] {processor.py:830} INFO - Processing file /opt/airflow/dags/crawl_crypto_prices.py for tasks to queue
[2026-03-23T02:55:38.610+0000] {logging_mixin.py:188} INFO - [2026-03-23T02:55:38.610+0000] {dagbag.py:538} INFO - Filling up the DagBag from /opt/airflow/dags/crawl_crypto_prices.py
[2026-03-23T02:55:38.625+0000] {processor.py:840} INFO - DAG(s) 'crawl_crypto_prices' retrieved from /opt/airflow/dags/crawl_crypto_prices.py
[2026-03-23T02:55:38.644+0000] {logging_mixin.py:188} INFO - [2026-03-23T02:55:38.644+0000] {dag.py:3036} INFO - Sync 1 DAGs
[2026-03-23T02:55:38.655+0000] {logging_mixin.py:188} INFO - [2026-03-23T02:55:38.655+0000] {dag.py:3823} INFO - Setting next_dagrun for crawl_crypto_prices to 2026-03-23 02:00:00+00:00, run_after=2026-03-23 03:00:00+00:00
[2026-03-23T02:55:38.661+0000] {processor.py:183} INFO - Processing /opt/airflow/dags/crawl_crypto_prices.py took 0.058 seconds
[2026-03-23T02:56:08.933+0000] {processor.py:161} INFO - Started process (PID=8461) to work on /opt/airflow/dags/crawl_crypto_prices.py
[2026-03-23T02:56:08.934+0000] {processor.py:830} INFO - Processing file /opt/airflow/dags/crawl_crypto_prices.py for tasks to queue
[2026-03-23T02:56:08.935+0000] {logging_mixin.py:188} INFO - [2026-03-23T02:56:08.934+0000] {dagbag.py:538} INFO - Filling up the DagBag from /opt/airflow/dags/crawl_crypto_prices.py
[2026-03-23T02:56:08.946+0000] {processor.py:840} INFO - DAG(s) 'crawl_crypto_prices' retrieved from /opt/airflow/dags/crawl_crypto_prices.py
[2026-03-23T02:56:08.966+0000] {logging_mixin.py:188} INFO - [2026-03-23T02:56:08.966+0000] {dag.py:3036} INFO - Sync 1 DAGs
[2026-03-23T02:56:08.977+0000] {logging_mixin.py:188} INFO - [2026-03-23T02:56:08.977+0000] {dag.py:3823} INFO - Setting next_dagrun for crawl_crypto_prices to 2026-03-23 02:00:00+00:00, run_after=2026-03-23 03:00:00+00:00
[2026-03-23T02:56:08.984+0000] {processor.py:183} INFO - Processing /opt/airflow/dags/crawl_crypto_prices.py took 0.055 seconds
[2026-03-23T02:56:39.237+0000] {processor.py:161} INFO - Started process (PID=8466) to work on /opt/airflow/dags/crawl_crypto_prices.py
[2026-03-23T02:56:39.237+0000] {processor.py:830} INFO - Processing file /opt/airflow/dags/crawl_crypto_prices.py for tasks to queue
[2026-03-23T02:56:39.238+0000] {logging_mixin.py:188} INFO - [2026-03-23T02:56:39.238+0000] {dagbag.py:538} INFO - Filling up the DagBag from /opt/airflow/dags/crawl_crypto_prices.py
[2026-03-23T02:56:39.247+0000] {processor.py:840} INFO - DAG(s) 'crawl_crypto_prices' retrieved from /opt/airflow/dags/crawl_crypto_prices.py
[2026-03-23T02:56:39.260+0000] {logging_mixin.py:188} INFO - [2026-03-23T02:56:39.260+0000] {dag.py:3036} INFO - Sync 1 DAGs
[2026-03-23T02:56:39.269+0000] {logging_mixin.py:188} INFO - [2026-03-23T02:56:39.269+0000] {dag.py:3823} INFO - Setting next_dagrun for crawl_crypto_prices to 2026-03-23 02:00:00+00:00, run_after=2026-03-23 03:00:00+00:00
[2026-03-23T02:56:39.274+0000] {processor.py:183} INFO - Processing /opt/airflow/dags/crawl_crypto_prices.py took 0.039 seconds
[2026-03-23T02:57:09.564+0000] {processor.py:161} INFO - Started process (PID=8471) to work on /opt/airflow/dags/crawl_crypto_prices.py
[2026-03-23T02:57:09.565+0000] {processor.py:830} INFO - Processing file /opt/airflow/dags/crawl_crypto_prices.py for tasks to queue
[2026-03-23T02:57:09.566+0000] {logging_mixin.py:188} INFO - [2026-03-23T02:57:09.565+0000] {dagbag.py:538} INFO - Filling up the DagBag from /opt/airflow/dags/crawl_crypto_prices.py
[2026-03-23T02:57:09.577+0000] {processor.py:840} INFO - DAG(s) 'crawl_crypto_prices' retrieved from /opt/airflow/dags/crawl_crypto_prices.py
[2026-03-23T02:57:09.596+0000] {logging_mixin.py:188} INFO - [2026-03-23T02:57:09.596+0000] {dag.py:3036} INFO - Sync 1 DAGs
[2026-03-23T02:57:09.607+0000] {logging_mixin.py:188} INFO - [2026-03-23T02:57:09.607+0000] {dag.py:3823} INFO - Setting next_dagrun for crawl_crypto_prices to 2026-03-23 02:00:00+00:00, run_after=2026-03-23 03:00:00+00:00
[2026-03-23T02:57:09.612+0000] {processor.py:183} INFO - Processing /opt/airflow/dags/crawl_crypto_prices.py took 0.052 seconds
[2026-03-23T02:57:39.880+0000] {processor.py:161} INFO - Started process (PID=8476) to work on /opt/airflow/dags/crawl_crypto_prices.py
[2026-03-23T02:57:39.881+0000] {processor.py:830} INFO - Processing file /opt/airflow/dags/crawl_crypto_prices.py for tasks to queue
[2026-03-23T02:57:39.882+0000] {logging_mixin.py:188} INFO - [2026-03-23T02:57:39.882+0000] {dagbag.py:538} INFO - Filling up the DagBag from /opt/airflow/dags/crawl_crypto_prices.py
[2026-03-23T02:57:39.893+0000] {processor.py:840} INFO - DAG(s) 'crawl_crypto_prices' retrieved from /opt/airflow/dags/crawl_crypto_prices.py
[2026-03-23T02:57:39.912+0000] {logging_mixin.py:188} INFO - [2026-03-23T02:57:39.912+0000] {dag.py:3036} INFO - Sync 1 DAGs
[2026-03-23T02:57:39.923+0000] {logging_mixin.py:188} INFO - [2026-03-23T02:57:39.923+0000] {dag.py:3823} INFO - Setting next_dagrun for crawl_crypto_prices to 2026-03-23 02:00:00+00:00, run_after=2026-03-23 03:00:00+00:00
[2026-03-23T02:57:39.929+0000] {processor.py:183} INFO - Processing /opt/airflow/dags/crawl_crypto_prices.py took 0.052 seconds
[2026-03-23T02:58:10.200+0000] {processor.py:161} INFO - Started process (PID=8481) to work on /opt/airflow/dags/crawl_crypto_prices.py
[2026-03-23T02:58:10.201+0000] {processor.py:830} INFO - Processing file /opt/airflow/dags/crawl_crypto_prices.py for tasks to queue
[2026-03-23T02:58:10.202+0000] {logging_mixin.py:188} INFO - [2026-03-23T02:58:10.201+0000] {dagbag.py:538} INFO - Filling up the DagBag from /opt/airflow/dags/crawl_crypto_prices.py
[2026-03-23T02:58:10.212+0000] {processor.py:840} INFO - DAG(s) 'crawl_crypto_prices' retrieved from /opt/airflow/dags/crawl_crypto_prices.py
[2026-03-23T02:58:10.228+0000] {logging_mixin.py:188} INFO - [2026-03-23T02:58:10.228+0000] {dag.py:3036} INFO - Sync 1 DAGs
[2026-03-23T02:58:10.237+0000] {logging_mixin.py:188} INFO - [2026-03-23T02:58:10.237+0000] {dag.py:3823} INFO - Setting next_dagrun for crawl_crypto_prices to 2026-03-23 02:00:00+00:00, run_after=2026-03-23 03:00:00+00:00
[2026-03-23T02:58:10.243+0000] {processor.py:183} INFO - Processing /opt/airflow/dags/crawl_crypto_prices.py took 0.046 seconds
[2026-03-23T02:58:40.473+0000] {processor.py:161} INFO - Started process (PID=8486) to work on /opt/airflow/dags/crawl_crypto_prices.py
[2026-03-23T02:58:40.474+0000] {processor.py:830} INFO - Processing file /opt/airflow/dags/crawl_crypto_prices.py for tasks to queue
[2026-03-23T02:58:40.475+0000] {logging_mixin.py:188} INFO - [2026-03-23T02:58:40.475+0000] {dagbag.py:538} INFO - Filling up the DagBag from /opt/airflow/dags/crawl_crypto_prices.py
[2026-03-23T02:58:40.484+0000] {processor.py:840} INFO - DAG(s) 'crawl_crypto_prices' retrieved from /opt/airflow/dags/crawl_crypto_prices.py
[2026-03-23T02:58:40.496+0000] {logging_mixin.py:188} INFO - [2026-03-23T02:58:40.496+0000] {dag.py:3036} INFO - Sync 1 DAGs
[2026-03-23T02:58:40.505+0000] {logging_mixin.py:188} INFO - [2026-03-23T02:58:40.505+0000] {dag.py:3823} INFO - Setting next_dagrun for crawl_crypto_prices to 2026-03-23 02:00:00+00:00, run_after=2026-03-23 03:00:00+00:00
[2026-03-23T02:58:40.512+0000] {processor.py:183} INFO - Processing /opt/airflow/dags/crawl_crypto_prices.py took 0.040 seconds
[2026-03-23T02:59:10.763+0000] {processor.py:161} INFO - Started process (PID=8491) to work on /opt/airflow/dags/crawl_crypto_prices.py
[2026-03-23T02:59:10.764+0000] {processor.py:830} INFO - Processing file /opt/airflow/dags/crawl_crypto_prices.py for tasks to queue
[2026-03-23T02:59:10.765+0000] {logging_mixin.py:188} INFO - [2026-03-23T02:59:10.765+0000] {dagbag.py:538} INFO - Filling up the DagBag from /opt/airflow/dags/crawl_crypto_prices.py
[2026-03-23T02:59:10.777+0000] {processor.py:840} INFO - DAG(s) 'crawl_crypto_prices' retrieved from /opt/airflow/dags/crawl_crypto_prices.py
[2026-03-23T02:59:10.791+0000] {logging_mixin.py:188} INFO - [2026-03-23T02:59:10.791+0000] {dag.py:3036} INFO - Sync 1 DAGs
[2026-03-23T02:59:10.801+0000] {logging_mixin.py:188} INFO - [2026-03-23T02:59:10.801+0000] {dag.py:3823} INFO - Setting next_dagrun for crawl_crypto_prices to 2026-03-23 02:00:00+00:00, run_after=2026-03-23 03:00:00+00:00
[2026-03-23T02:59:10.808+0000] {processor.py:183} INFO - Processing /opt/airflow/dags/crawl_crypto_prices.py took 0.048 seconds
[2026-03-23T02:59:41.053+0000] {processor.py:161} INFO - Started process (PID=8496) to work on /opt/airflow/dags/crawl_crypto_prices.py
[2026-03-23T02:59:41.054+0000] {processor.py:830} INFO - Processing file /opt/airflow/dags/crawl_crypto_prices.py for tasks to queue
[2026-03-23T02:59:41.054+0000] {logging_mixin.py:188} INFO - [2026-03-23T02:59:41.054+0000] {dagbag.py:538} INFO - Filling up the DagBag from /opt/airflow/dags/crawl_crypto_prices.py
[2026-03-23T02:59:41.067+0000] {processor.py:840} INFO - DAG(s) 'crawl_crypto_prices' retrieved from /opt/airflow/dags/crawl_crypto_prices.py
[2026-03-23T02:59:41.085+0000] {logging_mixin.py:188} INFO - [2026-03-23T02:59:41.085+0000] {dag.py:3036} INFO - Sync 1 DAGs
[2026-03-23T02:59:41.094+0000] {logging_mixin.py:188} INFO - [2026-03-23T02:59:41.094+0000] {dag.py:3823} INFO - Setting next_dagrun for crawl_crypto_prices to 2026-03-23 02:00:00+00:00, run_after=2026-03-23 03:00:00+00:00
[2026-03-23T02:59:41.101+0000] {processor.py:183} INFO - Processing /opt/airflow/dags/crawl_crypto_prices.py took 0.051 seconds
[2026-03-23T03:00:11.306+0000] {processor.py:161} INFO - Started process (PID=8503) to work on /opt/airflow/dags/crawl_crypto_prices.py
[2026-03-23T03:00:11.307+0000] {processor.py:830} INFO - Processing file /opt/airflow/dags/crawl_crypto_prices.py for tasks to queue
[2026-03-23T03:00:11.308+0000] {logging_mixin.py:188} INFO - [2026-03-23T03:00:11.308+0000] {dagbag.py:538} INFO - Filling up the DagBag from /opt/airflow/dags/crawl_crypto_prices.py
[2026-03-23T03:00:11.317+0000] {processor.py:840} INFO - DAG(s) 'crawl_crypto_prices' retrieved from /opt/airflow/dags/crawl_crypto_prices.py
[2026-03-23T03:00:11.334+0000] {logging_mixin.py:188} INFO - [2026-03-23T03:00:11.334+0000] {dag.py:3036} INFO - Sync 1 DAGs
[2026-03-23T03:00:11.343+0000] {logging_mixin.py:188} INFO - [2026-03-23T03:00:11.343+0000] {dag.py:3823} INFO - Setting next_dagrun for crawl_crypto_prices to 2026-03-23 03:00:00+00:00, run_after=2026-03-23 04:00:00+00:00
[2026-03-23T03:00:11.349+0000] {processor.py:183} INFO - Processing /opt/airflow/dags/crawl_crypto_prices.py took 0.045 seconds
[2026-03-23T03:00:41.557+0000] {processor.py:161} INFO - Started process (PID=8508) to work on /opt/airflow/dags/crawl_crypto_prices.py
[2026-03-23T03:00:41.558+0000] {processor.py:830} INFO - Processing file /opt/airflow/dags/crawl_crypto_prices.py for tasks to queue
[2026-03-23T03:00:41.558+0000] {logging_mixin.py:188} INFO - [2026-03-23T03:00:41.558+0000] {dagbag.py:538} INFO - Filling up the DagBag from /opt/airflow/dags/crawl_crypto_prices.py
[2026-03-23T03:00:41.571+0000] {processor.py:840} INFO - DAG(s) 'crawl_crypto_prices' retrieved from /opt/airflow/dags/crawl_crypto_prices.py
[2026-03-23T03:00:41.586+0000] {logging_mixin.py:188} INFO - [2026-03-23T03:00:41.585+0000] {dag.py:3036} INFO - Sync 1 DAGs
[2026-03-23T03:00:41.596+0000] {logging_mixin.py:188} INFO - [2026-03-23T03:00:41.596+0000] {dag.py:3823} INFO - Setting next_dagrun for crawl_crypto_prices to 2026-03-23 03:00:00+00:00, run_after=2026-03-23 04:00:00+00:00
[2026-03-23T03:00:41.602+0000] {processor.py:183} INFO - Processing /opt/airflow/dags/crawl_crypto_prices.py took 0.049 seconds
[2026-03-23T03:01:11.841+0000] {processor.py:161} INFO - Started process (PID=8513) to work on /opt/airflow/dags/crawl_crypto_prices.py
[2026-03-23T03:01:11.842+0000] {processor.py:830} INFO - Processing file /opt/airflow/dags/crawl_crypto_prices.py for tasks to queue
[2026-03-23T03:01:11.842+0000] {logging_mixin.py:188} INFO - [2026-03-23T03:01:11.842+0000] {dagbag.py:538} INFO - Filling up the DagBag from /opt/airflow/dags/crawl_crypto_prices.py
[2026-03-23T03:01:11.852+0000] {processor.py:840} INFO - DAG(s) 'crawl_crypto_prices' retrieved from /opt/airflow/dags/crawl_crypto_prices.py
[2026-03-23T03:01:11.867+0000] {logging_mixin.py:188} INFO - [2026-03-23T03:01:11.867+0000] {dag.py:3036} INFO - Sync 1 DAGs
[2026-03-23T03:01:11.877+0000] {logging_mixin.py:188} INFO - [2026-03-23T03:01:11.877+0000] {dag.py:3823} INFO - Setting next_dagrun for crawl_crypto_prices to 2026-03-23 03:00:00+00:00, run_after=2026-03-23 04:00:00+00:00
[2026-03-23T03:01:11.883+0000] {processor.py:183} INFO - Processing /opt/airflow/dags/crawl_crypto_prices.py took 0.045 seconds
[2026-03-23T03:01:42.146+0000] {processor.py:161} INFO - Started process (PID=8518) to work on /opt/airflow/dags/crawl_crypto_prices.py
[2026-03-23T03:01:42.148+0000] {processor.py:830} INFO - Processing file /opt/airflow/dags/crawl_crypto_prices.py for tasks to queue
[2026-03-23T03:01:42.149+0000] {logging_mixin.py:188} INFO - [2026-03-23T03:01:42.149+0000] {dagbag.py:538} INFO - Filling up the DagBag from /opt/airflow/dags/crawl_crypto_prices.py
[2026-03-23T03:01:42.161+0000] {processor.py:840} INFO - DAG(s) 'crawl_crypto_prices' retrieved from /opt/airflow/dags/crawl_crypto_prices.py
[2026-03-23T03:01:42.177+0000] {logging_mixin.py:188} INFO - [2026-03-23T03:01:42.177+0000] {dag.py:3036} INFO - Sync 1 DAGs
[2026-03-23T03:01:42.188+0000] {logging_mixin.py:188} INFO - [2026-03-23T03:01:42.188+0000] {dag.py:3823} INFO - Setting next_dagrun for crawl_crypto_prices to 2026-03-23 03:00:00+00:00, run_after=2026-03-23 04:00:00+00:00
[2026-03-23T03:01:42.194+0000] {processor.py:183} INFO - Processing /opt/airflow/dags/crawl_crypto_prices.py took 0.051 seconds
[2026-03-23T03:02:12.407+0000] {processor.py:161} INFO - Started process (PID=8523) to work on /opt/airflow/dags/crawl_crypto_prices.py
[2026-03-23T03:02:12.408+0000] {processor.py:830} INFO - Processing file /opt/airflow/dags/crawl_crypto_prices.py for tasks to queue
[2026-03-23T03:02:12.408+0000] {logging_mixin.py:188} INFO - [2026-03-23T03:02:12.408+0000] {dagbag.py:538} INFO - Filling up the DagBag from /opt/airflow/dags/crawl_crypto_prices.py
[2026-03-23T03:02:12.420+0000] {processor.py:840} INFO - DAG(s) 'crawl_crypto_prices' retrieved from /opt/airflow/dags/crawl_crypto_prices.py
[2026-03-23T03:02:12.437+0000] {logging_mixin.py:188} INFO - [2026-03-23T03:02:12.437+0000] {dag.py:3036} INFO - Sync 1 DAGs
[2026-03-23T03:02:12.447+0000] {logging_mixin.py:188} INFO - [2026-03-23T03:02:12.447+0000] {dag.py:3823} INFO - Setting next_dagrun for crawl_crypto_prices to 2026-03-23 03:00:00+00:00, run_after=2026-03-23 04:00:00+00:00
[2026-03-23T03:02:12.454+0000] {processor.py:183} INFO - Processing /opt/airflow/dags/crawl_crypto_prices.py took 0.051 seconds
[2026-03-23T03:02:42.709+0000] {processor.py:161} INFO - Started process (PID=8528) to work on /opt/airflow/dags/crawl_crypto_prices.py
[2026-03-23T03:02:42.710+0000] {processor.py:830} INFO - Processing file /opt/airflow/dags/crawl_crypto_prices.py for tasks to queue
[2026-03-23T03:02:42.711+0000] {logging_mixin.py:188} INFO - [2026-03-23T03:02:42.711+0000] {dagbag.py:538} INFO - Filling up the DagBag from /opt/airflow/dags/crawl_crypto_prices.py
[2026-03-23T03:02:42.722+0000] {processor.py:840} INFO - DAG(s) 'crawl_crypto_prices' retrieved from /opt/airflow/dags/crawl_crypto_prices.py
[2026-03-23T03:02:42.741+0000] {logging_mixin.py:188} INFO - [2026-03-23T03:02:42.741+0000] {dag.py:3036} INFO - Sync 1 DAGs
[2026-03-23T03:02:42.751+0000] {logging_mixin.py:188} INFO - [2026-03-23T03:02:42.751+0000] {dag.py:3823} INFO - Setting next_dagrun for crawl_crypto_prices to 2026-03-23 03:00:00+00:00, run_after=2026-03-23 04:00:00+00:00
[2026-03-23T03:02:42.757+0000] {processor.py:183} INFO - Processing /opt/airflow/dags/crawl_crypto_prices.py took 0.051 seconds
[2026-03-23T03:03:12.990+0000] {processor.py:161} INFO - Started process (PID=8533) to work on /opt/airflow/dags/crawl_crypto_prices.py
[2026-03-23T03:03:12.992+0000] {processor.py:830} INFO - Processing file /opt/airflow/dags/crawl_crypto_prices.py for tasks to queue
[2026-03-23T03:03:12.992+0000] {logging_mixin.py:188} INFO - [2026-03-23T03:03:12.992+0000] {dagbag.py:538} INFO - Filling up the DagBag from /opt/airflow/dags/crawl_crypto_prices.py
[2026-03-23T03:03:13.003+0000] {processor.py:840} INFO - DAG(s) 'crawl_crypto_prices' retrieved from /opt/airflow/dags/crawl_crypto_prices.py
[2026-03-23T03:03:13.022+0000] {logging_mixin.py:188} INFO - [2026-03-23T03:03:13.022+0000] {dag.py:3036} INFO - Sync 1 DAGs
[2026-03-23T03:03:13.032+0000] {logging_mixin.py:188} INFO - [2026-03-23T03:03:13.032+0000] {dag.py:3823} INFO - Setting next_dagrun for crawl_crypto_prices to 2026-03-23 03:00:00+00:00, run_after=2026-03-23 04:00:00+00:00
[2026-03-23T03:03:13.039+0000] {processor.py:183} INFO - Processing /opt/airflow/dags/crawl_crypto_prices.py took 0.052 seconds
[2026-03-23T03:03:43.291+0000] {processor.py:161} INFO - Started process (PID=8538) to work on /opt/airflow/dags/crawl_crypto_prices.py
[2026-03-23T03:03:43.293+0000] {processor.py:830} INFO - Processing file /opt/airflow/dags/crawl_crypto_prices.py for tasks to queue
[2026-03-23T03:03:43.293+0000] {logging_mixin.py:188} INFO - [2026-03-23T03:03:43.293+0000] {dagbag.py:538} INFO - Filling up the DagBag from /opt/airflow/dags/crawl_crypto_prices.py
[2026-03-23T03:03:43.304+0000] {processor.py:840} INFO - DAG(s) 'crawl_crypto_prices' retrieved from /opt/airflow/dags/crawl_crypto_prices.py
[2026-03-23T03:03:43.323+0000] {logging_mixin.py:188} INFO - [2026-03-23T03:03:43.323+0000] {dag.py:3036} INFO - Sync 1 DAGs
[2026-03-23T03:03:43.334+0000] {logging_mixin.py:188} INFO - [2026-03-23T03:03:43.333+0000] {dag.py:3823} INFO - Setting next_dagrun for crawl_crypto_prices to 2026-03-23 03:00:00+00:00, run_after=2026-03-23 04:00:00+00:00
[2026-03-23T03:03:43.340+0000] {processor.py:183} INFO - Processing /opt/airflow/dags/crawl_crypto_prices.py took 0.052 seconds
[2026-03-23T03:04:13.575+0000] {processor.py:161} INFO - Started process (PID=8543) to work on /opt/airflow/dags/crawl_crypto_prices.py
[2026-03-23T03:04:13.576+0000] {processor.py:830} INFO - Processing file /opt/airflow/dags/crawl_crypto_prices.py for tasks to queue
[2026-03-23T03:04:13.577+0000] {logging_mixin.py:188} INFO - [2026-03-23T03:04:13.576+0000] {dagbag.py:538} INFO - Filling up the DagBag from /opt/airflow/dags/crawl_crypto_prices.py
[2026-03-23T03:04:13.587+0000] {processor.py:840} INFO - DAG(s) 'crawl_crypto_prices' retrieved from /opt/airflow/dags/crawl_crypto_prices.py
[2026-03-23T03:04:13.605+0000] {logging_mixin.py:188} INFO - [2026-03-23T03:04:13.605+0000] {dag.py:3036} INFO - Sync 1 DAGs
[2026-03-23T03:04:13.615+0000] {logging_mixin.py:188} INFO - [2026-03-23T03:04:13.614+0000] {dag.py:3823} INFO - Setting next_dagrun for crawl_crypto_prices to 2026-03-23 03:00:00+00:00, run_after=2026-03-23 04:00:00+00:00
[2026-03-23T03:04:13.621+0000] {processor.py:183} INFO - Processing /opt/airflow/dags/crawl_crypto_prices.py took 0.050 seconds
[2026-03-23T03:04:43.919+0000] {processor.py:161} INFO - Started process (PID=8548) to work on /opt/airflow/dags/crawl_crypto_prices.py
[2026-03-23T03:04:43.920+0000] {processor.py:830} INFO - Processing file /opt/airflow/dags/crawl_crypto_prices.py for tasks to queue
[2026-03-23T03:04:43.921+0000] {logging_mixin.py:188} INFO - [2026-03-23T03:04:43.920+0000] {dagbag.py:538} INFO - Filling up the DagBag from /opt/airflow/dags/crawl_crypto_prices.py
[2026-03-23T03:04:43.931+0000] {processor.py:840} INFO - DAG(s) 'crawl_crypto_prices' retrieved from /opt/airflow/dags/crawl_crypto_prices.py
[2026-03-23T03:04:43.949+0000] {logging_mixin.py:188} INFO - [2026-03-23T03:04:43.949+0000] {dag.py:3036} INFO - Sync 1 DAGs
[2026-03-23T03:04:43.959+0000] {logging_mixin.py:188} INFO - [2026-03-23T03:04:43.959+0000] {dag.py:3823} INFO - Setting next_dagrun for crawl_crypto_prices to 2026-03-23 03:00:00+00:00, run_after=2026-03-23 04:00:00+00:00
[2026-03-23T03:04:43.966+0000] {processor.py:183} INFO - Processing /opt/airflow/dags/crawl_crypto_prices.py took 0.050 seconds
[2026-03-23T03:05:14.290+0000] {processor.py:161} INFO - Started process (PID=8553) to work on /opt/airflow/dags/crawl_crypto_prices.py
[2026-03-23T03:05:14.292+0000] {processor.py:830} INFO - Processing file /opt/airflow/dags/crawl_crypto_prices.py for tasks to queue
[2026-03-23T03:05:14.293+0000] {logging_mixin.py:188} INFO - [2026-03-23T03:05:14.292+0000] {dagbag.py:538} INFO - Filling up the DagBag from /opt/airflow/dags/crawl_crypto_prices.py
[2026-03-23T03:05:14.310+0000] {processor.py:840} INFO - DAG(s) 'crawl_crypto_prices' retrieved from /opt/airflow/dags/crawl_crypto_prices.py
[2026-03-23T03:05:14.330+0000] {logging_mixin.py:188} INFO - [2026-03-23T03:05:14.330+0000] {dag.py:3036} INFO - Sync 1 DAGs
[2026-03-23T03:05:14.342+0000] {logging_mixin.py:188} INFO - [2026-03-23T03:05:14.341+0000] {dag.py:3823} INFO - Setting next_dagrun for crawl_crypto_prices to 2026-03-23 03:00:00+00:00, run_after=2026-03-23 04:00:00+00:00
[2026-03-23T03:05:14.348+0000] {processor.py:183} INFO - Processing /opt/airflow/dags/crawl_crypto_prices.py took 0.062 seconds
[2026-03-23T03:07:41.215+0000] {processor.py:161} INFO - Started process (PID=8558) to work on /opt/airflow/dags/crawl_crypto_prices.py
[2026-03-23T03:07:41.216+0000] {processor.py:830} INFO - Processing file /opt/airflow/dags/crawl_crypto_prices.py for tasks to queue
[2026-03-23T03:07:41.217+0000] {logging_mixin.py:188} INFO - [2026-03-23T03:07:41.217+0000] {dagbag.py:538} INFO - Filling up the DagBag from /opt/airflow/dags/crawl_crypto_prices.py
[2026-03-23T03:07:41.228+0000] {processor.py:840} INFO - DAG(s) 'crawl_crypto_prices' retrieved from /opt/airflow/dags/crawl_crypto_prices.py
[2026-03-23T03:07:41.246+0000] {logging_mixin.py:188} INFO - [2026-03-23T03:07:41.246+0000] {dag.py:3036} INFO - Sync 1 DAGs
[2026-03-23T03:07:41.256+0000] {logging_mixin.py:188} INFO - [2026-03-23T03:07:41.256+0000] {dag.py:3823} INFO - Setting next_dagrun for crawl_crypto_prices to 2026-03-23 03:00:00+00:00, run_after=2026-03-23 04:00:00+00:00
[2026-03-23T03:07:41.262+0000] {processor.py:183} INFO - Processing /opt/airflow/dags/crawl_crypto_prices.py took 0.051 seconds
[2026-03-23T03:08:11.565+0000] {processor.py:161} INFO - Started process (PID=8565) to work on /opt/airflow/dags/crawl_crypto_prices.py
[2026-03-23T03:08:11.566+0000] {processor.py:830} INFO - Processing file /opt/airflow/dags/crawl_crypto_prices.py for tasks to queue
[2026-03-23T03:08:11.566+0000] {logging_mixin.py:188} INFO - [2026-03-23T03:08:11.566+0000] {dagbag.py:538} INFO - Filling up the DagBag from /opt/airflow/dags/crawl_crypto_prices.py
[2026-03-23T03:08:11.579+0000] {processor.py:840} INFO - DAG(s) 'crawl_crypto_prices' retrieved from /opt/airflow/dags/crawl_crypto_prices.py
[2026-03-23T03:08:11.598+0000] {logging_mixin.py:188} INFO - [2026-03-23T03:08:11.598+0000] {dag.py:3036} INFO - Sync 1 DAGs
[2026-03-23T03:08:11.609+0000] {logging_mixin.py:188} INFO - [2026-03-23T03:08:11.609+0000] {dag.py:3823} INFO - Setting next_dagrun for crawl_crypto_prices to 2026-03-23 03:00:00+00:00, run_after=2026-03-23 04:00:00+00:00
[2026-03-23T03:08:11.616+0000] {processor.py:183} INFO - Processing /opt/airflow/dags/crawl_crypto_prices.py took 0.055 seconds
[2026-03-23T03:08:41.920+0000] {processor.py:161} INFO - Started process (PID=8570) to work on /opt/airflow/dags/crawl_crypto_prices.py
[2026-03-23T03:08:41.922+0000] {processor.py:830} INFO - Processing file /opt/airflow/dags/crawl_crypto_prices.py for tasks to queue
[2026-03-23T03:08:41.923+0000] {logging_mixin.py:188} INFO - [2026-03-23T03:08:41.922+0000] {dagbag.py:538} INFO - Filling up the DagBag from /opt/airflow/dags/crawl_crypto_prices.py
[2026-03-23T03:08:41.936+0000] {processor.py:840} INFO - DAG(s) 'crawl_crypto_prices' retrieved from /opt/airflow/dags/crawl_crypto_prices.py
[2026-03-23T03:08:41.957+0000] {logging_mixin.py:188} INFO - [2026-03-23T03:08:41.957+0000] {dag.py:3036} INFO - Sync 1 DAGs
[2026-03-23T03:08:41.967+0000] {logging_mixin.py:188} INFO - [2026-03-23T03:08:41.967+0000] {dag.py:3823} INFO - Setting next_dagrun for crawl_crypto_prices to 2026-03-23 03:00:00+00:00, run_after=2026-03-23 04:00:00+00:00
[2026-03-23T03:08:41.976+0000] {processor.py:183} INFO - Processing /opt/airflow/dags/crawl_crypto_prices.py took 0.060 seconds
[2026-03-23T03:09:12.255+0000] {processor.py:161} INFO - Started process (PID=8575) to work on /opt/airflow/dags/crawl_crypto_prices.py
[2026-03-23T03:09:12.256+0000] {processor.py:830} INFO - Processing file /opt/airflow/dags/crawl_crypto_prices.py for tasks to queue
[2026-03-23T03:09:12.257+0000] {logging_mixin.py:188} INFO - [2026-03-23T03:09:12.256+0000] {dagbag.py:538} INFO - Filling up the DagBag from /opt/airflow/dags/crawl_crypto_prices.py
[2026-03-23T03:09:12.268+0000] {processor.py:840} INFO - DAG(s) 'crawl_crypto_prices' retrieved from /opt/airflow/dags/crawl_crypto_prices.py
[2026-03-23T03:09:12.288+0000] {logging_mixin.py:188} INFO - [2026-03-23T03:09:12.288+0000] {dag.py:3036} INFO - Sync 1 DAGs
[2026-03-23T03:09:12.298+0000] {logging_mixin.py:188} INFO - [2026-03-23T03:09:12.298+0000] {dag.py:3823} INFO - Setting next_dagrun for crawl_crypto_prices to 2026-03-23 03:00:00+00:00, run_after=2026-03-23 04:00:00+00:00
[2026-03-23T03:09:12.305+0000] {processor.py:183} INFO - Processing /opt/airflow/dags/crawl_crypto_prices.py took 0.053 seconds
[2026-03-23T03:09:42.572+0000] {processor.py:161} INFO - Started process (PID=8580) to work on /opt/airflow/dags/crawl_crypto_prices.py
[2026-03-23T03:09:42.573+0000] {processor.py:830} INFO - Processing file /opt/airflow/dags/crawl_crypto_prices.py for tasks to queue
[2026-03-23T03:09:42.574+0000] {logging_mixin.py:188} INFO - [2026-03-23T03:09:42.574+0000] {dagbag.py:538} INFO - Filling up the DagBag from /opt/airflow/dags/crawl_crypto_prices.py
[2026-03-23T03:09:42.587+0000] {processor.py:840} INFO - DAG(s) 'crawl_crypto_prices' retrieved from /opt/airflow/dags/crawl_crypto_prices.py
[2026-03-23T03:09:42.605+0000] {logging_mixin.py:188} INFO - [2026-03-23T03:09:42.605+0000] {dag.py:3036} INFO - Sync 1 DAGs
[2026-03-23T03:09:42.615+0000] {logging_mixin.py:188} INFO - [2026-03-23T03:09:42.615+0000] {dag.py:3823} INFO - Setting next_dagrun for crawl_crypto_prices to 2026-03-23 03:00:00+00:00, run_after=2026-03-23 04:00:00+00:00
[2026-03-23T03:09:42.622+0000] {processor.py:183} INFO - Processing /opt/airflow/dags/crawl_crypto_prices.py took 0.055 seconds
[2026-03-23T03:10:12.868+0000] {processor.py:161} INFO - Started process (PID=8585) to work on /opt/airflow/dags/crawl_crypto_prices.py
[2026-03-23T03:10:12.869+0000] {processor.py:830} INFO - Processing file /opt/airflow/dags/crawl_crypto_prices.py for tasks to queue
[2026-03-23T03:10:12.870+0000] {logging_mixin.py:188} INFO - [2026-03-23T03:10:12.870+0000] {dagbag.py:538} INFO - Filling up the DagBag from /opt/airflow/dags/crawl_crypto_prices.py
[2026-03-23T03:10:12.881+0000] {processor.py:840} INFO - DAG(s) 'crawl_crypto_prices' retrieved from /opt/airflow/dags/crawl_crypto_prices.py
[2026-03-23T03:10:12.901+0000] {logging_mixin.py:188} INFO - [2026-03-23T03:10:12.900+0000] {dag.py:3036} INFO - Sync 1 DAGs
[2026-03-23T03:10:12.911+0000] {logging_mixin.py:188} INFO - [2026-03-23T03:10:12.911+0000] {dag.py:3823} INFO - Setting next_dagrun for crawl_crypto_prices to 2026-03-23 03:00:00+00:00, run_after=2026-03-23 04:00:00+00:00
[2026-03-23T03:10:12.917+0000] {processor.py:183} INFO - Processing /opt/airflow/dags/crawl_crypto_prices.py took 0.052 seconds
[2026-03-23T03:10:43.139+0000] {processor.py:161} INFO - Started process (PID=8590) to work on /opt/airflow/dags/crawl_crypto_prices.py
[2026-03-23T03:10:43.140+0000] {processor.py:830} INFO - Processing file /opt/airflow/dags/crawl_crypto_prices.py for tasks to queue
[2026-03-23T03:10:43.140+0000] {logging_mixin.py:188} INFO - [2026-03-23T03:10:43.140+0000] {dagbag.py:538} INFO - Filling up the DagBag from /opt/airflow/dags/crawl_crypto_prices.py
[2026-03-23T03:10:43.151+0000] {processor.py:840} INFO - DAG(s) 'crawl_crypto_prices' retrieved from /opt/airflow/dags/crawl_crypto_prices.py
[2026-03-23T03:10:43.166+0000] {logging_mixin.py:188} INFO - [2026-03-23T03:10:43.166+0000] {dag.py:3036} INFO - Sync 1 DAGs
[2026-03-23T03:10:43.176+0000] {logging_mixin.py:188} INFO - [2026-03-23T03:10:43.176+0000] {dag.py:3823} INFO - Setting next_dagrun for crawl_crypto_prices to 2026-03-23 03:00:00+00:00, run_after=2026-03-23 04:00:00+00:00
[2026-03-23T03:10:43.182+0000] {processor.py:183} INFO - Processing /opt/airflow/dags/crawl_crypto_prices.py took 0.047 seconds
[2026-03-23T03:11:13.398+0000] {processor.py:161} INFO - Started process (PID=8595) to work on /opt/airflow/dags/crawl_crypto_prices.py
[2026-03-23T03:11:13.399+0000] {processor.py:830} INFO - Processing file /opt/airflow/dags/crawl_crypto_prices.py for tasks to queue
[2026-03-23T03:11:13.400+0000] {logging_mixin.py:188} INFO - [2026-03-23T03:11:13.399+0000] {dagbag.py:538} INFO - Filling up the DagBag from /opt/airflow/dags/crawl_crypto_prices.py
[2026-03-23T03:11:13.410+0000] {processor.py:840} INFO - DAG(s) 'crawl_crypto_prices' retrieved from /opt/airflow/dags/crawl_crypto_prices.py
[2026-03-23T03:11:13.428+0000] {logging_mixin.py:188} INFO - [2026-03-23T03:11:13.428+0000] {dag.py:3036} INFO - Sync 1 DAGs
[2026-03-23T03:11:13.437+0000] {logging_mixin.py:188} INFO - [2026-03-23T03:11:13.437+0000] {dag.py:3823} INFO - Setting next_dagrun for crawl_crypto_prices to 2026-03-23 03:00:00+00:00, run_after=2026-03-23 04:00:00+00:00
[2026-03-23T03:11:13.443+0000] {processor.py:183} INFO - Processing /opt/airflow/dags/crawl_crypto_prices.py took 0.049 seconds
[2026-03-23T03:11:43.690+0000] {processor.py:161} INFO - Started process (PID=8600) to work on /opt/airflow/dags/crawl_crypto_prices.py
[2026-03-23T03:11:43.691+0000] {processor.py:830} INFO - Processing file /opt/airflow/dags/crawl_crypto_prices.py for tasks to queue
[2026-03-23T03:11:43.691+0000] {logging_mixin.py:188} INFO - [2026-03-23T03:11:43.691+0000] {dagbag.py:538} INFO - Filling up the DagBag from /opt/airflow/dags/crawl_crypto_prices.py
[2026-03-23T03:11:43.701+0000] {processor.py:840} INFO - DAG(s) 'crawl_crypto_prices' retrieved from /opt/airflow/dags/crawl_crypto_prices.py
[2026-03-23T03:11:43.719+0000] {logging_mixin.py:188} INFO - [2026-03-23T03:11:43.719+0000] {dag.py:3036} INFO - Sync 1 DAGs
[2026-03-23T03:11:43.728+0000] {logging_mixin.py:188} INFO - [2026-03-23T03:11:43.728+0000] {dag.py:3823} INFO - Setting next_dagrun for crawl_crypto_prices to 2026-03-23 03:00:00+00:00, run_after=2026-03-23 04:00:00+00:00
[2026-03-23T03:11:43.734+0000] {processor.py:183} INFO - Processing /opt/airflow/dags/crawl_crypto_prices.py took 0.047 seconds
[2026-03-23T03:12:14.013+0000] {processor.py:161} INFO - Started process (PID=8605) to work on /opt/airflow/dags/crawl_crypto_prices.py
[2026-03-23T03:12:14.014+0000] {processor.py:830} INFO - Processing file /opt/airflow/dags/crawl_crypto_prices.py for tasks to queue
[2026-03-23T03:12:14.015+0000] {logging_mixin.py:188} INFO - [2026-03-23T03:12:14.015+0000] {dagbag.py:538} INFO - Filling up the DagBag from /opt/airflow/dags/crawl_crypto_prices.py
[2026-03-23T03:12:14.025+0000] {processor.py:840} INFO - DAG(s) 'crawl_crypto_prices' retrieved from /opt/airflow/dags/crawl_crypto_prices.py
[2026-03-23T03:12:14.044+0000] {logging_mixin.py:188} INFO - [2026-03-23T03:12:14.044+0000] {dag.py:3036} INFO - Sync 1 DAGs
[2026-03-23T03:12:14.056+0000] {logging_mixin.py:188} INFO - [2026-03-23T03:12:14.055+0000] {dag.py:3823} INFO - Setting next_dagrun for crawl_crypto_prices to 2026-03-23 03:00:00+00:00, run_after=2026-03-23 04:00:00+00:00
[2026-03-23T03:12:14.062+0000] {processor.py:183} INFO - Processing /opt/airflow/dags/crawl_crypto_prices.py took 0.052 seconds
[2026-03-23T03:12:44.324+0000] {processor.py:161} INFO - Started process (PID=8610) to work on /opt/airflow/dags/crawl_crypto_prices.py
[2026-03-23T03:12:44.325+0000] {processor.py:830} INFO - Processing file /opt/airflow/dags/crawl_crypto_prices.py for tasks to queue
[2026-03-23T03:12:44.326+0000] {logging_mixin.py:188} INFO - [2026-03-23T03:12:44.326+0000] {dagbag.py:538} INFO - Filling up the DagBag from /opt/airflow/dags/crawl_crypto_prices.py
[2026-03-23T03:12:44.337+0000] {processor.py:840} INFO - DAG(s) 'crawl_crypto_prices' retrieved from /opt/airflow/dags/crawl_crypto_prices.py
[2026-03-23T03:12:44.356+0000] {logging_mixin.py:188} INFO - [2026-03-23T03:12:44.356+0000] {dag.py:3036} INFO - Sync 1 DAGs
[2026-03-23T03:12:44.367+0000] {logging_mixin.py:188} INFO - [2026-03-23T03:12:44.367+0000] {dag.py:3823} INFO - Setting next_dagrun for crawl_crypto_prices to 2026-03-23 03:00:00+00:00, run_after=2026-03-23 04:00:00+00:00
[2026-03-23T03:12:44.374+0000] {processor.py:183} INFO - Processing /opt/airflow/dags/crawl_crypto_prices.py took 0.054 seconds
[2026-03-23T03:13:14.611+0000] {processor.py:161} INFO - Started process (PID=8615) to work on /opt/airflow/dags/crawl_crypto_prices.py
[2026-03-23T03:13:14.612+0000] {processor.py:830} INFO - Processing file /opt/airflow/dags/crawl_crypto_prices.py for tasks to queue
[2026-03-23T03:13:14.613+0000] {logging_mixin.py:188} INFO - [2026-03-23T03:13:14.613+0000] {dagbag.py:538} INFO - Filling up the DagBag from /opt/airflow/dags/crawl_crypto_prices.py
[2026-03-23T03:13:14.625+0000] {processor.py:840} INFO - DAG(s) 'crawl_crypto_prices' retrieved from /opt/airflow/dags/crawl_crypto_prices.py
[2026-03-23T03:13:14.645+0000] {logging_mixin.py:188} INFO - [2026-03-23T03:13:14.645+0000] {dag.py:3036} INFO - Sync 1 DAGs
[2026-03-23T03:13:14.656+0000] {logging_mixin.py:188} INFO - [2026-03-23T03:13:14.656+0000] {dag.py:3823} INFO - Setting next_dagrun for crawl_crypto_prices to 2026-03-23 03:00:00+00:00, run_after=2026-03-23 04:00:00+00:00
[2026-03-23T03:13:14.662+0000] {processor.py:183} INFO - Processing /opt/airflow/dags/crawl_crypto_prices.py took 0.055 seconds
[2026-03-23T03:13:44.932+0000] {processor.py:161} INFO - Started process (PID=8620) to work on /opt/airflow/dags/crawl_crypto_prices.py
[2026-03-23T03:13:44.933+0000] {processor.py:830} INFO - Processing file /opt/airflow/dags/crawl_crypto_prices.py for tasks to queue
[2026-03-23T03:13:44.934+0000] {logging_mixin.py:188} INFO - [2026-03-23T03:13:44.934+0000] {dagbag.py:538} INFO - Filling up the DagBag from /opt/airflow/dags/crawl_crypto_prices.py
[2026-03-23T03:13:44.948+0000] {processor.py:840} INFO - DAG(s) 'crawl_crypto_prices' retrieved from /opt/airflow/dags/crawl_crypto_prices.py
[2026-03-23T03:13:44.970+0000] {logging_mixin.py:188} INFO - [2026-03-23T03:13:44.970+0000] {dag.py:3036} INFO - Sync 1 DAGs
[2026-03-23T03:13:44.981+0000] {logging_mixin.py:188} INFO - [2026-03-23T03:13:44.981+0000] {dag.py:3823} INFO - Setting next_dagrun for crawl_crypto_prices to 2026-03-23 03:00:00+00:00, run_after=2026-03-23 04:00:00+00:00
[2026-03-23T03:13:44.987+0000] {processor.py:183} INFO - Processing /opt/airflow/dags/crawl_crypto_prices.py took 0.059 seconds
[2026-03-23T03:14:15.242+0000] {processor.py:161} INFO - Started process (PID=8625) to work on /opt/airflow/dags/crawl_crypto_prices.py
[2026-03-23T03:14:15.243+0000] {processor.py:830} INFO - Processing file /opt/airflow/dags/crawl_crypto_prices.py for tasks to queue
[2026-03-23T03:14:15.244+0000] {logging_mixin.py:188} INFO - [2026-03-23T03:14:15.244+0000] {dagbag.py:538} INFO - Filling up the DagBag from /opt/airflow/dags/crawl_crypto_prices.py
[2026-03-23T03:14:15.255+0000] {processor.py:840} INFO - DAG(s) 'crawl_crypto_prices' retrieved from /opt/airflow/dags/crawl_crypto_prices.py
[2026-03-23T03:14:15.274+0000] {logging_mixin.py:188} INFO - [2026-03-23T03:14:15.274+0000] {dag.py:3036} INFO - Sync 1 DAGs
[2026-03-23T03:14:15.285+0000] {logging_mixin.py:188} INFO - [2026-03-23T03:14:15.285+0000] {dag.py:3823} INFO - Setting next_dagrun for crawl_crypto_prices to 2026-03-23 03:00:00+00:00, run_after=2026-03-23 04:00:00+00:00
[2026-03-23T03:14:15.291+0000] {processor.py:183} INFO - Processing /opt/airflow/dags/crawl_crypto_prices.py took 0.052 seconds
[2026-03-23T03:14:45.530+0000] {processor.py:161} INFO - Started process (PID=8630) to work on /opt/airflow/dags/crawl_crypto_prices.py
[2026-03-23T03:14:45.531+0000] {processor.py:830} INFO - Processing file /opt/airflow/dags/crawl_crypto_prices.py for tasks to queue
[2026-03-23T03:14:45.532+0000] {logging_mixin.py:188} INFO - [2026-03-23T03:14:45.532+0000] {dagbag.py:538} INFO - Filling up the DagBag from /opt/airflow/dags/crawl_crypto_prices.py
[2026-03-23T03:14:45.541+0000] {processor.py:840} INFO - DAG(s) 'crawl_crypto_prices' retrieved from /opt/airflow/dags/crawl_crypto_prices.py
[2026-03-23T03:14:45.559+0000] {logging_mixin.py:188} INFO - [2026-03-23T03:14:45.558+0000] {dag.py:3036} INFO - Sync 1 DAGs
[2026-03-23T03:14:45.568+0000] {logging_mixin.py:188} INFO - [2026-03-23T03:14:45.568+0000] {dag.py:3823} INFO - Setting next_dagrun for crawl_crypto_prices to 2026-03-23 03:00:00+00:00, run_after=2026-03-23 04:00:00+00:00
[2026-03-23T03:14:45.574+0000] {processor.py:183} INFO - Processing /opt/airflow/dags/crawl_crypto_prices.py took 0.046 seconds
[2026-03-23T03:15:15.839+0000] {processor.py:161} INFO - Started process (PID=8635) to work on /opt/airflow/dags/crawl_crypto_prices.py
[2026-03-23T03:15:15.840+0000] {processor.py:830} INFO - Processing file /opt/airflow/dags/crawl_crypto_prices.py for tasks to queue
[2026-03-23T03:15:15.840+0000] {logging_mixin.py:188} INFO - [2026-03-23T03:15:15.840+0000] {dagbag.py:538} INFO - Filling up the DagBag from /opt/airflow/dags/crawl_crypto_prices.py
[2026-03-23T03:15:15.851+0000] {processor.py:840} INFO - DAG(s) 'crawl_crypto_prices' retrieved from /opt/airflow/dags/crawl_crypto_prices.py
[2026-03-23T03:15:15.873+0000] {logging_mixin.py:188} INFO - [2026-03-23T03:15:15.873+0000] {dag.py:3036} INFO - Sync 1 DAGs
[2026-03-23T03:15:15.883+0000] {logging_mixin.py:188} INFO - [2026-03-23T03:15:15.883+0000] {dag.py:3823} INFO - Setting next_dagrun for crawl_crypto_prices to 2026-03-23 03:00:00+00:00, run_after=2026-03-23 04:00:00+00:00
[2026-03-23T03:15:15.890+0000] {processor.py:183} INFO - Processing /opt/airflow/dags/crawl_crypto_prices.py took 0.055 seconds
[2026-03-23T03:15:46.155+0000] {processor.py:161} INFO - Started process (PID=8640) to work on /opt/airflow/dags/crawl_crypto_prices.py
[2026-03-23T03:15:46.156+0000] {processor.py:830} INFO - Processing file /opt/airflow/dags/crawl_crypto_prices.py for tasks to queue
[2026-03-23T03:15:46.156+0000] {logging_mixin.py:188} INFO - [2026-03-23T03:15:46.156+0000] {dagbag.py:538} INFO - Filling up the DagBag from /opt/airflow/dags/crawl_crypto_prices.py
[2026-03-23T03:15:46.167+0000] {processor.py:840} INFO - DAG(s) 'crawl_crypto_prices' retrieved from /opt/airflow/dags/crawl_crypto_prices.py
[2026-03-23T03:15:46.185+0000] {logging_mixin.py:188} INFO - [2026-03-23T03:15:46.185+0000] {dag.py:3036} INFO - Sync 1 DAGs
[2026-03-23T03:15:46.195+0000] {logging_mixin.py:188} INFO - [2026-03-23T03:15:46.195+0000] {dag.py:3823} INFO - Setting next_dagrun for crawl_crypto_prices to 2026-03-23 03:00:00+00:00, run_after=2026-03-23 04:00:00+00:00
[2026-03-23T03:15:46.202+0000] {processor.py:183} INFO - Processing /opt/airflow/dags/crawl_crypto_prices.py took 0.050 seconds
[2026-03-23T03:16:16.458+0000] {processor.py:161} INFO - Started process (PID=8645) to work on /opt/airflow/dags/crawl_crypto_prices.py
[2026-03-23T03:16:16.459+0000] {processor.py:830} INFO - Processing file /opt/airflow/dags/crawl_crypto_prices.py for tasks to queue
[2026-03-23T03:16:16.459+0000] {logging_mixin.py:188} INFO - [2026-03-23T03:16:16.459+0000] {dagbag.py:538} INFO - Filling up the DagBag from /opt/airflow/dags/crawl_crypto_prices.py
[2026-03-23T03:16:16.471+0000] {processor.py:840} INFO - DAG(s) 'crawl_crypto_prices' retrieved from /opt/airflow/dags/crawl_crypto_prices.py
[2026-03-23T03:16:16.490+0000] {logging_mixin.py:188} INFO - [2026-03-23T03:16:16.490+0000] {dag.py:3036} INFO - Sync 1 DAGs
[2026-03-23T03:16:16.502+0000] {logging_mixin.py:188} INFO - [2026-03-23T03:16:16.501+0000] {dag.py:3823} INFO - Setting next_dagrun for crawl_crypto_prices to 2026-03-23 03:00:00+00:00, run_after=2026-03-23 04:00:00+00:00
[2026-03-23T03:16:16.508+0000] {processor.py:183} INFO - Processing /opt/airflow/dags/crawl_crypto_prices.py took 0.053 seconds
[2026-03-23T03:16:46.770+0000] {processor.py:161} INFO - Started process (PID=8650) to work on /opt/airflow/dags/crawl_crypto_prices.py
[2026-03-23T03:16:46.771+0000] {processor.py:830} INFO - Processing file /opt/airflow/dags/crawl_crypto_prices.py for tasks to queue
[2026-03-23T03:16:46.772+0000] {logging_mixin.py:188} INFO - [2026-03-23T03:16:46.772+0000] {dagbag.py:538} INFO - Filling up the DagBag from /opt/airflow/dags/crawl_crypto_prices.py
[2026-03-23T03:16:46.783+0000] {processor.py:840} INFO - DAG(s) 'crawl_crypto_prices' retrieved from /opt/airflow/dags/crawl_crypto_prices.py
[2026-03-23T03:16:46.801+0000] {logging_mixin.py:188} INFO - [2026-03-23T03:16:46.801+0000] {dag.py:3036} INFO - Sync 1 DAGs
[2026-03-23T03:16:46.812+0000] {logging_mixin.py:188} INFO - [2026-03-23T03:16:46.812+0000] {dag.py:3823} INFO - Setting next_dagrun for crawl_crypto_prices to 2026-03-23 03:00:00+00:00, run_after=2026-03-23 04:00:00+00:00
[2026-03-23T03:16:46.819+0000] {processor.py:183} INFO - Processing /opt/airflow/dags/crawl_crypto_prices.py took 0.053 seconds
[2026-03-23T03:17:17.090+0000] {processor.py:161} INFO - Started process (PID=8655) to work on /opt/airflow/dags/crawl_crypto_prices.py
[2026-03-23T03:17:17.092+0000] {processor.py:830} INFO - Processing file /opt/airflow/dags/crawl_crypto_prices.py for tasks to queue
[2026-03-23T03:17:17.093+0000] {logging_mixin.py:188} INFO - [2026-03-23T03:17:17.093+0000] {dagbag.py:538} INFO - Filling up the DagBag from /opt/airflow/dags/crawl_crypto_prices.py
[2026-03-23T03:17:17.105+0000] {processor.py:840} INFO - DAG(s) 'crawl_crypto_prices' retrieved from /opt/airflow/dags/crawl_crypto_prices.py
[2026-03-23T03:17:17.125+0000] {logging_mixin.py:188} INFO - [2026-03-23T03:17:17.125+0000] {dag.py:3036} INFO - Sync 1 DAGs
[2026-03-23T03:17:17.137+0000] {logging_mixin.py:188} INFO - [2026-03-23T03:17:17.137+0000] {dag.py:3823} INFO - Setting next_dagrun for crawl_crypto_prices to 2026-03-23 03:00:00+00:00, run_after=2026-03-23 04:00:00+00:00
[2026-03-23T03:17:17.144+0000] {processor.py:183} INFO - Processing /opt/airflow/dags/crawl_crypto_prices.py took 0.057 seconds
[2026-03-23T03:17:47.418+0000] {processor.py:161} INFO - Started process (PID=8660) to work on /opt/airflow/dags/crawl_crypto_prices.py
[2026-03-23T03:17:47.419+0000] {processor.py:830} INFO - Processing file /opt/airflow/dags/crawl_crypto_prices.py for tasks to queue
[2026-03-23T03:17:47.420+0000] {logging_mixin.py:188} INFO - [2026-03-23T03:17:47.419+0000] {dagbag.py:538} INFO - Filling up the DagBag from /opt/airflow/dags/crawl_crypto_prices.py
[2026-03-23T03:17:47.433+0000] {processor.py:840} INFO - DAG(s) 'crawl_crypto_prices' retrieved from /opt/airflow/dags/crawl_crypto_prices.py
[2026-03-23T03:17:47.454+0000] {logging_mixin.py:188} INFO - [2026-03-23T03:17:47.454+0000] {dag.py:3036} INFO - Sync 1 DAGs
[2026-03-23T03:17:47.465+0000] {logging_mixin.py:188} INFO - [2026-03-23T03:17:47.465+0000] {dag.py:3823} INFO - Setting next_dagrun for crawl_crypto_prices to 2026-03-23 03:00:00+00:00, run_after=2026-03-23 04:00:00+00:00
[2026-03-23T03:17:47.472+0000] {processor.py:183} INFO - Processing /opt/airflow/dags/crawl_crypto_prices.py took 0.058 seconds
[2026-03-23T03:18:17.727+0000] {processor.py:161} INFO - Started process (PID=8665) to work on /opt/airflow/dags/crawl_crypto_prices.py
[2026-03-23T03:18:17.728+0000] {processor.py:830} INFO - Processing file /opt/airflow/dags/crawl_crypto_prices.py for tasks to queue
[2026-03-23T03:18:17.729+0000] {logging_mixin.py:188} INFO - [2026-03-23T03:18:17.729+0000] {dagbag.py:538} INFO - Filling up the DagBag from /opt/airflow/dags/crawl_crypto_prices.py
[2026-03-23T03:18:17.741+0000] {processor.py:840} INFO - DAG(s) 'crawl_crypto_prices' retrieved from /opt/airflow/dags/crawl_crypto_prices.py
[2026-03-23T03:18:17.760+0000] {logging_mixin.py:188} INFO - [2026-03-23T03:18:17.760+0000] {dag.py:3036} INFO - Sync 1 DAGs
[2026-03-23T03:18:17.770+0000] {logging_mixin.py:188} INFO - [2026-03-23T03:18:17.770+0000] {dag.py:3823} INFO - Setting next_dagrun for crawl_crypto_prices to 2026-03-23 03:00:00+00:00, run_after=2026-03-23 04:00:00+00:00
[2026-03-23T03:18:17.776+0000] {processor.py:183} INFO - Processing /opt/airflow/dags/crawl_crypto_prices.py took 0.053 seconds
[2026-03-23T03:18:48.061+0000] {processor.py:161} INFO - Started process (PID=8670) to work on /opt/airflow/dags/crawl_crypto_prices.py
[2026-03-23T03:18:48.062+0000] {processor.py:830} INFO - Processing file /opt/airflow/dags/crawl_crypto_prices.py for tasks to queue
[2026-03-23T03:18:48.062+0000] {logging_mixin.py:188} INFO - [2026-03-23T03:18:48.062+0000] {dagbag.py:538} INFO - Filling up the DagBag from /opt/airflow/dags/crawl_crypto_prices.py
[2026-03-23T03:18:48.073+0000] {processor.py:840} INFO - DAG(s) 'crawl_crypto_prices' retrieved from /opt/airflow/dags/crawl_crypto_prices.py
[2026-03-23T03:18:48.091+0000] {logging_mixin.py:188} INFO - [2026-03-23T03:18:48.091+0000] {dag.py:3036} INFO - Sync 1 DAGs
[2026-03-23T03:18:48.101+0000] {logging_mixin.py:188} INFO - [2026-03-23T03:18:48.101+0000] {dag.py:3823} INFO - Setting next_dagrun for crawl_crypto_prices to 2026-03-23 03:00:00+00:00, run_after=2026-03-23 04:00:00+00:00
[2026-03-23T03:18:48.107+0000] {processor.py:183} INFO - Processing /opt/airflow/dags/crawl_crypto_prices.py took 0.050 seconds
[2026-03-23T03:19:18.395+0000] {processor.py:161} INFO - Started process (PID=8675) to work on /opt/airflow/dags/crawl_crypto_prices.py
[2026-03-23T03:19:18.396+0000] {processor.py:830} INFO - Processing file /opt/airflow/dags/crawl_crypto_prices.py for tasks to queue
[2026-03-23T03:19:18.397+0000] {logging_mixin.py:188} INFO - [2026-03-23T03:19:18.396+0000] {dagbag.py:538} INFO - Filling up the DagBag from /opt/airflow/dags/crawl_crypto_prices.py
[2026-03-23T03:19:18.407+0000] {processor.py:840} INFO - DAG(s) 'crawl_crypto_prices' retrieved from /opt/airflow/dags/crawl_crypto_prices.py
[2026-03-23T03:19:18.421+0000] {logging_mixin.py:188} INFO - [2026-03-23T03:19:18.421+0000] {dag.py:3036} INFO - Sync 1 DAGs
[2026-03-23T03:19:18.431+0000] {logging_mixin.py:188} INFO - [2026-03-23T03:19:18.431+0000] {dag.py:3823} INFO - Setting next_dagrun for crawl_crypto_prices to 2026-03-23 03:00:00+00:00, run_after=2026-03-23 04:00:00+00:00
[2026-03-23T03:19:18.437+0000] {processor.py:183} INFO - Processing /opt/airflow/dags/crawl_crypto_prices.py took 0.045 seconds
[2026-03-23T03:19:48.722+0000] {processor.py:161} INFO - Started process (PID=8680) to work on /opt/airflow/dags/crawl_crypto_prices.py
[2026-03-23T03:19:48.723+0000] {processor.py:830} INFO - Processing file /opt/airflow/dags/crawl_crypto_prices.py for tasks to queue
[2026-03-23T03:19:48.723+0000] {logging_mixin.py:188} INFO - [2026-03-23T03:19:48.723+0000] {dagbag.py:538} INFO - Filling up the DagBag from /opt/airflow/dags/crawl_crypto_prices.py
[2026-03-23T03:19:48.734+0000] {processor.py:840} INFO - DAG(s) 'crawl_crypto_prices' retrieved from /opt/airflow/dags/crawl_crypto_prices.py
[2026-03-23T03:19:48.752+0000] {logging_mixin.py:188} INFO - [2026-03-23T03:19:48.752+0000] {dag.py:3036} INFO - Sync 1 DAGs
[2026-03-23T03:19:48.761+0000] {logging_mixin.py:188} INFO - [2026-03-23T03:19:48.761+0000] {dag.py:3823} INFO - Setting next_dagrun for crawl_crypto_prices to 2026-03-23 03:00:00+00:00, run_after=2026-03-23 04:00:00+00:00
[2026-03-23T03:19:48.767+0000] {processor.py:183} INFO - Processing /opt/airflow/dags/crawl_crypto_prices.py took 0.048 seconds
[2026-03-23T03:20:19.011+0000] {processor.py:161} INFO - Started process (PID=8685) to work on /opt/airflow/dags/crawl_crypto_prices.py
[2026-03-23T03:20:19.012+0000] {processor.py:830} INFO - Processing file /opt/airflow/dags/crawl_crypto_prices.py for tasks to queue
[2026-03-23T03:20:19.012+0000] {logging_mixin.py:188} INFO - [2026-03-23T03:20:19.012+0000] {dagbag.py:538} INFO - Filling up the DagBag from /opt/airflow/dags/crawl_crypto_prices.py
[2026-03-23T03:20:19.023+0000] {processor.py:840} INFO - DAG(s) 'crawl_crypto_prices' retrieved from /opt/airflow/dags/crawl_crypto_prices.py
[2026-03-23T03:20:19.043+0000] {logging_mixin.py:188} INFO - [2026-03-23T03:20:19.043+0000] {dag.py:3036} INFO - Sync 1 DAGs
[2026-03-23T03:20:19.056+0000] {logging_mixin.py:188} INFO - [2026-03-23T03:20:19.056+0000] {dag.py:3823} INFO - Setting next_dagrun for crawl_crypto_prices to 2026-03-23 03:00:00+00:00, run_after=2026-03-23 04:00:00+00:00
[2026-03-23T03:20:19.063+0000] {processor.py:183} INFO - Processing /opt/airflow/dags/crawl_crypto_prices.py took 0.056 seconds
[2026-03-23T03:20:49.304+0000] {processor.py:161} INFO - Started process (PID=8690) to work on /opt/airflow/dags/crawl_crypto_prices.py
[2026-03-23T03:20:49.305+0000] {processor.py:830} INFO - Processing file /opt/airflow/dags/crawl_crypto_prices.py for tasks to queue
[2026-03-23T03:20:49.306+0000] {logging_mixin.py:188} INFO - [2026-03-23T03:20:49.306+0000] {dagbag.py:538} INFO - Filling up the DagBag from /opt/airflow/dags/crawl_crypto_prices.py
[2026-03-23T03:20:49.317+0000] {processor.py:840} INFO - DAG(s) 'crawl_crypto_prices' retrieved from /opt/airflow/dags/crawl_crypto_prices.py
[2026-03-23T03:20:49.336+0000] {logging_mixin.py:188} INFO - [2026-03-23T03:20:49.336+0000] {dag.py:3036} INFO - Sync 1 DAGs
[2026-03-23T03:20:49.347+0000] {logging_mixin.py:188} INFO - [2026-03-23T03:20:49.347+0000] {dag.py:3823} INFO - Setting next_dagrun for crawl_crypto_prices to 2026-03-23 03:00:00+00:00, run_after=2026-03-23 04:00:00+00:00
[2026-03-23T03:20:49.354+0000] {processor.py:183} INFO - Processing /opt/airflow/dags/crawl_crypto_prices.py took 0.054 seconds
[2026-03-23T03:21:19.581+0000] {processor.py:161} INFO - Started process (PID=8695) to work on /opt/airflow/dags/crawl_crypto_prices.py
[2026-03-23T03:21:19.582+0000] {processor.py:830} INFO - Processing file /opt/airflow/dags/crawl_crypto_prices.py for tasks to queue
[2026-03-23T03:21:19.583+0000] {logging_mixin.py:188} INFO - [2026-03-23T03:21:19.582+0000] {dagbag.py:538} INFO - Filling up the DagBag from /opt/airflow/dags/crawl_crypto_prices.py
[2026-03-23T03:21:19.595+0000] {processor.py:840} INFO - DAG(s) 'crawl_crypto_prices' retrieved from /opt/airflow/dags/crawl_crypto_prices.py
[2026-03-23T03:21:19.614+0000] {logging_mixin.py:188} INFO - [2026-03-23T03:21:19.614+0000] {dag.py:3036} INFO - Sync 1 DAGs
[2026-03-23T03:21:19.625+0000] {logging_mixin.py:188} INFO - [2026-03-23T03:21:19.624+0000] {dag.py:3823} INFO - Setting next_dagrun for crawl_crypto_prices to 2026-03-23 03:00:00+00:00, run_after=2026-03-23 04:00:00+00:00
[2026-03-23T03:21:19.632+0000] {processor.py:183} INFO - Processing /opt/airflow/dags/crawl_crypto_prices.py took 0.055 seconds
[2026-03-23T03:21:49.849+0000] {processor.py:161} INFO - Started process (PID=8700) to work on /opt/airflow/dags/crawl_crypto_prices.py
[2026-03-23T03:21:49.849+0000] {processor.py:830} INFO - Processing file /opt/airflow/dags/crawl_crypto_prices.py for tasks to queue
[2026-03-23T03:21:49.850+0000] {logging_mixin.py:188} INFO - [2026-03-23T03:21:49.850+0000] {dagbag.py:538} INFO - Filling up the DagBag from /opt/airflow/dags/crawl_crypto_prices.py
[2026-03-23T03:21:49.857+0000] {processor.py:840} INFO - DAG(s) 'crawl_crypto_prices' retrieved from /opt/airflow/dags/crawl_crypto_prices.py
[2026-03-23T03:21:49.871+0000] {logging_mixin.py:188} INFO - [2026-03-23T03:21:49.870+0000] {dag.py:3036} INFO - Sync 1 DAGs
[2026-03-23T03:21:49.881+0000] {logging_mixin.py:188} INFO - [2026-03-23T03:21:49.881+0000] {dag.py:3823} INFO - Setting next_dagrun for crawl_crypto_prices to 2026-03-23 03:00:00+00:00, run_after=2026-03-23 04:00:00+00:00
[2026-03-23T03:21:49.889+0000] {processor.py:183} INFO - Processing /opt/airflow/dags/crawl_crypto_prices.py took 0.042 seconds
[2026-03-23T03:22:20.157+0000] {processor.py:161} INFO - Started process (PID=8705) to work on /opt/airflow/dags/crawl_crypto_prices.py
[2026-03-23T03:22:20.158+0000] {processor.py:830} INFO - Processing file /opt/airflow/dags/crawl_crypto_prices.py for tasks to queue
[2026-03-23T03:22:20.159+0000] {logging_mixin.py:188} INFO - [2026-03-23T03:22:20.158+0000] {dagbag.py:538} INFO - Filling up the DagBag from /opt/airflow/dags/crawl_crypto_prices.py
[2026-03-23T03:22:20.170+0000] {processor.py:840} INFO - DAG(s) 'crawl_crypto_prices' retrieved from /opt/airflow/dags/crawl_crypto_prices.py
[2026-03-23T03:22:20.190+0000] {logging_mixin.py:188} INFO - [2026-03-23T03:22:20.190+0000] {dag.py:3036} INFO - Sync 1 DAGs
[2026-03-23T03:22:20.200+0000] {logging_mixin.py:188} INFO - [2026-03-23T03:22:20.200+0000] {dag.py:3823} INFO - Setting next_dagrun for crawl_crypto_prices to 2026-03-23 03:00:00+00:00, run_after=2026-03-23 04:00:00+00:00
[2026-03-23T03:22:20.207+0000] {processor.py:183} INFO - Processing /opt/airflow/dags/crawl_crypto_prices.py took 0.054 seconds
[2026-03-23T03:22:50.459+0000] {processor.py:161} INFO - Started process (PID=8710) to work on /opt/airflow/dags/crawl_crypto_prices.py
[2026-03-23T03:22:50.460+0000] {processor.py:830} INFO - Processing file /opt/airflow/dags/crawl_crypto_prices.py for tasks to queue
[2026-03-23T03:22:50.461+0000] {logging_mixin.py:188} INFO - [2026-03-23T03:22:50.460+0000] {dagbag.py:538} INFO - Filling up the DagBag from /opt/airflow/dags/crawl_crypto_prices.py
[2026-03-23T03:22:50.474+0000] {processor.py:840} INFO - DAG(s) 'crawl_crypto_prices' retrieved from /opt/airflow/dags/crawl_crypto_prices.py
[2026-03-23T03:22:50.496+0000] {logging_mixin.py:188} INFO - [2026-03-23T03:22:50.496+0000] {dag.py:3036} INFO - Sync 1 DAGs
[2026-03-23T03:22:50.506+0000] {logging_mixin.py:188} INFO - [2026-03-23T03:22:50.506+0000] {dag.py:3823} INFO - Setting next_dagrun for crawl_crypto_prices to 2026-03-23 03:00:00+00:00, run_after=2026-03-23 04:00:00+00:00
[2026-03-23T03:22:50.513+0000] {processor.py:183} INFO - Processing /opt/airflow/dags/crawl_crypto_prices.py took 0.058 seconds
[2026-03-23T03:23:20.742+0000] {processor.py:161} INFO - Started process (PID=8715) to work on /opt/airflow/dags/crawl_crypto_prices.py
[2026-03-23T03:23:20.743+0000] {processor.py:830} INFO - Processing file /opt/airflow/dags/crawl_crypto_prices.py for tasks to queue
[2026-03-23T03:23:20.744+0000] {logging_mixin.py:188} INFO - [2026-03-23T03:23:20.743+0000] {dagbag.py:538} INFO - Filling up the DagBag from /opt/airflow/dags/crawl_crypto_prices.py
[2026-03-23T03:23:20.755+0000] {processor.py:840} INFO - DAG(s) 'crawl_crypto_prices' retrieved from /opt/airflow/dags/crawl_crypto_prices.py
[2026-03-23T03:23:20.775+0000] {logging_mixin.py:188} INFO - [2026-03-23T03:23:20.775+0000] {dag.py:3036} INFO - Sync 1 DAGs
[2026-03-23T03:23:20.786+0000] {logging_mixin.py:188} INFO - [2026-03-23T03:23:20.786+0000] {dag.py:3823} INFO - Setting next_dagrun for crawl_crypto_prices to 2026-03-23 03:00:00+00:00, run_after=2026-03-23 04:00:00+00:00
[2026-03-23T03:23:20.794+0000] {processor.py:183} INFO - Processing /opt/airflow/dags/crawl_crypto_prices.py took 0.055 seconds
[2026-03-23T03:23:51.030+0000] {processor.py:161} INFO - Started process (PID=8720) to work on /opt/airflow/dags/crawl_crypto_prices.py
[2026-03-23T03:23:51.031+0000] {processor.py:830} INFO - Processing file /opt/airflow/dags/crawl_crypto_prices.py for tasks to queue
[2026-03-23T03:23:51.032+0000] {logging_mixin.py:188} INFO - [2026-03-23T03:23:51.031+0000] {dagbag.py:538} INFO - Filling up the DagBag from /opt/airflow/dags/crawl_crypto_prices.py
[2026-03-23T03:23:51.042+0000] {processor.py:840} INFO - DAG(s) 'crawl_crypto_prices' retrieved from /opt/airflow/dags/crawl_crypto_prices.py
[2026-03-23T03:23:51.062+0000] {logging_mixin.py:188} INFO - [2026-03-23T03:23:51.062+0000] {dag.py:3036} INFO - Sync 1 DAGs
[2026-03-23T03:23:51.072+0000] {logging_mixin.py:188} INFO - [2026-03-23T03:23:51.072+0000] {dag.py:3823} INFO - Setting next_dagrun for crawl_crypto_prices to 2026-03-23 03:00:00+00:00, run_after=2026-03-23 04:00:00+00:00
[2026-03-23T03:23:51.078+0000] {processor.py:183} INFO - Processing /opt/airflow/dags/crawl_crypto_prices.py took 0.051 seconds
[2026-03-23T03:24:21.323+0000] {processor.py:161} INFO - Started process (PID=8725) to work on /opt/airflow/dags/crawl_crypto_prices.py
[2026-03-23T03:24:21.325+0000] {processor.py:830} INFO - Processing file /opt/airflow/dags/crawl_crypto_prices.py for tasks to queue
[2026-03-23T03:24:21.326+0000] {logging_mixin.py:188} INFO - [2026-03-23T03:24:21.325+0000] {dagbag.py:538} INFO - Filling up the DagBag from /opt/airflow/dags/crawl_crypto_prices.py
[2026-03-23T03:24:21.337+0000] {processor.py:840} INFO - DAG(s) 'crawl_crypto_prices' retrieved from /opt/airflow/dags/crawl_crypto_prices.py
[2026-03-23T03:24:21.358+0000] {logging_mixin.py:188} INFO - [2026-03-23T03:24:21.358+0000] {dag.py:3036} INFO - Sync 1 DAGs
[2026-03-23T03:24:21.370+0000] {logging_mixin.py:188} INFO - [2026-03-23T03:24:21.369+0000] {dag.py:3823} INFO - Setting next_dagrun for crawl_crypto_prices to 2026-03-23 03:00:00+00:00, run_after=2026-03-23 04:00:00+00:00
[2026-03-23T03:24:21.376+0000] {processor.py:183} INFO - Processing /opt/airflow/dags/crawl_crypto_prices.py took 0.056 seconds
[2026-03-23T03:24:51.608+0000] {processor.py:161} INFO - Started process (PID=8730) to work on /opt/airflow/dags/crawl_crypto_prices.py
[2026-03-23T03:24:51.609+0000] {processor.py:830} INFO - Processing file /opt/airflow/dags/crawl_crypto_prices.py for tasks to queue
[2026-03-23T03:24:51.609+0000] {logging_mixin.py:188} INFO - [2026-03-23T03:24:51.609+0000] {dagbag.py:538} INFO - Filling up the DagBag from /opt/airflow/dags/crawl_crypto_prices.py
[2026-03-23T03:24:51.620+0000] {processor.py:840} INFO - DAG(s) 'crawl_crypto_prices' retrieved from /opt/airflow/dags/crawl_crypto_prices.py
[2026-03-23T03:24:51.638+0000] {logging_mixin.py:188} INFO - [2026-03-23T03:24:51.638+0000] {dag.py:3036} INFO - Sync 1 DAGs
[2026-03-23T03:24:51.648+0000] {logging_mixin.py:188} INFO - [2026-03-23T03:24:51.648+0000] {dag.py:3823} INFO - Setting next_dagrun for crawl_crypto_prices to 2026-03-23 03:00:00+00:00, run_after=2026-03-23 04:00:00+00:00
[2026-03-23T03:24:51.654+0000] {processor.py:183} INFO - Processing /opt/airflow/dags/crawl_crypto_prices.py took 0.049 seconds
[2026-03-23T03:25:21.910+0000] {processor.py:161} INFO - Started process (PID=8735) to work on /opt/airflow/dags/crawl_crypto_prices.py
[2026-03-23T03:25:21.911+0000] {processor.py:830} INFO - Processing file /opt/airflow/dags/crawl_crypto_prices.py for tasks to queue
[2026-03-23T03:25:21.912+0000] {logging_mixin.py:188} INFO - [2026-03-23T03:25:21.911+0000] {dagbag.py:538} INFO - Filling up the DagBag from /opt/airflow/dags/crawl_crypto_prices.py
[2026-03-23T03:25:21.922+0000] {processor.py:840} INFO - DAG(s) 'crawl_crypto_prices' retrieved from /opt/airflow/dags/crawl_crypto_prices.py
[2026-03-23T03:25:21.941+0000] {logging_mixin.py:188} INFO - [2026-03-23T03:25:21.941+0000] {dag.py:3036} INFO - Sync 1 DAGs
[2026-03-23T03:25:21.952+0000] {logging_mixin.py:188} INFO - [2026-03-23T03:25:21.952+0000] {dag.py:3823} INFO - Setting next_dagrun for crawl_crypto_prices to 2026-03-23 03:00:00+00:00, run_after=2026-03-23 04:00:00+00:00
[2026-03-23T03:25:21.958+0000] {processor.py:183} INFO - Processing /opt/airflow/dags/crawl_crypto_prices.py took 0.051 seconds
[2026-03-23T03:25:52.231+0000] {processor.py:161} INFO - Started process (PID=8740) to work on /opt/airflow/dags/crawl_crypto_prices.py
[2026-03-23T03:25:52.232+0000] {processor.py:830} INFO - Processing file /opt/airflow/dags/crawl_crypto_prices.py for tasks to queue
[2026-03-23T03:25:52.233+0000] {logging_mixin.py:188} INFO - [2026-03-23T03:25:52.233+0000] {dagbag.py:538} INFO - Filling up the DagBag from /opt/airflow/dags/crawl_crypto_prices.py
[2026-03-23T03:25:52.243+0000] {processor.py:840} INFO - DAG(s) 'crawl_crypto_prices' retrieved from /opt/airflow/dags/crawl_crypto_prices.py
[2026-03-23T03:25:52.268+0000] {logging_mixin.py:188} INFO - [2026-03-23T03:25:52.268+0000] {dag.py:3036} INFO - Sync 1 DAGs
[2026-03-23T03:25:52.281+0000] {logging_mixin.py:188} INFO - [2026-03-23T03:25:52.281+0000] {dag.py:3823} INFO - Setting next_dagrun for crawl_crypto_prices to 2026-03-23 03:00:00+00:00, run_after=2026-03-23 04:00:00+00:00
[2026-03-23T03:25:52.288+0000] {processor.py:183} INFO - Processing /opt/airflow/dags/crawl_crypto_prices.py took 0.059 seconds
[2026-03-23T03:26:22.522+0000] {processor.py:161} INFO - Started process (PID=8745) to work on /opt/airflow/dags/crawl_crypto_prices.py
[2026-03-23T03:26:22.522+0000] {processor.py:830} INFO - Processing file /opt/airflow/dags/crawl_crypto_prices.py for tasks to queue
[2026-03-23T03:26:22.523+0000] {logging_mixin.py:188} INFO - [2026-03-23T03:26:22.523+0000] {dagbag.py:538} INFO - Filling up the DagBag from /opt/airflow/dags/crawl_crypto_prices.py
[2026-03-23T03:26:22.529+0000] {processor.py:840} INFO - DAG(s) 'crawl_crypto_prices' retrieved from /opt/airflow/dags/crawl_crypto_prices.py
[2026-03-23T03:26:22.542+0000] {logging_mixin.py:188} INFO - [2026-03-23T03:26:22.542+0000] {dag.py:3036} INFO - Sync 1 DAGs
[2026-03-23T03:26:22.551+0000] {logging_mixin.py:188} INFO - [2026-03-23T03:26:22.551+0000] {dag.py:3823} INFO - Setting next_dagrun for crawl_crypto_prices to 2026-03-23 03:00:00+00:00, run_after=2026-03-23 04:00:00+00:00
[2026-03-23T03:26:22.557+0000] {processor.py:183} INFO - Processing /opt/airflow/dags/crawl_crypto_prices.py took 0.037 seconds
[2026-03-23T03:26:52.837+0000] {processor.py:161} INFO - Started process (PID=8750) to work on /opt/airflow/dags/crawl_crypto_prices.py
[2026-03-23T03:26:52.838+0000] {processor.py:830} INFO - Processing file /opt/airflow/dags/crawl_crypto_prices.py for tasks to queue
[2026-03-23T03:26:52.839+0000] {logging_mixin.py:188} INFO - [2026-03-23T03:26:52.839+0000] {dagbag.py:538} INFO - Filling up the DagBag from /opt/airflow/dags/crawl_crypto_prices.py
[2026-03-23T03:26:52.849+0000] {processor.py:840} INFO - DAG(s) 'crawl_crypto_prices' retrieved from /opt/airflow/dags/crawl_crypto_prices.py
[2026-03-23T03:26:52.869+0000] {logging_mixin.py:188} INFO - [2026-03-23T03:26:52.869+0000] {dag.py:3036} INFO - Sync 1 DAGs
[2026-03-23T03:26:52.880+0000] {logging_mixin.py:188} INFO - [2026-03-23T03:26:52.880+0000] {dag.py:3823} INFO - Setting next_dagrun for crawl_crypto_prices to 2026-03-23 03:00:00+00:00, run_after=2026-03-23 04:00:00+00:00
[2026-03-23T03:26:52.887+0000] {processor.py:183} INFO - Processing /opt/airflow/dags/crawl_crypto_prices.py took 0.053 seconds
[2026-03-23T03:27:23.137+0000] {processor.py:161} INFO - Started process (PID=8755) to work on /opt/airflow/dags/crawl_crypto_prices.py
[2026-03-23T03:27:23.138+0000] {processor.py:830} INFO - Processing file /opt/airflow/dags/crawl_crypto_prices.py for tasks to queue
[2026-03-23T03:27:23.139+0000] {logging_mixin.py:188} INFO - [2026-03-23T03:27:23.139+0000] {dagbag.py:538} INFO - Filling up the DagBag from /opt/airflow/dags/crawl_crypto_prices.py
[2026-03-23T03:27:23.150+0000] {processor.py:840} INFO - DAG(s) 'crawl_crypto_prices' retrieved from /opt/airflow/dags/crawl_crypto_prices.py
[2026-03-23T03:27:23.168+0000] {logging_mixin.py:188} INFO - [2026-03-23T03:27:23.168+0000] {dag.py:3036} INFO - Sync 1 DAGs
[2026-03-23T03:27:23.180+0000] {logging_mixin.py:188} INFO - [2026-03-23T03:27:23.180+0000] {dag.py:3823} INFO - Setting next_dagrun for crawl_crypto_prices to 2026-03-23 03:00:00+00:00, run_after=2026-03-23 04:00:00+00:00
[2026-03-23T03:27:23.186+0000] {processor.py:183} INFO - Processing /opt/airflow/dags/crawl_crypto_prices.py took 0.052 seconds
[2026-03-23T03:27:53.463+0000] {processor.py:161} INFO - Started process (PID=8760) to work on /opt/airflow/dags/crawl_crypto_prices.py
[2026-03-23T03:27:53.463+0000] {processor.py:830} INFO - Processing file /opt/airflow/dags/crawl_crypto_prices.py for tasks to queue
[2026-03-23T03:27:53.464+0000] {logging_mixin.py:188} INFO - [2026-03-23T03:27:53.464+0000] {dagbag.py:538} INFO - Filling up the DagBag from /opt/airflow/dags/crawl_crypto_prices.py
[2026-03-23T03:27:53.475+0000] {processor.py:840} INFO - DAG(s) 'crawl_crypto_prices' retrieved from /opt/airflow/dags/crawl_crypto_prices.py
[2026-03-23T03:27:53.493+0000] {logging_mixin.py:188} INFO - [2026-03-23T03:27:53.493+0000] {dag.py:3036} INFO - Sync 1 DAGs
[2026-03-23T03:27:53.503+0000] {logging_mixin.py:188} INFO - [2026-03-23T03:27:53.503+0000] {dag.py:3823} INFO - Setting next_dagrun for crawl_crypto_prices to 2026-03-23 03:00:00+00:00, run_after=2026-03-23 04:00:00+00:00
[2026-03-23T03:27:53.509+0000] {processor.py:183} INFO - Processing /opt/airflow/dags/crawl_crypto_prices.py took 0.049 seconds
[2026-03-23T03:28:23.794+0000] {processor.py:161} INFO - Started process (PID=8765) to work on /opt/airflow/dags/crawl_crypto_prices.py
[2026-03-23T03:28:23.796+0000] {processor.py:830} INFO - Processing file /opt/airflow/dags/crawl_crypto_prices.py for tasks to queue
[2026-03-23T03:28:23.796+0000] {logging_mixin.py:188} INFO - [2026-03-23T03:28:23.796+0000] {dagbag.py:538} INFO - Filling up the DagBag from /opt/airflow/dags/crawl_crypto_prices.py
[2026-03-23T03:28:23.810+0000] {processor.py:840} INFO - DAG(s) 'crawl_crypto_prices' retrieved from /opt/airflow/dags/crawl_crypto_prices.py
[2026-03-23T03:28:23.832+0000] {logging_mixin.py:188} INFO - [2026-03-23T03:28:23.832+0000] {dag.py:3036} INFO - Sync 1 DAGs
[2026-03-23T03:28:23.843+0000] {logging_mixin.py:188} INFO - [2026-03-23T03:28:23.843+0000] {dag.py:3823} INFO - Setting next_dagrun for crawl_crypto_prices to 2026-03-23 03:00:00+00:00, run_after=2026-03-23 04:00:00+00:00
[2026-03-23T03:28:23.849+0000] {processor.py:183} INFO - Processing /opt/airflow/dags/crawl_crypto_prices.py took 0.059 seconds
[2026-03-23T03:28:54.104+0000] {processor.py:161} INFO - Started process (PID=8770) to work on /opt/airflow/dags/crawl_crypto_prices.py
[2026-03-23T03:28:54.105+0000] {processor.py:830} INFO - Processing file /opt/airflow/dags/crawl_crypto_prices.py for tasks to queue
[2026-03-23T03:28:54.106+0000] {logging_mixin.py:188} INFO - [2026-03-23T03:28:54.106+0000] {dagbag.py:538} INFO - Filling up the DagBag from /opt/airflow/dags/crawl_crypto_prices.py
[2026-03-23T03:28:54.117+0000] {processor.py:840} INFO - DAG(s) 'crawl_crypto_prices' retrieved from /opt/airflow/dags/crawl_crypto_prices.py
[2026-03-23T03:28:54.138+0000] {logging_mixin.py:188} INFO - [2026-03-23T03:28:54.138+0000] {dag.py:3036} INFO - Sync 1 DAGs
[2026-03-23T03:28:54.148+0000] {logging_mixin.py:188} INFO - [2026-03-23T03:28:54.148+0000] {dag.py:3823} INFO - Setting next_dagrun for crawl_crypto_prices to 2026-03-23 03:00:00+00:00, run_after=2026-03-23 04:00:00+00:00
[2026-03-23T03:28:54.155+0000] {processor.py:183} INFO - Processing /opt/airflow/dags/crawl_crypto_prices.py took 0.053 seconds
[2026-03-23T03:29:24.440+0000] {processor.py:161} INFO - Started process (PID=8775) to work on /opt/airflow/dags/crawl_crypto_prices.py
[2026-03-23T03:29:24.441+0000] {processor.py:830} INFO - Processing file /opt/airflow/dags/crawl_crypto_prices.py for tasks to queue
[2026-03-23T03:29:24.442+0000] {logging_mixin.py:188} INFO - [2026-03-23T03:29:24.442+0000] {dagbag.py:538} INFO - Filling up the DagBag from /opt/airflow/dags/crawl_crypto_prices.py
[2026-03-23T03:29:24.453+0000] {processor.py:840} INFO - DAG(s) 'crawl_crypto_prices' retrieved from /opt/airflow/dags/crawl_crypto_prices.py
[2026-03-23T03:29:24.472+0000] {logging_mixin.py:188} INFO - [2026-03-23T03:29:24.472+0000] {dag.py:3036} INFO - Sync 1 DAGs
[2026-03-23T03:29:24.483+0000] {logging_mixin.py:188} INFO - [2026-03-23T03:29:24.483+0000] {dag.py:3823} INFO - Setting next_dagrun for crawl_crypto_prices to 2026-03-23 03:00:00+00:00, run_after=2026-03-23 04:00:00+00:00
[2026-03-23T03:29:24.489+0000] {processor.py:183} INFO - Processing /opt/airflow/dags/crawl_crypto_prices.py took 0.052 seconds
[2026-03-23T03:29:54.752+0000] {processor.py:161} INFO - Started process (PID=8780) to work on /opt/airflow/dags/crawl_crypto_prices.py
[2026-03-23T03:29:54.753+0000] {processor.py:830} INFO - Processing file /opt/airflow/dags/crawl_crypto_prices.py for tasks to queue
[2026-03-23T03:29:54.754+0000] {logging_mixin.py:188} INFO - [2026-03-23T03:29:54.754+0000] {dagbag.py:538} INFO - Filling up the DagBag from /opt/airflow/dags/crawl_crypto_prices.py
[2026-03-23T03:29:54.764+0000] {processor.py:840} INFO - DAG(s) 'crawl_crypto_prices' retrieved from /opt/airflow/dags/crawl_crypto_prices.py
[2026-03-23T03:29:54.783+0000] {logging_mixin.py:188} INFO - [2026-03-23T03:29:54.783+0000] {dag.py:3036} INFO - Sync 1 DAGs
[2026-03-23T03:29:54.792+0000] {logging_mixin.py:188} INFO - [2026-03-23T03:29:54.792+0000] {dag.py:3823} INFO - Setting next_dagrun for crawl_crypto_prices to 2026-03-23 03:00:00+00:00, run_after=2026-03-23 04:00:00+00:00
[2026-03-23T03:29:54.799+0000] {processor.py:183} INFO - Processing /opt/airflow/dags/crawl_crypto_prices.py took 0.050 seconds
[2026-03-23T03:30:25.072+0000] {processor.py:161} INFO - Started process (PID=8785) to work on /opt/airflow/dags/crawl_crypto_prices.py
[2026-03-23T03:30:25.074+0000] {processor.py:830} INFO - Processing file /opt/airflow/dags/crawl_crypto_prices.py for tasks to queue
[2026-03-23T03:30:25.075+0000] {logging_mixin.py:188} INFO - [2026-03-23T03:30:25.074+0000] {dagbag.py:538} INFO - Filling up the DagBag from /opt/airflow/dags/crawl_crypto_prices.py
[2026-03-23T03:30:25.086+0000] {processor.py:840} INFO - DAG(s) 'crawl_crypto_prices' retrieved from /opt/airflow/dags/crawl_crypto_prices.py
[2026-03-23T03:30:25.105+0000] {logging_mixin.py:188} INFO - [2026-03-23T03:30:25.105+0000] {dag.py:3036} INFO - Sync 1 DAGs
[2026-03-23T03:30:25.116+0000] {logging_mixin.py:188} INFO - [2026-03-23T03:30:25.116+0000] {dag.py:3823} INFO - Setting next_dagrun for crawl_crypto_prices to 2026-03-23 03:00:00+00:00, run_after=2026-03-23 04:00:00+00:00
[2026-03-23T03:30:25.122+0000] {processor.py:183} INFO - Processing /opt/airflow/dags/crawl_crypto_prices.py took 0.054 seconds
[2026-03-23T03:30:55.425+0000] {processor.py:161} INFO - Started process (PID=8790) to work on /opt/airflow/dags/crawl_crypto_prices.py
[2026-03-23T03:30:55.427+0000] {processor.py:830} INFO - Processing file /opt/airflow/dags/crawl_crypto_prices.py for tasks to queue
[2026-03-23T03:30:55.428+0000] {logging_mixin.py:188} INFO - [2026-03-23T03:30:55.427+0000] {dagbag.py:538} INFO - Filling up the DagBag from /opt/airflow/dags/crawl_crypto_prices.py
[2026-03-23T03:30:55.438+0000] {processor.py:840} INFO - DAG(s) 'crawl_crypto_prices' retrieved from /opt/airflow/dags/crawl_crypto_prices.py
[2026-03-23T03:30:55.462+0000] {logging_mixin.py:188} INFO - [2026-03-23T03:30:55.462+0000] {dag.py:3036} INFO - Sync 1 DAGs
[2026-03-23T03:30:55.474+0000] {logging_mixin.py:188} INFO - [2026-03-23T03:30:55.474+0000] {dag.py:3823} INFO - Setting next_dagrun for crawl_crypto_prices to 2026-03-23 03:00:00+00:00, run_after=2026-03-23 04:00:00+00:00
[2026-03-23T03:30:55.481+0000] {processor.py:183} INFO - Processing /opt/airflow/dags/crawl_crypto_prices.py took 0.059 seconds
[2026-03-23T03:31:25.763+0000] {processor.py:161} INFO - Started process (PID=8795) to work on /opt/airflow/dags/crawl_crypto_prices.py
[2026-03-23T03:31:25.764+0000] {processor.py:830} INFO - Processing file /opt/airflow/dags/crawl_crypto_prices.py for tasks to queue
[2026-03-23T03:31:25.765+0000] {logging_mixin.py:188} INFO - [2026-03-23T03:31:25.765+0000] {dagbag.py:538} INFO - Filling up the DagBag from /opt/airflow/dags/crawl_crypto_prices.py
[2026-03-23T03:31:25.777+0000] {processor.py:840} INFO - DAG(s) 'crawl_crypto_prices' retrieved from /opt/airflow/dags/crawl_crypto_prices.py
[2026-03-23T03:31:25.799+0000] {logging_mixin.py:188} INFO - [2026-03-23T03:31:25.799+0000] {dag.py:3036} INFO - Sync 1 DAGs
[2026-03-23T03:31:25.812+0000] {logging_mixin.py:188} INFO - [2026-03-23T03:31:25.812+0000] {dag.py:3823} INFO - Setting next_dagrun for crawl_crypto_prices to 2026-03-23 03:00:00+00:00, run_after=2026-03-23 04:00:00+00:00
[2026-03-23T03:31:25.818+0000] {processor.py:183} INFO - Processing /opt/airflow/dags/crawl_crypto_prices.py took 0.059 seconds
[2026-03-23T03:31:56.060+0000] {processor.py:161} INFO - Started process (PID=8800) to work on /opt/airflow/dags/crawl_crypto_prices.py
[2026-03-23T03:31:56.061+0000] {processor.py:830} INFO - Processing file /opt/airflow/dags/crawl_crypto_prices.py for tasks to queue
[2026-03-23T03:31:56.061+0000] {logging_mixin.py:188} INFO - [2026-03-23T03:31:56.061+0000] {dagbag.py:538} INFO - Filling up the DagBag from /opt/airflow/dags/crawl_crypto_prices.py
[2026-03-23T03:31:56.072+0000] {processor.py:840} INFO - DAG(s) 'crawl_crypto_prices' retrieved from /opt/airflow/dags/crawl_crypto_prices.py
[2026-03-23T03:31:56.091+0000] {logging_mixin.py:188} INFO - [2026-03-23T03:31:56.091+0000] {dag.py:3036} INFO - Sync 1 DAGs
[2026-03-23T03:31:56.100+0000] {logging_mixin.py:188} INFO - [2026-03-23T03:31:56.100+0000] {dag.py:3823} INFO - Setting next_dagrun for crawl_crypto_prices to 2026-03-23 03:00:00+00:00, run_after=2026-03-23 04:00:00+00:00
[2026-03-23T03:31:56.107+0000] {processor.py:183} INFO - Processing /opt/airflow/dags/crawl_crypto_prices.py took 0.050 seconds
[2026-03-23T03:32:26.381+0000] {processor.py:161} INFO - Started process (PID=8805) to work on /opt/airflow/dags/crawl_crypto_prices.py
[2026-03-23T03:32:26.382+0000] {processor.py:830} INFO - Processing file /opt/airflow/dags/crawl_crypto_prices.py for tasks to queue
[2026-03-23T03:32:26.383+0000] {logging_mixin.py:188} INFO - [2026-03-23T03:32:26.383+0000] {dagbag.py:538} INFO - Filling up the DagBag from /opt/airflow/dags/crawl_crypto_prices.py
[2026-03-23T03:32:26.393+0000] {processor.py:840} INFO - DAG(s) 'crawl_crypto_prices' retrieved from /opt/airflow/dags/crawl_crypto_prices.py
[2026-03-23T03:32:26.412+0000] {logging_mixin.py:188} INFO - [2026-03-23T03:32:26.411+0000] {dag.py:3036} INFO - Sync 1 DAGs
[2026-03-23T03:32:26.424+0000] {logging_mixin.py:188} INFO - [2026-03-23T03:32:26.424+0000] {dag.py:3823} INFO - Setting next_dagrun for crawl_crypto_prices to 2026-03-23 03:00:00+00:00, run_after=2026-03-23 04:00:00+00:00
[2026-03-23T03:32:26.431+0000] {processor.py:183} INFO - Processing /opt/airflow/dags/crawl_crypto_prices.py took 0.054 seconds
[2026-03-23T03:32:56.667+0000] {processor.py:161} INFO - Started process (PID=8810) to work on /opt/airflow/dags/crawl_crypto_prices.py
[2026-03-23T03:32:56.668+0000] {processor.py:830} INFO - Processing file /opt/airflow/dags/crawl_crypto_prices.py for tasks to queue
[2026-03-23T03:32:56.669+0000] {logging_mixin.py:188} INFO - [2026-03-23T03:32:56.669+0000] {dagbag.py:538} INFO - Filling up the DagBag from /opt/airflow/dags/crawl_crypto_prices.py
[2026-03-23T03:32:56.679+0000] {processor.py:840} INFO - DAG(s) 'crawl_crypto_prices' retrieved from /opt/airflow/dags/crawl_crypto_prices.py
[2026-03-23T03:32:56.698+0000] {logging_mixin.py:188} INFO - [2026-03-23T03:32:56.697+0000] {dag.py:3036} INFO - Sync 1 DAGs
[2026-03-23T03:32:56.712+0000] {logging_mixin.py:188} INFO - [2026-03-23T03:32:56.712+0000] {dag.py:3823} INFO - Setting next_dagrun for crawl_crypto_prices to 2026-03-23 03:00:00+00:00, run_after=2026-03-23 04:00:00+00:00
[2026-03-23T03:32:56.720+0000] {processor.py:183} INFO - Processing /opt/airflow/dags/crawl_crypto_prices.py took 0.056 seconds
[2026-03-23T03:33:26.961+0000] {processor.py:161} INFO - Started process (PID=8815) to work on /opt/airflow/dags/crawl_crypto_prices.py
[2026-03-23T03:33:26.962+0000] {processor.py:830} INFO - Processing file /opt/airflow/dags/crawl_crypto_prices.py for tasks to queue
[2026-03-23T03:33:26.963+0000] {logging_mixin.py:188} INFO - [2026-03-23T03:33:26.963+0000] {dagbag.py:538} INFO - Filling up the DagBag from /opt/airflow/dags/crawl_crypto_prices.py
[2026-03-23T03:33:26.977+0000] {processor.py:840} INFO - DAG(s) 'crawl_crypto_prices' retrieved from /opt/airflow/dags/crawl_crypto_prices.py
[2026-03-23T03:33:26.998+0000] {logging_mixin.py:188} INFO - [2026-03-23T03:33:26.998+0000] {dag.py:3036} INFO - Sync 1 DAGs
[2026-03-23T03:33:27.010+0000] {logging_mixin.py:188} INFO - [2026-03-23T03:33:27.009+0000] {dag.py:3823} INFO - Setting next_dagrun for crawl_crypto_prices to 2026-03-23 03:00:00+00:00, run_after=2026-03-23 04:00:00+00:00
[2026-03-23T03:33:27.016+0000] {processor.py:183} INFO - Processing /opt/airflow/dags/crawl_crypto_prices.py took 0.058 seconds
[2026-03-23T03:33:57.292+0000] {processor.py:161} INFO - Started process (PID=8820) to work on /opt/airflow/dags/crawl_crypto_prices.py
[2026-03-23T03:33:57.293+0000] {processor.py:830} INFO - Processing file /opt/airflow/dags/crawl_crypto_prices.py for tasks to queue
[2026-03-23T03:33:57.294+0000] {logging_mixin.py:188} INFO - [2026-03-23T03:33:57.293+0000] {dagbag.py:538} INFO - Filling up the DagBag from /opt/airflow/dags/crawl_crypto_prices.py
[2026-03-23T03:33:57.304+0000] {processor.py:840} INFO - DAG(s) 'crawl_crypto_prices' retrieved from /opt/airflow/dags/crawl_crypto_prices.py
[2026-03-23T03:33:57.324+0000] {logging_mixin.py:188} INFO - [2026-03-23T03:33:57.324+0000] {dag.py:3036} INFO - Sync 1 DAGs
[2026-03-23T03:33:57.338+0000] {logging_mixin.py:188} INFO - [2026-03-23T03:33:57.338+0000] {dag.py:3823} INFO - Setting next_dagrun for crawl_crypto_prices to 2026-03-23 03:00:00+00:00, run_after=2026-03-23 04:00:00+00:00
[2026-03-23T03:33:57.345+0000] {processor.py:183} INFO - Processing /opt/airflow/dags/crawl_crypto_prices.py took 0.057 seconds
[2026-03-23T03:34:27.578+0000] {processor.py:161} INFO - Started process (PID=8825) to work on /opt/airflow/dags/crawl_crypto_prices.py
[2026-03-23T03:34:27.579+0000] {processor.py:830} INFO - Processing file /opt/airflow/dags/crawl_crypto_prices.py for tasks to queue
[2026-03-23T03:34:27.579+0000] {logging_mixin.py:188} INFO - [2026-03-23T03:34:27.579+0000] {dagbag.py:538} INFO - Filling up the DagBag from /opt/airflow/dags/crawl_crypto_prices.py
[2026-03-23T03:34:27.589+0000] {processor.py:840} INFO - DAG(s) 'crawl_crypto_prices' retrieved from /opt/airflow/dags/crawl_crypto_prices.py
[2026-03-23T03:34:27.608+0000] {logging_mixin.py:188} INFO - [2026-03-23T03:34:27.607+0000] {dag.py:3036} INFO - Sync 1 DAGs
[2026-03-23T03:34:27.617+0000] {logging_mixin.py:188} INFO - [2026-03-23T03:34:27.617+0000] {dag.py:3823} INFO - Setting next_dagrun for crawl_crypto_prices to 2026-03-23 03:00:00+00:00, run_after=2026-03-23 04:00:00+00:00
[2026-03-23T03:34:27.623+0000] {processor.py:183} INFO - Processing /opt/airflow/dags/crawl_crypto_prices.py took 0.048 seconds
[2026-03-23T03:34:57.864+0000] {processor.py:161} INFO - Started process (PID=8830) to work on /opt/airflow/dags/crawl_crypto_prices.py
[2026-03-23T03:34:57.865+0000] {processor.py:830} INFO - Processing file /opt/airflow/dags/crawl_crypto_prices.py for tasks to queue
[2026-03-23T03:34:57.865+0000] {logging_mixin.py:188} INFO - [2026-03-23T03:34:57.865+0000] {dagbag.py:538} INFO - Filling up the DagBag from /opt/airflow/dags/crawl_crypto_prices.py
[2026-03-23T03:34:57.875+0000] {processor.py:840} INFO - DAG(s) 'crawl_crypto_prices' retrieved from /opt/airflow/dags/crawl_crypto_prices.py
[2026-03-23T03:34:57.892+0000] {logging_mixin.py:188} INFO - [2026-03-23T03:34:57.892+0000] {dag.py:3036} INFO - Sync 1 DAGs
[2026-03-23T03:34:57.902+0000] {logging_mixin.py:188} INFO - [2026-03-23T03:34:57.902+0000] {dag.py:3823} INFO - Setting next_dagrun for crawl_crypto_prices to 2026-03-23 03:00:00+00:00, run_after=2026-03-23 04:00:00+00:00
[2026-03-23T03:34:57.908+0000] {processor.py:183} INFO - Processing /opt/airflow/dags/crawl_crypto_prices.py took 0.047 seconds
[2026-03-23T03:35:28.146+0000] {processor.py:161} INFO - Started process (PID=8835) to work on /opt/airflow/dags/crawl_crypto_prices.py
[2026-03-23T03:35:28.147+0000] {processor.py:830} INFO - Processing file /opt/airflow/dags/crawl_crypto_prices.py for tasks to queue
[2026-03-23T03:35:28.148+0000] {logging_mixin.py:188} INFO - [2026-03-23T03:35:28.148+0000] {dagbag.py:538} INFO - Filling up the DagBag from /opt/airflow/dags/crawl_crypto_prices.py
[2026-03-23T03:35:28.158+0000] {processor.py:840} INFO - DAG(s) 'crawl_crypto_prices' retrieved from /opt/airflow/dags/crawl_crypto_prices.py
[2026-03-23T03:35:28.178+0000] {logging_mixin.py:188} INFO - [2026-03-23T03:35:28.177+0000] {dag.py:3036} INFO - Sync 1 DAGs
[2026-03-23T03:35:28.188+0000] {logging_mixin.py:188} INFO - [2026-03-23T03:35:28.188+0000] {dag.py:3823} INFO - Setting next_dagrun for crawl_crypto_prices to 2026-03-23 03:00:00+00:00, run_after=2026-03-23 04:00:00+00:00
[2026-03-23T03:35:28.195+0000] {processor.py:183} INFO - Processing /opt/airflow/dags/crawl_crypto_prices.py took 0.051 seconds
[2026-03-23T03:35:58.463+0000] {processor.py:161} INFO - Started process (PID=8840) to work on /opt/airflow/dags/crawl_crypto_prices.py
[2026-03-23T03:35:58.464+0000] {processor.py:830} INFO - Processing file /opt/airflow/dags/crawl_crypto_prices.py for tasks to queue
[2026-03-23T03:35:58.465+0000] {logging_mixin.py:188} INFO - [2026-03-23T03:35:58.465+0000] {dagbag.py:538} INFO - Filling up the DagBag from /opt/airflow/dags/crawl_crypto_prices.py
[2026-03-23T03:35:58.474+0000] {processor.py:840} INFO - DAG(s) 'crawl_crypto_prices' retrieved from /opt/airflow/dags/crawl_crypto_prices.py
[2026-03-23T03:35:58.490+0000] {logging_mixin.py:188} INFO - [2026-03-23T03:35:58.490+0000] {dag.py:3036} INFO - Sync 1 DAGs
[2026-03-23T03:35:58.501+0000] {logging_mixin.py:188} INFO - [2026-03-23T03:35:58.501+0000] {dag.py:3823} INFO - Setting next_dagrun for crawl_crypto_prices to 2026-03-23 03:00:00+00:00, run_after=2026-03-23 04:00:00+00:00
[2026-03-23T03:35:58.508+0000] {processor.py:183} INFO - Processing /opt/airflow/dags/crawl_crypto_prices.py took 0.049 seconds
[2026-03-23T03:36:28.803+0000] {processor.py:161} INFO - Started process (PID=8845) to work on /opt/airflow/dags/crawl_crypto_prices.py
[2026-03-23T03:36:28.804+0000] {processor.py:830} INFO - Processing file /opt/airflow/dags/crawl_crypto_prices.py for tasks to queue
[2026-03-23T03:36:28.805+0000] {logging_mixin.py:188} INFO - [2026-03-23T03:36:28.804+0000] {dagbag.py:538} INFO - Filling up the DagBag from /opt/airflow/dags/crawl_crypto_prices.py
[2026-03-23T03:36:28.814+0000] {processor.py:840} INFO - DAG(s) 'crawl_crypto_prices' retrieved from /opt/airflow/dags/crawl_crypto_prices.py
[2026-03-23T03:36:28.830+0000] {logging_mixin.py:188} INFO - [2026-03-23T03:36:28.830+0000] {dag.py:3036} INFO - Sync 1 DAGs
[2026-03-23T03:36:28.839+0000] {logging_mixin.py:188} INFO - [2026-03-23T03:36:28.839+0000] {dag.py:3823} INFO - Setting next_dagrun for crawl_crypto_prices to 2026-03-23 03:00:00+00:00, run_after=2026-03-23 04:00:00+00:00
[2026-03-23T03:36:28.846+0000] {processor.py:183} INFO - Processing /opt/airflow/dags/crawl_crypto_prices.py took 0.047 seconds
[2026-03-23T03:36:59.099+0000] {processor.py:161} INFO - Started process (PID=8850) to work on /opt/airflow/dags/crawl_crypto_prices.py
[2026-03-23T03:36:59.100+0000] {processor.py:830} INFO - Processing file /opt/airflow/dags/crawl_crypto_prices.py for tasks to queue
[2026-03-23T03:36:59.100+0000] {logging_mixin.py:188} INFO - [2026-03-23T03:36:59.100+0000] {dagbag.py:538} INFO - Filling up the DagBag from /opt/airflow/dags/crawl_crypto_prices.py
[2026-03-23T03:36:59.105+0000] {processor.py:840} INFO - DAG(s) 'crawl_crypto_prices' retrieved from /opt/airflow/dags/crawl_crypto_prices.py
[2026-03-23T03:36:59.116+0000] {logging_mixin.py:188} INFO - [2026-03-23T03:36:59.116+0000] {dag.py:3036} INFO - Sync 1 DAGs
[2026-03-23T03:36:59.124+0000] {logging_mixin.py:188} INFO - [2026-03-23T03:36:59.124+0000] {dag.py:3823} INFO - Setting next_dagrun for crawl_crypto_prices to 2026-03-23 03:00:00+00:00, run_after=2026-03-23 04:00:00+00:00
[2026-03-23T03:36:59.131+0000] {processor.py:183} INFO - Processing /opt/airflow/dags/crawl_crypto_prices.py took 0.033 seconds
[2026-03-23T03:37:29.416+0000] {processor.py:161} INFO - Started process (PID=8855) to work on /opt/airflow/dags/crawl_crypto_prices.py
[2026-03-23T03:37:29.417+0000] {processor.py:830} INFO - Processing file /opt/airflow/dags/crawl_crypto_prices.py for tasks to queue
[2026-03-23T03:37:29.418+0000] {logging_mixin.py:188} INFO - [2026-03-23T03:37:29.417+0000] {dagbag.py:538} INFO - Filling up the DagBag from /opt/airflow/dags/crawl_crypto_prices.py
[2026-03-23T03:37:29.425+0000] {processor.py:840} INFO - DAG(s) 'crawl_crypto_prices' retrieved from /opt/airflow/dags/crawl_crypto_prices.py
[2026-03-23T03:37:29.439+0000] {logging_mixin.py:188} INFO - [2026-03-23T03:37:29.439+0000] {dag.py:3036} INFO - Sync 1 DAGs
[2026-03-23T03:37:29.450+0000] {logging_mixin.py:188} INFO - [2026-03-23T03:37:29.450+0000] {dag.py:3823} INFO - Setting next_dagrun for crawl_crypto_prices to 2026-03-23 03:00:00+00:00, run_after=2026-03-23 04:00:00+00:00
[2026-03-23T03:37:29.458+0000] {processor.py:183} INFO - Processing /opt/airflow/dags/crawl_crypto_prices.py took 0.044 seconds
[2026-03-23T03:37:59.740+0000] {processor.py:161} INFO - Started process (PID=8860) to work on /opt/airflow/dags/crawl_crypto_prices.py
[2026-03-23T03:37:59.742+0000] {processor.py:830} INFO - Processing file /opt/airflow/dags/crawl_crypto_prices.py for tasks to queue
[2026-03-23T03:37:59.742+0000] {logging_mixin.py:188} INFO - [2026-03-23T03:37:59.742+0000] {dagbag.py:538} INFO - Filling up the DagBag from /opt/airflow/dags/crawl_crypto_prices.py
[2026-03-23T03:37:59.753+0000] {processor.py:840} INFO - DAG(s) 'crawl_crypto_prices' retrieved from /opt/airflow/dags/crawl_crypto_prices.py
[2026-03-23T03:37:59.773+0000] {logging_mixin.py:188} INFO - [2026-03-23T03:37:59.773+0000] {dag.py:3036} INFO - Sync 1 DAGs
[2026-03-23T03:37:59.783+0000] {logging_mixin.py:188} INFO - [2026-03-23T03:37:59.783+0000] {dag.py:3823} INFO - Setting next_dagrun for crawl_crypto_prices to 2026-03-23 03:00:00+00:00, run_after=2026-03-23 04:00:00+00:00
[2026-03-23T03:37:59.790+0000] {processor.py:183} INFO - Processing /opt/airflow/dags/crawl_crypto_prices.py took 0.052 seconds
[2026-03-23T03:38:30.062+0000] {processor.py:161} INFO - Started process (PID=8865) to work on /opt/airflow/dags/crawl_crypto_prices.py
[2026-03-23T03:38:30.064+0000] {processor.py:830} INFO - Processing file /opt/airflow/dags/crawl_crypto_prices.py for tasks to queue
[2026-03-23T03:38:30.064+0000] {logging_mixin.py:188} INFO - [2026-03-23T03:38:30.064+0000] {dagbag.py:538} INFO - Filling up the DagBag from /opt/airflow/dags/crawl_crypto_prices.py
[2026-03-23T03:38:30.076+0000] {processor.py:840} INFO - DAG(s) 'crawl_crypto_prices' retrieved from /opt/airflow/dags/crawl_crypto_prices.py
[2026-03-23T03:38:30.096+0000] {logging_mixin.py:188} INFO - [2026-03-23T03:38:30.095+0000] {dag.py:3036} INFO - Sync 1 DAGs
[2026-03-23T03:38:30.108+0000] {logging_mixin.py:188} INFO - [2026-03-23T03:38:30.108+0000] {dag.py:3823} INFO - Setting next_dagrun for crawl_crypto_prices to 2026-03-23 03:00:00+00:00, run_after=2026-03-23 04:00:00+00:00
[2026-03-23T03:38:30.118+0000] {processor.py:183} INFO - Processing /opt/airflow/dags/crawl_crypto_prices.py took 0.059 seconds
[2026-03-23T03:39:00.380+0000] {processor.py:161} INFO - Started process (PID=8870) to work on /opt/airflow/dags/crawl_crypto_prices.py
[2026-03-23T03:39:00.382+0000] {processor.py:830} INFO - Processing file /opt/airflow/dags/crawl_crypto_prices.py for tasks to queue
[2026-03-23T03:39:00.383+0000] {logging_mixin.py:188} INFO - [2026-03-23T03:39:00.382+0000] {dagbag.py:538} INFO - Filling up the DagBag from /opt/airflow/dags/crawl_crypto_prices.py
[2026-03-23T03:39:00.393+0000] {processor.py:840} INFO - DAG(s) 'crawl_crypto_prices' retrieved from /opt/airflow/dags/crawl_crypto_prices.py
[2026-03-23T03:39:00.412+0000] {logging_mixin.py:188} INFO - [2026-03-23T03:39:00.411+0000] {dag.py:3036} INFO - Sync 1 DAGs
[2026-03-23T03:39:00.422+0000] {logging_mixin.py:188} INFO - [2026-03-23T03:39:00.422+0000] {dag.py:3823} INFO - Setting next_dagrun for crawl_crypto_prices to 2026-03-23 03:00:00+00:00, run_after=2026-03-23 04:00:00+00:00
[2026-03-23T03:39:00.428+0000] {processor.py:183} INFO - Processing /opt/airflow/dags/crawl_crypto_prices.py took 0.052 seconds
[2026-03-23T03:39:30.704+0000] {processor.py:161} INFO - Started process (PID=8875) to work on /opt/airflow/dags/crawl_crypto_prices.py
[2026-03-23T03:39:30.705+0000] {processor.py:830} INFO - Processing file /opt/airflow/dags/crawl_crypto_prices.py for tasks to queue
[2026-03-23T03:39:30.705+0000] {logging_mixin.py:188} INFO - [2026-03-23T03:39:30.705+0000] {dagbag.py:538} INFO - Filling up the DagBag from /opt/airflow/dags/crawl_crypto_prices.py
[2026-03-23T03:39:30.716+0000] {processor.py:840} INFO - DAG(s) 'crawl_crypto_prices' retrieved from /opt/airflow/dags/crawl_crypto_prices.py
[2026-03-23T03:39:30.734+0000] {logging_mixin.py:188} INFO - [2026-03-23T03:39:30.734+0000] {dag.py:3036} INFO - Sync 1 DAGs
[2026-03-23T03:39:30.745+0000] {logging_mixin.py:188} INFO - [2026-03-23T03:39:30.745+0000] {dag.py:3823} INFO - Setting next_dagrun for crawl_crypto_prices to 2026-03-23 03:00:00+00:00, run_after=2026-03-23 04:00:00+00:00
[2026-03-23T03:39:30.752+0000] {processor.py:183} INFO - Processing /opt/airflow/dags/crawl_crypto_prices.py took 0.052 seconds
[2026-03-23T03:40:01.020+0000] {processor.py:161} INFO - Started process (PID=8880) to work on /opt/airflow/dags/crawl_crypto_prices.py
[2026-03-23T03:40:01.021+0000] {processor.py:830} INFO - Processing file /opt/airflow/dags/crawl_crypto_prices.py for tasks to queue
[2026-03-23T03:40:01.021+0000] {logging_mixin.py:188} INFO - [2026-03-23T03:40:01.021+0000] {dagbag.py:538} INFO - Filling up the DagBag from /opt/airflow/dags/crawl_crypto_prices.py
[2026-03-23T03:40:01.032+0000] {processor.py:840} INFO - DAG(s) 'crawl_crypto_prices' retrieved from /opt/airflow/dags/crawl_crypto_prices.py
[2026-03-23T03:40:01.051+0000] {logging_mixin.py:188} INFO - [2026-03-23T03:40:01.051+0000] {dag.py:3036} INFO - Sync 1 DAGs
[2026-03-23T03:40:01.061+0000] {logging_mixin.py:188} INFO - [2026-03-23T03:40:01.061+0000] {dag.py:3823} INFO - Setting next_dagrun for crawl_crypto_prices to 2026-03-23 03:00:00+00:00, run_after=2026-03-23 04:00:00+00:00
[2026-03-23T03:40:01.067+0000] {processor.py:183} INFO - Processing /opt/airflow/dags/crawl_crypto_prices.py took 0.051 seconds
[2026-03-23T03:40:31.360+0000] {processor.py:161} INFO - Started process (PID=8885) to work on /opt/airflow/dags/crawl_crypto_prices.py
[2026-03-23T03:40:31.361+0000] {processor.py:830} INFO - Processing file /opt/airflow/dags/crawl_crypto_prices.py for tasks to queue
[2026-03-23T03:40:31.362+0000] {logging_mixin.py:188} INFO - [2026-03-23T03:40:31.362+0000] {dagbag.py:538} INFO - Filling up the DagBag from /opt/airflow/dags/crawl_crypto_prices.py
[2026-03-23T03:40:31.374+0000] {processor.py:840} INFO - DAG(s) 'crawl_crypto_prices' retrieved from /opt/airflow/dags/crawl_crypto_prices.py
[2026-03-23T03:40:31.395+0000] {logging_mixin.py:188} INFO - [2026-03-23T03:40:31.395+0000] {dag.py:3036} INFO - Sync 1 DAGs
[2026-03-23T03:40:31.405+0000] {logging_mixin.py:188} INFO - [2026-03-23T03:40:31.405+0000] {dag.py:3823} INFO - Setting next_dagrun for crawl_crypto_prices to 2026-03-23 03:00:00+00:00, run_after=2026-03-23 04:00:00+00:00
[2026-03-23T03:40:31.412+0000] {processor.py:183} INFO - Processing /opt/airflow/dags/crawl_crypto_prices.py took 0.056 seconds
[2026-03-23T03:41:01.678+0000] {processor.py:161} INFO - Started process (PID=8890) to work on /opt/airflow/dags/crawl_crypto_prices.py
[2026-03-23T03:41:01.679+0000] {processor.py:830} INFO - Processing file /opt/airflow/dags/crawl_crypto_prices.py for tasks to queue
[2026-03-23T03:41:01.680+0000] {logging_mixin.py:188} INFO - [2026-03-23T03:41:01.680+0000] {dagbag.py:538} INFO - Filling up the DagBag from /opt/airflow/dags/crawl_crypto_prices.py
[2026-03-23T03:41:01.690+0000] {processor.py:840} INFO - DAG(s) 'crawl_crypto_prices' retrieved from /opt/airflow/dags/crawl_crypto_prices.py
[2026-03-23T03:41:01.709+0000] {logging_mixin.py:188} INFO - [2026-03-23T03:41:01.709+0000] {dag.py:3036} INFO - Sync 1 DAGs
[2026-03-23T03:41:01.720+0000] {logging_mixin.py:188} INFO - [2026-03-23T03:41:01.720+0000] {dag.py:3823} INFO - Setting next_dagrun for crawl_crypto_prices to 2026-03-23 03:00:00+00:00, run_after=2026-03-23 04:00:00+00:00
[2026-03-23T03:41:01.726+0000] {processor.py:183} INFO - Processing /opt/airflow/dags/crawl_crypto_prices.py took 0.051 seconds
[2026-03-23T03:41:31.957+0000] {processor.py:161} INFO - Started process (PID=8895) to work on /opt/airflow/dags/crawl_crypto_prices.py
[2026-03-23T03:41:31.958+0000] {processor.py:830} INFO - Processing file /opt/airflow/dags/crawl_crypto_prices.py for tasks to queue
[2026-03-23T03:41:31.959+0000] {logging_mixin.py:188} INFO - [2026-03-23T03:41:31.959+0000] {dagbag.py:538} INFO - Filling up the DagBag from /opt/airflow/dags/crawl_crypto_prices.py
[2026-03-23T03:41:31.968+0000] {processor.py:840} INFO - DAG(s) 'crawl_crypto_prices' retrieved from /opt/airflow/dags/crawl_crypto_prices.py
[2026-03-23T03:41:31.984+0000] {logging_mixin.py:188} INFO - [2026-03-23T03:41:31.984+0000] {dag.py:3036} INFO - Sync 1 DAGs
[2026-03-23T03:41:31.994+0000] {logging_mixin.py:188} INFO - [2026-03-23T03:41:31.994+0000] {dag.py:3823} INFO - Setting next_dagrun for crawl_crypto_prices to 2026-03-23 03:00:00+00:00, run_after=2026-03-23 04:00:00+00:00
[2026-03-23T03:41:32.000+0000] {processor.py:183} INFO - Processing /opt/airflow/dags/crawl_crypto_prices.py took 0.045 seconds
[2026-03-23T03:42:02.231+0000] {processor.py:161} INFO - Started process (PID=8900) to work on /opt/airflow/dags/crawl_crypto_prices.py
[2026-03-23T03:42:02.232+0000] {processor.py:830} INFO - Processing file /opt/airflow/dags/crawl_crypto_prices.py for tasks to queue
[2026-03-23T03:42:02.232+0000] {logging_mixin.py:188} INFO - [2026-03-23T03:42:02.232+0000] {dagbag.py:538} INFO - Filling up the DagBag from /opt/airflow/dags/crawl_crypto_prices.py
[2026-03-23T03:42:02.243+0000] {processor.py:840} INFO - DAG(s) 'crawl_crypto_prices' retrieved from /opt/airflow/dags/crawl_crypto_prices.py
[2026-03-23T03:42:02.257+0000] {logging_mixin.py:188} INFO - [2026-03-23T03:42:02.257+0000] {dag.py:3036} INFO - Sync 1 DAGs
[2026-03-23T03:42:02.266+0000] {logging_mixin.py:188} INFO - [2026-03-23T03:42:02.266+0000] {dag.py:3823} INFO - Setting next_dagrun for crawl_crypto_prices to 2026-03-23 03:00:00+00:00, run_after=2026-03-23 04:00:00+00:00
[2026-03-23T03:42:02.272+0000] {processor.py:183} INFO - Processing /opt/airflow/dags/crawl_crypto_prices.py took 0.044 seconds
[2026-03-23T03:42:32.503+0000] {processor.py:161} INFO - Started process (PID=8905) to work on /opt/airflow/dags/crawl_crypto_prices.py
[2026-03-23T03:42:32.504+0000] {processor.py:830} INFO - Processing file /opt/airflow/dags/crawl_crypto_prices.py for tasks to queue
[2026-03-23T03:42:32.505+0000] {logging_mixin.py:188} INFO - [2026-03-23T03:42:32.505+0000] {dagbag.py:538} INFO - Filling up the DagBag from /opt/airflow/dags/crawl_crypto_prices.py
[2026-03-23T03:42:32.516+0000] {processor.py:840} INFO - DAG(s) 'crawl_crypto_prices' retrieved from /opt/airflow/dags/crawl_crypto_prices.py
[2026-03-23T03:42:32.536+0000] {logging_mixin.py:188} INFO - [2026-03-23T03:42:32.536+0000] {dag.py:3036} INFO - Sync 1 DAGs
[2026-03-23T03:42:32.545+0000] {logging_mixin.py:188} INFO - [2026-03-23T03:42:32.545+0000] {dag.py:3823} INFO - Setting next_dagrun for crawl_crypto_prices to 2026-03-23 03:00:00+00:00, run_after=2026-03-23 04:00:00+00:00
[2026-03-23T03:42:32.551+0000] {processor.py:183} INFO - Processing /opt/airflow/dags/crawl_crypto_prices.py took 0.052 seconds
[2026-03-23T03:43:02.777+0000] {processor.py:161} INFO - Started process (PID=8910) to work on /opt/airflow/dags/crawl_crypto_prices.py
[2026-03-23T03:43:02.779+0000] {processor.py:830} INFO - Processing file /opt/airflow/dags/crawl_crypto_prices.py for tasks to queue
[2026-03-23T03:43:02.780+0000] {logging_mixin.py:188} INFO - [2026-03-23T03:43:02.779+0000] {dagbag.py:538} INFO - Filling up the DagBag from /opt/airflow/dags/crawl_crypto_prices.py
[2026-03-23T03:43:02.790+0000] {processor.py:840} INFO - DAG(s) 'crawl_crypto_prices' retrieved from /opt/airflow/dags/crawl_crypto_prices.py
[2026-03-23T03:43:02.805+0000] {logging_mixin.py:188} INFO - [2026-03-23T03:43:02.805+0000] {dag.py:3036} INFO - Sync 1 DAGs
[2026-03-23T03:43:02.825+0000] {logging_mixin.py:188} INFO - [2026-03-23T03:43:02.825+0000] {dag.py:3823} INFO - Setting next_dagrun for crawl_crypto_prices to 2026-03-23 03:00:00+00:00, run_after=2026-03-23 04:00:00+00:00
[2026-03-23T03:43:02.833+0000] {processor.py:183} INFO - Processing /opt/airflow/dags/crawl_crypto_prices.py took 0.060 seconds
[2026-03-23T03:43:33.048+0000] {processor.py:161} INFO - Started process (PID=8915) to work on /opt/airflow/dags/crawl_crypto_prices.py
[2026-03-23T03:43:33.049+0000] {processor.py:830} INFO - Processing file /opt/airflow/dags/crawl_crypto_prices.py for tasks to queue
[2026-03-23T03:43:33.049+0000] {logging_mixin.py:188} INFO - [2026-03-23T03:43:33.049+0000] {dagbag.py:538} INFO - Filling up the DagBag from /opt/airflow/dags/crawl_crypto_prices.py
[2026-03-23T03:43:33.061+0000] {processor.py:840} INFO - DAG(s) 'crawl_crypto_prices' retrieved from /opt/airflow/dags/crawl_crypto_prices.py
[2026-03-23T03:43:33.081+0000] {logging_mixin.py:188} INFO - [2026-03-23T03:43:33.080+0000] {dag.py:3036} INFO - Sync 1 DAGs
[2026-03-23T03:43:33.090+0000] {logging_mixin.py:188} INFO - [2026-03-23T03:43:33.090+0000] {dag.py:3823} INFO - Setting next_dagrun for crawl_crypto_prices to 2026-03-23 03:00:00+00:00, run_after=2026-03-23 04:00:00+00:00
[2026-03-23T03:43:33.097+0000] {processor.py:183} INFO - Processing /opt/airflow/dags/crawl_crypto_prices.py took 0.052 seconds
[2026-03-23T03:44:03.333+0000] {processor.py:161} INFO - Started process (PID=8920) to work on /opt/airflow/dags/crawl_crypto_prices.py
[2026-03-23T03:44:03.334+0000] {processor.py:830} INFO - Processing file /opt/airflow/dags/crawl_crypto_prices.py for tasks to queue
[2026-03-23T03:44:03.335+0000] {logging_mixin.py:188} INFO - [2026-03-23T03:44:03.335+0000] {dagbag.py:538} INFO - Filling up the DagBag from /opt/airflow/dags/crawl_crypto_prices.py
[2026-03-23T03:44:03.344+0000] {processor.py:840} INFO - DAG(s) 'crawl_crypto_prices' retrieved from /opt/airflow/dags/crawl_crypto_prices.py
[2026-03-23T03:44:03.361+0000] {logging_mixin.py:188} INFO - [2026-03-23T03:44:03.361+0000] {dag.py:3036} INFO - Sync 1 DAGs
[2026-03-23T03:44:03.371+0000] {logging_mixin.py:188} INFO - [2026-03-23T03:44:03.371+0000] {dag.py:3823} INFO - Setting next_dagrun for crawl_crypto_prices to 2026-03-23 03:00:00+00:00, run_after=2026-03-23 04:00:00+00:00
[2026-03-23T03:44:03.378+0000] {processor.py:183} INFO - Processing /opt/airflow/dags/crawl_crypto_prices.py took 0.048 seconds
[2026-03-23T03:44:33.618+0000] {processor.py:161} INFO - Started process (PID=8925) to work on /opt/airflow/dags/crawl_crypto_prices.py
[2026-03-23T03:44:33.618+0000] {processor.py:830} INFO - Processing file /opt/airflow/dags/crawl_crypto_prices.py for tasks to queue
[2026-03-23T03:44:33.619+0000] {logging_mixin.py:188} INFO - [2026-03-23T03:44:33.619+0000] {dagbag.py:538} INFO - Filling up the DagBag from /opt/airflow/dags/crawl_crypto_prices.py
[2026-03-23T03:44:33.629+0000] {processor.py:840} INFO - DAG(s) 'crawl_crypto_prices' retrieved from /opt/airflow/dags/crawl_crypto_prices.py
[2026-03-23T03:44:33.649+0000] {logging_mixin.py:188} INFO - [2026-03-23T03:44:33.648+0000] {dag.py:3036} INFO - Sync 1 DAGs
[2026-03-23T03:44:33.661+0000] {logging_mixin.py:188} INFO - [2026-03-23T03:44:33.661+0000] {dag.py:3823} INFO - Setting next_dagrun for crawl_crypto_prices to 2026-03-23 03:00:00+00:00, run_after=2026-03-23 04:00:00+00:00
[2026-03-23T03:44:33.668+0000] {processor.py:183} INFO - Processing /opt/airflow/dags/crawl_crypto_prices.py took 0.053 seconds
[2026-03-23T03:45:03.916+0000] {processor.py:161} INFO - Started process (PID=8930) to work on /opt/airflow/dags/crawl_crypto_prices.py
[2026-03-23T03:45:03.917+0000] {processor.py:830} INFO - Processing file /opt/airflow/dags/crawl_crypto_prices.py for tasks to queue
[2026-03-23T03:45:03.918+0000] {logging_mixin.py:188} INFO - [2026-03-23T03:45:03.918+0000] {dagbag.py:538} INFO - Filling up the DagBag from /opt/airflow/dags/crawl_crypto_prices.py
[2026-03-23T03:45:03.928+0000] {processor.py:840} INFO - DAG(s) 'crawl_crypto_prices' retrieved from /opt/airflow/dags/crawl_crypto_prices.py
[2026-03-23T03:45:03.949+0000] {logging_mixin.py:188} INFO - [2026-03-23T03:45:03.949+0000] {dag.py:3036} INFO - Sync 1 DAGs
[2026-03-23T03:45:03.960+0000] {logging_mixin.py:188} INFO - [2026-03-23T03:45:03.960+0000] {dag.py:3823} INFO - Setting next_dagrun for crawl_crypto_prices to 2026-03-23 03:00:00+00:00, run_after=2026-03-23 04:00:00+00:00
[2026-03-23T03:45:03.966+0000] {processor.py:183} INFO - Processing /opt/airflow/dags/crawl_crypto_prices.py took 0.054 seconds
[2026-03-23T03:45:34.256+0000] {processor.py:161} INFO - Started process (PID=8935) to work on /opt/airflow/dags/crawl_crypto_prices.py
[2026-03-23T03:45:34.257+0000] {processor.py:830} INFO - Processing file /opt/airflow/dags/crawl_crypto_prices.py for tasks to queue
[2026-03-23T03:45:34.258+0000] {logging_mixin.py:188} INFO - [2026-03-23T03:45:34.258+0000] {dagbag.py:538} INFO - Filling up the DagBag from /opt/airflow/dags/crawl_crypto_prices.py
[2026-03-23T03:45:34.272+0000] {processor.py:840} INFO - DAG(s) 'crawl_crypto_prices' retrieved from /opt/airflow/dags/crawl_crypto_prices.py
[2026-03-23T03:45:34.297+0000] {logging_mixin.py:188} INFO - [2026-03-23T03:45:34.297+0000] {dag.py:3036} INFO - Sync 1 DAGs
[2026-03-23T03:45:34.308+0000] {logging_mixin.py:188} INFO - [2026-03-23T03:45:34.308+0000] {dag.py:3823} INFO - Setting next_dagrun for crawl_crypto_prices to 2026-03-23 03:00:00+00:00, run_after=2026-03-23 04:00:00+00:00
[2026-03-23T03:45:34.315+0000] {processor.py:183} INFO - Processing /opt/airflow/dags/crawl_crypto_prices.py took 0.063 seconds
[2026-03-23T03:46:04.353+0000] {processor.py:161} INFO - Started process (PID=8942) to work on /opt/airflow/dags/crawl_crypto_prices.py
[2026-03-23T03:46:04.355+0000] {processor.py:830} INFO - Processing file /opt/airflow/dags/crawl_crypto_prices.py for tasks to queue
[2026-03-23T03:46:04.356+0000] {logging_mixin.py:188} INFO - [2026-03-23T03:46:04.355+0000] {dagbag.py:538} INFO - Filling up the DagBag from /opt/airflow/dags/crawl_crypto_prices.py
[2026-03-23T03:46:04.365+0000] {processor.py:840} INFO - DAG(s) 'crawl_crypto_prices' retrieved from /opt/airflow/dags/crawl_crypto_prices.py
[2026-03-23T03:46:04.384+0000] {logging_mixin.py:188} INFO - [2026-03-23T03:46:04.384+0000] {dag.py:3036} INFO - Sync 1 DAGs
[2026-03-23T03:46:04.393+0000] {logging_mixin.py:188} INFO - [2026-03-23T03:46:04.393+0000] {dag.py:3823} INFO - Setting next_dagrun for crawl_crypto_prices to 2026-03-23 03:00:00+00:00, run_after=2026-03-23 04:00:00+00:00
[2026-03-23T03:46:04.399+0000] {processor.py:183} INFO - Processing /opt/airflow/dags/crawl_crypto_prices.py took 0.052 seconds
[2026-03-23T03:46:34.692+0000] {processor.py:161} INFO - Started process (PID=8947) to work on /opt/airflow/dags/crawl_crypto_prices.py
[2026-03-23T03:46:34.693+0000] {processor.py:830} INFO - Processing file /opt/airflow/dags/crawl_crypto_prices.py for tasks to queue
[2026-03-23T03:46:34.694+0000] {logging_mixin.py:188} INFO - [2026-03-23T03:46:34.694+0000] {dagbag.py:538} INFO - Filling up the DagBag from /opt/airflow/dags/crawl_crypto_prices.py
[2026-03-23T03:46:34.703+0000] {processor.py:840} INFO - DAG(s) 'crawl_crypto_prices' retrieved from /opt/airflow/dags/crawl_crypto_prices.py
[2026-03-23T03:46:34.725+0000] {logging_mixin.py:188} INFO - [2026-03-23T03:46:34.725+0000] {dag.py:3036} INFO - Sync 1 DAGs
[2026-03-23T03:46:34.738+0000] {logging_mixin.py:188} INFO - [2026-03-23T03:46:34.738+0000] {dag.py:3823} INFO - Setting next_dagrun for crawl_crypto_prices to 2026-03-23 03:00:00+00:00, run_after=2026-03-23 04:00:00+00:00
[2026-03-23T03:46:34.745+0000] {processor.py:183} INFO - Processing /opt/airflow/dags/crawl_crypto_prices.py took 0.055 seconds
[2026-03-23T03:47:05.021+0000] {processor.py:161} INFO - Started process (PID=8952) to work on /opt/airflow/dags/crawl_crypto_prices.py
[2026-03-23T03:47:05.022+0000] {processor.py:830} INFO - Processing file /opt/airflow/dags/crawl_crypto_prices.py for tasks to queue
[2026-03-23T03:47:05.023+0000] {logging_mixin.py:188} INFO - [2026-03-23T03:47:05.022+0000] {dagbag.py:538} INFO - Filling up the DagBag from /opt/airflow/dags/crawl_crypto_prices.py
[2026-03-23T03:47:05.033+0000] {processor.py:840} INFO - DAG(s) 'crawl_crypto_prices' retrieved from /opt/airflow/dags/crawl_crypto_prices.py
[2026-03-23T03:47:05.052+0000] {logging_mixin.py:188} INFO - [2026-03-23T03:47:05.052+0000] {dag.py:3036} INFO - Sync 1 DAGs
[2026-03-23T03:47:05.062+0000] {logging_mixin.py:188} INFO - [2026-03-23T03:47:05.062+0000] {dag.py:3823} INFO - Setting next_dagrun for crawl_crypto_prices to 2026-03-23 03:00:00+00:00, run_after=2026-03-23 04:00:00+00:00
[2026-03-23T03:47:05.068+0000] {processor.py:183} INFO - Processing /opt/airflow/dags/crawl_crypto_prices.py took 0.050 seconds
[2026-03-23T03:47:35.355+0000] {processor.py:161} INFO - Started process (PID=8957) to work on /opt/airflow/dags/crawl_crypto_prices.py
[2026-03-23T03:47:35.356+0000] {processor.py:830} INFO - Processing file /opt/airflow/dags/crawl_crypto_prices.py for tasks to queue
[2026-03-23T03:47:35.357+0000] {logging_mixin.py:188} INFO - [2026-03-23T03:47:35.356+0000] {dagbag.py:538} INFO - Filling up the DagBag from /opt/airflow/dags/crawl_crypto_prices.py
[2026-03-23T03:47:35.369+0000] {processor.py:840} INFO - DAG(s) 'crawl_crypto_prices' retrieved from /opt/airflow/dags/crawl_crypto_prices.py
[2026-03-23T03:47:35.388+0000] {logging_mixin.py:188} INFO - [2026-03-23T03:47:35.388+0000] {dag.py:3036} INFO - Sync 1 DAGs
[2026-03-23T03:47:35.399+0000] {logging_mixin.py:188} INFO - [2026-03-23T03:47:35.399+0000] {dag.py:3823} INFO - Setting next_dagrun for crawl_crypto_prices to 2026-03-23 03:00:00+00:00, run_after=2026-03-23 04:00:00+00:00
[2026-03-23T03:47:35.405+0000] {processor.py:183} INFO - Processing /opt/airflow/dags/crawl_crypto_prices.py took 0.054 seconds
[2026-03-23T03:48:05.680+0000] {processor.py:161} INFO - Started process (PID=8962) to work on /opt/airflow/dags/crawl_crypto_prices.py
[2026-03-23T03:48:05.681+0000] {processor.py:830} INFO - Processing file /opt/airflow/dags/crawl_crypto_prices.py for tasks to queue
[2026-03-23T03:48:05.682+0000] {logging_mixin.py:188} INFO - [2026-03-23T03:48:05.682+0000] {dagbag.py:538} INFO - Filling up the DagBag from /opt/airflow/dags/crawl_crypto_prices.py
[2026-03-23T03:48:05.694+0000] {processor.py:840} INFO - DAG(s) 'crawl_crypto_prices' retrieved from /opt/airflow/dags/crawl_crypto_prices.py
[2026-03-23T03:48:05.714+0000] {logging_mixin.py:188} INFO - [2026-03-23T03:48:05.713+0000] {dag.py:3036} INFO - Sync 1 DAGs
[2026-03-23T03:48:05.725+0000] {logging_mixin.py:188} INFO - [2026-03-23T03:48:05.725+0000] {dag.py:3823} INFO - Setting next_dagrun for crawl_crypto_prices to 2026-03-23 03:00:00+00:00, run_after=2026-03-23 04:00:00+00:00
[2026-03-23T03:48:05.731+0000] {processor.py:183} INFO - Processing /opt/airflow/dags/crawl_crypto_prices.py took 0.054 seconds
[2026-03-23T03:48:36.001+0000] {processor.py:161} INFO - Started process (PID=8967) to work on /opt/airflow/dags/crawl_crypto_prices.py
[2026-03-23T03:48:36.002+0000] {processor.py:830} INFO - Processing file /opt/airflow/dags/crawl_crypto_prices.py for tasks to queue
[2026-03-23T03:48:36.003+0000] {logging_mixin.py:188} INFO - [2026-03-23T03:48:36.002+0000] {dagbag.py:538} INFO - Filling up the DagBag from /opt/airflow/dags/crawl_crypto_prices.py
[2026-03-23T03:48:36.014+0000] {processor.py:840} INFO - DAG(s) 'crawl_crypto_prices' retrieved from /opt/airflow/dags/crawl_crypto_prices.py
[2026-03-23T03:48:36.037+0000] {logging_mixin.py:188} INFO - [2026-03-23T03:48:36.037+0000] {dag.py:3036} INFO - Sync 1 DAGs
[2026-03-23T03:48:36.048+0000] {logging_mixin.py:188} INFO - [2026-03-23T03:48:36.048+0000] {dag.py:3823} INFO - Setting next_dagrun for crawl_crypto_prices to 2026-03-23 03:00:00+00:00, run_after=2026-03-23 04:00:00+00:00
[2026-03-23T03:48:36.055+0000] {processor.py:183} INFO - Processing /opt/airflow/dags/crawl_crypto_prices.py took 0.057 seconds
[2026-03-23T03:49:06.299+0000] {processor.py:161} INFO - Started process (PID=8972) to work on /opt/airflow/dags/crawl_crypto_prices.py
[2026-03-23T03:49:06.300+0000] {processor.py:830} INFO - Processing file /opt/airflow/dags/crawl_crypto_prices.py for tasks to queue
[2026-03-23T03:49:06.300+0000] {logging_mixin.py:188} INFO - [2026-03-23T03:49:06.300+0000] {dagbag.py:538} INFO - Filling up the DagBag from /opt/airflow/dags/crawl_crypto_prices.py
[2026-03-23T03:49:06.312+0000] {processor.py:840} INFO - DAG(s) 'crawl_crypto_prices' retrieved from /opt/airflow/dags/crawl_crypto_prices.py
[2026-03-23T03:49:06.332+0000] {logging_mixin.py:188} INFO - [2026-03-23T03:49:06.332+0000] {dag.py:3036} INFO - Sync 1 DAGs
[2026-03-23T03:49:06.345+0000] {logging_mixin.py:188} INFO - [2026-03-23T03:49:06.344+0000] {dag.py:3823} INFO - Setting next_dagrun for crawl_crypto_prices to 2026-03-23 03:00:00+00:00, run_after=2026-03-23 04:00:00+00:00
[2026-03-23T03:49:06.351+0000] {processor.py:183} INFO - Processing /opt/airflow/dags/crawl_crypto_prices.py took 0.056 seconds
[2026-03-23T03:49:36.658+0000] {processor.py:161} INFO - Started process (PID=8977) to work on /opt/airflow/dags/crawl_crypto_prices.py
[2026-03-23T03:49:36.659+0000] {processor.py:830} INFO - Processing file /opt/airflow/dags/crawl_crypto_prices.py for tasks to queue
[2026-03-23T03:49:36.660+0000] {logging_mixin.py:188} INFO - [2026-03-23T03:49:36.660+0000] {dagbag.py:538} INFO - Filling up the DagBag from /opt/airflow/dags/crawl_crypto_prices.py
[2026-03-23T03:49:36.673+0000] {processor.py:840} INFO - DAG(s) 'crawl_crypto_prices' retrieved from /opt/airflow/dags/crawl_crypto_prices.py
[2026-03-23T03:49:36.696+0000] {logging_mixin.py:188} INFO - [2026-03-23T03:49:36.696+0000] {dag.py:3036} INFO - Sync 1 DAGs
[2026-03-23T03:49:36.706+0000] {logging_mixin.py:188} INFO - [2026-03-23T03:49:36.705+0000] {dag.py:3823} INFO - Setting next_dagrun for crawl_crypto_prices to 2026-03-23 03:00:00+00:00, run_after=2026-03-23 04:00:00+00:00
[2026-03-23T03:49:36.712+0000] {processor.py:183} INFO - Processing /opt/airflow/dags/crawl_crypto_prices.py took 0.059 seconds
[2026-03-23T03:50:06.986+0000] {processor.py:161} INFO - Started process (PID=8982) to work on /opt/airflow/dags/crawl_crypto_prices.py
[2026-03-23T03:50:06.987+0000] {processor.py:830} INFO - Processing file /opt/airflow/dags/crawl_crypto_prices.py for tasks to queue
[2026-03-23T03:50:06.988+0000] {logging_mixin.py:188} INFO - [2026-03-23T03:50:06.987+0000] {dagbag.py:538} INFO - Filling up the DagBag from /opt/airflow/dags/crawl_crypto_prices.py
[2026-03-23T03:50:06.998+0000] {processor.py:840} INFO - DAG(s) 'crawl_crypto_prices' retrieved from /opt/airflow/dags/crawl_crypto_prices.py
[2026-03-23T03:50:07.017+0000] {logging_mixin.py:188} INFO - [2026-03-23T03:50:07.017+0000] {dag.py:3036} INFO - Sync 1 DAGs
[2026-03-23T03:50:07.027+0000] {logging_mixin.py:188} INFO - [2026-03-23T03:50:07.027+0000] {dag.py:3823} INFO - Setting next_dagrun for crawl_crypto_prices to 2026-03-23 03:00:00+00:00, run_after=2026-03-23 04:00:00+00:00
[2026-03-23T03:50:07.034+0000] {processor.py:183} INFO - Processing /opt/airflow/dags/crawl_crypto_prices.py took 0.051 seconds
[2026-03-23T03:50:37.288+0000] {processor.py:161} INFO - Started process (PID=8987) to work on /opt/airflow/dags/crawl_crypto_prices.py
[2026-03-23T03:50:37.289+0000] {processor.py:830} INFO - Processing file /opt/airflow/dags/crawl_crypto_prices.py for tasks to queue
[2026-03-23T03:50:37.290+0000] {logging_mixin.py:188} INFO - [2026-03-23T03:50:37.290+0000] {dagbag.py:538} INFO - Filling up the DagBag from /opt/airflow/dags/crawl_crypto_prices.py
[2026-03-23T03:50:37.301+0000] {processor.py:840} INFO - DAG(s) 'crawl_crypto_prices' retrieved from /opt/airflow/dags/crawl_crypto_prices.py
[2026-03-23T03:50:37.322+0000] {logging_mixin.py:188} INFO - [2026-03-23T03:50:37.321+0000] {dag.py:3036} INFO - Sync 1 DAGs
[2026-03-23T03:50:37.333+0000] {logging_mixin.py:188} INFO - [2026-03-23T03:50:37.333+0000] {dag.py:3823} INFO - Setting next_dagrun for crawl_crypto_prices to 2026-03-23 03:00:00+00:00, run_after=2026-03-23 04:00:00+00:00
[2026-03-23T03:50:37.339+0000] {processor.py:183} INFO - Processing /opt/airflow/dags/crawl_crypto_prices.py took 0.055 seconds
[2026-03-23T03:51:07.592+0000] {processor.py:161} INFO - Started process (PID=8992) to work on /opt/airflow/dags/crawl_crypto_prices.py
[2026-03-23T03:51:07.593+0000] {processor.py:830} INFO - Processing file /opt/airflow/dags/crawl_crypto_prices.py for tasks to queue
[2026-03-23T03:51:07.594+0000] {logging_mixin.py:188} INFO - [2026-03-23T03:51:07.593+0000] {dagbag.py:538} INFO - Filling up the DagBag from /opt/airflow/dags/crawl_crypto_prices.py
[2026-03-23T03:51:07.605+0000] {processor.py:840} INFO - DAG(s) 'crawl_crypto_prices' retrieved from /opt/airflow/dags/crawl_crypto_prices.py
[2026-03-23T03:51:07.623+0000] {logging_mixin.py:188} INFO - [2026-03-23T03:51:07.623+0000] {dag.py:3036} INFO - Sync 1 DAGs
[2026-03-23T03:51:07.633+0000] {logging_mixin.py:188} INFO - [2026-03-23T03:51:07.633+0000] {dag.py:3823} INFO - Setting next_dagrun for crawl_crypto_prices to 2026-03-23 03:00:00+00:00, run_after=2026-03-23 04:00:00+00:00
[2026-03-23T03:51:07.639+0000] {processor.py:183} INFO - Processing /opt/airflow/dags/crawl_crypto_prices.py took 0.050 seconds
[2026-03-23T03:51:37.869+0000] {processor.py:161} INFO - Started process (PID=8997) to work on /opt/airflow/dags/crawl_crypto_prices.py
[2026-03-23T03:51:37.871+0000] {processor.py:830} INFO - Processing file /opt/airflow/dags/crawl_crypto_prices.py for tasks to queue
[2026-03-23T03:51:37.871+0000] {logging_mixin.py:188} INFO - [2026-03-23T03:51:37.871+0000] {dagbag.py:538} INFO - Filling up the DagBag from /opt/airflow/dags/crawl_crypto_prices.py
[2026-03-23T03:51:37.881+0000] {processor.py:840} INFO - DAG(s) 'crawl_crypto_prices' retrieved from /opt/airflow/dags/crawl_crypto_prices.py
[2026-03-23T03:51:37.900+0000] {logging_mixin.py:188} INFO - [2026-03-23T03:51:37.900+0000] {dag.py:3036} INFO - Sync 1 DAGs
[2026-03-23T03:51:37.909+0000] {logging_mixin.py:188} INFO - [2026-03-23T03:51:37.909+0000] {dag.py:3823} INFO - Setting next_dagrun for crawl_crypto_prices to 2026-03-23 03:00:00+00:00, run_after=2026-03-23 04:00:00+00:00
[2026-03-23T03:51:37.916+0000] {processor.py:183} INFO - Processing /opt/airflow/dags/crawl_crypto_prices.py took 0.049 seconds
[2026-03-23T03:52:08.143+0000] {processor.py:161} INFO - Started process (PID=9002) to work on /opt/airflow/dags/crawl_crypto_prices.py
[2026-03-23T03:52:08.144+0000] {processor.py:830} INFO - Processing file /opt/airflow/dags/crawl_crypto_prices.py for tasks to queue
[2026-03-23T03:52:08.145+0000] {logging_mixin.py:188} INFO - [2026-03-23T03:52:08.145+0000] {dagbag.py:538} INFO - Filling up the DagBag from /opt/airflow/dags/crawl_crypto_prices.py
[2026-03-23T03:52:08.154+0000] {processor.py:840} INFO - DAG(s) 'crawl_crypto_prices' retrieved from /opt/airflow/dags/crawl_crypto_prices.py
[2026-03-23T03:52:08.171+0000] {logging_mixin.py:188} INFO - [2026-03-23T03:52:08.171+0000] {dag.py:3036} INFO - Sync 1 DAGs
[2026-03-23T03:52:08.181+0000] {logging_mixin.py:188} INFO - [2026-03-23T03:52:08.181+0000] {dag.py:3823} INFO - Setting next_dagrun for crawl_crypto_prices to 2026-03-23 03:00:00+00:00, run_after=2026-03-23 04:00:00+00:00
[2026-03-23T03:52:08.188+0000] {processor.py:183} INFO - Processing /opt/airflow/dags/crawl_crypto_prices.py took 0.047 seconds
[2026-03-23T03:52:38.428+0000] {processor.py:161} INFO - Started process (PID=9007) to work on /opt/airflow/dags/crawl_crypto_prices.py
[2026-03-23T03:52:38.429+0000] {processor.py:830} INFO - Processing file /opt/airflow/dags/crawl_crypto_prices.py for tasks to queue
[2026-03-23T03:52:38.430+0000] {logging_mixin.py:188} INFO - [2026-03-23T03:52:38.430+0000] {dagbag.py:538} INFO - Filling up the DagBag from /opt/airflow/dags/crawl_crypto_prices.py
[2026-03-23T03:52:38.439+0000] {processor.py:840} INFO - DAG(s) 'crawl_crypto_prices' retrieved from /opt/airflow/dags/crawl_crypto_prices.py
[2026-03-23T03:52:38.455+0000] {logging_mixin.py:188} INFO - [2026-03-23T03:52:38.454+0000] {dag.py:3036} INFO - Sync 1 DAGs
[2026-03-23T03:52:38.465+0000] {logging_mixin.py:188} INFO - [2026-03-23T03:52:38.465+0000] {dag.py:3823} INFO - Setting next_dagrun for crawl_crypto_prices to 2026-03-23 03:00:00+00:00, run_after=2026-03-23 04:00:00+00:00
[2026-03-23T03:52:38.472+0000] {processor.py:183} INFO - Processing /opt/airflow/dags/crawl_crypto_prices.py took 0.046 seconds
[2026-03-23T03:53:08.768+0000] {processor.py:161} INFO - Started process (PID=9012) to work on /opt/airflow/dags/crawl_crypto_prices.py
[2026-03-23T03:53:08.769+0000] {processor.py:830} INFO - Processing file /opt/airflow/dags/crawl_crypto_prices.py for tasks to queue
[2026-03-23T03:53:08.770+0000] {logging_mixin.py:188} INFO - [2026-03-23T03:53:08.769+0000] {dagbag.py:538} INFO - Filling up the DagBag from /opt/airflow/dags/crawl_crypto_prices.py
[2026-03-23T03:53:08.780+0000] {processor.py:840} INFO - DAG(s) 'crawl_crypto_prices' retrieved from /opt/airflow/dags/crawl_crypto_prices.py
[2026-03-23T03:53:08.799+0000] {logging_mixin.py:188} INFO - [2026-03-23T03:53:08.799+0000] {dag.py:3036} INFO - Sync 1 DAGs
[2026-03-23T03:53:08.810+0000] {logging_mixin.py:188} INFO - [2026-03-23T03:53:08.810+0000] {dag.py:3823} INFO - Setting next_dagrun for crawl_crypto_prices to 2026-03-23 03:00:00+00:00, run_after=2026-03-23 04:00:00+00:00
[2026-03-23T03:53:08.818+0000] {processor.py:183} INFO - Processing /opt/airflow/dags/crawl_crypto_prices.py took 0.054 seconds
[2026-03-23T03:53:39.046+0000] {processor.py:161} INFO - Started process (PID=9017) to work on /opt/airflow/dags/crawl_crypto_prices.py
[2026-03-23T03:53:39.048+0000] {processor.py:830} INFO - Processing file /opt/airflow/dags/crawl_crypto_prices.py for tasks to queue
[2026-03-23T03:53:39.049+0000] {logging_mixin.py:188} INFO - [2026-03-23T03:53:39.048+0000] {dagbag.py:538} INFO - Filling up the DagBag from /opt/airflow/dags/crawl_crypto_prices.py
[2026-03-23T03:53:39.059+0000] {processor.py:840} INFO - DAG(s) 'crawl_crypto_prices' retrieved from /opt/airflow/dags/crawl_crypto_prices.py
[2026-03-23T03:53:39.078+0000] {logging_mixin.py:188} INFO - [2026-03-23T03:53:39.078+0000] {dag.py:3036} INFO - Sync 1 DAGs
[2026-03-23T03:53:39.089+0000] {logging_mixin.py:188} INFO - [2026-03-23T03:53:39.089+0000] {dag.py:3823} INFO - Setting next_dagrun for crawl_crypto_prices to 2026-03-23 03:00:00+00:00, run_after=2026-03-23 04:00:00+00:00
[2026-03-23T03:53:39.095+0000] {processor.py:183} INFO - Processing /opt/airflow/dags/crawl_crypto_prices.py took 0.053 seconds
[2026-03-23T03:54:09.346+0000] {processor.py:161} INFO - Started process (PID=9022) to work on /opt/airflow/dags/crawl_crypto_prices.py
[2026-03-23T03:54:09.347+0000] {processor.py:830} INFO - Processing file /opt/airflow/dags/crawl_crypto_prices.py for tasks to queue
[2026-03-23T03:54:09.348+0000] {logging_mixin.py:188} INFO - [2026-03-23T03:54:09.348+0000] {dagbag.py:538} INFO - Filling up the DagBag from /opt/airflow/dags/crawl_crypto_prices.py
[2026-03-23T03:54:09.363+0000] {processor.py:840} INFO - DAG(s) 'crawl_crypto_prices' retrieved from /opt/airflow/dags/crawl_crypto_prices.py
[2026-03-23T03:54:09.384+0000] {logging_mixin.py:188} INFO - [2026-03-23T03:54:09.384+0000] {dag.py:3036} INFO - Sync 1 DAGs
[2026-03-23T03:54:09.395+0000] {logging_mixin.py:188} INFO - [2026-03-23T03:54:09.395+0000] {dag.py:3823} INFO - Setting next_dagrun for crawl_crypto_prices to 2026-03-23 03:00:00+00:00, run_after=2026-03-23 04:00:00+00:00
[2026-03-23T03:54:09.402+0000] {processor.py:183} INFO - Processing /opt/airflow/dags/crawl_crypto_prices.py took 0.058 seconds
[2026-03-23T03:54:39.704+0000] {processor.py:161} INFO - Started process (PID=9027) to work on /opt/airflow/dags/crawl_crypto_prices.py
[2026-03-23T03:54:39.705+0000] {processor.py:830} INFO - Processing file /opt/airflow/dags/crawl_crypto_prices.py for tasks to queue
[2026-03-23T03:54:39.705+0000] {logging_mixin.py:188} INFO - [2026-03-23T03:54:39.705+0000] {dagbag.py:538} INFO - Filling up the DagBag from /opt/airflow/dags/crawl_crypto_prices.py
[2026-03-23T03:54:39.719+0000] {processor.py:840} INFO - DAG(s) 'crawl_crypto_prices' retrieved from /opt/airflow/dags/crawl_crypto_prices.py
[2026-03-23T03:54:39.741+0000] {logging_mixin.py:188} INFO - [2026-03-23T03:54:39.741+0000] {dag.py:3036} INFO - Sync 1 DAGs
[2026-03-23T03:54:39.751+0000] {logging_mixin.py:188} INFO - [2026-03-23T03:54:39.751+0000] {dag.py:3823} INFO - Setting next_dagrun for crawl_crypto_prices to 2026-03-23 03:00:00+00:00, run_after=2026-03-23 04:00:00+00:00
[2026-03-23T03:54:39.757+0000] {processor.py:183} INFO - Processing /opt/airflow/dags/crawl_crypto_prices.py took 0.057 seconds
[2026-03-23T03:55:10.033+0000] {processor.py:161} INFO - Started process (PID=9032) to work on /opt/airflow/dags/crawl_crypto_prices.py
[2026-03-23T03:55:10.034+0000] {processor.py:830} INFO - Processing file /opt/airflow/dags/crawl_crypto_prices.py for tasks to queue
[2026-03-23T03:55:10.035+0000] {logging_mixin.py:188} INFO - [2026-03-23T03:55:10.035+0000] {dagbag.py:538} INFO - Filling up the DagBag from /opt/airflow/dags/crawl_crypto_prices.py
[2026-03-23T03:55:10.046+0000] {processor.py:840} INFO - DAG(s) 'crawl_crypto_prices' retrieved from /opt/airflow/dags/crawl_crypto_prices.py
[2026-03-23T03:55:10.060+0000] {logging_mixin.py:188} INFO - [2026-03-23T03:55:10.060+0000] {dag.py:3036} INFO - Sync 1 DAGs
[2026-03-23T03:55:10.070+0000] {logging_mixin.py:188} INFO - [2026-03-23T03:55:10.070+0000] {dag.py:3823} INFO - Setting next_dagrun for crawl_crypto_prices to 2026-03-23 03:00:00+00:00, run_after=2026-03-23 04:00:00+00:00
[2026-03-23T03:55:10.077+0000] {processor.py:183} INFO - Processing /opt/airflow/dags/crawl_crypto_prices.py took 0.047 seconds
[2026-03-23T03:55:40.296+0000] {processor.py:161} INFO - Started process (PID=9037) to work on /opt/airflow/dags/crawl_crypto_prices.py
[2026-03-23T03:55:40.297+0000] {processor.py:830} INFO - Processing file /opt/airflow/dags/crawl_crypto_prices.py for tasks to queue
[2026-03-23T03:55:40.298+0000] {logging_mixin.py:188} INFO - [2026-03-23T03:55:40.298+0000] {dagbag.py:538} INFO - Filling up the DagBag from /opt/airflow/dags/crawl_crypto_prices.py
[2026-03-23T03:55:40.312+0000] {processor.py:840} INFO - DAG(s) 'crawl_crypto_prices' retrieved from /opt/airflow/dags/crawl_crypto_prices.py
[2026-03-23T03:55:40.335+0000] {logging_mixin.py:188} INFO - [2026-03-23T03:55:40.335+0000] {dag.py:3036} INFO - Sync 1 DAGs
[2026-03-23T03:55:40.346+0000] {logging_mixin.py:188} INFO - [2026-03-23T03:55:40.346+0000] {dag.py:3823} INFO - Setting next_dagrun for crawl_crypto_prices to 2026-03-23 03:00:00+00:00, run_after=2026-03-23 04:00:00+00:00
[2026-03-23T03:55:40.353+0000] {processor.py:183} INFO - Processing /opt/airflow/dags/crawl_crypto_prices.py took 0.062 seconds
[2026-03-23T03:56:10.648+0000] {processor.py:161} INFO - Started process (PID=9042) to work on /opt/airflow/dags/crawl_crypto_prices.py
[2026-03-23T03:56:10.649+0000] {processor.py:830} INFO - Processing file /opt/airflow/dags/crawl_crypto_prices.py for tasks to queue
[2026-03-23T03:56:10.650+0000] {logging_mixin.py:188} INFO - [2026-03-23T03:56:10.650+0000] {dagbag.py:538} INFO - Filling up the DagBag from /opt/airflow/dags/crawl_crypto_prices.py
[2026-03-23T03:56:10.660+0000] {processor.py:840} INFO - DAG(s) 'crawl_crypto_prices' retrieved from /opt/airflow/dags/crawl_crypto_prices.py
[2026-03-23T03:56:10.679+0000] {logging_mixin.py:188} INFO - [2026-03-23T03:56:10.679+0000] {dag.py:3036} INFO - Sync 1 DAGs
[2026-03-23T03:56:10.693+0000] {logging_mixin.py:188} INFO - [2026-03-23T03:56:10.693+0000] {dag.py:3823} INFO - Setting next_dagrun for crawl_crypto_prices to 2026-03-23 03:00:00+00:00, run_after=2026-03-23 04:00:00+00:00
[2026-03-23T03:56:10.703+0000] {processor.py:183} INFO - Processing /opt/airflow/dags/crawl_crypto_prices.py took 0.057 seconds
[2026-03-23T03:56:40.959+0000] {processor.py:161} INFO - Started process (PID=9047) to work on /opt/airflow/dags/crawl_crypto_prices.py
[2026-03-23T03:56:40.960+0000] {processor.py:830} INFO - Processing file /opt/airflow/dags/crawl_crypto_prices.py for tasks to queue
[2026-03-23T03:56:40.960+0000] {logging_mixin.py:188} INFO - [2026-03-23T03:56:40.960+0000] {dagbag.py:538} INFO - Filling up the DagBag from /opt/airflow/dags/crawl_crypto_prices.py
[2026-03-23T03:56:40.965+0000] {processor.py:840} INFO - DAG(s) 'crawl_crypto_prices' retrieved from /opt/airflow/dags/crawl_crypto_prices.py
[2026-03-23T03:56:40.976+0000] {logging_mixin.py:188} INFO - [2026-03-23T03:56:40.976+0000] {dag.py:3036} INFO - Sync 1 DAGs
[2026-03-23T03:56:40.985+0000] {logging_mixin.py:188} INFO - [2026-03-23T03:56:40.985+0000] {dag.py:3823} INFO - Setting next_dagrun for crawl_crypto_prices to 2026-03-23 03:00:00+00:00, run_after=2026-03-23 04:00:00+00:00
[2026-03-23T03:56:40.990+0000] {processor.py:183} INFO - Processing /opt/airflow/dags/crawl_crypto_prices.py took 0.032 seconds
[2026-03-23T03:57:11.306+0000] {processor.py:161} INFO - Started process (PID=9052) to work on /opt/airflow/dags/crawl_crypto_prices.py
[2026-03-23T03:57:11.308+0000] {processor.py:830} INFO - Processing file /opt/airflow/dags/crawl_crypto_prices.py for tasks to queue
[2026-03-23T03:57:11.309+0000] {logging_mixin.py:188} INFO - [2026-03-23T03:57:11.309+0000] {dagbag.py:538} INFO - Filling up the DagBag from /opt/airflow/dags/crawl_crypto_prices.py
[2026-03-23T03:57:11.320+0000] {processor.py:840} INFO - DAG(s) 'crawl_crypto_prices' retrieved from /opt/airflow/dags/crawl_crypto_prices.py
[2026-03-23T03:57:11.339+0000] {logging_mixin.py:188} INFO - [2026-03-23T03:57:11.339+0000] {dag.py:3036} INFO - Sync 1 DAGs
[2026-03-23T03:57:11.350+0000] {logging_mixin.py:188} INFO - [2026-03-23T03:57:11.350+0000] {dag.py:3823} INFO - Setting next_dagrun for crawl_crypto_prices to 2026-03-23 03:00:00+00:00, run_after=2026-03-23 04:00:00+00:00
[2026-03-23T03:57:11.357+0000] {processor.py:183} INFO - Processing /opt/airflow/dags/crawl_crypto_prices.py took 0.054 seconds
[2026-03-23T03:57:41.606+0000] {processor.py:161} INFO - Started process (PID=9057) to work on /opt/airflow/dags/crawl_crypto_prices.py
[2026-03-23T03:57:41.607+0000] {processor.py:830} INFO - Processing file /opt/airflow/dags/crawl_crypto_prices.py for tasks to queue
[2026-03-23T03:57:41.607+0000] {logging_mixin.py:188} INFO - [2026-03-23T03:57:41.607+0000] {dagbag.py:538} INFO - Filling up the DagBag from /opt/airflow/dags/crawl_crypto_prices.py
[2026-03-23T03:57:41.618+0000] {processor.py:840} INFO - DAG(s) 'crawl_crypto_prices' retrieved from /opt/airflow/dags/crawl_crypto_prices.py
[2026-03-23T03:57:41.636+0000] {logging_mixin.py:188} INFO - [2026-03-23T03:57:41.636+0000] {dag.py:3036} INFO - Sync 1 DAGs
[2026-03-23T03:57:41.645+0000] {logging_mixin.py:188} INFO - [2026-03-23T03:57:41.645+0000] {dag.py:3823} INFO - Setting next_dagrun for crawl_crypto_prices to 2026-03-23 03:00:00+00:00, run_after=2026-03-23 04:00:00+00:00
[2026-03-23T03:57:41.651+0000] {processor.py:183} INFO - Processing /opt/airflow/dags/crawl_crypto_prices.py took 0.050 seconds
[2026-03-23T03:58:11.916+0000] {processor.py:161} INFO - Started process (PID=9062) to work on /opt/airflow/dags/crawl_crypto_prices.py
[2026-03-23T03:58:11.917+0000] {processor.py:830} INFO - Processing file /opt/airflow/dags/crawl_crypto_prices.py for tasks to queue
[2026-03-23T03:58:11.918+0000] {logging_mixin.py:188} INFO - [2026-03-23T03:58:11.918+0000] {dagbag.py:538} INFO - Filling up the DagBag from /opt/airflow/dags/crawl_crypto_prices.py
[2026-03-23T03:58:11.929+0000] {processor.py:840} INFO - DAG(s) 'crawl_crypto_prices' retrieved from /opt/airflow/dags/crawl_crypto_prices.py
[2026-03-23T03:58:11.945+0000] {logging_mixin.py:188} INFO - [2026-03-23T03:58:11.945+0000] {dag.py:3036} INFO - Sync 1 DAGs
[2026-03-23T03:58:11.955+0000] {logging_mixin.py:188} INFO - [2026-03-23T03:58:11.955+0000] {dag.py:3823} INFO - Setting next_dagrun for crawl_crypto_prices to 2026-03-23 03:00:00+00:00, run_after=2026-03-23 04:00:00+00:00
[2026-03-23T03:58:11.961+0000] {processor.py:183} INFO - Processing /opt/airflow/dags/crawl_crypto_prices.py took 0.048 seconds
[2026-03-23T03:58:42.206+0000] {processor.py:161} INFO - Started process (PID=9067) to work on /opt/airflow/dags/crawl_crypto_prices.py
[2026-03-23T03:58:42.207+0000] {processor.py:830} INFO - Processing file /opt/airflow/dags/crawl_crypto_prices.py for tasks to queue
[2026-03-23T03:58:42.208+0000] {logging_mixin.py:188} INFO - [2026-03-23T03:58:42.208+0000] {dagbag.py:538} INFO - Filling up the DagBag from /opt/airflow/dags/crawl_crypto_prices.py
[2026-03-23T03:58:42.219+0000] {processor.py:840} INFO - DAG(s) 'crawl_crypto_prices' retrieved from /opt/airflow/dags/crawl_crypto_prices.py
[2026-03-23T03:58:42.236+0000] {logging_mixin.py:188} INFO - [2026-03-23T03:58:42.236+0000] {dag.py:3036} INFO - Sync 1 DAGs
[2026-03-23T03:58:42.246+0000] {logging_mixin.py:188} INFO - [2026-03-23T03:58:42.246+0000] {dag.py:3823} INFO - Setting next_dagrun for crawl_crypto_prices to 2026-03-23 03:00:00+00:00, run_after=2026-03-23 04:00:00+00:00
[2026-03-23T03:58:42.253+0000] {processor.py:183} INFO - Processing /opt/airflow/dags/crawl_crypto_prices.py took 0.051 seconds
[2026-03-23T03:59:12.474+0000] {processor.py:161} INFO - Started process (PID=9072) to work on /opt/airflow/dags/crawl_crypto_prices.py
[2026-03-23T03:59:12.475+0000] {processor.py:830} INFO - Processing file /opt/airflow/dags/crawl_crypto_prices.py for tasks to queue
[2026-03-23T03:59:12.475+0000] {logging_mixin.py:188} INFO - [2026-03-23T03:59:12.475+0000] {dagbag.py:538} INFO - Filling up the DagBag from /opt/airflow/dags/crawl_crypto_prices.py
[2026-03-23T03:59:12.484+0000] {processor.py:840} INFO - DAG(s) 'crawl_crypto_prices' retrieved from /opt/airflow/dags/crawl_crypto_prices.py
[2026-03-23T03:59:12.497+0000] {logging_mixin.py:188} INFO - [2026-03-23T03:59:12.497+0000] {dag.py:3036} INFO - Sync 1 DAGs
[2026-03-23T03:59:12.508+0000] {logging_mixin.py:188} INFO - [2026-03-23T03:59:12.508+0000] {dag.py:3823} INFO - Setting next_dagrun for crawl_crypto_prices to 2026-03-23 03:00:00+00:00, run_after=2026-03-23 04:00:00+00:00
[2026-03-23T03:59:12.514+0000] {processor.py:183} INFO - Processing /opt/airflow/dags/crawl_crypto_prices.py took 0.042 seconds
[2026-03-23T03:59:42.743+0000] {processor.py:161} INFO - Started process (PID=9077) to work on /opt/airflow/dags/crawl_crypto_prices.py
[2026-03-23T03:59:42.745+0000] {processor.py:830} INFO - Processing file /opt/airflow/dags/crawl_crypto_prices.py for tasks to queue
[2026-03-23T03:59:42.746+0000] {logging_mixin.py:188} INFO - [2026-03-23T03:59:42.745+0000] {dagbag.py:538} INFO - Filling up the DagBag from /opt/airflow/dags/crawl_crypto_prices.py
[2026-03-23T03:59:42.757+0000] {processor.py:840} INFO - DAG(s) 'crawl_crypto_prices' retrieved from /opt/airflow/dags/crawl_crypto_prices.py
[2026-03-23T03:59:42.773+0000] {logging_mixin.py:188} INFO - [2026-03-23T03:59:42.772+0000] {dag.py:3036} INFO - Sync 1 DAGs
[2026-03-23T03:59:42.783+0000] {logging_mixin.py:188} INFO - [2026-03-23T03:59:42.783+0000] {dag.py:3823} INFO - Setting next_dagrun for crawl_crypto_prices to 2026-03-23 03:00:00+00:00, run_after=2026-03-23 04:00:00+00:00
[2026-03-23T03:59:42.789+0000] {processor.py:183} INFO - Processing /opt/airflow/dags/crawl_crypto_prices.py took 0.051 seconds
[2026-03-23T04:00:13.019+0000] {processor.py:161} INFO - Started process (PID=9084) to work on /opt/airflow/dags/crawl_crypto_prices.py
[2026-03-23T04:00:13.019+0000] {processor.py:830} INFO - Processing file /opt/airflow/dags/crawl_crypto_prices.py for tasks to queue
[2026-03-23T04:00:13.020+0000] {logging_mixin.py:188} INFO - [2026-03-23T04:00:13.020+0000] {dagbag.py:538} INFO - Filling up the DagBag from /opt/airflow/dags/crawl_crypto_prices.py
[2026-03-23T04:00:13.031+0000] {processor.py:840} INFO - DAG(s) 'crawl_crypto_prices' retrieved from /opt/airflow/dags/crawl_crypto_prices.py
[2026-03-23T04:00:13.045+0000] {logging_mixin.py:188} INFO - [2026-03-23T04:00:13.045+0000] {dag.py:3036} INFO - Sync 1 DAGs
[2026-03-23T04:00:13.055+0000] {logging_mixin.py:188} INFO - [2026-03-23T04:00:13.054+0000] {dag.py:3823} INFO - Setting next_dagrun for crawl_crypto_prices to 2026-03-23 04:00:00+00:00, run_after=2026-03-23 05:00:00+00:00
[2026-03-23T04:00:13.061+0000] {processor.py:183} INFO - Processing /opt/airflow/dags/crawl_crypto_prices.py took 0.045 seconds
[2026-03-23T04:00:43.311+0000] {processor.py:161} INFO - Started process (PID=9091) to work on /opt/airflow/dags/crawl_crypto_prices.py
[2026-03-23T04:00:43.312+0000] {processor.py:830} INFO - Processing file /opt/airflow/dags/crawl_crypto_prices.py for tasks to queue
[2026-03-23T04:00:43.313+0000] {logging_mixin.py:188} INFO - [2026-03-23T04:00:43.313+0000] {dagbag.py:538} INFO - Filling up the DagBag from /opt/airflow/dags/crawl_crypto_prices.py
[2026-03-23T04:00:43.326+0000] {processor.py:840} INFO - DAG(s) 'crawl_crypto_prices' retrieved from /opt/airflow/dags/crawl_crypto_prices.py
[2026-03-23T04:00:43.341+0000] {logging_mixin.py:188} INFO - [2026-03-23T04:00:43.341+0000] {dag.py:3036} INFO - Sync 1 DAGs
[2026-03-23T04:00:43.351+0000] {logging_mixin.py:188} INFO - [2026-03-23T04:00:43.351+0000] {dag.py:3823} INFO - Setting next_dagrun for crawl_crypto_prices to 2026-03-23 04:00:00+00:00, run_after=2026-03-23 05:00:00+00:00
[2026-03-23T04:00:43.359+0000] {processor.py:183} INFO - Processing /opt/airflow/dags/crawl_crypto_prices.py took 0.051 seconds
[2026-03-23T04:01:13.554+0000] {processor.py:161} INFO - Started process (PID=9096) to work on /opt/airflow/dags/crawl_crypto_prices.py
[2026-03-23T04:01:13.555+0000] {processor.py:830} INFO - Processing file /opt/airflow/dags/crawl_crypto_prices.py for tasks to queue
[2026-03-23T04:01:13.556+0000] {logging_mixin.py:188} INFO - [2026-03-23T04:01:13.556+0000] {dagbag.py:538} INFO - Filling up the DagBag from /opt/airflow/dags/crawl_crypto_prices.py
[2026-03-23T04:01:13.569+0000] {processor.py:840} INFO - DAG(s) 'crawl_crypto_prices' retrieved from /opt/airflow/dags/crawl_crypto_prices.py
[2026-03-23T04:01:13.588+0000] {logging_mixin.py:188} INFO - [2026-03-23T04:01:13.588+0000] {dag.py:3036} INFO - Sync 1 DAGs
[2026-03-23T04:01:13.598+0000] {logging_mixin.py:188} INFO - [2026-03-23T04:01:13.598+0000] {dag.py:3823} INFO - Setting next_dagrun for crawl_crypto_prices to 2026-03-23 04:00:00+00:00, run_after=2026-03-23 05:00:00+00:00
[2026-03-23T04:01:13.605+0000] {processor.py:183} INFO - Processing /opt/airflow/dags/crawl_crypto_prices.py took 0.054 seconds
[2026-03-23T04:01:43.849+0000] {processor.py:161} INFO - Started process (PID=9101) to work on /opt/airflow/dags/crawl_crypto_prices.py
[2026-03-23T04:01:43.851+0000] {processor.py:830} INFO - Processing file /opt/airflow/dags/crawl_crypto_prices.py for tasks to queue
[2026-03-23T04:01:43.851+0000] {logging_mixin.py:188} INFO - [2026-03-23T04:01:43.851+0000] {dagbag.py:538} INFO - Filling up the DagBag from /opt/airflow/dags/crawl_crypto_prices.py
[2026-03-23T04:01:43.863+0000] {processor.py:840} INFO - DAG(s) 'crawl_crypto_prices' retrieved from /opt/airflow/dags/crawl_crypto_prices.py
[2026-03-23T04:01:43.877+0000] {logging_mixin.py:188} INFO - [2026-03-23T04:01:43.877+0000] {dag.py:3036} INFO - Sync 1 DAGs
[2026-03-23T04:01:43.887+0000] {logging_mixin.py:188} INFO - [2026-03-23T04:01:43.887+0000] {dag.py:3823} INFO - Setting next_dagrun for crawl_crypto_prices to 2026-03-23 04:00:00+00:00, run_after=2026-03-23 05:00:00+00:00
[2026-03-23T04:01:43.893+0000] {processor.py:183} INFO - Processing /opt/airflow/dags/crawl_crypto_prices.py took 0.048 seconds
[2026-03-23T04:02:14.136+0000] {processor.py:161} INFO - Started process (PID=9106) to work on /opt/airflow/dags/crawl_crypto_prices.py
[2026-03-23T04:02:14.137+0000] {processor.py:830} INFO - Processing file /opt/airflow/dags/crawl_crypto_prices.py for tasks to queue
[2026-03-23T04:02:14.138+0000] {logging_mixin.py:188} INFO - [2026-03-23T04:02:14.138+0000] {dagbag.py:538} INFO - Filling up the DagBag from /opt/airflow/dags/crawl_crypto_prices.py
[2026-03-23T04:02:14.148+0000] {processor.py:840} INFO - DAG(s) 'crawl_crypto_prices' retrieved from /opt/airflow/dags/crawl_crypto_prices.py
[2026-03-23T04:02:14.166+0000] {logging_mixin.py:188} INFO - [2026-03-23T04:02:14.166+0000] {dag.py:3036} INFO - Sync 1 DAGs
[2026-03-23T04:02:14.176+0000] {logging_mixin.py:188} INFO - [2026-03-23T04:02:14.176+0000] {dag.py:3823} INFO - Setting next_dagrun for crawl_crypto_prices to 2026-03-23 04:00:00+00:00, run_after=2026-03-23 05:00:00+00:00
[2026-03-23T04:02:14.183+0000] {processor.py:183} INFO - Processing /opt/airflow/dags/crawl_crypto_prices.py took 0.050 seconds
[2026-03-23T04:02:44.412+0000] {processor.py:161} INFO - Started process (PID=9111) to work on /opt/airflow/dags/crawl_crypto_prices.py
[2026-03-23T04:02:44.413+0000] {processor.py:830} INFO - Processing file /opt/airflow/dags/crawl_crypto_prices.py for tasks to queue
[2026-03-23T04:02:44.414+0000] {logging_mixin.py:188} INFO - [2026-03-23T04:02:44.414+0000] {dagbag.py:538} INFO - Filling up the DagBag from /opt/airflow/dags/crawl_crypto_prices.py
[2026-03-23T04:02:44.424+0000] {processor.py:840} INFO - DAG(s) 'crawl_crypto_prices' retrieved from /opt/airflow/dags/crawl_crypto_prices.py
[2026-03-23T04:02:44.443+0000] {logging_mixin.py:188} INFO - [2026-03-23T04:02:44.443+0000] {dag.py:3036} INFO - Sync 1 DAGs
[2026-03-23T04:02:44.454+0000] {logging_mixin.py:188} INFO - [2026-03-23T04:02:44.454+0000] {dag.py:3823} INFO - Setting next_dagrun for crawl_crypto_prices to 2026-03-23 04:00:00+00:00, run_after=2026-03-23 05:00:00+00:00
[2026-03-23T04:02:44.460+0000] {processor.py:183} INFO - Processing /opt/airflow/dags/crawl_crypto_prices.py took 0.051 seconds
[2026-03-23T04:03:14.692+0000] {processor.py:161} INFO - Started process (PID=9116) to work on /opt/airflow/dags/crawl_crypto_prices.py
[2026-03-23T04:03:14.693+0000] {processor.py:830} INFO - Processing file /opt/airflow/dags/crawl_crypto_prices.py for tasks to queue
[2026-03-23T04:03:14.694+0000] {logging_mixin.py:188} INFO - [2026-03-23T04:03:14.693+0000] {dagbag.py:538} INFO - Filling up the DagBag from /opt/airflow/dags/crawl_crypto_prices.py
[2026-03-23T04:03:14.706+0000] {processor.py:840} INFO - DAG(s) 'crawl_crypto_prices' retrieved from /opt/airflow/dags/crawl_crypto_prices.py
[2026-03-23T04:03:14.725+0000] {logging_mixin.py:188} INFO - [2026-03-23T04:03:14.725+0000] {dag.py:3036} INFO - Sync 1 DAGs
[2026-03-23T04:03:14.735+0000] {logging_mixin.py:188} INFO - [2026-03-23T04:03:14.735+0000] {dag.py:3823} INFO - Setting next_dagrun for crawl_crypto_prices to 2026-03-23 04:00:00+00:00, run_after=2026-03-23 05:00:00+00:00
[2026-03-23T04:03:14.741+0000] {processor.py:183} INFO - Processing /opt/airflow/dags/crawl_crypto_prices.py took 0.053 seconds
[2026-03-23T04:03:44.953+0000] {processor.py:161} INFO - Started process (PID=9121) to work on /opt/airflow/dags/crawl_crypto_prices.py
[2026-03-23T04:03:44.954+0000] {processor.py:830} INFO - Processing file /opt/airflow/dags/crawl_crypto_prices.py for tasks to queue
[2026-03-23T04:03:44.955+0000] {logging_mixin.py:188} INFO - [2026-03-23T04:03:44.954+0000] {dagbag.py:538} INFO - Filling up the DagBag from /opt/airflow/dags/crawl_crypto_prices.py
[2026-03-23T04:03:44.964+0000] {processor.py:840} INFO - DAG(s) 'crawl_crypto_prices' retrieved from /opt/airflow/dags/crawl_crypto_prices.py
[2026-03-23T04:03:44.980+0000] {logging_mixin.py:188} INFO - [2026-03-23T04:03:44.980+0000] {dag.py:3036} INFO - Sync 1 DAGs
[2026-03-23T04:03:44.990+0000] {logging_mixin.py:188} INFO - [2026-03-23T04:03:44.989+0000] {dag.py:3823} INFO - Setting next_dagrun for crawl_crypto_prices to 2026-03-23 04:00:00+00:00, run_after=2026-03-23 05:00:00+00:00
[2026-03-23T04:03:44.996+0000] {processor.py:183} INFO - Processing /opt/airflow/dags/crawl_crypto_prices.py took 0.047 seconds
[2026-03-23T04:04:15.192+0000] {processor.py:161} INFO - Started process (PID=9126) to work on /opt/airflow/dags/crawl_crypto_prices.py
[2026-03-23T04:04:15.193+0000] {processor.py:830} INFO - Processing file /opt/airflow/dags/crawl_crypto_prices.py for tasks to queue
[2026-03-23T04:04:15.193+0000] {logging_mixin.py:188} INFO - [2026-03-23T04:04:15.193+0000] {dagbag.py:538} INFO - Filling up the DagBag from /opt/airflow/dags/crawl_crypto_prices.py
[2026-03-23T04:04:15.203+0000] {processor.py:840} INFO - DAG(s) 'crawl_crypto_prices' retrieved from /opt/airflow/dags/crawl_crypto_prices.py
[2026-03-23T04:04:15.220+0000] {logging_mixin.py:188} INFO - [2026-03-23T04:04:15.220+0000] {dag.py:3036} INFO - Sync 1 DAGs
[2026-03-23T04:04:15.229+0000] {logging_mixin.py:188} INFO - [2026-03-23T04:04:15.229+0000] {dag.py:3823} INFO - Setting next_dagrun for crawl_crypto_prices to 2026-03-23 04:00:00+00:00, run_after=2026-03-23 05:00:00+00:00
[2026-03-23T04:04:15.235+0000] {processor.py:183} INFO - Processing /opt/airflow/dags/crawl_crypto_prices.py took 0.046 seconds
[2026-03-23T04:04:45.477+0000] {processor.py:161} INFO - Started process (PID=9131) to work on /opt/airflow/dags/crawl_crypto_prices.py
[2026-03-23T04:04:45.479+0000] {processor.py:830} INFO - Processing file /opt/airflow/dags/crawl_crypto_prices.py for tasks to queue
[2026-03-23T04:04:45.479+0000] {logging_mixin.py:188} INFO - [2026-03-23T04:04:45.479+0000] {dagbag.py:538} INFO - Filling up the DagBag from /opt/airflow/dags/crawl_crypto_prices.py
[2026-03-23T04:04:45.490+0000] {processor.py:840} INFO - DAG(s) 'crawl_crypto_prices' retrieved from /opt/airflow/dags/crawl_crypto_prices.py
[2026-03-23T04:04:45.509+0000] {logging_mixin.py:188} INFO - [2026-03-23T04:04:45.509+0000] {dag.py:3036} INFO - Sync 1 DAGs
[2026-03-23T04:04:45.520+0000] {logging_mixin.py:188} INFO - [2026-03-23T04:04:45.520+0000] {dag.py:3823} INFO - Setting next_dagrun for crawl_crypto_prices to 2026-03-23 04:00:00+00:00, run_after=2026-03-23 05:00:00+00:00
[2026-03-23T04:04:45.527+0000] {processor.py:183} INFO - Processing /opt/airflow/dags/crawl_crypto_prices.py took 0.053 seconds
[2026-03-23T04:05:15.741+0000] {processor.py:161} INFO - Started process (PID=9136) to work on /opt/airflow/dags/crawl_crypto_prices.py
[2026-03-23T04:05:15.742+0000] {processor.py:830} INFO - Processing file /opt/airflow/dags/crawl_crypto_prices.py for tasks to queue
[2026-03-23T04:05:15.743+0000] {logging_mixin.py:188} INFO - [2026-03-23T04:05:15.743+0000] {dagbag.py:538} INFO - Filling up the DagBag from /opt/airflow/dags/crawl_crypto_prices.py
[2026-03-23T04:05:15.754+0000] {processor.py:840} INFO - DAG(s) 'crawl_crypto_prices' retrieved from /opt/airflow/dags/crawl_crypto_prices.py
[2026-03-23T04:05:15.773+0000] {logging_mixin.py:188} INFO - [2026-03-23T04:05:15.773+0000] {dag.py:3036} INFO - Sync 1 DAGs
[2026-03-23T04:05:15.784+0000] {logging_mixin.py:188} INFO - [2026-03-23T04:05:15.784+0000] {dag.py:3823} INFO - Setting next_dagrun for crawl_crypto_prices to 2026-03-23 04:00:00+00:00, run_after=2026-03-23 05:00:00+00:00
[2026-03-23T04:05:15.790+0000] {processor.py:183} INFO - Processing /opt/airflow/dags/crawl_crypto_prices.py took 0.053 seconds
[2026-03-23T04:05:46.106+0000] {processor.py:161} INFO - Started process (PID=9141) to work on /opt/airflow/dags/crawl_crypto_prices.py
[2026-03-23T04:05:46.107+0000] {processor.py:830} INFO - Processing file /opt/airflow/dags/crawl_crypto_prices.py for tasks to queue
[2026-03-23T04:05:46.107+0000] {logging_mixin.py:188} INFO - [2026-03-23T04:05:46.107+0000] {dagbag.py:538} INFO - Filling up the DagBag from /opt/airflow/dags/crawl_crypto_prices.py
[2026-03-23T04:05:46.119+0000] {processor.py:840} INFO - DAG(s) 'crawl_crypto_prices' retrieved from /opt/airflow/dags/crawl_crypto_prices.py
[2026-03-23T04:05:46.138+0000] {logging_mixin.py:188} INFO - [2026-03-23T04:05:46.138+0000] {dag.py:3036} INFO - Sync 1 DAGs
[2026-03-23T04:05:46.149+0000] {logging_mixin.py:188} INFO - [2026-03-23T04:05:46.149+0000] {dag.py:3823} INFO - Setting next_dagrun for crawl_crypto_prices to 2026-03-23 04:00:00+00:00, run_after=2026-03-23 05:00:00+00:00
[2026-03-23T04:05:46.155+0000] {processor.py:183} INFO - Processing /opt/airflow/dags/crawl_crypto_prices.py took 0.052 seconds
[2026-03-23T04:06:16.484+0000] {processor.py:161} INFO - Started process (PID=9146) to work on /opt/airflow/dags/crawl_crypto_prices.py
[2026-03-23T04:06:16.485+0000] {processor.py:830} INFO - Processing file /opt/airflow/dags/crawl_crypto_prices.py for tasks to queue
[2026-03-23T04:06:16.486+0000] {logging_mixin.py:188} INFO - [2026-03-23T04:06:16.486+0000] {dagbag.py:538} INFO - Filling up the DagBag from /opt/airflow/dags/crawl_crypto_prices.py
[2026-03-23T04:06:16.499+0000] {processor.py:840} INFO - DAG(s) 'crawl_crypto_prices' retrieved from /opt/airflow/dags/crawl_crypto_prices.py
[2026-03-23T04:06:16.520+0000] {logging_mixin.py:188} INFO - [2026-03-23T04:06:16.519+0000] {dag.py:3036} INFO - Sync 1 DAGs
[2026-03-23T04:06:16.529+0000] {logging_mixin.py:188} INFO - [2026-03-23T04:06:16.529+0000] {dag.py:3823} INFO - Setting next_dagrun for crawl_crypto_prices to 2026-03-23 04:00:00+00:00, run_after=2026-03-23 05:00:00+00:00
[2026-03-23T04:06:16.535+0000] {processor.py:183} INFO - Processing /opt/airflow/dags/crawl_crypto_prices.py took 0.056 seconds
[2026-03-23T04:09:35.331+0000] {processor.py:161} INFO - Started process (PID=9151) to work on /opt/airflow/dags/crawl_crypto_prices.py
[2026-03-23T04:09:35.332+0000] {processor.py:830} INFO - Processing file /opt/airflow/dags/crawl_crypto_prices.py for tasks to queue
[2026-03-23T04:09:35.333+0000] {logging_mixin.py:188} INFO - [2026-03-23T04:09:35.333+0000] {dagbag.py:538} INFO - Filling up the DagBag from /opt/airflow/dags/crawl_crypto_prices.py
[2026-03-23T04:09:35.347+0000] {processor.py:840} INFO - DAG(s) 'crawl_crypto_prices' retrieved from /opt/airflow/dags/crawl_crypto_prices.py
[2026-03-23T04:09:35.370+0000] {logging_mixin.py:188} INFO - [2026-03-23T04:09:35.370+0000] {dag.py:3036} INFO - Sync 1 DAGs
[2026-03-23T04:09:35.396+0000] {logging_mixin.py:188} INFO - [2026-03-23T04:09:35.396+0000] {dag.py:3823} INFO - Setting next_dagrun for crawl_crypto_prices to 2026-03-23 04:00:00+00:00, run_after=2026-03-23 05:00:00+00:00
[2026-03-23T04:09:35.411+0000] {processor.py:183} INFO - Processing /opt/airflow/dags/crawl_crypto_prices.py took 0.084 seconds
[2026-03-23T04:10:05.670+0000] {processor.py:161} INFO - Started process (PID=9158) to work on /opt/airflow/dags/crawl_crypto_prices.py
[2026-03-23T04:10:05.672+0000] {processor.py:830} INFO - Processing file /opt/airflow/dags/crawl_crypto_prices.py for tasks to queue
[2026-03-23T04:10:05.674+0000] {logging_mixin.py:188} INFO - [2026-03-23T04:10:05.674+0000] {dagbag.py:538} INFO - Filling up the DagBag from /opt/airflow/dags/crawl_crypto_prices.py
[2026-03-23T04:10:05.685+0000] {processor.py:840} INFO - DAG(s) 'crawl_crypto_prices' retrieved from /opt/airflow/dags/crawl_crypto_prices.py
[2026-03-23T04:10:05.705+0000] {logging_mixin.py:188} INFO - [2026-03-23T04:10:05.705+0000] {dag.py:3036} INFO - Sync 1 DAGs
[2026-03-23T04:10:05.715+0000] {logging_mixin.py:188} INFO - [2026-03-23T04:10:05.715+0000] {dag.py:3823} INFO - Setting next_dagrun for crawl_crypto_prices to 2026-03-23 04:00:00+00:00, run_after=2026-03-23 05:00:00+00:00
[2026-03-23T04:10:05.721+0000] {processor.py:183} INFO - Processing /opt/airflow/dags/crawl_crypto_prices.py took 0.055 seconds
[2026-03-23T04:10:35.984+0000] {processor.py:161} INFO - Started process (PID=9163) to work on /opt/airflow/dags/crawl_crypto_prices.py
[2026-03-23T04:10:35.985+0000] {processor.py:830} INFO - Processing file /opt/airflow/dags/crawl_crypto_prices.py for tasks to queue
[2026-03-23T04:10:35.986+0000] {logging_mixin.py:188} INFO - [2026-03-23T04:10:35.986+0000] {dagbag.py:538} INFO - Filling up the DagBag from /opt/airflow/dags/crawl_crypto_prices.py
[2026-03-23T04:10:35.998+0000] {processor.py:840} INFO - DAG(s) 'crawl_crypto_prices' retrieved from /opt/airflow/dags/crawl_crypto_prices.py
[2026-03-23T04:10:36.015+0000] {logging_mixin.py:188} INFO - [2026-03-23T04:10:36.015+0000] {dag.py:3036} INFO - Sync 1 DAGs
[2026-03-23T04:10:36.025+0000] {logging_mixin.py:188} INFO - [2026-03-23T04:10:36.025+0000] {dag.py:3823} INFO - Setting next_dagrun for crawl_crypto_prices to 2026-03-23 04:00:00+00:00, run_after=2026-03-23 05:00:00+00:00
[2026-03-23T04:10:36.031+0000] {processor.py:183} INFO - Processing /opt/airflow/dags/crawl_crypto_prices.py took 0.050 seconds
[2026-03-23T04:11:06.273+0000] {processor.py:161} INFO - Started process (PID=9168) to work on /opt/airflow/dags/crawl_crypto_prices.py
[2026-03-23T04:11:06.273+0000] {processor.py:830} INFO - Processing file /opt/airflow/dags/crawl_crypto_prices.py for tasks to queue
[2026-03-23T04:11:06.274+0000] {logging_mixin.py:188} INFO - [2026-03-23T04:11:06.274+0000] {dagbag.py:538} INFO - Filling up the DagBag from /opt/airflow/dags/crawl_crypto_prices.py
[2026-03-23T04:11:06.281+0000] {processor.py:840} INFO - DAG(s) 'crawl_crypto_prices' retrieved from /opt/airflow/dags/crawl_crypto_prices.py
[2026-03-23T04:11:06.296+0000] {logging_mixin.py:188} INFO - [2026-03-23T04:11:06.296+0000] {dag.py:3036} INFO - Sync 1 DAGs
[2026-03-23T04:11:06.306+0000] {logging_mixin.py:188} INFO - [2026-03-23T04:11:06.306+0000] {dag.py:3823} INFO - Setting next_dagrun for crawl_crypto_prices to 2026-03-23 04:00:00+00:00, run_after=2026-03-23 05:00:00+00:00
[2026-03-23T04:11:06.312+0000] {processor.py:183} INFO - Processing /opt/airflow/dags/crawl_crypto_prices.py took 0.041 seconds
[2026-03-23T04:11:36.565+0000] {processor.py:161} INFO - Started process (PID=9173) to work on /opt/airflow/dags/crawl_crypto_prices.py
[2026-03-23T04:11:36.566+0000] {processor.py:830} INFO - Processing file /opt/airflow/dags/crawl_crypto_prices.py for tasks to queue
[2026-03-23T04:11:36.566+0000] {logging_mixin.py:188} INFO - [2026-03-23T04:11:36.566+0000] {dagbag.py:538} INFO - Filling up the DagBag from /opt/airflow/dags/crawl_crypto_prices.py
[2026-03-23T04:11:36.574+0000] {processor.py:840} INFO - DAG(s) 'crawl_crypto_prices' retrieved from /opt/airflow/dags/crawl_crypto_prices.py
[2026-03-23T04:11:36.590+0000] {logging_mixin.py:188} INFO - [2026-03-23T04:11:36.590+0000] {dag.py:3036} INFO - Sync 1 DAGs
[2026-03-23T04:11:36.599+0000] {logging_mixin.py:188} INFO - [2026-03-23T04:11:36.599+0000] {dag.py:3823} INFO - Setting next_dagrun for crawl_crypto_prices to 2026-03-23 04:00:00+00:00, run_after=2026-03-23 05:00:00+00:00
[2026-03-23T04:11:36.606+0000] {processor.py:183} INFO - Processing /opt/airflow/dags/crawl_crypto_prices.py took 0.043 seconds
[2026-03-23T04:12:06.898+0000] {processor.py:161} INFO - Started process (PID=9178) to work on /opt/airflow/dags/crawl_crypto_prices.py
[2026-03-23T04:12:06.898+0000] {processor.py:830} INFO - Processing file /opt/airflow/dags/crawl_crypto_prices.py for tasks to queue
[2026-03-23T04:12:06.899+0000] {logging_mixin.py:188} INFO - [2026-03-23T04:12:06.899+0000] {dagbag.py:538} INFO - Filling up the DagBag from /opt/airflow/dags/crawl_crypto_prices.py
[2026-03-23T04:12:06.908+0000] {processor.py:840} INFO - DAG(s) 'crawl_crypto_prices' retrieved from /opt/airflow/dags/crawl_crypto_prices.py
[2026-03-23T04:12:06.923+0000] {logging_mixin.py:188} INFO - [2026-03-23T04:12:06.923+0000] {dag.py:3036} INFO - Sync 1 DAGs
[2026-03-23T04:12:06.932+0000] {logging_mixin.py:188} INFO - [2026-03-23T04:12:06.932+0000] {dag.py:3823} INFO - Setting next_dagrun for crawl_crypto_prices to 2026-03-23 04:00:00+00:00, run_after=2026-03-23 05:00:00+00:00
[2026-03-23T04:12:06.939+0000] {processor.py:183} INFO - Processing /opt/airflow/dags/crawl_crypto_prices.py took 0.043 seconds
[2026-03-23T04:12:37.199+0000] {processor.py:161} INFO - Started process (PID=9183) to work on /opt/airflow/dags/crawl_crypto_prices.py
[2026-03-23T04:12:37.200+0000] {processor.py:830} INFO - Processing file /opt/airflow/dags/crawl_crypto_prices.py for tasks to queue
[2026-03-23T04:12:37.201+0000] {logging_mixin.py:188} INFO - [2026-03-23T04:12:37.201+0000] {dagbag.py:538} INFO - Filling up the DagBag from /opt/airflow/dags/crawl_crypto_prices.py
[2026-03-23T04:12:37.212+0000] {processor.py:840} INFO - DAG(s) 'crawl_crypto_prices' retrieved from /opt/airflow/dags/crawl_crypto_prices.py
[2026-03-23T04:12:37.231+0000] {logging_mixin.py:188} INFO - [2026-03-23T04:12:37.231+0000] {dag.py:3036} INFO - Sync 1 DAGs
[2026-03-23T04:12:37.241+0000] {logging_mixin.py:188} INFO - [2026-03-23T04:12:37.241+0000] {dag.py:3823} INFO - Setting next_dagrun for crawl_crypto_prices to 2026-03-23 04:00:00+00:00, run_after=2026-03-23 05:00:00+00:00
[2026-03-23T04:12:37.247+0000] {processor.py:183} INFO - Processing /opt/airflow/dags/crawl_crypto_prices.py took 0.051 seconds
[2026-03-23T04:13:07.536+0000] {processor.py:161} INFO - Started process (PID=9188) to work on /opt/airflow/dags/crawl_crypto_prices.py
[2026-03-23T04:13:07.537+0000] {processor.py:830} INFO - Processing file /opt/airflow/dags/crawl_crypto_prices.py for tasks to queue
[2026-03-23T04:13:07.538+0000] {logging_mixin.py:188} INFO - [2026-03-23T04:13:07.538+0000] {dagbag.py:538} INFO - Filling up the DagBag from /opt/airflow/dags/crawl_crypto_prices.py
[2026-03-23T04:13:07.549+0000] {processor.py:840} INFO - DAG(s) 'crawl_crypto_prices' retrieved from /opt/airflow/dags/crawl_crypto_prices.py
[2026-03-23T04:13:07.567+0000] {logging_mixin.py:188} INFO - [2026-03-23T04:13:07.567+0000] {dag.py:3036} INFO - Sync 1 DAGs
[2026-03-23T04:13:07.577+0000] {logging_mixin.py:188} INFO - [2026-03-23T04:13:07.577+0000] {dag.py:3823} INFO - Setting next_dagrun for crawl_crypto_prices to 2026-03-23 04:00:00+00:00, run_after=2026-03-23 05:00:00+00:00
[2026-03-23T04:13:07.583+0000] {processor.py:183} INFO - Processing /opt/airflow/dags/crawl_crypto_prices.py took 0.050 seconds
[2026-03-23T04:13:37.864+0000] {processor.py:161} INFO - Started process (PID=9193) to work on /opt/airflow/dags/crawl_crypto_prices.py
[2026-03-23T04:13:37.865+0000] {processor.py:830} INFO - Processing file /opt/airflow/dags/crawl_crypto_prices.py for tasks to queue
[2026-03-23T04:13:37.866+0000] {logging_mixin.py:188} INFO - [2026-03-23T04:13:37.866+0000] {dagbag.py:538} INFO - Filling up the DagBag from /opt/airflow/dags/crawl_crypto_prices.py
[2026-03-23T04:13:37.879+0000] {processor.py:840} INFO - DAG(s) 'crawl_crypto_prices' retrieved from /opt/airflow/dags/crawl_crypto_prices.py
[2026-03-23T04:13:37.900+0000] {logging_mixin.py:188} INFO - [2026-03-23T04:13:37.900+0000] {dag.py:3036} INFO - Sync 1 DAGs
[2026-03-23T04:13:37.910+0000] {logging_mixin.py:188} INFO - [2026-03-23T04:13:37.910+0000] {dag.py:3823} INFO - Setting next_dagrun for crawl_crypto_prices to 2026-03-23 04:00:00+00:00, run_after=2026-03-23 05:00:00+00:00
[2026-03-23T04:13:37.917+0000] {processor.py:183} INFO - Processing /opt/airflow/dags/crawl_crypto_prices.py took 0.057 seconds
[2026-03-23T04:14:08.199+0000] {processor.py:161} INFO - Started process (PID=9198) to work on /opt/airflow/dags/crawl_crypto_prices.py
[2026-03-23T04:14:08.200+0000] {processor.py:830} INFO - Processing file /opt/airflow/dags/crawl_crypto_prices.py for tasks to queue
[2026-03-23T04:14:08.201+0000] {logging_mixin.py:188} INFO - [2026-03-23T04:14:08.201+0000] {dagbag.py:538} INFO - Filling up the DagBag from /opt/airflow/dags/crawl_crypto_prices.py
[2026-03-23T04:14:08.213+0000] {processor.py:840} INFO - DAG(s) 'crawl_crypto_prices' retrieved from /opt/airflow/dags/crawl_crypto_prices.py
[2026-03-23T04:14:08.235+0000] {logging_mixin.py:188} INFO - [2026-03-23T04:14:08.234+0000] {dag.py:3036} INFO - Sync 1 DAGs
[2026-03-23T04:14:08.246+0000] {logging_mixin.py:188} INFO - [2026-03-23T04:14:08.246+0000] {dag.py:3823} INFO - Setting next_dagrun for crawl_crypto_prices to 2026-03-23 04:00:00+00:00, run_after=2026-03-23 05:00:00+00:00
[2026-03-23T04:14:08.251+0000] {processor.py:183} INFO - Processing /opt/airflow/dags/crawl_crypto_prices.py took 0.056 seconds
[2026-03-23T04:14:38.504+0000] {processor.py:161} INFO - Started process (PID=9203) to work on /opt/airflow/dags/crawl_crypto_prices.py
[2026-03-23T04:14:38.506+0000] {processor.py:830} INFO - Processing file /opt/airflow/dags/crawl_crypto_prices.py for tasks to queue
[2026-03-23T04:14:38.506+0000] {logging_mixin.py:188} INFO - [2026-03-23T04:14:38.506+0000] {dagbag.py:538} INFO - Filling up the DagBag from /opt/airflow/dags/crawl_crypto_prices.py
[2026-03-23T04:14:38.517+0000] {processor.py:840} INFO - DAG(s) 'crawl_crypto_prices' retrieved from /opt/airflow/dags/crawl_crypto_prices.py
[2026-03-23T04:14:38.536+0000] {logging_mixin.py:188} INFO - [2026-03-23T04:14:38.536+0000] {dag.py:3036} INFO - Sync 1 DAGs
[2026-03-23T04:14:38.547+0000] {logging_mixin.py:188} INFO - [2026-03-23T04:14:38.547+0000] {dag.py:3823} INFO - Setting next_dagrun for crawl_crypto_prices to 2026-03-23 04:00:00+00:00, run_after=2026-03-23 05:00:00+00:00
[2026-03-23T04:14:38.553+0000] {processor.py:183} INFO - Processing /opt/airflow/dags/crawl_crypto_prices.py took 0.052 seconds
[2026-03-23T04:15:08.788+0000] {processor.py:161} INFO - Started process (PID=9208) to work on /opt/airflow/dags/crawl_crypto_prices.py
[2026-03-23T04:15:08.789+0000] {processor.py:830} INFO - Processing file /opt/airflow/dags/crawl_crypto_prices.py for tasks to queue
[2026-03-23T04:15:08.790+0000] {logging_mixin.py:188} INFO - [2026-03-23T04:15:08.789+0000] {dagbag.py:538} INFO - Filling up the DagBag from /opt/airflow/dags/crawl_crypto_prices.py
[2026-03-23T04:15:08.800+0000] {processor.py:840} INFO - DAG(s) 'crawl_crypto_prices' retrieved from /opt/airflow/dags/crawl_crypto_prices.py
[2026-03-23T04:15:08.819+0000] {logging_mixin.py:188} INFO - [2026-03-23T04:15:08.819+0000] {dag.py:3036} INFO - Sync 1 DAGs
[2026-03-23T04:15:08.830+0000] {logging_mixin.py:188} INFO - [2026-03-23T04:15:08.830+0000] {dag.py:3823} INFO - Setting next_dagrun for crawl_crypto_prices to 2026-03-23 04:00:00+00:00, run_after=2026-03-23 05:00:00+00:00
[2026-03-23T04:15:08.836+0000] {processor.py:183} INFO - Processing /opt/airflow/dags/crawl_crypto_prices.py took 0.051 seconds
[2026-03-23T04:15:39.047+0000] {processor.py:161} INFO - Started process (PID=9213) to work on /opt/airflow/dags/crawl_crypto_prices.py
[2026-03-23T04:15:39.048+0000] {processor.py:830} INFO - Processing file /opt/airflow/dags/crawl_crypto_prices.py for tasks to queue
[2026-03-23T04:15:39.049+0000] {logging_mixin.py:188} INFO - [2026-03-23T04:15:39.048+0000] {dagbag.py:538} INFO - Filling up the DagBag from /opt/airflow/dags/crawl_crypto_prices.py
[2026-03-23T04:15:39.058+0000] {processor.py:840} INFO - DAG(s) 'crawl_crypto_prices' retrieved from /opt/airflow/dags/crawl_crypto_prices.py
[2026-03-23T04:15:39.078+0000] {logging_mixin.py:188} INFO - [2026-03-23T04:15:39.078+0000] {dag.py:3036} INFO - Sync 1 DAGs
[2026-03-23T04:15:39.089+0000] {logging_mixin.py:188} INFO - [2026-03-23T04:15:39.089+0000] {dag.py:3823} INFO - Setting next_dagrun for crawl_crypto_prices to 2026-03-23 04:00:00+00:00, run_after=2026-03-23 05:00:00+00:00
[2026-03-23T04:15:39.095+0000] {processor.py:183} INFO - Processing /opt/airflow/dags/crawl_crypto_prices.py took 0.051 seconds
[2026-03-23T04:16:09.343+0000] {processor.py:161} INFO - Started process (PID=9218) to work on /opt/airflow/dags/crawl_crypto_prices.py
[2026-03-23T04:16:09.343+0000] {processor.py:830} INFO - Processing file /opt/airflow/dags/crawl_crypto_prices.py for tasks to queue
[2026-03-23T04:16:09.344+0000] {logging_mixin.py:188} INFO - [2026-03-23T04:16:09.344+0000] {dagbag.py:538} INFO - Filling up the DagBag from /opt/airflow/dags/crawl_crypto_prices.py
[2026-03-23T04:16:09.355+0000] {processor.py:840} INFO - DAG(s) 'crawl_crypto_prices' retrieved from /opt/airflow/dags/crawl_crypto_prices.py
[2026-03-23T04:16:09.375+0000] {logging_mixin.py:188} INFO - [2026-03-23T04:16:09.375+0000] {dag.py:3036} INFO - Sync 1 DAGs
[2026-03-23T04:16:09.386+0000] {logging_mixin.py:188} INFO - [2026-03-23T04:16:09.386+0000] {dag.py:3823} INFO - Setting next_dagrun for crawl_crypto_prices to 2026-03-23 04:00:00+00:00, run_after=2026-03-23 05:00:00+00:00
[2026-03-23T04:16:09.392+0000] {processor.py:183} INFO - Processing /opt/airflow/dags/crawl_crypto_prices.py took 0.053 seconds
[2026-03-23T04:16:39.620+0000] {processor.py:161} INFO - Started process (PID=9223) to work on /opt/airflow/dags/crawl_crypto_prices.py
[2026-03-23T04:16:39.621+0000] {processor.py:830} INFO - Processing file /opt/airflow/dags/crawl_crypto_prices.py for tasks to queue
[2026-03-23T04:16:39.622+0000] {logging_mixin.py:188} INFO - [2026-03-23T04:16:39.622+0000] {dagbag.py:538} INFO - Filling up the DagBag from /opt/airflow/dags/crawl_crypto_prices.py
[2026-03-23T04:16:39.632+0000] {processor.py:840} INFO - DAG(s) 'crawl_crypto_prices' retrieved from /opt/airflow/dags/crawl_crypto_prices.py
[2026-03-23T04:16:39.652+0000] {logging_mixin.py:188} INFO - [2026-03-23T04:16:39.652+0000] {dag.py:3036} INFO - Sync 1 DAGs
[2026-03-23T04:16:39.666+0000] {logging_mixin.py:188} INFO - [2026-03-23T04:16:39.666+0000] {dag.py:3823} INFO - Setting next_dagrun for crawl_crypto_prices to 2026-03-23 04:00:00+00:00, run_after=2026-03-23 05:00:00+00:00
[2026-03-23T04:16:39.673+0000] {processor.py:183} INFO - Processing /opt/airflow/dags/crawl_crypto_prices.py took 0.056 seconds
[2026-03-23T04:17:09.889+0000] {processor.py:161} INFO - Started process (PID=9228) to work on /opt/airflow/dags/crawl_crypto_prices.py
[2026-03-23T04:17:09.890+0000] {processor.py:830} INFO - Processing file /opt/airflow/dags/crawl_crypto_prices.py for tasks to queue
[2026-03-23T04:17:09.891+0000] {logging_mixin.py:188} INFO - [2026-03-23T04:17:09.891+0000] {dagbag.py:538} INFO - Filling up the DagBag from /opt/airflow/dags/crawl_crypto_prices.py
[2026-03-23T04:17:09.902+0000] {processor.py:840} INFO - DAG(s) 'crawl_crypto_prices' retrieved from /opt/airflow/dags/crawl_crypto_prices.py
[2026-03-23T04:17:09.921+0000] {logging_mixin.py:188} INFO - [2026-03-23T04:17:09.920+0000] {dag.py:3036} INFO - Sync 1 DAGs
[2026-03-23T04:17:09.930+0000] {logging_mixin.py:188} INFO - [2026-03-23T04:17:09.930+0000] {dag.py:3823} INFO - Setting next_dagrun for crawl_crypto_prices to 2026-03-23 04:00:00+00:00, run_after=2026-03-23 05:00:00+00:00
[2026-03-23T04:17:09.937+0000] {processor.py:183} INFO - Processing /opt/airflow/dags/crawl_crypto_prices.py took 0.051 seconds
[2026-03-23T04:17:40.189+0000] {processor.py:161} INFO - Started process (PID=9233) to work on /opt/airflow/dags/crawl_crypto_prices.py
[2026-03-23T04:17:40.190+0000] {processor.py:830} INFO - Processing file /opt/airflow/dags/crawl_crypto_prices.py for tasks to queue
[2026-03-23T04:17:40.191+0000] {logging_mixin.py:188} INFO - [2026-03-23T04:17:40.191+0000] {dagbag.py:538} INFO - Filling up the DagBag from /opt/airflow/dags/crawl_crypto_prices.py
[2026-03-23T04:17:40.202+0000] {processor.py:840} INFO - DAG(s) 'crawl_crypto_prices' retrieved from /opt/airflow/dags/crawl_crypto_prices.py
[2026-03-23T04:17:40.217+0000] {logging_mixin.py:188} INFO - [2026-03-23T04:17:40.217+0000] {dag.py:3036} INFO - Sync 1 DAGs
[2026-03-23T04:17:40.226+0000] {logging_mixin.py:188} INFO - [2026-03-23T04:17:40.226+0000] {dag.py:3823} INFO - Setting next_dagrun for crawl_crypto_prices to 2026-03-23 04:00:00+00:00, run_after=2026-03-23 05:00:00+00:00
[2026-03-23T04:17:40.232+0000] {processor.py:183} INFO - Processing /opt/airflow/dags/crawl_crypto_prices.py took 0.046 seconds
[2026-03-23T04:18:10.457+0000] {processor.py:161} INFO - Started process (PID=9238) to work on /opt/airflow/dags/crawl_crypto_prices.py
[2026-03-23T04:18:10.459+0000] {processor.py:830} INFO - Processing file /opt/airflow/dags/crawl_crypto_prices.py for tasks to queue
[2026-03-23T04:18:10.459+0000] {logging_mixin.py:188} INFO - [2026-03-23T04:18:10.459+0000] {dagbag.py:538} INFO - Filling up the DagBag from /opt/airflow/dags/crawl_crypto_prices.py
[2026-03-23T04:18:10.470+0000] {processor.py:840} INFO - DAG(s) 'crawl_crypto_prices' retrieved from /opt/airflow/dags/crawl_crypto_prices.py
[2026-03-23T04:18:10.486+0000] {logging_mixin.py:188} INFO - [2026-03-23T04:18:10.486+0000] {dag.py:3036} INFO - Sync 1 DAGs
[2026-03-23T04:18:10.498+0000] {logging_mixin.py:188} INFO - [2026-03-23T04:18:10.497+0000] {dag.py:3823} INFO - Setting next_dagrun for crawl_crypto_prices to 2026-03-23 04:00:00+00:00, run_after=2026-03-23 05:00:00+00:00
[2026-03-23T04:18:10.505+0000] {processor.py:183} INFO - Processing /opt/airflow/dags/crawl_crypto_prices.py took 0.051 seconds
[2026-03-23T04:18:40.744+0000] {processor.py:161} INFO - Started process (PID=9243) to work on /opt/airflow/dags/crawl_crypto_prices.py
[2026-03-23T04:18:40.745+0000] {processor.py:830} INFO - Processing file /opt/airflow/dags/crawl_crypto_prices.py for tasks to queue
[2026-03-23T04:18:40.746+0000] {logging_mixin.py:188} INFO - [2026-03-23T04:18:40.746+0000] {dagbag.py:538} INFO - Filling up the DagBag from /opt/airflow/dags/crawl_crypto_prices.py
[2026-03-23T04:18:40.756+0000] {processor.py:840} INFO - DAG(s) 'crawl_crypto_prices' retrieved from /opt/airflow/dags/crawl_crypto_prices.py
[2026-03-23T04:18:40.774+0000] {logging_mixin.py:188} INFO - [2026-03-23T04:18:40.774+0000] {dag.py:3036} INFO - Sync 1 DAGs
[2026-03-23T04:18:40.783+0000] {logging_mixin.py:188} INFO - [2026-03-23T04:18:40.783+0000] {dag.py:3823} INFO - Setting next_dagrun for crawl_crypto_prices to 2026-03-23 04:00:00+00:00, run_after=2026-03-23 05:00:00+00:00
[2026-03-23T04:18:40.789+0000] {processor.py:183} INFO - Processing /opt/airflow/dags/crawl_crypto_prices.py took 0.049 seconds
[2026-03-23T04:19:11.020+0000] {processor.py:161} INFO - Started process (PID=9248) to work on /opt/airflow/dags/crawl_crypto_prices.py
[2026-03-23T04:19:11.020+0000] {processor.py:830} INFO - Processing file /opt/airflow/dags/crawl_crypto_prices.py for tasks to queue
[2026-03-23T04:19:11.021+0000] {logging_mixin.py:188} INFO - [2026-03-23T04:19:11.021+0000] {dagbag.py:538} INFO - Filling up the DagBag from /opt/airflow/dags/crawl_crypto_prices.py
[2026-03-23T04:19:11.030+0000] {processor.py:840} INFO - DAG(s) 'crawl_crypto_prices' retrieved from /opt/airflow/dags/crawl_crypto_prices.py
[2026-03-23T04:19:11.045+0000] {logging_mixin.py:188} INFO - [2026-03-23T04:19:11.045+0000] {dag.py:3036} INFO - Sync 1 DAGs
[2026-03-23T04:19:11.053+0000] {logging_mixin.py:188} INFO - [2026-03-23T04:19:11.053+0000] {dag.py:3823} INFO - Setting next_dagrun for crawl_crypto_prices to 2026-03-23 04:00:00+00:00, run_after=2026-03-23 05:00:00+00:00
[2026-03-23T04:19:11.060+0000] {processor.py:183} INFO - Processing /opt/airflow/dags/crawl_crypto_prices.py took 0.043 seconds
[2026-03-23T04:19:41.315+0000] {processor.py:161} INFO - Started process (PID=9253) to work on /opt/airflow/dags/crawl_crypto_prices.py
[2026-03-23T04:19:41.315+0000] {processor.py:830} INFO - Processing file /opt/airflow/dags/crawl_crypto_prices.py for tasks to queue
[2026-03-23T04:19:41.316+0000] {logging_mixin.py:188} INFO - [2026-03-23T04:19:41.316+0000] {dagbag.py:538} INFO - Filling up the DagBag from /opt/airflow/dags/crawl_crypto_prices.py
[2026-03-23T04:19:41.327+0000] {processor.py:840} INFO - DAG(s) 'crawl_crypto_prices' retrieved from /opt/airflow/dags/crawl_crypto_prices.py
[2026-03-23T04:19:41.345+0000] {logging_mixin.py:188} INFO - [2026-03-23T04:19:41.345+0000] {dag.py:3036} INFO - Sync 1 DAGs
[2026-03-23T04:19:41.356+0000] {logging_mixin.py:188} INFO - [2026-03-23T04:19:41.356+0000] {dag.py:3823} INFO - Setting next_dagrun for crawl_crypto_prices to 2026-03-23 04:00:00+00:00, run_after=2026-03-23 05:00:00+00:00
[2026-03-23T04:19:41.363+0000] {processor.py:183} INFO - Processing /opt/airflow/dags/crawl_crypto_prices.py took 0.051 seconds
[2026-03-23T04:20:11.632+0000] {processor.py:161} INFO - Started process (PID=9258) to work on /opt/airflow/dags/crawl_crypto_prices.py
[2026-03-23T04:20:11.633+0000] {processor.py:830} INFO - Processing file /opt/airflow/dags/crawl_crypto_prices.py for tasks to queue
[2026-03-23T04:20:11.634+0000] {logging_mixin.py:188} INFO - [2026-03-23T04:20:11.633+0000] {dagbag.py:538} INFO - Filling up the DagBag from /opt/airflow/dags/crawl_crypto_prices.py
[2026-03-23T04:20:11.644+0000] {processor.py:840} INFO - DAG(s) 'crawl_crypto_prices' retrieved from /opt/airflow/dags/crawl_crypto_prices.py
[2026-03-23T04:20:11.662+0000] {logging_mixin.py:188} INFO - [2026-03-23T04:20:11.662+0000] {dag.py:3036} INFO - Sync 1 DAGs
[2026-03-23T04:20:11.672+0000] {logging_mixin.py:188} INFO - [2026-03-23T04:20:11.672+0000] {dag.py:3823} INFO - Setting next_dagrun for crawl_crypto_prices to 2026-03-23 04:00:00+00:00, run_after=2026-03-23 05:00:00+00:00
[2026-03-23T04:20:11.679+0000] {processor.py:183} INFO - Processing /opt/airflow/dags/crawl_crypto_prices.py took 0.050 seconds
[2026-03-23T04:20:41.980+0000] {processor.py:161} INFO - Started process (PID=9263) to work on /opt/airflow/dags/crawl_crypto_prices.py
[2026-03-23T04:20:41.981+0000] {processor.py:830} INFO - Processing file /opt/airflow/dags/crawl_crypto_prices.py for tasks to queue
[2026-03-23T04:20:41.981+0000] {logging_mixin.py:188} INFO - [2026-03-23T04:20:41.981+0000] {dagbag.py:538} INFO - Filling up the DagBag from /opt/airflow/dags/crawl_crypto_prices.py
[2026-03-23T04:20:41.992+0000] {processor.py:840} INFO - DAG(s) 'crawl_crypto_prices' retrieved from /opt/airflow/dags/crawl_crypto_prices.py
[2026-03-23T04:20:42.010+0000] {logging_mixin.py:188} INFO - [2026-03-23T04:20:42.010+0000] {dag.py:3036} INFO - Sync 1 DAGs
[2026-03-23T04:20:42.021+0000] {logging_mixin.py:188} INFO - [2026-03-23T04:20:42.021+0000] {dag.py:3823} INFO - Setting next_dagrun for crawl_crypto_prices to 2026-03-23 04:00:00+00:00, run_after=2026-03-23 05:00:00+00:00
[2026-03-23T04:20:42.028+0000] {processor.py:183} INFO - Processing /opt/airflow/dags/crawl_crypto_prices.py took 0.052 seconds
[2026-03-23T04:21:12.298+0000] {processor.py:161} INFO - Started process (PID=9268) to work on /opt/airflow/dags/crawl_crypto_prices.py
[2026-03-23T04:21:12.299+0000] {processor.py:830} INFO - Processing file /opt/airflow/dags/crawl_crypto_prices.py for tasks to queue
[2026-03-23T04:21:12.299+0000] {logging_mixin.py:188} INFO - [2026-03-23T04:21:12.299+0000] {dagbag.py:538} INFO - Filling up the DagBag from /opt/airflow/dags/crawl_crypto_prices.py
[2026-03-23T04:21:12.309+0000] {processor.py:840} INFO - DAG(s) 'crawl_crypto_prices' retrieved from /opt/airflow/dags/crawl_crypto_prices.py
[2026-03-23T04:21:12.326+0000] {logging_mixin.py:188} INFO - [2026-03-23T04:21:12.326+0000] {dag.py:3036} INFO - Sync 1 DAGs
[2026-03-23T04:21:12.336+0000] {logging_mixin.py:188} INFO - [2026-03-23T04:21:12.336+0000] {dag.py:3823} INFO - Setting next_dagrun for crawl_crypto_prices to 2026-03-23 04:00:00+00:00, run_after=2026-03-23 05:00:00+00:00
[2026-03-23T04:21:12.342+0000] {processor.py:183} INFO - Processing /opt/airflow/dags/crawl_crypto_prices.py took 0.048 seconds
[2026-03-23T04:21:42.615+0000] {processor.py:161} INFO - Started process (PID=9273) to work on /opt/airflow/dags/crawl_crypto_prices.py
[2026-03-23T04:21:42.616+0000] {processor.py:830} INFO - Processing file /opt/airflow/dags/crawl_crypto_prices.py for tasks to queue
[2026-03-23T04:21:42.617+0000] {logging_mixin.py:188} INFO - [2026-03-23T04:21:42.616+0000] {dagbag.py:538} INFO - Filling up the DagBag from /opt/airflow/dags/crawl_crypto_prices.py
[2026-03-23T04:21:42.628+0000] {processor.py:840} INFO - DAG(s) 'crawl_crypto_prices' retrieved from /opt/airflow/dags/crawl_crypto_prices.py
[2026-03-23T04:21:42.648+0000] {logging_mixin.py:188} INFO - [2026-03-23T04:21:42.648+0000] {dag.py:3036} INFO - Sync 1 DAGs
[2026-03-23T04:21:42.659+0000] {logging_mixin.py:188} INFO - [2026-03-23T04:21:42.659+0000] {dag.py:3823} INFO - Setting next_dagrun for crawl_crypto_prices to 2026-03-23 04:00:00+00:00, run_after=2026-03-23 05:00:00+00:00
[2026-03-23T04:21:42.666+0000] {processor.py:183} INFO - Processing /opt/airflow/dags/crawl_crypto_prices.py took 0.055 seconds
[2026-03-23T04:22:12.956+0000] {processor.py:161} INFO - Started process (PID=9278) to work on /opt/airflow/dags/crawl_crypto_prices.py
[2026-03-23T04:22:12.957+0000] {processor.py:830} INFO - Processing file /opt/airflow/dags/crawl_crypto_prices.py for tasks to queue
[2026-03-23T04:22:12.958+0000] {logging_mixin.py:188} INFO - [2026-03-23T04:22:12.958+0000] {dagbag.py:538} INFO - Filling up the DagBag from /opt/airflow/dags/crawl_crypto_prices.py
[2026-03-23T04:22:12.973+0000] {processor.py:840} INFO - DAG(s) 'crawl_crypto_prices' retrieved from /opt/airflow/dags/crawl_crypto_prices.py
[2026-03-23T04:22:12.995+0000] {logging_mixin.py:188} INFO - [2026-03-23T04:22:12.995+0000] {dag.py:3036} INFO - Sync 1 DAGs
[2026-03-23T04:22:13.006+0000] {logging_mixin.py:188} INFO - [2026-03-23T04:22:13.006+0000] {dag.py:3823} INFO - Setting next_dagrun for crawl_crypto_prices to 2026-03-23 04:00:00+00:00, run_after=2026-03-23 05:00:00+00:00
[2026-03-23T04:22:13.013+0000] {processor.py:183} INFO - Processing /opt/airflow/dags/crawl_crypto_prices.py took 0.062 seconds
[2026-03-23T04:22:43.282+0000] {processor.py:161} INFO - Started process (PID=9283) to work on /opt/airflow/dags/crawl_crypto_prices.py
[2026-03-23T04:22:43.283+0000] {processor.py:830} INFO - Processing file /opt/airflow/dags/crawl_crypto_prices.py for tasks to queue
[2026-03-23T04:22:43.283+0000] {logging_mixin.py:188} INFO - [2026-03-23T04:22:43.283+0000] {dagbag.py:538} INFO - Filling up the DagBag from /opt/airflow/dags/crawl_crypto_prices.py
[2026-03-23T04:22:43.294+0000] {processor.py:840} INFO - DAG(s) 'crawl_crypto_prices' retrieved from /opt/airflow/dags/crawl_crypto_prices.py
[2026-03-23T04:22:43.312+0000] {logging_mixin.py:188} INFO - [2026-03-23T04:22:43.312+0000] {dag.py:3036} INFO - Sync 1 DAGs
[2026-03-23T04:22:43.323+0000] {logging_mixin.py:188} INFO - [2026-03-23T04:22:43.322+0000] {dag.py:3823} INFO - Setting next_dagrun for crawl_crypto_prices to 2026-03-23 04:00:00+00:00, run_after=2026-03-23 05:00:00+00:00
[2026-03-23T04:22:43.329+0000] {processor.py:183} INFO - Processing /opt/airflow/dags/crawl_crypto_prices.py took 0.051 seconds
[2026-03-23T04:23:13.579+0000] {processor.py:161} INFO - Started process (PID=9288) to work on /opt/airflow/dags/crawl_crypto_prices.py
[2026-03-23T04:23:13.581+0000] {processor.py:830} INFO - Processing file /opt/airflow/dags/crawl_crypto_prices.py for tasks to queue
[2026-03-23T04:23:13.581+0000] {logging_mixin.py:188} INFO - [2026-03-23T04:23:13.581+0000] {dagbag.py:538} INFO - Filling up the DagBag from /opt/airflow/dags/crawl_crypto_prices.py
[2026-03-23T04:23:13.592+0000] {processor.py:840} INFO - DAG(s) 'crawl_crypto_prices' retrieved from /opt/airflow/dags/crawl_crypto_prices.py
[2026-03-23T04:23:13.611+0000] {logging_mixin.py:188} INFO - [2026-03-23T04:23:13.611+0000] {dag.py:3036} INFO - Sync 1 DAGs
[2026-03-23T04:23:13.622+0000] {logging_mixin.py:188} INFO - [2026-03-23T04:23:13.622+0000] {dag.py:3823} INFO - Setting next_dagrun for crawl_crypto_prices to 2026-03-23 04:00:00+00:00, run_after=2026-03-23 05:00:00+00:00
[2026-03-23T04:23:13.628+0000] {processor.py:183} INFO - Processing /opt/airflow/dags/crawl_crypto_prices.py took 0.052 seconds
[2026-03-23T04:23:43.925+0000] {processor.py:161} INFO - Started process (PID=9293) to work on /opt/airflow/dags/crawl_crypto_prices.py
[2026-03-23T04:23:43.925+0000] {processor.py:830} INFO - Processing file /opt/airflow/dags/crawl_crypto_prices.py for tasks to queue
[2026-03-23T04:23:43.926+0000] {logging_mixin.py:188} INFO - [2026-03-23T04:23:43.926+0000] {dagbag.py:538} INFO - Filling up the DagBag from /opt/airflow/dags/crawl_crypto_prices.py
[2026-03-23T04:23:43.938+0000] {processor.py:840} INFO - DAG(s) 'crawl_crypto_prices' retrieved from /opt/airflow/dags/crawl_crypto_prices.py
[2026-03-23T04:23:43.957+0000] {logging_mixin.py:188} INFO - [2026-03-23T04:23:43.956+0000] {dag.py:3036} INFO - Sync 1 DAGs
[2026-03-23T04:23:43.967+0000] {logging_mixin.py:188} INFO - [2026-03-23T04:23:43.966+0000] {dag.py:3823} INFO - Setting next_dagrun for crawl_crypto_prices to 2026-03-23 04:00:00+00:00, run_after=2026-03-23 05:00:00+00:00
[2026-03-23T04:23:43.973+0000] {processor.py:183} INFO - Processing /opt/airflow/dags/crawl_crypto_prices.py took 0.052 seconds
[2026-03-23T04:24:14.242+0000] {processor.py:161} INFO - Started process (PID=9298) to work on /opt/airflow/dags/crawl_crypto_prices.py
[2026-03-23T04:24:14.243+0000] {processor.py:830} INFO - Processing file /opt/airflow/dags/crawl_crypto_prices.py for tasks to queue
[2026-03-23T04:24:14.243+0000] {logging_mixin.py:188} INFO - [2026-03-23T04:24:14.243+0000] {dagbag.py:538} INFO - Filling up the DagBag from /opt/airflow/dags/crawl_crypto_prices.py
[2026-03-23T04:24:14.250+0000] {processor.py:840} INFO - DAG(s) 'crawl_crypto_prices' retrieved from /opt/airflow/dags/crawl_crypto_prices.py
[2026-03-23T04:24:14.262+0000] {logging_mixin.py:188} INFO - [2026-03-23T04:24:14.262+0000] {dag.py:3036} INFO - Sync 1 DAGs
[2026-03-23T04:24:14.271+0000] {logging_mixin.py:188} INFO - [2026-03-23T04:24:14.271+0000] {dag.py:3823} INFO - Setting next_dagrun for crawl_crypto_prices to 2026-03-23 04:00:00+00:00, run_after=2026-03-23 05:00:00+00:00
[2026-03-23T04:24:14.277+0000] {processor.py:183} INFO - Processing /opt/airflow/dags/crawl_crypto_prices.py took 0.036 seconds
[2026-03-23T04:24:44.572+0000] {processor.py:161} INFO - Started process (PID=9303) to work on /opt/airflow/dags/crawl_crypto_prices.py
[2026-03-23T04:24:44.572+0000] {processor.py:830} INFO - Processing file /opt/airflow/dags/crawl_crypto_prices.py for tasks to queue
[2026-03-23T04:24:44.573+0000] {logging_mixin.py:188} INFO - [2026-03-23T04:24:44.573+0000] {dagbag.py:538} INFO - Filling up the DagBag from /opt/airflow/dags/crawl_crypto_prices.py
[2026-03-23T04:24:44.580+0000] {processor.py:840} INFO - DAG(s) 'crawl_crypto_prices' retrieved from /opt/airflow/dags/crawl_crypto_prices.py
[2026-03-23T04:24:44.593+0000] {logging_mixin.py:188} INFO - [2026-03-23T04:24:44.592+0000] {dag.py:3036} INFO - Sync 1 DAGs
[2026-03-23T04:24:44.602+0000] {logging_mixin.py:188} INFO - [2026-03-23T04:24:44.602+0000] {dag.py:3823} INFO - Setting next_dagrun for crawl_crypto_prices to 2026-03-23 04:00:00+00:00, run_after=2026-03-23 05:00:00+00:00
[2026-03-23T04:24:44.609+0000] {processor.py:183} INFO - Processing /opt/airflow/dags/crawl_crypto_prices.py took 0.039 seconds
[2026-03-23T04:25:14.877+0000] {processor.py:161} INFO - Started process (PID=9308) to work on /opt/airflow/dags/crawl_crypto_prices.py
[2026-03-23T04:25:14.877+0000] {processor.py:830} INFO - Processing file /opt/airflow/dags/crawl_crypto_prices.py for tasks to queue
[2026-03-23T04:25:14.878+0000] {logging_mixin.py:188} INFO - [2026-03-23T04:25:14.878+0000] {dagbag.py:538} INFO - Filling up the DagBag from /opt/airflow/dags/crawl_crypto_prices.py
[2026-03-23T04:25:14.887+0000] {processor.py:840} INFO - DAG(s) 'crawl_crypto_prices' retrieved from /opt/airflow/dags/crawl_crypto_prices.py
[2026-03-23T04:25:14.901+0000] {logging_mixin.py:188} INFO - [2026-03-23T04:25:14.901+0000] {dag.py:3036} INFO - Sync 1 DAGs
[2026-03-23T04:25:14.910+0000] {logging_mixin.py:188} INFO - [2026-03-23T04:25:14.910+0000] {dag.py:3823} INFO - Setting next_dagrun for crawl_crypto_prices to 2026-03-23 04:00:00+00:00, run_after=2026-03-23 05:00:00+00:00
[2026-03-23T04:25:14.917+0000] {processor.py:183} INFO - Processing /opt/airflow/dags/crawl_crypto_prices.py took 0.043 seconds
[2026-03-23T04:25:45.145+0000] {processor.py:161} INFO - Started process (PID=9313) to work on /opt/airflow/dags/crawl_crypto_prices.py
[2026-03-23T04:25:45.146+0000] {processor.py:830} INFO - Processing file /opt/airflow/dags/crawl_crypto_prices.py for tasks to queue
[2026-03-23T04:25:45.147+0000] {logging_mixin.py:188} INFO - [2026-03-23T04:25:45.147+0000] {dagbag.py:538} INFO - Filling up the DagBag from /opt/airflow/dags/crawl_crypto_prices.py
[2026-03-23T04:25:45.156+0000] {processor.py:840} INFO - DAG(s) 'crawl_crypto_prices' retrieved from /opt/airflow/dags/crawl_crypto_prices.py
[2026-03-23T04:25:45.170+0000] {logging_mixin.py:188} INFO - [2026-03-23T04:25:45.170+0000] {dag.py:3036} INFO - Sync 1 DAGs
[2026-03-23T04:25:45.179+0000] {logging_mixin.py:188} INFO - [2026-03-23T04:25:45.179+0000] {dag.py:3823} INFO - Setting next_dagrun for crawl_crypto_prices to 2026-03-23 04:00:00+00:00, run_after=2026-03-23 05:00:00+00:00
[2026-03-23T04:25:45.186+0000] {processor.py:183} INFO - Processing /opt/airflow/dags/crawl_crypto_prices.py took 0.045 seconds
[2026-03-23T04:26:15.432+0000] {processor.py:161} INFO - Started process (PID=9318) to work on /opt/airflow/dags/crawl_crypto_prices.py
[2026-03-23T04:26:15.433+0000] {processor.py:830} INFO - Processing file /opt/airflow/dags/crawl_crypto_prices.py for tasks to queue
[2026-03-23T04:26:15.434+0000] {logging_mixin.py:188} INFO - [2026-03-23T04:26:15.433+0000] {dagbag.py:538} INFO - Filling up the DagBag from /opt/airflow/dags/crawl_crypto_prices.py
[2026-03-23T04:26:15.445+0000] {processor.py:840} INFO - DAG(s) 'crawl_crypto_prices' retrieved from /opt/airflow/dags/crawl_crypto_prices.py
[2026-03-23T04:26:15.460+0000] {logging_mixin.py:188} INFO - [2026-03-23T04:26:15.460+0000] {dag.py:3036} INFO - Sync 1 DAGs
[2026-03-23T04:26:15.471+0000] {logging_mixin.py:188} INFO - [2026-03-23T04:26:15.471+0000] {dag.py:3823} INFO - Setting next_dagrun for crawl_crypto_prices to 2026-03-23 04:00:00+00:00, run_after=2026-03-23 05:00:00+00:00
[2026-03-23T04:26:15.477+0000] {processor.py:183} INFO - Processing /opt/airflow/dags/crawl_crypto_prices.py took 0.048 seconds
[2026-03-23T04:26:45.707+0000] {processor.py:161} INFO - Started process (PID=9323) to work on /opt/airflow/dags/crawl_crypto_prices.py
[2026-03-23T04:26:45.708+0000] {processor.py:830} INFO - Processing file /opt/airflow/dags/crawl_crypto_prices.py for tasks to queue
[2026-03-23T04:26:45.708+0000] {logging_mixin.py:188} INFO - [2026-03-23T04:26:45.708+0000] {dagbag.py:538} INFO - Filling up the DagBag from /opt/airflow/dags/crawl_crypto_prices.py
[2026-03-23T04:26:45.714+0000] {processor.py:840} INFO - DAG(s) 'crawl_crypto_prices' retrieved from /opt/airflow/dags/crawl_crypto_prices.py
[2026-03-23T04:26:45.727+0000] {logging_mixin.py:188} INFO - [2026-03-23T04:26:45.727+0000] {dag.py:3036} INFO - Sync 1 DAGs
[2026-03-23T04:26:45.736+0000] {logging_mixin.py:188} INFO - [2026-03-23T04:26:45.736+0000] {dag.py:3823} INFO - Setting next_dagrun for crawl_crypto_prices to 2026-03-23 04:00:00+00:00, run_after=2026-03-23 05:00:00+00:00
[2026-03-23T04:26:45.741+0000] {processor.py:183} INFO - Processing /opt/airflow/dags/crawl_crypto_prices.py took 0.037 seconds
[2026-03-23T04:27:15.995+0000] {processor.py:161} INFO - Started process (PID=9328) to work on /opt/airflow/dags/crawl_crypto_prices.py
[2026-03-23T04:27:15.996+0000] {processor.py:830} INFO - Processing file /opt/airflow/dags/crawl_crypto_prices.py for tasks to queue
[2026-03-23T04:27:15.997+0000] {logging_mixin.py:188} INFO - [2026-03-23T04:27:15.997+0000] {dagbag.py:538} INFO - Filling up the DagBag from /opt/airflow/dags/crawl_crypto_prices.py
[2026-03-23T04:27:16.006+0000] {processor.py:840} INFO - DAG(s) 'crawl_crypto_prices' retrieved from /opt/airflow/dags/crawl_crypto_prices.py
[2026-03-23T04:27:16.024+0000] {logging_mixin.py:188} INFO - [2026-03-23T04:27:16.024+0000] {dag.py:3036} INFO - Sync 1 DAGs
[2026-03-23T04:27:16.033+0000] {logging_mixin.py:188} INFO - [2026-03-23T04:27:16.033+0000] {dag.py:3823} INFO - Setting next_dagrun for crawl_crypto_prices to 2026-03-23 04:00:00+00:00, run_after=2026-03-23 05:00:00+00:00
[2026-03-23T04:27:16.039+0000] {processor.py:183} INFO - Processing /opt/airflow/dags/crawl_crypto_prices.py took 0.046 seconds
[2026-03-23T04:27:46.252+0000] {processor.py:161} INFO - Started process (PID=9333) to work on /opt/airflow/dags/crawl_crypto_prices.py
[2026-03-23T04:27:46.253+0000] {processor.py:830} INFO - Processing file /opt/airflow/dags/crawl_crypto_prices.py for tasks to queue
[2026-03-23T04:27:46.254+0000] {logging_mixin.py:188} INFO - [2026-03-23T04:27:46.253+0000] {dagbag.py:538} INFO - Filling up the DagBag from /opt/airflow/dags/crawl_crypto_prices.py
[2026-03-23T04:27:46.263+0000] {processor.py:840} INFO - DAG(s) 'crawl_crypto_prices' retrieved from /opt/airflow/dags/crawl_crypto_prices.py
[2026-03-23T04:27:46.277+0000] {logging_mixin.py:188} INFO - [2026-03-23T04:27:46.277+0000] {dag.py:3036} INFO - Sync 1 DAGs
[2026-03-23T04:27:46.286+0000] {logging_mixin.py:188} INFO - [2026-03-23T04:27:46.286+0000] {dag.py:3823} INFO - Setting next_dagrun for crawl_crypto_prices to 2026-03-23 04:00:00+00:00, run_after=2026-03-23 05:00:00+00:00
[2026-03-23T04:27:46.293+0000] {processor.py:183} INFO - Processing /opt/airflow/dags/crawl_crypto_prices.py took 0.043 seconds
[2026-03-23T04:28:16.530+0000] {processor.py:161} INFO - Started process (PID=9338) to work on /opt/airflow/dags/crawl_crypto_prices.py
[2026-03-23T04:28:16.530+0000] {processor.py:830} INFO - Processing file /opt/airflow/dags/crawl_crypto_prices.py for tasks to queue
[2026-03-23T04:28:16.531+0000] {logging_mixin.py:188} INFO - [2026-03-23T04:28:16.531+0000] {dagbag.py:538} INFO - Filling up the DagBag from /opt/airflow/dags/crawl_crypto_prices.py
[2026-03-23T04:28:16.540+0000] {processor.py:840} INFO - DAG(s) 'crawl_crypto_prices' retrieved from /opt/airflow/dags/crawl_crypto_prices.py
[2026-03-23T04:28:16.554+0000] {logging_mixin.py:188} INFO - [2026-03-23T04:28:16.553+0000] {dag.py:3036} INFO - Sync 1 DAGs
[2026-03-23T04:28:16.563+0000] {logging_mixin.py:188} INFO - [2026-03-23T04:28:16.563+0000] {dag.py:3823} INFO - Setting next_dagrun for crawl_crypto_prices to 2026-03-23 04:00:00+00:00, run_after=2026-03-23 05:00:00+00:00
[2026-03-23T04:28:16.568+0000] {processor.py:183} INFO - Processing /opt/airflow/dags/crawl_crypto_prices.py took 0.041 seconds
[2026-03-23T04:28:46.824+0000] {processor.py:161} INFO - Started process (PID=9343) to work on /opt/airflow/dags/crawl_crypto_prices.py
[2026-03-23T04:28:46.825+0000] {processor.py:830} INFO - Processing file /opt/airflow/dags/crawl_crypto_prices.py for tasks to queue
[2026-03-23T04:28:46.826+0000] {logging_mixin.py:188} INFO - [2026-03-23T04:28:46.826+0000] {dagbag.py:538} INFO - Filling up the DagBag from /opt/airflow/dags/crawl_crypto_prices.py
[2026-03-23T04:28:46.836+0000] {processor.py:840} INFO - DAG(s) 'crawl_crypto_prices' retrieved from /opt/airflow/dags/crawl_crypto_prices.py
[2026-03-23T04:28:46.850+0000] {logging_mixin.py:188} INFO - [2026-03-23T04:28:46.850+0000] {dag.py:3036} INFO - Sync 1 DAGs
[2026-03-23T04:28:46.861+0000] {logging_mixin.py:188} INFO - [2026-03-23T04:28:46.861+0000] {dag.py:3823} INFO - Setting next_dagrun for crawl_crypto_prices to 2026-03-23 04:00:00+00:00, run_after=2026-03-23 05:00:00+00:00
[2026-03-23T04:28:46.867+0000] {processor.py:183} INFO - Processing /opt/airflow/dags/crawl_crypto_prices.py took 0.045 seconds
[2026-03-23T04:29:17.109+0000] {processor.py:161} INFO - Started process (PID=9348) to work on /opt/airflow/dags/crawl_crypto_prices.py
[2026-03-23T04:29:17.110+0000] {processor.py:830} INFO - Processing file /opt/airflow/dags/crawl_crypto_prices.py for tasks to queue
[2026-03-23T04:29:17.111+0000] {logging_mixin.py:188} INFO - [2026-03-23T04:29:17.111+0000] {dagbag.py:538} INFO - Filling up the DagBag from /opt/airflow/dags/crawl_crypto_prices.py
[2026-03-23T04:29:17.120+0000] {processor.py:840} INFO - DAG(s) 'crawl_crypto_prices' retrieved from /opt/airflow/dags/crawl_crypto_prices.py
[2026-03-23T04:29:17.136+0000] {logging_mixin.py:188} INFO - [2026-03-23T04:29:17.136+0000] {dag.py:3036} INFO - Sync 1 DAGs
[2026-03-23T04:29:17.146+0000] {logging_mixin.py:188} INFO - [2026-03-23T04:29:17.146+0000] {dag.py:3823} INFO - Setting next_dagrun for crawl_crypto_prices to 2026-03-23 04:00:00+00:00, run_after=2026-03-23 05:00:00+00:00
[2026-03-23T04:29:17.152+0000] {processor.py:183} INFO - Processing /opt/airflow/dags/crawl_crypto_prices.py took 0.046 seconds
[2026-03-23T04:29:47.402+0000] {processor.py:161} INFO - Started process (PID=9353) to work on /opt/airflow/dags/crawl_crypto_prices.py
[2026-03-23T04:29:47.403+0000] {processor.py:830} INFO - Processing file /opt/airflow/dags/crawl_crypto_prices.py for tasks to queue
[2026-03-23T04:29:47.403+0000] {logging_mixin.py:188} INFO - [2026-03-23T04:29:47.403+0000] {dagbag.py:538} INFO - Filling up the DagBag from /opt/airflow/dags/crawl_crypto_prices.py
[2026-03-23T04:29:47.412+0000] {processor.py:840} INFO - DAG(s) 'crawl_crypto_prices' retrieved from /opt/airflow/dags/crawl_crypto_prices.py
[2026-03-23T04:29:47.427+0000] {logging_mixin.py:188} INFO - [2026-03-23T04:29:47.427+0000] {dag.py:3036} INFO - Sync 1 DAGs
[2026-03-23T04:29:47.436+0000] {logging_mixin.py:188} INFO - [2026-03-23T04:29:47.436+0000] {dag.py:3823} INFO - Setting next_dagrun for crawl_crypto_prices to 2026-03-23 04:00:00+00:00, run_after=2026-03-23 05:00:00+00:00
[2026-03-23T04:29:47.442+0000] {processor.py:183} INFO - Processing /opt/airflow/dags/crawl_crypto_prices.py took 0.042 seconds
[2026-03-23T04:30:17.665+0000] {processor.py:161} INFO - Started process (PID=9358) to work on /opt/airflow/dags/crawl_crypto_prices.py
[2026-03-23T04:30:17.666+0000] {processor.py:830} INFO - Processing file /opt/airflow/dags/crawl_crypto_prices.py for tasks to queue
[2026-03-23T04:30:17.667+0000] {logging_mixin.py:188} INFO - [2026-03-23T04:30:17.667+0000] {dagbag.py:538} INFO - Filling up the DagBag from /opt/airflow/dags/crawl_crypto_prices.py
[2026-03-23T04:30:17.676+0000] {processor.py:840} INFO - DAG(s) 'crawl_crypto_prices' retrieved from /opt/airflow/dags/crawl_crypto_prices.py
[2026-03-23T04:30:17.694+0000] {logging_mixin.py:188} INFO - [2026-03-23T04:30:17.694+0000] {dag.py:3036} INFO - Sync 1 DAGs
[2026-03-23T04:30:17.703+0000] {logging_mixin.py:188} INFO - [2026-03-23T04:30:17.703+0000] {dag.py:3823} INFO - Setting next_dagrun for crawl_crypto_prices to 2026-03-23 04:00:00+00:00, run_after=2026-03-23 05:00:00+00:00
[2026-03-23T04:30:17.709+0000] {processor.py:183} INFO - Processing /opt/airflow/dags/crawl_crypto_prices.py took 0.046 seconds
[2026-03-23T04:30:47.931+0000] {processor.py:161} INFO - Started process (PID=9363) to work on /opt/airflow/dags/crawl_crypto_prices.py
[2026-03-23T04:30:47.932+0000] {processor.py:830} INFO - Processing file /opt/airflow/dags/crawl_crypto_prices.py for tasks to queue
[2026-03-23T04:30:47.933+0000] {logging_mixin.py:188} INFO - [2026-03-23T04:30:47.932+0000] {dagbag.py:538} INFO - Filling up the DagBag from /opt/airflow/dags/crawl_crypto_prices.py
[2026-03-23T04:30:47.944+0000] {processor.py:840} INFO - DAG(s) 'crawl_crypto_prices' retrieved from /opt/airflow/dags/crawl_crypto_prices.py
[2026-03-23T04:30:47.960+0000] {logging_mixin.py:188} INFO - [2026-03-23T04:30:47.960+0000] {dag.py:3036} INFO - Sync 1 DAGs
[2026-03-23T04:30:47.971+0000] {logging_mixin.py:188} INFO - [2026-03-23T04:30:47.971+0000] {dag.py:3823} INFO - Setting next_dagrun for crawl_crypto_prices to 2026-03-23 04:00:00+00:00, run_after=2026-03-23 05:00:00+00:00
[2026-03-23T04:30:47.978+0000] {processor.py:183} INFO - Processing /opt/airflow/dags/crawl_crypto_prices.py took 0.050 seconds
[2026-03-23T04:31:18.195+0000] {processor.py:161} INFO - Started process (PID=9368) to work on /opt/airflow/dags/crawl_crypto_prices.py
[2026-03-23T04:31:18.196+0000] {processor.py:830} INFO - Processing file /opt/airflow/dags/crawl_crypto_prices.py for tasks to queue
[2026-03-23T04:31:18.197+0000] {logging_mixin.py:188} INFO - [2026-03-23T04:31:18.197+0000] {dagbag.py:538} INFO - Filling up the DagBag from /opt/airflow/dags/crawl_crypto_prices.py
[2026-03-23T04:31:18.207+0000] {processor.py:840} INFO - DAG(s) 'crawl_crypto_prices' retrieved from /opt/airflow/dags/crawl_crypto_prices.py
[2026-03-23T04:31:18.221+0000] {logging_mixin.py:188} INFO - [2026-03-23T04:31:18.221+0000] {dag.py:3036} INFO - Sync 1 DAGs
[2026-03-23T04:31:18.231+0000] {logging_mixin.py:188} INFO - [2026-03-23T04:31:18.231+0000] {dag.py:3823} INFO - Setting next_dagrun for crawl_crypto_prices to 2026-03-23 04:00:00+00:00, run_after=2026-03-23 05:00:00+00:00
[2026-03-23T04:31:18.237+0000] {processor.py:183} INFO - Processing /opt/airflow/dags/crawl_crypto_prices.py took 0.047 seconds
[2026-03-23T04:31:48.513+0000] {processor.py:161} INFO - Started process (PID=9373) to work on /opt/airflow/dags/crawl_crypto_prices.py
[2026-03-23T04:31:48.514+0000] {processor.py:830} INFO - Processing file /opt/airflow/dags/crawl_crypto_prices.py for tasks to queue
[2026-03-23T04:31:48.515+0000] {logging_mixin.py:188} INFO - [2026-03-23T04:31:48.514+0000] {dagbag.py:538} INFO - Filling up the DagBag from /opt/airflow/dags/crawl_crypto_prices.py
[2026-03-23T04:31:48.524+0000] {processor.py:840} INFO - DAG(s) 'crawl_crypto_prices' retrieved from /opt/airflow/dags/crawl_crypto_prices.py
[2026-03-23T04:31:48.542+0000] {logging_mixin.py:188} INFO - [2026-03-23T04:31:48.542+0000] {dag.py:3036} INFO - Sync 1 DAGs
[2026-03-23T04:31:48.551+0000] {logging_mixin.py:188} INFO - [2026-03-23T04:31:48.551+0000] {dag.py:3823} INFO - Setting next_dagrun for crawl_crypto_prices to 2026-03-23 04:00:00+00:00, run_after=2026-03-23 05:00:00+00:00
[2026-03-23T04:31:48.558+0000] {processor.py:183} INFO - Processing /opt/airflow/dags/crawl_crypto_prices.py took 0.048 seconds
[2026-03-23T04:32:18.791+0000] {processor.py:161} INFO - Started process (PID=9378) to work on /opt/airflow/dags/crawl_crypto_prices.py
[2026-03-23T04:32:18.792+0000] {processor.py:830} INFO - Processing file /opt/airflow/dags/crawl_crypto_prices.py for tasks to queue
[2026-03-23T04:32:18.793+0000] {logging_mixin.py:188} INFO - [2026-03-23T04:32:18.793+0000] {dagbag.py:538} INFO - Filling up the DagBag from /opt/airflow/dags/crawl_crypto_prices.py
[2026-03-23T04:32:18.801+0000] {processor.py:840} INFO - DAG(s) 'crawl_crypto_prices' retrieved from /opt/airflow/dags/crawl_crypto_prices.py
[2026-03-23T04:32:18.818+0000] {logging_mixin.py:188} INFO - [2026-03-23T04:32:18.818+0000] {dag.py:3036} INFO - Sync 1 DAGs
[2026-03-23T04:32:18.830+0000] {logging_mixin.py:188} INFO - [2026-03-23T04:32:18.830+0000] {dag.py:3823} INFO - Setting next_dagrun for crawl_crypto_prices to 2026-03-23 04:00:00+00:00, run_after=2026-03-23 05:00:00+00:00
[2026-03-23T04:32:18.837+0000] {processor.py:183} INFO - Processing /opt/airflow/dags/crawl_crypto_prices.py took 0.048 seconds
[2026-03-23T04:32:49.033+0000] {processor.py:161} INFO - Started process (PID=9383) to work on /opt/airflow/dags/crawl_crypto_prices.py
[2026-03-23T04:32:49.034+0000] {processor.py:830} INFO - Processing file /opt/airflow/dags/crawl_crypto_prices.py for tasks to queue
[2026-03-23T04:32:49.035+0000] {logging_mixin.py:188} INFO - [2026-03-23T04:32:49.034+0000] {dagbag.py:538} INFO - Filling up the DagBag from /opt/airflow/dags/crawl_crypto_prices.py
[2026-03-23T04:32:49.041+0000] {processor.py:840} INFO - DAG(s) 'crawl_crypto_prices' retrieved from /opt/airflow/dags/crawl_crypto_prices.py
[2026-03-23T04:32:49.053+0000] {logging_mixin.py:188} INFO - [2026-03-23T04:32:49.053+0000] {dag.py:3036} INFO - Sync 1 DAGs
[2026-03-23T04:32:49.063+0000] {logging_mixin.py:188} INFO - [2026-03-23T04:32:49.062+0000] {dag.py:3823} INFO - Setting next_dagrun for crawl_crypto_prices to 2026-03-23 04:00:00+00:00, run_after=2026-03-23 05:00:00+00:00
[2026-03-23T04:32:49.069+0000] {processor.py:183} INFO - Processing /opt/airflow/dags/crawl_crypto_prices.py took 0.038 seconds
[2026-03-23T04:33:19.336+0000] {processor.py:161} INFO - Started process (PID=9388) to work on /opt/airflow/dags/crawl_crypto_prices.py
[2026-03-23T04:33:19.337+0000] {processor.py:830} INFO - Processing file /opt/airflow/dags/crawl_crypto_prices.py for tasks to queue
[2026-03-23T04:33:19.339+0000] {logging_mixin.py:188} INFO - [2026-03-23T04:33:19.338+0000] {dagbag.py:538} INFO - Filling up the DagBag from /opt/airflow/dags/crawl_crypto_prices.py
[2026-03-23T04:33:19.351+0000] {processor.py:840} INFO - DAG(s) 'crawl_crypto_prices' retrieved from /opt/airflow/dags/crawl_crypto_prices.py
[2026-03-23T04:33:19.371+0000] {logging_mixin.py:188} INFO - [2026-03-23T04:33:19.371+0000] {dag.py:3036} INFO - Sync 1 DAGs
[2026-03-23T04:33:19.387+0000] {logging_mixin.py:188} INFO - [2026-03-23T04:33:19.387+0000] {dag.py:3823} INFO - Setting next_dagrun for crawl_crypto_prices to 2026-03-23 04:00:00+00:00, run_after=2026-03-23 05:00:00+00:00
[2026-03-23T04:33:19.398+0000] {processor.py:183} INFO - Processing /opt/airflow/dags/crawl_crypto_prices.py took 0.065 seconds
[2026-03-23T04:33:49.650+0000] {processor.py:161} INFO - Started process (PID=9393) to work on /opt/airflow/dags/crawl_crypto_prices.py
[2026-03-23T04:33:49.651+0000] {processor.py:830} INFO - Processing file /opt/airflow/dags/crawl_crypto_prices.py for tasks to queue
[2026-03-23T04:33:49.652+0000] {logging_mixin.py:188} INFO - [2026-03-23T04:33:49.651+0000] {dagbag.py:538} INFO - Filling up the DagBag from /opt/airflow/dags/crawl_crypto_prices.py
[2026-03-23T04:33:49.663+0000] {processor.py:840} INFO - DAG(s) 'crawl_crypto_prices' retrieved from /opt/airflow/dags/crawl_crypto_prices.py
[2026-03-23T04:33:49.687+0000] {logging_mixin.py:188} INFO - [2026-03-23T04:33:49.687+0000] {dag.py:3036} INFO - Sync 1 DAGs
[2026-03-23T04:33:49.697+0000] {logging_mixin.py:188} INFO - [2026-03-23T04:33:49.697+0000] {dag.py:3823} INFO - Setting next_dagrun for crawl_crypto_prices to 2026-03-23 04:00:00+00:00, run_after=2026-03-23 05:00:00+00:00
[2026-03-23T04:33:49.705+0000] {processor.py:183} INFO - Processing /opt/airflow/dags/crawl_crypto_prices.py took 0.058 seconds
[2026-03-23T04:34:19.959+0000] {processor.py:161} INFO - Started process (PID=9398) to work on /opt/airflow/dags/crawl_crypto_prices.py
[2026-03-23T04:34:19.960+0000] {processor.py:830} INFO - Processing file /opt/airflow/dags/crawl_crypto_prices.py for tasks to queue
[2026-03-23T04:34:19.960+0000] {logging_mixin.py:188} INFO - [2026-03-23T04:34:19.960+0000] {dagbag.py:538} INFO - Filling up the DagBag from /opt/airflow/dags/crawl_crypto_prices.py
[2026-03-23T04:34:19.972+0000] {processor.py:840} INFO - DAG(s) 'crawl_crypto_prices' retrieved from /opt/airflow/dags/crawl_crypto_prices.py
[2026-03-23T04:34:19.992+0000] {logging_mixin.py:188} INFO - [2026-03-23T04:34:19.992+0000] {dag.py:3036} INFO - Sync 1 DAGs
[2026-03-23T04:34:20.003+0000] {logging_mixin.py:188} INFO - [2026-03-23T04:34:20.003+0000] {dag.py:3823} INFO - Setting next_dagrun for crawl_crypto_prices to 2026-03-23 04:00:00+00:00, run_after=2026-03-23 05:00:00+00:00
[2026-03-23T04:34:20.009+0000] {processor.py:183} INFO - Processing /opt/airflow/dags/crawl_crypto_prices.py took 0.054 seconds
[2026-03-23T04:34:50.288+0000] {processor.py:161} INFO - Started process (PID=9403) to work on /opt/airflow/dags/crawl_crypto_prices.py
[2026-03-23T04:34:50.289+0000] {processor.py:830} INFO - Processing file /opt/airflow/dags/crawl_crypto_prices.py for tasks to queue
[2026-03-23T04:34:50.290+0000] {logging_mixin.py:188} INFO - [2026-03-23T04:34:50.290+0000] {dagbag.py:538} INFO - Filling up the DagBag from /opt/airflow/dags/crawl_crypto_prices.py
[2026-03-23T04:34:50.301+0000] {processor.py:840} INFO - DAG(s) 'crawl_crypto_prices' retrieved from /opt/airflow/dags/crawl_crypto_prices.py
[2026-03-23T04:34:50.319+0000] {logging_mixin.py:188} INFO - [2026-03-23T04:34:50.319+0000] {dag.py:3036} INFO - Sync 1 DAGs
[2026-03-23T04:34:50.330+0000] {logging_mixin.py:188} INFO - [2026-03-23T04:34:50.330+0000] {dag.py:3823} INFO - Setting next_dagrun for crawl_crypto_prices to 2026-03-23 04:00:00+00:00, run_after=2026-03-23 05:00:00+00:00
[2026-03-23T04:34:50.336+0000] {processor.py:183} INFO - Processing /opt/airflow/dags/crawl_crypto_prices.py took 0.053 seconds
[2026-03-23T04:35:20.593+0000] {processor.py:161} INFO - Started process (PID=9408) to work on /opt/airflow/dags/crawl_crypto_prices.py
[2026-03-23T04:35:20.594+0000] {processor.py:830} INFO - Processing file /opt/airflow/dags/crawl_crypto_prices.py for tasks to queue
[2026-03-23T04:35:20.595+0000] {logging_mixin.py:188} INFO - [2026-03-23T04:35:20.594+0000] {dagbag.py:538} INFO - Filling up the DagBag from /opt/airflow/dags/crawl_crypto_prices.py
[2026-03-23T04:35:20.604+0000] {processor.py:840} INFO - DAG(s) 'crawl_crypto_prices' retrieved from /opt/airflow/dags/crawl_crypto_prices.py
[2026-03-23T04:35:20.622+0000] {logging_mixin.py:188} INFO - [2026-03-23T04:35:20.622+0000] {dag.py:3036} INFO - Sync 1 DAGs
[2026-03-23T04:35:20.631+0000] {logging_mixin.py:188} INFO - [2026-03-23T04:35:20.631+0000] {dag.py:3823} INFO - Setting next_dagrun for crawl_crypto_prices to 2026-03-23 04:00:00+00:00, run_after=2026-03-23 05:00:00+00:00
[2026-03-23T04:35:20.637+0000] {processor.py:183} INFO - Processing /opt/airflow/dags/crawl_crypto_prices.py took 0.047 seconds
[2026-03-23T04:35:50.909+0000] {processor.py:161} INFO - Started process (PID=9413) to work on /opt/airflow/dags/crawl_crypto_prices.py
[2026-03-23T04:35:50.910+0000] {processor.py:830} INFO - Processing file /opt/airflow/dags/crawl_crypto_prices.py for tasks to queue
[2026-03-23T04:35:50.911+0000] {logging_mixin.py:188} INFO - [2026-03-23T04:35:50.911+0000] {dagbag.py:538} INFO - Filling up the DagBag from /opt/airflow/dags/crawl_crypto_prices.py
[2026-03-23T04:35:50.921+0000] {processor.py:840} INFO - DAG(s) 'crawl_crypto_prices' retrieved from /opt/airflow/dags/crawl_crypto_prices.py
[2026-03-23T04:35:50.938+0000] {logging_mixin.py:188} INFO - [2026-03-23T04:35:50.938+0000] {dag.py:3036} INFO - Sync 1 DAGs
[2026-03-23T04:35:50.947+0000] {logging_mixin.py:188} INFO - [2026-03-23T04:35:50.947+0000] {dag.py:3823} INFO - Setting next_dagrun for crawl_crypto_prices to 2026-03-23 04:00:00+00:00, run_after=2026-03-23 05:00:00+00:00
[2026-03-23T04:35:50.953+0000] {processor.py:183} INFO - Processing /opt/airflow/dags/crawl_crypto_prices.py took 0.049 seconds
[2026-03-23T04:36:21.207+0000] {processor.py:161} INFO - Started process (PID=9418) to work on /opt/airflow/dags/crawl_crypto_prices.py
[2026-03-23T04:36:21.208+0000] {processor.py:830} INFO - Processing file /opt/airflow/dags/crawl_crypto_prices.py for tasks to queue
[2026-03-23T04:36:21.208+0000] {logging_mixin.py:188} INFO - [2026-03-23T04:36:21.208+0000] {dagbag.py:538} INFO - Filling up the DagBag from /opt/airflow/dags/crawl_crypto_prices.py
[2026-03-23T04:36:21.219+0000] {processor.py:840} INFO - DAG(s) 'crawl_crypto_prices' retrieved from /opt/airflow/dags/crawl_crypto_prices.py
[2026-03-23T04:36:21.238+0000] {logging_mixin.py:188} INFO - [2026-03-23T04:36:21.238+0000] {dag.py:3036} INFO - Sync 1 DAGs
[2026-03-23T04:36:21.248+0000] {logging_mixin.py:188} INFO - [2026-03-23T04:36:21.248+0000] {dag.py:3823} INFO - Setting next_dagrun for crawl_crypto_prices to 2026-03-23 04:00:00+00:00, run_after=2026-03-23 05:00:00+00:00
[2026-03-23T04:36:21.255+0000] {processor.py:183} INFO - Processing /opt/airflow/dags/crawl_crypto_prices.py took 0.051 seconds
[2026-03-23T04:36:51.516+0000] {processor.py:161} INFO - Started process (PID=9423) to work on /opt/airflow/dags/crawl_crypto_prices.py
[2026-03-23T04:36:51.517+0000] {processor.py:830} INFO - Processing file /opt/airflow/dags/crawl_crypto_prices.py for tasks to queue
[2026-03-23T04:36:51.518+0000] {logging_mixin.py:188} INFO - [2026-03-23T04:36:51.518+0000] {dagbag.py:538} INFO - Filling up the DagBag from /opt/airflow/dags/crawl_crypto_prices.py
[2026-03-23T04:36:51.530+0000] {processor.py:840} INFO - DAG(s) 'crawl_crypto_prices' retrieved from /opt/airflow/dags/crawl_crypto_prices.py
[2026-03-23T04:36:51.552+0000] {logging_mixin.py:188} INFO - [2026-03-23T04:36:51.552+0000] {dag.py:3036} INFO - Sync 1 DAGs
[2026-03-23T04:36:51.563+0000] {logging_mixin.py:188} INFO - [2026-03-23T04:36:51.563+0000] {dag.py:3823} INFO - Setting next_dagrun for crawl_crypto_prices to 2026-03-23 04:00:00+00:00, run_after=2026-03-23 05:00:00+00:00
[2026-03-23T04:36:51.569+0000] {processor.py:183} INFO - Processing /opt/airflow/dags/crawl_crypto_prices.py took 0.057 seconds
[2026-03-23T04:37:21.831+0000] {processor.py:161} INFO - Started process (PID=9428) to work on /opt/airflow/dags/crawl_crypto_prices.py
[2026-03-23T04:37:21.832+0000] {processor.py:830} INFO - Processing file /opt/airflow/dags/crawl_crypto_prices.py for tasks to queue
[2026-03-23T04:37:21.833+0000] {logging_mixin.py:188} INFO - [2026-03-23T04:37:21.833+0000] {dagbag.py:538} INFO - Filling up the DagBag from /opt/airflow/dags/crawl_crypto_prices.py
[2026-03-23T04:37:21.847+0000] {processor.py:840} INFO - DAG(s) 'crawl_crypto_prices' retrieved from /opt/airflow/dags/crawl_crypto_prices.py
[2026-03-23T04:37:21.869+0000] {logging_mixin.py:188} INFO - [2026-03-23T04:37:21.869+0000] {dag.py:3036} INFO - Sync 1 DAGs
[2026-03-23T04:37:21.882+0000] {logging_mixin.py:188} INFO - [2026-03-23T04:37:21.882+0000] {dag.py:3823} INFO - Setting next_dagrun for crawl_crypto_prices to 2026-03-23 04:00:00+00:00, run_after=2026-03-23 05:00:00+00:00
[2026-03-23T04:37:21.888+0000] {processor.py:183} INFO - Processing /opt/airflow/dags/crawl_crypto_prices.py took 0.063 seconds
[2026-03-23T04:37:52.126+0000] {processor.py:161} INFO - Started process (PID=9433) to work on /opt/airflow/dags/crawl_crypto_prices.py
[2026-03-23T04:37:52.127+0000] {processor.py:830} INFO - Processing file /opt/airflow/dags/crawl_crypto_prices.py for tasks to queue
[2026-03-23T04:37:52.128+0000] {logging_mixin.py:188} INFO - [2026-03-23T04:37:52.128+0000] {dagbag.py:538} INFO - Filling up the DagBag from /opt/airflow/dags/crawl_crypto_prices.py
[2026-03-23T04:37:52.142+0000] {processor.py:840} INFO - DAG(s) 'crawl_crypto_prices' retrieved from /opt/airflow/dags/crawl_crypto_prices.py
[2026-03-23T04:37:52.165+0000] {logging_mixin.py:188} INFO - [2026-03-23T04:37:52.165+0000] {dag.py:3036} INFO - Sync 1 DAGs
[2026-03-23T04:37:52.176+0000] {logging_mixin.py:188} INFO - [2026-03-23T04:37:52.176+0000] {dag.py:3823} INFO - Setting next_dagrun for crawl_crypto_prices to 2026-03-23 04:00:00+00:00, run_after=2026-03-23 05:00:00+00:00
[2026-03-23T04:37:52.182+0000] {processor.py:183} INFO - Processing /opt/airflow/dags/crawl_crypto_prices.py took 0.059 seconds
[2026-03-23T04:38:22.452+0000] {processor.py:161} INFO - Started process (PID=9438) to work on /opt/airflow/dags/crawl_crypto_prices.py
[2026-03-23T04:38:22.454+0000] {processor.py:830} INFO - Processing file /opt/airflow/dags/crawl_crypto_prices.py for tasks to queue
[2026-03-23T04:38:22.454+0000] {logging_mixin.py:188} INFO - [2026-03-23T04:38:22.454+0000] {dagbag.py:538} INFO - Filling up the DagBag from /opt/airflow/dags/crawl_crypto_prices.py
[2026-03-23T04:38:22.468+0000] {processor.py:840} INFO - DAG(s) 'crawl_crypto_prices' retrieved from /opt/airflow/dags/crawl_crypto_prices.py
[2026-03-23T04:38:22.488+0000] {logging_mixin.py:188} INFO - [2026-03-23T04:38:22.488+0000] {dag.py:3036} INFO - Sync 1 DAGs
[2026-03-23T04:38:22.499+0000] {logging_mixin.py:188} INFO - [2026-03-23T04:38:22.499+0000] {dag.py:3823} INFO - Setting next_dagrun for crawl_crypto_prices to 2026-03-23 04:00:00+00:00, run_after=2026-03-23 05:00:00+00:00
[2026-03-23T04:38:22.506+0000] {processor.py:183} INFO - Processing /opt/airflow/dags/crawl_crypto_prices.py took 0.057 seconds
[2026-03-23T04:38:52.776+0000] {processor.py:161} INFO - Started process (PID=9443) to work on /opt/airflow/dags/crawl_crypto_prices.py
[2026-03-23T04:38:52.777+0000] {processor.py:830} INFO - Processing file /opt/airflow/dags/crawl_crypto_prices.py for tasks to queue
[2026-03-23T04:38:52.778+0000] {logging_mixin.py:188} INFO - [2026-03-23T04:38:52.778+0000] {dagbag.py:538} INFO - Filling up the DagBag from /opt/airflow/dags/crawl_crypto_prices.py
[2026-03-23T04:38:52.788+0000] {processor.py:840} INFO - DAG(s) 'crawl_crypto_prices' retrieved from /opt/airflow/dags/crawl_crypto_prices.py
[2026-03-23T04:38:52.808+0000] {logging_mixin.py:188} INFO - [2026-03-23T04:38:52.808+0000] {dag.py:3036} INFO - Sync 1 DAGs
[2026-03-23T04:38:52.818+0000] {logging_mixin.py:188} INFO - [2026-03-23T04:38:52.818+0000] {dag.py:3823} INFO - Setting next_dagrun for crawl_crypto_prices to 2026-03-23 04:00:00+00:00, run_after=2026-03-23 05:00:00+00:00
[2026-03-23T04:38:52.824+0000] {processor.py:183} INFO - Processing /opt/airflow/dags/crawl_crypto_prices.py took 0.052 seconds
[2026-03-23T04:39:23.074+0000] {processor.py:161} INFO - Started process (PID=9448) to work on /opt/airflow/dags/crawl_crypto_prices.py
[2026-03-23T04:39:23.074+0000] {processor.py:830} INFO - Processing file /opt/airflow/dags/crawl_crypto_prices.py for tasks to queue
[2026-03-23T04:39:23.075+0000] {logging_mixin.py:188} INFO - [2026-03-23T04:39:23.075+0000] {dagbag.py:538} INFO - Filling up the DagBag from /opt/airflow/dags/crawl_crypto_prices.py
[2026-03-23T04:39:23.082+0000] {processor.py:840} INFO - DAG(s) 'crawl_crypto_prices' retrieved from /opt/airflow/dags/crawl_crypto_prices.py
[2026-03-23T04:39:23.093+0000] {logging_mixin.py:188} INFO - [2026-03-23T04:39:23.093+0000] {dag.py:3036} INFO - Sync 1 DAGs
[2026-03-23T04:39:23.101+0000] {logging_mixin.py:188} INFO - [2026-03-23T04:39:23.101+0000] {dag.py:3823} INFO - Setting next_dagrun for crawl_crypto_prices to 2026-03-23 04:00:00+00:00, run_after=2026-03-23 05:00:00+00:00
[2026-03-23T04:39:23.107+0000] {processor.py:183} INFO - Processing /opt/airflow/dags/crawl_crypto_prices.py took 0.036 seconds
[2026-03-23T04:39:53.411+0000] {processor.py:161} INFO - Started process (PID=9453) to work on /opt/airflow/dags/crawl_crypto_prices.py
[2026-03-23T04:39:53.412+0000] {processor.py:830} INFO - Processing file /opt/airflow/dags/crawl_crypto_prices.py for tasks to queue
[2026-03-23T04:39:53.413+0000] {logging_mixin.py:188} INFO - [2026-03-23T04:39:53.413+0000] {dagbag.py:538} INFO - Filling up the DagBag from /opt/airflow/dags/crawl_crypto_prices.py
[2026-03-23T04:39:53.426+0000] {processor.py:840} INFO - DAG(s) 'crawl_crypto_prices' retrieved from /opt/airflow/dags/crawl_crypto_prices.py
[2026-03-23T04:39:53.447+0000] {logging_mixin.py:188} INFO - [2026-03-23T04:39:53.447+0000] {dag.py:3036} INFO - Sync 1 DAGs
[2026-03-23T04:39:53.459+0000] {logging_mixin.py:188} INFO - [2026-03-23T04:39:53.458+0000] {dag.py:3823} INFO - Setting next_dagrun for crawl_crypto_prices to 2026-03-23 04:00:00+00:00, run_after=2026-03-23 05:00:00+00:00
[2026-03-23T04:39:53.466+0000] {processor.py:183} INFO - Processing /opt/airflow/dags/crawl_crypto_prices.py took 0.059 seconds
[2026-03-23T04:40:23.707+0000] {processor.py:161} INFO - Started process (PID=9458) to work on /opt/airflow/dags/crawl_crypto_prices.py
[2026-03-23T04:40:23.708+0000] {processor.py:830} INFO - Processing file /opt/airflow/dags/crawl_crypto_prices.py for tasks to queue
[2026-03-23T04:40:23.709+0000] {logging_mixin.py:188} INFO - [2026-03-23T04:40:23.709+0000] {dagbag.py:538} INFO - Filling up the DagBag from /opt/airflow/dags/crawl_crypto_prices.py
[2026-03-23T04:40:23.720+0000] {processor.py:840} INFO - DAG(s) 'crawl_crypto_prices' retrieved from /opt/airflow/dags/crawl_crypto_prices.py
[2026-03-23T04:40:23.739+0000] {logging_mixin.py:188} INFO - [2026-03-23T04:40:23.739+0000] {dag.py:3036} INFO - Sync 1 DAGs
[2026-03-23T04:40:23.750+0000] {logging_mixin.py:188} INFO - [2026-03-23T04:40:23.750+0000] {dag.py:3823} INFO - Setting next_dagrun for crawl_crypto_prices to 2026-03-23 04:00:00+00:00, run_after=2026-03-23 05:00:00+00:00
[2026-03-23T04:40:23.756+0000] {processor.py:183} INFO - Processing /opt/airflow/dags/crawl_crypto_prices.py took 0.052 seconds
[2026-03-23T04:40:54.020+0000] {processor.py:161} INFO - Started process (PID=9463) to work on /opt/airflow/dags/crawl_crypto_prices.py
[2026-03-23T04:40:54.021+0000] {processor.py:830} INFO - Processing file /opt/airflow/dags/crawl_crypto_prices.py for tasks to queue
[2026-03-23T04:40:54.022+0000] {logging_mixin.py:188} INFO - [2026-03-23T04:40:54.022+0000] {dagbag.py:538} INFO - Filling up the DagBag from /opt/airflow/dags/crawl_crypto_prices.py
[2026-03-23T04:40:54.033+0000] {processor.py:840} INFO - DAG(s) 'crawl_crypto_prices' retrieved from /opt/airflow/dags/crawl_crypto_prices.py
[2026-03-23T04:40:54.051+0000] {logging_mixin.py:188} INFO - [2026-03-23T04:40:54.051+0000] {dag.py:3036} INFO - Sync 1 DAGs
[2026-03-23T04:40:54.062+0000] {logging_mixin.py:188} INFO - [2026-03-23T04:40:54.062+0000] {dag.py:3823} INFO - Setting next_dagrun for crawl_crypto_prices to 2026-03-23 04:00:00+00:00, run_after=2026-03-23 05:00:00+00:00
[2026-03-23T04:40:54.069+0000] {processor.py:183} INFO - Processing /opt/airflow/dags/crawl_crypto_prices.py took 0.051 seconds
[2026-03-23T04:41:24.323+0000] {processor.py:161} INFO - Started process (PID=9468) to work on /opt/airflow/dags/crawl_crypto_prices.py
[2026-03-23T04:41:24.324+0000] {processor.py:830} INFO - Processing file /opt/airflow/dags/crawl_crypto_prices.py for tasks to queue
[2026-03-23T04:41:24.325+0000] {logging_mixin.py:188} INFO - [2026-03-23T04:41:24.325+0000] {dagbag.py:538} INFO - Filling up the DagBag from /opt/airflow/dags/crawl_crypto_prices.py
[2026-03-23T04:41:24.340+0000] {processor.py:840} INFO - DAG(s) 'crawl_crypto_prices' retrieved from /opt/airflow/dags/crawl_crypto_prices.py
[2026-03-23T04:41:24.364+0000] {logging_mixin.py:188} INFO - [2026-03-23T04:41:24.363+0000] {dag.py:3036} INFO - Sync 1 DAGs
[2026-03-23T04:41:24.375+0000] {logging_mixin.py:188} INFO - [2026-03-23T04:41:24.375+0000] {dag.py:3823} INFO - Setting next_dagrun for crawl_crypto_prices to 2026-03-23 04:00:00+00:00, run_after=2026-03-23 05:00:00+00:00
[2026-03-23T04:41:24.381+0000] {processor.py:183} INFO - Processing /opt/airflow/dags/crawl_crypto_prices.py took 0.063 seconds
[2026-03-23T04:41:54.610+0000] {processor.py:161} INFO - Started process (PID=9473) to work on /opt/airflow/dags/crawl_crypto_prices.py
[2026-03-23T04:41:54.611+0000] {processor.py:830} INFO - Processing file /opt/airflow/dags/crawl_crypto_prices.py for tasks to queue
[2026-03-23T04:41:54.612+0000] {logging_mixin.py:188} INFO - [2026-03-23T04:41:54.612+0000] {dagbag.py:538} INFO - Filling up the DagBag from /opt/airflow/dags/crawl_crypto_prices.py
[2026-03-23T04:41:54.622+0000] {processor.py:840} INFO - DAG(s) 'crawl_crypto_prices' retrieved from /opt/airflow/dags/crawl_crypto_prices.py
[2026-03-23T04:41:54.644+0000] {logging_mixin.py:188} INFO - [2026-03-23T04:41:54.644+0000] {dag.py:3036} INFO - Sync 1 DAGs
[2026-03-23T04:41:54.657+0000] {logging_mixin.py:188} INFO - [2026-03-23T04:41:54.657+0000] {dag.py:3823} INFO - Setting next_dagrun for crawl_crypto_prices to 2026-03-23 04:00:00+00:00, run_after=2026-03-23 05:00:00+00:00
[2026-03-23T04:41:54.663+0000] {processor.py:183} INFO - Processing /opt/airflow/dags/crawl_crypto_prices.py took 0.056 seconds
[2026-03-23T04:42:24.892+0000] {processor.py:161} INFO - Started process (PID=9478) to work on /opt/airflow/dags/crawl_crypto_prices.py
[2026-03-23T04:42:24.893+0000] {processor.py:830} INFO - Processing file /opt/airflow/dags/crawl_crypto_prices.py for tasks to queue
[2026-03-23T04:42:24.894+0000] {logging_mixin.py:188} INFO - [2026-03-23T04:42:24.894+0000] {dagbag.py:538} INFO - Filling up the DagBag from /opt/airflow/dags/crawl_crypto_prices.py
[2026-03-23T04:42:24.903+0000] {processor.py:840} INFO - DAG(s) 'crawl_crypto_prices' retrieved from /opt/airflow/dags/crawl_crypto_prices.py
[2026-03-23T04:42:24.918+0000] {logging_mixin.py:188} INFO - [2026-03-23T04:42:24.918+0000] {dag.py:3036} INFO - Sync 1 DAGs
[2026-03-23T04:42:24.930+0000] {logging_mixin.py:188} INFO - [2026-03-23T04:42:24.930+0000] {dag.py:3823} INFO - Setting next_dagrun for crawl_crypto_prices to 2026-03-23 04:00:00+00:00, run_after=2026-03-23 05:00:00+00:00
[2026-03-23T04:42:24.938+0000] {processor.py:183} INFO - Processing /opt/airflow/dags/crawl_crypto_prices.py took 0.049 seconds
[2026-03-23T04:42:55.266+0000] {processor.py:161} INFO - Started process (PID=9483) to work on /opt/airflow/dags/crawl_crypto_prices.py
[2026-03-23T04:42:55.267+0000] {processor.py:830} INFO - Processing file /opt/airflow/dags/crawl_crypto_prices.py for tasks to queue
[2026-03-23T04:42:55.268+0000] {logging_mixin.py:188} INFO - [2026-03-23T04:42:55.268+0000] {dagbag.py:538} INFO - Filling up the DagBag from /opt/airflow/dags/crawl_crypto_prices.py
[2026-03-23T04:42:55.280+0000] {processor.py:840} INFO - DAG(s) 'crawl_crypto_prices' retrieved from /opt/airflow/dags/crawl_crypto_prices.py
[2026-03-23T04:42:55.298+0000] {logging_mixin.py:188} INFO - [2026-03-23T04:42:55.298+0000] {dag.py:3036} INFO - Sync 1 DAGs
[2026-03-23T04:42:55.309+0000] {logging_mixin.py:188} INFO - [2026-03-23T04:42:55.309+0000] {dag.py:3823} INFO - Setting next_dagrun for crawl_crypto_prices to 2026-03-23 04:00:00+00:00, run_after=2026-03-23 05:00:00+00:00
[2026-03-23T04:42:55.315+0000] {processor.py:183} INFO - Processing /opt/airflow/dags/crawl_crypto_prices.py took 0.051 seconds
[2026-03-23T04:43:25.618+0000] {processor.py:161} INFO - Started process (PID=9488) to work on /opt/airflow/dags/crawl_crypto_prices.py
[2026-03-23T04:43:25.619+0000] {processor.py:830} INFO - Processing file /opt/airflow/dags/crawl_crypto_prices.py for tasks to queue
[2026-03-23T04:43:25.620+0000] {logging_mixin.py:188} INFO - [2026-03-23T04:43:25.619+0000] {dagbag.py:538} INFO - Filling up the DagBag from /opt/airflow/dags/crawl_crypto_prices.py
[2026-03-23T04:43:25.632+0000] {processor.py:840} INFO - DAG(s) 'crawl_crypto_prices' retrieved from /opt/airflow/dags/crawl_crypto_prices.py
[2026-03-23T04:43:25.650+0000] {logging_mixin.py:188} INFO - [2026-03-23T04:43:25.650+0000] {dag.py:3036} INFO - Sync 1 DAGs
[2026-03-23T04:43:25.660+0000] {logging_mixin.py:188} INFO - [2026-03-23T04:43:25.660+0000] {dag.py:3823} INFO - Setting next_dagrun for crawl_crypto_prices to 2026-03-23 04:00:00+00:00, run_after=2026-03-23 05:00:00+00:00
[2026-03-23T04:43:25.666+0000] {processor.py:183} INFO - Processing /opt/airflow/dags/crawl_crypto_prices.py took 0.052 seconds
[2026-03-23T04:43:55.960+0000] {processor.py:161} INFO - Started process (PID=9493) to work on /opt/airflow/dags/crawl_crypto_prices.py
[2026-03-23T04:43:55.961+0000] {processor.py:830} INFO - Processing file /opt/airflow/dags/crawl_crypto_prices.py for tasks to queue
[2026-03-23T04:43:55.962+0000] {logging_mixin.py:188} INFO - [2026-03-23T04:43:55.962+0000] {dagbag.py:538} INFO - Filling up the DagBag from /opt/airflow/dags/crawl_crypto_prices.py
[2026-03-23T04:43:55.975+0000] {processor.py:840} INFO - DAG(s) 'crawl_crypto_prices' retrieved from /opt/airflow/dags/crawl_crypto_prices.py
[2026-03-23T04:43:55.992+0000] {logging_mixin.py:188} INFO - [2026-03-23T04:43:55.992+0000] {dag.py:3036} INFO - Sync 1 DAGs
[2026-03-23T04:43:56.003+0000] {logging_mixin.py:188} INFO - [2026-03-23T04:43:56.003+0000] {dag.py:3823} INFO - Setting next_dagrun for crawl_crypto_prices to 2026-03-23 04:00:00+00:00, run_after=2026-03-23 05:00:00+00:00
[2026-03-23T04:43:56.010+0000] {processor.py:183} INFO - Processing /opt/airflow/dags/crawl_crypto_prices.py took 0.054 seconds
[2026-03-23T04:44:26.284+0000] {processor.py:161} INFO - Started process (PID=9498) to work on /opt/airflow/dags/crawl_crypto_prices.py
[2026-03-23T04:44:26.285+0000] {processor.py:830} INFO - Processing file /opt/airflow/dags/crawl_crypto_prices.py for tasks to queue
[2026-03-23T04:44:26.286+0000] {logging_mixin.py:188} INFO - [2026-03-23T04:44:26.285+0000] {dagbag.py:538} INFO - Filling up the DagBag from /opt/airflow/dags/crawl_crypto_prices.py
[2026-03-23T04:44:26.298+0000] {processor.py:840} INFO - DAG(s) 'crawl_crypto_prices' retrieved from /opt/airflow/dags/crawl_crypto_prices.py
[2026-03-23T04:44:26.315+0000] {logging_mixin.py:188} INFO - [2026-03-23T04:44:26.315+0000] {dag.py:3036} INFO - Sync 1 DAGs
[2026-03-23T04:44:26.325+0000] {logging_mixin.py:188} INFO - [2026-03-23T04:44:26.325+0000] {dag.py:3823} INFO - Setting next_dagrun for crawl_crypto_prices to 2026-03-23 04:00:00+00:00, run_after=2026-03-23 05:00:00+00:00
[2026-03-23T04:44:26.330+0000] {processor.py:183} INFO - Processing /opt/airflow/dags/crawl_crypto_prices.py took 0.049 seconds
[2026-03-23T04:44:56.644+0000] {processor.py:161} INFO - Started process (PID=9503) to work on /opt/airflow/dags/crawl_crypto_prices.py
[2026-03-23T04:44:56.646+0000] {processor.py:830} INFO - Processing file /opt/airflow/dags/crawl_crypto_prices.py for tasks to queue
[2026-03-23T04:44:56.647+0000] {logging_mixin.py:188} INFO - [2026-03-23T04:44:56.646+0000] {dagbag.py:538} INFO - Filling up the DagBag from /opt/airflow/dags/crawl_crypto_prices.py
[2026-03-23T04:44:56.661+0000] {processor.py:840} INFO - DAG(s) 'crawl_crypto_prices' retrieved from /opt/airflow/dags/crawl_crypto_prices.py
[2026-03-23T04:44:56.682+0000] {logging_mixin.py:188} INFO - [2026-03-23T04:44:56.682+0000] {dag.py:3036} INFO - Sync 1 DAGs
[2026-03-23T04:44:56.692+0000] {logging_mixin.py:188} INFO - [2026-03-23T04:44:56.692+0000] {dag.py:3823} INFO - Setting next_dagrun for crawl_crypto_prices to 2026-03-23 04:00:00+00:00, run_after=2026-03-23 05:00:00+00:00
[2026-03-23T04:44:56.699+0000] {processor.py:183} INFO - Processing /opt/airflow/dags/crawl_crypto_prices.py took 0.059 seconds
[2026-03-23T04:45:26.945+0000] {processor.py:161} INFO - Started process (PID=9508) to work on /opt/airflow/dags/crawl_crypto_prices.py
[2026-03-23T04:45:26.946+0000] {processor.py:830} INFO - Processing file /opt/airflow/dags/crawl_crypto_prices.py for tasks to queue
[2026-03-23T04:45:26.946+0000] {logging_mixin.py:188} INFO - [2026-03-23T04:45:26.946+0000] {dagbag.py:538} INFO - Filling up the DagBag from /opt/airflow/dags/crawl_crypto_prices.py
[2026-03-23T04:45:26.957+0000] {processor.py:840} INFO - DAG(s) 'crawl_crypto_prices' retrieved from /opt/airflow/dags/crawl_crypto_prices.py
[2026-03-23T04:45:26.977+0000] {logging_mixin.py:188} INFO - [2026-03-23T04:45:26.977+0000] {dag.py:3036} INFO - Sync 1 DAGs
[2026-03-23T04:45:26.989+0000] {logging_mixin.py:188} INFO - [2026-03-23T04:45:26.989+0000] {dag.py:3823} INFO - Setting next_dagrun for crawl_crypto_prices to 2026-03-23 04:00:00+00:00, run_after=2026-03-23 05:00:00+00:00
[2026-03-23T04:45:26.997+0000] {processor.py:183} INFO - Processing /opt/airflow/dags/crawl_crypto_prices.py took 0.056 seconds
[2026-03-23T04:45:57.266+0000] {processor.py:161} INFO - Started process (PID=9513) to work on /opt/airflow/dags/crawl_crypto_prices.py
[2026-03-23T04:45:57.267+0000] {processor.py:830} INFO - Processing file /opt/airflow/dags/crawl_crypto_prices.py for tasks to queue
[2026-03-23T04:45:57.268+0000] {logging_mixin.py:188} INFO - [2026-03-23T04:45:57.268+0000] {dagbag.py:538} INFO - Filling up the DagBag from /opt/airflow/dags/crawl_crypto_prices.py
[2026-03-23T04:45:57.281+0000] {processor.py:840} INFO - DAG(s) 'crawl_crypto_prices' retrieved from /opt/airflow/dags/crawl_crypto_prices.py
[2026-03-23T04:45:57.303+0000] {logging_mixin.py:188} INFO - [2026-03-23T04:45:57.302+0000] {dag.py:3036} INFO - Sync 1 DAGs
[2026-03-23T04:45:57.315+0000] {logging_mixin.py:188} INFO - [2026-03-23T04:45:57.315+0000] {dag.py:3823} INFO - Setting next_dagrun for crawl_crypto_prices to 2026-03-23 04:00:00+00:00, run_after=2026-03-23 05:00:00+00:00
[2026-03-23T04:45:57.322+0000] {processor.py:183} INFO - Processing /opt/airflow/dags/crawl_crypto_prices.py took 0.059 seconds
[2026-03-23T04:46:27.577+0000] {processor.py:161} INFO - Started process (PID=9518) to work on /opt/airflow/dags/crawl_crypto_prices.py
[2026-03-23T04:46:27.578+0000] {processor.py:830} INFO - Processing file /opt/airflow/dags/crawl_crypto_prices.py for tasks to queue
[2026-03-23T04:46:27.578+0000] {logging_mixin.py:188} INFO - [2026-03-23T04:46:27.578+0000] {dagbag.py:538} INFO - Filling up the DagBag from /opt/airflow/dags/crawl_crypto_prices.py
[2026-03-23T04:46:27.586+0000] {processor.py:840} INFO - DAG(s) 'crawl_crypto_prices' retrieved from /opt/airflow/dags/crawl_crypto_prices.py
[2026-03-23T04:46:27.604+0000] {logging_mixin.py:188} INFO - [2026-03-23T04:46:27.603+0000] {dag.py:3036} INFO - Sync 1 DAGs
[2026-03-23T04:46:27.621+0000] {logging_mixin.py:188} INFO - [2026-03-23T04:46:27.621+0000] {dag.py:3823} INFO - Setting next_dagrun for crawl_crypto_prices to 2026-03-23 04:00:00+00:00, run_after=2026-03-23 05:00:00+00:00
[2026-03-23T04:46:27.627+0000] {processor.py:183} INFO - Processing /opt/airflow/dags/crawl_crypto_prices.py took 0.052 seconds
[2026-03-23T04:46:57.885+0000] {processor.py:161} INFO - Started process (PID=9523) to work on /opt/airflow/dags/crawl_crypto_prices.py
[2026-03-23T04:46:57.886+0000] {processor.py:830} INFO - Processing file /opt/airflow/dags/crawl_crypto_prices.py for tasks to queue
[2026-03-23T04:46:57.887+0000] {logging_mixin.py:188} INFO - [2026-03-23T04:46:57.887+0000] {dagbag.py:538} INFO - Filling up the DagBag from /opt/airflow/dags/crawl_crypto_prices.py
[2026-03-23T04:46:57.897+0000] {processor.py:840} INFO - DAG(s) 'crawl_crypto_prices' retrieved from /opt/airflow/dags/crawl_crypto_prices.py
[2026-03-23T04:46:57.915+0000] {logging_mixin.py:188} INFO - [2026-03-23T04:46:57.915+0000] {dag.py:3036} INFO - Sync 1 DAGs
[2026-03-23T04:46:57.925+0000] {logging_mixin.py:188} INFO - [2026-03-23T04:46:57.925+0000] {dag.py:3823} INFO - Setting next_dagrun for crawl_crypto_prices to 2026-03-23 04:00:00+00:00, run_after=2026-03-23 05:00:00+00:00
[2026-03-23T04:46:57.931+0000] {processor.py:183} INFO - Processing /opt/airflow/dags/crawl_crypto_prices.py took 0.048 seconds
[2026-03-23T04:47:28.168+0000] {processor.py:161} INFO - Started process (PID=9528) to work on /opt/airflow/dags/crawl_crypto_prices.py
[2026-03-23T04:47:28.169+0000] {processor.py:830} INFO - Processing file /opt/airflow/dags/crawl_crypto_prices.py for tasks to queue
[2026-03-23T04:47:28.170+0000] {logging_mixin.py:188} INFO - [2026-03-23T04:47:28.170+0000] {dagbag.py:538} INFO - Filling up the DagBag from /opt/airflow/dags/crawl_crypto_prices.py
[2026-03-23T04:47:28.181+0000] {processor.py:840} INFO - DAG(s) 'crawl_crypto_prices' retrieved from /opt/airflow/dags/crawl_crypto_prices.py
[2026-03-23T04:47:28.200+0000] {logging_mixin.py:188} INFO - [2026-03-23T04:47:28.200+0000] {dag.py:3036} INFO - Sync 1 DAGs
[2026-03-23T04:47:28.210+0000] {logging_mixin.py:188} INFO - [2026-03-23T04:47:28.210+0000] {dag.py:3823} INFO - Setting next_dagrun for crawl_crypto_prices to 2026-03-23 04:00:00+00:00, run_after=2026-03-23 05:00:00+00:00
[2026-03-23T04:47:28.216+0000] {processor.py:183} INFO - Processing /opt/airflow/dags/crawl_crypto_prices.py took 0.052 seconds
[2026-03-23T04:47:58.470+0000] {processor.py:161} INFO - Started process (PID=9533) to work on /opt/airflow/dags/crawl_crypto_prices.py
[2026-03-23T04:47:58.471+0000] {processor.py:830} INFO - Processing file /opt/airflow/dags/crawl_crypto_prices.py for tasks to queue
[2026-03-23T04:47:58.471+0000] {logging_mixin.py:188} INFO - [2026-03-23T04:47:58.471+0000] {dagbag.py:538} INFO - Filling up the DagBag from /opt/airflow/dags/crawl_crypto_prices.py
[2026-03-23T04:47:58.481+0000] {processor.py:840} INFO - DAG(s) 'crawl_crypto_prices' retrieved from /opt/airflow/dags/crawl_crypto_prices.py
[2026-03-23T04:47:58.497+0000] {logging_mixin.py:188} INFO - [2026-03-23T04:47:58.497+0000] {dag.py:3036} INFO - Sync 1 DAGs
[2026-03-23T04:47:58.506+0000] {logging_mixin.py:188} INFO - [2026-03-23T04:47:58.506+0000] {dag.py:3823} INFO - Setting next_dagrun for crawl_crypto_prices to 2026-03-23 04:00:00+00:00, run_after=2026-03-23 05:00:00+00:00
[2026-03-23T04:47:58.512+0000] {processor.py:183} INFO - Processing /opt/airflow/dags/crawl_crypto_prices.py took 0.045 seconds
[2026-03-23T04:48:28.751+0000] {processor.py:161} INFO - Started process (PID=9538) to work on /opt/airflow/dags/crawl_crypto_prices.py
[2026-03-23T04:48:28.751+0000] {processor.py:830} INFO - Processing file /opt/airflow/dags/crawl_crypto_prices.py for tasks to queue
[2026-03-23T04:48:28.752+0000] {logging_mixin.py:188} INFO - [2026-03-23T04:48:28.752+0000] {dagbag.py:538} INFO - Filling up the DagBag from /opt/airflow/dags/crawl_crypto_prices.py
[2026-03-23T04:48:28.762+0000] {processor.py:840} INFO - DAG(s) 'crawl_crypto_prices' retrieved from /opt/airflow/dags/crawl_crypto_prices.py
[2026-03-23T04:48:28.780+0000] {logging_mixin.py:188} INFO - [2026-03-23T04:48:28.780+0000] {dag.py:3036} INFO - Sync 1 DAGs
[2026-03-23T04:48:28.790+0000] {logging_mixin.py:188} INFO - [2026-03-23T04:48:28.790+0000] {dag.py:3823} INFO - Setting next_dagrun for crawl_crypto_prices to 2026-03-23 04:00:00+00:00, run_after=2026-03-23 05:00:00+00:00
[2026-03-23T04:48:28.796+0000] {processor.py:183} INFO - Processing /opt/airflow/dags/crawl_crypto_prices.py took 0.049 seconds
[2026-03-23T04:48:59.062+0000] {processor.py:161} INFO - Started process (PID=9543) to work on /opt/airflow/dags/crawl_crypto_prices.py
[2026-03-23T04:48:59.063+0000] {processor.py:830} INFO - Processing file /opt/airflow/dags/crawl_crypto_prices.py for tasks to queue
[2026-03-23T04:48:59.064+0000] {logging_mixin.py:188} INFO - [2026-03-23T04:48:59.063+0000] {dagbag.py:538} INFO - Filling up the DagBag from /opt/airflow/dags/crawl_crypto_prices.py
[2026-03-23T04:48:59.075+0000] {processor.py:840} INFO - DAG(s) 'crawl_crypto_prices' retrieved from /opt/airflow/dags/crawl_crypto_prices.py
[2026-03-23T04:48:59.090+0000] {logging_mixin.py:188} INFO - [2026-03-23T04:48:59.090+0000] {dag.py:3036} INFO - Sync 1 DAGs
[2026-03-23T04:48:59.100+0000] {logging_mixin.py:188} INFO - [2026-03-23T04:48:59.100+0000] {dag.py:3823} INFO - Setting next_dagrun for crawl_crypto_prices to 2026-03-23 04:00:00+00:00, run_after=2026-03-23 05:00:00+00:00
[2026-03-23T04:48:59.106+0000] {processor.py:183} INFO - Processing /opt/airflow/dags/crawl_crypto_prices.py took 0.048 seconds
[2026-03-23T04:49:29.346+0000] {processor.py:161} INFO - Started process (PID=9548) to work on /opt/airflow/dags/crawl_crypto_prices.py
[2026-03-23T04:49:29.347+0000] {processor.py:830} INFO - Processing file /opt/airflow/dags/crawl_crypto_prices.py for tasks to queue
[2026-03-23T04:49:29.348+0000] {logging_mixin.py:188} INFO - [2026-03-23T04:49:29.347+0000] {dagbag.py:538} INFO - Filling up the DagBag from /opt/airflow/dags/crawl_crypto_prices.py
[2026-03-23T04:49:29.358+0000] {processor.py:840} INFO - DAG(s) 'crawl_crypto_prices' retrieved from /opt/airflow/dags/crawl_crypto_prices.py
[2026-03-23T04:49:29.374+0000] {logging_mixin.py:188} INFO - [2026-03-23T04:49:29.374+0000] {dag.py:3036} INFO - Sync 1 DAGs
[2026-03-23T04:49:29.385+0000] {logging_mixin.py:188} INFO - [2026-03-23T04:49:29.385+0000] {dag.py:3823} INFO - Setting next_dagrun for crawl_crypto_prices to 2026-03-23 04:00:00+00:00, run_after=2026-03-23 05:00:00+00:00
[2026-03-23T04:49:29.392+0000] {processor.py:183} INFO - Processing /opt/airflow/dags/crawl_crypto_prices.py took 0.048 seconds
[2026-03-23T04:49:59.688+0000] {processor.py:161} INFO - Started process (PID=9553) to work on /opt/airflow/dags/crawl_crypto_prices.py
[2026-03-23T04:49:59.689+0000] {processor.py:830} INFO - Processing file /opt/airflow/dags/crawl_crypto_prices.py for tasks to queue
[2026-03-23T04:49:59.690+0000] {logging_mixin.py:188} INFO - [2026-03-23T04:49:59.690+0000] {dagbag.py:538} INFO - Filling up the DagBag from /opt/airflow/dags/crawl_crypto_prices.py
[2026-03-23T04:49:59.701+0000] {processor.py:840} INFO - DAG(s) 'crawl_crypto_prices' retrieved from /opt/airflow/dags/crawl_crypto_prices.py
[2026-03-23T04:49:59.719+0000] {logging_mixin.py:188} INFO - [2026-03-23T04:49:59.719+0000] {dag.py:3036} INFO - Sync 1 DAGs
[2026-03-23T04:49:59.730+0000] {logging_mixin.py:188} INFO - [2026-03-23T04:49:59.730+0000] {dag.py:3823} INFO - Setting next_dagrun for crawl_crypto_prices to 2026-03-23 04:00:00+00:00, run_after=2026-03-23 05:00:00+00:00
[2026-03-23T04:49:59.736+0000] {processor.py:183} INFO - Processing /opt/airflow/dags/crawl_crypto_prices.py took 0.051 seconds
[2026-03-23T04:50:29.968+0000] {processor.py:161} INFO - Started process (PID=9558) to work on /opt/airflow/dags/crawl_crypto_prices.py
[2026-03-23T04:50:29.969+0000] {processor.py:830} INFO - Processing file /opt/airflow/dags/crawl_crypto_prices.py for tasks to queue
[2026-03-23T04:50:29.970+0000] {logging_mixin.py:188} INFO - [2026-03-23T04:50:29.969+0000] {dagbag.py:538} INFO - Filling up the DagBag from /opt/airflow/dags/crawl_crypto_prices.py
[2026-03-23T04:50:29.980+0000] {processor.py:840} INFO - DAG(s) 'crawl_crypto_prices' retrieved from /opt/airflow/dags/crawl_crypto_prices.py
[2026-03-23T04:50:29.999+0000] {logging_mixin.py:188} INFO - [2026-03-23T04:50:29.999+0000] {dag.py:3036} INFO - Sync 1 DAGs
[2026-03-23T04:50:30.011+0000] {logging_mixin.py:188} INFO - [2026-03-23T04:50:30.010+0000] {dag.py:3823} INFO - Setting next_dagrun for crawl_crypto_prices to 2026-03-23 04:00:00+00:00, run_after=2026-03-23 05:00:00+00:00
[2026-03-23T04:50:30.017+0000] {processor.py:183} INFO - Processing /opt/airflow/dags/crawl_crypto_prices.py took 0.052 seconds
[2026-03-23T04:51:00.252+0000] {processor.py:161} INFO - Started process (PID=9563) to work on /opt/airflow/dags/crawl_crypto_prices.py
[2026-03-23T04:51:00.255+0000] {processor.py:830} INFO - Processing file /opt/airflow/dags/crawl_crypto_prices.py for tasks to queue
[2026-03-23T04:51:00.255+0000] {logging_mixin.py:188} INFO - [2026-03-23T04:51:00.255+0000] {dagbag.py:538} INFO - Filling up the DagBag from /opt/airflow/dags/crawl_crypto_prices.py
[2026-03-23T04:51:00.266+0000] {processor.py:840} INFO - DAG(s) 'crawl_crypto_prices' retrieved from /opt/airflow/dags/crawl_crypto_prices.py
[2026-03-23T04:51:00.284+0000] {logging_mixin.py:188} INFO - [2026-03-23T04:51:00.284+0000] {dag.py:3036} INFO - Sync 1 DAGs
[2026-03-23T04:51:00.293+0000] {logging_mixin.py:188} INFO - [2026-03-23T04:51:00.293+0000] {dag.py:3823} INFO - Setting next_dagrun for crawl_crypto_prices to 2026-03-23 04:00:00+00:00, run_after=2026-03-23 05:00:00+00:00
[2026-03-23T04:51:00.300+0000] {processor.py:183} INFO - Processing /opt/airflow/dags/crawl_crypto_prices.py took 0.050 seconds
[2026-03-23T04:51:30.567+0000] {processor.py:161} INFO - Started process (PID=9568) to work on /opt/airflow/dags/crawl_crypto_prices.py
[2026-03-23T04:51:30.568+0000] {processor.py:830} INFO - Processing file /opt/airflow/dags/crawl_crypto_prices.py for tasks to queue
[2026-03-23T04:51:30.569+0000] {logging_mixin.py:188} INFO - [2026-03-23T04:51:30.569+0000] {dagbag.py:538} INFO - Filling up the DagBag from /opt/airflow/dags/crawl_crypto_prices.py
[2026-03-23T04:51:30.578+0000] {processor.py:840} INFO - DAG(s) 'crawl_crypto_prices' retrieved from /opt/airflow/dags/crawl_crypto_prices.py
[2026-03-23T04:51:30.595+0000] {logging_mixin.py:188} INFO - [2026-03-23T04:51:30.595+0000] {dag.py:3036} INFO - Sync 1 DAGs
[2026-03-23T04:51:30.606+0000] {logging_mixin.py:188} INFO - [2026-03-23T04:51:30.606+0000] {dag.py:3823} INFO - Setting next_dagrun for crawl_crypto_prices to 2026-03-23 04:00:00+00:00, run_after=2026-03-23 05:00:00+00:00
[2026-03-23T04:51:30.612+0000] {processor.py:183} INFO - Processing /opt/airflow/dags/crawl_crypto_prices.py took 0.048 seconds
[2026-03-23T04:52:00.909+0000] {processor.py:161} INFO - Started process (PID=9573) to work on /opt/airflow/dags/crawl_crypto_prices.py
[2026-03-23T04:52:00.910+0000] {processor.py:830} INFO - Processing file /opt/airflow/dags/crawl_crypto_prices.py for tasks to queue
[2026-03-23T04:52:00.911+0000] {logging_mixin.py:188} INFO - [2026-03-23T04:52:00.911+0000] {dagbag.py:538} INFO - Filling up the DagBag from /opt/airflow/dags/crawl_crypto_prices.py
[2026-03-23T04:52:00.925+0000] {processor.py:840} INFO - DAG(s) 'crawl_crypto_prices' retrieved from /opt/airflow/dags/crawl_crypto_prices.py
[2026-03-23T04:52:00.946+0000] {logging_mixin.py:188} INFO - [2026-03-23T04:52:00.946+0000] {dag.py:3036} INFO - Sync 1 DAGs
[2026-03-23T04:52:00.957+0000] {logging_mixin.py:188} INFO - [2026-03-23T04:52:00.957+0000] {dag.py:3823} INFO - Setting next_dagrun for crawl_crypto_prices to 2026-03-23 04:00:00+00:00, run_after=2026-03-23 05:00:00+00:00
[2026-03-23T04:52:00.963+0000] {processor.py:183} INFO - Processing /opt/airflow/dags/crawl_crypto_prices.py took 0.058 seconds
[2026-03-23T04:52:31.227+0000] {processor.py:161} INFO - Started process (PID=9578) to work on /opt/airflow/dags/crawl_crypto_prices.py
[2026-03-23T04:52:31.228+0000] {processor.py:830} INFO - Processing file /opt/airflow/dags/crawl_crypto_prices.py for tasks to queue
[2026-03-23T04:52:31.229+0000] {logging_mixin.py:188} INFO - [2026-03-23T04:52:31.228+0000] {dagbag.py:538} INFO - Filling up the DagBag from /opt/airflow/dags/crawl_crypto_prices.py
[2026-03-23T04:52:31.241+0000] {processor.py:840} INFO - DAG(s) 'crawl_crypto_prices' retrieved from /opt/airflow/dags/crawl_crypto_prices.py
[2026-03-23T04:52:31.261+0000] {logging_mixin.py:188} INFO - [2026-03-23T04:52:31.261+0000] {dag.py:3036} INFO - Sync 1 DAGs
[2026-03-23T04:52:31.271+0000] {logging_mixin.py:188} INFO - [2026-03-23T04:52:31.271+0000] {dag.py:3823} INFO - Setting next_dagrun for crawl_crypto_prices to 2026-03-23 04:00:00+00:00, run_after=2026-03-23 05:00:00+00:00
[2026-03-23T04:52:31.277+0000] {processor.py:183} INFO - Processing /opt/airflow/dags/crawl_crypto_prices.py took 0.054 seconds
[2026-03-23T04:53:01.527+0000] {processor.py:161} INFO - Started process (PID=9583) to work on /opt/airflow/dags/crawl_crypto_prices.py
[2026-03-23T04:53:01.528+0000] {processor.py:830} INFO - Processing file /opt/airflow/dags/crawl_crypto_prices.py for tasks to queue
[2026-03-23T04:53:01.529+0000] {logging_mixin.py:188} INFO - [2026-03-23T04:53:01.528+0000] {dagbag.py:538} INFO - Filling up the DagBag from /opt/airflow/dags/crawl_crypto_prices.py
[2026-03-23T04:53:01.543+0000] {processor.py:840} INFO - DAG(s) 'crawl_crypto_prices' retrieved from /opt/airflow/dags/crawl_crypto_prices.py
[2026-03-23T04:53:01.562+0000] {logging_mixin.py:188} INFO - [2026-03-23T04:53:01.562+0000] {dag.py:3036} INFO - Sync 1 DAGs
[2026-03-23T04:53:01.572+0000] {logging_mixin.py:188} INFO - [2026-03-23T04:53:01.572+0000] {dag.py:3823} INFO - Setting next_dagrun for crawl_crypto_prices to 2026-03-23 04:00:00+00:00, run_after=2026-03-23 05:00:00+00:00
[2026-03-23T04:53:01.579+0000] {processor.py:183} INFO - Processing /opt/airflow/dags/crawl_crypto_prices.py took 0.056 seconds
[2026-03-23T04:53:31.856+0000] {processor.py:161} INFO - Started process (PID=9588) to work on /opt/airflow/dags/crawl_crypto_prices.py
[2026-03-23T04:53:31.858+0000] {processor.py:830} INFO - Processing file /opt/airflow/dags/crawl_crypto_prices.py for tasks to queue
[2026-03-23T04:53:31.859+0000] {logging_mixin.py:188} INFO - [2026-03-23T04:53:31.858+0000] {dagbag.py:538} INFO - Filling up the DagBag from /opt/airflow/dags/crawl_crypto_prices.py
[2026-03-23T04:53:31.872+0000] {processor.py:840} INFO - DAG(s) 'crawl_crypto_prices' retrieved from /opt/airflow/dags/crawl_crypto_prices.py
[2026-03-23T04:53:31.895+0000] {logging_mixin.py:188} INFO - [2026-03-23T04:53:31.894+0000] {dag.py:3036} INFO - Sync 1 DAGs
[2026-03-23T04:53:31.905+0000] {logging_mixin.py:188} INFO - [2026-03-23T04:53:31.905+0000] {dag.py:3823} INFO - Setting next_dagrun for crawl_crypto_prices to 2026-03-23 04:00:00+00:00, run_after=2026-03-23 05:00:00+00:00
[2026-03-23T04:53:31.912+0000] {processor.py:183} INFO - Processing /opt/airflow/dags/crawl_crypto_prices.py took 0.060 seconds
[2026-03-23T04:54:02.176+0000] {processor.py:161} INFO - Started process (PID=9593) to work on /opt/airflow/dags/crawl_crypto_prices.py
[2026-03-23T04:54:02.177+0000] {processor.py:830} INFO - Processing file /opt/airflow/dags/crawl_crypto_prices.py for tasks to queue
[2026-03-23T04:54:02.178+0000] {logging_mixin.py:188} INFO - [2026-03-23T04:54:02.177+0000] {dagbag.py:538} INFO - Filling up the DagBag from /opt/airflow/dags/crawl_crypto_prices.py
[2026-03-23T04:54:02.189+0000] {processor.py:840} INFO - DAG(s) 'crawl_crypto_prices' retrieved from /opt/airflow/dags/crawl_crypto_prices.py
[2026-03-23T04:54:02.205+0000] {logging_mixin.py:188} INFO - [2026-03-23T04:54:02.205+0000] {dag.py:3036} INFO - Sync 1 DAGs
[2026-03-23T04:54:02.214+0000] {logging_mixin.py:188} INFO - [2026-03-23T04:54:02.214+0000] {dag.py:3823} INFO - Setting next_dagrun for crawl_crypto_prices to 2026-03-23 04:00:00+00:00, run_after=2026-03-23 05:00:00+00:00
[2026-03-23T04:54:02.221+0000] {processor.py:183} INFO - Processing /opt/airflow/dags/crawl_crypto_prices.py took 0.048 seconds
[2026-03-23T04:54:32.499+0000] {processor.py:161} INFO - Started process (PID=9598) to work on /opt/airflow/dags/crawl_crypto_prices.py
[2026-03-23T04:54:32.501+0000] {processor.py:830} INFO - Processing file /opt/airflow/dags/crawl_crypto_prices.py for tasks to queue
[2026-03-23T04:54:32.502+0000] {logging_mixin.py:188} INFO - [2026-03-23T04:54:32.501+0000] {dagbag.py:538} INFO - Filling up the DagBag from /opt/airflow/dags/crawl_crypto_prices.py
[2026-03-23T04:54:32.513+0000] {processor.py:840} INFO - DAG(s) 'crawl_crypto_prices' retrieved from /opt/airflow/dags/crawl_crypto_prices.py
[2026-03-23T04:54:32.531+0000] {logging_mixin.py:188} INFO - [2026-03-23T04:54:32.531+0000] {dag.py:3036} INFO - Sync 1 DAGs
[2026-03-23T04:54:32.541+0000] {logging_mixin.py:188} INFO - [2026-03-23T04:54:32.541+0000] {dag.py:3823} INFO - Setting next_dagrun for crawl_crypto_prices to 2026-03-23 04:00:00+00:00, run_after=2026-03-23 05:00:00+00:00
[2026-03-23T04:54:32.547+0000] {processor.py:183} INFO - Processing /opt/airflow/dags/crawl_crypto_prices.py took 0.053 seconds
[2026-03-23T04:55:02.829+0000] {processor.py:161} INFO - Started process (PID=9603) to work on /opt/airflow/dags/crawl_crypto_prices.py
[2026-03-23T04:55:02.831+0000] {processor.py:830} INFO - Processing file /opt/airflow/dags/crawl_crypto_prices.py for tasks to queue
[2026-03-23T04:55:02.832+0000] {logging_mixin.py:188} INFO - [2026-03-23T04:55:02.831+0000] {dagbag.py:538} INFO - Filling up the DagBag from /opt/airflow/dags/crawl_crypto_prices.py
[2026-03-23T04:55:02.843+0000] {processor.py:840} INFO - DAG(s) 'crawl_crypto_prices' retrieved from /opt/airflow/dags/crawl_crypto_prices.py
[2026-03-23T04:55:02.861+0000] {logging_mixin.py:188} INFO - [2026-03-23T04:55:02.861+0000] {dag.py:3036} INFO - Sync 1 DAGs
[2026-03-23T04:55:02.874+0000] {logging_mixin.py:188} INFO - [2026-03-23T04:55:02.874+0000] {dag.py:3823} INFO - Setting next_dagrun for crawl_crypto_prices to 2026-03-23 04:00:00+00:00, run_after=2026-03-23 05:00:00+00:00
[2026-03-23T04:55:02.881+0000] {processor.py:183} INFO - Processing /opt/airflow/dags/crawl_crypto_prices.py took 0.056 seconds
[2026-03-23T04:55:33.127+0000] {processor.py:161} INFO - Started process (PID=9608) to work on /opt/airflow/dags/crawl_crypto_prices.py
[2026-03-23T04:55:33.128+0000] {processor.py:830} INFO - Processing file /opt/airflow/dags/crawl_crypto_prices.py for tasks to queue
[2026-03-23T04:55:33.129+0000] {logging_mixin.py:188} INFO - [2026-03-23T04:55:33.129+0000] {dagbag.py:538} INFO - Filling up the DagBag from /opt/airflow/dags/crawl_crypto_prices.py
[2026-03-23T04:55:33.141+0000] {processor.py:840} INFO - DAG(s) 'crawl_crypto_prices' retrieved from /opt/airflow/dags/crawl_crypto_prices.py
[2026-03-23T04:55:33.159+0000] {logging_mixin.py:188} INFO - [2026-03-23T04:55:33.159+0000] {dag.py:3036} INFO - Sync 1 DAGs
[2026-03-23T04:55:33.169+0000] {logging_mixin.py:188} INFO - [2026-03-23T04:55:33.169+0000] {dag.py:3823} INFO - Setting next_dagrun for crawl_crypto_prices to 2026-03-23 04:00:00+00:00, run_after=2026-03-23 05:00:00+00:00
[2026-03-23T04:55:33.175+0000] {processor.py:183} INFO - Processing /opt/airflow/dags/crawl_crypto_prices.py took 0.051 seconds
[2026-03-23T04:56:03.465+0000] {processor.py:161} INFO - Started process (PID=9613) to work on /opt/airflow/dags/crawl_crypto_prices.py
[2026-03-23T04:56:03.466+0000] {processor.py:830} INFO - Processing file /opt/airflow/dags/crawl_crypto_prices.py for tasks to queue
[2026-03-23T04:56:03.467+0000] {logging_mixin.py:188} INFO - [2026-03-23T04:56:03.467+0000] {dagbag.py:538} INFO - Filling up the DagBag from /opt/airflow/dags/crawl_crypto_prices.py
[2026-03-23T04:56:03.478+0000] {processor.py:840} INFO - DAG(s) 'crawl_crypto_prices' retrieved from /opt/airflow/dags/crawl_crypto_prices.py
[2026-03-23T04:56:03.498+0000] {logging_mixin.py:188} INFO - [2026-03-23T04:56:03.498+0000] {dag.py:3036} INFO - Sync 1 DAGs
[2026-03-23T04:56:03.508+0000] {logging_mixin.py:188} INFO - [2026-03-23T04:56:03.508+0000] {dag.py:3823} INFO - Setting next_dagrun for crawl_crypto_prices to 2026-03-23 04:00:00+00:00, run_after=2026-03-23 05:00:00+00:00
[2026-03-23T04:56:03.515+0000] {processor.py:183} INFO - Processing /opt/airflow/dags/crawl_crypto_prices.py took 0.054 seconds
[2026-03-23T04:56:33.838+0000] {processor.py:161} INFO - Started process (PID=9618) to work on /opt/airflow/dags/crawl_crypto_prices.py
[2026-03-23T04:56:33.839+0000] {processor.py:830} INFO - Processing file /opt/airflow/dags/crawl_crypto_prices.py for tasks to queue
[2026-03-23T04:56:33.839+0000] {logging_mixin.py:188} INFO - [2026-03-23T04:56:33.839+0000] {dagbag.py:538} INFO - Filling up the DagBag from /opt/airflow/dags/crawl_crypto_prices.py
[2026-03-23T04:56:33.855+0000] {processor.py:840} INFO - DAG(s) 'crawl_crypto_prices' retrieved from /opt/airflow/dags/crawl_crypto_prices.py
[2026-03-23T04:56:33.876+0000] {logging_mixin.py:188} INFO - [2026-03-23T04:56:33.876+0000] {dag.py:3036} INFO - Sync 1 DAGs
[2026-03-23T04:56:33.887+0000] {logging_mixin.py:188} INFO - [2026-03-23T04:56:33.887+0000] {dag.py:3823} INFO - Setting next_dagrun for crawl_crypto_prices to 2026-03-23 04:00:00+00:00, run_after=2026-03-23 05:00:00+00:00
[2026-03-23T04:56:33.893+0000] {processor.py:183} INFO - Processing /opt/airflow/dags/crawl_crypto_prices.py took 0.060 seconds
[2026-03-23T04:57:04.073+0000] {processor.py:161} INFO - Started process (PID=9625) to work on /opt/airflow/dags/crawl_crypto_prices.py
[2026-03-23T04:57:04.075+0000] {processor.py:830} INFO - Processing file /opt/airflow/dags/crawl_crypto_prices.py for tasks to queue
[2026-03-23T04:57:04.076+0000] {logging_mixin.py:188} INFO - [2026-03-23T04:57:04.075+0000] {dagbag.py:538} INFO - Filling up the DagBag from /opt/airflow/dags/crawl_crypto_prices.py
[2026-03-23T04:57:04.086+0000] {processor.py:840} INFO - DAG(s) 'crawl_crypto_prices' retrieved from /opt/airflow/dags/crawl_crypto_prices.py
[2026-03-23T04:57:04.100+0000] {logging_mixin.py:188} INFO - [2026-03-23T04:57:04.100+0000] {dag.py:3036} INFO - Sync 1 DAGs
[2026-03-23T04:57:04.110+0000] {logging_mixin.py:188} INFO - [2026-03-23T04:57:04.110+0000] {dag.py:3823} INFO - Setting next_dagrun for crawl_crypto_prices to 2026-03-23 04:00:00+00:00, run_after=2026-03-23 05:00:00+00:00
[2026-03-23T04:57:04.117+0000] {processor.py:183} INFO - Processing /opt/airflow/dags/crawl_crypto_prices.py took 0.047 seconds
[2026-03-23T04:57:34.358+0000] {processor.py:161} INFO - Started process (PID=9630) to work on /opt/airflow/dags/crawl_crypto_prices.py
[2026-03-23T04:57:34.359+0000] {processor.py:830} INFO - Processing file /opt/airflow/dags/crawl_crypto_prices.py for tasks to queue
[2026-03-23T04:57:34.360+0000] {logging_mixin.py:188} INFO - [2026-03-23T04:57:34.360+0000] {dagbag.py:538} INFO - Filling up the DagBag from /opt/airflow/dags/crawl_crypto_prices.py
[2026-03-23T04:57:34.371+0000] {processor.py:840} INFO - DAG(s) 'crawl_crypto_prices' retrieved from /opt/airflow/dags/crawl_crypto_prices.py
[2026-03-23T04:57:34.392+0000] {logging_mixin.py:188} INFO - [2026-03-23T04:57:34.392+0000] {dag.py:3036} INFO - Sync 1 DAGs
[2026-03-23T04:57:34.403+0000] {logging_mixin.py:188} INFO - [2026-03-23T04:57:34.403+0000] {dag.py:3823} INFO - Setting next_dagrun for crawl_crypto_prices to 2026-03-23 04:00:00+00:00, run_after=2026-03-23 05:00:00+00:00
[2026-03-23T04:57:34.409+0000] {processor.py:183} INFO - Processing /opt/airflow/dags/crawl_crypto_prices.py took 0.054 seconds
[2026-03-23T04:58:04.612+0000] {processor.py:161} INFO - Started process (PID=9635) to work on /opt/airflow/dags/crawl_crypto_prices.py
[2026-03-23T04:58:04.613+0000] {processor.py:830} INFO - Processing file /opt/airflow/dags/crawl_crypto_prices.py for tasks to queue
[2026-03-23T04:58:04.614+0000] {logging_mixin.py:188} INFO - [2026-03-23T04:58:04.613+0000] {dagbag.py:538} INFO - Filling up the DagBag from /opt/airflow/dags/crawl_crypto_prices.py
[2026-03-23T04:58:04.626+0000] {processor.py:840} INFO - DAG(s) 'crawl_crypto_prices' retrieved from /opt/airflow/dags/crawl_crypto_prices.py
[2026-03-23T04:58:04.647+0000] {logging_mixin.py:188} INFO - [2026-03-23T04:58:04.647+0000] {dag.py:3036} INFO - Sync 1 DAGs
[2026-03-23T04:58:04.660+0000] {logging_mixin.py:188} INFO - [2026-03-23T04:58:04.660+0000] {dag.py:3823} INFO - Setting next_dagrun for crawl_crypto_prices to 2026-03-23 04:00:00+00:00, run_after=2026-03-23 05:00:00+00:00
[2026-03-23T04:58:04.666+0000] {processor.py:183} INFO - Processing /opt/airflow/dags/crawl_crypto_prices.py took 0.058 seconds
[2026-03-23T04:58:34.861+0000] {processor.py:161} INFO - Started process (PID=9640) to work on /opt/airflow/dags/crawl_crypto_prices.py
[2026-03-23T04:58:34.862+0000] {processor.py:830} INFO - Processing file /opt/airflow/dags/crawl_crypto_prices.py for tasks to queue
[2026-03-23T04:58:34.863+0000] {logging_mixin.py:188} INFO - [2026-03-23T04:58:34.862+0000] {dagbag.py:538} INFO - Filling up the DagBag from /opt/airflow/dags/crawl_crypto_prices.py
[2026-03-23T04:58:34.872+0000] {processor.py:840} INFO - DAG(s) 'crawl_crypto_prices' retrieved from /opt/airflow/dags/crawl_crypto_prices.py
[2026-03-23T04:58:34.887+0000] {logging_mixin.py:188} INFO - [2026-03-23T04:58:34.887+0000] {dag.py:3036} INFO - Sync 1 DAGs
[2026-03-23T04:58:34.896+0000] {logging_mixin.py:188} INFO - [2026-03-23T04:58:34.896+0000] {dag.py:3823} INFO - Setting next_dagrun for crawl_crypto_prices to 2026-03-23 04:00:00+00:00, run_after=2026-03-23 05:00:00+00:00
[2026-03-23T04:58:34.902+0000] {processor.py:183} INFO - Processing /opt/airflow/dags/crawl_crypto_prices.py took 0.044 seconds
[2026-03-23T04:59:05.178+0000] {processor.py:161} INFO - Started process (PID=9645) to work on /opt/airflow/dags/crawl_crypto_prices.py
[2026-03-23T04:59:05.179+0000] {processor.py:830} INFO - Processing file /opt/airflow/dags/crawl_crypto_prices.py for tasks to queue
[2026-03-23T04:59:05.179+0000] {logging_mixin.py:188} INFO - [2026-03-23T04:59:05.179+0000] {dagbag.py:538} INFO - Filling up the DagBag from /opt/airflow/dags/crawl_crypto_prices.py
[2026-03-23T04:59:05.188+0000] {processor.py:840} INFO - DAG(s) 'crawl_crypto_prices' retrieved from /opt/airflow/dags/crawl_crypto_prices.py
[2026-03-23T04:59:05.202+0000] {logging_mixin.py:188} INFO - [2026-03-23T04:59:05.201+0000] {dag.py:3036} INFO - Sync 1 DAGs
[2026-03-23T04:59:05.210+0000] {logging_mixin.py:188} INFO - [2026-03-23T04:59:05.210+0000] {dag.py:3823} INFO - Setting next_dagrun for crawl_crypto_prices to 2026-03-23 04:00:00+00:00, run_after=2026-03-23 05:00:00+00:00
[2026-03-23T04:59:05.215+0000] {processor.py:183} INFO - Processing /opt/airflow/dags/crawl_crypto_prices.py took 0.040 seconds
[2026-03-23T04:59:35.444+0000] {processor.py:161} INFO - Started process (PID=9650) to work on /opt/airflow/dags/crawl_crypto_prices.py
[2026-03-23T04:59:35.445+0000] {processor.py:830} INFO - Processing file /opt/airflow/dags/crawl_crypto_prices.py for tasks to queue
[2026-03-23T04:59:35.446+0000] {logging_mixin.py:188} INFO - [2026-03-23T04:59:35.446+0000] {dagbag.py:538} INFO - Filling up the DagBag from /opt/airflow/dags/crawl_crypto_prices.py
[2026-03-23T04:59:35.455+0000] {processor.py:840} INFO - DAG(s) 'crawl_crypto_prices' retrieved from /opt/airflow/dags/crawl_crypto_prices.py
[2026-03-23T04:59:35.472+0000] {logging_mixin.py:188} INFO - [2026-03-23T04:59:35.472+0000] {dag.py:3036} INFO - Sync 1 DAGs
[2026-03-23T04:59:35.481+0000] {logging_mixin.py:188} INFO - [2026-03-23T04:59:35.481+0000] {dag.py:3823} INFO - Setting next_dagrun for crawl_crypto_prices to 2026-03-23 04:00:00+00:00, run_after=2026-03-23 05:00:00+00:00
[2026-03-23T04:59:35.487+0000] {processor.py:183} INFO - Processing /opt/airflow/dags/crawl_crypto_prices.py took 0.046 seconds
[2026-03-23T05:00:46.087+0000] {processor.py:161} INFO - Started process (PID=9655) to work on /opt/airflow/dags/crawl_crypto_prices.py
[2026-03-23T05:00:46.089+0000] {processor.py:830} INFO - Processing file /opt/airflow/dags/crawl_crypto_prices.py for tasks to queue
[2026-03-23T05:00:46.090+0000] {logging_mixin.py:188} INFO - [2026-03-23T05:00:46.089+0000] {dagbag.py:538} INFO - Filling up the DagBag from /opt/airflow/dags/crawl_crypto_prices.py
[2026-03-23T05:00:46.102+0000] {processor.py:840} INFO - DAG(s) 'crawl_crypto_prices' retrieved from /opt/airflow/dags/crawl_crypto_prices.py
[2026-03-23T05:00:46.120+0000] {logging_mixin.py:188} INFO - [2026-03-23T05:00:46.119+0000] {dag.py:3036} INFO - Sync 1 DAGs
[2026-03-23T05:00:46.133+0000] {logging_mixin.py:188} INFO - [2026-03-23T05:00:46.133+0000] {dag.py:3823} INFO - Setting next_dagrun for crawl_crypto_prices to 2026-03-23 05:00:00+00:00, run_after=2026-03-23 06:00:00+00:00
[2026-03-23T05:00:46.141+0000] {processor.py:183} INFO - Processing /opt/airflow/dags/crawl_crypto_prices.py took 0.058 seconds
[2026-03-23T05:01:16.345+0000] {processor.py:161} INFO - Started process (PID=9664) to work on /opt/airflow/dags/crawl_crypto_prices.py
[2026-03-23T05:01:16.346+0000] {processor.py:830} INFO - Processing file /opt/airflow/dags/crawl_crypto_prices.py for tasks to queue
[2026-03-23T05:01:16.346+0000] {logging_mixin.py:188} INFO - [2026-03-23T05:01:16.346+0000] {dagbag.py:538} INFO - Filling up the DagBag from /opt/airflow/dags/crawl_crypto_prices.py
[2026-03-23T05:01:16.354+0000] {processor.py:840} INFO - DAG(s) 'crawl_crypto_prices' retrieved from /opt/airflow/dags/crawl_crypto_prices.py
[2026-03-23T05:01:16.368+0000] {logging_mixin.py:188} INFO - [2026-03-23T05:01:16.367+0000] {dag.py:3036} INFO - Sync 1 DAGs
[2026-03-23T05:01:16.378+0000] {logging_mixin.py:188} INFO - [2026-03-23T05:01:16.378+0000] {dag.py:3823} INFO - Setting next_dagrun for crawl_crypto_prices to 2026-03-23 05:00:00+00:00, run_after=2026-03-23 06:00:00+00:00
[2026-03-23T05:01:16.385+0000] {processor.py:183} INFO - Processing /opt/airflow/dags/crawl_crypto_prices.py took 0.041 seconds
[2026-03-23T05:46:59.772+0000] {processor.py:161} INFO - Started process (PID=9671) to work on /opt/airflow/dags/crawl_crypto_prices.py
[2026-03-23T05:46:59.773+0000] {processor.py:830} INFO - Processing file /opt/airflow/dags/crawl_crypto_prices.py for tasks to queue
[2026-03-23T05:46:59.773+0000] {logging_mixin.py:188} INFO - [2026-03-23T05:46:59.773+0000] {dagbag.py:538} INFO - Filling up the DagBag from /opt/airflow/dags/crawl_crypto_prices.py
[2026-03-23T05:46:59.782+0000] {processor.py:840} INFO - DAG(s) 'crawl_crypto_prices' retrieved from /opt/airflow/dags/crawl_crypto_prices.py
[2026-03-23T05:46:59.797+0000] {logging_mixin.py:188} INFO - [2026-03-23T05:46:59.797+0000] {dag.py:3036} INFO - Sync 1 DAGs
[2026-03-23T05:46:59.819+0000] {logging_mixin.py:188} INFO - [2026-03-23T05:46:59.819+0000] {dag.py:3823} INFO - Setting next_dagrun for crawl_crypto_prices to 2026-03-23 05:00:00+00:00, run_after=2026-03-23 06:00:00+00:00
[2026-03-23T05:46:59.837+0000] {processor.py:183} INFO - Processing /opt/airflow/dags/crawl_crypto_prices.py took 0.068 seconds
[2026-03-23T06:35:00.683+0000] {processor.py:161} INFO - Started process (PID=9678) to work on /opt/airflow/dags/crawl_crypto_prices.py
[2026-03-23T06:35:00.689+0000] {processor.py:830} INFO - Processing file /opt/airflow/dags/crawl_crypto_prices.py for tasks to queue
[2026-03-23T06:35:00.691+0000] {logging_mixin.py:188} INFO - [2026-03-23T06:35:00.691+0000] {dagbag.py:538} INFO - Filling up the DagBag from /opt/airflow/dags/crawl_crypto_prices.py
[2026-03-23T06:35:00.739+0000] {processor.py:840} INFO - DAG(s) 'crawl_crypto_prices' retrieved from /opt/airflow/dags/crawl_crypto_prices.py
[2026-03-23T06:35:00.791+0000] {logging_mixin.py:188} INFO - [2026-03-23T06:35:00.791+0000] {dag.py:3036} INFO - Sync 1 DAGs
[2026-03-23T06:35:00.819+0000] {logging_mixin.py:188} INFO - [2026-03-23T06:35:00.819+0000] {dag.py:3823} INFO - Setting next_dagrun for crawl_crypto_prices to 2026-03-23 06:00:00+00:00, run_after=2026-03-23 07:00:00+00:00
[2026-03-23T06:35:00.841+0000] {processor.py:183} INFO - Processing /opt/airflow/dags/crawl_crypto_prices.py took 0.168 seconds
[2026-03-23T06:35:30.958+0000] {processor.py:161} INFO - Started process (PID=9683) to work on /opt/airflow/dags/crawl_crypto_prices.py
[2026-03-23T06:35:30.959+0000] {processor.py:830} INFO - Processing file /opt/airflow/dags/crawl_crypto_prices.py for tasks to queue
[2026-03-23T06:35:30.959+0000] {logging_mixin.py:188} INFO - [2026-03-23T06:35:30.959+0000] {dagbag.py:538} INFO - Filling up the DagBag from /opt/airflow/dags/crawl_crypto_prices.py
[2026-03-23T06:35:30.970+0000] {processor.py:840} INFO - DAG(s) 'crawl_crypto_prices' retrieved from /opt/airflow/dags/crawl_crypto_prices.py
[2026-03-23T06:35:30.988+0000] {logging_mixin.py:188} INFO - [2026-03-23T06:35:30.988+0000] {dag.py:3036} INFO - Sync 1 DAGs
[2026-03-23T06:35:30.997+0000] {logging_mixin.py:188} INFO - [2026-03-23T06:35:30.997+0000] {dag.py:3823} INFO - Setting next_dagrun for crawl_crypto_prices to 2026-03-23 06:00:00+00:00, run_after=2026-03-23 07:00:00+00:00
[2026-03-23T06:35:31.004+0000] {processor.py:183} INFO - Processing /opt/airflow/dags/crawl_crypto_prices.py took 0.050 seconds
[2026-03-23T06:36:01.273+0000] {processor.py:161} INFO - Started process (PID=9688) to work on /opt/airflow/dags/crawl_crypto_prices.py
[2026-03-23T06:36:01.274+0000] {processor.py:830} INFO - Processing file /opt/airflow/dags/crawl_crypto_prices.py for tasks to queue
[2026-03-23T06:36:01.275+0000] {logging_mixin.py:188} INFO - [2026-03-23T06:36:01.274+0000] {dagbag.py:538} INFO - Filling up the DagBag from /opt/airflow/dags/crawl_crypto_prices.py
[2026-03-23T06:36:01.285+0000] {processor.py:840} INFO - DAG(s) 'crawl_crypto_prices' retrieved from /opt/airflow/dags/crawl_crypto_prices.py
[2026-03-23T06:36:01.303+0000] {logging_mixin.py:188} INFO - [2026-03-23T06:36:01.303+0000] {dag.py:3036} INFO - Sync 1 DAGs
[2026-03-23T06:36:01.313+0000] {logging_mixin.py:188} INFO - [2026-03-23T06:36:01.313+0000] {dag.py:3823} INFO - Setting next_dagrun for crawl_crypto_prices to 2026-03-23 06:00:00+00:00, run_after=2026-03-23 07:00:00+00:00
[2026-03-23T06:36:01.319+0000] {processor.py:183} INFO - Processing /opt/airflow/dags/crawl_crypto_prices.py took 0.050 seconds
[2026-03-23T06:36:31.609+0000] {processor.py:161} INFO - Started process (PID=9693) to work on /opt/airflow/dags/crawl_crypto_prices.py
[2026-03-23T06:36:31.611+0000] {processor.py:830} INFO - Processing file /opt/airflow/dags/crawl_crypto_prices.py for tasks to queue
[2026-03-23T06:36:31.611+0000] {logging_mixin.py:188} INFO - [2026-03-23T06:36:31.611+0000] {dagbag.py:538} INFO - Filling up the DagBag from /opt/airflow/dags/crawl_crypto_prices.py
[2026-03-23T06:36:31.622+0000] {processor.py:840} INFO - DAG(s) 'crawl_crypto_prices' retrieved from /opt/airflow/dags/crawl_crypto_prices.py
[2026-03-23T06:36:31.640+0000] {logging_mixin.py:188} INFO - [2026-03-23T06:36:31.640+0000] {dag.py:3036} INFO - Sync 1 DAGs
[2026-03-23T06:36:31.650+0000] {logging_mixin.py:188} INFO - [2026-03-23T06:36:31.650+0000] {dag.py:3823} INFO - Setting next_dagrun for crawl_crypto_prices to 2026-03-23 06:00:00+00:00, run_after=2026-03-23 07:00:00+00:00
[2026-03-23T06:36:31.657+0000] {processor.py:183} INFO - Processing /opt/airflow/dags/crawl_crypto_prices.py took 0.051 seconds
[2026-03-23T06:37:01.961+0000] {processor.py:161} INFO - Started process (PID=9698) to work on /opt/airflow/dags/crawl_crypto_prices.py
[2026-03-23T06:37:01.962+0000] {processor.py:830} INFO - Processing file /opt/airflow/dags/crawl_crypto_prices.py for tasks to queue
[2026-03-23T06:37:01.963+0000] {logging_mixin.py:188} INFO - [2026-03-23T06:37:01.962+0000] {dagbag.py:538} INFO - Filling up the DagBag from /opt/airflow/dags/crawl_crypto_prices.py
[2026-03-23T06:37:01.974+0000] {processor.py:840} INFO - DAG(s) 'crawl_crypto_prices' retrieved from /opt/airflow/dags/crawl_crypto_prices.py
[2026-03-23T06:37:01.992+0000] {logging_mixin.py:188} INFO - [2026-03-23T06:37:01.992+0000] {dag.py:3036} INFO - Sync 1 DAGs
[2026-03-23T06:37:02.004+0000] {logging_mixin.py:188} INFO - [2026-03-23T06:37:02.004+0000] {dag.py:3823} INFO - Setting next_dagrun for crawl_crypto_prices to 2026-03-23 06:00:00+00:00, run_after=2026-03-23 07:00:00+00:00
[2026-03-23T06:37:02.011+0000] {processor.py:183} INFO - Processing /opt/airflow/dags/crawl_crypto_prices.py took 0.053 seconds
[2026-03-23T06:37:32.247+0000] {processor.py:161} INFO - Started process (PID=9703) to work on /opt/airflow/dags/crawl_crypto_prices.py
[2026-03-23T06:37:32.248+0000] {processor.py:830} INFO - Processing file /opt/airflow/dags/crawl_crypto_prices.py for tasks to queue
[2026-03-23T06:37:32.248+0000] {logging_mixin.py:188} INFO - [2026-03-23T06:37:32.248+0000] {dagbag.py:538} INFO - Filling up the DagBag from /opt/airflow/dags/crawl_crypto_prices.py
[2026-03-23T06:37:32.258+0000] {processor.py:840} INFO - DAG(s) 'crawl_crypto_prices' retrieved from /opt/airflow/dags/crawl_crypto_prices.py
[2026-03-23T06:37:32.273+0000] {logging_mixin.py:188} INFO - [2026-03-23T06:37:32.273+0000] {dag.py:3036} INFO - Sync 1 DAGs
[2026-03-23T06:37:32.284+0000] {logging_mixin.py:188} INFO - [2026-03-23T06:37:32.284+0000] {dag.py:3823} INFO - Setting next_dagrun for crawl_crypto_prices to 2026-03-23 06:00:00+00:00, run_after=2026-03-23 07:00:00+00:00
[2026-03-23T06:37:32.291+0000] {processor.py:183} INFO - Processing /opt/airflow/dags/crawl_crypto_prices.py took 0.045 seconds
[2026-03-23T06:38:02.587+0000] {processor.py:161} INFO - Started process (PID=9708) to work on /opt/airflow/dags/crawl_crypto_prices.py
[2026-03-23T06:38:02.589+0000] {processor.py:830} INFO - Processing file /opt/airflow/dags/crawl_crypto_prices.py for tasks to queue
[2026-03-23T06:38:02.589+0000] {logging_mixin.py:188} INFO - [2026-03-23T06:38:02.589+0000] {dagbag.py:538} INFO - Filling up the DagBag from /opt/airflow/dags/crawl_crypto_prices.py
[2026-03-23T06:38:02.599+0000] {processor.py:840} INFO - DAG(s) 'crawl_crypto_prices' retrieved from /opt/airflow/dags/crawl_crypto_prices.py
[2026-03-23T06:38:02.618+0000] {logging_mixin.py:188} INFO - [2026-03-23T06:38:02.618+0000] {dag.py:3036} INFO - Sync 1 DAGs
[2026-03-23T06:38:02.628+0000] {logging_mixin.py:188} INFO - [2026-03-23T06:38:02.628+0000] {dag.py:3823} INFO - Setting next_dagrun for crawl_crypto_prices to 2026-03-23 06:00:00+00:00, run_after=2026-03-23 07:00:00+00:00
[2026-03-23T06:38:02.635+0000] {processor.py:183} INFO - Processing /opt/airflow/dags/crawl_crypto_prices.py took 0.052 seconds
[2026-03-23T06:38:32.919+0000] {processor.py:161} INFO - Started process (PID=9713) to work on /opt/airflow/dags/crawl_crypto_prices.py
[2026-03-23T06:38:32.920+0000] {processor.py:830} INFO - Processing file /opt/airflow/dags/crawl_crypto_prices.py for tasks to queue
[2026-03-23T06:38:32.920+0000] {logging_mixin.py:188} INFO - [2026-03-23T06:38:32.920+0000] {dagbag.py:538} INFO - Filling up the DagBag from /opt/airflow/dags/crawl_crypto_prices.py
[2026-03-23T06:38:32.931+0000] {processor.py:840} INFO - DAG(s) 'crawl_crypto_prices' retrieved from /opt/airflow/dags/crawl_crypto_prices.py
[2026-03-23T06:38:32.951+0000] {logging_mixin.py:188} INFO - [2026-03-23T06:38:32.951+0000] {dag.py:3036} INFO - Sync 1 DAGs
[2026-03-23T06:38:32.962+0000] {logging_mixin.py:188} INFO - [2026-03-23T06:38:32.962+0000] {dag.py:3823} INFO - Setting next_dagrun for crawl_crypto_prices to 2026-03-23 06:00:00+00:00, run_after=2026-03-23 07:00:00+00:00
[2026-03-23T06:38:32.968+0000] {processor.py:183} INFO - Processing /opt/airflow/dags/crawl_crypto_prices.py took 0.053 seconds
[2026-03-23T06:39:03.214+0000] {processor.py:161} INFO - Started process (PID=9718) to work on /opt/airflow/dags/crawl_crypto_prices.py
[2026-03-23T06:39:03.215+0000] {processor.py:830} INFO - Processing file /opt/airflow/dags/crawl_crypto_prices.py for tasks to queue
[2026-03-23T06:39:03.216+0000] {logging_mixin.py:188} INFO - [2026-03-23T06:39:03.216+0000] {dagbag.py:538} INFO - Filling up the DagBag from /opt/airflow/dags/crawl_crypto_prices.py
[2026-03-23T06:39:03.227+0000] {processor.py:840} INFO - DAG(s) 'crawl_crypto_prices' retrieved from /opt/airflow/dags/crawl_crypto_prices.py
[2026-03-23T06:39:03.249+0000] {logging_mixin.py:188} INFO - [2026-03-23T06:39:03.248+0000] {dag.py:3036} INFO - Sync 1 DAGs
[2026-03-23T06:39:03.259+0000] {logging_mixin.py:188} INFO - [2026-03-23T06:39:03.259+0000] {dag.py:3823} INFO - Setting next_dagrun for crawl_crypto_prices to 2026-03-23 06:00:00+00:00, run_after=2026-03-23 07:00:00+00:00
[2026-03-23T06:39:03.266+0000] {processor.py:183} INFO - Processing /opt/airflow/dags/crawl_crypto_prices.py took 0.056 seconds
[2026-03-23T06:39:33.506+0000] {processor.py:161} INFO - Started process (PID=9723) to work on /opt/airflow/dags/crawl_crypto_prices.py
[2026-03-23T06:39:33.507+0000] {processor.py:830} INFO - Processing file /opt/airflow/dags/crawl_crypto_prices.py for tasks to queue
[2026-03-23T06:39:33.508+0000] {logging_mixin.py:188} INFO - [2026-03-23T06:39:33.507+0000] {dagbag.py:538} INFO - Filling up the DagBag from /opt/airflow/dags/crawl_crypto_prices.py
[2026-03-23T06:39:33.517+0000] {processor.py:840} INFO - DAG(s) 'crawl_crypto_prices' retrieved from /opt/airflow/dags/crawl_crypto_prices.py
[2026-03-23T06:39:33.538+0000] {logging_mixin.py:188} INFO - [2026-03-23T06:39:33.538+0000] {dag.py:3036} INFO - Sync 1 DAGs
[2026-03-23T06:39:33.550+0000] {logging_mixin.py:188} INFO - [2026-03-23T06:39:33.550+0000] {dag.py:3823} INFO - Setting next_dagrun for crawl_crypto_prices to 2026-03-23 06:00:00+00:00, run_after=2026-03-23 07:00:00+00:00
[2026-03-23T06:39:33.556+0000] {processor.py:183} INFO - Processing /opt/airflow/dags/crawl_crypto_prices.py took 0.053 seconds
[2026-03-23T06:40:03.799+0000] {processor.py:161} INFO - Started process (PID=9728) to work on /opt/airflow/dags/crawl_crypto_prices.py
[2026-03-23T06:40:03.800+0000] {processor.py:830} INFO - Processing file /opt/airflow/dags/crawl_crypto_prices.py for tasks to queue
[2026-03-23T06:40:03.800+0000] {logging_mixin.py:188} INFO - [2026-03-23T06:40:03.800+0000] {dagbag.py:538} INFO - Filling up the DagBag from /opt/airflow/dags/crawl_crypto_prices.py
[2026-03-23T06:40:03.811+0000] {processor.py:840} INFO - DAG(s) 'crawl_crypto_prices' retrieved from /opt/airflow/dags/crawl_crypto_prices.py
[2026-03-23T06:40:03.828+0000] {logging_mixin.py:188} INFO - [2026-03-23T06:40:03.828+0000] {dag.py:3036} INFO - Sync 1 DAGs
[2026-03-23T06:40:03.838+0000] {logging_mixin.py:188} INFO - [2026-03-23T06:40:03.838+0000] {dag.py:3823} INFO - Setting next_dagrun for crawl_crypto_prices to 2026-03-23 06:00:00+00:00, run_after=2026-03-23 07:00:00+00:00
[2026-03-23T06:40:03.844+0000] {processor.py:183} INFO - Processing /opt/airflow/dags/crawl_crypto_prices.py took 0.049 seconds
[2026-03-23T06:40:34.159+0000] {processor.py:161} INFO - Started process (PID=9733) to work on /opt/airflow/dags/crawl_crypto_prices.py
[2026-03-23T06:40:34.160+0000] {processor.py:830} INFO - Processing file /opt/airflow/dags/crawl_crypto_prices.py for tasks to queue
[2026-03-23T06:40:34.160+0000] {logging_mixin.py:188} INFO - [2026-03-23T06:40:34.160+0000] {dagbag.py:538} INFO - Filling up the DagBag from /opt/airflow/dags/crawl_crypto_prices.py
[2026-03-23T06:40:34.171+0000] {processor.py:840} INFO - DAG(s) 'crawl_crypto_prices' retrieved from /opt/airflow/dags/crawl_crypto_prices.py
[2026-03-23T06:40:34.190+0000] {logging_mixin.py:188} INFO - [2026-03-23T06:40:34.190+0000] {dag.py:3036} INFO - Sync 1 DAGs
[2026-03-23T06:40:34.201+0000] {logging_mixin.py:188} INFO - [2026-03-23T06:40:34.201+0000] {dag.py:3823} INFO - Setting next_dagrun for crawl_crypto_prices to 2026-03-23 06:00:00+00:00, run_after=2026-03-23 07:00:00+00:00
[2026-03-23T06:40:34.208+0000] {processor.py:183} INFO - Processing /opt/airflow/dags/crawl_crypto_prices.py took 0.053 seconds
[2026-03-23T06:41:04.473+0000] {processor.py:161} INFO - Started process (PID=9738) to work on /opt/airflow/dags/crawl_crypto_prices.py
[2026-03-23T06:41:04.474+0000] {processor.py:830} INFO - Processing file /opt/airflow/dags/crawl_crypto_prices.py for tasks to queue
[2026-03-23T06:41:04.475+0000] {logging_mixin.py:188} INFO - [2026-03-23T06:41:04.474+0000] {dagbag.py:538} INFO - Filling up the DagBag from /opt/airflow/dags/crawl_crypto_prices.py
[2026-03-23T06:41:04.485+0000] {processor.py:840} INFO - DAG(s) 'crawl_crypto_prices' retrieved from /opt/airflow/dags/crawl_crypto_prices.py
[2026-03-23T06:41:04.509+0000] {logging_mixin.py:188} INFO - [2026-03-23T06:41:04.509+0000] {dag.py:3036} INFO - Sync 1 DAGs
[2026-03-23T06:41:04.520+0000] {logging_mixin.py:188} INFO - [2026-03-23T06:41:04.520+0000] {dag.py:3823} INFO - Setting next_dagrun for crawl_crypto_prices to 2026-03-23 06:00:00+00:00, run_after=2026-03-23 07:00:00+00:00
[2026-03-23T06:41:04.527+0000] {processor.py:183} INFO - Processing /opt/airflow/dags/crawl_crypto_prices.py took 0.057 seconds
[2026-03-23T06:41:34.816+0000] {processor.py:161} INFO - Started process (PID=9743) to work on /opt/airflow/dags/crawl_crypto_prices.py
[2026-03-23T06:41:34.817+0000] {processor.py:830} INFO - Processing file /opt/airflow/dags/crawl_crypto_prices.py for tasks to queue
[2026-03-23T06:41:34.818+0000] {logging_mixin.py:188} INFO - [2026-03-23T06:41:34.818+0000] {dagbag.py:538} INFO - Filling up the DagBag from /opt/airflow/dags/crawl_crypto_prices.py
[2026-03-23T06:41:34.829+0000] {processor.py:840} INFO - DAG(s) 'crawl_crypto_prices' retrieved from /opt/airflow/dags/crawl_crypto_prices.py
[2026-03-23T06:41:34.848+0000] {logging_mixin.py:188} INFO - [2026-03-23T06:41:34.848+0000] {dag.py:3036} INFO - Sync 1 DAGs
[2026-03-23T06:41:34.859+0000] {logging_mixin.py:188} INFO - [2026-03-23T06:41:34.859+0000] {dag.py:3823} INFO - Setting next_dagrun for crawl_crypto_prices to 2026-03-23 06:00:00+00:00, run_after=2026-03-23 07:00:00+00:00
[2026-03-23T06:41:34.866+0000] {processor.py:183} INFO - Processing /opt/airflow/dags/crawl_crypto_prices.py took 0.053 seconds
[2026-03-23T06:42:05.092+0000] {processor.py:161} INFO - Started process (PID=9748) to work on /opt/airflow/dags/crawl_crypto_prices.py
[2026-03-23T06:42:05.093+0000] {processor.py:830} INFO - Processing file /opt/airflow/dags/crawl_crypto_prices.py for tasks to queue
[2026-03-23T06:42:05.094+0000] {logging_mixin.py:188} INFO - [2026-03-23T06:42:05.094+0000] {dagbag.py:538} INFO - Filling up the DagBag from /opt/airflow/dags/crawl_crypto_prices.py
[2026-03-23T06:42:05.103+0000] {processor.py:840} INFO - DAG(s) 'crawl_crypto_prices' retrieved from /opt/airflow/dags/crawl_crypto_prices.py
[2026-03-23T06:42:05.118+0000] {logging_mixin.py:188} INFO - [2026-03-23T06:42:05.118+0000] {dag.py:3036} INFO - Sync 1 DAGs
[2026-03-23T06:42:05.127+0000] {logging_mixin.py:188} INFO - [2026-03-23T06:42:05.127+0000] {dag.py:3823} INFO - Setting next_dagrun for crawl_crypto_prices to 2026-03-23 06:00:00+00:00, run_after=2026-03-23 07:00:00+00:00
[2026-03-23T06:42:05.133+0000] {processor.py:183} INFO - Processing /opt/airflow/dags/crawl_crypto_prices.py took 0.043 seconds
[2026-03-23T06:42:35.412+0000] {processor.py:161} INFO - Started process (PID=9753) to work on /opt/airflow/dags/crawl_crypto_prices.py
[2026-03-23T06:42:35.413+0000] {processor.py:830} INFO - Processing file /opt/airflow/dags/crawl_crypto_prices.py for tasks to queue
[2026-03-23T06:42:35.414+0000] {logging_mixin.py:188} INFO - [2026-03-23T06:42:35.413+0000] {dagbag.py:538} INFO - Filling up the DagBag from /opt/airflow/dags/crawl_crypto_prices.py
[2026-03-23T06:42:35.426+0000] {processor.py:840} INFO - DAG(s) 'crawl_crypto_prices' retrieved from /opt/airflow/dags/crawl_crypto_prices.py
[2026-03-23T06:42:35.446+0000] {logging_mixin.py:188} INFO - [2026-03-23T06:42:35.445+0000] {dag.py:3036} INFO - Sync 1 DAGs
[2026-03-23T06:42:35.456+0000] {logging_mixin.py:188} INFO - [2026-03-23T06:42:35.456+0000] {dag.py:3823} INFO - Setting next_dagrun for crawl_crypto_prices to 2026-03-23 06:00:00+00:00, run_after=2026-03-23 07:00:00+00:00
[2026-03-23T06:42:35.462+0000] {processor.py:183} INFO - Processing /opt/airflow/dags/crawl_crypto_prices.py took 0.053 seconds
[2026-03-23T06:43:05.757+0000] {processor.py:161} INFO - Started process (PID=9758) to work on /opt/airflow/dags/crawl_crypto_prices.py
[2026-03-23T06:43:05.758+0000] {processor.py:830} INFO - Processing file /opt/airflow/dags/crawl_crypto_prices.py for tasks to queue
[2026-03-23T06:43:05.759+0000] {logging_mixin.py:188} INFO - [2026-03-23T06:43:05.759+0000] {dagbag.py:538} INFO - Filling up the DagBag from /opt/airflow/dags/crawl_crypto_prices.py
[2026-03-23T06:43:05.769+0000] {processor.py:840} INFO - DAG(s) 'crawl_crypto_prices' retrieved from /opt/airflow/dags/crawl_crypto_prices.py
[2026-03-23T06:43:05.789+0000] {logging_mixin.py:188} INFO - [2026-03-23T06:43:05.788+0000] {dag.py:3036} INFO - Sync 1 DAGs
[2026-03-23T06:43:05.799+0000] {logging_mixin.py:188} INFO - [2026-03-23T06:43:05.799+0000] {dag.py:3823} INFO - Setting next_dagrun for crawl_crypto_prices to 2026-03-23 06:00:00+00:00, run_after=2026-03-23 07:00:00+00:00
[2026-03-23T06:43:05.805+0000] {processor.py:183} INFO - Processing /opt/airflow/dags/crawl_crypto_prices.py took 0.051 seconds
[2026-03-23T06:43:36.118+0000] {processor.py:161} INFO - Started process (PID=9763) to work on /opt/airflow/dags/crawl_crypto_prices.py
[2026-03-23T06:43:36.120+0000] {processor.py:830} INFO - Processing file /opt/airflow/dags/crawl_crypto_prices.py for tasks to queue
[2026-03-23T06:43:36.120+0000] {logging_mixin.py:188} INFO - [2026-03-23T06:43:36.120+0000] {dagbag.py:538} INFO - Filling up the DagBag from /opt/airflow/dags/crawl_crypto_prices.py
[2026-03-23T06:43:36.131+0000] {processor.py:840} INFO - DAG(s) 'crawl_crypto_prices' retrieved from /opt/airflow/dags/crawl_crypto_prices.py
[2026-03-23T06:43:36.151+0000] {logging_mixin.py:188} INFO - [2026-03-23T06:43:36.151+0000] {dag.py:3036} INFO - Sync 1 DAGs
[2026-03-23T06:43:36.161+0000] {logging_mixin.py:188} INFO - [2026-03-23T06:43:36.161+0000] {dag.py:3823} INFO - Setting next_dagrun for crawl_crypto_prices to 2026-03-23 06:00:00+00:00, run_after=2026-03-23 07:00:00+00:00
[2026-03-23T06:43:36.167+0000] {processor.py:183} INFO - Processing /opt/airflow/dags/crawl_crypto_prices.py took 0.052 seconds
[2026-03-23T06:44:06.427+0000] {processor.py:161} INFO - Started process (PID=9768) to work on /opt/airflow/dags/crawl_crypto_prices.py
[2026-03-23T06:44:06.428+0000] {processor.py:830} INFO - Processing file /opt/airflow/dags/crawl_crypto_prices.py for tasks to queue
[2026-03-23T06:44:06.429+0000] {logging_mixin.py:188} INFO - [2026-03-23T06:44:06.428+0000] {dagbag.py:538} INFO - Filling up the DagBag from /opt/airflow/dags/crawl_crypto_prices.py
[2026-03-23T06:44:06.444+0000] {processor.py:840} INFO - DAG(s) 'crawl_crypto_prices' retrieved from /opt/airflow/dags/crawl_crypto_prices.py
[2026-03-23T06:44:06.467+0000] {logging_mixin.py:188} INFO - [2026-03-23T06:44:06.467+0000] {dag.py:3036} INFO - Sync 1 DAGs
[2026-03-23T06:44:06.477+0000] {logging_mixin.py:188} INFO - [2026-03-23T06:44:06.477+0000] {dag.py:3823} INFO - Setting next_dagrun for crawl_crypto_prices to 2026-03-23 06:00:00+00:00, run_after=2026-03-23 07:00:00+00:00
[2026-03-23T06:44:06.484+0000] {processor.py:183} INFO - Processing /opt/airflow/dags/crawl_crypto_prices.py took 0.062 seconds
[2026-03-23T06:44:36.737+0000] {processor.py:161} INFO - Started process (PID=9773) to work on /opt/airflow/dags/crawl_crypto_prices.py
[2026-03-23T06:44:36.739+0000] {processor.py:830} INFO - Processing file /opt/airflow/dags/crawl_crypto_prices.py for tasks to queue
[2026-03-23T06:44:36.739+0000] {logging_mixin.py:188} INFO - [2026-03-23T06:44:36.739+0000] {dagbag.py:538} INFO - Filling up the DagBag from /opt/airflow/dags/crawl_crypto_prices.py
[2026-03-23T06:44:36.749+0000] {processor.py:840} INFO - DAG(s) 'crawl_crypto_prices' retrieved from /opt/airflow/dags/crawl_crypto_prices.py
[2026-03-23T06:44:36.764+0000] {logging_mixin.py:188} INFO - [2026-03-23T06:44:36.764+0000] {dag.py:3036} INFO - Sync 1 DAGs
[2026-03-23T06:44:36.774+0000] {logging_mixin.py:188} INFO - [2026-03-23T06:44:36.773+0000] {dag.py:3823} INFO - Setting next_dagrun for crawl_crypto_prices to 2026-03-23 06:00:00+00:00, run_after=2026-03-23 07:00:00+00:00
[2026-03-23T06:44:36.780+0000] {processor.py:183} INFO - Processing /opt/airflow/dags/crawl_crypto_prices.py took 0.046 seconds
[2026-03-23T06:45:07.054+0000] {processor.py:161} INFO - Started process (PID=9778) to work on /opt/airflow/dags/crawl_crypto_prices.py
[2026-03-23T06:45:07.055+0000] {processor.py:830} INFO - Processing file /opt/airflow/dags/crawl_crypto_prices.py for tasks to queue
[2026-03-23T06:45:07.055+0000] {logging_mixin.py:188} INFO - [2026-03-23T06:45:07.055+0000] {dagbag.py:538} INFO - Filling up the DagBag from /opt/airflow/dags/crawl_crypto_prices.py
[2026-03-23T06:45:07.061+0000] {processor.py:840} INFO - DAG(s) 'crawl_crypto_prices' retrieved from /opt/airflow/dags/crawl_crypto_prices.py
[2026-03-23T06:45:07.072+0000] {logging_mixin.py:188} INFO - [2026-03-23T06:45:07.072+0000] {dag.py:3036} INFO - Sync 1 DAGs
[2026-03-23T06:45:07.081+0000] {logging_mixin.py:188} INFO - [2026-03-23T06:45:07.081+0000] {dag.py:3823} INFO - Setting next_dagrun for crawl_crypto_prices to 2026-03-23 06:00:00+00:00, run_after=2026-03-23 07:00:00+00:00
[2026-03-23T06:45:07.087+0000] {processor.py:183} INFO - Processing /opt/airflow/dags/crawl_crypto_prices.py took 0.035 seconds
[2026-03-23T06:45:37.384+0000] {processor.py:161} INFO - Started process (PID=9783) to work on /opt/airflow/dags/crawl_crypto_prices.py
[2026-03-23T06:45:37.385+0000] {processor.py:830} INFO - Processing file /opt/airflow/dags/crawl_crypto_prices.py for tasks to queue
[2026-03-23T06:45:37.386+0000] {logging_mixin.py:188} INFO - [2026-03-23T06:45:37.385+0000] {dagbag.py:538} INFO - Filling up the DagBag from /opt/airflow/dags/crawl_crypto_prices.py
[2026-03-23T06:45:37.397+0000] {processor.py:840} INFO - DAG(s) 'crawl_crypto_prices' retrieved from /opt/airflow/dags/crawl_crypto_prices.py
[2026-03-23T06:45:37.416+0000] {logging_mixin.py:188} INFO - [2026-03-23T06:45:37.416+0000] {dag.py:3036} INFO - Sync 1 DAGs
[2026-03-23T06:45:37.427+0000] {logging_mixin.py:188} INFO - [2026-03-23T06:45:37.427+0000] {dag.py:3823} INFO - Setting next_dagrun for crawl_crypto_prices to 2026-03-23 06:00:00+00:00, run_after=2026-03-23 07:00:00+00:00
[2026-03-23T06:45:37.434+0000] {processor.py:183} INFO - Processing /opt/airflow/dags/crawl_crypto_prices.py took 0.053 seconds
[2026-03-23T06:46:07.700+0000] {processor.py:161} INFO - Started process (PID=9788) to work on /opt/airflow/dags/crawl_crypto_prices.py
[2026-03-23T06:46:07.701+0000] {processor.py:830} INFO - Processing file /opt/airflow/dags/crawl_crypto_prices.py for tasks to queue
[2026-03-23T06:46:07.701+0000] {logging_mixin.py:188} INFO - [2026-03-23T06:46:07.701+0000] {dagbag.py:538} INFO - Filling up the DagBag from /opt/airflow/dags/crawl_crypto_prices.py
[2026-03-23T06:46:07.711+0000] {processor.py:840} INFO - DAG(s) 'crawl_crypto_prices' retrieved from /opt/airflow/dags/crawl_crypto_prices.py
[2026-03-23T06:46:07.728+0000] {logging_mixin.py:188} INFO - [2026-03-23T06:46:07.727+0000] {dag.py:3036} INFO - Sync 1 DAGs
[2026-03-23T06:46:07.737+0000] {logging_mixin.py:188} INFO - [2026-03-23T06:46:07.737+0000] {dag.py:3823} INFO - Setting next_dagrun for crawl_crypto_prices to 2026-03-23 06:00:00+00:00, run_after=2026-03-23 07:00:00+00:00
[2026-03-23T06:46:07.743+0000] {processor.py:183} INFO - Processing /opt/airflow/dags/crawl_crypto_prices.py took 0.046 seconds
[2026-03-23T06:46:38.047+0000] {processor.py:161} INFO - Started process (PID=9793) to work on /opt/airflow/dags/crawl_crypto_prices.py
[2026-03-23T06:46:38.048+0000] {processor.py:830} INFO - Processing file /opt/airflow/dags/crawl_crypto_prices.py for tasks to queue
[2026-03-23T06:46:38.049+0000] {logging_mixin.py:188} INFO - [2026-03-23T06:46:38.049+0000] {dagbag.py:538} INFO - Filling up the DagBag from /opt/airflow/dags/crawl_crypto_prices.py
[2026-03-23T06:46:38.060+0000] {processor.py:840} INFO - DAG(s) 'crawl_crypto_prices' retrieved from /opt/airflow/dags/crawl_crypto_prices.py
[2026-03-23T06:46:38.079+0000] {logging_mixin.py:188} INFO - [2026-03-23T06:46:38.079+0000] {dag.py:3036} INFO - Sync 1 DAGs
[2026-03-23T06:46:38.090+0000] {logging_mixin.py:188} INFO - [2026-03-23T06:46:38.090+0000] {dag.py:3823} INFO - Setting next_dagrun for crawl_crypto_prices to 2026-03-23 06:00:00+00:00, run_after=2026-03-23 07:00:00+00:00
[2026-03-23T06:46:38.096+0000] {processor.py:183} INFO - Processing /opt/airflow/dags/crawl_crypto_prices.py took 0.053 seconds
[2026-03-23T06:47:08.368+0000] {processor.py:161} INFO - Started process (PID=9798) to work on /opt/airflow/dags/crawl_crypto_prices.py
[2026-03-23T06:47:08.369+0000] {processor.py:830} INFO - Processing file /opt/airflow/dags/crawl_crypto_prices.py for tasks to queue
[2026-03-23T06:47:08.370+0000] {logging_mixin.py:188} INFO - [2026-03-23T06:47:08.369+0000] {dagbag.py:538} INFO - Filling up the DagBag from /opt/airflow/dags/crawl_crypto_prices.py
[2026-03-23T06:47:08.381+0000] {processor.py:840} INFO - DAG(s) 'crawl_crypto_prices' retrieved from /opt/airflow/dags/crawl_crypto_prices.py
[2026-03-23T06:47:08.399+0000] {logging_mixin.py:188} INFO - [2026-03-23T06:47:08.399+0000] {dag.py:3036} INFO - Sync 1 DAGs
[2026-03-23T06:47:08.409+0000] {logging_mixin.py:188} INFO - [2026-03-23T06:47:08.409+0000] {dag.py:3823} INFO - Setting next_dagrun for crawl_crypto_prices to 2026-03-23 06:00:00+00:00, run_after=2026-03-23 07:00:00+00:00
[2026-03-23T06:47:08.416+0000] {processor.py:183} INFO - Processing /opt/airflow/dags/crawl_crypto_prices.py took 0.051 seconds
[2026-03-23T06:47:38.646+0000] {processor.py:161} INFO - Started process (PID=9803) to work on /opt/airflow/dags/crawl_crypto_prices.py
[2026-03-23T06:47:38.647+0000] {processor.py:830} INFO - Processing file /opt/airflow/dags/crawl_crypto_prices.py for tasks to queue
[2026-03-23T06:47:38.648+0000] {logging_mixin.py:188} INFO - [2026-03-23T06:47:38.648+0000] {dagbag.py:538} INFO - Filling up the DagBag from /opt/airflow/dags/crawl_crypto_prices.py
[2026-03-23T06:47:38.660+0000] {processor.py:840} INFO - DAG(s) 'crawl_crypto_prices' retrieved from /opt/airflow/dags/crawl_crypto_prices.py
[2026-03-23T06:47:38.676+0000] {logging_mixin.py:188} INFO - [2026-03-23T06:47:38.676+0000] {dag.py:3036} INFO - Sync 1 DAGs
[2026-03-23T06:47:38.686+0000] {logging_mixin.py:188} INFO - [2026-03-23T06:47:38.686+0000] {dag.py:3823} INFO - Setting next_dagrun for crawl_crypto_prices to 2026-03-23 06:00:00+00:00, run_after=2026-03-23 07:00:00+00:00
[2026-03-23T06:47:38.692+0000] {processor.py:183} INFO - Processing /opt/airflow/dags/crawl_crypto_prices.py took 0.049 seconds
[2026-03-23T06:48:08.979+0000] {processor.py:161} INFO - Started process (PID=9808) to work on /opt/airflow/dags/crawl_crypto_prices.py
[2026-03-23T06:48:08.980+0000] {processor.py:830} INFO - Processing file /opt/airflow/dags/crawl_crypto_prices.py for tasks to queue
[2026-03-23T06:48:08.981+0000] {logging_mixin.py:188} INFO - [2026-03-23T06:48:08.981+0000] {dagbag.py:538} INFO - Filling up the DagBag from /opt/airflow/dags/crawl_crypto_prices.py
[2026-03-23T06:48:08.996+0000] {processor.py:840} INFO - DAG(s) 'crawl_crypto_prices' retrieved from /opt/airflow/dags/crawl_crypto_prices.py
[2026-03-23T06:48:09.019+0000] {logging_mixin.py:188} INFO - [2026-03-23T06:48:09.019+0000] {dag.py:3036} INFO - Sync 1 DAGs
[2026-03-23T06:48:09.030+0000] {logging_mixin.py:188} INFO - [2026-03-23T06:48:09.030+0000] {dag.py:3823} INFO - Setting next_dagrun for crawl_crypto_prices to 2026-03-23 06:00:00+00:00, run_after=2026-03-23 07:00:00+00:00
[2026-03-23T06:48:09.038+0000] {processor.py:183} INFO - Processing /opt/airflow/dags/crawl_crypto_prices.py took 0.064 seconds
[2026-03-23T06:48:39.274+0000] {processor.py:161} INFO - Started process (PID=9813) to work on /opt/airflow/dags/crawl_crypto_prices.py
[2026-03-23T06:48:39.275+0000] {processor.py:830} INFO - Processing file /opt/airflow/dags/crawl_crypto_prices.py for tasks to queue
[2026-03-23T06:48:39.276+0000] {logging_mixin.py:188} INFO - [2026-03-23T06:48:39.276+0000] {dagbag.py:538} INFO - Filling up the DagBag from /opt/airflow/dags/crawl_crypto_prices.py
[2026-03-23T06:48:39.290+0000] {processor.py:840} INFO - DAG(s) 'crawl_crypto_prices' retrieved from /opt/airflow/dags/crawl_crypto_prices.py
[2026-03-23T06:48:39.313+0000] {logging_mixin.py:188} INFO - [2026-03-23T06:48:39.313+0000] {dag.py:3036} INFO - Sync 1 DAGs
[2026-03-23T06:48:39.324+0000] {logging_mixin.py:188} INFO - [2026-03-23T06:48:39.324+0000] {dag.py:3823} INFO - Setting next_dagrun for crawl_crypto_prices to 2026-03-23 06:00:00+00:00, run_after=2026-03-23 07:00:00+00:00
[2026-03-23T06:48:39.330+0000] {processor.py:183} INFO - Processing /opt/airflow/dags/crawl_crypto_prices.py took 0.060 seconds
[2026-03-23T06:49:09.579+0000] {processor.py:161} INFO - Started process (PID=9818) to work on /opt/airflow/dags/crawl_crypto_prices.py
[2026-03-23T06:49:09.579+0000] {processor.py:830} INFO - Processing file /opt/airflow/dags/crawl_crypto_prices.py for tasks to queue
[2026-03-23T06:49:09.579+0000] {logging_mixin.py:188} INFO - [2026-03-23T06:49:09.579+0000] {dagbag.py:538} INFO - Filling up the DagBag from /opt/airflow/dags/crawl_crypto_prices.py
[2026-03-23T06:49:09.586+0000] {processor.py:840} INFO - DAG(s) 'crawl_crypto_prices' retrieved from /opt/airflow/dags/crawl_crypto_prices.py
[2026-03-23T06:49:09.600+0000] {logging_mixin.py:188} INFO - [2026-03-23T06:49:09.599+0000] {dag.py:3036} INFO - Sync 1 DAGs
[2026-03-23T06:49:09.609+0000] {logging_mixin.py:188} INFO - [2026-03-23T06:49:09.609+0000] {dag.py:3823} INFO - Setting next_dagrun for crawl_crypto_prices to 2026-03-23 06:00:00+00:00, run_after=2026-03-23 07:00:00+00:00
[2026-03-23T06:49:09.615+0000] {processor.py:183} INFO - Processing /opt/airflow/dags/crawl_crypto_prices.py took 0.038 seconds
[2026-03-23T06:49:39.900+0000] {processor.py:161} INFO - Started process (PID=9823) to work on /opt/airflow/dags/crawl_crypto_prices.py
[2026-03-23T06:49:39.901+0000] {processor.py:830} INFO - Processing file /opt/airflow/dags/crawl_crypto_prices.py for tasks to queue
[2026-03-23T06:49:39.902+0000] {logging_mixin.py:188} INFO - [2026-03-23T06:49:39.901+0000] {dagbag.py:538} INFO - Filling up the DagBag from /opt/airflow/dags/crawl_crypto_prices.py
[2026-03-23T06:49:39.912+0000] {processor.py:840} INFO - DAG(s) 'crawl_crypto_prices' retrieved from /opt/airflow/dags/crawl_crypto_prices.py
[2026-03-23T06:49:39.932+0000] {logging_mixin.py:188} INFO - [2026-03-23T06:49:39.931+0000] {dag.py:3036} INFO - Sync 1 DAGs
[2026-03-23T06:49:39.942+0000] {logging_mixin.py:188} INFO - [2026-03-23T06:49:39.942+0000] {dag.py:3823} INFO - Setting next_dagrun for crawl_crypto_prices to 2026-03-23 06:00:00+00:00, run_after=2026-03-23 07:00:00+00:00
[2026-03-23T06:49:39.949+0000] {processor.py:183} INFO - Processing /opt/airflow/dags/crawl_crypto_prices.py took 0.052 seconds
[2026-03-23T06:50:10.241+0000] {processor.py:161} INFO - Started process (PID=9828) to work on /opt/airflow/dags/crawl_crypto_prices.py
[2026-03-23T06:50:10.242+0000] {processor.py:830} INFO - Processing file /opt/airflow/dags/crawl_crypto_prices.py for tasks to queue
[2026-03-23T06:50:10.243+0000] {logging_mixin.py:188} INFO - [2026-03-23T06:50:10.243+0000] {dagbag.py:538} INFO - Filling up the DagBag from /opt/airflow/dags/crawl_crypto_prices.py
[2026-03-23T06:50:10.254+0000] {processor.py:840} INFO - DAG(s) 'crawl_crypto_prices' retrieved from /opt/airflow/dags/crawl_crypto_prices.py
[2026-03-23T06:50:10.272+0000] {logging_mixin.py:188} INFO - [2026-03-23T06:50:10.272+0000] {dag.py:3036} INFO - Sync 1 DAGs
[2026-03-23T06:50:10.282+0000] {logging_mixin.py:188} INFO - [2026-03-23T06:50:10.282+0000] {dag.py:3823} INFO - Setting next_dagrun for crawl_crypto_prices to 2026-03-23 06:00:00+00:00, run_after=2026-03-23 07:00:00+00:00
[2026-03-23T06:50:10.289+0000] {processor.py:183} INFO - Processing /opt/airflow/dags/crawl_crypto_prices.py took 0.051 seconds
[2026-03-23T06:50:40.572+0000] {processor.py:161} INFO - Started process (PID=9833) to work on /opt/airflow/dags/crawl_crypto_prices.py
[2026-03-23T06:50:40.573+0000] {processor.py:830} INFO - Processing file /opt/airflow/dags/crawl_crypto_prices.py for tasks to queue
[2026-03-23T06:50:40.574+0000] {logging_mixin.py:188} INFO - [2026-03-23T06:50:40.573+0000] {dagbag.py:538} INFO - Filling up the DagBag from /opt/airflow/dags/crawl_crypto_prices.py
[2026-03-23T06:50:40.584+0000] {processor.py:840} INFO - DAG(s) 'crawl_crypto_prices' retrieved from /opt/airflow/dags/crawl_crypto_prices.py
[2026-03-23T06:50:40.603+0000] {logging_mixin.py:188} INFO - [2026-03-23T06:50:40.603+0000] {dag.py:3036} INFO - Sync 1 DAGs
[2026-03-23T06:50:40.614+0000] {logging_mixin.py:188} INFO - [2026-03-23T06:50:40.614+0000] {dag.py:3823} INFO - Setting next_dagrun for crawl_crypto_prices to 2026-03-23 06:00:00+00:00, run_after=2026-03-23 07:00:00+00:00
[2026-03-23T06:50:40.620+0000] {processor.py:183} INFO - Processing /opt/airflow/dags/crawl_crypto_prices.py took 0.052 seconds
[2026-03-23T06:51:10.922+0000] {processor.py:161} INFO - Started process (PID=9838) to work on /opt/airflow/dags/crawl_crypto_prices.py
[2026-03-23T06:51:10.923+0000] {processor.py:830} INFO - Processing file /opt/airflow/dags/crawl_crypto_prices.py for tasks to queue
[2026-03-23T06:51:10.924+0000] {logging_mixin.py:188} INFO - [2026-03-23T06:51:10.924+0000] {dagbag.py:538} INFO - Filling up the DagBag from /opt/airflow/dags/crawl_crypto_prices.py
[2026-03-23T06:51:10.939+0000] {processor.py:840} INFO - DAG(s) 'crawl_crypto_prices' retrieved from /opt/airflow/dags/crawl_crypto_prices.py
[2026-03-23T06:51:10.968+0000] {logging_mixin.py:188} INFO - [2026-03-23T06:51:10.968+0000] {dag.py:3036} INFO - Sync 1 DAGs
[2026-03-23T06:51:10.982+0000] {logging_mixin.py:188} INFO - [2026-03-23T06:51:10.982+0000] {dag.py:3823} INFO - Setting next_dagrun for crawl_crypto_prices to 2026-03-23 06:00:00+00:00, run_after=2026-03-23 07:00:00+00:00
[2026-03-23T06:51:10.988+0000] {processor.py:183} INFO - Processing /opt/airflow/dags/crawl_crypto_prices.py took 0.070 seconds
[2026-03-23T06:51:41.254+0000] {processor.py:161} INFO - Started process (PID=9843) to work on /opt/airflow/dags/crawl_crypto_prices.py
[2026-03-23T06:51:41.256+0000] {processor.py:830} INFO - Processing file /opt/airflow/dags/crawl_crypto_prices.py for tasks to queue
[2026-03-23T06:51:41.257+0000] {logging_mixin.py:188} INFO - [2026-03-23T06:51:41.256+0000] {dagbag.py:538} INFO - Filling up the DagBag from /opt/airflow/dags/crawl_crypto_prices.py
[2026-03-23T06:51:41.271+0000] {processor.py:840} INFO - DAG(s) 'crawl_crypto_prices' retrieved from /opt/airflow/dags/crawl_crypto_prices.py
[2026-03-23T06:51:41.294+0000] {logging_mixin.py:188} INFO - [2026-03-23T06:51:41.294+0000] {dag.py:3036} INFO - Sync 1 DAGs
[2026-03-23T06:51:41.305+0000] {logging_mixin.py:188} INFO - [2026-03-23T06:51:41.305+0000] {dag.py:3823} INFO - Setting next_dagrun for crawl_crypto_prices to 2026-03-23 06:00:00+00:00, run_after=2026-03-23 07:00:00+00:00
[2026-03-23T06:51:41.312+0000] {processor.py:183} INFO - Processing /opt/airflow/dags/crawl_crypto_prices.py took 0.062 seconds
[2026-03-23T06:52:11.555+0000] {processor.py:161} INFO - Started process (PID=9848) to work on /opt/airflow/dags/crawl_crypto_prices.py
[2026-03-23T06:52:11.556+0000] {processor.py:830} INFO - Processing file /opt/airflow/dags/crawl_crypto_prices.py for tasks to queue
[2026-03-23T06:52:11.557+0000] {logging_mixin.py:188} INFO - [2026-03-23T06:52:11.557+0000] {dagbag.py:538} INFO - Filling up the DagBag from /opt/airflow/dags/crawl_crypto_prices.py
[2026-03-23T06:52:11.568+0000] {processor.py:840} INFO - DAG(s) 'crawl_crypto_prices' retrieved from /opt/airflow/dags/crawl_crypto_prices.py
[2026-03-23T06:52:11.585+0000] {logging_mixin.py:188} INFO - [2026-03-23T06:52:11.585+0000] {dag.py:3036} INFO - Sync 1 DAGs
[2026-03-23T06:52:11.595+0000] {logging_mixin.py:188} INFO - [2026-03-23T06:52:11.595+0000] {dag.py:3823} INFO - Setting next_dagrun for crawl_crypto_prices to 2026-03-23 06:00:00+00:00, run_after=2026-03-23 07:00:00+00:00
[2026-03-23T06:52:11.602+0000] {processor.py:183} INFO - Processing /opt/airflow/dags/crawl_crypto_prices.py took 0.051 seconds
[2026-03-23T06:52:41.873+0000] {processor.py:161} INFO - Started process (PID=9853) to work on /opt/airflow/dags/crawl_crypto_prices.py
[2026-03-23T06:52:41.874+0000] {processor.py:830} INFO - Processing file /opt/airflow/dags/crawl_crypto_prices.py for tasks to queue
[2026-03-23T06:52:41.875+0000] {logging_mixin.py:188} INFO - [2026-03-23T06:52:41.874+0000] {dagbag.py:538} INFO - Filling up the DagBag from /opt/airflow/dags/crawl_crypto_prices.py
[2026-03-23T06:52:41.887+0000] {processor.py:840} INFO - DAG(s) 'crawl_crypto_prices' retrieved from /opt/airflow/dags/crawl_crypto_prices.py
[2026-03-23T06:52:41.906+0000] {logging_mixin.py:188} INFO - [2026-03-23T06:52:41.906+0000] {dag.py:3036} INFO - Sync 1 DAGs
[2026-03-23T06:52:41.916+0000] {logging_mixin.py:188} INFO - [2026-03-23T06:52:41.916+0000] {dag.py:3823} INFO - Setting next_dagrun for crawl_crypto_prices to 2026-03-23 06:00:00+00:00, run_after=2026-03-23 07:00:00+00:00
[2026-03-23T06:52:41.922+0000] {processor.py:183} INFO - Processing /opt/airflow/dags/crawl_crypto_prices.py took 0.052 seconds
[2026-03-23T06:53:12.175+0000] {processor.py:161} INFO - Started process (PID=9858) to work on /opt/airflow/dags/crawl_crypto_prices.py
[2026-03-23T06:53:12.176+0000] {processor.py:830} INFO - Processing file /opt/airflow/dags/crawl_crypto_prices.py for tasks to queue
[2026-03-23T06:53:12.176+0000] {logging_mixin.py:188} INFO - [2026-03-23T06:53:12.176+0000] {dagbag.py:538} INFO - Filling up the DagBag from /opt/airflow/dags/crawl_crypto_prices.py
[2026-03-23T06:53:12.186+0000] {processor.py:840} INFO - DAG(s) 'crawl_crypto_prices' retrieved from /opt/airflow/dags/crawl_crypto_prices.py
[2026-03-23T06:53:12.209+0000] {logging_mixin.py:188} INFO - [2026-03-23T06:53:12.209+0000] {dag.py:3036} INFO - Sync 1 DAGs
[2026-03-23T06:53:12.220+0000] {logging_mixin.py:188} INFO - [2026-03-23T06:53:12.220+0000] {dag.py:3823} INFO - Setting next_dagrun for crawl_crypto_prices to 2026-03-23 06:00:00+00:00, run_after=2026-03-23 07:00:00+00:00
[2026-03-23T06:53:12.227+0000] {processor.py:183} INFO - Processing /opt/airflow/dags/crawl_crypto_prices.py took 0.054 seconds
[2026-03-23T06:53:42.540+0000] {processor.py:161} INFO - Started process (PID=9863) to work on /opt/airflow/dags/crawl_crypto_prices.py
[2026-03-23T06:53:42.541+0000] {processor.py:830} INFO - Processing file /opt/airflow/dags/crawl_crypto_prices.py for tasks to queue
[2026-03-23T06:53:42.542+0000] {logging_mixin.py:188} INFO - [2026-03-23T06:53:42.542+0000] {dagbag.py:538} INFO - Filling up the DagBag from /opt/airflow/dags/crawl_crypto_prices.py
[2026-03-23T06:53:42.554+0000] {processor.py:840} INFO - DAG(s) 'crawl_crypto_prices' retrieved from /opt/airflow/dags/crawl_crypto_prices.py
[2026-03-23T06:53:42.573+0000] {logging_mixin.py:188} INFO - [2026-03-23T06:53:42.573+0000] {dag.py:3036} INFO - Sync 1 DAGs
[2026-03-23T06:53:42.583+0000] {logging_mixin.py:188} INFO - [2026-03-23T06:53:42.583+0000] {dag.py:3823} INFO - Setting next_dagrun for crawl_crypto_prices to 2026-03-23 06:00:00+00:00, run_after=2026-03-23 07:00:00+00:00
[2026-03-23T06:53:42.590+0000] {processor.py:183} INFO - Processing /opt/airflow/dags/crawl_crypto_prices.py took 0.053 seconds
[2026-03-23T06:54:12.856+0000] {processor.py:161} INFO - Started process (PID=9868) to work on /opt/airflow/dags/crawl_crypto_prices.py
[2026-03-23T06:54:12.857+0000] {processor.py:830} INFO - Processing file /opt/airflow/dags/crawl_crypto_prices.py for tasks to queue
[2026-03-23T06:54:12.858+0000] {logging_mixin.py:188} INFO - [2026-03-23T06:54:12.858+0000] {dagbag.py:538} INFO - Filling up the DagBag from /opt/airflow/dags/crawl_crypto_prices.py
[2026-03-23T06:54:12.868+0000] {processor.py:840} INFO - DAG(s) 'crawl_crypto_prices' retrieved from /opt/airflow/dags/crawl_crypto_prices.py
[2026-03-23T06:54:12.884+0000] {logging_mixin.py:188} INFO - [2026-03-23T06:54:12.884+0000] {dag.py:3036} INFO - Sync 1 DAGs
[2026-03-23T06:54:12.893+0000] {logging_mixin.py:188} INFO - [2026-03-23T06:54:12.893+0000] {dag.py:3823} INFO - Setting next_dagrun for crawl_crypto_prices to 2026-03-23 06:00:00+00:00, run_after=2026-03-23 07:00:00+00:00
[2026-03-23T06:54:12.900+0000] {processor.py:183} INFO - Processing /opt/airflow/dags/crawl_crypto_prices.py took 0.046 seconds
[2026-03-23T06:54:43.193+0000] {processor.py:161} INFO - Started process (PID=9873) to work on /opt/airflow/dags/crawl_crypto_prices.py
[2026-03-23T06:54:43.194+0000] {processor.py:830} INFO - Processing file /opt/airflow/dags/crawl_crypto_prices.py for tasks to queue
[2026-03-23T06:54:43.195+0000] {logging_mixin.py:188} INFO - [2026-03-23T06:54:43.195+0000] {dagbag.py:538} INFO - Filling up the DagBag from /opt/airflow/dags/crawl_crypto_prices.py
[2026-03-23T06:54:43.206+0000] {processor.py:840} INFO - DAG(s) 'crawl_crypto_prices' retrieved from /opt/airflow/dags/crawl_crypto_prices.py
[2026-03-23T06:54:43.220+0000] {logging_mixin.py:188} INFO - [2026-03-23T06:54:43.220+0000] {dag.py:3036} INFO - Sync 1 DAGs
[2026-03-23T06:54:43.231+0000] {logging_mixin.py:188} INFO - [2026-03-23T06:54:43.231+0000] {dag.py:3823} INFO - Setting next_dagrun for crawl_crypto_prices to 2026-03-23 06:00:00+00:00, run_after=2026-03-23 07:00:00+00:00
[2026-03-23T06:54:43.237+0000] {processor.py:183} INFO - Processing /opt/airflow/dags/crawl_crypto_prices.py took 0.048 seconds
[2026-03-23T06:55:13.486+0000] {processor.py:161} INFO - Started process (PID=9878) to work on /opt/airflow/dags/crawl_crypto_prices.py
[2026-03-23T06:55:13.487+0000] {processor.py:830} INFO - Processing file /opt/airflow/dags/crawl_crypto_prices.py for tasks to queue
[2026-03-23T06:55:13.488+0000] {logging_mixin.py:188} INFO - [2026-03-23T06:55:13.487+0000] {dagbag.py:538} INFO - Filling up the DagBag from /opt/airflow/dags/crawl_crypto_prices.py
[2026-03-23T06:55:13.499+0000] {processor.py:840} INFO - DAG(s) 'crawl_crypto_prices' retrieved from /opt/airflow/dags/crawl_crypto_prices.py
[2026-03-23T06:55:13.514+0000] {logging_mixin.py:188} INFO - [2026-03-23T06:55:13.514+0000] {dag.py:3036} INFO - Sync 1 DAGs
[2026-03-23T06:55:13.524+0000] {logging_mixin.py:188} INFO - [2026-03-23T06:55:13.523+0000] {dag.py:3823} INFO - Setting next_dagrun for crawl_crypto_prices to 2026-03-23 06:00:00+00:00, run_after=2026-03-23 07:00:00+00:00
[2026-03-23T06:55:13.530+0000] {processor.py:183} INFO - Processing /opt/airflow/dags/crawl_crypto_prices.py took 0.048 seconds
[2026-03-23T06:55:43.762+0000] {processor.py:161} INFO - Started process (PID=9883) to work on /opt/airflow/dags/crawl_crypto_prices.py
[2026-03-23T06:55:43.763+0000] {processor.py:830} INFO - Processing file /opt/airflow/dags/crawl_crypto_prices.py for tasks to queue
[2026-03-23T06:55:43.763+0000] {logging_mixin.py:188} INFO - [2026-03-23T06:55:43.763+0000] {dagbag.py:538} INFO - Filling up the DagBag from /opt/airflow/dags/crawl_crypto_prices.py
[2026-03-23T06:55:43.774+0000] {processor.py:840} INFO - DAG(s) 'crawl_crypto_prices' retrieved from /opt/airflow/dags/crawl_crypto_prices.py
[2026-03-23T06:55:43.788+0000] {logging_mixin.py:188} INFO - [2026-03-23T06:55:43.788+0000] {dag.py:3036} INFO - Sync 1 DAGs
[2026-03-23T06:55:43.798+0000] {logging_mixin.py:188} INFO - [2026-03-23T06:55:43.797+0000] {dag.py:3823} INFO - Setting next_dagrun for crawl_crypto_prices to 2026-03-23 06:00:00+00:00, run_after=2026-03-23 07:00:00+00:00
[2026-03-23T06:55:43.803+0000] {processor.py:183} INFO - Processing /opt/airflow/dags/crawl_crypto_prices.py took 0.045 seconds
[2026-03-23T06:56:14.051+0000] {processor.py:161} INFO - Started process (PID=9888) to work on /opt/airflow/dags/crawl_crypto_prices.py
[2026-03-23T06:56:14.052+0000] {processor.py:830} INFO - Processing file /opt/airflow/dags/crawl_crypto_prices.py for tasks to queue
[2026-03-23T06:56:14.053+0000] {logging_mixin.py:188} INFO - [2026-03-23T06:56:14.052+0000] {dagbag.py:538} INFO - Filling up the DagBag from /opt/airflow/dags/crawl_crypto_prices.py
[2026-03-23T06:56:14.060+0000] {processor.py:840} INFO - DAG(s) 'crawl_crypto_prices' retrieved from /opt/airflow/dags/crawl_crypto_prices.py
[2026-03-23T06:56:14.077+0000] {logging_mixin.py:188} INFO - [2026-03-23T06:56:14.077+0000] {dag.py:3036} INFO - Sync 1 DAGs
[2026-03-23T06:56:14.086+0000] {logging_mixin.py:188} INFO - [2026-03-23T06:56:14.086+0000] {dag.py:3823} INFO - Setting next_dagrun for crawl_crypto_prices to 2026-03-23 06:00:00+00:00, run_after=2026-03-23 07:00:00+00:00
[2026-03-23T06:56:14.092+0000] {processor.py:183} INFO - Processing /opt/airflow/dags/crawl_crypto_prices.py took 0.042 seconds
[2026-03-23T06:56:44.342+0000] {processor.py:161} INFO - Started process (PID=9893) to work on /opt/airflow/dags/crawl_crypto_prices.py
[2026-03-23T06:56:44.343+0000] {processor.py:830} INFO - Processing file /opt/airflow/dags/crawl_crypto_prices.py for tasks to queue
[2026-03-23T06:56:44.343+0000] {logging_mixin.py:188} INFO - [2026-03-23T06:56:44.343+0000] {dagbag.py:538} INFO - Filling up the DagBag from /opt/airflow/dags/crawl_crypto_prices.py
[2026-03-23T06:56:44.353+0000] {processor.py:840} INFO - DAG(s) 'crawl_crypto_prices' retrieved from /opt/airflow/dags/crawl_crypto_prices.py
[2026-03-23T06:56:44.371+0000] {logging_mixin.py:188} INFO - [2026-03-23T06:56:44.371+0000] {dag.py:3036} INFO - Sync 1 DAGs
[2026-03-23T06:56:44.382+0000] {logging_mixin.py:188} INFO - [2026-03-23T06:56:44.382+0000] {dag.py:3823} INFO - Setting next_dagrun for crawl_crypto_prices to 2026-03-23 06:00:00+00:00, run_after=2026-03-23 07:00:00+00:00
[2026-03-23T06:56:44.389+0000] {processor.py:183} INFO - Processing /opt/airflow/dags/crawl_crypto_prices.py took 0.050 seconds
[2026-03-23T06:57:14.672+0000] {processor.py:161} INFO - Started process (PID=9898) to work on /opt/airflow/dags/crawl_crypto_prices.py
[2026-03-23T06:57:14.673+0000] {processor.py:830} INFO - Processing file /opt/airflow/dags/crawl_crypto_prices.py for tasks to queue
[2026-03-23T06:57:14.674+0000] {logging_mixin.py:188} INFO - [2026-03-23T06:57:14.673+0000] {dagbag.py:538} INFO - Filling up the DagBag from /opt/airflow/dags/crawl_crypto_prices.py
[2026-03-23T06:57:14.688+0000] {processor.py:840} INFO - DAG(s) 'crawl_crypto_prices' retrieved from /opt/airflow/dags/crawl_crypto_prices.py
[2026-03-23T06:57:14.709+0000] {logging_mixin.py:188} INFO - [2026-03-23T06:57:14.709+0000] {dag.py:3036} INFO - Sync 1 DAGs
[2026-03-23T06:57:14.720+0000] {logging_mixin.py:188} INFO - [2026-03-23T06:57:14.720+0000] {dag.py:3823} INFO - Setting next_dagrun for crawl_crypto_prices to 2026-03-23 06:00:00+00:00, run_after=2026-03-23 07:00:00+00:00
[2026-03-23T06:57:14.727+0000] {processor.py:183} INFO - Processing /opt/airflow/dags/crawl_crypto_prices.py took 0.059 seconds
[2026-03-23T06:57:44.984+0000] {processor.py:161} INFO - Started process (PID=9903) to work on /opt/airflow/dags/crawl_crypto_prices.py
[2026-03-23T06:57:44.985+0000] {processor.py:830} INFO - Processing file /opt/airflow/dags/crawl_crypto_prices.py for tasks to queue
[2026-03-23T06:57:44.986+0000] {logging_mixin.py:188} INFO - [2026-03-23T06:57:44.985+0000] {dagbag.py:538} INFO - Filling up the DagBag from /opt/airflow/dags/crawl_crypto_prices.py
[2026-03-23T06:57:44.998+0000] {processor.py:840} INFO - DAG(s) 'crawl_crypto_prices' retrieved from /opt/airflow/dags/crawl_crypto_prices.py
[2026-03-23T06:57:45.018+0000] {logging_mixin.py:188} INFO - [2026-03-23T06:57:45.018+0000] {dag.py:3036} INFO - Sync 1 DAGs
[2026-03-23T06:57:45.029+0000] {logging_mixin.py:188} INFO - [2026-03-23T06:57:45.029+0000] {dag.py:3823} INFO - Setting next_dagrun for crawl_crypto_prices to 2026-03-23 06:00:00+00:00, run_after=2026-03-23 07:00:00+00:00
[2026-03-23T06:57:45.035+0000] {processor.py:183} INFO - Processing /opt/airflow/dags/crawl_crypto_prices.py took 0.055 seconds
[2026-03-23T06:58:15.325+0000] {processor.py:161} INFO - Started process (PID=9908) to work on /opt/airflow/dags/crawl_crypto_prices.py
[2026-03-23T06:58:15.326+0000] {processor.py:830} INFO - Processing file /opt/airflow/dags/crawl_crypto_prices.py for tasks to queue
[2026-03-23T06:58:15.327+0000] {logging_mixin.py:188} INFO - [2026-03-23T06:58:15.327+0000] {dagbag.py:538} INFO - Filling up the DagBag from /opt/airflow/dags/crawl_crypto_prices.py
[2026-03-23T06:58:15.342+0000] {processor.py:840} INFO - DAG(s) 'crawl_crypto_prices' retrieved from /opt/airflow/dags/crawl_crypto_prices.py
[2026-03-23T06:58:15.366+0000] {logging_mixin.py:188} INFO - [2026-03-23T06:58:15.365+0000] {dag.py:3036} INFO - Sync 1 DAGs
[2026-03-23T06:58:15.377+0000] {logging_mixin.py:188} INFO - [2026-03-23T06:58:15.376+0000] {dag.py:3823} INFO - Setting next_dagrun for crawl_crypto_prices to 2026-03-23 06:00:00+00:00, run_after=2026-03-23 07:00:00+00:00
[2026-03-23T06:58:15.383+0000] {processor.py:183} INFO - Processing /opt/airflow/dags/crawl_crypto_prices.py took 0.063 seconds
[2026-03-23T06:58:45.589+0000] {processor.py:161} INFO - Started process (PID=9913) to work on /opt/airflow/dags/crawl_crypto_prices.py
[2026-03-23T06:58:45.590+0000] {processor.py:830} INFO - Processing file /opt/airflow/dags/crawl_crypto_prices.py for tasks to queue
[2026-03-23T06:58:45.591+0000] {logging_mixin.py:188} INFO - [2026-03-23T06:58:45.590+0000] {dagbag.py:538} INFO - Filling up the DagBag from /opt/airflow/dags/crawl_crypto_prices.py
[2026-03-23T06:58:45.603+0000] {processor.py:840} INFO - DAG(s) 'crawl_crypto_prices' retrieved from /opt/airflow/dags/crawl_crypto_prices.py
[2026-03-23T06:58:45.620+0000] {logging_mixin.py:188} INFO - [2026-03-23T06:58:45.620+0000] {dag.py:3036} INFO - Sync 1 DAGs
[2026-03-23T06:58:45.630+0000] {logging_mixin.py:188} INFO - [2026-03-23T06:58:45.630+0000] {dag.py:3823} INFO - Setting next_dagrun for crawl_crypto_prices to 2026-03-23 06:00:00+00:00, run_after=2026-03-23 07:00:00+00:00
[2026-03-23T06:58:45.636+0000] {processor.py:183} INFO - Processing /opt/airflow/dags/crawl_crypto_prices.py took 0.051 seconds
[2026-03-23T06:59:15.908+0000] {processor.py:161} INFO - Started process (PID=9918) to work on /opt/airflow/dags/crawl_crypto_prices.py
[2026-03-23T06:59:15.909+0000] {processor.py:830} INFO - Processing file /opt/airflow/dags/crawl_crypto_prices.py for tasks to queue
[2026-03-23T06:59:15.910+0000] {logging_mixin.py:188} INFO - [2026-03-23T06:59:15.909+0000] {dagbag.py:538} INFO - Filling up the DagBag from /opt/airflow/dags/crawl_crypto_prices.py
[2026-03-23T06:59:15.921+0000] {processor.py:840} INFO - DAG(s) 'crawl_crypto_prices' retrieved from /opt/airflow/dags/crawl_crypto_prices.py
[2026-03-23T06:59:15.941+0000] {logging_mixin.py:188} INFO - [2026-03-23T06:59:15.940+0000] {dag.py:3036} INFO - Sync 1 DAGs
[2026-03-23T06:59:15.950+0000] {logging_mixin.py:188} INFO - [2026-03-23T06:59:15.950+0000] {dag.py:3823} INFO - Setting next_dagrun for crawl_crypto_prices to 2026-03-23 06:00:00+00:00, run_after=2026-03-23 07:00:00+00:00
[2026-03-23T06:59:15.957+0000] {processor.py:183} INFO - Processing /opt/airflow/dags/crawl_crypto_prices.py took 0.052 seconds
[2026-03-23T06:59:46.234+0000] {processor.py:161} INFO - Started process (PID=9923) to work on /opt/airflow/dags/crawl_crypto_prices.py
[2026-03-23T06:59:46.236+0000] {processor.py:830} INFO - Processing file /opt/airflow/dags/crawl_crypto_prices.py for tasks to queue
[2026-03-23T06:59:46.236+0000] {logging_mixin.py:188} INFO - [2026-03-23T06:59:46.236+0000] {dagbag.py:538} INFO - Filling up the DagBag from /opt/airflow/dags/crawl_crypto_prices.py
[2026-03-23T06:59:46.248+0000] {processor.py:840} INFO - DAG(s) 'crawl_crypto_prices' retrieved from /opt/airflow/dags/crawl_crypto_prices.py
[2026-03-23T06:59:46.266+0000] {logging_mixin.py:188} INFO - [2026-03-23T06:59:46.266+0000] {dag.py:3036} INFO - Sync 1 DAGs
[2026-03-23T06:59:46.277+0000] {logging_mixin.py:188} INFO - [2026-03-23T06:59:46.277+0000] {dag.py:3823} INFO - Setting next_dagrun for crawl_crypto_prices to 2026-03-23 06:00:00+00:00, run_after=2026-03-23 07:00:00+00:00
[2026-03-23T06:59:46.284+0000] {processor.py:183} INFO - Processing /opt/airflow/dags/crawl_crypto_prices.py took 0.053 seconds
[2026-03-23T07:00:16.563+0000] {processor.py:161} INFO - Started process (PID=9930) to work on /opt/airflow/dags/crawl_crypto_prices.py
[2026-03-23T07:00:16.564+0000] {processor.py:830} INFO - Processing file /opt/airflow/dags/crawl_crypto_prices.py for tasks to queue
[2026-03-23T07:00:16.564+0000] {logging_mixin.py:188} INFO - [2026-03-23T07:00:16.564+0000] {dagbag.py:538} INFO - Filling up the DagBag from /opt/airflow/dags/crawl_crypto_prices.py
[2026-03-23T07:00:16.574+0000] {processor.py:840} INFO - DAG(s) 'crawl_crypto_prices' retrieved from /opt/airflow/dags/crawl_crypto_prices.py
[2026-03-23T07:00:16.593+0000] {logging_mixin.py:188} INFO - [2026-03-23T07:00:16.593+0000] {dag.py:3036} INFO - Sync 1 DAGs
[2026-03-23T07:00:16.603+0000] {logging_mixin.py:188} INFO - [2026-03-23T07:00:16.603+0000] {dag.py:3823} INFO - Setting next_dagrun for crawl_crypto_prices to 2026-03-23 07:00:00+00:00, run_after=2026-03-23 08:00:00+00:00
[2026-03-23T07:00:16.610+0000] {processor.py:183} INFO - Processing /opt/airflow/dags/crawl_crypto_prices.py took 0.050 seconds
[2026-03-23T07:00:46.880+0000] {processor.py:161} INFO - Started process (PID=9935) to work on /opt/airflow/dags/crawl_crypto_prices.py
[2026-03-23T07:00:46.881+0000] {processor.py:830} INFO - Processing file /opt/airflow/dags/crawl_crypto_prices.py for tasks to queue
[2026-03-23T07:00:46.881+0000] {logging_mixin.py:188} INFO - [2026-03-23T07:00:46.881+0000] {dagbag.py:538} INFO - Filling up the DagBag from /opt/airflow/dags/crawl_crypto_prices.py
[2026-03-23T07:00:46.890+0000] {processor.py:840} INFO - DAG(s) 'crawl_crypto_prices' retrieved from /opt/airflow/dags/crawl_crypto_prices.py
[2026-03-23T07:00:46.904+0000] {logging_mixin.py:188} INFO - [2026-03-23T07:00:46.904+0000] {dag.py:3036} INFO - Sync 1 DAGs
[2026-03-23T07:00:46.913+0000] {logging_mixin.py:188} INFO - [2026-03-23T07:00:46.913+0000] {dag.py:3823} INFO - Setting next_dagrun for crawl_crypto_prices to 2026-03-23 07:00:00+00:00, run_after=2026-03-23 08:00:00+00:00
[2026-03-23T07:00:46.919+0000] {processor.py:183} INFO - Processing /opt/airflow/dags/crawl_crypto_prices.py took 0.041 seconds
[2026-03-23T07:01:17.211+0000] {processor.py:161} INFO - Started process (PID=9940) to work on /opt/airflow/dags/crawl_crypto_prices.py
[2026-03-23T07:01:17.212+0000] {processor.py:830} INFO - Processing file /opt/airflow/dags/crawl_crypto_prices.py for tasks to queue
[2026-03-23T07:01:17.213+0000] {logging_mixin.py:188} INFO - [2026-03-23T07:01:17.213+0000] {dagbag.py:538} INFO - Filling up the DagBag from /opt/airflow/dags/crawl_crypto_prices.py
[2026-03-23T07:01:17.224+0000] {processor.py:840} INFO - DAG(s) 'crawl_crypto_prices' retrieved from /opt/airflow/dags/crawl_crypto_prices.py
[2026-03-23T07:01:17.242+0000] {logging_mixin.py:188} INFO - [2026-03-23T07:01:17.242+0000] {dag.py:3036} INFO - Sync 1 DAGs
[2026-03-23T07:01:17.252+0000] {logging_mixin.py:188} INFO - [2026-03-23T07:01:17.252+0000] {dag.py:3823} INFO - Setting next_dagrun for crawl_crypto_prices to 2026-03-23 07:00:00+00:00, run_after=2026-03-23 08:00:00+00:00
[2026-03-23T07:01:17.258+0000] {processor.py:183} INFO - Processing /opt/airflow/dags/crawl_crypto_prices.py took 0.050 seconds
[2026-03-23T07:01:47.556+0000] {processor.py:161} INFO - Started process (PID=9945) to work on /opt/airflow/dags/crawl_crypto_prices.py
[2026-03-23T07:01:47.557+0000] {processor.py:830} INFO - Processing file /opt/airflow/dags/crawl_crypto_prices.py for tasks to queue
[2026-03-23T07:01:47.558+0000] {logging_mixin.py:188} INFO - [2026-03-23T07:01:47.558+0000] {dagbag.py:538} INFO - Filling up the DagBag from /opt/airflow/dags/crawl_crypto_prices.py
[2026-03-23T07:01:47.569+0000] {processor.py:840} INFO - DAG(s) 'crawl_crypto_prices' retrieved from /opt/airflow/dags/crawl_crypto_prices.py
[2026-03-23T07:01:47.588+0000] {logging_mixin.py:188} INFO - [2026-03-23T07:01:47.588+0000] {dag.py:3036} INFO - Sync 1 DAGs
[2026-03-23T07:01:47.599+0000] {logging_mixin.py:188} INFO - [2026-03-23T07:01:47.599+0000] {dag.py:3823} INFO - Setting next_dagrun for crawl_crypto_prices to 2026-03-23 07:00:00+00:00, run_after=2026-03-23 08:00:00+00:00
[2026-03-23T07:01:47.605+0000] {processor.py:183} INFO - Processing /opt/airflow/dags/crawl_crypto_prices.py took 0.052 seconds
[2026-03-23T07:02:17.880+0000] {processor.py:161} INFO - Started process (PID=9950) to work on /opt/airflow/dags/crawl_crypto_prices.py
[2026-03-23T07:02:17.881+0000] {processor.py:830} INFO - Processing file /opt/airflow/dags/crawl_crypto_prices.py for tasks to queue
[2026-03-23T07:02:17.881+0000] {logging_mixin.py:188} INFO - [2026-03-23T07:02:17.881+0000] {dagbag.py:538} INFO - Filling up the DagBag from /opt/airflow/dags/crawl_crypto_prices.py
[2026-03-23T07:02:17.892+0000] {processor.py:840} INFO - DAG(s) 'crawl_crypto_prices' retrieved from /opt/airflow/dags/crawl_crypto_prices.py
[2026-03-23T07:02:17.910+0000] {logging_mixin.py:188} INFO - [2026-03-23T07:02:17.910+0000] {dag.py:3036} INFO - Sync 1 DAGs
[2026-03-23T07:02:17.919+0000] {logging_mixin.py:188} INFO - [2026-03-23T07:02:17.919+0000] {dag.py:3823} INFO - Setting next_dagrun for crawl_crypto_prices to 2026-03-23 07:00:00+00:00, run_after=2026-03-23 08:00:00+00:00
[2026-03-23T07:02:17.925+0000] {processor.py:183} INFO - Processing /opt/airflow/dags/crawl_crypto_prices.py took 0.049 seconds
[2026-03-23T07:02:48.203+0000] {processor.py:161} INFO - Started process (PID=9955) to work on /opt/airflow/dags/crawl_crypto_prices.py
[2026-03-23T07:02:48.204+0000] {processor.py:830} INFO - Processing file /opt/airflow/dags/crawl_crypto_prices.py for tasks to queue
[2026-03-23T07:02:48.205+0000] {logging_mixin.py:188} INFO - [2026-03-23T07:02:48.204+0000] {dagbag.py:538} INFO - Filling up the DagBag from /opt/airflow/dags/crawl_crypto_prices.py
[2026-03-23T07:02:48.217+0000] {processor.py:840} INFO - DAG(s) 'crawl_crypto_prices' retrieved from /opt/airflow/dags/crawl_crypto_prices.py
[2026-03-23T07:02:48.235+0000] {logging_mixin.py:188} INFO - [2026-03-23T07:02:48.235+0000] {dag.py:3036} INFO - Sync 1 DAGs
[2026-03-23T07:02:48.246+0000] {logging_mixin.py:188} INFO - [2026-03-23T07:02:48.246+0000] {dag.py:3823} INFO - Setting next_dagrun for crawl_crypto_prices to 2026-03-23 07:00:00+00:00, run_after=2026-03-23 08:00:00+00:00
[2026-03-23T07:02:48.252+0000] {processor.py:183} INFO - Processing /opt/airflow/dags/crawl_crypto_prices.py took 0.052 seconds
[2026-03-23T07:03:18.581+0000] {processor.py:161} INFO - Started process (PID=9960) to work on /opt/airflow/dags/crawl_crypto_prices.py
[2026-03-23T07:03:18.583+0000] {processor.py:830} INFO - Processing file /opt/airflow/dags/crawl_crypto_prices.py for tasks to queue
[2026-03-23T07:03:18.584+0000] {logging_mixin.py:188} INFO - [2026-03-23T07:03:18.584+0000] {dagbag.py:538} INFO - Filling up the DagBag from /opt/airflow/dags/crawl_crypto_prices.py
[2026-03-23T07:03:18.608+0000] {processor.py:840} INFO - DAG(s) 'crawl_crypto_prices' retrieved from /opt/airflow/dags/crawl_crypto_prices.py
[2026-03-23T07:03:18.632+0000] {logging_mixin.py:188} INFO - [2026-03-23T07:03:18.632+0000] {dag.py:3036} INFO - Sync 1 DAGs
[2026-03-23T07:03:18.647+0000] {logging_mixin.py:188} INFO - [2026-03-23T07:03:18.647+0000] {dag.py:3823} INFO - Setting next_dagrun for crawl_crypto_prices to 2026-03-23 07:00:00+00:00, run_after=2026-03-23 08:00:00+00:00
[2026-03-23T07:03:18.654+0000] {processor.py:183} INFO - Processing /opt/airflow/dags/crawl_crypto_prices.py took 0.080 seconds
[2026-03-23T07:26:56.265+0000] {processor.py:161} INFO - Started process (PID=9965) to work on /opt/airflow/dags/crawl_crypto_prices.py
[2026-03-23T07:26:56.266+0000] {processor.py:830} INFO - Processing file /opt/airflow/dags/crawl_crypto_prices.py for tasks to queue
[2026-03-23T07:26:56.267+0000] {logging_mixin.py:188} INFO - [2026-03-23T07:26:56.266+0000] {dagbag.py:538} INFO - Filling up the DagBag from /opt/airflow/dags/crawl_crypto_prices.py
[2026-03-23T07:26:56.276+0000] {processor.py:840} INFO - DAG(s) 'crawl_crypto_prices' retrieved from /opt/airflow/dags/crawl_crypto_prices.py
[2026-03-23T07:26:56.292+0000] {logging_mixin.py:188} INFO - [2026-03-23T07:26:56.292+0000] {dag.py:3036} INFO - Sync 1 DAGs
[2026-03-23T07:26:56.301+0000] {logging_mixin.py:188} INFO - [2026-03-23T07:26:56.301+0000] {dag.py:3823} INFO - Setting next_dagrun for crawl_crypto_prices to 2026-03-23 07:00:00+00:00, run_after=2026-03-23 08:00:00+00:00
[2026-03-23T07:26:56.308+0000] {processor.py:183} INFO - Processing /opt/airflow/dags/crawl_crypto_prices.py took 0.046 seconds
[2026-03-23T07:27:26.559+0000] {processor.py:161} INFO - Started process (PID=9972) to work on /opt/airflow/dags/crawl_crypto_prices.py
[2026-03-23T07:27:26.560+0000] {processor.py:830} INFO - Processing file /opt/airflow/dags/crawl_crypto_prices.py for tasks to queue
[2026-03-23T07:27:26.561+0000] {logging_mixin.py:188} INFO - [2026-03-23T07:27:26.561+0000] {dagbag.py:538} INFO - Filling up the DagBag from /opt/airflow/dags/crawl_crypto_prices.py
[2026-03-23T07:27:26.571+0000] {processor.py:840} INFO - DAG(s) 'crawl_crypto_prices' retrieved from /opt/airflow/dags/crawl_crypto_prices.py
[2026-03-23T07:27:26.590+0000] {logging_mixin.py:188} INFO - [2026-03-23T07:27:26.590+0000] {dag.py:3036} INFO - Sync 1 DAGs
[2026-03-23T07:27:26.600+0000] {logging_mixin.py:188} INFO - [2026-03-23T07:27:26.600+0000] {dag.py:3823} INFO - Setting next_dagrun for crawl_crypto_prices to 2026-03-23 07:00:00+00:00, run_after=2026-03-23 08:00:00+00:00
[2026-03-23T07:27:26.606+0000] {processor.py:183} INFO - Processing /opt/airflow/dags/crawl_crypto_prices.py took 0.049 seconds
[2026-03-23T07:27:56.866+0000] {processor.py:161} INFO - Started process (PID=9977) to work on /opt/airflow/dags/crawl_crypto_prices.py
[2026-03-23T07:27:56.867+0000] {processor.py:830} INFO - Processing file /opt/airflow/dags/crawl_crypto_prices.py for tasks to queue
[2026-03-23T07:27:56.867+0000] {logging_mixin.py:188} INFO - [2026-03-23T07:27:56.867+0000] {dagbag.py:538} INFO - Filling up the DagBag from /opt/airflow/dags/crawl_crypto_prices.py
[2026-03-23T07:27:56.879+0000] {processor.py:840} INFO - DAG(s) 'crawl_crypto_prices' retrieved from /opt/airflow/dags/crawl_crypto_prices.py
[2026-03-23T07:27:56.898+0000] {logging_mixin.py:188} INFO - [2026-03-23T07:27:56.898+0000] {dag.py:3036} INFO - Sync 1 DAGs
[2026-03-23T07:27:56.907+0000] {logging_mixin.py:188} INFO - [2026-03-23T07:27:56.907+0000] {dag.py:3823} INFO - Setting next_dagrun for crawl_crypto_prices to 2026-03-23 07:00:00+00:00, run_after=2026-03-23 08:00:00+00:00
[2026-03-23T07:27:56.914+0000] {processor.py:183} INFO - Processing /opt/airflow/dags/crawl_crypto_prices.py took 0.051 seconds
[2026-03-23T07:28:27.187+0000] {processor.py:161} INFO - Started process (PID=9982) to work on /opt/airflow/dags/crawl_crypto_prices.py
[2026-03-23T07:28:27.188+0000] {processor.py:830} INFO - Processing file /opt/airflow/dags/crawl_crypto_prices.py for tasks to queue
[2026-03-23T07:28:27.189+0000] {logging_mixin.py:188} INFO - [2026-03-23T07:28:27.189+0000] {dagbag.py:538} INFO - Filling up the DagBag from /opt/airflow/dags/crawl_crypto_prices.py
[2026-03-23T07:28:27.200+0000] {processor.py:840} INFO - DAG(s) 'crawl_crypto_prices' retrieved from /opt/airflow/dags/crawl_crypto_prices.py
[2026-03-23T07:28:27.220+0000] {logging_mixin.py:188} INFO - [2026-03-23T07:28:27.220+0000] {dag.py:3036} INFO - Sync 1 DAGs
[2026-03-23T07:28:27.231+0000] {logging_mixin.py:188} INFO - [2026-03-23T07:28:27.231+0000] {dag.py:3823} INFO - Setting next_dagrun for crawl_crypto_prices to 2026-03-23 07:00:00+00:00, run_after=2026-03-23 08:00:00+00:00
[2026-03-23T07:28:27.237+0000] {processor.py:183} INFO - Processing /opt/airflow/dags/crawl_crypto_prices.py took 0.053 seconds
[2026-03-23T07:28:57.512+0000] {processor.py:161} INFO - Started process (PID=9987) to work on /opt/airflow/dags/crawl_crypto_prices.py
[2026-03-23T07:28:57.513+0000] {processor.py:830} INFO - Processing file /opt/airflow/dags/crawl_crypto_prices.py for tasks to queue
[2026-03-23T07:28:57.514+0000] {logging_mixin.py:188} INFO - [2026-03-23T07:28:57.514+0000] {dagbag.py:538} INFO - Filling up the DagBag from /opt/airflow/dags/crawl_crypto_prices.py
[2026-03-23T07:28:57.536+0000] {processor.py:840} INFO - DAG(s) 'crawl_crypto_prices' retrieved from /opt/airflow/dags/crawl_crypto_prices.py
[2026-03-23T07:28:57.576+0000] {logging_mixin.py:188} INFO - [2026-03-23T07:28:57.576+0000] {dag.py:3036} INFO - Sync 1 DAGs
[2026-03-23T07:28:57.590+0000] {logging_mixin.py:188} INFO - [2026-03-23T07:28:57.590+0000] {dag.py:3823} INFO - Setting next_dagrun for crawl_crypto_prices to 2026-03-23 07:00:00+00:00, run_after=2026-03-23 08:00:00+00:00
[2026-03-23T07:28:57.598+0000] {processor.py:183} INFO - Processing /opt/airflow/dags/crawl_crypto_prices.py took 0.091 seconds
[2026-03-23T07:32:03.379+0000] {processor.py:161} INFO - Started process (PID=9994) to work on /opt/airflow/dags/crawl_crypto_prices.py
[2026-03-23T07:32:03.380+0000] {processor.py:830} INFO - Processing file /opt/airflow/dags/crawl_crypto_prices.py for tasks to queue
[2026-03-23T07:32:03.380+0000] {logging_mixin.py:188} INFO - [2026-03-23T07:32:03.380+0000] {dagbag.py:538} INFO - Filling up the DagBag from /opt/airflow/dags/crawl_crypto_prices.py
[2026-03-23T07:32:03.386+0000] {processor.py:840} INFO - DAG(s) 'crawl_crypto_prices' retrieved from /opt/airflow/dags/crawl_crypto_prices.py
[2026-03-23T07:32:03.400+0000] {logging_mixin.py:188} INFO - [2026-03-23T07:32:03.400+0000] {dag.py:3036} INFO - Sync 1 DAGs
[2026-03-23T07:32:03.411+0000] {logging_mixin.py:188} INFO - [2026-03-23T07:32:03.410+0000] {dag.py:3823} INFO - Setting next_dagrun for crawl_crypto_prices to 2026-03-23 07:00:00+00:00, run_after=2026-03-23 08:00:00+00:00
[2026-03-23T07:32:03.417+0000] {processor.py:183} INFO - Processing /opt/airflow/dags/crawl_crypto_prices.py took 0.040 seconds
[2026-03-23T07:32:33.726+0000] {processor.py:161} INFO - Started process (PID=9999) to work on /opt/airflow/dags/crawl_crypto_prices.py
[2026-03-23T07:32:33.727+0000] {processor.py:830} INFO - Processing file /opt/airflow/dags/crawl_crypto_prices.py for tasks to queue
[2026-03-23T07:32:33.727+0000] {logging_mixin.py:188} INFO - [2026-03-23T07:32:33.727+0000] {dagbag.py:538} INFO - Filling up the DagBag from /opt/airflow/dags/crawl_crypto_prices.py
[2026-03-23T07:32:33.737+0000] {processor.py:840} INFO - DAG(s) 'crawl_crypto_prices' retrieved from /opt/airflow/dags/crawl_crypto_prices.py
[2026-03-23T07:32:33.754+0000] {logging_mixin.py:188} INFO - [2026-03-23T07:32:33.754+0000] {dag.py:3036} INFO - Sync 1 DAGs
[2026-03-23T07:32:33.763+0000] {logging_mixin.py:188} INFO - [2026-03-23T07:32:33.763+0000] {dag.py:3823} INFO - Setting next_dagrun for crawl_crypto_prices to 2026-03-23 07:00:00+00:00, run_after=2026-03-23 08:00:00+00:00
[2026-03-23T07:32:33.769+0000] {processor.py:183} INFO - Processing /opt/airflow/dags/crawl_crypto_prices.py took 0.046 seconds
[2026-03-23T07:33:04.067+0000] {processor.py:161} INFO - Started process (PID=10004) to work on /opt/airflow/dags/crawl_crypto_prices.py
[2026-03-23T07:33:04.068+0000] {processor.py:830} INFO - Processing file /opt/airflow/dags/crawl_crypto_prices.py for tasks to queue
[2026-03-23T07:33:04.069+0000] {logging_mixin.py:188} INFO - [2026-03-23T07:33:04.068+0000] {dagbag.py:538} INFO - Filling up the DagBag from /opt/airflow/dags/crawl_crypto_prices.py
[2026-03-23T07:33:04.078+0000] {processor.py:840} INFO - DAG(s) 'crawl_crypto_prices' retrieved from /opt/airflow/dags/crawl_crypto_prices.py
[2026-03-23T07:33:04.095+0000] {logging_mixin.py:188} INFO - [2026-03-23T07:33:04.095+0000] {dag.py:3036} INFO - Sync 1 DAGs
[2026-03-23T07:33:04.104+0000] {logging_mixin.py:188} INFO - [2026-03-23T07:33:04.104+0000] {dag.py:3823} INFO - Setting next_dagrun for crawl_crypto_prices to 2026-03-23 07:00:00+00:00, run_after=2026-03-23 08:00:00+00:00
[2026-03-23T07:33:04.110+0000] {processor.py:183} INFO - Processing /opt/airflow/dags/crawl_crypto_prices.py took 0.045 seconds
[2026-03-23T07:33:34.331+0000] {processor.py:161} INFO - Started process (PID=10009) to work on /opt/airflow/dags/crawl_crypto_prices.py
[2026-03-23T07:33:34.332+0000] {processor.py:830} INFO - Processing file /opt/airflow/dags/crawl_crypto_prices.py for tasks to queue
[2026-03-23T07:33:34.333+0000] {logging_mixin.py:188} INFO - [2026-03-23T07:33:34.333+0000] {dagbag.py:538} INFO - Filling up the DagBag from /opt/airflow/dags/crawl_crypto_prices.py
[2026-03-23T07:33:34.342+0000] {processor.py:840} INFO - DAG(s) 'crawl_crypto_prices' retrieved from /opt/airflow/dags/crawl_crypto_prices.py
[2026-03-23T07:33:34.359+0000] {logging_mixin.py:188} INFO - [2026-03-23T07:33:34.358+0000] {dag.py:3036} INFO - Sync 1 DAGs
[2026-03-23T07:33:34.368+0000] {logging_mixin.py:188} INFO - [2026-03-23T07:33:34.368+0000] {dag.py:3823} INFO - Setting next_dagrun for crawl_crypto_prices to 2026-03-23 07:00:00+00:00, run_after=2026-03-23 08:00:00+00:00
[2026-03-23T07:33:34.374+0000] {processor.py:183} INFO - Processing /opt/airflow/dags/crawl_crypto_prices.py took 0.046 seconds
[2026-03-23T07:34:04.662+0000] {processor.py:161} INFO - Started process (PID=10014) to work on /opt/airflow/dags/crawl_crypto_prices.py
[2026-03-23T07:34:04.663+0000] {processor.py:830} INFO - Processing file /opt/airflow/dags/crawl_crypto_prices.py for tasks to queue
[2026-03-23T07:34:04.664+0000] {logging_mixin.py:188} INFO - [2026-03-23T07:34:04.664+0000] {dagbag.py:538} INFO - Filling up the DagBag from /opt/airflow/dags/crawl_crypto_prices.py
[2026-03-23T07:34:04.676+0000] {processor.py:840} INFO - DAG(s) 'crawl_crypto_prices' retrieved from /opt/airflow/dags/crawl_crypto_prices.py
[2026-03-23T07:34:04.695+0000] {logging_mixin.py:188} INFO - [2026-03-23T07:34:04.695+0000] {dag.py:3036} INFO - Sync 1 DAGs
[2026-03-23T07:34:04.706+0000] {logging_mixin.py:188} INFO - [2026-03-23T07:34:04.705+0000] {dag.py:3823} INFO - Setting next_dagrun for crawl_crypto_prices to 2026-03-23 07:00:00+00:00, run_after=2026-03-23 08:00:00+00:00
[2026-03-23T07:34:04.712+0000] {processor.py:183} INFO - Processing /opt/airflow/dags/crawl_crypto_prices.py took 0.052 seconds
[2026-03-23T07:34:34.972+0000] {processor.py:161} INFO - Started process (PID=10019) to work on /opt/airflow/dags/crawl_crypto_prices.py
[2026-03-23T07:34:34.973+0000] {processor.py:830} INFO - Processing file /opt/airflow/dags/crawl_crypto_prices.py for tasks to queue
[2026-03-23T07:34:34.974+0000] {logging_mixin.py:188} INFO - [2026-03-23T07:34:34.974+0000] {dagbag.py:538} INFO - Filling up the DagBag from /opt/airflow/dags/crawl_crypto_prices.py
[2026-03-23T07:34:34.985+0000] {processor.py:840} INFO - DAG(s) 'crawl_crypto_prices' retrieved from /opt/airflow/dags/crawl_crypto_prices.py
[2026-03-23T07:34:35.004+0000] {logging_mixin.py:188} INFO - [2026-03-23T07:34:35.004+0000] {dag.py:3036} INFO - Sync 1 DAGs
[2026-03-23T07:34:35.015+0000] {logging_mixin.py:188} INFO - [2026-03-23T07:34:35.015+0000] {dag.py:3823} INFO - Setting next_dagrun for crawl_crypto_prices to 2026-03-23 07:00:00+00:00, run_after=2026-03-23 08:00:00+00:00
[2026-03-23T07:34:35.021+0000] {processor.py:183} INFO - Processing /opt/airflow/dags/crawl_crypto_prices.py took 0.053 seconds
[2026-03-23T07:35:05.302+0000] {processor.py:161} INFO - Started process (PID=10024) to work on /opt/airflow/dags/crawl_crypto_prices.py
[2026-03-23T07:35:05.303+0000] {processor.py:830} INFO - Processing file /opt/airflow/dags/crawl_crypto_prices.py for tasks to queue
[2026-03-23T07:35:05.304+0000] {logging_mixin.py:188} INFO - [2026-03-23T07:35:05.303+0000] {dagbag.py:538} INFO - Filling up the DagBag from /opt/airflow/dags/crawl_crypto_prices.py
[2026-03-23T07:35:05.314+0000] {processor.py:840} INFO - DAG(s) 'crawl_crypto_prices' retrieved from /opt/airflow/dags/crawl_crypto_prices.py
[2026-03-23T07:35:05.333+0000] {logging_mixin.py:188} INFO - [2026-03-23T07:35:05.333+0000] {dag.py:3036} INFO - Sync 1 DAGs
[2026-03-23T07:35:05.344+0000] {logging_mixin.py:188} INFO - [2026-03-23T07:35:05.344+0000] {dag.py:3823} INFO - Setting next_dagrun for crawl_crypto_prices to 2026-03-23 07:00:00+00:00, run_after=2026-03-23 08:00:00+00:00
[2026-03-23T07:35:05.349+0000] {processor.py:183} INFO - Processing /opt/airflow/dags/crawl_crypto_prices.py took 0.051 seconds
[2026-03-23T07:35:35.623+0000] {processor.py:161} INFO - Started process (PID=10029) to work on /opt/airflow/dags/crawl_crypto_prices.py
[2026-03-23T07:35:35.624+0000] {processor.py:830} INFO - Processing file /opt/airflow/dags/crawl_crypto_prices.py for tasks to queue
[2026-03-23T07:35:35.626+0000] {logging_mixin.py:188} INFO - [2026-03-23T07:35:35.625+0000] {dagbag.py:538} INFO - Filling up the DagBag from /opt/airflow/dags/crawl_crypto_prices.py
[2026-03-23T07:35:35.643+0000] {processor.py:840} INFO - DAG(s) 'crawl_crypto_prices' retrieved from /opt/airflow/dags/crawl_crypto_prices.py
[2026-03-23T07:35:35.665+0000] {logging_mixin.py:188} INFO - [2026-03-23T07:35:35.665+0000] {dag.py:3036} INFO - Sync 1 DAGs
[2026-03-23T07:35:35.677+0000] {logging_mixin.py:188} INFO - [2026-03-23T07:35:35.677+0000] {dag.py:3823} INFO - Setting next_dagrun for crawl_crypto_prices to 2026-03-23 07:00:00+00:00, run_after=2026-03-23 08:00:00+00:00
[2026-03-23T07:35:35.684+0000] {processor.py:183} INFO - Processing /opt/airflow/dags/crawl_crypto_prices.py took 0.066 seconds
[2026-03-23T07:36:05.930+0000] {processor.py:161} INFO - Started process (PID=10034) to work on /opt/airflow/dags/crawl_crypto_prices.py
[2026-03-23T07:36:05.930+0000] {processor.py:830} INFO - Processing file /opt/airflow/dags/crawl_crypto_prices.py for tasks to queue
[2026-03-23T07:36:05.931+0000] {logging_mixin.py:188} INFO - [2026-03-23T07:36:05.931+0000] {dagbag.py:538} INFO - Filling up the DagBag from /opt/airflow/dags/crawl_crypto_prices.py
[2026-03-23T07:36:05.940+0000] {processor.py:840} INFO - DAG(s) 'crawl_crypto_prices' retrieved from /opt/airflow/dags/crawl_crypto_prices.py
[2026-03-23T07:36:05.963+0000] {logging_mixin.py:188} INFO - [2026-03-23T07:36:05.962+0000] {dag.py:3036} INFO - Sync 1 DAGs
[2026-03-23T07:36:05.975+0000] {logging_mixin.py:188} INFO - [2026-03-23T07:36:05.975+0000] {dag.py:3823} INFO - Setting next_dagrun for crawl_crypto_prices to 2026-03-23 07:00:00+00:00, run_after=2026-03-23 08:00:00+00:00
[2026-03-23T07:36:05.982+0000] {processor.py:183} INFO - Processing /opt/airflow/dags/crawl_crypto_prices.py took 0.054 seconds
[2026-03-23T07:36:36.264+0000] {processor.py:161} INFO - Started process (PID=10039) to work on /opt/airflow/dags/crawl_crypto_prices.py
[2026-03-23T07:36:36.265+0000] {processor.py:830} INFO - Processing file /opt/airflow/dags/crawl_crypto_prices.py for tasks to queue
[2026-03-23T07:36:36.265+0000] {logging_mixin.py:188} INFO - [2026-03-23T07:36:36.265+0000] {dagbag.py:538} INFO - Filling up the DagBag from /opt/airflow/dags/crawl_crypto_prices.py
[2026-03-23T07:36:36.276+0000] {processor.py:840} INFO - DAG(s) 'crawl_crypto_prices' retrieved from /opt/airflow/dags/crawl_crypto_prices.py
[2026-03-23T07:36:36.296+0000] {logging_mixin.py:188} INFO - [2026-03-23T07:36:36.296+0000] {dag.py:3036} INFO - Sync 1 DAGs
[2026-03-23T07:36:36.308+0000] {logging_mixin.py:188} INFO - [2026-03-23T07:36:36.308+0000] {dag.py:3823} INFO - Setting next_dagrun for crawl_crypto_prices to 2026-03-23 07:00:00+00:00, run_after=2026-03-23 08:00:00+00:00
[2026-03-23T07:36:36.315+0000] {processor.py:183} INFO - Processing /opt/airflow/dags/crawl_crypto_prices.py took 0.055 seconds
[2026-03-23T07:37:06.613+0000] {processor.py:161} INFO - Started process (PID=10044) to work on /opt/airflow/dags/crawl_crypto_prices.py
[2026-03-23T07:37:06.614+0000] {processor.py:830} INFO - Processing file /opt/airflow/dags/crawl_crypto_prices.py for tasks to queue
[2026-03-23T07:37:06.615+0000] {logging_mixin.py:188} INFO - [2026-03-23T07:37:06.615+0000] {dagbag.py:538} INFO - Filling up the DagBag from /opt/airflow/dags/crawl_crypto_prices.py
[2026-03-23T07:37:06.625+0000] {processor.py:840} INFO - DAG(s) 'crawl_crypto_prices' retrieved from /opt/airflow/dags/crawl_crypto_prices.py
[2026-03-23T07:37:06.643+0000] {logging_mixin.py:188} INFO - [2026-03-23T07:37:06.643+0000] {dag.py:3036} INFO - Sync 1 DAGs
[2026-03-23T07:37:06.654+0000] {logging_mixin.py:188} INFO - [2026-03-23T07:37:06.654+0000] {dag.py:3823} INFO - Setting next_dagrun for crawl_crypto_prices to 2026-03-23 07:00:00+00:00, run_after=2026-03-23 08:00:00+00:00
[2026-03-23T07:37:06.660+0000] {processor.py:183} INFO - Processing /opt/airflow/dags/crawl_crypto_prices.py took 0.050 seconds
[2026-03-23T07:37:36.923+0000] {processor.py:161} INFO - Started process (PID=10049) to work on /opt/airflow/dags/crawl_crypto_prices.py
[2026-03-23T07:37:36.924+0000] {processor.py:830} INFO - Processing file /opt/airflow/dags/crawl_crypto_prices.py for tasks to queue
[2026-03-23T07:37:36.925+0000] {logging_mixin.py:188} INFO - [2026-03-23T07:37:36.925+0000] {dagbag.py:538} INFO - Filling up the DagBag from /opt/airflow/dags/crawl_crypto_prices.py
[2026-03-23T07:37:36.935+0000] {processor.py:840} INFO - DAG(s) 'crawl_crypto_prices' retrieved from /opt/airflow/dags/crawl_crypto_prices.py
[2026-03-23T07:37:36.954+0000] {logging_mixin.py:188} INFO - [2026-03-23T07:37:36.954+0000] {dag.py:3036} INFO - Sync 1 DAGs
[2026-03-23T07:37:36.966+0000] {logging_mixin.py:188} INFO - [2026-03-23T07:37:36.965+0000] {dag.py:3823} INFO - Setting next_dagrun for crawl_crypto_prices to 2026-03-23 07:00:00+00:00, run_after=2026-03-23 08:00:00+00:00
[2026-03-23T07:37:36.972+0000] {processor.py:183} INFO - Processing /opt/airflow/dags/crawl_crypto_prices.py took 0.052 seconds
[2026-03-23T07:38:07.238+0000] {processor.py:161} INFO - Started process (PID=10054) to work on /opt/airflow/dags/crawl_crypto_prices.py
[2026-03-23T07:38:07.238+0000] {processor.py:830} INFO - Processing file /opt/airflow/dags/crawl_crypto_prices.py for tasks to queue
[2026-03-23T07:38:07.239+0000] {logging_mixin.py:188} INFO - [2026-03-23T07:38:07.239+0000] {dagbag.py:538} INFO - Filling up the DagBag from /opt/airflow/dags/crawl_crypto_prices.py
[2026-03-23T07:38:07.250+0000] {processor.py:840} INFO - DAG(s) 'crawl_crypto_prices' retrieved from /opt/airflow/dags/crawl_crypto_prices.py
[2026-03-23T07:38:07.270+0000] {logging_mixin.py:188} INFO - [2026-03-23T07:38:07.270+0000] {dag.py:3036} INFO - Sync 1 DAGs
[2026-03-23T07:38:07.282+0000] {logging_mixin.py:188} INFO - [2026-03-23T07:38:07.282+0000] {dag.py:3823} INFO - Setting next_dagrun for crawl_crypto_prices to 2026-03-23 07:00:00+00:00, run_after=2026-03-23 08:00:00+00:00
[2026-03-23T07:38:07.289+0000] {processor.py:183} INFO - Processing /opt/airflow/dags/crawl_crypto_prices.py took 0.055 seconds
[2026-03-23T07:38:37.529+0000] {processor.py:161} INFO - Started process (PID=10059) to work on /opt/airflow/dags/crawl_crypto_prices.py
[2026-03-23T07:38:37.529+0000] {processor.py:830} INFO - Processing file /opt/airflow/dags/crawl_crypto_prices.py for tasks to queue
[2026-03-23T07:38:37.530+0000] {logging_mixin.py:188} INFO - [2026-03-23T07:38:37.530+0000] {dagbag.py:538} INFO - Filling up the DagBag from /opt/airflow/dags/crawl_crypto_prices.py
[2026-03-23T07:38:37.541+0000] {processor.py:840} INFO - DAG(s) 'crawl_crypto_prices' retrieved from /opt/airflow/dags/crawl_crypto_prices.py
[2026-03-23T07:38:37.558+0000] {logging_mixin.py:188} INFO - [2026-03-23T07:38:37.558+0000] {dag.py:3036} INFO - Sync 1 DAGs
[2026-03-23T07:38:37.567+0000] {logging_mixin.py:188} INFO - [2026-03-23T07:38:37.567+0000] {dag.py:3823} INFO - Setting next_dagrun for crawl_crypto_prices to 2026-03-23 07:00:00+00:00, run_after=2026-03-23 08:00:00+00:00
[2026-03-23T07:38:37.573+0000] {processor.py:183} INFO - Processing /opt/airflow/dags/crawl_crypto_prices.py took 0.047 seconds
[2026-03-23T07:39:07.815+0000] {processor.py:161} INFO - Started process (PID=10064) to work on /opt/airflow/dags/crawl_crypto_prices.py
[2026-03-23T07:39:07.816+0000] {processor.py:830} INFO - Processing file /opt/airflow/dags/crawl_crypto_prices.py for tasks to queue
[2026-03-23T07:39:07.817+0000] {logging_mixin.py:188} INFO - [2026-03-23T07:39:07.817+0000] {dagbag.py:538} INFO - Filling up the DagBag from /opt/airflow/dags/crawl_crypto_prices.py
[2026-03-23T07:39:07.828+0000] {processor.py:840} INFO - DAG(s) 'crawl_crypto_prices' retrieved from /opt/airflow/dags/crawl_crypto_prices.py
[2026-03-23T07:39:07.846+0000] {logging_mixin.py:188} INFO - [2026-03-23T07:39:07.846+0000] {dag.py:3036} INFO - Sync 1 DAGs
[2026-03-23T07:39:07.857+0000] {logging_mixin.py:188} INFO - [2026-03-23T07:39:07.857+0000] {dag.py:3823} INFO - Setting next_dagrun for crawl_crypto_prices to 2026-03-23 07:00:00+00:00, run_after=2026-03-23 08:00:00+00:00
[2026-03-23T07:39:07.864+0000] {processor.py:183} INFO - Processing /opt/airflow/dags/crawl_crypto_prices.py took 0.051 seconds
[2026-03-23T07:39:38.097+0000] {processor.py:161} INFO - Started process (PID=10069) to work on /opt/airflow/dags/crawl_crypto_prices.py
[2026-03-23T07:39:38.099+0000] {processor.py:830} INFO - Processing file /opt/airflow/dags/crawl_crypto_prices.py for tasks to queue
[2026-03-23T07:39:38.099+0000] {logging_mixin.py:188} INFO - [2026-03-23T07:39:38.099+0000] {dagbag.py:538} INFO - Filling up the DagBag from /opt/airflow/dags/crawl_crypto_prices.py
[2026-03-23T07:39:38.110+0000] {processor.py:840} INFO - DAG(s) 'crawl_crypto_prices' retrieved from /opt/airflow/dags/crawl_crypto_prices.py
[2026-03-23T07:39:38.129+0000] {logging_mixin.py:188} INFO - [2026-03-23T07:39:38.129+0000] {dag.py:3036} INFO - Sync 1 DAGs
[2026-03-23T07:39:38.140+0000] {logging_mixin.py:188} INFO - [2026-03-23T07:39:38.140+0000] {dag.py:3823} INFO - Setting next_dagrun for crawl_crypto_prices to 2026-03-23 07:00:00+00:00, run_after=2026-03-23 08:00:00+00:00
[2026-03-23T07:39:38.146+0000] {processor.py:183} INFO - Processing /opt/airflow/dags/crawl_crypto_prices.py took 0.052 seconds
[2026-03-23T07:40:08.402+0000] {processor.py:161} INFO - Started process (PID=10074) to work on /opt/airflow/dags/crawl_crypto_prices.py
[2026-03-23T07:40:08.403+0000] {processor.py:830} INFO - Processing file /opt/airflow/dags/crawl_crypto_prices.py for tasks to queue
[2026-03-23T07:40:08.404+0000] {logging_mixin.py:188} INFO - [2026-03-23T07:40:08.404+0000] {dagbag.py:538} INFO - Filling up the DagBag from /opt/airflow/dags/crawl_crypto_prices.py
[2026-03-23T07:40:08.412+0000] {processor.py:840} INFO - DAG(s) 'crawl_crypto_prices' retrieved from /opt/airflow/dags/crawl_crypto_prices.py
[2026-03-23T07:40:08.427+0000] {logging_mixin.py:188} INFO - [2026-03-23T07:40:08.427+0000] {dag.py:3036} INFO - Sync 1 DAGs
[2026-03-23T07:40:08.436+0000] {logging_mixin.py:188} INFO - [2026-03-23T07:40:08.436+0000] {dag.py:3823} INFO - Setting next_dagrun for crawl_crypto_prices to 2026-03-23 07:00:00+00:00, run_after=2026-03-23 08:00:00+00:00
[2026-03-23T07:40:08.444+0000] {processor.py:183} INFO - Processing /opt/airflow/dags/crawl_crypto_prices.py took 0.046 seconds
[2026-03-23T07:40:38.663+0000] {processor.py:161} INFO - Started process (PID=10079) to work on /opt/airflow/dags/crawl_crypto_prices.py
[2026-03-23T07:40:38.664+0000] {processor.py:830} INFO - Processing file /opt/airflow/dags/crawl_crypto_prices.py for tasks to queue
[2026-03-23T07:40:38.665+0000] {logging_mixin.py:188} INFO - [2026-03-23T07:40:38.665+0000] {dagbag.py:538} INFO - Filling up the DagBag from /opt/airflow/dags/crawl_crypto_prices.py
[2026-03-23T07:40:38.676+0000] {processor.py:840} INFO - DAG(s) 'crawl_crypto_prices' retrieved from /opt/airflow/dags/crawl_crypto_prices.py
[2026-03-23T07:40:38.690+0000] {logging_mixin.py:188} INFO - [2026-03-23T07:40:38.690+0000] {dag.py:3036} INFO - Sync 1 DAGs
[2026-03-23T07:40:38.700+0000] {logging_mixin.py:188} INFO - [2026-03-23T07:40:38.700+0000] {dag.py:3823} INFO - Setting next_dagrun for crawl_crypto_prices to 2026-03-23 07:00:00+00:00, run_after=2026-03-23 08:00:00+00:00
[2026-03-23T07:40:38.706+0000] {processor.py:183} INFO - Processing /opt/airflow/dags/crawl_crypto_prices.py took 0.046 seconds
[2026-03-23T07:41:08.959+0000] {processor.py:161} INFO - Started process (PID=10084) to work on /opt/airflow/dags/crawl_crypto_prices.py
[2026-03-23T07:41:08.959+0000] {processor.py:830} INFO - Processing file /opt/airflow/dags/crawl_crypto_prices.py for tasks to queue
[2026-03-23T07:41:08.960+0000] {logging_mixin.py:188} INFO - [2026-03-23T07:41:08.960+0000] {dagbag.py:538} INFO - Filling up the DagBag from /opt/airflow/dags/crawl_crypto_prices.py
[2026-03-23T07:41:08.969+0000] {processor.py:840} INFO - DAG(s) 'crawl_crypto_prices' retrieved from /opt/airflow/dags/crawl_crypto_prices.py
[2026-03-23T07:41:08.985+0000] {logging_mixin.py:188} INFO - [2026-03-23T07:41:08.985+0000] {dag.py:3036} INFO - Sync 1 DAGs
[2026-03-23T07:41:08.994+0000] {logging_mixin.py:188} INFO - [2026-03-23T07:41:08.994+0000] {dag.py:3823} INFO - Setting next_dagrun for crawl_crypto_prices to 2026-03-23 07:00:00+00:00, run_after=2026-03-23 08:00:00+00:00
[2026-03-23T07:41:08.999+0000] {processor.py:183} INFO - Processing /opt/airflow/dags/crawl_crypto_prices.py took 0.043 seconds
[2026-03-23T07:41:39.249+0000] {processor.py:161} INFO - Started process (PID=10089) to work on /opt/airflow/dags/crawl_crypto_prices.py
[2026-03-23T07:41:39.250+0000] {processor.py:830} INFO - Processing file /opt/airflow/dags/crawl_crypto_prices.py for tasks to queue
[2026-03-23T07:41:39.250+0000] {logging_mixin.py:188} INFO - [2026-03-23T07:41:39.250+0000] {dagbag.py:538} INFO - Filling up the DagBag from /opt/airflow/dags/crawl_crypto_prices.py
[2026-03-23T07:41:39.260+0000] {processor.py:840} INFO - DAG(s) 'crawl_crypto_prices' retrieved from /opt/airflow/dags/crawl_crypto_prices.py
[2026-03-23T07:41:39.278+0000] {logging_mixin.py:188} INFO - [2026-03-23T07:41:39.278+0000] {dag.py:3036} INFO - Sync 1 DAGs
[2026-03-23T07:41:39.287+0000] {logging_mixin.py:188} INFO - [2026-03-23T07:41:39.287+0000] {dag.py:3823} INFO - Setting next_dagrun for crawl_crypto_prices to 2026-03-23 07:00:00+00:00, run_after=2026-03-23 08:00:00+00:00
[2026-03-23T07:41:39.293+0000] {processor.py:183} INFO - Processing /opt/airflow/dags/crawl_crypto_prices.py took 0.046 seconds
[2026-03-23T07:42:09.591+0000] {processor.py:161} INFO - Started process (PID=10094) to work on /opt/airflow/dags/crawl_crypto_prices.py
[2026-03-23T07:42:09.592+0000] {processor.py:830} INFO - Processing file /opt/airflow/dags/crawl_crypto_prices.py for tasks to queue
[2026-03-23T07:42:09.593+0000] {logging_mixin.py:188} INFO - [2026-03-23T07:42:09.593+0000] {dagbag.py:538} INFO - Filling up the DagBag from /opt/airflow/dags/crawl_crypto_prices.py
[2026-03-23T07:42:09.603+0000] {processor.py:840} INFO - DAG(s) 'crawl_crypto_prices' retrieved from /opt/airflow/dags/crawl_crypto_prices.py
[2026-03-23T07:42:09.623+0000] {logging_mixin.py:188} INFO - [2026-03-23T07:42:09.623+0000] {dag.py:3036} INFO - Sync 1 DAGs
[2026-03-23T07:42:09.633+0000] {logging_mixin.py:188} INFO - [2026-03-23T07:42:09.633+0000] {dag.py:3823} INFO - Setting next_dagrun for crawl_crypto_prices to 2026-03-23 07:00:00+00:00, run_after=2026-03-23 08:00:00+00:00
[2026-03-23T07:42:09.640+0000] {processor.py:183} INFO - Processing /opt/airflow/dags/crawl_crypto_prices.py took 0.052 seconds
[2026-03-23T07:42:39.902+0000] {processor.py:161} INFO - Started process (PID=10099) to work on /opt/airflow/dags/crawl_crypto_prices.py
[2026-03-23T07:42:39.902+0000] {processor.py:830} INFO - Processing file /opt/airflow/dags/crawl_crypto_prices.py for tasks to queue
[2026-03-23T07:42:39.903+0000] {logging_mixin.py:188} INFO - [2026-03-23T07:42:39.903+0000] {dagbag.py:538} INFO - Filling up the DagBag from /opt/airflow/dags/crawl_crypto_prices.py
[2026-03-23T07:42:39.909+0000] {processor.py:840} INFO - DAG(s) 'crawl_crypto_prices' retrieved from /opt/airflow/dags/crawl_crypto_prices.py
[2026-03-23T07:42:39.921+0000] {logging_mixin.py:188} INFO - [2026-03-23T07:42:39.921+0000] {dag.py:3036} INFO - Sync 1 DAGs
[2026-03-23T07:42:39.930+0000] {logging_mixin.py:188} INFO - [2026-03-23T07:42:39.929+0000] {dag.py:3823} INFO - Setting next_dagrun for crawl_crypto_prices to 2026-03-23 07:00:00+00:00, run_after=2026-03-23 08:00:00+00:00
[2026-03-23T07:42:39.936+0000] {processor.py:183} INFO - Processing /opt/airflow/dags/crawl_crypto_prices.py took 0.036 seconds
[2026-03-23T07:43:10.200+0000] {processor.py:161} INFO - Started process (PID=10104) to work on /opt/airflow/dags/crawl_crypto_prices.py
[2026-03-23T07:43:10.201+0000] {processor.py:830} INFO - Processing file /opt/airflow/dags/crawl_crypto_prices.py for tasks to queue
[2026-03-23T07:43:10.202+0000] {logging_mixin.py:188} INFO - [2026-03-23T07:43:10.201+0000] {dagbag.py:538} INFO - Filling up the DagBag from /opt/airflow/dags/crawl_crypto_prices.py
[2026-03-23T07:43:10.211+0000] {processor.py:840} INFO - DAG(s) 'crawl_crypto_prices' retrieved from /opt/airflow/dags/crawl_crypto_prices.py
[2026-03-23T07:43:10.228+0000] {logging_mixin.py:188} INFO - [2026-03-23T07:43:10.228+0000] {dag.py:3036} INFO - Sync 1 DAGs
[2026-03-23T07:43:10.238+0000] {logging_mixin.py:188} INFO - [2026-03-23T07:43:10.238+0000] {dag.py:3823} INFO - Setting next_dagrun for crawl_crypto_prices to 2026-03-23 07:00:00+00:00, run_after=2026-03-23 08:00:00+00:00
[2026-03-23T07:43:10.244+0000] {processor.py:183} INFO - Processing /opt/airflow/dags/crawl_crypto_prices.py took 0.047 seconds
[2026-03-23T07:43:40.547+0000] {processor.py:161} INFO - Started process (PID=10109) to work on /opt/airflow/dags/crawl_crypto_prices.py
[2026-03-23T07:43:40.547+0000] {processor.py:830} INFO - Processing file /opt/airflow/dags/crawl_crypto_prices.py for tasks to queue
[2026-03-23T07:43:40.548+0000] {logging_mixin.py:188} INFO - [2026-03-23T07:43:40.548+0000] {dagbag.py:538} INFO - Filling up the DagBag from /opt/airflow/dags/crawl_crypto_prices.py
[2026-03-23T07:43:40.559+0000] {processor.py:840} INFO - DAG(s) 'crawl_crypto_prices' retrieved from /opt/airflow/dags/crawl_crypto_prices.py
[2026-03-23T07:43:40.579+0000] {logging_mixin.py:188} INFO - [2026-03-23T07:43:40.578+0000] {dag.py:3036} INFO - Sync 1 DAGs
[2026-03-23T07:43:40.588+0000] {logging_mixin.py:188} INFO - [2026-03-23T07:43:40.588+0000] {dag.py:3823} INFO - Setting next_dagrun for crawl_crypto_prices to 2026-03-23 07:00:00+00:00, run_after=2026-03-23 08:00:00+00:00
[2026-03-23T07:43:40.595+0000] {processor.py:183} INFO - Processing /opt/airflow/dags/crawl_crypto_prices.py took 0.052 seconds
[2026-03-23T07:44:10.842+0000] {processor.py:161} INFO - Started process (PID=10114) to work on /opt/airflow/dags/crawl_crypto_prices.py
[2026-03-23T07:44:10.843+0000] {processor.py:830} INFO - Processing file /opt/airflow/dags/crawl_crypto_prices.py for tasks to queue
[2026-03-23T07:44:10.843+0000] {logging_mixin.py:188} INFO - [2026-03-23T07:44:10.843+0000] {dagbag.py:538} INFO - Filling up the DagBag from /opt/airflow/dags/crawl_crypto_prices.py
[2026-03-23T07:44:10.853+0000] {processor.py:840} INFO - DAG(s) 'crawl_crypto_prices' retrieved from /opt/airflow/dags/crawl_crypto_prices.py
[2026-03-23T07:44:10.870+0000] {logging_mixin.py:188} INFO - [2026-03-23T07:44:10.870+0000] {dag.py:3036} INFO - Sync 1 DAGs
[2026-03-23T07:44:10.879+0000] {logging_mixin.py:188} INFO - [2026-03-23T07:44:10.879+0000] {dag.py:3823} INFO - Setting next_dagrun for crawl_crypto_prices to 2026-03-23 07:00:00+00:00, run_after=2026-03-23 08:00:00+00:00
[2026-03-23T07:44:10.885+0000] {processor.py:183} INFO - Processing /opt/airflow/dags/crawl_crypto_prices.py took 0.046 seconds
[2026-03-23T07:44:41.167+0000] {processor.py:161} INFO - Started process (PID=10119) to work on /opt/airflow/dags/crawl_crypto_prices.py
[2026-03-23T07:44:41.168+0000] {processor.py:830} INFO - Processing file /opt/airflow/dags/crawl_crypto_prices.py for tasks to queue
[2026-03-23T07:44:41.168+0000] {logging_mixin.py:188} INFO - [2026-03-23T07:44:41.168+0000] {dagbag.py:538} INFO - Filling up the DagBag from /opt/airflow/dags/crawl_crypto_prices.py
[2026-03-23T07:44:41.179+0000] {processor.py:840} INFO - DAG(s) 'crawl_crypto_prices' retrieved from /opt/airflow/dags/crawl_crypto_prices.py
[2026-03-23T07:44:41.197+0000] {logging_mixin.py:188} INFO - [2026-03-23T07:44:41.197+0000] {dag.py:3036} INFO - Sync 1 DAGs
[2026-03-23T07:44:41.207+0000] {logging_mixin.py:188} INFO - [2026-03-23T07:44:41.207+0000] {dag.py:3823} INFO - Setting next_dagrun for crawl_crypto_prices to 2026-03-23 07:00:00+00:00, run_after=2026-03-23 08:00:00+00:00
[2026-03-23T07:44:41.213+0000] {processor.py:183} INFO - Processing /opt/airflow/dags/crawl_crypto_prices.py took 0.050 seconds
[2026-03-23T07:45:11.496+0000] {processor.py:161} INFO - Started process (PID=10124) to work on /opt/airflow/dags/crawl_crypto_prices.py
[2026-03-23T07:45:11.497+0000] {processor.py:830} INFO - Processing file /opt/airflow/dags/crawl_crypto_prices.py for tasks to queue
[2026-03-23T07:45:11.497+0000] {logging_mixin.py:188} INFO - [2026-03-23T07:45:11.497+0000] {dagbag.py:538} INFO - Filling up the DagBag from /opt/airflow/dags/crawl_crypto_prices.py
[2026-03-23T07:45:11.508+0000] {processor.py:840} INFO - DAG(s) 'crawl_crypto_prices' retrieved from /opt/airflow/dags/crawl_crypto_prices.py
[2026-03-23T07:45:11.527+0000] {logging_mixin.py:188} INFO - [2026-03-23T07:45:11.527+0000] {dag.py:3036} INFO - Sync 1 DAGs
[2026-03-23T07:45:11.540+0000] {logging_mixin.py:188} INFO - [2026-03-23T07:45:11.540+0000] {dag.py:3823} INFO - Setting next_dagrun for crawl_crypto_prices to 2026-03-23 07:00:00+00:00, run_after=2026-03-23 08:00:00+00:00
[2026-03-23T07:45:11.547+0000] {processor.py:183} INFO - Processing /opt/airflow/dags/crawl_crypto_prices.py took 0.054 seconds
[2026-03-23T07:45:41.823+0000] {processor.py:161} INFO - Started process (PID=10129) to work on /opt/airflow/dags/crawl_crypto_prices.py
[2026-03-23T07:45:41.825+0000] {processor.py:830} INFO - Processing file /opt/airflow/dags/crawl_crypto_prices.py for tasks to queue
[2026-03-23T07:45:41.826+0000] {logging_mixin.py:188} INFO - [2026-03-23T07:45:41.825+0000] {dagbag.py:538} INFO - Filling up the DagBag from /opt/airflow/dags/crawl_crypto_prices.py
[2026-03-23T07:45:41.837+0000] {processor.py:840} INFO - DAG(s) 'crawl_crypto_prices' retrieved from /opt/airflow/dags/crawl_crypto_prices.py
[2026-03-23T07:45:41.855+0000] {logging_mixin.py:188} INFO - [2026-03-23T07:45:41.855+0000] {dag.py:3036} INFO - Sync 1 DAGs
[2026-03-23T07:45:41.866+0000] {logging_mixin.py:188} INFO - [2026-03-23T07:45:41.865+0000] {dag.py:3823} INFO - Setting next_dagrun for crawl_crypto_prices to 2026-03-23 07:00:00+00:00, run_after=2026-03-23 08:00:00+00:00
[2026-03-23T07:45:41.872+0000] {processor.py:183} INFO - Processing /opt/airflow/dags/crawl_crypto_prices.py took 0.052 seconds
[2026-03-23T07:46:12.118+0000] {processor.py:161} INFO - Started process (PID=10134) to work on /opt/airflow/dags/crawl_crypto_prices.py
[2026-03-23T07:46:12.119+0000] {processor.py:830} INFO - Processing file /opt/airflow/dags/crawl_crypto_prices.py for tasks to queue
[2026-03-23T07:46:12.120+0000] {logging_mixin.py:188} INFO - [2026-03-23T07:46:12.120+0000] {dagbag.py:538} INFO - Filling up the DagBag from /opt/airflow/dags/crawl_crypto_prices.py
[2026-03-23T07:46:12.131+0000] {processor.py:840} INFO - DAG(s) 'crawl_crypto_prices' retrieved from /opt/airflow/dags/crawl_crypto_prices.py
[2026-03-23T07:46:12.150+0000] {logging_mixin.py:188} INFO - [2026-03-23T07:46:12.150+0000] {dag.py:3036} INFO - Sync 1 DAGs
[2026-03-23T07:46:12.161+0000] {logging_mixin.py:188} INFO - [2026-03-23T07:46:12.161+0000] {dag.py:3823} INFO - Setting next_dagrun for crawl_crypto_prices to 2026-03-23 07:00:00+00:00, run_after=2026-03-23 08:00:00+00:00
[2026-03-23T07:46:12.168+0000] {processor.py:183} INFO - Processing /opt/airflow/dags/crawl_crypto_prices.py took 0.053 seconds
[2026-03-23T07:46:42.432+0000] {processor.py:161} INFO - Started process (PID=10139) to work on /opt/airflow/dags/crawl_crypto_prices.py
[2026-03-23T07:46:42.433+0000] {processor.py:830} INFO - Processing file /opt/airflow/dags/crawl_crypto_prices.py for tasks to queue
[2026-03-23T07:46:42.433+0000] {logging_mixin.py:188} INFO - [2026-03-23T07:46:42.433+0000] {dagbag.py:538} INFO - Filling up the DagBag from /opt/airflow/dags/crawl_crypto_prices.py
[2026-03-23T07:46:42.442+0000] {processor.py:840} INFO - DAG(s) 'crawl_crypto_prices' retrieved from /opt/airflow/dags/crawl_crypto_prices.py
[2026-03-23T07:46:42.457+0000] {logging_mixin.py:188} INFO - [2026-03-23T07:46:42.457+0000] {dag.py:3036} INFO - Sync 1 DAGs
[2026-03-23T07:46:42.467+0000] {logging_mixin.py:188} INFO - [2026-03-23T07:46:42.467+0000] {dag.py:3823} INFO - Setting next_dagrun for crawl_crypto_prices to 2026-03-23 07:00:00+00:00, run_after=2026-03-23 08:00:00+00:00
[2026-03-23T07:46:42.473+0000] {processor.py:183} INFO - Processing /opt/airflow/dags/crawl_crypto_prices.py took 0.043 seconds
[2026-03-23T07:47:52.020+0000] {processor.py:161} INFO - Started process (PID=10146) to work on /opt/airflow/dags/crawl_crypto_prices.py
[2026-03-23T07:47:52.020+0000] {processor.py:830} INFO - Processing file /opt/airflow/dags/crawl_crypto_prices.py for tasks to queue
[2026-03-23T07:47:52.021+0000] {logging_mixin.py:188} INFO - [2026-03-23T07:47:52.021+0000] {dagbag.py:538} INFO - Filling up the DagBag from /opt/airflow/dags/crawl_crypto_prices.py
[2026-03-23T07:47:52.032+0000] {processor.py:840} INFO - DAG(s) 'crawl_crypto_prices' retrieved from /opt/airflow/dags/crawl_crypto_prices.py
[2026-03-23T07:47:52.058+0000] {logging_mixin.py:188} INFO - [2026-03-23T07:47:52.058+0000] {dag.py:3036} INFO - Sync 1 DAGs
[2026-03-23T07:47:52.069+0000] {logging_mixin.py:188} INFO - [2026-03-23T07:47:52.069+0000] {dag.py:3823} INFO - Setting next_dagrun for crawl_crypto_prices to 2026-03-23 07:00:00+00:00, run_after=2026-03-23 08:00:00+00:00
[2026-03-23T07:47:52.076+0000] {processor.py:183} INFO - Processing /opt/airflow/dags/crawl_crypto_prices.py took 0.059 seconds
[2026-03-23T07:48:22.331+0000] {processor.py:161} INFO - Started process (PID=10151) to work on /opt/airflow/dags/crawl_crypto_prices.py
[2026-03-23T07:48:22.332+0000] {processor.py:830} INFO - Processing file /opt/airflow/dags/crawl_crypto_prices.py for tasks to queue
[2026-03-23T07:48:22.332+0000] {logging_mixin.py:188} INFO - [2026-03-23T07:48:22.332+0000] {dagbag.py:538} INFO - Filling up the DagBag from /opt/airflow/dags/crawl_crypto_prices.py
[2026-03-23T07:48:22.342+0000] {processor.py:840} INFO - DAG(s) 'crawl_crypto_prices' retrieved from /opt/airflow/dags/crawl_crypto_prices.py
[2026-03-23T07:48:22.360+0000] {logging_mixin.py:188} INFO - [2026-03-23T07:48:22.360+0000] {dag.py:3036} INFO - Sync 1 DAGs
[2026-03-23T07:48:22.369+0000] {logging_mixin.py:188} INFO - [2026-03-23T07:48:22.369+0000] {dag.py:3823} INFO - Setting next_dagrun for crawl_crypto_prices to 2026-03-23 07:00:00+00:00, run_after=2026-03-23 08:00:00+00:00
[2026-03-23T07:48:22.375+0000] {processor.py:183} INFO - Processing /opt/airflow/dags/crawl_crypto_prices.py took 0.047 seconds
[2026-03-23T07:48:52.666+0000] {processor.py:161} INFO - Started process (PID=10156) to work on /opt/airflow/dags/crawl_crypto_prices.py
[2026-03-23T07:48:52.667+0000] {processor.py:830} INFO - Processing file /opt/airflow/dags/crawl_crypto_prices.py for tasks to queue
[2026-03-23T07:48:52.668+0000] {logging_mixin.py:188} INFO - [2026-03-23T07:48:52.668+0000] {dagbag.py:538} INFO - Filling up the DagBag from /opt/airflow/dags/crawl_crypto_prices.py
[2026-03-23T07:48:52.678+0000] {processor.py:840} INFO - DAG(s) 'crawl_crypto_prices' retrieved from /opt/airflow/dags/crawl_crypto_prices.py
[2026-03-23T07:48:52.697+0000] {logging_mixin.py:188} INFO - [2026-03-23T07:48:52.697+0000] {dag.py:3036} INFO - Sync 1 DAGs
[2026-03-23T07:48:52.708+0000] {logging_mixin.py:188} INFO - [2026-03-23T07:48:52.707+0000] {dag.py:3823} INFO - Setting next_dagrun for crawl_crypto_prices to 2026-03-23 07:00:00+00:00, run_after=2026-03-23 08:00:00+00:00
[2026-03-23T07:48:52.714+0000] {processor.py:183} INFO - Processing /opt/airflow/dags/crawl_crypto_prices.py took 0.050 seconds
[2026-03-23T07:49:22.988+0000] {processor.py:161} INFO - Started process (PID=10161) to work on /opt/airflow/dags/crawl_crypto_prices.py
[2026-03-23T07:49:22.989+0000] {processor.py:830} INFO - Processing file /opt/airflow/dags/crawl_crypto_prices.py for tasks to queue
[2026-03-23T07:49:22.990+0000] {logging_mixin.py:188} INFO - [2026-03-23T07:49:22.989+0000] {dagbag.py:538} INFO - Filling up the DagBag from /opt/airflow/dags/crawl_crypto_prices.py
[2026-03-23T07:49:23.001+0000] {processor.py:840} INFO - DAG(s) 'crawl_crypto_prices' retrieved from /opt/airflow/dags/crawl_crypto_prices.py
[2026-03-23T07:49:23.021+0000] {logging_mixin.py:188} INFO - [2026-03-23T07:49:23.021+0000] {dag.py:3036} INFO - Sync 1 DAGs
[2026-03-23T07:49:23.034+0000] {logging_mixin.py:188} INFO - [2026-03-23T07:49:23.034+0000] {dag.py:3823} INFO - Setting next_dagrun for crawl_crypto_prices to 2026-03-23 07:00:00+00:00, run_after=2026-03-23 08:00:00+00:00
[2026-03-23T07:49:23.041+0000] {processor.py:183} INFO - Processing /opt/airflow/dags/crawl_crypto_prices.py took 0.057 seconds
[2026-03-23T07:49:53.281+0000] {processor.py:161} INFO - Started process (PID=10166) to work on /opt/airflow/dags/crawl_crypto_prices.py
[2026-03-23T07:49:53.282+0000] {processor.py:830} INFO - Processing file /opt/airflow/dags/crawl_crypto_prices.py for tasks to queue
[2026-03-23T07:49:53.283+0000] {logging_mixin.py:188} INFO - [2026-03-23T07:49:53.283+0000] {dagbag.py:538} INFO - Filling up the DagBag from /opt/airflow/dags/crawl_crypto_prices.py
[2026-03-23T07:49:53.294+0000] {processor.py:840} INFO - DAG(s) 'crawl_crypto_prices' retrieved from /opt/airflow/dags/crawl_crypto_prices.py
[2026-03-23T07:49:53.313+0000] {logging_mixin.py:188} INFO - [2026-03-23T07:49:53.312+0000] {dag.py:3036} INFO - Sync 1 DAGs
[2026-03-23T07:49:53.322+0000] {logging_mixin.py:188} INFO - [2026-03-23T07:49:53.322+0000] {dag.py:3823} INFO - Setting next_dagrun for crawl_crypto_prices to 2026-03-23 07:00:00+00:00, run_after=2026-03-23 08:00:00+00:00
[2026-03-23T07:49:53.328+0000] {processor.py:183} INFO - Processing /opt/airflow/dags/crawl_crypto_prices.py took 0.051 seconds
[2026-03-23T08:10:00.798+0000] {processor.py:161} INFO - Started process (PID=10173) to work on /opt/airflow/dags/crawl_crypto_prices.py
[2026-03-23T08:10:00.799+0000] {processor.py:830} INFO - Processing file /opt/airflow/dags/crawl_crypto_prices.py for tasks to queue
[2026-03-23T08:10:00.800+0000] {logging_mixin.py:188} INFO - [2026-03-23T08:10:00.799+0000] {dagbag.py:538} INFO - Filling up the DagBag from /opt/airflow/dags/crawl_crypto_prices.py
[2026-03-23T08:10:00.812+0000] {processor.py:840} INFO - DAG(s) 'crawl_crypto_prices' retrieved from /opt/airflow/dags/crawl_crypto_prices.py
[2026-03-23T08:10:00.831+0000] {logging_mixin.py:188} INFO - [2026-03-23T08:10:00.830+0000] {dag.py:3036} INFO - Sync 1 DAGs
[2026-03-23T08:10:00.843+0000] {logging_mixin.py:188} INFO - [2026-03-23T08:10:00.843+0000] {dag.py:3823} INFO - Setting next_dagrun for crawl_crypto_prices to 2026-03-23 07:00:00+00:00, run_after=2026-03-23 08:00:00+00:00
[2026-03-23T08:10:00.853+0000] {processor.py:183} INFO - Processing /opt/airflow/dags/crawl_crypto_prices.py took 0.057 seconds
[2026-03-23T08:10:31.111+0000] {processor.py:161} INFO - Started process (PID=10180) to work on /opt/airflow/dags/crawl_crypto_prices.py
[2026-03-23T08:10:31.112+0000] {processor.py:830} INFO - Processing file /opt/airflow/dags/crawl_crypto_prices.py for tasks to queue
[2026-03-23T08:10:31.113+0000] {logging_mixin.py:188} INFO - [2026-03-23T08:10:31.112+0000] {dagbag.py:538} INFO - Filling up the DagBag from /opt/airflow/dags/crawl_crypto_prices.py
[2026-03-23T08:10:31.124+0000] {processor.py:840} INFO - DAG(s) 'crawl_crypto_prices' retrieved from /opt/airflow/dags/crawl_crypto_prices.py
[2026-03-23T08:10:31.143+0000] {logging_mixin.py:188} INFO - [2026-03-23T08:10:31.143+0000] {dag.py:3036} INFO - Sync 1 DAGs
[2026-03-23T08:10:31.153+0000] {logging_mixin.py:188} INFO - [2026-03-23T08:10:31.153+0000] {dag.py:3823} INFO - Setting next_dagrun for crawl_crypto_prices to 2026-03-23 08:00:00+00:00, run_after=2026-03-23 09:00:00+00:00
[2026-03-23T08:10:31.159+0000] {processor.py:183} INFO - Processing /opt/airflow/dags/crawl_crypto_prices.py took 0.052 seconds
[2026-03-23T08:11:01.421+0000] {processor.py:161} INFO - Started process (PID=10185) to work on /opt/airflow/dags/crawl_crypto_prices.py
[2026-03-23T08:11:01.421+0000] {processor.py:830} INFO - Processing file /opt/airflow/dags/crawl_crypto_prices.py for tasks to queue
[2026-03-23T08:11:01.422+0000] {logging_mixin.py:188} INFO - [2026-03-23T08:11:01.422+0000] {dagbag.py:538} INFO - Filling up the DagBag from /opt/airflow/dags/crawl_crypto_prices.py
[2026-03-23T08:11:01.430+0000] {processor.py:840} INFO - DAG(s) 'crawl_crypto_prices' retrieved from /opt/airflow/dags/crawl_crypto_prices.py
[2026-03-23T08:11:01.450+0000] {logging_mixin.py:188} INFO - [2026-03-23T08:11:01.450+0000] {dag.py:3036} INFO - Sync 1 DAGs
[2026-03-23T08:11:01.461+0000] {logging_mixin.py:188} INFO - [2026-03-23T08:11:01.461+0000] {dag.py:3823} INFO - Setting next_dagrun for crawl_crypto_prices to 2026-03-23 08:00:00+00:00, run_after=2026-03-23 09:00:00+00:00
[2026-03-23T08:11:01.467+0000] {processor.py:183} INFO - Processing /opt/airflow/dags/crawl_crypto_prices.py took 0.048 seconds
[2026-03-23T08:11:31.751+0000] {processor.py:161} INFO - Started process (PID=10190) to work on /opt/airflow/dags/crawl_crypto_prices.py
[2026-03-23T08:11:31.752+0000] {processor.py:830} INFO - Processing file /opt/airflow/dags/crawl_crypto_prices.py for tasks to queue
[2026-03-23T08:11:31.753+0000] {logging_mixin.py:188} INFO - [2026-03-23T08:11:31.752+0000] {dagbag.py:538} INFO - Filling up the DagBag from /opt/airflow/dags/crawl_crypto_prices.py
[2026-03-23T08:11:31.763+0000] {processor.py:840} INFO - DAG(s) 'crawl_crypto_prices' retrieved from /opt/airflow/dags/crawl_crypto_prices.py
[2026-03-23T08:11:31.782+0000] {logging_mixin.py:188} INFO - [2026-03-23T08:11:31.782+0000] {dag.py:3036} INFO - Sync 1 DAGs
[2026-03-23T08:11:31.792+0000] {logging_mixin.py:188} INFO - [2026-03-23T08:11:31.792+0000] {dag.py:3823} INFO - Setting next_dagrun for crawl_crypto_prices to 2026-03-23 08:00:00+00:00, run_after=2026-03-23 09:00:00+00:00
[2026-03-23T08:11:31.798+0000] {processor.py:183} INFO - Processing /opt/airflow/dags/crawl_crypto_prices.py took 0.051 seconds
[2026-03-23T08:12:02.086+0000] {processor.py:161} INFO - Started process (PID=10195) to work on /opt/airflow/dags/crawl_crypto_prices.py
[2026-03-23T08:12:02.087+0000] {processor.py:830} INFO - Processing file /opt/airflow/dags/crawl_crypto_prices.py for tasks to queue
[2026-03-23T08:12:02.087+0000] {logging_mixin.py:188} INFO - [2026-03-23T08:12:02.087+0000] {dagbag.py:538} INFO - Filling up the DagBag from /opt/airflow/dags/crawl_crypto_prices.py
[2026-03-23T08:12:02.097+0000] {processor.py:840} INFO - DAG(s) 'crawl_crypto_prices' retrieved from /opt/airflow/dags/crawl_crypto_prices.py
[2026-03-23T08:12:02.114+0000] {logging_mixin.py:188} INFO - [2026-03-23T08:12:02.114+0000] {dag.py:3036} INFO - Sync 1 DAGs
[2026-03-23T08:12:02.123+0000] {logging_mixin.py:188} INFO - [2026-03-23T08:12:02.123+0000] {dag.py:3823} INFO - Setting next_dagrun for crawl_crypto_prices to 2026-03-23 08:00:00+00:00, run_after=2026-03-23 09:00:00+00:00
[2026-03-23T08:12:02.129+0000] {processor.py:183} INFO - Processing /opt/airflow/dags/crawl_crypto_prices.py took 0.046 seconds
[2026-03-23T08:12:32.391+0000] {processor.py:161} INFO - Started process (PID=10200) to work on /opt/airflow/dags/crawl_crypto_prices.py
[2026-03-23T08:12:32.392+0000] {processor.py:830} INFO - Processing file /opt/airflow/dags/crawl_crypto_prices.py for tasks to queue
[2026-03-23T08:12:32.392+0000] {logging_mixin.py:188} INFO - [2026-03-23T08:12:32.392+0000] {dagbag.py:538} INFO - Filling up the DagBag from /opt/airflow/dags/crawl_crypto_prices.py
[2026-03-23T08:12:32.402+0000] {processor.py:840} INFO - DAG(s) 'crawl_crypto_prices' retrieved from /opt/airflow/dags/crawl_crypto_prices.py
[2026-03-23T08:12:32.419+0000] {logging_mixin.py:188} INFO - [2026-03-23T08:12:32.419+0000] {dag.py:3036} INFO - Sync 1 DAGs
[2026-03-23T08:12:32.429+0000] {logging_mixin.py:188} INFO - [2026-03-23T08:12:32.429+0000] {dag.py:3823} INFO - Setting next_dagrun for crawl_crypto_prices to 2026-03-23 08:00:00+00:00, run_after=2026-03-23 09:00:00+00:00
[2026-03-23T08:12:32.435+0000] {processor.py:183} INFO - Processing /opt/airflow/dags/crawl_crypto_prices.py took 0.048 seconds
[2026-03-23T08:13:02.740+0000] {processor.py:161} INFO - Started process (PID=10205) to work on /opt/airflow/dags/crawl_crypto_prices.py
[2026-03-23T08:13:02.741+0000] {processor.py:830} INFO - Processing file /opt/airflow/dags/crawl_crypto_prices.py for tasks to queue
[2026-03-23T08:13:02.742+0000] {logging_mixin.py:188} INFO - [2026-03-23T08:13:02.741+0000] {dagbag.py:538} INFO - Filling up the DagBag from /opt/airflow/dags/crawl_crypto_prices.py
[2026-03-23T08:13:02.752+0000] {processor.py:840} INFO - DAG(s) 'crawl_crypto_prices' retrieved from /opt/airflow/dags/crawl_crypto_prices.py
[2026-03-23T08:13:02.769+0000] {logging_mixin.py:188} INFO - [2026-03-23T08:13:02.769+0000] {dag.py:3036} INFO - Sync 1 DAGs
[2026-03-23T08:13:02.778+0000] {logging_mixin.py:188} INFO - [2026-03-23T08:13:02.778+0000] {dag.py:3823} INFO - Setting next_dagrun for crawl_crypto_prices to 2026-03-23 08:00:00+00:00, run_after=2026-03-23 09:00:00+00:00
[2026-03-23T08:13:02.784+0000] {processor.py:183} INFO - Processing /opt/airflow/dags/crawl_crypto_prices.py took 0.046 seconds
[2026-03-23T08:13:33.089+0000] {processor.py:161} INFO - Started process (PID=10210) to work on /opt/airflow/dags/crawl_crypto_prices.py
[2026-03-23T08:13:33.090+0000] {processor.py:830} INFO - Processing file /opt/airflow/dags/crawl_crypto_prices.py for tasks to queue
[2026-03-23T08:13:33.091+0000] {logging_mixin.py:188} INFO - [2026-03-23T08:13:33.091+0000] {dagbag.py:538} INFO - Filling up the DagBag from /opt/airflow/dags/crawl_crypto_prices.py
[2026-03-23T08:13:33.102+0000] {processor.py:840} INFO - DAG(s) 'crawl_crypto_prices' retrieved from /opt/airflow/dags/crawl_crypto_prices.py
[2026-03-23T08:13:33.121+0000] {logging_mixin.py:188} INFO - [2026-03-23T08:13:33.121+0000] {dag.py:3036} INFO - Sync 1 DAGs
[2026-03-23T08:13:33.132+0000] {logging_mixin.py:188} INFO - [2026-03-23T08:13:33.132+0000] {dag.py:3823} INFO - Setting next_dagrun for crawl_crypto_prices to 2026-03-23 08:00:00+00:00, run_after=2026-03-23 09:00:00+00:00
[2026-03-23T08:13:33.138+0000] {processor.py:183} INFO - Processing /opt/airflow/dags/crawl_crypto_prices.py took 0.052 seconds
[2026-03-23T08:14:03.484+0000] {processor.py:161} INFO - Started process (PID=10215) to work on /opt/airflow/dags/crawl_crypto_prices.py
[2026-03-23T08:14:03.486+0000] {processor.py:830} INFO - Processing file /opt/airflow/dags/crawl_crypto_prices.py for tasks to queue
[2026-03-23T08:14:03.487+0000] {logging_mixin.py:188} INFO - [2026-03-23T08:14:03.487+0000] {dagbag.py:538} INFO - Filling up the DagBag from /opt/airflow/dags/crawl_crypto_prices.py
[2026-03-23T08:14:03.505+0000] {processor.py:840} INFO - DAG(s) 'crawl_crypto_prices' retrieved from /opt/airflow/dags/crawl_crypto_prices.py
[2026-03-23T08:14:03.530+0000] {logging_mixin.py:188} INFO - [2026-03-23T08:14:03.530+0000] {dag.py:3036} INFO - Sync 1 DAGs
[2026-03-23T08:14:03.541+0000] {logging_mixin.py:188} INFO - [2026-03-23T08:14:03.541+0000] {dag.py:3823} INFO - Setting next_dagrun for crawl_crypto_prices to 2026-03-23 08:00:00+00:00, run_after=2026-03-23 09:00:00+00:00
[2026-03-23T08:14:03.548+0000] {processor.py:183} INFO - Processing /opt/airflow/dags/crawl_crypto_prices.py took 0.070 seconds
[2026-03-23T08:15:17.071+0000] {processor.py:161} INFO - Started process (PID=10220) to work on /opt/airflow/dags/crawl_crypto_prices.py
[2026-03-23T08:15:17.073+0000] {processor.py:830} INFO - Processing file /opt/airflow/dags/crawl_crypto_prices.py for tasks to queue
[2026-03-23T08:15:17.073+0000] {logging_mixin.py:188} INFO - [2026-03-23T08:15:17.073+0000] {dagbag.py:538} INFO - Filling up the DagBag from /opt/airflow/dags/crawl_crypto_prices.py
[2026-03-23T08:15:17.084+0000] {processor.py:840} INFO - DAG(s) 'crawl_crypto_prices' retrieved from /opt/airflow/dags/crawl_crypto_prices.py
[2026-03-23T08:15:17.101+0000] {logging_mixin.py:188} INFO - [2026-03-23T08:15:17.101+0000] {dag.py:3036} INFO - Sync 1 DAGs
[2026-03-23T08:15:17.112+0000] {logging_mixin.py:188} INFO - [2026-03-23T08:15:17.112+0000] {dag.py:3823} INFO - Setting next_dagrun for crawl_crypto_prices to 2026-03-23 08:00:00+00:00, run_after=2026-03-23 09:00:00+00:00
[2026-03-23T08:15:17.119+0000] {processor.py:183} INFO - Processing /opt/airflow/dags/crawl_crypto_prices.py took 0.051 seconds
[2026-03-23T08:15:47.374+0000] {processor.py:161} INFO - Started process (PID=10225) to work on /opt/airflow/dags/crawl_crypto_prices.py
[2026-03-23T08:15:47.376+0000] {processor.py:830} INFO - Processing file /opt/airflow/dags/crawl_crypto_prices.py for tasks to queue
[2026-03-23T08:15:47.377+0000] {logging_mixin.py:188} INFO - [2026-03-23T08:15:47.376+0000] {dagbag.py:538} INFO - Filling up the DagBag from /opt/airflow/dags/crawl_crypto_prices.py
[2026-03-23T08:15:47.389+0000] {processor.py:840} INFO - DAG(s) 'crawl_crypto_prices' retrieved from /opt/airflow/dags/crawl_crypto_prices.py
[2026-03-23T08:15:47.408+0000] {logging_mixin.py:188} INFO - [2026-03-23T08:15:47.408+0000] {dag.py:3036} INFO - Sync 1 DAGs
[2026-03-23T08:15:47.419+0000] {logging_mixin.py:188} INFO - [2026-03-23T08:15:47.419+0000] {dag.py:3823} INFO - Setting next_dagrun for crawl_crypto_prices to 2026-03-23 08:00:00+00:00, run_after=2026-03-23 09:00:00+00:00
[2026-03-23T08:15:47.427+0000] {processor.py:183} INFO - Processing /opt/airflow/dags/crawl_crypto_prices.py took 0.056 seconds
[2026-03-23T08:16:17.676+0000] {processor.py:161} INFO - Started process (PID=10230) to work on /opt/airflow/dags/crawl_crypto_prices.py
[2026-03-23T08:16:17.677+0000] {processor.py:830} INFO - Processing file /opt/airflow/dags/crawl_crypto_prices.py for tasks to queue
[2026-03-23T08:16:17.678+0000] {logging_mixin.py:188} INFO - [2026-03-23T08:16:17.677+0000] {dagbag.py:538} INFO - Filling up the DagBag from /opt/airflow/dags/crawl_crypto_prices.py
[2026-03-23T08:16:17.688+0000] {processor.py:840} INFO - DAG(s) 'crawl_crypto_prices' retrieved from /opt/airflow/dags/crawl_crypto_prices.py
[2026-03-23T08:16:17.706+0000] {logging_mixin.py:188} INFO - [2026-03-23T08:16:17.706+0000] {dag.py:3036} INFO - Sync 1 DAGs
[2026-03-23T08:16:17.716+0000] {logging_mixin.py:188} INFO - [2026-03-23T08:16:17.716+0000] {dag.py:3823} INFO - Setting next_dagrun for crawl_crypto_prices to 2026-03-23 08:00:00+00:00, run_after=2026-03-23 09:00:00+00:00
[2026-03-23T08:16:17.722+0000] {processor.py:183} INFO - Processing /opt/airflow/dags/crawl_crypto_prices.py took 0.050 seconds
[2026-03-23T08:16:47.982+0000] {processor.py:161} INFO - Started process (PID=10235) to work on /opt/airflow/dags/crawl_crypto_prices.py
[2026-03-23T08:16:47.983+0000] {processor.py:830} INFO - Processing file /opt/airflow/dags/crawl_crypto_prices.py for tasks to queue
[2026-03-23T08:16:47.984+0000] {logging_mixin.py:188} INFO - [2026-03-23T08:16:47.983+0000] {dagbag.py:538} INFO - Filling up the DagBag from /opt/airflow/dags/crawl_crypto_prices.py
[2026-03-23T08:16:47.996+0000] {processor.py:840} INFO - DAG(s) 'crawl_crypto_prices' retrieved from /opt/airflow/dags/crawl_crypto_prices.py
[2026-03-23T08:16:48.014+0000] {logging_mixin.py:188} INFO - [2026-03-23T08:16:48.014+0000] {dag.py:3036} INFO - Sync 1 DAGs
[2026-03-23T08:16:48.025+0000] {logging_mixin.py:188} INFO - [2026-03-23T08:16:48.025+0000] {dag.py:3823} INFO - Setting next_dagrun for crawl_crypto_prices to 2026-03-23 08:00:00+00:00, run_after=2026-03-23 09:00:00+00:00
[2026-03-23T08:16:48.031+0000] {processor.py:183} INFO - Processing /opt/airflow/dags/crawl_crypto_prices.py took 0.052 seconds
[2026-03-23T08:17:18.236+0000] {processor.py:161} INFO - Started process (PID=10240) to work on /opt/airflow/dags/crawl_crypto_prices.py
[2026-03-23T08:17:18.237+0000] {processor.py:830} INFO - Processing file /opt/airflow/dags/crawl_crypto_prices.py for tasks to queue
[2026-03-23T08:17:18.238+0000] {logging_mixin.py:188} INFO - [2026-03-23T08:17:18.237+0000] {dagbag.py:538} INFO - Filling up the DagBag from /opt/airflow/dags/crawl_crypto_prices.py
[2026-03-23T08:17:18.248+0000] {processor.py:840} INFO - DAG(s) 'crawl_crypto_prices' retrieved from /opt/airflow/dags/crawl_crypto_prices.py
[2026-03-23T08:17:18.266+0000] {logging_mixin.py:188} INFO - [2026-03-23T08:17:18.266+0000] {dag.py:3036} INFO - Sync 1 DAGs
[2026-03-23T08:17:18.278+0000] {logging_mixin.py:188} INFO - [2026-03-23T08:17:18.278+0000] {dag.py:3823} INFO - Setting next_dagrun for crawl_crypto_prices to 2026-03-23 08:00:00+00:00, run_after=2026-03-23 09:00:00+00:00
[2026-03-23T08:17:18.285+0000] {processor.py:183} INFO - Processing /opt/airflow/dags/crawl_crypto_prices.py took 0.051 seconds
[2026-03-23T08:17:48.490+0000] {processor.py:161} INFO - Started process (PID=10245) to work on /opt/airflow/dags/crawl_crypto_prices.py
[2026-03-23T08:17:48.492+0000] {processor.py:830} INFO - Processing file /opt/airflow/dags/crawl_crypto_prices.py for tasks to queue
[2026-03-23T08:17:48.494+0000] {logging_mixin.py:188} INFO - [2026-03-23T08:17:48.493+0000] {dagbag.py:538} INFO - Filling up the DagBag from /opt/airflow/dags/crawl_crypto_prices.py
[2026-03-23T08:17:48.505+0000] {processor.py:840} INFO - DAG(s) 'crawl_crypto_prices' retrieved from /opt/airflow/dags/crawl_crypto_prices.py
[2026-03-23T08:17:48.521+0000] {logging_mixin.py:188} INFO - [2026-03-23T08:17:48.521+0000] {dag.py:3036} INFO - Sync 1 DAGs
[2026-03-23T08:17:48.531+0000] {logging_mixin.py:188} INFO - [2026-03-23T08:17:48.531+0000] {dag.py:3823} INFO - Setting next_dagrun for crawl_crypto_prices to 2026-03-23 08:00:00+00:00, run_after=2026-03-23 09:00:00+00:00
[2026-03-23T08:17:48.538+0000] {processor.py:183} INFO - Processing /opt/airflow/dags/crawl_crypto_prices.py took 0.052 seconds
[2026-03-23T08:18:18.755+0000] {processor.py:161} INFO - Started process (PID=10250) to work on /opt/airflow/dags/crawl_crypto_prices.py
[2026-03-23T08:18:18.756+0000] {processor.py:830} INFO - Processing file /opt/airflow/dags/crawl_crypto_prices.py for tasks to queue
[2026-03-23T08:18:18.757+0000] {logging_mixin.py:188} INFO - [2026-03-23T08:18:18.757+0000] {dagbag.py:538} INFO - Filling up the DagBag from /opt/airflow/dags/crawl_crypto_prices.py
[2026-03-23T08:18:18.768+0000] {processor.py:840} INFO - DAG(s) 'crawl_crypto_prices' retrieved from /opt/airflow/dags/crawl_crypto_prices.py
[2026-03-23T08:18:18.787+0000] {logging_mixin.py:188} INFO - [2026-03-23T08:18:18.787+0000] {dag.py:3036} INFO - Sync 1 DAGs
[2026-03-23T08:18:18.799+0000] {logging_mixin.py:188} INFO - [2026-03-23T08:18:18.799+0000] {dag.py:3823} INFO - Setting next_dagrun for crawl_crypto_prices to 2026-03-23 08:00:00+00:00, run_after=2026-03-23 09:00:00+00:00
[2026-03-23T08:18:18.806+0000] {processor.py:183} INFO - Processing /opt/airflow/dags/crawl_crypto_prices.py took 0.054 seconds
[2026-03-23T08:18:49.035+0000] {processor.py:161} INFO - Started process (PID=10255) to work on /opt/airflow/dags/crawl_crypto_prices.py
[2026-03-23T08:18:49.036+0000] {processor.py:830} INFO - Processing file /opt/airflow/dags/crawl_crypto_prices.py for tasks to queue
[2026-03-23T08:18:49.037+0000] {logging_mixin.py:188} INFO - [2026-03-23T08:18:49.037+0000] {dagbag.py:538} INFO - Filling up the DagBag from /opt/airflow/dags/crawl_crypto_prices.py
[2026-03-23T08:18:49.046+0000] {processor.py:840} INFO - DAG(s) 'crawl_crypto_prices' retrieved from /opt/airflow/dags/crawl_crypto_prices.py
[2026-03-23T08:18:49.064+0000] {logging_mixin.py:188} INFO - [2026-03-23T08:18:49.064+0000] {dag.py:3036} INFO - Sync 1 DAGs
[2026-03-23T08:18:49.073+0000] {logging_mixin.py:188} INFO - [2026-03-23T08:18:49.073+0000] {dag.py:3823} INFO - Setting next_dagrun for crawl_crypto_prices to 2026-03-23 08:00:00+00:00, run_after=2026-03-23 09:00:00+00:00
[2026-03-23T08:18:49.080+0000] {processor.py:183} INFO - Processing /opt/airflow/dags/crawl_crypto_prices.py took 0.047 seconds
[2026-03-23T08:19:19.308+0000] {processor.py:161} INFO - Started process (PID=10260) to work on /opt/airflow/dags/crawl_crypto_prices.py
[2026-03-23T08:19:19.309+0000] {processor.py:830} INFO - Processing file /opt/airflow/dags/crawl_crypto_prices.py for tasks to queue
[2026-03-23T08:19:19.310+0000] {logging_mixin.py:188} INFO - [2026-03-23T08:19:19.310+0000] {dagbag.py:538} INFO - Filling up the DagBag from /opt/airflow/dags/crawl_crypto_prices.py
[2026-03-23T08:19:19.320+0000] {processor.py:840} INFO - DAG(s) 'crawl_crypto_prices' retrieved from /opt/airflow/dags/crawl_crypto_prices.py
[2026-03-23T08:19:19.336+0000] {logging_mixin.py:188} INFO - [2026-03-23T08:19:19.336+0000] {dag.py:3036} INFO - Sync 1 DAGs
[2026-03-23T08:19:19.346+0000] {logging_mixin.py:188} INFO - [2026-03-23T08:19:19.346+0000] {dag.py:3823} INFO - Setting next_dagrun for crawl_crypto_prices to 2026-03-23 08:00:00+00:00, run_after=2026-03-23 09:00:00+00:00
[2026-03-23T08:19:19.352+0000] {processor.py:183} INFO - Processing /opt/airflow/dags/crawl_crypto_prices.py took 0.048 seconds
[2026-03-23T08:19:49.595+0000] {processor.py:161} INFO - Started process (PID=10265) to work on /opt/airflow/dags/crawl_crypto_prices.py
[2026-03-23T08:19:49.596+0000] {processor.py:830} INFO - Processing file /opt/airflow/dags/crawl_crypto_prices.py for tasks to queue
[2026-03-23T08:19:49.596+0000] {logging_mixin.py:188} INFO - [2026-03-23T08:19:49.596+0000] {dagbag.py:538} INFO - Filling up the DagBag from /opt/airflow/dags/crawl_crypto_prices.py
[2026-03-23T08:19:49.606+0000] {processor.py:840} INFO - DAG(s) 'crawl_crypto_prices' retrieved from /opt/airflow/dags/crawl_crypto_prices.py
[2026-03-23T08:19:49.624+0000] {logging_mixin.py:188} INFO - [2026-03-23T08:19:49.624+0000] {dag.py:3036} INFO - Sync 1 DAGs
[2026-03-23T08:19:49.635+0000] {logging_mixin.py:188} INFO - [2026-03-23T08:19:49.635+0000] {dag.py:3823} INFO - Setting next_dagrun for crawl_crypto_prices to 2026-03-23 08:00:00+00:00, run_after=2026-03-23 09:00:00+00:00
[2026-03-23T08:19:49.642+0000] {processor.py:183} INFO - Processing /opt/airflow/dags/crawl_crypto_prices.py took 0.050 seconds
[2026-03-23T08:20:19.912+0000] {processor.py:161} INFO - Started process (PID=10270) to work on /opt/airflow/dags/crawl_crypto_prices.py
[2026-03-23T08:20:19.913+0000] {processor.py:830} INFO - Processing file /opt/airflow/dags/crawl_crypto_prices.py for tasks to queue
[2026-03-23T08:20:19.913+0000] {logging_mixin.py:188} INFO - [2026-03-23T08:20:19.913+0000] {dagbag.py:538} INFO - Filling up the DagBag from /opt/airflow/dags/crawl_crypto_prices.py
[2026-03-23T08:20:19.924+0000] {processor.py:840} INFO - DAG(s) 'crawl_crypto_prices' retrieved from /opt/airflow/dags/crawl_crypto_prices.py
[2026-03-23T08:20:19.942+0000] {logging_mixin.py:188} INFO - [2026-03-23T08:20:19.942+0000] {dag.py:3036} INFO - Sync 1 DAGs
[2026-03-23T08:20:19.952+0000] {logging_mixin.py:188} INFO - [2026-03-23T08:20:19.952+0000] {dag.py:3823} INFO - Setting next_dagrun for crawl_crypto_prices to 2026-03-23 08:00:00+00:00, run_after=2026-03-23 09:00:00+00:00
[2026-03-23T08:20:19.958+0000] {processor.py:183} INFO - Processing /opt/airflow/dags/crawl_crypto_prices.py took 0.049 seconds
[2026-03-23T08:20:50.821+0000] {processor.py:161} INFO - Started process (PID=10275) to work on /opt/airflow/dags/crawl_crypto_prices.py
[2026-03-23T08:20:50.822+0000] {processor.py:830} INFO - Processing file /opt/airflow/dags/crawl_crypto_prices.py for tasks to queue
[2026-03-23T08:20:50.822+0000] {logging_mixin.py:188} INFO - [2026-03-23T08:20:50.822+0000] {dagbag.py:538} INFO - Filling up the DagBag from /opt/airflow/dags/crawl_crypto_prices.py
[2026-03-23T08:20:50.833+0000] {processor.py:840} INFO - DAG(s) 'crawl_crypto_prices' retrieved from /opt/airflow/dags/crawl_crypto_prices.py
[2026-03-23T08:20:50.850+0000] {logging_mixin.py:188} INFO - [2026-03-23T08:20:50.850+0000] {dag.py:3036} INFO - Sync 1 DAGs
[2026-03-23T08:20:50.859+0000] {logging_mixin.py:188} INFO - [2026-03-23T08:20:50.859+0000] {dag.py:3823} INFO - Setting next_dagrun for crawl_crypto_prices to 2026-03-23 08:00:00+00:00, run_after=2026-03-23 09:00:00+00:00
[2026-03-23T08:20:50.865+0000] {processor.py:183} INFO - Processing /opt/airflow/dags/crawl_crypto_prices.py took 0.047 seconds
[2026-03-23T08:21:21.132+0000] {processor.py:161} INFO - Started process (PID=10280) to work on /opt/airflow/dags/crawl_crypto_prices.py
[2026-03-23T08:21:21.133+0000] {processor.py:830} INFO - Processing file /opt/airflow/dags/crawl_crypto_prices.py for tasks to queue
[2026-03-23T08:21:21.134+0000] {logging_mixin.py:188} INFO - [2026-03-23T08:21:21.134+0000] {dagbag.py:538} INFO - Filling up the DagBag from /opt/airflow/dags/crawl_crypto_prices.py
[2026-03-23T08:21:21.144+0000] {processor.py:840} INFO - DAG(s) 'crawl_crypto_prices' retrieved from /opt/airflow/dags/crawl_crypto_prices.py
[2026-03-23T08:21:21.161+0000] {logging_mixin.py:188} INFO - [2026-03-23T08:21:21.161+0000] {dag.py:3036} INFO - Sync 1 DAGs
[2026-03-23T08:21:21.170+0000] {logging_mixin.py:188} INFO - [2026-03-23T08:21:21.170+0000] {dag.py:3823} INFO - Setting next_dagrun for crawl_crypto_prices to 2026-03-23 08:00:00+00:00, run_after=2026-03-23 09:00:00+00:00
[2026-03-23T08:21:21.177+0000] {processor.py:183} INFO - Processing /opt/airflow/dags/crawl_crypto_prices.py took 0.048 seconds
[2026-03-23T08:21:51.433+0000] {processor.py:161} INFO - Started process (PID=10285) to work on /opt/airflow/dags/crawl_crypto_prices.py
[2026-03-23T08:21:51.434+0000] {processor.py:830} INFO - Processing file /opt/airflow/dags/crawl_crypto_prices.py for tasks to queue
[2026-03-23T08:21:51.435+0000] {logging_mixin.py:188} INFO - [2026-03-23T08:21:51.435+0000] {dagbag.py:538} INFO - Filling up the DagBag from /opt/airflow/dags/crawl_crypto_prices.py
[2026-03-23T08:21:51.446+0000] {processor.py:840} INFO - DAG(s) 'crawl_crypto_prices' retrieved from /opt/airflow/dags/crawl_crypto_prices.py
[2026-03-23T08:21:51.465+0000] {logging_mixin.py:188} INFO - [2026-03-23T08:21:51.465+0000] {dag.py:3036} INFO - Sync 1 DAGs
[2026-03-23T08:21:51.478+0000] {logging_mixin.py:188} INFO - [2026-03-23T08:21:51.478+0000] {dag.py:3823} INFO - Setting next_dagrun for crawl_crypto_prices to 2026-03-23 08:00:00+00:00, run_after=2026-03-23 09:00:00+00:00
[2026-03-23T08:21:51.484+0000] {processor.py:183} INFO - Processing /opt/airflow/dags/crawl_crypto_prices.py took 0.055 seconds
[2026-03-23T08:22:21.755+0000] {processor.py:161} INFO - Started process (PID=10290) to work on /opt/airflow/dags/crawl_crypto_prices.py
[2026-03-23T08:22:21.756+0000] {processor.py:830} INFO - Processing file /opt/airflow/dags/crawl_crypto_prices.py for tasks to queue
[2026-03-23T08:22:21.757+0000] {logging_mixin.py:188} INFO - [2026-03-23T08:22:21.757+0000] {dagbag.py:538} INFO - Filling up the DagBag from /opt/airflow/dags/crawl_crypto_prices.py
[2026-03-23T08:22:21.769+0000] {processor.py:840} INFO - DAG(s) 'crawl_crypto_prices' retrieved from /opt/airflow/dags/crawl_crypto_prices.py
[2026-03-23T08:22:21.790+0000] {logging_mixin.py:188} INFO - [2026-03-23T08:22:21.790+0000] {dag.py:3036} INFO - Sync 1 DAGs
[2026-03-23T08:22:21.802+0000] {logging_mixin.py:188} INFO - [2026-03-23T08:22:21.802+0000] {dag.py:3823} INFO - Setting next_dagrun for crawl_crypto_prices to 2026-03-23 08:00:00+00:00, run_after=2026-03-23 09:00:00+00:00
[2026-03-23T08:22:21.809+0000] {processor.py:183} INFO - Processing /opt/airflow/dags/crawl_crypto_prices.py took 0.057 seconds
[2026-03-23T08:22:52.092+0000] {processor.py:161} INFO - Started process (PID=10295) to work on /opt/airflow/dags/crawl_crypto_prices.py
[2026-03-23T08:22:52.093+0000] {processor.py:830} INFO - Processing file /opt/airflow/dags/crawl_crypto_prices.py for tasks to queue
[2026-03-23T08:22:52.093+0000] {logging_mixin.py:188} INFO - [2026-03-23T08:22:52.093+0000] {dagbag.py:538} INFO - Filling up the DagBag from /opt/airflow/dags/crawl_crypto_prices.py
[2026-03-23T08:22:52.104+0000] {processor.py:840} INFO - DAG(s) 'crawl_crypto_prices' retrieved from /opt/airflow/dags/crawl_crypto_prices.py
[2026-03-23T08:22:52.124+0000] {logging_mixin.py:188} INFO - [2026-03-23T08:22:52.123+0000] {dag.py:3036} INFO - Sync 1 DAGs
[2026-03-23T08:22:52.134+0000] {logging_mixin.py:188} INFO - [2026-03-23T08:22:52.134+0000] {dag.py:3823} INFO - Setting next_dagrun for crawl_crypto_prices to 2026-03-23 08:00:00+00:00, run_after=2026-03-23 09:00:00+00:00
[2026-03-23T08:22:52.140+0000] {processor.py:183} INFO - Processing /opt/airflow/dags/crawl_crypto_prices.py took 0.052 seconds
[2026-03-23T08:23:22.402+0000] {processor.py:161} INFO - Started process (PID=10300) to work on /opt/airflow/dags/crawl_crypto_prices.py
[2026-03-23T08:23:22.403+0000] {processor.py:830} INFO - Processing file /opt/airflow/dags/crawl_crypto_prices.py for tasks to queue
[2026-03-23T08:23:22.404+0000] {logging_mixin.py:188} INFO - [2026-03-23T08:23:22.403+0000] {dagbag.py:538} INFO - Filling up the DagBag from /opt/airflow/dags/crawl_crypto_prices.py
[2026-03-23T08:23:22.415+0000] {processor.py:840} INFO - DAG(s) 'crawl_crypto_prices' retrieved from /opt/airflow/dags/crawl_crypto_prices.py
[2026-03-23T08:23:22.434+0000] {logging_mixin.py:188} INFO - [2026-03-23T08:23:22.434+0000] {dag.py:3036} INFO - Sync 1 DAGs
[2026-03-23T08:23:22.444+0000] {logging_mixin.py:188} INFO - [2026-03-23T08:23:22.444+0000] {dag.py:3823} INFO - Setting next_dagrun for crawl_crypto_prices to 2026-03-23 08:00:00+00:00, run_after=2026-03-23 09:00:00+00:00
[2026-03-23T08:23:22.451+0000] {processor.py:183} INFO - Processing /opt/airflow/dags/crawl_crypto_prices.py took 0.052 seconds
[2026-03-23T08:23:52.734+0000] {processor.py:161} INFO - Started process (PID=10305) to work on /opt/airflow/dags/crawl_crypto_prices.py
[2026-03-23T08:23:52.735+0000] {processor.py:830} INFO - Processing file /opt/airflow/dags/crawl_crypto_prices.py for tasks to queue
[2026-03-23T08:23:52.735+0000] {logging_mixin.py:188} INFO - [2026-03-23T08:23:52.735+0000] {dagbag.py:538} INFO - Filling up the DagBag from /opt/airflow/dags/crawl_crypto_prices.py
[2026-03-23T08:23:52.745+0000] {processor.py:840} INFO - DAG(s) 'crawl_crypto_prices' retrieved from /opt/airflow/dags/crawl_crypto_prices.py
[2026-03-23T08:23:52.762+0000] {logging_mixin.py:188} INFO - [2026-03-23T08:23:52.762+0000] {dag.py:3036} INFO - Sync 1 DAGs
[2026-03-23T08:23:52.771+0000] {logging_mixin.py:188} INFO - [2026-03-23T08:23:52.771+0000] {dag.py:3823} INFO - Setting next_dagrun for crawl_crypto_prices to 2026-03-23 08:00:00+00:00, run_after=2026-03-23 09:00:00+00:00
[2026-03-23T08:23:52.778+0000] {processor.py:183} INFO - Processing /opt/airflow/dags/crawl_crypto_prices.py took 0.047 seconds
[2026-03-23T08:24:23.036+0000] {processor.py:161} INFO - Started process (PID=10310) to work on /opt/airflow/dags/crawl_crypto_prices.py
[2026-03-23T08:24:23.037+0000] {processor.py:830} INFO - Processing file /opt/airflow/dags/crawl_crypto_prices.py for tasks to queue
[2026-03-23T08:24:23.038+0000] {logging_mixin.py:188} INFO - [2026-03-23T08:24:23.037+0000] {dagbag.py:538} INFO - Filling up the DagBag from /opt/airflow/dags/crawl_crypto_prices.py
[2026-03-23T08:24:23.048+0000] {processor.py:840} INFO - DAG(s) 'crawl_crypto_prices' retrieved from /opt/airflow/dags/crawl_crypto_prices.py
[2026-03-23T08:24:23.068+0000] {logging_mixin.py:188} INFO - [2026-03-23T08:24:23.068+0000] {dag.py:3036} INFO - Sync 1 DAGs
[2026-03-23T08:24:23.079+0000] {logging_mixin.py:188} INFO - [2026-03-23T08:24:23.079+0000] {dag.py:3823} INFO - Setting next_dagrun for crawl_crypto_prices to 2026-03-23 08:00:00+00:00, run_after=2026-03-23 09:00:00+00:00
[2026-03-23T08:24:23.086+0000] {processor.py:183} INFO - Processing /opt/airflow/dags/crawl_crypto_prices.py took 0.053 seconds
[2026-03-23T08:24:53.352+0000] {processor.py:161} INFO - Started process (PID=10315) to work on /opt/airflow/dags/crawl_crypto_prices.py
[2026-03-23T08:24:53.353+0000] {processor.py:830} INFO - Processing file /opt/airflow/dags/crawl_crypto_prices.py for tasks to queue
[2026-03-23T08:24:53.354+0000] {logging_mixin.py:188} INFO - [2026-03-23T08:24:53.354+0000] {dagbag.py:538} INFO - Filling up the DagBag from /opt/airflow/dags/crawl_crypto_prices.py
[2026-03-23T08:24:53.365+0000] {processor.py:840} INFO - DAG(s) 'crawl_crypto_prices' retrieved from /opt/airflow/dags/crawl_crypto_prices.py
[2026-03-23T08:24:53.384+0000] {logging_mixin.py:188} INFO - [2026-03-23T08:24:53.384+0000] {dag.py:3036} INFO - Sync 1 DAGs
[2026-03-23T08:24:53.395+0000] {logging_mixin.py:188} INFO - [2026-03-23T08:24:53.395+0000] {dag.py:3823} INFO - Setting next_dagrun for crawl_crypto_prices to 2026-03-23 08:00:00+00:00, run_after=2026-03-23 09:00:00+00:00
[2026-03-23T08:24:53.402+0000] {processor.py:183} INFO - Processing /opt/airflow/dags/crawl_crypto_prices.py took 0.053 seconds
[2026-03-23T08:25:23.697+0000] {processor.py:161} INFO - Started process (PID=10320) to work on /opt/airflow/dags/crawl_crypto_prices.py
[2026-03-23T08:25:23.698+0000] {processor.py:830} INFO - Processing file /opt/airflow/dags/crawl_crypto_prices.py for tasks to queue
[2026-03-23T08:25:23.699+0000] {logging_mixin.py:188} INFO - [2026-03-23T08:25:23.699+0000] {dagbag.py:538} INFO - Filling up the DagBag from /opt/airflow/dags/crawl_crypto_prices.py
[2026-03-23T08:25:23.710+0000] {processor.py:840} INFO - DAG(s) 'crawl_crypto_prices' retrieved from /opt/airflow/dags/crawl_crypto_prices.py
[2026-03-23T08:25:23.729+0000] {logging_mixin.py:188} INFO - [2026-03-23T08:25:23.728+0000] {dag.py:3036} INFO - Sync 1 DAGs
[2026-03-23T08:25:23.739+0000] {logging_mixin.py:188} INFO - [2026-03-23T08:25:23.739+0000] {dag.py:3823} INFO - Setting next_dagrun for crawl_crypto_prices to 2026-03-23 08:00:00+00:00, run_after=2026-03-23 09:00:00+00:00
[2026-03-23T08:25:23.746+0000] {processor.py:183} INFO - Processing /opt/airflow/dags/crawl_crypto_prices.py took 0.052 seconds
[2026-03-23T08:25:54.035+0000] {processor.py:161} INFO - Started process (PID=10325) to work on /opt/airflow/dags/crawl_crypto_prices.py
[2026-03-23T08:25:54.036+0000] {processor.py:830} INFO - Processing file /opt/airflow/dags/crawl_crypto_prices.py for tasks to queue
[2026-03-23T08:25:54.037+0000] {logging_mixin.py:188} INFO - [2026-03-23T08:25:54.036+0000] {dagbag.py:538} INFO - Filling up the DagBag from /opt/airflow/dags/crawl_crypto_prices.py
[2026-03-23T08:25:54.046+0000] {processor.py:840} INFO - DAG(s) 'crawl_crypto_prices' retrieved from /opt/airflow/dags/crawl_crypto_prices.py
[2026-03-23T08:25:54.064+0000] {logging_mixin.py:188} INFO - [2026-03-23T08:25:54.064+0000] {dag.py:3036} INFO - Sync 1 DAGs
[2026-03-23T08:25:54.073+0000] {logging_mixin.py:188} INFO - [2026-03-23T08:25:54.073+0000] {dag.py:3823} INFO - Setting next_dagrun for crawl_crypto_prices to 2026-03-23 08:00:00+00:00, run_after=2026-03-23 09:00:00+00:00
[2026-03-23T08:25:54.079+0000] {processor.py:183} INFO - Processing /opt/airflow/dags/crawl_crypto_prices.py took 0.047 seconds
[2026-03-23T08:26:24.301+0000] {processor.py:161} INFO - Started process (PID=10330) to work on /opt/airflow/dags/crawl_crypto_prices.py
[2026-03-23T08:26:24.302+0000] {processor.py:830} INFO - Processing file /opt/airflow/dags/crawl_crypto_prices.py for tasks to queue
[2026-03-23T08:26:24.302+0000] {logging_mixin.py:188} INFO - [2026-03-23T08:26:24.302+0000] {dagbag.py:538} INFO - Filling up the DagBag from /opt/airflow/dags/crawl_crypto_prices.py
[2026-03-23T08:26:24.310+0000] {processor.py:840} INFO - DAG(s) 'crawl_crypto_prices' retrieved from /opt/airflow/dags/crawl_crypto_prices.py
[2026-03-23T08:26:24.324+0000] {logging_mixin.py:188} INFO - [2026-03-23T08:26:24.324+0000] {dag.py:3036} INFO - Sync 1 DAGs
[2026-03-23T08:26:24.333+0000] {logging_mixin.py:188} INFO - [2026-03-23T08:26:24.333+0000] {dag.py:3823} INFO - Setting next_dagrun for crawl_crypto_prices to 2026-03-23 08:00:00+00:00, run_after=2026-03-23 09:00:00+00:00
[2026-03-23T08:26:24.339+0000] {processor.py:183} INFO - Processing /opt/airflow/dags/crawl_crypto_prices.py took 0.040 seconds
[2026-03-23T08:26:54.593+0000] {processor.py:161} INFO - Started process (PID=10335) to work on /opt/airflow/dags/crawl_crypto_prices.py
[2026-03-23T08:26:54.594+0000] {processor.py:830} INFO - Processing file /opt/airflow/dags/crawl_crypto_prices.py for tasks to queue
[2026-03-23T08:26:54.595+0000] {logging_mixin.py:188} INFO - [2026-03-23T08:26:54.595+0000] {dagbag.py:538} INFO - Filling up the DagBag from /opt/airflow/dags/crawl_crypto_prices.py
[2026-03-23T08:26:54.606+0000] {processor.py:840} INFO - DAG(s) 'crawl_crypto_prices' retrieved from /opt/airflow/dags/crawl_crypto_prices.py
[2026-03-23T08:26:54.625+0000] {logging_mixin.py:188} INFO - [2026-03-23T08:26:54.625+0000] {dag.py:3036} INFO - Sync 1 DAGs
[2026-03-23T08:26:54.634+0000] {logging_mixin.py:188} INFO - [2026-03-23T08:26:54.634+0000] {dag.py:3823} INFO - Setting next_dagrun for crawl_crypto_prices to 2026-03-23 08:00:00+00:00, run_after=2026-03-23 09:00:00+00:00
[2026-03-23T08:26:54.641+0000] {processor.py:183} INFO - Processing /opt/airflow/dags/crawl_crypto_prices.py took 0.050 seconds
[2026-03-23T08:27:24.921+0000] {processor.py:161} INFO - Started process (PID=10340) to work on /opt/airflow/dags/crawl_crypto_prices.py
[2026-03-23T08:27:24.923+0000] {processor.py:830} INFO - Processing file /opt/airflow/dags/crawl_crypto_prices.py for tasks to queue
[2026-03-23T08:27:24.924+0000] {logging_mixin.py:188} INFO - [2026-03-23T08:27:24.924+0000] {dagbag.py:538} INFO - Filling up the DagBag from /opt/airflow/dags/crawl_crypto_prices.py
[2026-03-23T08:27:24.934+0000] {processor.py:840} INFO - DAG(s) 'crawl_crypto_prices' retrieved from /opt/airflow/dags/crawl_crypto_prices.py
[2026-03-23T08:27:24.950+0000] {logging_mixin.py:188} INFO - [2026-03-23T08:27:24.950+0000] {dag.py:3036} INFO - Sync 1 DAGs
[2026-03-23T08:27:24.960+0000] {logging_mixin.py:188} INFO - [2026-03-23T08:27:24.959+0000] {dag.py:3823} INFO - Setting next_dagrun for crawl_crypto_prices to 2026-03-23 08:00:00+00:00, run_after=2026-03-23 09:00:00+00:00
[2026-03-23T08:27:24.966+0000] {processor.py:183} INFO - Processing /opt/airflow/dags/crawl_crypto_prices.py took 0.048 seconds
[2026-03-23T08:27:55.253+0000] {processor.py:161} INFO - Started process (PID=10345) to work on /opt/airflow/dags/crawl_crypto_prices.py
[2026-03-23T08:27:55.254+0000] {processor.py:830} INFO - Processing file /opt/airflow/dags/crawl_crypto_prices.py for tasks to queue
[2026-03-23T08:27:55.255+0000] {logging_mixin.py:188} INFO - [2026-03-23T08:27:55.255+0000] {dagbag.py:538} INFO - Filling up the DagBag from /opt/airflow/dags/crawl_crypto_prices.py
[2026-03-23T08:27:55.274+0000] {processor.py:840} INFO - DAG(s) 'crawl_crypto_prices' retrieved from /opt/airflow/dags/crawl_crypto_prices.py
[2026-03-23T08:27:55.296+0000] {logging_mixin.py:188} INFO - [2026-03-23T08:27:55.296+0000] {dag.py:3036} INFO - Sync 1 DAGs
[2026-03-23T08:27:55.308+0000] {logging_mixin.py:188} INFO - [2026-03-23T08:27:55.308+0000] {dag.py:3823} INFO - Setting next_dagrun for crawl_crypto_prices to 2026-03-23 08:00:00+00:00, run_after=2026-03-23 09:00:00+00:00
[2026-03-23T08:27:55.317+0000] {processor.py:183} INFO - Processing /opt/airflow/dags/crawl_crypto_prices.py took 0.069 seconds
[2026-03-23T08:28:25.557+0000] {processor.py:161} INFO - Started process (PID=10350) to work on /opt/airflow/dags/crawl_crypto_prices.py
[2026-03-23T08:28:25.558+0000] {processor.py:830} INFO - Processing file /opt/airflow/dags/crawl_crypto_prices.py for tasks to queue
[2026-03-23T08:28:25.559+0000] {logging_mixin.py:188} INFO - [2026-03-23T08:28:25.558+0000] {dagbag.py:538} INFO - Filling up the DagBag from /opt/airflow/dags/crawl_crypto_prices.py
[2026-03-23T08:28:25.570+0000] {processor.py:840} INFO - DAG(s) 'crawl_crypto_prices' retrieved from /opt/airflow/dags/crawl_crypto_prices.py
[2026-03-23T08:28:25.591+0000] {logging_mixin.py:188} INFO - [2026-03-23T08:28:25.591+0000] {dag.py:3036} INFO - Sync 1 DAGs
[2026-03-23T08:28:25.604+0000] {logging_mixin.py:188} INFO - [2026-03-23T08:28:25.603+0000] {dag.py:3823} INFO - Setting next_dagrun for crawl_crypto_prices to 2026-03-23 08:00:00+00:00, run_after=2026-03-23 09:00:00+00:00
[2026-03-23T08:28:25.610+0000] {processor.py:183} INFO - Processing /opt/airflow/dags/crawl_crypto_prices.py took 0.057 seconds
[2026-03-23T08:28:55.862+0000] {processor.py:161} INFO - Started process (PID=10355) to work on /opt/airflow/dags/crawl_crypto_prices.py
[2026-03-23T08:28:55.863+0000] {processor.py:830} INFO - Processing file /opt/airflow/dags/crawl_crypto_prices.py for tasks to queue
[2026-03-23T08:28:55.864+0000] {logging_mixin.py:188} INFO - [2026-03-23T08:28:55.864+0000] {dagbag.py:538} INFO - Filling up the DagBag from /opt/airflow/dags/crawl_crypto_prices.py
[2026-03-23T08:28:55.875+0000] {processor.py:840} INFO - DAG(s) 'crawl_crypto_prices' retrieved from /opt/airflow/dags/crawl_crypto_prices.py
[2026-03-23T08:28:55.893+0000] {logging_mixin.py:188} INFO - [2026-03-23T08:28:55.893+0000] {dag.py:3036} INFO - Sync 1 DAGs
[2026-03-23T08:28:55.902+0000] {logging_mixin.py:188} INFO - [2026-03-23T08:28:55.902+0000] {dag.py:3823} INFO - Setting next_dagrun for crawl_crypto_prices to 2026-03-23 08:00:00+00:00, run_after=2026-03-23 09:00:00+00:00
[2026-03-23T08:28:55.909+0000] {processor.py:183} INFO - Processing /opt/airflow/dags/crawl_crypto_prices.py took 0.050 seconds
[2026-03-23T08:29:26.192+0000] {processor.py:161} INFO - Started process (PID=10360) to work on /opt/airflow/dags/crawl_crypto_prices.py
[2026-03-23T08:29:26.192+0000] {processor.py:830} INFO - Processing file /opt/airflow/dags/crawl_crypto_prices.py for tasks to queue
[2026-03-23T08:29:26.193+0000] {logging_mixin.py:188} INFO - [2026-03-23T08:29:26.193+0000] {dagbag.py:538} INFO - Filling up the DagBag from /opt/airflow/dags/crawl_crypto_prices.py
[2026-03-23T08:29:26.204+0000] {processor.py:840} INFO - DAG(s) 'crawl_crypto_prices' retrieved from /opt/airflow/dags/crawl_crypto_prices.py
[2026-03-23T08:29:26.222+0000] {logging_mixin.py:188} INFO - [2026-03-23T08:29:26.222+0000] {dag.py:3036} INFO - Sync 1 DAGs
[2026-03-23T08:29:26.233+0000] {logging_mixin.py:188} INFO - [2026-03-23T08:29:26.233+0000] {dag.py:3823} INFO - Setting next_dagrun for crawl_crypto_prices to 2026-03-23 08:00:00+00:00, run_after=2026-03-23 09:00:00+00:00
[2026-03-23T08:29:26.239+0000] {processor.py:183} INFO - Processing /opt/airflow/dags/crawl_crypto_prices.py took 0.051 seconds
[2026-03-23T08:29:56.527+0000] {processor.py:161} INFO - Started process (PID=10365) to work on /opt/airflow/dags/crawl_crypto_prices.py
[2026-03-23T08:29:56.528+0000] {processor.py:830} INFO - Processing file /opt/airflow/dags/crawl_crypto_prices.py for tasks to queue
[2026-03-23T08:29:56.529+0000] {logging_mixin.py:188} INFO - [2026-03-23T08:29:56.529+0000] {dagbag.py:538} INFO - Filling up the DagBag from /opt/airflow/dags/crawl_crypto_prices.py
[2026-03-23T08:29:56.541+0000] {processor.py:840} INFO - DAG(s) 'crawl_crypto_prices' retrieved from /opt/airflow/dags/crawl_crypto_prices.py
[2026-03-23T08:29:56.556+0000] {logging_mixin.py:188} INFO - [2026-03-23T08:29:56.555+0000] {dag.py:3036} INFO - Sync 1 DAGs
[2026-03-23T08:29:56.566+0000] {logging_mixin.py:188} INFO - [2026-03-23T08:29:56.566+0000] {dag.py:3823} INFO - Setting next_dagrun for crawl_crypto_prices to 2026-03-23 08:00:00+00:00, run_after=2026-03-23 09:00:00+00:00
[2026-03-23T08:29:56.572+0000] {processor.py:183} INFO - Processing /opt/airflow/dags/crawl_crypto_prices.py took 0.048 seconds
[2026-03-23T08:30:26.854+0000] {processor.py:161} INFO - Started process (PID=10370) to work on /opt/airflow/dags/crawl_crypto_prices.py
[2026-03-23T08:30:26.855+0000] {processor.py:830} INFO - Processing file /opt/airflow/dags/crawl_crypto_prices.py for tasks to queue
[2026-03-23T08:30:26.856+0000] {logging_mixin.py:188} INFO - [2026-03-23T08:30:26.855+0000] {dagbag.py:538} INFO - Filling up the DagBag from /opt/airflow/dags/crawl_crypto_prices.py
[2026-03-23T08:30:26.864+0000] {processor.py:840} INFO - DAG(s) 'crawl_crypto_prices' retrieved from /opt/airflow/dags/crawl_crypto_prices.py
[2026-03-23T08:30:26.879+0000] {logging_mixin.py:188} INFO - [2026-03-23T08:30:26.879+0000] {dag.py:3036} INFO - Sync 1 DAGs
[2026-03-23T08:30:26.888+0000] {logging_mixin.py:188} INFO - [2026-03-23T08:30:26.888+0000] {dag.py:3823} INFO - Setting next_dagrun for crawl_crypto_prices to 2026-03-23 08:00:00+00:00, run_after=2026-03-23 09:00:00+00:00
[2026-03-23T08:30:26.895+0000] {processor.py:183} INFO - Processing /opt/airflow/dags/crawl_crypto_prices.py took 0.043 seconds
[2026-03-23T08:30:57.193+0000] {processor.py:161} INFO - Started process (PID=10375) to work on /opt/airflow/dags/crawl_crypto_prices.py
[2026-03-23T08:30:57.194+0000] {processor.py:830} INFO - Processing file /opt/airflow/dags/crawl_crypto_prices.py for tasks to queue
[2026-03-23T08:30:57.195+0000] {logging_mixin.py:188} INFO - [2026-03-23T08:30:57.194+0000] {dagbag.py:538} INFO - Filling up the DagBag from /opt/airflow/dags/crawl_crypto_prices.py
[2026-03-23T08:30:57.205+0000] {processor.py:840} INFO - DAG(s) 'crawl_crypto_prices' retrieved from /opt/airflow/dags/crawl_crypto_prices.py
[2026-03-23T08:30:57.224+0000] {logging_mixin.py:188} INFO - [2026-03-23T08:30:57.224+0000] {dag.py:3036} INFO - Sync 1 DAGs
[2026-03-23T08:30:57.234+0000] {logging_mixin.py:188} INFO - [2026-03-23T08:30:57.234+0000] {dag.py:3823} INFO - Setting next_dagrun for crawl_crypto_prices to 2026-03-23 08:00:00+00:00, run_after=2026-03-23 09:00:00+00:00
[2026-03-23T08:30:57.241+0000] {processor.py:183} INFO - Processing /opt/airflow/dags/crawl_crypto_prices.py took 0.052 seconds
[2026-03-23T08:31:27.483+0000] {processor.py:161} INFO - Started process (PID=10380) to work on /opt/airflow/dags/crawl_crypto_prices.py
[2026-03-23T08:31:27.484+0000] {processor.py:830} INFO - Processing file /opt/airflow/dags/crawl_crypto_prices.py for tasks to queue
[2026-03-23T08:31:27.484+0000] {logging_mixin.py:188} INFO - [2026-03-23T08:31:27.484+0000] {dagbag.py:538} INFO - Filling up the DagBag from /opt/airflow/dags/crawl_crypto_prices.py
[2026-03-23T08:31:27.493+0000] {processor.py:840} INFO - DAG(s) 'crawl_crypto_prices' retrieved from /opt/airflow/dags/crawl_crypto_prices.py
[2026-03-23T08:31:27.510+0000] {logging_mixin.py:188} INFO - [2026-03-23T08:31:27.510+0000] {dag.py:3036} INFO - Sync 1 DAGs
[2026-03-23T08:31:27.519+0000] {logging_mixin.py:188} INFO - [2026-03-23T08:31:27.519+0000] {dag.py:3823} INFO - Setting next_dagrun for crawl_crypto_prices to 2026-03-23 08:00:00+00:00, run_after=2026-03-23 09:00:00+00:00
[2026-03-23T08:31:27.525+0000] {processor.py:183} INFO - Processing /opt/airflow/dags/crawl_crypto_prices.py took 0.045 seconds
[2026-03-23T08:31:57.806+0000] {processor.py:161} INFO - Started process (PID=10385) to work on /opt/airflow/dags/crawl_crypto_prices.py
[2026-03-23T08:31:57.808+0000] {processor.py:830} INFO - Processing file /opt/airflow/dags/crawl_crypto_prices.py for tasks to queue
[2026-03-23T08:31:57.809+0000] {logging_mixin.py:188} INFO - [2026-03-23T08:31:57.809+0000] {dagbag.py:538} INFO - Filling up the DagBag from /opt/airflow/dags/crawl_crypto_prices.py
[2026-03-23T08:31:57.825+0000] {processor.py:840} INFO - DAG(s) 'crawl_crypto_prices' retrieved from /opt/airflow/dags/crawl_crypto_prices.py
[2026-03-23T08:31:57.850+0000] {logging_mixin.py:188} INFO - [2026-03-23T08:31:57.850+0000] {dag.py:3036} INFO - Sync 1 DAGs
[2026-03-23T08:31:57.861+0000] {logging_mixin.py:188} INFO - [2026-03-23T08:31:57.861+0000] {dag.py:3823} INFO - Setting next_dagrun for crawl_crypto_prices to 2026-03-23 08:00:00+00:00, run_after=2026-03-23 09:00:00+00:00
[2026-03-23T08:31:57.868+0000] {processor.py:183} INFO - Processing /opt/airflow/dags/crawl_crypto_prices.py took 0.066 seconds
[2026-03-23T08:32:28.162+0000] {processor.py:161} INFO - Started process (PID=10390) to work on /opt/airflow/dags/crawl_crypto_prices.py
[2026-03-23T08:32:28.163+0000] {processor.py:830} INFO - Processing file /opt/airflow/dags/crawl_crypto_prices.py for tasks to queue
[2026-03-23T08:32:28.164+0000] {logging_mixin.py:188} INFO - [2026-03-23T08:32:28.164+0000] {dagbag.py:538} INFO - Filling up the DagBag from /opt/airflow/dags/crawl_crypto_prices.py
[2026-03-23T08:32:28.175+0000] {processor.py:840} INFO - DAG(s) 'crawl_crypto_prices' retrieved from /opt/airflow/dags/crawl_crypto_prices.py
[2026-03-23T08:32:28.196+0000] {logging_mixin.py:188} INFO - [2026-03-23T08:32:28.196+0000] {dag.py:3036} INFO - Sync 1 DAGs
[2026-03-23T08:32:28.208+0000] {logging_mixin.py:188} INFO - [2026-03-23T08:32:28.208+0000] {dag.py:3823} INFO - Setting next_dagrun for crawl_crypto_prices to 2026-03-23 08:00:00+00:00, run_after=2026-03-23 09:00:00+00:00
[2026-03-23T08:32:28.215+0000] {processor.py:183} INFO - Processing /opt/airflow/dags/crawl_crypto_prices.py took 0.057 seconds
[2026-03-23T08:32:58.495+0000] {processor.py:161} INFO - Started process (PID=10395) to work on /opt/airflow/dags/crawl_crypto_prices.py
[2026-03-23T08:32:58.496+0000] {processor.py:830} INFO - Processing file /opt/airflow/dags/crawl_crypto_prices.py for tasks to queue
[2026-03-23T08:32:58.497+0000] {logging_mixin.py:188} INFO - [2026-03-23T08:32:58.497+0000] {dagbag.py:538} INFO - Filling up the DagBag from /opt/airflow/dags/crawl_crypto_prices.py
[2026-03-23T08:32:58.507+0000] {processor.py:840} INFO - DAG(s) 'crawl_crypto_prices' retrieved from /opt/airflow/dags/crawl_crypto_prices.py
[2026-03-23T08:32:58.525+0000] {logging_mixin.py:188} INFO - [2026-03-23T08:32:58.525+0000] {dag.py:3036} INFO - Sync 1 DAGs
[2026-03-23T08:32:58.535+0000] {logging_mixin.py:188} INFO - [2026-03-23T08:32:58.535+0000] {dag.py:3823} INFO - Setting next_dagrun for crawl_crypto_prices to 2026-03-23 08:00:00+00:00, run_after=2026-03-23 09:00:00+00:00
[2026-03-23T08:32:58.541+0000] {processor.py:183} INFO - Processing /opt/airflow/dags/crawl_crypto_prices.py took 0.049 seconds
[2026-03-23T08:33:28.805+0000] {processor.py:161} INFO - Started process (PID=10400) to work on /opt/airflow/dags/crawl_crypto_prices.py
[2026-03-23T08:33:28.806+0000] {processor.py:830} INFO - Processing file /opt/airflow/dags/crawl_crypto_prices.py for tasks to queue
[2026-03-23T08:33:28.807+0000] {logging_mixin.py:188} INFO - [2026-03-23T08:33:28.807+0000] {dagbag.py:538} INFO - Filling up the DagBag from /opt/airflow/dags/crawl_crypto_prices.py
[2026-03-23T08:33:28.816+0000] {processor.py:840} INFO - DAG(s) 'crawl_crypto_prices' retrieved from /opt/airflow/dags/crawl_crypto_prices.py
[2026-03-23T08:33:28.833+0000] {logging_mixin.py:188} INFO - [2026-03-23T08:33:28.833+0000] {dag.py:3036} INFO - Sync 1 DAGs
[2026-03-23T08:33:28.843+0000] {logging_mixin.py:188} INFO - [2026-03-23T08:33:28.843+0000] {dag.py:3823} INFO - Setting next_dagrun for crawl_crypto_prices to 2026-03-23 08:00:00+00:00, run_after=2026-03-23 09:00:00+00:00
[2026-03-23T08:33:28.850+0000] {processor.py:183} INFO - Processing /opt/airflow/dags/crawl_crypto_prices.py took 0.048 seconds
[2026-03-23T08:33:59.087+0000] {processor.py:161} INFO - Started process (PID=10405) to work on /opt/airflow/dags/crawl_crypto_prices.py
[2026-03-23T08:33:59.087+0000] {processor.py:830} INFO - Processing file /opt/airflow/dags/crawl_crypto_prices.py for tasks to queue
[2026-03-23T08:33:59.088+0000] {logging_mixin.py:188} INFO - [2026-03-23T08:33:59.088+0000] {dagbag.py:538} INFO - Filling up the DagBag from /opt/airflow/dags/crawl_crypto_prices.py
[2026-03-23T08:33:59.094+0000] {processor.py:840} INFO - DAG(s) 'crawl_crypto_prices' retrieved from /opt/airflow/dags/crawl_crypto_prices.py
[2026-03-23T08:33:59.106+0000] {logging_mixin.py:188} INFO - [2026-03-23T08:33:59.106+0000] {dag.py:3036} INFO - Sync 1 DAGs
[2026-03-23T08:33:59.114+0000] {logging_mixin.py:188} INFO - [2026-03-23T08:33:59.114+0000] {dag.py:3823} INFO - Setting next_dagrun for crawl_crypto_prices to 2026-03-23 08:00:00+00:00, run_after=2026-03-23 09:00:00+00:00
[2026-03-23T08:33:59.120+0000] {processor.py:183} INFO - Processing /opt/airflow/dags/crawl_crypto_prices.py took 0.035 seconds
[2026-03-23T08:34:29.380+0000] {processor.py:161} INFO - Started process (PID=10410) to work on /opt/airflow/dags/crawl_crypto_prices.py
[2026-03-23T08:34:29.381+0000] {processor.py:830} INFO - Processing file /opt/airflow/dags/crawl_crypto_prices.py for tasks to queue
[2026-03-23T08:34:29.381+0000] {logging_mixin.py:188} INFO - [2026-03-23T08:34:29.381+0000] {dagbag.py:538} INFO - Filling up the DagBag from /opt/airflow/dags/crawl_crypto_prices.py
[2026-03-23T08:34:29.391+0000] {processor.py:840} INFO - DAG(s) 'crawl_crypto_prices' retrieved from /opt/airflow/dags/crawl_crypto_prices.py
[2026-03-23T08:34:29.407+0000] {logging_mixin.py:188} INFO - [2026-03-23T08:34:29.407+0000] {dag.py:3036} INFO - Sync 1 DAGs
[2026-03-23T08:34:29.419+0000] {logging_mixin.py:188} INFO - [2026-03-23T08:34:29.418+0000] {dag.py:3823} INFO - Setting next_dagrun for crawl_crypto_prices to 2026-03-23 08:00:00+00:00, run_after=2026-03-23 09:00:00+00:00
[2026-03-23T08:34:29.425+0000] {processor.py:183} INFO - Processing /opt/airflow/dags/crawl_crypto_prices.py took 0.048 seconds
[2026-03-23T08:34:59.654+0000] {processor.py:161} INFO - Started process (PID=10415) to work on /opt/airflow/dags/crawl_crypto_prices.py
[2026-03-23T08:34:59.655+0000] {processor.py:830} INFO - Processing file /opt/airflow/dags/crawl_crypto_prices.py for tasks to queue
[2026-03-23T08:34:59.656+0000] {logging_mixin.py:188} INFO - [2026-03-23T08:34:59.656+0000] {dagbag.py:538} INFO - Filling up the DagBag from /opt/airflow/dags/crawl_crypto_prices.py
[2026-03-23T08:34:59.667+0000] {processor.py:840} INFO - DAG(s) 'crawl_crypto_prices' retrieved from /opt/airflow/dags/crawl_crypto_prices.py
[2026-03-23T08:34:59.686+0000] {logging_mixin.py:188} INFO - [2026-03-23T08:34:59.685+0000] {dag.py:3036} INFO - Sync 1 DAGs
[2026-03-23T08:34:59.695+0000] {logging_mixin.py:188} INFO - [2026-03-23T08:34:59.695+0000] {dag.py:3823} INFO - Setting next_dagrun for crawl_crypto_prices to 2026-03-23 08:00:00+00:00, run_after=2026-03-23 09:00:00+00:00
[2026-03-23T08:34:59.701+0000] {processor.py:183} INFO - Processing /opt/airflow/dags/crawl_crypto_prices.py took 0.050 seconds
[2026-03-23T08:35:29.931+0000] {processor.py:161} INFO - Started process (PID=10420) to work on /opt/airflow/dags/crawl_crypto_prices.py
[2026-03-23T08:35:29.932+0000] {processor.py:830} INFO - Processing file /opt/airflow/dags/crawl_crypto_prices.py for tasks to queue
[2026-03-23T08:35:29.932+0000] {logging_mixin.py:188} INFO - [2026-03-23T08:35:29.932+0000] {dagbag.py:538} INFO - Filling up the DagBag from /opt/airflow/dags/crawl_crypto_prices.py
[2026-03-23T08:35:29.943+0000] {processor.py:840} INFO - DAG(s) 'crawl_crypto_prices' retrieved from /opt/airflow/dags/crawl_crypto_prices.py
[2026-03-23T08:35:29.961+0000] {logging_mixin.py:188} INFO - [2026-03-23T08:35:29.961+0000] {dag.py:3036} INFO - Sync 1 DAGs
[2026-03-23T08:35:29.971+0000] {logging_mixin.py:188} INFO - [2026-03-23T08:35:29.971+0000] {dag.py:3823} INFO - Setting next_dagrun for crawl_crypto_prices to 2026-03-23 08:00:00+00:00, run_after=2026-03-23 09:00:00+00:00
[2026-03-23T08:35:29.977+0000] {processor.py:183} INFO - Processing /opt/airflow/dags/crawl_crypto_prices.py took 0.048 seconds
[2026-03-23T08:36:00.207+0000] {processor.py:161} INFO - Started process (PID=10425) to work on /opt/airflow/dags/crawl_crypto_prices.py
[2026-03-23T08:36:00.208+0000] {processor.py:830} INFO - Processing file /opt/airflow/dags/crawl_crypto_prices.py for tasks to queue
[2026-03-23T08:36:00.208+0000] {logging_mixin.py:188} INFO - [2026-03-23T08:36:00.208+0000] {dagbag.py:538} INFO - Filling up the DagBag from /opt/airflow/dags/crawl_crypto_prices.py
[2026-03-23T08:36:00.217+0000] {processor.py:840} INFO - DAG(s) 'crawl_crypto_prices' retrieved from /opt/airflow/dags/crawl_crypto_prices.py
[2026-03-23T08:36:00.233+0000] {logging_mixin.py:188} INFO - [2026-03-23T08:36:00.233+0000] {dag.py:3036} INFO - Sync 1 DAGs
[2026-03-23T08:36:00.242+0000] {logging_mixin.py:188} INFO - [2026-03-23T08:36:00.242+0000] {dag.py:3823} INFO - Setting next_dagrun for crawl_crypto_prices to 2026-03-23 08:00:00+00:00, run_after=2026-03-23 09:00:00+00:00
[2026-03-23T08:36:00.248+0000] {processor.py:183} INFO - Processing /opt/airflow/dags/crawl_crypto_prices.py took 0.044 seconds
[2026-03-23T08:36:30.472+0000] {processor.py:161} INFO - Started process (PID=10430) to work on /opt/airflow/dags/crawl_crypto_prices.py
[2026-03-23T08:36:30.472+0000] {processor.py:830} INFO - Processing file /opt/airflow/dags/crawl_crypto_prices.py for tasks to queue
[2026-03-23T08:36:30.473+0000] {logging_mixin.py:188} INFO - [2026-03-23T08:36:30.473+0000] {dagbag.py:538} INFO - Filling up the DagBag from /opt/airflow/dags/crawl_crypto_prices.py
[2026-03-23T08:36:30.478+0000] {processor.py:840} INFO - DAG(s) 'crawl_crypto_prices' retrieved from /opt/airflow/dags/crawl_crypto_prices.py
[2026-03-23T08:36:30.490+0000] {logging_mixin.py:188} INFO - [2026-03-23T08:36:30.490+0000] {dag.py:3036} INFO - Sync 1 DAGs
[2026-03-23T08:36:30.500+0000] {logging_mixin.py:188} INFO - [2026-03-23T08:36:30.500+0000] {dag.py:3823} INFO - Setting next_dagrun for crawl_crypto_prices to 2026-03-23 08:00:00+00:00, run_after=2026-03-23 09:00:00+00:00
[2026-03-23T08:36:30.506+0000] {processor.py:183} INFO - Processing /opt/airflow/dags/crawl_crypto_prices.py took 0.036 seconds
[2026-03-23T08:37:00.716+0000] {processor.py:161} INFO - Started process (PID=10435) to work on /opt/airflow/dags/crawl_crypto_prices.py
[2026-03-23T08:37:00.716+0000] {processor.py:830} INFO - Processing file /opt/airflow/dags/crawl_crypto_prices.py for tasks to queue
[2026-03-23T08:37:00.717+0000] {logging_mixin.py:188} INFO - [2026-03-23T08:37:00.717+0000] {dagbag.py:538} INFO - Filling up the DagBag from /opt/airflow/dags/crawl_crypto_prices.py
[2026-03-23T08:37:00.726+0000] {processor.py:840} INFO - DAG(s) 'crawl_crypto_prices' retrieved from /opt/airflow/dags/crawl_crypto_prices.py
[2026-03-23T08:37:00.742+0000] {logging_mixin.py:188} INFO - [2026-03-23T08:37:00.742+0000] {dag.py:3036} INFO - Sync 1 DAGs
[2026-03-23T08:37:00.753+0000] {logging_mixin.py:188} INFO - [2026-03-23T08:37:00.753+0000] {dag.py:3823} INFO - Setting next_dagrun for crawl_crypto_prices to 2026-03-23 08:00:00+00:00, run_after=2026-03-23 09:00:00+00:00
[2026-03-23T08:37:00.759+0000] {processor.py:183} INFO - Processing /opt/airflow/dags/crawl_crypto_prices.py took 0.046 seconds
[2026-03-23T08:37:30.987+0000] {processor.py:161} INFO - Started process (PID=10440) to work on /opt/airflow/dags/crawl_crypto_prices.py
[2026-03-23T08:37:30.988+0000] {processor.py:830} INFO - Processing file /opt/airflow/dags/crawl_crypto_prices.py for tasks to queue
[2026-03-23T08:37:30.988+0000] {logging_mixin.py:188} INFO - [2026-03-23T08:37:30.988+0000] {dagbag.py:538} INFO - Filling up the DagBag from /opt/airflow/dags/crawl_crypto_prices.py
[2026-03-23T08:37:30.998+0000] {processor.py:840} INFO - DAG(s) 'crawl_crypto_prices' retrieved from /opt/airflow/dags/crawl_crypto_prices.py
[2026-03-23T08:37:31.016+0000] {logging_mixin.py:188} INFO - [2026-03-23T08:37:31.016+0000] {dag.py:3036} INFO - Sync 1 DAGs
[2026-03-23T08:37:31.026+0000] {logging_mixin.py:188} INFO - [2026-03-23T08:37:31.026+0000] {dag.py:3823} INFO - Setting next_dagrun for crawl_crypto_prices to 2026-03-23 08:00:00+00:00, run_after=2026-03-23 09:00:00+00:00
[2026-03-23T08:37:31.033+0000] {processor.py:183} INFO - Processing /opt/airflow/dags/crawl_crypto_prices.py took 0.049 seconds
[2026-03-23T08:38:01.284+0000] {processor.py:161} INFO - Started process (PID=10445) to work on /opt/airflow/dags/crawl_crypto_prices.py
[2026-03-23T08:38:01.285+0000] {processor.py:830} INFO - Processing file /opt/airflow/dags/crawl_crypto_prices.py for tasks to queue
[2026-03-23T08:38:01.285+0000] {logging_mixin.py:188} INFO - [2026-03-23T08:38:01.285+0000] {dagbag.py:538} INFO - Filling up the DagBag from /opt/airflow/dags/crawl_crypto_prices.py
[2026-03-23T08:38:01.298+0000] {processor.py:840} INFO - DAG(s) 'crawl_crypto_prices' retrieved from /opt/airflow/dags/crawl_crypto_prices.py
[2026-03-23T08:38:01.313+0000] {logging_mixin.py:188} INFO - [2026-03-23T08:38:01.313+0000] {dag.py:3036} INFO - Sync 1 DAGs
[2026-03-23T08:38:01.323+0000] {logging_mixin.py:188} INFO - [2026-03-23T08:38:01.323+0000] {dag.py:3823} INFO - Setting next_dagrun for crawl_crypto_prices to 2026-03-23 08:00:00+00:00, run_after=2026-03-23 09:00:00+00:00
[2026-03-23T08:38:01.338+0000] {processor.py:183} INFO - Processing /opt/airflow/dags/crawl_crypto_prices.py took 0.058 seconds
[2026-03-23T08:38:31.629+0000] {processor.py:161} INFO - Started process (PID=10450) to work on /opt/airflow/dags/crawl_crypto_prices.py
[2026-03-23T08:38:31.631+0000] {processor.py:830} INFO - Processing file /opt/airflow/dags/crawl_crypto_prices.py for tasks to queue
[2026-03-23T08:38:31.631+0000] {logging_mixin.py:188} INFO - [2026-03-23T08:38:31.631+0000] {dagbag.py:538} INFO - Filling up the DagBag from /opt/airflow/dags/crawl_crypto_prices.py
[2026-03-23T08:38:31.642+0000] {processor.py:840} INFO - DAG(s) 'crawl_crypto_prices' retrieved from /opt/airflow/dags/crawl_crypto_prices.py
[2026-03-23T08:38:31.661+0000] {logging_mixin.py:188} INFO - [2026-03-23T08:38:31.661+0000] {dag.py:3036} INFO - Sync 1 DAGs
[2026-03-23T08:38:31.672+0000] {logging_mixin.py:188} INFO - [2026-03-23T08:38:31.671+0000] {dag.py:3823} INFO - Setting next_dagrun for crawl_crypto_prices to 2026-03-23 08:00:00+00:00, run_after=2026-03-23 09:00:00+00:00
[2026-03-23T08:38:31.678+0000] {processor.py:183} INFO - Processing /opt/airflow/dags/crawl_crypto_prices.py took 0.052 seconds
[2026-03-23T08:39:01.957+0000] {processor.py:161} INFO - Started process (PID=10455) to work on /opt/airflow/dags/crawl_crypto_prices.py
[2026-03-23T08:39:01.958+0000] {processor.py:830} INFO - Processing file /opt/airflow/dags/crawl_crypto_prices.py for tasks to queue
[2026-03-23T08:39:01.959+0000] {logging_mixin.py:188} INFO - [2026-03-23T08:39:01.959+0000] {dagbag.py:538} INFO - Filling up the DagBag from /opt/airflow/dags/crawl_crypto_prices.py
[2026-03-23T08:39:01.970+0000] {processor.py:840} INFO - DAG(s) 'crawl_crypto_prices' retrieved from /opt/airflow/dags/crawl_crypto_prices.py
[2026-03-23T08:39:01.989+0000] {logging_mixin.py:188} INFO - [2026-03-23T08:39:01.989+0000] {dag.py:3036} INFO - Sync 1 DAGs
[2026-03-23T08:39:01.999+0000] {logging_mixin.py:188} INFO - [2026-03-23T08:39:01.999+0000] {dag.py:3823} INFO - Setting next_dagrun for crawl_crypto_prices to 2026-03-23 08:00:00+00:00, run_after=2026-03-23 09:00:00+00:00
[2026-03-23T08:39:02.006+0000] {processor.py:183} INFO - Processing /opt/airflow/dags/crawl_crypto_prices.py took 0.053 seconds
[2026-03-23T08:39:32.288+0000] {processor.py:161} INFO - Started process (PID=10460) to work on /opt/airflow/dags/crawl_crypto_prices.py
[2026-03-23T08:39:32.289+0000] {processor.py:830} INFO - Processing file /opt/airflow/dags/crawl_crypto_prices.py for tasks to queue
[2026-03-23T08:39:32.289+0000] {logging_mixin.py:188} INFO - [2026-03-23T08:39:32.289+0000] {dagbag.py:538} INFO - Filling up the DagBag from /opt/airflow/dags/crawl_crypto_prices.py
[2026-03-23T08:39:32.300+0000] {processor.py:840} INFO - DAG(s) 'crawl_crypto_prices' retrieved from /opt/airflow/dags/crawl_crypto_prices.py
[2026-03-23T08:39:32.319+0000] {logging_mixin.py:188} INFO - [2026-03-23T08:39:32.319+0000] {dag.py:3036} INFO - Sync 1 DAGs
[2026-03-23T08:39:32.330+0000] {logging_mixin.py:188} INFO - [2026-03-23T08:39:32.329+0000] {dag.py:3823} INFO - Setting next_dagrun for crawl_crypto_prices to 2026-03-23 08:00:00+00:00, run_after=2026-03-23 09:00:00+00:00
[2026-03-23T08:39:32.336+0000] {processor.py:183} INFO - Processing /opt/airflow/dags/crawl_crypto_prices.py took 0.052 seconds
[2026-03-23T08:40:02.588+0000] {processor.py:161} INFO - Started process (PID=10465) to work on /opt/airflow/dags/crawl_crypto_prices.py
[2026-03-23T08:40:02.589+0000] {processor.py:830} INFO - Processing file /opt/airflow/dags/crawl_crypto_prices.py for tasks to queue
[2026-03-23T08:40:02.589+0000] {logging_mixin.py:188} INFO - [2026-03-23T08:40:02.589+0000] {dagbag.py:538} INFO - Filling up the DagBag from /opt/airflow/dags/crawl_crypto_prices.py
[2026-03-23T08:40:02.600+0000] {processor.py:840} INFO - DAG(s) 'crawl_crypto_prices' retrieved from /opt/airflow/dags/crawl_crypto_prices.py
[2026-03-23T08:40:02.619+0000] {logging_mixin.py:188} INFO - [2026-03-23T08:40:02.619+0000] {dag.py:3036} INFO - Sync 1 DAGs
[2026-03-23T08:40:02.629+0000] {logging_mixin.py:188} INFO - [2026-03-23T08:40:02.629+0000] {dag.py:3823} INFO - Setting next_dagrun for crawl_crypto_prices to 2026-03-23 08:00:00+00:00, run_after=2026-03-23 09:00:00+00:00
[2026-03-23T08:40:02.635+0000] {processor.py:183} INFO - Processing /opt/airflow/dags/crawl_crypto_prices.py took 0.051 seconds
[2026-03-23T08:40:32.954+0000] {processor.py:161} INFO - Started process (PID=10470) to work on /opt/airflow/dags/crawl_crypto_prices.py
[2026-03-23T08:40:32.955+0000] {processor.py:830} INFO - Processing file /opt/airflow/dags/crawl_crypto_prices.py for tasks to queue
[2026-03-23T08:40:32.956+0000] {logging_mixin.py:188} INFO - [2026-03-23T08:40:32.956+0000] {dagbag.py:538} INFO - Filling up the DagBag from /opt/airflow/dags/crawl_crypto_prices.py
[2026-03-23T08:40:32.967+0000] {processor.py:840} INFO - DAG(s) 'crawl_crypto_prices' retrieved from /opt/airflow/dags/crawl_crypto_prices.py
[2026-03-23T08:40:32.986+0000] {logging_mixin.py:188} INFO - [2026-03-23T08:40:32.986+0000] {dag.py:3036} INFO - Sync 1 DAGs
[2026-03-23T08:40:32.996+0000] {logging_mixin.py:188} INFO - [2026-03-23T08:40:32.996+0000] {dag.py:3823} INFO - Setting next_dagrun for crawl_crypto_prices to 2026-03-23 08:00:00+00:00, run_after=2026-03-23 09:00:00+00:00
[2026-03-23T08:40:33.003+0000] {processor.py:183} INFO - Processing /opt/airflow/dags/crawl_crypto_prices.py took 0.051 seconds
[2026-03-23T08:41:03.331+0000] {processor.py:161} INFO - Started process (PID=10475) to work on /opt/airflow/dags/crawl_crypto_prices.py
[2026-03-23T08:41:03.332+0000] {processor.py:830} INFO - Processing file /opt/airflow/dags/crawl_crypto_prices.py for tasks to queue
[2026-03-23T08:41:03.333+0000] {logging_mixin.py:188} INFO - [2026-03-23T08:41:03.333+0000] {dagbag.py:538} INFO - Filling up the DagBag from /opt/airflow/dags/crawl_crypto_prices.py
[2026-03-23T08:41:03.345+0000] {processor.py:840} INFO - DAG(s) 'crawl_crypto_prices' retrieved from /opt/airflow/dags/crawl_crypto_prices.py
[2026-03-23T08:41:03.366+0000] {logging_mixin.py:188} INFO - [2026-03-23T08:41:03.366+0000] {dag.py:3036} INFO - Sync 1 DAGs
[2026-03-23T08:41:03.377+0000] {logging_mixin.py:188} INFO - [2026-03-23T08:41:03.377+0000] {dag.py:3823} INFO - Setting next_dagrun for crawl_crypto_prices to 2026-03-23 08:00:00+00:00, run_after=2026-03-23 09:00:00+00:00
[2026-03-23T08:41:03.384+0000] {processor.py:183} INFO - Processing /opt/airflow/dags/crawl_crypto_prices.py took 0.057 seconds
[2026-03-23T08:41:44.331+0000] {processor.py:161} INFO - Started process (PID=10482) to work on /opt/airflow/dags/crawl_crypto_prices.py
[2026-03-23T08:41:44.332+0000] {processor.py:830} INFO - Processing file /opt/airflow/dags/crawl_crypto_prices.py for tasks to queue
[2026-03-23T08:41:44.332+0000] {logging_mixin.py:188} INFO - [2026-03-23T08:41:44.332+0000] {dagbag.py:538} INFO - Filling up the DagBag from /opt/airflow/dags/crawl_crypto_prices.py
[2026-03-23T08:41:44.342+0000] {processor.py:840} INFO - DAG(s) 'crawl_crypto_prices' retrieved from /opt/airflow/dags/crawl_crypto_prices.py
[2026-03-23T08:41:44.360+0000] {logging_mixin.py:188} INFO - [2026-03-23T08:41:44.360+0000] {dag.py:3036} INFO - Sync 1 DAGs
[2026-03-23T08:41:44.370+0000] {logging_mixin.py:188} INFO - [2026-03-23T08:41:44.370+0000] {dag.py:3823} INFO - Setting next_dagrun for crawl_crypto_prices to 2026-03-23 08:00:00+00:00, run_after=2026-03-23 09:00:00+00:00
[2026-03-23T08:41:44.377+0000] {processor.py:183} INFO - Processing /opt/airflow/dags/crawl_crypto_prices.py took 0.049 seconds
[2026-03-23T08:42:14.651+0000] {processor.py:161} INFO - Started process (PID=10487) to work on /opt/airflow/dags/crawl_crypto_prices.py
[2026-03-23T08:42:14.651+0000] {processor.py:830} INFO - Processing file /opt/airflow/dags/crawl_crypto_prices.py for tasks to queue
[2026-03-23T08:42:14.652+0000] {logging_mixin.py:188} INFO - [2026-03-23T08:42:14.652+0000] {dagbag.py:538} INFO - Filling up the DagBag from /opt/airflow/dags/crawl_crypto_prices.py
[2026-03-23T08:42:14.659+0000] {processor.py:840} INFO - DAG(s) 'crawl_crypto_prices' retrieved from /opt/airflow/dags/crawl_crypto_prices.py
[2026-03-23T08:42:14.674+0000] {logging_mixin.py:188} INFO - [2026-03-23T08:42:14.674+0000] {dag.py:3036} INFO - Sync 1 DAGs
[2026-03-23T08:42:14.684+0000] {logging_mixin.py:188} INFO - [2026-03-23T08:42:14.684+0000] {dag.py:3823} INFO - Setting next_dagrun for crawl_crypto_prices to 2026-03-23 08:00:00+00:00, run_after=2026-03-23 09:00:00+00:00
[2026-03-23T08:42:14.691+0000] {processor.py:183} INFO - Processing /opt/airflow/dags/crawl_crypto_prices.py took 0.042 seconds
[2026-03-23T08:42:44.998+0000] {processor.py:161} INFO - Started process (PID=10492) to work on /opt/airflow/dags/crawl_crypto_prices.py
[2026-03-23T08:42:44.999+0000] {processor.py:830} INFO - Processing file /opt/airflow/dags/crawl_crypto_prices.py for tasks to queue
[2026-03-23T08:42:45.000+0000] {logging_mixin.py:188} INFO - [2026-03-23T08:42:45.000+0000] {dagbag.py:538} INFO - Filling up the DagBag from /opt/airflow/dags/crawl_crypto_prices.py
[2026-03-23T08:42:45.012+0000] {processor.py:840} INFO - DAG(s) 'crawl_crypto_prices' retrieved from /opt/airflow/dags/crawl_crypto_prices.py
[2026-03-23T08:42:45.030+0000] {logging_mixin.py:188} INFO - [2026-03-23T08:42:45.030+0000] {dag.py:3036} INFO - Sync 1 DAGs
[2026-03-23T08:42:45.041+0000] {logging_mixin.py:188} INFO - [2026-03-23T08:42:45.041+0000] {dag.py:3823} INFO - Setting next_dagrun for crawl_crypto_prices to 2026-03-23 08:00:00+00:00, run_after=2026-03-23 09:00:00+00:00
[2026-03-23T08:42:45.048+0000] {processor.py:183} INFO - Processing /opt/airflow/dags/crawl_crypto_prices.py took 0.055 seconds
[2026-03-23T08:43:15.284+0000] {processor.py:161} INFO - Started process (PID=10497) to work on /opt/airflow/dags/crawl_crypto_prices.py
[2026-03-23T08:43:15.285+0000] {processor.py:830} INFO - Processing file /opt/airflow/dags/crawl_crypto_prices.py for tasks to queue
[2026-03-23T08:43:15.286+0000] {logging_mixin.py:188} INFO - [2026-03-23T08:43:15.286+0000] {dagbag.py:538} INFO - Filling up the DagBag from /opt/airflow/dags/crawl_crypto_prices.py
[2026-03-23T08:43:15.296+0000] {processor.py:840} INFO - DAG(s) 'crawl_crypto_prices' retrieved from /opt/airflow/dags/crawl_crypto_prices.py
[2026-03-23T08:43:15.309+0000] {logging_mixin.py:188} INFO - [2026-03-23T08:43:15.309+0000] {dag.py:3036} INFO - Sync 1 DAGs
[2026-03-23T08:43:15.319+0000] {logging_mixin.py:188} INFO - [2026-03-23T08:43:15.319+0000] {dag.py:3823} INFO - Setting next_dagrun for crawl_crypto_prices to 2026-03-23 08:00:00+00:00, run_after=2026-03-23 09:00:00+00:00
[2026-03-23T08:43:15.325+0000] {processor.py:183} INFO - Processing /opt/airflow/dags/crawl_crypto_prices.py took 0.044 seconds
[2026-03-23T08:43:45.569+0000] {processor.py:161} INFO - Started process (PID=10502) to work on /opt/airflow/dags/crawl_crypto_prices.py
[2026-03-23T08:43:45.570+0000] {processor.py:830} INFO - Processing file /opt/airflow/dags/crawl_crypto_prices.py for tasks to queue
[2026-03-23T08:43:45.571+0000] {logging_mixin.py:188} INFO - [2026-03-23T08:43:45.571+0000] {dagbag.py:538} INFO - Filling up the DagBag from /opt/airflow/dags/crawl_crypto_prices.py
[2026-03-23T08:43:45.580+0000] {processor.py:840} INFO - DAG(s) 'crawl_crypto_prices' retrieved from /opt/airflow/dags/crawl_crypto_prices.py
[2026-03-23T08:43:45.598+0000] {logging_mixin.py:188} INFO - [2026-03-23T08:43:45.598+0000] {dag.py:3036} INFO - Sync 1 DAGs
[2026-03-23T08:43:45.608+0000] {logging_mixin.py:188} INFO - [2026-03-23T08:43:45.608+0000] {dag.py:3823} INFO - Setting next_dagrun for crawl_crypto_prices to 2026-03-23 08:00:00+00:00, run_after=2026-03-23 09:00:00+00:00
[2026-03-23T08:43:45.615+0000] {processor.py:183} INFO - Processing /opt/airflow/dags/crawl_crypto_prices.py took 0.048 seconds
[2026-03-23T08:44:15.825+0000] {processor.py:161} INFO - Started process (PID=10507) to work on /opt/airflow/dags/crawl_crypto_prices.py
[2026-03-23T08:44:15.826+0000] {processor.py:830} INFO - Processing file /opt/airflow/dags/crawl_crypto_prices.py for tasks to queue
[2026-03-23T08:44:15.826+0000] {logging_mixin.py:188} INFO - [2026-03-23T08:44:15.826+0000] {dagbag.py:538} INFO - Filling up the DagBag from /opt/airflow/dags/crawl_crypto_prices.py
[2026-03-23T08:44:15.833+0000] {processor.py:840} INFO - DAG(s) 'crawl_crypto_prices' retrieved from /opt/airflow/dags/crawl_crypto_prices.py
[2026-03-23T08:44:15.845+0000] {logging_mixin.py:188} INFO - [2026-03-23T08:44:15.845+0000] {dag.py:3036} INFO - Sync 1 DAGs
[2026-03-23T08:44:15.854+0000] {logging_mixin.py:188} INFO - [2026-03-23T08:44:15.854+0000] {dag.py:3823} INFO - Setting next_dagrun for crawl_crypto_prices to 2026-03-23 08:00:00+00:00, run_after=2026-03-23 09:00:00+00:00
[2026-03-23T08:44:15.860+0000] {processor.py:183} INFO - Processing /opt/airflow/dags/crawl_crypto_prices.py took 0.037 seconds
[2026-03-23T08:44:46.094+0000] {processor.py:161} INFO - Started process (PID=10512) to work on /opt/airflow/dags/crawl_crypto_prices.py
[2026-03-23T08:44:46.095+0000] {processor.py:830} INFO - Processing file /opt/airflow/dags/crawl_crypto_prices.py for tasks to queue
[2026-03-23T08:44:46.095+0000] {logging_mixin.py:188} INFO - [2026-03-23T08:44:46.095+0000] {dagbag.py:538} INFO - Filling up the DagBag from /opt/airflow/dags/crawl_crypto_prices.py
[2026-03-23T08:44:46.104+0000] {processor.py:840} INFO - DAG(s) 'crawl_crypto_prices' retrieved from /opt/airflow/dags/crawl_crypto_prices.py
[2026-03-23T08:44:46.118+0000] {logging_mixin.py:188} INFO - [2026-03-23T08:44:46.118+0000] {dag.py:3036} INFO - Sync 1 DAGs
[2026-03-23T08:44:46.128+0000] {logging_mixin.py:188} INFO - [2026-03-23T08:44:46.128+0000] {dag.py:3823} INFO - Setting next_dagrun for crawl_crypto_prices to 2026-03-23 08:00:00+00:00, run_after=2026-03-23 09:00:00+00:00
[2026-03-23T08:44:46.134+0000] {processor.py:183} INFO - Processing /opt/airflow/dags/crawl_crypto_prices.py took 0.042 seconds
[2026-03-23T08:45:16.361+0000] {processor.py:161} INFO - Started process (PID=10517) to work on /opt/airflow/dags/crawl_crypto_prices.py
[2026-03-23T08:45:16.362+0000] {processor.py:830} INFO - Processing file /opt/airflow/dags/crawl_crypto_prices.py for tasks to queue
[2026-03-23T08:45:16.363+0000] {logging_mixin.py:188} INFO - [2026-03-23T08:45:16.363+0000] {dagbag.py:538} INFO - Filling up the DagBag from /opt/airflow/dags/crawl_crypto_prices.py
[2026-03-23T08:45:16.371+0000] {processor.py:840} INFO - DAG(s) 'crawl_crypto_prices' retrieved from /opt/airflow/dags/crawl_crypto_prices.py
[2026-03-23T08:45:16.389+0000] {logging_mixin.py:188} INFO - [2026-03-23T08:45:16.389+0000] {dag.py:3036} INFO - Sync 1 DAGs
[2026-03-23T08:45:16.401+0000] {logging_mixin.py:188} INFO - [2026-03-23T08:45:16.401+0000] {dag.py:3823} INFO - Setting next_dagrun for crawl_crypto_prices to 2026-03-23 08:00:00+00:00, run_after=2026-03-23 09:00:00+00:00
[2026-03-23T08:45:16.409+0000] {processor.py:183} INFO - Processing /opt/airflow/dags/crawl_crypto_prices.py took 0.051 seconds
[2026-03-23T08:45:46.704+0000] {processor.py:161} INFO - Started process (PID=10522) to work on /opt/airflow/dags/crawl_crypto_prices.py
[2026-03-23T08:45:46.705+0000] {processor.py:830} INFO - Processing file /opt/airflow/dags/crawl_crypto_prices.py for tasks to queue
[2026-03-23T08:45:46.706+0000] {logging_mixin.py:188} INFO - [2026-03-23T08:45:46.706+0000] {dagbag.py:538} INFO - Filling up the DagBag from /opt/airflow/dags/crawl_crypto_prices.py
[2026-03-23T08:45:46.717+0000] {processor.py:840} INFO - DAG(s) 'crawl_crypto_prices' retrieved from /opt/airflow/dags/crawl_crypto_prices.py
[2026-03-23T08:45:46.735+0000] {logging_mixin.py:188} INFO - [2026-03-23T08:45:46.735+0000] {dag.py:3036} INFO - Sync 1 DAGs
[2026-03-23T08:45:46.746+0000] {logging_mixin.py:188} INFO - [2026-03-23T08:45:46.746+0000] {dag.py:3823} INFO - Setting next_dagrun for crawl_crypto_prices to 2026-03-23 08:00:00+00:00, run_after=2026-03-23 09:00:00+00:00
[2026-03-23T08:45:46.751+0000] {processor.py:183} INFO - Processing /opt/airflow/dags/crawl_crypto_prices.py took 0.051 seconds
[2026-03-23T08:46:17.024+0000] {processor.py:161} INFO - Started process (PID=10527) to work on /opt/airflow/dags/crawl_crypto_prices.py
[2026-03-23T08:46:17.025+0000] {processor.py:830} INFO - Processing file /opt/airflow/dags/crawl_crypto_prices.py for tasks to queue
[2026-03-23T08:46:17.026+0000] {logging_mixin.py:188} INFO - [2026-03-23T08:46:17.026+0000] {dagbag.py:538} INFO - Filling up the DagBag from /opt/airflow/dags/crawl_crypto_prices.py
[2026-03-23T08:46:17.036+0000] {processor.py:840} INFO - DAG(s) 'crawl_crypto_prices' retrieved from /opt/airflow/dags/crawl_crypto_prices.py
[2026-03-23T08:46:17.053+0000] {logging_mixin.py:188} INFO - [2026-03-23T08:46:17.053+0000] {dag.py:3036} INFO - Sync 1 DAGs
[2026-03-23T08:46:17.063+0000] {logging_mixin.py:188} INFO - [2026-03-23T08:46:17.063+0000] {dag.py:3823} INFO - Setting next_dagrun for crawl_crypto_prices to 2026-03-23 08:00:00+00:00, run_after=2026-03-23 09:00:00+00:00
[2026-03-23T08:46:17.069+0000] {processor.py:183} INFO - Processing /opt/airflow/dags/crawl_crypto_prices.py took 0.047 seconds
[2026-03-23T08:46:47.332+0000] {processor.py:161} INFO - Started process (PID=10532) to work on /opt/airflow/dags/crawl_crypto_prices.py
[2026-03-23T08:46:47.333+0000] {processor.py:830} INFO - Processing file /opt/airflow/dags/crawl_crypto_prices.py for tasks to queue
[2026-03-23T08:46:47.334+0000] {logging_mixin.py:188} INFO - [2026-03-23T08:46:47.333+0000] {dagbag.py:538} INFO - Filling up the DagBag from /opt/airflow/dags/crawl_crypto_prices.py
[2026-03-23T08:46:47.344+0000] {processor.py:840} INFO - DAG(s) 'crawl_crypto_prices' retrieved from /opt/airflow/dags/crawl_crypto_prices.py
[2026-03-23T08:46:47.363+0000] {logging_mixin.py:188} INFO - [2026-03-23T08:46:47.363+0000] {dag.py:3036} INFO - Sync 1 DAGs
[2026-03-23T08:46:47.373+0000] {logging_mixin.py:188} INFO - [2026-03-23T08:46:47.373+0000] {dag.py:3823} INFO - Setting next_dagrun for crawl_crypto_prices to 2026-03-23 08:00:00+00:00, run_after=2026-03-23 09:00:00+00:00
[2026-03-23T08:46:47.379+0000] {processor.py:183} INFO - Processing /opt/airflow/dags/crawl_crypto_prices.py took 0.050 seconds
[2026-03-23T08:47:17.676+0000] {processor.py:161} INFO - Started process (PID=10537) to work on /opt/airflow/dags/crawl_crypto_prices.py
[2026-03-23T08:47:17.677+0000] {processor.py:830} INFO - Processing file /opt/airflow/dags/crawl_crypto_prices.py for tasks to queue
[2026-03-23T08:47:17.677+0000] {logging_mixin.py:188} INFO - [2026-03-23T08:47:17.677+0000] {dagbag.py:538} INFO - Filling up the DagBag from /opt/airflow/dags/crawl_crypto_prices.py
[2026-03-23T08:47:17.688+0000] {processor.py:840} INFO - DAG(s) 'crawl_crypto_prices' retrieved from /opt/airflow/dags/crawl_crypto_prices.py
[2026-03-23T08:47:17.706+0000] {logging_mixin.py:188} INFO - [2026-03-23T08:47:17.706+0000] {dag.py:3036} INFO - Sync 1 DAGs
[2026-03-23T08:47:17.716+0000] {logging_mixin.py:188} INFO - [2026-03-23T08:47:17.716+0000] {dag.py:3823} INFO - Setting next_dagrun for crawl_crypto_prices to 2026-03-23 08:00:00+00:00, run_after=2026-03-23 09:00:00+00:00
[2026-03-23T08:47:17.723+0000] {processor.py:183} INFO - Processing /opt/airflow/dags/crawl_crypto_prices.py took 0.050 seconds
[2026-03-23T08:47:48.003+0000] {processor.py:161} INFO - Started process (PID=10542) to work on /opt/airflow/dags/crawl_crypto_prices.py
[2026-03-23T08:47:48.004+0000] {processor.py:830} INFO - Processing file /opt/airflow/dags/crawl_crypto_prices.py for tasks to queue
[2026-03-23T08:47:48.005+0000] {logging_mixin.py:188} INFO - [2026-03-23T08:47:48.004+0000] {dagbag.py:538} INFO - Filling up the DagBag from /opt/airflow/dags/crawl_crypto_prices.py
[2026-03-23T08:47:48.016+0000] {processor.py:840} INFO - DAG(s) 'crawl_crypto_prices' retrieved from /opt/airflow/dags/crawl_crypto_prices.py
[2026-03-23T08:47:48.034+0000] {logging_mixin.py:188} INFO - [2026-03-23T08:47:48.034+0000] {dag.py:3036} INFO - Sync 1 DAGs
[2026-03-23T08:47:48.043+0000] {logging_mixin.py:188} INFO - [2026-03-23T08:47:48.043+0000] {dag.py:3823} INFO - Setting next_dagrun for crawl_crypto_prices to 2026-03-23 08:00:00+00:00, run_after=2026-03-23 09:00:00+00:00
[2026-03-23T08:47:48.050+0000] {processor.py:183} INFO - Processing /opt/airflow/dags/crawl_crypto_prices.py took 0.049 seconds
[2026-03-23T08:48:18.293+0000] {processor.py:161} INFO - Started process (PID=10547) to work on /opt/airflow/dags/crawl_crypto_prices.py
[2026-03-23T08:48:18.294+0000] {processor.py:830} INFO - Processing file /opt/airflow/dags/crawl_crypto_prices.py for tasks to queue
[2026-03-23T08:48:18.295+0000] {logging_mixin.py:188} INFO - [2026-03-23T08:48:18.295+0000] {dagbag.py:538} INFO - Filling up the DagBag from /opt/airflow/dags/crawl_crypto_prices.py
[2026-03-23T08:48:18.305+0000] {processor.py:840} INFO - DAG(s) 'crawl_crypto_prices' retrieved from /opt/airflow/dags/crawl_crypto_prices.py
[2026-03-23T08:48:18.321+0000] {logging_mixin.py:188} INFO - [2026-03-23T08:48:18.321+0000] {dag.py:3036} INFO - Sync 1 DAGs
[2026-03-23T08:48:18.330+0000] {logging_mixin.py:188} INFO - [2026-03-23T08:48:18.330+0000] {dag.py:3823} INFO - Setting next_dagrun for crawl_crypto_prices to 2026-03-23 08:00:00+00:00, run_after=2026-03-23 09:00:00+00:00
[2026-03-23T08:48:18.337+0000] {processor.py:183} INFO - Processing /opt/airflow/dags/crawl_crypto_prices.py took 0.046 seconds
[2026-03-23T08:48:48.616+0000] {processor.py:161} INFO - Started process (PID=10552) to work on /opt/airflow/dags/crawl_crypto_prices.py
[2026-03-23T08:48:48.616+0000] {processor.py:830} INFO - Processing file /opt/airflow/dags/crawl_crypto_prices.py for tasks to queue
[2026-03-23T08:48:48.617+0000] {logging_mixin.py:188} INFO - [2026-03-23T08:48:48.617+0000] {dagbag.py:538} INFO - Filling up the DagBag from /opt/airflow/dags/crawl_crypto_prices.py
[2026-03-23T08:48:48.627+0000] {processor.py:840} INFO - DAG(s) 'crawl_crypto_prices' retrieved from /opt/airflow/dags/crawl_crypto_prices.py
[2026-03-23T08:48:48.646+0000] {logging_mixin.py:188} INFO - [2026-03-23T08:48:48.645+0000] {dag.py:3036} INFO - Sync 1 DAGs
[2026-03-23T08:48:48.657+0000] {logging_mixin.py:188} INFO - [2026-03-23T08:48:48.657+0000] {dag.py:3823} INFO - Setting next_dagrun for crawl_crypto_prices to 2026-03-23 08:00:00+00:00, run_after=2026-03-23 09:00:00+00:00
[2026-03-23T08:48:48.664+0000] {processor.py:183} INFO - Processing /opt/airflow/dags/crawl_crypto_prices.py took 0.051 seconds
[2026-03-23T08:49:18.918+0000] {processor.py:161} INFO - Started process (PID=10557) to work on /opt/airflow/dags/crawl_crypto_prices.py
[2026-03-23T08:49:18.920+0000] {processor.py:830} INFO - Processing file /opt/airflow/dags/crawl_crypto_prices.py for tasks to queue
[2026-03-23T08:49:18.920+0000] {logging_mixin.py:188} INFO - [2026-03-23T08:49:18.920+0000] {dagbag.py:538} INFO - Filling up the DagBag from /opt/airflow/dags/crawl_crypto_prices.py
[2026-03-23T08:49:18.931+0000] {processor.py:840} INFO - DAG(s) 'crawl_crypto_prices' retrieved from /opt/airflow/dags/crawl_crypto_prices.py
[2026-03-23T08:49:18.951+0000] {logging_mixin.py:188} INFO - [2026-03-23T08:49:18.950+0000] {dag.py:3036} INFO - Sync 1 DAGs
[2026-03-23T08:49:18.961+0000] {logging_mixin.py:188} INFO - [2026-03-23T08:49:18.961+0000] {dag.py:3823} INFO - Setting next_dagrun for crawl_crypto_prices to 2026-03-23 08:00:00+00:00, run_after=2026-03-23 09:00:00+00:00
[2026-03-23T08:49:18.967+0000] {processor.py:183} INFO - Processing /opt/airflow/dags/crawl_crypto_prices.py took 0.052 seconds
[2026-03-23T08:50:01.725+0000] {processor.py:161} INFO - Started process (PID=10562) to work on /opt/airflow/dags/crawl_crypto_prices.py
[2026-03-23T08:50:01.727+0000] {processor.py:830} INFO - Processing file /opt/airflow/dags/crawl_crypto_prices.py for tasks to queue
[2026-03-23T08:50:01.728+0000] {logging_mixin.py:188} INFO - [2026-03-23T08:50:01.727+0000] {dagbag.py:538} INFO - Filling up the DagBag from /opt/airflow/dags/crawl_crypto_prices.py
[2026-03-23T08:50:01.742+0000] {processor.py:840} INFO - DAG(s) 'crawl_crypto_prices' retrieved from /opt/airflow/dags/crawl_crypto_prices.py
[2026-03-23T08:50:01.761+0000] {logging_mixin.py:188} INFO - [2026-03-23T08:50:01.761+0000] {dag.py:3036} INFO - Sync 1 DAGs
[2026-03-23T08:50:01.772+0000] {logging_mixin.py:188} INFO - [2026-03-23T08:50:01.772+0000] {dag.py:3823} INFO - Setting next_dagrun for crawl_crypto_prices to 2026-03-23 08:00:00+00:00, run_after=2026-03-23 09:00:00+00:00
[2026-03-23T08:50:01.779+0000] {processor.py:183} INFO - Processing /opt/airflow/dags/crawl_crypto_prices.py took 0.058 seconds
[2026-03-23T08:50:32.078+0000] {processor.py:161} INFO - Started process (PID=10567) to work on /opt/airflow/dags/crawl_crypto_prices.py
[2026-03-23T08:50:32.079+0000] {processor.py:830} INFO - Processing file /opt/airflow/dags/crawl_crypto_prices.py for tasks to queue
[2026-03-23T08:50:32.079+0000] {logging_mixin.py:188} INFO - [2026-03-23T08:50:32.079+0000] {dagbag.py:538} INFO - Filling up the DagBag from /opt/airflow/dags/crawl_crypto_prices.py
[2026-03-23T08:50:32.090+0000] {processor.py:840} INFO - DAG(s) 'crawl_crypto_prices' retrieved from /opt/airflow/dags/crawl_crypto_prices.py
[2026-03-23T08:50:32.110+0000] {logging_mixin.py:188} INFO - [2026-03-23T08:50:32.109+0000] {dag.py:3036} INFO - Sync 1 DAGs
[2026-03-23T08:50:32.119+0000] {logging_mixin.py:188} INFO - [2026-03-23T08:50:32.119+0000] {dag.py:3823} INFO - Setting next_dagrun for crawl_crypto_prices to 2026-03-23 08:00:00+00:00, run_after=2026-03-23 09:00:00+00:00
[2026-03-23T08:50:32.125+0000] {processor.py:183} INFO - Processing /opt/airflow/dags/crawl_crypto_prices.py took 0.051 seconds
[2026-03-23T08:51:02.377+0000] {processor.py:161} INFO - Started process (PID=10572) to work on /opt/airflow/dags/crawl_crypto_prices.py
[2026-03-23T08:51:02.378+0000] {processor.py:830} INFO - Processing file /opt/airflow/dags/crawl_crypto_prices.py for tasks to queue
[2026-03-23T08:51:02.379+0000] {logging_mixin.py:188} INFO - [2026-03-23T08:51:02.379+0000] {dagbag.py:538} INFO - Filling up the DagBag from /opt/airflow/dags/crawl_crypto_prices.py
[2026-03-23T08:51:02.389+0000] {processor.py:840} INFO - DAG(s) 'crawl_crypto_prices' retrieved from /opt/airflow/dags/crawl_crypto_prices.py
[2026-03-23T08:51:02.407+0000] {logging_mixin.py:188} INFO - [2026-03-23T08:51:02.406+0000] {dag.py:3036} INFO - Sync 1 DAGs
[2026-03-23T08:51:02.416+0000] {logging_mixin.py:188} INFO - [2026-03-23T08:51:02.416+0000] {dag.py:3823} INFO - Setting next_dagrun for crawl_crypto_prices to 2026-03-23 08:00:00+00:00, run_after=2026-03-23 09:00:00+00:00
[2026-03-23T08:51:02.423+0000] {processor.py:183} INFO - Processing /opt/airflow/dags/crawl_crypto_prices.py took 0.049 seconds
[2026-03-23T08:51:32.660+0000] {processor.py:161} INFO - Started process (PID=10577) to work on /opt/airflow/dags/crawl_crypto_prices.py
[2026-03-23T08:51:32.661+0000] {processor.py:830} INFO - Processing file /opt/airflow/dags/crawl_crypto_prices.py for tasks to queue
[2026-03-23T08:51:32.662+0000] {logging_mixin.py:188} INFO - [2026-03-23T08:51:32.662+0000] {dagbag.py:538} INFO - Filling up the DagBag from /opt/airflow/dags/crawl_crypto_prices.py
[2026-03-23T08:51:32.673+0000] {processor.py:840} INFO - DAG(s) 'crawl_crypto_prices' retrieved from /opt/airflow/dags/crawl_crypto_prices.py
[2026-03-23T08:51:32.692+0000] {logging_mixin.py:188} INFO - [2026-03-23T08:51:32.692+0000] {dag.py:3036} INFO - Sync 1 DAGs
[2026-03-23T08:51:32.703+0000] {logging_mixin.py:188} INFO - [2026-03-23T08:51:32.703+0000] {dag.py:3823} INFO - Setting next_dagrun for crawl_crypto_prices to 2026-03-23 08:00:00+00:00, run_after=2026-03-23 09:00:00+00:00
[2026-03-23T08:51:32.709+0000] {processor.py:183} INFO - Processing /opt/airflow/dags/crawl_crypto_prices.py took 0.052 seconds
[2026-03-23T08:52:02.957+0000] {processor.py:161} INFO - Started process (PID=10582) to work on /opt/airflow/dags/crawl_crypto_prices.py
[2026-03-23T08:52:02.958+0000] {processor.py:830} INFO - Processing file /opt/airflow/dags/crawl_crypto_prices.py for tasks to queue
[2026-03-23T08:52:02.958+0000] {logging_mixin.py:188} INFO - [2026-03-23T08:52:02.958+0000] {dagbag.py:538} INFO - Filling up the DagBag from /opt/airflow/dags/crawl_crypto_prices.py
[2026-03-23T08:52:02.970+0000] {processor.py:840} INFO - DAG(s) 'crawl_crypto_prices' retrieved from /opt/airflow/dags/crawl_crypto_prices.py
[2026-03-23T08:52:02.989+0000] {logging_mixin.py:188} INFO - [2026-03-23T08:52:02.989+0000] {dag.py:3036} INFO - Sync 1 DAGs
[2026-03-23T08:52:02.999+0000] {logging_mixin.py:188} INFO - [2026-03-23T08:52:02.999+0000] {dag.py:3823} INFO - Setting next_dagrun for crawl_crypto_prices to 2026-03-23 08:00:00+00:00, run_after=2026-03-23 09:00:00+00:00
[2026-03-23T08:52:03.005+0000] {processor.py:183} INFO - Processing /opt/airflow/dags/crawl_crypto_prices.py took 0.052 seconds
[2026-03-23T08:52:20.131+0000] {processor.py:161} INFO - Started process (PID=10587) to work on /opt/airflow/dags/crawl_crypto_prices.py
[2026-03-23T08:52:20.132+0000] {processor.py:830} INFO - Processing file /opt/airflow/dags/crawl_crypto_prices.py for tasks to queue
[2026-03-23T08:52:20.133+0000] {logging_mixin.py:188} INFO - [2026-03-23T08:52:20.132+0000] {dagbag.py:538} INFO - Filling up the DagBag from /opt/airflow/dags/crawl_crypto_prices.py
[2026-03-23T08:52:20.145+0000] {processor.py:840} INFO - DAG(s) 'crawl_crypto_prices' retrieved from /opt/airflow/dags/crawl_crypto_prices.py
[2026-03-23T08:52:20.162+0000] {logging_mixin.py:188} INFO - [2026-03-23T08:52:20.161+0000] {dag.py:3036} INFO - Sync 1 DAGs
[2026-03-23T08:52:20.173+0000] {logging_mixin.py:188} INFO - [2026-03-23T08:52:20.173+0000] {dag.py:3823} INFO - Setting next_dagrun for crawl_crypto_prices to 2026-03-23 08:00:00+00:00, run_after=2026-03-23 09:00:00+00:00
[2026-03-23T08:52:20.180+0000] {processor.py:183} INFO - Processing /opt/airflow/dags/crawl_crypto_prices.py took 0.052 seconds
[2026-03-23T08:52:40.348+0000] {processor.py:161} INFO - Started process (PID=10592) to work on /opt/airflow/dags/crawl_crypto_prices.py
[2026-03-23T08:52:40.350+0000] {processor.py:830} INFO - Processing file /opt/airflow/dags/crawl_crypto_prices.py for tasks to queue
[2026-03-23T08:52:40.351+0000] {logging_mixin.py:188} INFO - [2026-03-23T08:52:40.351+0000] {dagbag.py:538} INFO - Filling up the DagBag from /opt/airflow/dags/crawl_crypto_prices.py
[2026-03-23T08:52:40.364+0000] {processor.py:840} INFO - DAG(s) 'crawl_crypto_prices' retrieved from /opt/airflow/dags/crawl_crypto_prices.py
[2026-03-23T08:52:40.380+0000] {logging_mixin.py:188} INFO - [2026-03-23T08:52:40.379+0000] {dag.py:3036} INFO - Sync 1 DAGs
[2026-03-23T08:52:40.389+0000] {logging_mixin.py:188} INFO - [2026-03-23T08:52:40.389+0000] {dag.py:3823} INFO - Setting next_dagrun for crawl_crypto_prices to 2026-03-23 08:00:00+00:00, run_after=2026-03-23 09:00:00+00:00
[2026-03-23T08:52:40.396+0000] {processor.py:183} INFO - Processing /opt/airflow/dags/crawl_crypto_prices.py took 0.051 seconds
[2026-03-23T08:53:10.671+0000] {processor.py:161} INFO - Started process (PID=10597) to work on /opt/airflow/dags/crawl_crypto_prices.py
[2026-03-23T08:53:10.672+0000] {processor.py:830} INFO - Processing file /opt/airflow/dags/crawl_crypto_prices.py for tasks to queue
[2026-03-23T08:53:10.674+0000] {logging_mixin.py:188} INFO - [2026-03-23T08:53:10.673+0000] {dagbag.py:538} INFO - Filling up the DagBag from /opt/airflow/dags/crawl_crypto_prices.py
[2026-03-23T08:53:10.685+0000] {processor.py:840} INFO - DAG(s) 'crawl_crypto_prices' retrieved from /opt/airflow/dags/crawl_crypto_prices.py
[2026-03-23T08:53:10.703+0000] {logging_mixin.py:188} INFO - [2026-03-23T08:53:10.703+0000] {dag.py:3036} INFO - Sync 1 DAGs
[2026-03-23T08:53:10.713+0000] {logging_mixin.py:188} INFO - [2026-03-23T08:53:10.713+0000] {dag.py:3823} INFO - Setting next_dagrun for crawl_crypto_prices to 2026-03-23 08:00:00+00:00, run_after=2026-03-23 09:00:00+00:00
[2026-03-23T08:53:10.719+0000] {processor.py:183} INFO - Processing /opt/airflow/dags/crawl_crypto_prices.py took 0.052 seconds
[2026-03-23T08:53:40.959+0000] {processor.py:161} INFO - Started process (PID=10602) to work on /opt/airflow/dags/crawl_crypto_prices.py
[2026-03-23T08:53:40.960+0000] {processor.py:830} INFO - Processing file /opt/airflow/dags/crawl_crypto_prices.py for tasks to queue
[2026-03-23T08:53:40.961+0000] {logging_mixin.py:188} INFO - [2026-03-23T08:53:40.961+0000] {dagbag.py:538} INFO - Filling up the DagBag from /opt/airflow/dags/crawl_crypto_prices.py
[2026-03-23T08:53:40.973+0000] {processor.py:840} INFO - DAG(s) 'crawl_crypto_prices' retrieved from /opt/airflow/dags/crawl_crypto_prices.py
[2026-03-23T08:53:40.991+0000] {logging_mixin.py:188} INFO - [2026-03-23T08:53:40.991+0000] {dag.py:3036} INFO - Sync 1 DAGs
[2026-03-23T08:53:41.002+0000] {logging_mixin.py:188} INFO - [2026-03-23T08:53:41.002+0000] {dag.py:3823} INFO - Setting next_dagrun for crawl_crypto_prices to 2026-03-23 08:00:00+00:00, run_after=2026-03-23 09:00:00+00:00
[2026-03-23T08:53:41.010+0000] {processor.py:183} INFO - Processing /opt/airflow/dags/crawl_crypto_prices.py took 0.054 seconds
[2026-03-23T08:53:55.113+0000] {processor.py:161} INFO - Started process (PID=10607) to work on /opt/airflow/dags/crawl_crypto_prices.py
[2026-03-23T08:53:55.113+0000] {processor.py:830} INFO - Processing file /opt/airflow/dags/crawl_crypto_prices.py for tasks to queue
[2026-03-23T08:53:55.114+0000] {logging_mixin.py:188} INFO - [2026-03-23T08:53:55.114+0000] {dagbag.py:538} INFO - Filling up the DagBag from /opt/airflow/dags/crawl_crypto_prices.py
[2026-03-23T08:53:55.125+0000] {processor.py:840} INFO - DAG(s) 'crawl_crypto_prices' retrieved from /opt/airflow/dags/crawl_crypto_prices.py
[2026-03-23T08:53:55.143+0000] {logging_mixin.py:188} INFO - [2026-03-23T08:53:55.142+0000] {dag.py:3036} INFO - Sync 1 DAGs
[2026-03-23T08:53:55.152+0000] {logging_mixin.py:188} INFO - [2026-03-23T08:53:55.152+0000] {dag.py:3823} INFO - Setting next_dagrun for crawl_crypto_prices to 2026-03-23 08:00:00+00:00, run_after=2026-03-23 09:00:00+00:00
[2026-03-23T08:53:55.164+0000] {processor.py:183} INFO - Processing /opt/airflow/dags/crawl_crypto_prices.py took 0.055 seconds
[2026-03-23T08:54:25.429+0000] {processor.py:161} INFO - Started process (PID=10612) to work on /opt/airflow/dags/crawl_crypto_prices.py
[2026-03-23T08:54:25.431+0000] {processor.py:830} INFO - Processing file /opt/airflow/dags/crawl_crypto_prices.py for tasks to queue
[2026-03-23T08:54:25.431+0000] {logging_mixin.py:188} INFO - [2026-03-23T08:54:25.431+0000] {dagbag.py:538} INFO - Filling up the DagBag from /opt/airflow/dags/crawl_crypto_prices.py
[2026-03-23T08:54:25.444+0000] {processor.py:840} INFO - DAG(s) 'crawl_crypto_prices' retrieved from /opt/airflow/dags/crawl_crypto_prices.py
[2026-03-23T08:54:25.464+0000] {logging_mixin.py:188} INFO - [2026-03-23T08:54:25.463+0000] {dag.py:3036} INFO - Sync 1 DAGs
[2026-03-23T08:54:25.475+0000] {logging_mixin.py:188} INFO - [2026-03-23T08:54:25.475+0000] {dag.py:3823} INFO - Setting next_dagrun for crawl_crypto_prices to 2026-03-23 08:00:00+00:00, run_after=2026-03-23 09:00:00+00:00
[2026-03-23T08:54:25.481+0000] {processor.py:183} INFO - Processing /opt/airflow/dags/crawl_crypto_prices.py took 0.055 seconds
[2026-03-23T08:54:55.750+0000] {processor.py:161} INFO - Started process (PID=10617) to work on /opt/airflow/dags/crawl_crypto_prices.py
[2026-03-23T08:54:55.751+0000] {processor.py:830} INFO - Processing file /opt/airflow/dags/crawl_crypto_prices.py for tasks to queue
[2026-03-23T08:54:55.752+0000] {logging_mixin.py:188} INFO - [2026-03-23T08:54:55.751+0000] {dagbag.py:538} INFO - Filling up the DagBag from /opt/airflow/dags/crawl_crypto_prices.py
[2026-03-23T08:54:55.765+0000] {processor.py:840} INFO - DAG(s) 'crawl_crypto_prices' retrieved from /opt/airflow/dags/crawl_crypto_prices.py
[2026-03-23T08:54:55.786+0000] {logging_mixin.py:188} INFO - [2026-03-23T08:54:55.786+0000] {dag.py:3036} INFO - Sync 1 DAGs
[2026-03-23T08:54:55.797+0000] {logging_mixin.py:188} INFO - [2026-03-23T08:54:55.797+0000] {dag.py:3823} INFO - Setting next_dagrun for crawl_crypto_prices to 2026-03-23 08:00:00+00:00, run_after=2026-03-23 09:00:00+00:00
[2026-03-23T08:54:55.803+0000] {processor.py:183} INFO - Processing /opt/airflow/dags/crawl_crypto_prices.py took 0.057 seconds
[2026-03-23T08:55:26.030+0000] {processor.py:161} INFO - Started process (PID=10622) to work on /opt/airflow/dags/crawl_crypto_prices.py
[2026-03-23T08:55:26.031+0000] {processor.py:830} INFO - Processing file /opt/airflow/dags/crawl_crypto_prices.py for tasks to queue
[2026-03-23T08:55:26.032+0000] {logging_mixin.py:188} INFO - [2026-03-23T08:55:26.032+0000] {dagbag.py:538} INFO - Filling up the DagBag from /opt/airflow/dags/crawl_crypto_prices.py
[2026-03-23T08:55:26.043+0000] {processor.py:840} INFO - DAG(s) 'crawl_crypto_prices' retrieved from /opt/airflow/dags/crawl_crypto_prices.py
[2026-03-23T08:55:26.063+0000] {logging_mixin.py:188} INFO - [2026-03-23T08:55:26.063+0000] {dag.py:3036} INFO - Sync 1 DAGs
[2026-03-23T08:55:26.074+0000] {logging_mixin.py:188} INFO - [2026-03-23T08:55:26.074+0000] {dag.py:3823} INFO - Setting next_dagrun for crawl_crypto_prices to 2026-03-23 08:00:00+00:00, run_after=2026-03-23 09:00:00+00:00
[2026-03-23T08:55:26.081+0000] {processor.py:183} INFO - Processing /opt/airflow/dags/crawl_crypto_prices.py took 0.054 seconds
[2026-03-23T08:55:56.372+0000] {processor.py:161} INFO - Started process (PID=10627) to work on /opt/airflow/dags/crawl_crypto_prices.py
[2026-03-23T08:55:56.374+0000] {processor.py:830} INFO - Processing file /opt/airflow/dags/crawl_crypto_prices.py for tasks to queue
[2026-03-23T08:55:56.374+0000] {logging_mixin.py:188} INFO - [2026-03-23T08:55:56.374+0000] {dagbag.py:538} INFO - Filling up the DagBag from /opt/airflow/dags/crawl_crypto_prices.py
[2026-03-23T08:55:56.388+0000] {processor.py:840} INFO - DAG(s) 'crawl_crypto_prices' retrieved from /opt/airflow/dags/crawl_crypto_prices.py
[2026-03-23T08:55:56.408+0000] {logging_mixin.py:188} INFO - [2026-03-23T08:55:56.408+0000] {dag.py:3036} INFO - Sync 1 DAGs
[2026-03-23T08:55:56.417+0000] {logging_mixin.py:188} INFO - [2026-03-23T08:55:56.417+0000] {dag.py:3823} INFO - Setting next_dagrun for crawl_crypto_prices to 2026-03-23 08:00:00+00:00, run_after=2026-03-23 09:00:00+00:00
[2026-03-23T08:55:56.423+0000] {processor.py:183} INFO - Processing /opt/airflow/dags/crawl_crypto_prices.py took 0.055 seconds
[2026-03-23T08:56:26.717+0000] {processor.py:161} INFO - Started process (PID=10632) to work on /opt/airflow/dags/crawl_crypto_prices.py
[2026-03-23T08:56:26.719+0000] {processor.py:830} INFO - Processing file /opt/airflow/dags/crawl_crypto_prices.py for tasks to queue
[2026-03-23T08:56:26.719+0000] {logging_mixin.py:188} INFO - [2026-03-23T08:56:26.719+0000] {dagbag.py:538} INFO - Filling up the DagBag from /opt/airflow/dags/crawl_crypto_prices.py
[2026-03-23T08:56:26.730+0000] {processor.py:840} INFO - DAG(s) 'crawl_crypto_prices' retrieved from /opt/airflow/dags/crawl_crypto_prices.py
[2026-03-23T08:56:26.751+0000] {logging_mixin.py:188} INFO - [2026-03-23T08:56:26.750+0000] {dag.py:3036} INFO - Sync 1 DAGs
[2026-03-23T08:56:26.762+0000] {logging_mixin.py:188} INFO - [2026-03-23T08:56:26.762+0000] {dag.py:3823} INFO - Setting next_dagrun for crawl_crypto_prices to 2026-03-23 08:00:00+00:00, run_after=2026-03-23 09:00:00+00:00
[2026-03-23T08:56:26.769+0000] {processor.py:183} INFO - Processing /opt/airflow/dags/crawl_crypto_prices.py took 0.055 seconds
[2026-03-23T08:56:57.049+0000] {processor.py:161} INFO - Started process (PID=10637) to work on /opt/airflow/dags/crawl_crypto_prices.py
[2026-03-23T08:56:57.050+0000] {processor.py:830} INFO - Processing file /opt/airflow/dags/crawl_crypto_prices.py for tasks to queue
[2026-03-23T08:56:57.051+0000] {logging_mixin.py:188} INFO - [2026-03-23T08:56:57.051+0000] {dagbag.py:538} INFO - Filling up the DagBag from /opt/airflow/dags/crawl_crypto_prices.py
[2026-03-23T08:56:57.061+0000] {processor.py:840} INFO - DAG(s) 'crawl_crypto_prices' retrieved from /opt/airflow/dags/crawl_crypto_prices.py
[2026-03-23T08:56:57.075+0000] {logging_mixin.py:188} INFO - [2026-03-23T08:56:57.075+0000] {dag.py:3036} INFO - Sync 1 DAGs
[2026-03-23T08:56:57.085+0000] {logging_mixin.py:188} INFO - [2026-03-23T08:56:57.085+0000] {dag.py:3823} INFO - Setting next_dagrun for crawl_crypto_prices to 2026-03-23 08:00:00+00:00, run_after=2026-03-23 09:00:00+00:00
[2026-03-23T08:56:57.092+0000] {processor.py:183} INFO - Processing /opt/airflow/dags/crawl_crypto_prices.py took 0.046 seconds
[2026-03-23T08:57:27.391+0000] {processor.py:161} INFO - Started process (PID=10642) to work on /opt/airflow/dags/crawl_crypto_prices.py
[2026-03-23T08:57:27.392+0000] {processor.py:830} INFO - Processing file /opt/airflow/dags/crawl_crypto_prices.py for tasks to queue
[2026-03-23T08:57:27.392+0000] {logging_mixin.py:188} INFO - [2026-03-23T08:57:27.392+0000] {dagbag.py:538} INFO - Filling up the DagBag from /opt/airflow/dags/crawl_crypto_prices.py
[2026-03-23T08:57:27.404+0000] {processor.py:840} INFO - DAG(s) 'crawl_crypto_prices' retrieved from /opt/airflow/dags/crawl_crypto_prices.py
[2026-03-23T08:57:27.423+0000] {logging_mixin.py:188} INFO - [2026-03-23T08:57:27.423+0000] {dag.py:3036} INFO - Sync 1 DAGs
[2026-03-23T08:57:27.434+0000] {logging_mixin.py:188} INFO - [2026-03-23T08:57:27.434+0000] {dag.py:3823} INFO - Setting next_dagrun for crawl_crypto_prices to 2026-03-23 08:00:00+00:00, run_after=2026-03-23 09:00:00+00:00
[2026-03-23T08:57:27.441+0000] {processor.py:183} INFO - Processing /opt/airflow/dags/crawl_crypto_prices.py took 0.054 seconds
[2026-03-23T08:57:57.720+0000] {processor.py:161} INFO - Started process (PID=10647) to work on /opt/airflow/dags/crawl_crypto_prices.py
[2026-03-23T08:57:57.721+0000] {processor.py:830} INFO - Processing file /opt/airflow/dags/crawl_crypto_prices.py for tasks to queue
[2026-03-23T08:57:57.722+0000] {logging_mixin.py:188} INFO - [2026-03-23T08:57:57.722+0000] {dagbag.py:538} INFO - Filling up the DagBag from /opt/airflow/dags/crawl_crypto_prices.py
[2026-03-23T08:57:57.733+0000] {processor.py:840} INFO - DAG(s) 'crawl_crypto_prices' retrieved from /opt/airflow/dags/crawl_crypto_prices.py
[2026-03-23T08:57:57.752+0000] {logging_mixin.py:188} INFO - [2026-03-23T08:57:57.752+0000] {dag.py:3036} INFO - Sync 1 DAGs
[2026-03-23T08:57:57.762+0000] {logging_mixin.py:188} INFO - [2026-03-23T08:57:57.762+0000] {dag.py:3823} INFO - Setting next_dagrun for crawl_crypto_prices to 2026-03-23 08:00:00+00:00, run_after=2026-03-23 09:00:00+00:00
[2026-03-23T08:57:57.769+0000] {processor.py:183} INFO - Processing /opt/airflow/dags/crawl_crypto_prices.py took 0.052 seconds
[2026-03-23T08:58:27.980+0000] {processor.py:161} INFO - Started process (PID=10652) to work on /opt/airflow/dags/crawl_crypto_prices.py
[2026-03-23T08:58:27.981+0000] {processor.py:830} INFO - Processing file /opt/airflow/dags/crawl_crypto_prices.py for tasks to queue
[2026-03-23T08:58:27.982+0000] {logging_mixin.py:188} INFO - [2026-03-23T08:58:27.982+0000] {dagbag.py:538} INFO - Filling up the DagBag from /opt/airflow/dags/crawl_crypto_prices.py
[2026-03-23T08:58:27.993+0000] {processor.py:840} INFO - DAG(s) 'crawl_crypto_prices' retrieved from /opt/airflow/dags/crawl_crypto_prices.py
[2026-03-23T08:58:28.011+0000] {logging_mixin.py:188} INFO - [2026-03-23T08:58:28.011+0000] {dag.py:3036} INFO - Sync 1 DAGs
[2026-03-23T08:58:28.021+0000] {logging_mixin.py:188} INFO - [2026-03-23T08:58:28.021+0000] {dag.py:3823} INFO - Setting next_dagrun for crawl_crypto_prices to 2026-03-23 08:00:00+00:00, run_after=2026-03-23 09:00:00+00:00
[2026-03-23T08:58:28.026+0000] {processor.py:183} INFO - Processing /opt/airflow/dags/crawl_crypto_prices.py took 0.050 seconds
[2026-03-23T08:58:58.285+0000] {processor.py:161} INFO - Started process (PID=10657) to work on /opt/airflow/dags/crawl_crypto_prices.py
[2026-03-23T08:58:58.286+0000] {processor.py:830} INFO - Processing file /opt/airflow/dags/crawl_crypto_prices.py for tasks to queue
[2026-03-23T08:58:58.286+0000] {logging_mixin.py:188} INFO - [2026-03-23T08:58:58.286+0000] {dagbag.py:538} INFO - Filling up the DagBag from /opt/airflow/dags/crawl_crypto_prices.py
[2026-03-23T08:58:58.298+0000] {processor.py:840} INFO - DAG(s) 'crawl_crypto_prices' retrieved from /opt/airflow/dags/crawl_crypto_prices.py
[2026-03-23T08:58:58.316+0000] {logging_mixin.py:188} INFO - [2026-03-23T08:58:58.316+0000] {dag.py:3036} INFO - Sync 1 DAGs
[2026-03-23T08:58:58.327+0000] {logging_mixin.py:188} INFO - [2026-03-23T08:58:58.327+0000] {dag.py:3823} INFO - Setting next_dagrun for crawl_crypto_prices to 2026-03-23 08:00:00+00:00, run_after=2026-03-23 09:00:00+00:00
[2026-03-23T08:58:58.333+0000] {processor.py:183} INFO - Processing /opt/airflow/dags/crawl_crypto_prices.py took 0.052 seconds
[2026-03-23T08:59:28.607+0000] {processor.py:161} INFO - Started process (PID=10662) to work on /opt/airflow/dags/crawl_crypto_prices.py
[2026-03-23T08:59:28.608+0000] {processor.py:830} INFO - Processing file /opt/airflow/dags/crawl_crypto_prices.py for tasks to queue
[2026-03-23T08:59:28.609+0000] {logging_mixin.py:188} INFO - [2026-03-23T08:59:28.609+0000] {dagbag.py:538} INFO - Filling up the DagBag from /opt/airflow/dags/crawl_crypto_prices.py
[2026-03-23T08:59:28.620+0000] {processor.py:840} INFO - DAG(s) 'crawl_crypto_prices' retrieved from /opt/airflow/dags/crawl_crypto_prices.py
[2026-03-23T08:59:28.638+0000] {logging_mixin.py:188} INFO - [2026-03-23T08:59:28.638+0000] {dag.py:3036} INFO - Sync 1 DAGs
[2026-03-23T08:59:28.648+0000] {logging_mixin.py:188} INFO - [2026-03-23T08:59:28.648+0000] {dag.py:3823} INFO - Setting next_dagrun for crawl_crypto_prices to 2026-03-23 08:00:00+00:00, run_after=2026-03-23 09:00:00+00:00
[2026-03-23T08:59:28.655+0000] {processor.py:183} INFO - Processing /opt/airflow/dags/crawl_crypto_prices.py took 0.051 seconds
[2026-03-23T08:59:58.930+0000] {processor.py:161} INFO - Started process (PID=10667) to work on /opt/airflow/dags/crawl_crypto_prices.py
[2026-03-23T08:59:58.931+0000] {processor.py:830} INFO - Processing file /opt/airflow/dags/crawl_crypto_prices.py for tasks to queue
[2026-03-23T08:59:58.932+0000] {logging_mixin.py:188} INFO - [2026-03-23T08:59:58.932+0000] {dagbag.py:538} INFO - Filling up the DagBag from /opt/airflow/dags/crawl_crypto_prices.py
[2026-03-23T08:59:58.943+0000] {processor.py:840} INFO - DAG(s) 'crawl_crypto_prices' retrieved from /opt/airflow/dags/crawl_crypto_prices.py
[2026-03-23T08:59:58.961+0000] {logging_mixin.py:188} INFO - [2026-03-23T08:59:58.961+0000] {dag.py:3036} INFO - Sync 1 DAGs
[2026-03-23T08:59:58.972+0000] {logging_mixin.py:188} INFO - [2026-03-23T08:59:58.972+0000] {dag.py:3823} INFO - Setting next_dagrun for crawl_crypto_prices to 2026-03-23 08:00:00+00:00, run_after=2026-03-23 09:00:00+00:00
[2026-03-23T08:59:58.978+0000] {processor.py:183} INFO - Processing /opt/airflow/dags/crawl_crypto_prices.py took 0.051 seconds
[2026-03-23T09:00:29.256+0000] {processor.py:161} INFO - Started process (PID=10674) to work on /opt/airflow/dags/crawl_crypto_prices.py
[2026-03-23T09:00:29.257+0000] {processor.py:830} INFO - Processing file /opt/airflow/dags/crawl_crypto_prices.py for tasks to queue
[2026-03-23T09:00:29.257+0000] {logging_mixin.py:188} INFO - [2026-03-23T09:00:29.257+0000] {dagbag.py:538} INFO - Filling up the DagBag from /opt/airflow/dags/crawl_crypto_prices.py
[2026-03-23T09:00:29.263+0000] {processor.py:840} INFO - DAG(s) 'crawl_crypto_prices' retrieved from /opt/airflow/dags/crawl_crypto_prices.py
[2026-03-23T09:00:29.274+0000] {logging_mixin.py:188} INFO - [2026-03-23T09:00:29.274+0000] {dag.py:3036} INFO - Sync 1 DAGs
[2026-03-23T09:00:29.282+0000] {logging_mixin.py:188} INFO - [2026-03-23T09:00:29.282+0000] {dag.py:3823} INFO - Setting next_dagrun for crawl_crypto_prices to 2026-03-23 09:00:00+00:00, run_after=2026-03-23 10:00:00+00:00
[2026-03-23T09:00:29.287+0000] {processor.py:183} INFO - Processing /opt/airflow/dags/crawl_crypto_prices.py took 0.034 seconds
[2026-03-23T09:00:59.573+0000] {processor.py:161} INFO - Started process (PID=10679) to work on /opt/airflow/dags/crawl_crypto_prices.py
[2026-03-23T09:00:59.574+0000] {processor.py:830} INFO - Processing file /opt/airflow/dags/crawl_crypto_prices.py for tasks to queue
[2026-03-23T09:00:59.575+0000] {logging_mixin.py:188} INFO - [2026-03-23T09:00:59.575+0000] {dagbag.py:538} INFO - Filling up the DagBag from /opt/airflow/dags/crawl_crypto_prices.py
[2026-03-23T09:00:59.586+0000] {processor.py:840} INFO - DAG(s) 'crawl_crypto_prices' retrieved from /opt/airflow/dags/crawl_crypto_prices.py
[2026-03-23T09:00:59.605+0000] {logging_mixin.py:188} INFO - [2026-03-23T09:00:59.605+0000] {dag.py:3036} INFO - Sync 1 DAGs
[2026-03-23T09:00:59.616+0000] {logging_mixin.py:188} INFO - [2026-03-23T09:00:59.615+0000] {dag.py:3823} INFO - Setting next_dagrun for crawl_crypto_prices to 2026-03-23 09:00:00+00:00, run_after=2026-03-23 10:00:00+00:00
[2026-03-23T09:00:59.622+0000] {processor.py:183} INFO - Processing /opt/airflow/dags/crawl_crypto_prices.py took 0.052 seconds
[2026-03-23T09:01:29.902+0000] {processor.py:161} INFO - Started process (PID=10684) to work on /opt/airflow/dags/crawl_crypto_prices.py
[2026-03-23T09:01:29.903+0000] {processor.py:830} INFO - Processing file /opt/airflow/dags/crawl_crypto_prices.py for tasks to queue
[2026-03-23T09:01:29.903+0000] {logging_mixin.py:188} INFO - [2026-03-23T09:01:29.903+0000] {dagbag.py:538} INFO - Filling up the DagBag from /opt/airflow/dags/crawl_crypto_prices.py
[2026-03-23T09:01:29.909+0000] {processor.py:840} INFO - DAG(s) 'crawl_crypto_prices' retrieved from /opt/airflow/dags/crawl_crypto_prices.py
[2026-03-23T09:01:29.920+0000] {logging_mixin.py:188} INFO - [2026-03-23T09:01:29.920+0000] {dag.py:3036} INFO - Sync 1 DAGs
[2026-03-23T09:01:29.928+0000] {logging_mixin.py:188} INFO - [2026-03-23T09:01:29.928+0000] {dag.py:3823} INFO - Setting next_dagrun for crawl_crypto_prices to 2026-03-23 09:00:00+00:00, run_after=2026-03-23 10:00:00+00:00
[2026-03-23T09:01:29.934+0000] {processor.py:183} INFO - Processing /opt/airflow/dags/crawl_crypto_prices.py took 0.033 seconds
[2026-03-23T09:01:40.019+0000] {processor.py:161} INFO - Started process (PID=10689) to work on /opt/airflow/dags/crawl_crypto_prices.py
[2026-03-23T09:01:40.020+0000] {processor.py:830} INFO - Processing file /opt/airflow/dags/crawl_crypto_prices.py for tasks to queue
[2026-03-23T09:01:40.021+0000] {logging_mixin.py:188} INFO - [2026-03-23T09:01:40.020+0000] {dagbag.py:538} INFO - Filling up the DagBag from /opt/airflow/dags/crawl_crypto_prices.py
[2026-03-23T09:01:40.031+0000] {processor.py:840} INFO - DAG(s) 'crawl_crypto_prices' retrieved from /opt/airflow/dags/crawl_crypto_prices.py
[2026-03-23T09:01:40.046+0000] {logging_mixin.py:188} INFO - [2026-03-23T09:01:40.046+0000] {dag.py:3036} INFO - Sync 1 DAGs
[2026-03-23T09:01:40.055+0000] {logging_mixin.py:188} INFO - [2026-03-23T09:01:40.055+0000] {dag.py:3823} INFO - Setting next_dagrun for crawl_crypto_prices to 2026-03-23 09:00:00+00:00, run_after=2026-03-23 10:00:00+00:00
[2026-03-23T09:01:40.064+0000] {processor.py:183} INFO - Processing /opt/airflow/dags/crawl_crypto_prices.py took 0.047 seconds
[2026-03-23T09:02:10.322+0000] {processor.py:161} INFO - Started process (PID=10694) to work on /opt/airflow/dags/crawl_crypto_prices.py
[2026-03-23T09:02:10.323+0000] {processor.py:830} INFO - Processing file /opt/airflow/dags/crawl_crypto_prices.py for tasks to queue
[2026-03-23T09:02:10.323+0000] {logging_mixin.py:188} INFO - [2026-03-23T09:02:10.323+0000] {dagbag.py:538} INFO - Filling up the DagBag from /opt/airflow/dags/crawl_crypto_prices.py
[2026-03-23T09:02:10.333+0000] {processor.py:840} INFO - DAG(s) 'crawl_crypto_prices' retrieved from /opt/airflow/dags/crawl_crypto_prices.py
[2026-03-23T09:02:10.348+0000] {logging_mixin.py:188} INFO - [2026-03-23T09:02:10.348+0000] {dag.py:3036} INFO - Sync 1 DAGs
[2026-03-23T09:02:10.358+0000] {logging_mixin.py:188} INFO - [2026-03-23T09:02:10.358+0000] {dag.py:3823} INFO - Setting next_dagrun for crawl_crypto_prices to 2026-03-23 09:00:00+00:00, run_after=2026-03-23 10:00:00+00:00
[2026-03-23T09:02:10.364+0000] {processor.py:183} INFO - Processing /opt/airflow/dags/crawl_crypto_prices.py took 0.045 seconds
[2026-03-23T09:02:17.402+0000] {processor.py:161} INFO - Started process (PID=10699) to work on /opt/airflow/dags/crawl_crypto_prices.py
[2026-03-23T09:02:17.403+0000] {processor.py:830} INFO - Processing file /opt/airflow/dags/crawl_crypto_prices.py for tasks to queue
[2026-03-23T09:02:17.404+0000] {logging_mixin.py:188} INFO - [2026-03-23T09:02:17.403+0000] {dagbag.py:538} INFO - Filling up the DagBag from /opt/airflow/dags/crawl_crypto_prices.py
[2026-03-23T09:02:17.414+0000] {processor.py:840} INFO - DAG(s) 'crawl_crypto_prices' retrieved from /opt/airflow/dags/crawl_crypto_prices.py
[2026-03-23T09:02:17.464+0000] {logging_mixin.py:188} INFO - [2026-03-23T09:02:17.464+0000] {dag.py:3036} INFO - Sync 1 DAGs
[2026-03-23T09:02:17.471+0000] {logging_mixin.py:188} INFO - [2026-03-23T09:02:17.471+0000] {dag.py:3823} INFO - Setting next_dagrun for crawl_crypto_prices to 2026-03-23 09:00:00+00:00, run_after=2026-03-23 10:00:00+00:00
[2026-03-23T09:02:17.478+0000] {processor.py:183} INFO - Processing /opt/airflow/dags/crawl_crypto_prices.py took 0.079 seconds
[2026-03-23T09:02:47.741+0000] {processor.py:161} INFO - Started process (PID=10704) to work on /opt/airflow/dags/crawl_crypto_prices.py
[2026-03-23T09:02:47.743+0000] {processor.py:830} INFO - Processing file /opt/airflow/dags/crawl_crypto_prices.py for tasks to queue
[2026-03-23T09:02:47.743+0000] {logging_mixin.py:188} INFO - [2026-03-23T09:02:47.743+0000] {dagbag.py:538} INFO - Filling up the DagBag from /opt/airflow/dags/crawl_crypto_prices.py
[2026-03-23T09:02:47.756+0000] {processor.py:840} INFO - DAG(s) 'crawl_crypto_prices' retrieved from /opt/airflow/dags/crawl_crypto_prices.py
[2026-03-23T09:02:47.773+0000] {logging_mixin.py:188} INFO - [2026-03-23T09:02:47.773+0000] {dag.py:3036} INFO - Sync 1 DAGs
[2026-03-23T09:02:47.783+0000] {logging_mixin.py:188} INFO - [2026-03-23T09:02:47.783+0000] {dag.py:3823} INFO - Setting next_dagrun for crawl_crypto_prices to 2026-03-23 09:00:00+00:00, run_after=2026-03-23 10:00:00+00:00
[2026-03-23T09:02:47.790+0000] {processor.py:183} INFO - Processing /opt/airflow/dags/crawl_crypto_prices.py took 0.052 seconds
[2026-03-23T09:03:18.057+0000] {processor.py:161} INFO - Started process (PID=10709) to work on /opt/airflow/dags/crawl_crypto_prices.py
[2026-03-23T09:03:18.058+0000] {processor.py:830} INFO - Processing file /opt/airflow/dags/crawl_crypto_prices.py for tasks to queue
[2026-03-23T09:03:18.058+0000] {logging_mixin.py:188} INFO - [2026-03-23T09:03:18.058+0000] {dagbag.py:538} INFO - Filling up the DagBag from /opt/airflow/dags/crawl_crypto_prices.py
[2026-03-23T09:03:18.068+0000] {processor.py:840} INFO - DAG(s) 'crawl_crypto_prices' retrieved from /opt/airflow/dags/crawl_crypto_prices.py
[2026-03-23T09:03:18.086+0000] {logging_mixin.py:188} INFO - [2026-03-23T09:03:18.085+0000] {dag.py:3036} INFO - Sync 1 DAGs
[2026-03-23T09:03:18.095+0000] {logging_mixin.py:188} INFO - [2026-03-23T09:03:18.095+0000] {dag.py:3823} INFO - Setting next_dagrun for crawl_crypto_prices to 2026-03-23 09:00:00+00:00, run_after=2026-03-23 10:00:00+00:00
[2026-03-23T09:03:18.101+0000] {processor.py:183} INFO - Processing /opt/airflow/dags/crawl_crypto_prices.py took 0.047 seconds
[2026-03-23T09:03:48.396+0000] {processor.py:161} INFO - Started process (PID=10714) to work on /opt/airflow/dags/crawl_crypto_prices.py
[2026-03-23T09:03:48.397+0000] {processor.py:830} INFO - Processing file /opt/airflow/dags/crawl_crypto_prices.py for tasks to queue
[2026-03-23T09:03:48.398+0000] {logging_mixin.py:188} INFO - [2026-03-23T09:03:48.398+0000] {dagbag.py:538} INFO - Filling up the DagBag from /opt/airflow/dags/crawl_crypto_prices.py
[2026-03-23T09:03:48.410+0000] {processor.py:840} INFO - DAG(s) 'crawl_crypto_prices' retrieved from /opt/airflow/dags/crawl_crypto_prices.py
[2026-03-23T09:03:48.429+0000] {logging_mixin.py:188} INFO - [2026-03-23T09:03:48.429+0000] {dag.py:3036} INFO - Sync 1 DAGs
[2026-03-23T09:03:48.440+0000] {logging_mixin.py:188} INFO - [2026-03-23T09:03:48.440+0000] {dag.py:3823} INFO - Setting next_dagrun for crawl_crypto_prices to 2026-03-23 09:00:00+00:00, run_after=2026-03-23 10:00:00+00:00
[2026-03-23T09:03:48.446+0000] {processor.py:183} INFO - Processing /opt/airflow/dags/crawl_crypto_prices.py took 0.053 seconds
[2026-03-23T09:04:18.740+0000] {processor.py:161} INFO - Started process (PID=10719) to work on /opt/airflow/dags/crawl_crypto_prices.py
[2026-03-23T09:04:18.741+0000] {processor.py:830} INFO - Processing file /opt/airflow/dags/crawl_crypto_prices.py for tasks to queue
[2026-03-23T09:04:18.742+0000] {logging_mixin.py:188} INFO - [2026-03-23T09:04:18.742+0000] {dagbag.py:538} INFO - Filling up the DagBag from /opt/airflow/dags/crawl_crypto_prices.py
[2026-03-23T09:04:18.754+0000] {processor.py:840} INFO - DAG(s) 'crawl_crypto_prices' retrieved from /opt/airflow/dags/crawl_crypto_prices.py
[2026-03-23T09:04:18.772+0000] {logging_mixin.py:188} INFO - [2026-03-23T09:04:18.772+0000] {dag.py:3036} INFO - Sync 1 DAGs
[2026-03-23T09:04:18.781+0000] {logging_mixin.py:188} INFO - [2026-03-23T09:04:18.781+0000] {dag.py:3823} INFO - Setting next_dagrun for crawl_crypto_prices to 2026-03-23 09:00:00+00:00, run_after=2026-03-23 10:00:00+00:00
[2026-03-23T09:04:18.788+0000] {processor.py:183} INFO - Processing /opt/airflow/dags/crawl_crypto_prices.py took 0.051 seconds
[2026-03-23T09:04:49.063+0000] {processor.py:161} INFO - Started process (PID=10724) to work on /opt/airflow/dags/crawl_crypto_prices.py
[2026-03-23T09:04:49.064+0000] {processor.py:830} INFO - Processing file /opt/airflow/dags/crawl_crypto_prices.py for tasks to queue
[2026-03-23T09:04:49.065+0000] {logging_mixin.py:188} INFO - [2026-03-23T09:04:49.065+0000] {dagbag.py:538} INFO - Filling up the DagBag from /opt/airflow/dags/crawl_crypto_prices.py
[2026-03-23T09:04:49.077+0000] {processor.py:840} INFO - DAG(s) 'crawl_crypto_prices' retrieved from /opt/airflow/dags/crawl_crypto_prices.py
[2026-03-23T09:04:49.095+0000] {logging_mixin.py:188} INFO - [2026-03-23T09:04:49.095+0000] {dag.py:3036} INFO - Sync 1 DAGs
[2026-03-23T09:04:49.105+0000] {logging_mixin.py:188} INFO - [2026-03-23T09:04:49.105+0000] {dag.py:3823} INFO - Setting next_dagrun for crawl_crypto_prices to 2026-03-23 09:00:00+00:00, run_after=2026-03-23 10:00:00+00:00
[2026-03-23T09:04:49.111+0000] {processor.py:183} INFO - Processing /opt/airflow/dags/crawl_crypto_prices.py took 0.052 seconds
[2026-03-23T09:09:27.758+0000] {processor.py:161} INFO - Started process (PID=10731) to work on /opt/airflow/dags/crawl_crypto_prices.py
[2026-03-23T09:09:27.759+0000] {processor.py:830} INFO - Processing file /opt/airflow/dags/crawl_crypto_prices.py for tasks to queue
[2026-03-23T09:09:27.761+0000] {logging_mixin.py:188} INFO - [2026-03-23T09:09:27.760+0000] {dagbag.py:538} INFO - Filling up the DagBag from /opt/airflow/dags/crawl_crypto_prices.py
[2026-03-23T09:09:27.777+0000] {processor.py:840} INFO - DAG(s) 'crawl_crypto_prices' retrieved from /opt/airflow/dags/crawl_crypto_prices.py
[2026-03-23T09:09:27.807+0000] {logging_mixin.py:188} INFO - [2026-03-23T09:09:27.807+0000] {dag.py:3036} INFO - Sync 1 DAGs
[2026-03-23T09:09:27.828+0000] {logging_mixin.py:188} INFO - [2026-03-23T09:09:27.828+0000] {dag.py:3823} INFO - Setting next_dagrun for crawl_crypto_prices to 2026-03-23 09:00:00+00:00, run_after=2026-03-23 10:00:00+00:00
[2026-03-23T09:09:27.842+0000] {processor.py:183} INFO - Processing /opt/airflow/dags/crawl_crypto_prices.py took 0.089 seconds
[2026-03-23T09:09:58.052+0000] {processor.py:161} INFO - Started process (PID=10740) to work on /opt/airflow/dags/crawl_crypto_prices.py
[2026-03-23T09:09:58.053+0000] {processor.py:830} INFO - Processing file /opt/airflow/dags/crawl_crypto_prices.py for tasks to queue
[2026-03-23T09:09:58.054+0000] {logging_mixin.py:188} INFO - [2026-03-23T09:09:58.054+0000] {dagbag.py:538} INFO - Filling up the DagBag from /opt/airflow/dags/crawl_crypto_prices.py
[2026-03-23T09:09:58.064+0000] {processor.py:840} INFO - DAG(s) 'crawl_crypto_prices' retrieved from /opt/airflow/dags/crawl_crypto_prices.py
[2026-03-23T09:09:58.081+0000] {logging_mixin.py:188} INFO - [2026-03-23T09:09:58.081+0000] {dag.py:3036} INFO - Sync 1 DAGs
[2026-03-23T09:09:58.090+0000] {logging_mixin.py:188} INFO - [2026-03-23T09:09:58.090+0000] {dag.py:3823} INFO - Setting next_dagrun for crawl_crypto_prices to 2026-03-23 09:00:00+00:00, run_after=2026-03-23 10:00:00+00:00
[2026-03-23T09:09:58.097+0000] {processor.py:183} INFO - Processing /opt/airflow/dags/crawl_crypto_prices.py took 0.048 seconds
[2026-03-23T09:10:28.310+0000] {processor.py:161} INFO - Started process (PID=10745) to work on /opt/airflow/dags/crawl_crypto_prices.py
[2026-03-23T09:10:28.310+0000] {processor.py:830} INFO - Processing file /opt/airflow/dags/crawl_crypto_prices.py for tasks to queue
[2026-03-23T09:10:28.311+0000] {logging_mixin.py:188} INFO - [2026-03-23T09:10:28.311+0000] {dagbag.py:538} INFO - Filling up the DagBag from /opt/airflow/dags/crawl_crypto_prices.py
[2026-03-23T09:10:28.321+0000] {processor.py:840} INFO - DAG(s) 'crawl_crypto_prices' retrieved from /opt/airflow/dags/crawl_crypto_prices.py
[2026-03-23T09:10:28.338+0000] {logging_mixin.py:188} INFO - [2026-03-23T09:10:28.338+0000] {dag.py:3036} INFO - Sync 1 DAGs
[2026-03-23T09:10:28.347+0000] {logging_mixin.py:188} INFO - [2026-03-23T09:10:28.347+0000] {dag.py:3823} INFO - Setting next_dagrun for crawl_crypto_prices to 2026-03-23 09:00:00+00:00, run_after=2026-03-23 10:00:00+00:00
[2026-03-23T09:10:28.353+0000] {processor.py:183} INFO - Processing /opt/airflow/dags/crawl_crypto_prices.py took 0.047 seconds
[2026-03-23T09:10:58.589+0000] {processor.py:161} INFO - Started process (PID=10750) to work on /opt/airflow/dags/crawl_crypto_prices.py
[2026-03-23T09:10:58.590+0000] {processor.py:830} INFO - Processing file /opt/airflow/dags/crawl_crypto_prices.py for tasks to queue
[2026-03-23T09:10:58.591+0000] {logging_mixin.py:188} INFO - [2026-03-23T09:10:58.591+0000] {dagbag.py:538} INFO - Filling up the DagBag from /opt/airflow/dags/crawl_crypto_prices.py
[2026-03-23T09:10:58.605+0000] {processor.py:840} INFO - DAG(s) 'crawl_crypto_prices' retrieved from /opt/airflow/dags/crawl_crypto_prices.py
[2026-03-23T09:10:58.625+0000] {logging_mixin.py:188} INFO - [2026-03-23T09:10:58.625+0000] {dag.py:3036} INFO - Sync 1 DAGs
[2026-03-23T09:10:58.636+0000] {logging_mixin.py:188} INFO - [2026-03-23T09:10:58.636+0000] {dag.py:3823} INFO - Setting next_dagrun for crawl_crypto_prices to 2026-03-23 09:00:00+00:00, run_after=2026-03-23 10:00:00+00:00
[2026-03-23T09:10:58.642+0000] {processor.py:183} INFO - Processing /opt/airflow/dags/crawl_crypto_prices.py took 0.058 seconds
[2026-03-23T09:11:28.869+0000] {processor.py:161} INFO - Started process (PID=10755) to work on /opt/airflow/dags/crawl_crypto_prices.py
[2026-03-23T09:11:28.870+0000] {processor.py:830} INFO - Processing file /opt/airflow/dags/crawl_crypto_prices.py for tasks to queue
[2026-03-23T09:11:28.871+0000] {logging_mixin.py:188} INFO - [2026-03-23T09:11:28.871+0000] {dagbag.py:538} INFO - Filling up the DagBag from /opt/airflow/dags/crawl_crypto_prices.py
[2026-03-23T09:11:28.883+0000] {processor.py:840} INFO - DAG(s) 'crawl_crypto_prices' retrieved from /opt/airflow/dags/crawl_crypto_prices.py
[2026-03-23T09:11:28.902+0000] {logging_mixin.py:188} INFO - [2026-03-23T09:11:28.902+0000] {dag.py:3036} INFO - Sync 1 DAGs
[2026-03-23T09:11:28.912+0000] {logging_mixin.py:188} INFO - [2026-03-23T09:11:28.911+0000] {dag.py:3823} INFO - Setting next_dagrun for crawl_crypto_prices to 2026-03-23 09:00:00+00:00, run_after=2026-03-23 10:00:00+00:00
[2026-03-23T09:11:28.918+0000] {processor.py:183} INFO - Processing /opt/airflow/dags/crawl_crypto_prices.py took 0.052 seconds
[2026-03-23T09:11:59.139+0000] {processor.py:161} INFO - Started process (PID=10760) to work on /opt/airflow/dags/crawl_crypto_prices.py
[2026-03-23T09:11:59.139+0000] {processor.py:830} INFO - Processing file /opt/airflow/dags/crawl_crypto_prices.py for tasks to queue
[2026-03-23T09:11:59.140+0000] {logging_mixin.py:188} INFO - [2026-03-23T09:11:59.140+0000] {dagbag.py:538} INFO - Filling up the DagBag from /opt/airflow/dags/crawl_crypto_prices.py
[2026-03-23T09:11:59.147+0000] {processor.py:840} INFO - DAG(s) 'crawl_crypto_prices' retrieved from /opt/airflow/dags/crawl_crypto_prices.py
[2026-03-23T09:11:59.160+0000] {logging_mixin.py:188} INFO - [2026-03-23T09:11:59.160+0000] {dag.py:3036} INFO - Sync 1 DAGs
[2026-03-23T09:11:59.171+0000] {logging_mixin.py:188} INFO - [2026-03-23T09:11:59.171+0000] {dag.py:3823} INFO - Setting next_dagrun for crawl_crypto_prices to 2026-03-23 09:00:00+00:00, run_after=2026-03-23 10:00:00+00:00
[2026-03-23T09:11:59.178+0000] {processor.py:183} INFO - Processing /opt/airflow/dags/crawl_crypto_prices.py took 0.041 seconds
[2026-03-23T09:12:29.447+0000] {processor.py:161} INFO - Started process (PID=10765) to work on /opt/airflow/dags/crawl_crypto_prices.py
[2026-03-23T09:12:29.448+0000] {processor.py:830} INFO - Processing file /opt/airflow/dags/crawl_crypto_prices.py for tasks to queue
[2026-03-23T09:12:29.449+0000] {logging_mixin.py:188} INFO - [2026-03-23T09:12:29.448+0000] {dagbag.py:538} INFO - Filling up the DagBag from /opt/airflow/dags/crawl_crypto_prices.py
[2026-03-23T09:12:29.466+0000] {processor.py:840} INFO - DAG(s) 'crawl_crypto_prices' retrieved from /opt/airflow/dags/crawl_crypto_prices.py
[2026-03-23T09:12:29.489+0000] {logging_mixin.py:188} INFO - [2026-03-23T09:12:29.489+0000] {dag.py:3036} INFO - Sync 1 DAGs
[2026-03-23T09:12:29.500+0000] {logging_mixin.py:188} INFO - [2026-03-23T09:12:29.500+0000] {dag.py:3823} INFO - Setting next_dagrun for crawl_crypto_prices to 2026-03-23 09:00:00+00:00, run_after=2026-03-23 10:00:00+00:00
[2026-03-23T09:12:29.506+0000] {processor.py:183} INFO - Processing /opt/airflow/dags/crawl_crypto_prices.py took 0.064 seconds
[2026-03-23T09:12:59.699+0000] {processor.py:161} INFO - Started process (PID=10770) to work on /opt/airflow/dags/crawl_crypto_prices.py
[2026-03-23T09:12:59.701+0000] {processor.py:830} INFO - Processing file /opt/airflow/dags/crawl_crypto_prices.py for tasks to queue
[2026-03-23T09:12:59.702+0000] {logging_mixin.py:188} INFO - [2026-03-23T09:12:59.701+0000] {dagbag.py:538} INFO - Filling up the DagBag from /opt/airflow/dags/crawl_crypto_prices.py
[2026-03-23T09:12:59.713+0000] {processor.py:840} INFO - DAG(s) 'crawl_crypto_prices' retrieved from /opt/airflow/dags/crawl_crypto_prices.py
[2026-03-23T09:12:59.734+0000] {logging_mixin.py:188} INFO - [2026-03-23T09:12:59.734+0000] {dag.py:3036} INFO - Sync 1 DAGs
[2026-03-23T09:12:59.744+0000] {logging_mixin.py:188} INFO - [2026-03-23T09:12:59.744+0000] {dag.py:3823} INFO - Setting next_dagrun for crawl_crypto_prices to 2026-03-23 09:00:00+00:00, run_after=2026-03-23 10:00:00+00:00
[2026-03-23T09:12:59.751+0000] {processor.py:183} INFO - Processing /opt/airflow/dags/crawl_crypto_prices.py took 0.057 seconds
[2026-03-23T09:13:30.043+0000] {processor.py:161} INFO - Started process (PID=10775) to work on /opt/airflow/dags/crawl_crypto_prices.py
[2026-03-23T09:13:30.044+0000] {processor.py:830} INFO - Processing file /opt/airflow/dags/crawl_crypto_prices.py for tasks to queue
[2026-03-23T09:13:30.045+0000] {logging_mixin.py:188} INFO - [2026-03-23T09:13:30.044+0000] {dagbag.py:538} INFO - Filling up the DagBag from /opt/airflow/dags/crawl_crypto_prices.py
[2026-03-23T09:13:30.057+0000] {processor.py:840} INFO - DAG(s) 'crawl_crypto_prices' retrieved from /opt/airflow/dags/crawl_crypto_prices.py
[2026-03-23T09:13:30.079+0000] {logging_mixin.py:188} INFO - [2026-03-23T09:13:30.078+0000] {dag.py:3036} INFO - Sync 1 DAGs
[2026-03-23T09:13:30.091+0000] {logging_mixin.py:188} INFO - [2026-03-23T09:13:30.090+0000] {dag.py:3823} INFO - Setting next_dagrun for crawl_crypto_prices to 2026-03-23 09:00:00+00:00, run_after=2026-03-23 10:00:00+00:00
[2026-03-23T09:13:30.098+0000] {processor.py:183} INFO - Processing /opt/airflow/dags/crawl_crypto_prices.py took 0.059 seconds
[2026-03-23T09:14:00.373+0000] {processor.py:161} INFO - Started process (PID=10780) to work on /opt/airflow/dags/crawl_crypto_prices.py
[2026-03-23T09:14:00.373+0000] {processor.py:830} INFO - Processing file /opt/airflow/dags/crawl_crypto_prices.py for tasks to queue
[2026-03-23T09:14:00.373+0000] {logging_mixin.py:188} INFO - [2026-03-23T09:14:00.373+0000] {dagbag.py:538} INFO - Filling up the DagBag from /opt/airflow/dags/crawl_crypto_prices.py
[2026-03-23T09:14:00.380+0000] {processor.py:840} INFO - DAG(s) 'crawl_crypto_prices' retrieved from /opt/airflow/dags/crawl_crypto_prices.py
[2026-03-23T09:14:00.391+0000] {logging_mixin.py:188} INFO - [2026-03-23T09:14:00.391+0000] {dag.py:3036} INFO - Sync 1 DAGs
[2026-03-23T09:14:00.399+0000] {logging_mixin.py:188} INFO - [2026-03-23T09:14:00.399+0000] {dag.py:3823} INFO - Setting next_dagrun for crawl_crypto_prices to 2026-03-23 09:00:00+00:00, run_after=2026-03-23 10:00:00+00:00
[2026-03-23T09:14:00.405+0000] {processor.py:183} INFO - Processing /opt/airflow/dags/crawl_crypto_prices.py took 0.035 seconds
[2026-03-23T09:14:30.687+0000] {processor.py:161} INFO - Started process (PID=10785) to work on /opt/airflow/dags/crawl_crypto_prices.py
[2026-03-23T09:14:30.688+0000] {processor.py:830} INFO - Processing file /opt/airflow/dags/crawl_crypto_prices.py for tasks to queue
[2026-03-23T09:14:30.688+0000] {logging_mixin.py:188} INFO - [2026-03-23T09:14:30.688+0000] {dagbag.py:538} INFO - Filling up the DagBag from /opt/airflow/dags/crawl_crypto_prices.py
[2026-03-23T09:14:30.697+0000] {processor.py:840} INFO - DAG(s) 'crawl_crypto_prices' retrieved from /opt/airflow/dags/crawl_crypto_prices.py
[2026-03-23T09:14:30.713+0000] {logging_mixin.py:188} INFO - [2026-03-23T09:14:30.713+0000] {dag.py:3036} INFO - Sync 1 DAGs
[2026-03-23T09:14:30.722+0000] {logging_mixin.py:188} INFO - [2026-03-23T09:14:30.722+0000] {dag.py:3823} INFO - Setting next_dagrun for crawl_crypto_prices to 2026-03-23 09:00:00+00:00, run_after=2026-03-23 10:00:00+00:00
[2026-03-23T09:14:30.729+0000] {processor.py:183} INFO - Processing /opt/airflow/dags/crawl_crypto_prices.py took 0.044 seconds
[2026-03-23T09:15:00.979+0000] {processor.py:161} INFO - Started process (PID=10790) to work on /opt/airflow/dags/crawl_crypto_prices.py
[2026-03-23T09:15:00.980+0000] {processor.py:830} INFO - Processing file /opt/airflow/dags/crawl_crypto_prices.py for tasks to queue
[2026-03-23T09:15:00.981+0000] {logging_mixin.py:188} INFO - [2026-03-23T09:15:00.980+0000] {dagbag.py:538} INFO - Filling up the DagBag from /opt/airflow/dags/crawl_crypto_prices.py
[2026-03-23T09:15:00.995+0000] {processor.py:840} INFO - DAG(s) 'crawl_crypto_prices' retrieved from /opt/airflow/dags/crawl_crypto_prices.py
[2026-03-23T09:15:01.015+0000] {logging_mixin.py:188} INFO - [2026-03-23T09:15:01.015+0000] {dag.py:3036} INFO - Sync 1 DAGs
[2026-03-23T09:15:01.024+0000] {logging_mixin.py:188} INFO - [2026-03-23T09:15:01.024+0000] {dag.py:3823} INFO - Setting next_dagrun for crawl_crypto_prices to 2026-03-23 09:00:00+00:00, run_after=2026-03-23 10:00:00+00:00
[2026-03-23T09:15:01.031+0000] {processor.py:183} INFO - Processing /opt/airflow/dags/crawl_crypto_prices.py took 0.056 seconds
[2026-03-23T09:15:31.320+0000] {processor.py:161} INFO - Started process (PID=10795) to work on /opt/airflow/dags/crawl_crypto_prices.py
[2026-03-23T09:15:31.321+0000] {processor.py:830} INFO - Processing file /opt/airflow/dags/crawl_crypto_prices.py for tasks to queue
[2026-03-23T09:15:31.322+0000] {logging_mixin.py:188} INFO - [2026-03-23T09:15:31.321+0000] {dagbag.py:538} INFO - Filling up the DagBag from /opt/airflow/dags/crawl_crypto_prices.py
[2026-03-23T09:15:31.332+0000] {processor.py:840} INFO - DAG(s) 'crawl_crypto_prices' retrieved from /opt/airflow/dags/crawl_crypto_prices.py
[2026-03-23T09:15:31.352+0000] {logging_mixin.py:188} INFO - [2026-03-23T09:15:31.352+0000] {dag.py:3036} INFO - Sync 1 DAGs
[2026-03-23T09:15:31.362+0000] {logging_mixin.py:188} INFO - [2026-03-23T09:15:31.362+0000] {dag.py:3823} INFO - Setting next_dagrun for crawl_crypto_prices to 2026-03-23 09:00:00+00:00, run_after=2026-03-23 10:00:00+00:00
[2026-03-23T09:15:31.369+0000] {processor.py:183} INFO - Processing /opt/airflow/dags/crawl_crypto_prices.py took 0.052 seconds
[2026-03-23T09:16:01.622+0000] {processor.py:161} INFO - Started process (PID=10800) to work on /opt/airflow/dags/crawl_crypto_prices.py
[2026-03-23T09:16:01.623+0000] {processor.py:830} INFO - Processing file /opt/airflow/dags/crawl_crypto_prices.py for tasks to queue
[2026-03-23T09:16:01.624+0000] {logging_mixin.py:188} INFO - [2026-03-23T09:16:01.624+0000] {dagbag.py:538} INFO - Filling up the DagBag from /opt/airflow/dags/crawl_crypto_prices.py
[2026-03-23T09:16:01.635+0000] {processor.py:840} INFO - DAG(s) 'crawl_crypto_prices' retrieved from /opt/airflow/dags/crawl_crypto_prices.py
[2026-03-23T09:16:01.654+0000] {logging_mixin.py:188} INFO - [2026-03-23T09:16:01.654+0000] {dag.py:3036} INFO - Sync 1 DAGs
[2026-03-23T09:16:01.665+0000] {logging_mixin.py:188} INFO - [2026-03-23T09:16:01.665+0000] {dag.py:3823} INFO - Setting next_dagrun for crawl_crypto_prices to 2026-03-23 09:00:00+00:00, run_after=2026-03-23 10:00:00+00:00
[2026-03-23T09:16:01.672+0000] {processor.py:183} INFO - Processing /opt/airflow/dags/crawl_crypto_prices.py took 0.053 seconds
[2026-03-23T09:16:31.942+0000] {processor.py:161} INFO - Started process (PID=10805) to work on /opt/airflow/dags/crawl_crypto_prices.py
[2026-03-23T09:16:31.943+0000] {processor.py:830} INFO - Processing file /opt/airflow/dags/crawl_crypto_prices.py for tasks to queue
[2026-03-23T09:16:31.944+0000] {logging_mixin.py:188} INFO - [2026-03-23T09:16:31.944+0000] {dagbag.py:538} INFO - Filling up the DagBag from /opt/airflow/dags/crawl_crypto_prices.py
[2026-03-23T09:16:31.954+0000] {processor.py:840} INFO - DAG(s) 'crawl_crypto_prices' retrieved from /opt/airflow/dags/crawl_crypto_prices.py
[2026-03-23T09:16:31.972+0000] {logging_mixin.py:188} INFO - [2026-03-23T09:16:31.972+0000] {dag.py:3036} INFO - Sync 1 DAGs
[2026-03-23T09:16:31.982+0000] {logging_mixin.py:188} INFO - [2026-03-23T09:16:31.982+0000] {dag.py:3823} INFO - Setting next_dagrun for crawl_crypto_prices to 2026-03-23 09:00:00+00:00, run_after=2026-03-23 10:00:00+00:00
[2026-03-23T09:16:31.988+0000] {processor.py:183} INFO - Processing /opt/airflow/dags/crawl_crypto_prices.py took 0.050 seconds
[2026-03-23T09:17:02.280+0000] {processor.py:161} INFO - Started process (PID=10810) to work on /opt/airflow/dags/crawl_crypto_prices.py
[2026-03-23T09:17:02.281+0000] {processor.py:830} INFO - Processing file /opt/airflow/dags/crawl_crypto_prices.py for tasks to queue
[2026-03-23T09:17:02.282+0000] {logging_mixin.py:188} INFO - [2026-03-23T09:17:02.281+0000] {dagbag.py:538} INFO - Filling up the DagBag from /opt/airflow/dags/crawl_crypto_prices.py
[2026-03-23T09:17:02.292+0000] {processor.py:840} INFO - DAG(s) 'crawl_crypto_prices' retrieved from /opt/airflow/dags/crawl_crypto_prices.py
[2026-03-23T09:17:02.313+0000] {logging_mixin.py:188} INFO - [2026-03-23T09:17:02.312+0000] {dag.py:3036} INFO - Sync 1 DAGs
[2026-03-23T09:17:02.327+0000] {logging_mixin.py:188} INFO - [2026-03-23T09:17:02.326+0000] {dag.py:3823} INFO - Setting next_dagrun for crawl_crypto_prices to 2026-03-23 09:00:00+00:00, run_after=2026-03-23 10:00:00+00:00
[2026-03-23T09:17:02.334+0000] {processor.py:183} INFO - Processing /opt/airflow/dags/crawl_crypto_prices.py took 0.057 seconds
[2026-03-23T09:17:32.602+0000] {processor.py:161} INFO - Started process (PID=10815) to work on /opt/airflow/dags/crawl_crypto_prices.py
[2026-03-23T09:17:32.603+0000] {processor.py:830} INFO - Processing file /opt/airflow/dags/crawl_crypto_prices.py for tasks to queue
[2026-03-23T09:17:32.604+0000] {logging_mixin.py:188} INFO - [2026-03-23T09:17:32.604+0000] {dagbag.py:538} INFO - Filling up the DagBag from /opt/airflow/dags/crawl_crypto_prices.py
[2026-03-23T09:17:32.619+0000] {processor.py:840} INFO - DAG(s) 'crawl_crypto_prices' retrieved from /opt/airflow/dags/crawl_crypto_prices.py
[2026-03-23T09:17:32.638+0000] {logging_mixin.py:188} INFO - [2026-03-23T09:17:32.638+0000] {dag.py:3036} INFO - Sync 1 DAGs
[2026-03-23T09:17:32.649+0000] {logging_mixin.py:188} INFO - [2026-03-23T09:17:32.649+0000] {dag.py:3823} INFO - Setting next_dagrun for crawl_crypto_prices to 2026-03-23 09:00:00+00:00, run_after=2026-03-23 10:00:00+00:00
[2026-03-23T09:17:32.657+0000] {processor.py:183} INFO - Processing /opt/airflow/dags/crawl_crypto_prices.py took 0.058 seconds
[2026-03-23T09:18:02.909+0000] {processor.py:161} INFO - Started process (PID=10820) to work on /opt/airflow/dags/crawl_crypto_prices.py
[2026-03-23T09:18:02.910+0000] {processor.py:830} INFO - Processing file /opt/airflow/dags/crawl_crypto_prices.py for tasks to queue
[2026-03-23T09:18:02.910+0000] {logging_mixin.py:188} INFO - [2026-03-23T09:18:02.910+0000] {dagbag.py:538} INFO - Filling up the DagBag from /opt/airflow/dags/crawl_crypto_prices.py
[2026-03-23T09:18:02.922+0000] {processor.py:840} INFO - DAG(s) 'crawl_crypto_prices' retrieved from /opt/airflow/dags/crawl_crypto_prices.py
[2026-03-23T09:18:02.939+0000] {logging_mixin.py:188} INFO - [2026-03-23T09:18:02.939+0000] {dag.py:3036} INFO - Sync 1 DAGs
[2026-03-23T09:18:02.951+0000] {logging_mixin.py:188} INFO - [2026-03-23T09:18:02.951+0000] {dag.py:3823} INFO - Setting next_dagrun for crawl_crypto_prices to 2026-03-23 09:00:00+00:00, run_after=2026-03-23 10:00:00+00:00
[2026-03-23T09:18:02.963+0000] {processor.py:183} INFO - Processing /opt/airflow/dags/crawl_crypto_prices.py took 0.057 seconds
[2026-03-23T09:18:33.216+0000] {processor.py:161} INFO - Started process (PID=10825) to work on /opt/airflow/dags/crawl_crypto_prices.py
[2026-03-23T09:18:33.217+0000] {processor.py:830} INFO - Processing file /opt/airflow/dags/crawl_crypto_prices.py for tasks to queue
[2026-03-23T09:18:33.218+0000] {logging_mixin.py:188} INFO - [2026-03-23T09:18:33.218+0000] {dagbag.py:538} INFO - Filling up the DagBag from /opt/airflow/dags/crawl_crypto_prices.py
[2026-03-23T09:18:33.228+0000] {processor.py:840} INFO - DAG(s) 'crawl_crypto_prices' retrieved from /opt/airflow/dags/crawl_crypto_prices.py
[2026-03-23T09:18:33.254+0000] {logging_mixin.py:188} INFO - [2026-03-23T09:18:33.254+0000] {dag.py:3036} INFO - Sync 1 DAGs
[2026-03-23T09:18:33.264+0000] {logging_mixin.py:188} INFO - [2026-03-23T09:18:33.264+0000] {dag.py:3823} INFO - Setting next_dagrun for crawl_crypto_prices to 2026-03-23 09:00:00+00:00, run_after=2026-03-23 10:00:00+00:00
[2026-03-23T09:18:33.270+0000] {processor.py:183} INFO - Processing /opt/airflow/dags/crawl_crypto_prices.py took 0.058 seconds
[2026-03-23T09:19:03.527+0000] {processor.py:161} INFO - Started process (PID=10830) to work on /opt/airflow/dags/crawl_crypto_prices.py
[2026-03-23T09:19:03.529+0000] {processor.py:830} INFO - Processing file /opt/airflow/dags/crawl_crypto_prices.py for tasks to queue
[2026-03-23T09:19:03.531+0000] {logging_mixin.py:188} INFO - [2026-03-23T09:19:03.531+0000] {dagbag.py:538} INFO - Filling up the DagBag from /opt/airflow/dags/crawl_crypto_prices.py
[2026-03-23T09:19:03.544+0000] {processor.py:840} INFO - DAG(s) 'crawl_crypto_prices' retrieved from /opt/airflow/dags/crawl_crypto_prices.py
[2026-03-23T09:19:03.562+0000] {logging_mixin.py:188} INFO - [2026-03-23T09:19:03.562+0000] {dag.py:3036} INFO - Sync 1 DAGs
[2026-03-23T09:19:03.572+0000] {logging_mixin.py:188} INFO - [2026-03-23T09:19:03.572+0000] {dag.py:3823} INFO - Setting next_dagrun for crawl_crypto_prices to 2026-03-23 09:00:00+00:00, run_after=2026-03-23 10:00:00+00:00
[2026-03-23T09:19:03.578+0000] {processor.py:183} INFO - Processing /opt/airflow/dags/crawl_crypto_prices.py took 0.054 seconds
[2026-03-23T09:19:33.864+0000] {processor.py:161} INFO - Started process (PID=10835) to work on /opt/airflow/dags/crawl_crypto_prices.py
[2026-03-23T09:19:33.866+0000] {processor.py:830} INFO - Processing file /opt/airflow/dags/crawl_crypto_prices.py for tasks to queue
[2026-03-23T09:19:33.867+0000] {logging_mixin.py:188} INFO - [2026-03-23T09:19:33.866+0000] {dagbag.py:538} INFO - Filling up the DagBag from /opt/airflow/dags/crawl_crypto_prices.py
[2026-03-23T09:19:33.880+0000] {processor.py:840} INFO - DAG(s) 'crawl_crypto_prices' retrieved from /opt/airflow/dags/crawl_crypto_prices.py
[2026-03-23T09:19:33.898+0000] {logging_mixin.py:188} INFO - [2026-03-23T09:19:33.898+0000] {dag.py:3036} INFO - Sync 1 DAGs
[2026-03-23T09:19:33.907+0000] {logging_mixin.py:188} INFO - [2026-03-23T09:19:33.907+0000] {dag.py:3823} INFO - Setting next_dagrun for crawl_crypto_prices to 2026-03-23 09:00:00+00:00, run_after=2026-03-23 10:00:00+00:00
[2026-03-23T09:19:33.913+0000] {processor.py:183} INFO - Processing /opt/airflow/dags/crawl_crypto_prices.py took 0.053 seconds
[2026-03-23T09:20:04.195+0000] {processor.py:161} INFO - Started process (PID=10840) to work on /opt/airflow/dags/crawl_crypto_prices.py
[2026-03-23T09:20:04.196+0000] {processor.py:830} INFO - Processing file /opt/airflow/dags/crawl_crypto_prices.py for tasks to queue
[2026-03-23T09:20:04.197+0000] {logging_mixin.py:188} INFO - [2026-03-23T09:20:04.197+0000] {dagbag.py:538} INFO - Filling up the DagBag from /opt/airflow/dags/crawl_crypto_prices.py
[2026-03-23T09:20:04.213+0000] {processor.py:840} INFO - DAG(s) 'crawl_crypto_prices' retrieved from /opt/airflow/dags/crawl_crypto_prices.py
[2026-03-23T09:20:04.235+0000] {logging_mixin.py:188} INFO - [2026-03-23T09:20:04.235+0000] {dag.py:3036} INFO - Sync 1 DAGs
[2026-03-23T09:20:04.244+0000] {logging_mixin.py:188} INFO - [2026-03-23T09:20:04.244+0000] {dag.py:3823} INFO - Setting next_dagrun for crawl_crypto_prices to 2026-03-23 09:00:00+00:00, run_after=2026-03-23 10:00:00+00:00
[2026-03-23T09:20:04.250+0000] {processor.py:183} INFO - Processing /opt/airflow/dags/crawl_crypto_prices.py took 0.060 seconds
[2026-03-23T09:20:34.515+0000] {processor.py:161} INFO - Started process (PID=10845) to work on /opt/airflow/dags/crawl_crypto_prices.py
[2026-03-23T09:20:34.516+0000] {processor.py:830} INFO - Processing file /opt/airflow/dags/crawl_crypto_prices.py for tasks to queue
[2026-03-23T09:20:34.516+0000] {logging_mixin.py:188} INFO - [2026-03-23T09:20:34.516+0000] {dagbag.py:538} INFO - Filling up the DagBag from /opt/airflow/dags/crawl_crypto_prices.py
[2026-03-23T09:20:34.526+0000] {processor.py:840} INFO - DAG(s) 'crawl_crypto_prices' retrieved from /opt/airflow/dags/crawl_crypto_prices.py
[2026-03-23T09:20:34.543+0000] {logging_mixin.py:188} INFO - [2026-03-23T09:20:34.543+0000] {dag.py:3036} INFO - Sync 1 DAGs
[2026-03-23T09:20:34.553+0000] {logging_mixin.py:188} INFO - [2026-03-23T09:20:34.553+0000] {dag.py:3823} INFO - Setting next_dagrun for crawl_crypto_prices to 2026-03-23 09:00:00+00:00, run_after=2026-03-23 10:00:00+00:00
[2026-03-23T09:20:34.559+0000] {processor.py:183} INFO - Processing /opt/airflow/dags/crawl_crypto_prices.py took 0.047 seconds
[2026-03-23T09:21:04.816+0000] {processor.py:161} INFO - Started process (PID=10850) to work on /opt/airflow/dags/crawl_crypto_prices.py
[2026-03-23T09:21:04.817+0000] {processor.py:830} INFO - Processing file /opt/airflow/dags/crawl_crypto_prices.py for tasks to queue
[2026-03-23T09:21:04.817+0000] {logging_mixin.py:188} INFO - [2026-03-23T09:21:04.817+0000] {dagbag.py:538} INFO - Filling up the DagBag from /opt/airflow/dags/crawl_crypto_prices.py
[2026-03-23T09:21:04.826+0000] {processor.py:840} INFO - DAG(s) 'crawl_crypto_prices' retrieved from /opt/airflow/dags/crawl_crypto_prices.py
[2026-03-23T09:21:04.842+0000] {logging_mixin.py:188} INFO - [2026-03-23T09:21:04.842+0000] {dag.py:3036} INFO - Sync 1 DAGs
[2026-03-23T09:21:04.853+0000] {logging_mixin.py:188} INFO - [2026-03-23T09:21:04.853+0000] {dag.py:3823} INFO - Setting next_dagrun for crawl_crypto_prices to 2026-03-23 09:00:00+00:00, run_after=2026-03-23 10:00:00+00:00
[2026-03-23T09:21:04.860+0000] {processor.py:183} INFO - Processing /opt/airflow/dags/crawl_crypto_prices.py took 0.046 seconds
[2026-03-23T09:21:35.104+0000] {processor.py:161} INFO - Started process (PID=10855) to work on /opt/airflow/dags/crawl_crypto_prices.py
[2026-03-23T09:21:35.105+0000] {processor.py:830} INFO - Processing file /opt/airflow/dags/crawl_crypto_prices.py for tasks to queue
[2026-03-23T09:21:35.106+0000] {logging_mixin.py:188} INFO - [2026-03-23T09:21:35.105+0000] {dagbag.py:538} INFO - Filling up the DagBag from /opt/airflow/dags/crawl_crypto_prices.py
[2026-03-23T09:21:35.118+0000] {processor.py:840} INFO - DAG(s) 'crawl_crypto_prices' retrieved from /opt/airflow/dags/crawl_crypto_prices.py
[2026-03-23T09:21:35.135+0000] {logging_mixin.py:188} INFO - [2026-03-23T09:21:35.135+0000] {dag.py:3036} INFO - Sync 1 DAGs
[2026-03-23T09:21:35.146+0000] {logging_mixin.py:188} INFO - [2026-03-23T09:21:35.146+0000] {dag.py:3823} INFO - Setting next_dagrun for crawl_crypto_prices to 2026-03-23 09:00:00+00:00, run_after=2026-03-23 10:00:00+00:00
[2026-03-23T09:21:35.153+0000] {processor.py:183} INFO - Processing /opt/airflow/dags/crawl_crypto_prices.py took 0.052 seconds
[2026-03-23T09:22:05.387+0000] {processor.py:161} INFO - Started process (PID=10860) to work on /opt/airflow/dags/crawl_crypto_prices.py
[2026-03-23T09:22:05.388+0000] {processor.py:830} INFO - Processing file /opt/airflow/dags/crawl_crypto_prices.py for tasks to queue
[2026-03-23T09:22:05.389+0000] {logging_mixin.py:188} INFO - [2026-03-23T09:22:05.389+0000] {dagbag.py:538} INFO - Filling up the DagBag from /opt/airflow/dags/crawl_crypto_prices.py
[2026-03-23T09:22:05.401+0000] {processor.py:840} INFO - DAG(s) 'crawl_crypto_prices' retrieved from /opt/airflow/dags/crawl_crypto_prices.py
[2026-03-23T09:22:05.419+0000] {logging_mixin.py:188} INFO - [2026-03-23T09:22:05.419+0000] {dag.py:3036} INFO - Sync 1 DAGs
[2026-03-23T09:22:05.430+0000] {logging_mixin.py:188} INFO - [2026-03-23T09:22:05.430+0000] {dag.py:3823} INFO - Setting next_dagrun for crawl_crypto_prices to 2026-03-23 09:00:00+00:00, run_after=2026-03-23 10:00:00+00:00
[2026-03-23T09:22:05.436+0000] {processor.py:183} INFO - Processing /opt/airflow/dags/crawl_crypto_prices.py took 0.052 seconds
[2026-03-23T09:22:35.669+0000] {processor.py:161} INFO - Started process (PID=10865) to work on /opt/airflow/dags/crawl_crypto_prices.py
[2026-03-23T09:22:35.670+0000] {processor.py:830} INFO - Processing file /opt/airflow/dags/crawl_crypto_prices.py for tasks to queue
[2026-03-23T09:22:35.671+0000] {logging_mixin.py:188} INFO - [2026-03-23T09:22:35.670+0000] {dagbag.py:538} INFO - Filling up the DagBag from /opt/airflow/dags/crawl_crypto_prices.py
[2026-03-23T09:22:35.682+0000] {processor.py:840} INFO - DAG(s) 'crawl_crypto_prices' retrieved from /opt/airflow/dags/crawl_crypto_prices.py
[2026-03-23T09:22:35.701+0000] {logging_mixin.py:188} INFO - [2026-03-23T09:22:35.700+0000] {dag.py:3036} INFO - Sync 1 DAGs
[2026-03-23T09:22:35.710+0000] {logging_mixin.py:188} INFO - [2026-03-23T09:22:35.710+0000] {dag.py:3823} INFO - Setting next_dagrun for crawl_crypto_prices to 2026-03-23 09:00:00+00:00, run_after=2026-03-23 10:00:00+00:00
[2026-03-23T09:22:35.717+0000] {processor.py:183} INFO - Processing /opt/airflow/dags/crawl_crypto_prices.py took 0.051 seconds
[2026-03-23T09:23:05.994+0000] {processor.py:161} INFO - Started process (PID=10870) to work on /opt/airflow/dags/crawl_crypto_prices.py
[2026-03-23T09:23:05.995+0000] {processor.py:830} INFO - Processing file /opt/airflow/dags/crawl_crypto_prices.py for tasks to queue
[2026-03-23T09:23:05.996+0000] {logging_mixin.py:188} INFO - [2026-03-23T09:23:05.996+0000] {dagbag.py:538} INFO - Filling up the DagBag from /opt/airflow/dags/crawl_crypto_prices.py
[2026-03-23T09:23:06.007+0000] {processor.py:840} INFO - DAG(s) 'crawl_crypto_prices' retrieved from /opt/airflow/dags/crawl_crypto_prices.py
[2026-03-23T09:23:06.026+0000] {logging_mixin.py:188} INFO - [2026-03-23T09:23:06.026+0000] {dag.py:3036} INFO - Sync 1 DAGs
[2026-03-23T09:23:06.036+0000] {logging_mixin.py:188} INFO - [2026-03-23T09:23:06.036+0000] {dag.py:3823} INFO - Setting next_dagrun for crawl_crypto_prices to 2026-03-23 09:00:00+00:00, run_after=2026-03-23 10:00:00+00:00
[2026-03-23T09:23:06.043+0000] {processor.py:183} INFO - Processing /opt/airflow/dags/crawl_crypto_prices.py took 0.052 seconds
[2026-03-23T09:23:36.318+0000] {processor.py:161} INFO - Started process (PID=10875) to work on /opt/airflow/dags/crawl_crypto_prices.py
[2026-03-23T09:23:36.319+0000] {processor.py:830} INFO - Processing file /opt/airflow/dags/crawl_crypto_prices.py for tasks to queue
[2026-03-23T09:23:36.320+0000] {logging_mixin.py:188} INFO - [2026-03-23T09:23:36.320+0000] {dagbag.py:538} INFO - Filling up the DagBag from /opt/airflow/dags/crawl_crypto_prices.py
[2026-03-23T09:23:36.332+0000] {processor.py:840} INFO - DAG(s) 'crawl_crypto_prices' retrieved from /opt/airflow/dags/crawl_crypto_prices.py
[2026-03-23T09:23:36.351+0000] {logging_mixin.py:188} INFO - [2026-03-23T09:23:36.351+0000] {dag.py:3036} INFO - Sync 1 DAGs
[2026-03-23T09:23:36.361+0000] {logging_mixin.py:188} INFO - [2026-03-23T09:23:36.361+0000] {dag.py:3823} INFO - Setting next_dagrun for crawl_crypto_prices to 2026-03-23 09:00:00+00:00, run_after=2026-03-23 10:00:00+00:00
[2026-03-23T09:23:36.367+0000] {processor.py:183} INFO - Processing /opt/airflow/dags/crawl_crypto_prices.py took 0.052 seconds
[2026-03-23T09:24:06.625+0000] {processor.py:161} INFO - Started process (PID=10880) to work on /opt/airflow/dags/crawl_crypto_prices.py
[2026-03-23T09:24:06.626+0000] {processor.py:830} INFO - Processing file /opt/airflow/dags/crawl_crypto_prices.py for tasks to queue
[2026-03-23T09:24:06.626+0000] {logging_mixin.py:188} INFO - [2026-03-23T09:24:06.626+0000] {dagbag.py:538} INFO - Filling up the DagBag from /opt/airflow/dags/crawl_crypto_prices.py
[2026-03-23T09:24:06.637+0000] {processor.py:840} INFO - DAG(s) 'crawl_crypto_prices' retrieved from /opt/airflow/dags/crawl_crypto_prices.py
[2026-03-23T09:24:06.654+0000] {logging_mixin.py:188} INFO - [2026-03-23T09:24:06.653+0000] {dag.py:3036} INFO - Sync 1 DAGs
[2026-03-23T09:24:06.663+0000] {logging_mixin.py:188} INFO - [2026-03-23T09:24:06.662+0000] {dag.py:3823} INFO - Setting next_dagrun for crawl_crypto_prices to 2026-03-23 09:00:00+00:00, run_after=2026-03-23 10:00:00+00:00
[2026-03-23T09:24:06.671+0000] {processor.py:183} INFO - Processing /opt/airflow/dags/crawl_crypto_prices.py took 0.049 seconds
[2026-03-23T09:24:36.968+0000] {processor.py:161} INFO - Started process (PID=10885) to work on /opt/airflow/dags/crawl_crypto_prices.py
[2026-03-23T09:24:36.970+0000] {processor.py:830} INFO - Processing file /opt/airflow/dags/crawl_crypto_prices.py for tasks to queue
[2026-03-23T09:24:36.970+0000] {logging_mixin.py:188} INFO - [2026-03-23T09:24:36.970+0000] {dagbag.py:538} INFO - Filling up the DagBag from /opt/airflow/dags/crawl_crypto_prices.py
[2026-03-23T09:24:36.982+0000] {processor.py:840} INFO - DAG(s) 'crawl_crypto_prices' retrieved from /opt/airflow/dags/crawl_crypto_prices.py
[2026-03-23T09:24:37.000+0000] {logging_mixin.py:188} INFO - [2026-03-23T09:24:37.000+0000] {dag.py:3036} INFO - Sync 1 DAGs
[2026-03-23T09:24:37.010+0000] {logging_mixin.py:188} INFO - [2026-03-23T09:24:37.010+0000] {dag.py:3823} INFO - Setting next_dagrun for crawl_crypto_prices to 2026-03-23 09:00:00+00:00, run_after=2026-03-23 10:00:00+00:00
[2026-03-23T09:24:37.016+0000] {processor.py:183} INFO - Processing /opt/airflow/dags/crawl_crypto_prices.py took 0.052 seconds
[2026-03-23T09:25:07.262+0000] {processor.py:161} INFO - Started process (PID=10890) to work on /opt/airflow/dags/crawl_crypto_prices.py
[2026-03-23T09:25:07.263+0000] {processor.py:830} INFO - Processing file /opt/airflow/dags/crawl_crypto_prices.py for tasks to queue
[2026-03-23T09:25:07.263+0000] {logging_mixin.py:188} INFO - [2026-03-23T09:25:07.263+0000] {dagbag.py:538} INFO - Filling up the DagBag from /opt/airflow/dags/crawl_crypto_prices.py
[2026-03-23T09:25:07.273+0000] {processor.py:840} INFO - DAG(s) 'crawl_crypto_prices' retrieved from /opt/airflow/dags/crawl_crypto_prices.py
[2026-03-23T09:25:07.291+0000] {logging_mixin.py:188} INFO - [2026-03-23T09:25:07.291+0000] {dag.py:3036} INFO - Sync 1 DAGs
[2026-03-23T09:25:07.300+0000] {logging_mixin.py:188} INFO - [2026-03-23T09:25:07.300+0000] {dag.py:3823} INFO - Setting next_dagrun for crawl_crypto_prices to 2026-03-23 09:00:00+00:00, run_after=2026-03-23 10:00:00+00:00
[2026-03-23T09:25:07.306+0000] {processor.py:183} INFO - Processing /opt/airflow/dags/crawl_crypto_prices.py took 0.047 seconds
[2026-03-23T09:25:37.578+0000] {processor.py:161} INFO - Started process (PID=10895) to work on /opt/airflow/dags/crawl_crypto_prices.py
[2026-03-23T09:25:37.579+0000] {processor.py:830} INFO - Processing file /opt/airflow/dags/crawl_crypto_prices.py for tasks to queue
[2026-03-23T09:25:37.579+0000] {logging_mixin.py:188} INFO - [2026-03-23T09:25:37.579+0000] {dagbag.py:538} INFO - Filling up the DagBag from /opt/airflow/dags/crawl_crypto_prices.py
[2026-03-23T09:25:37.590+0000] {processor.py:840} INFO - DAG(s) 'crawl_crypto_prices' retrieved from /opt/airflow/dags/crawl_crypto_prices.py
[2026-03-23T09:25:37.608+0000] {logging_mixin.py:188} INFO - [2026-03-23T09:25:37.608+0000] {dag.py:3036} INFO - Sync 1 DAGs
[2026-03-23T09:25:37.617+0000] {logging_mixin.py:188} INFO - [2026-03-23T09:25:37.617+0000] {dag.py:3823} INFO - Setting next_dagrun for crawl_crypto_prices to 2026-03-23 09:00:00+00:00, run_after=2026-03-23 10:00:00+00:00
[2026-03-23T09:25:37.623+0000] {processor.py:183} INFO - Processing /opt/airflow/dags/crawl_crypto_prices.py took 0.048 seconds
[2026-03-23T09:29:17.805+0000] {processor.py:161} INFO - Started process (PID=10900) to work on /opt/airflow/dags/crawl_crypto_prices.py
[2026-03-23T09:29:17.807+0000] {processor.py:830} INFO - Processing file /opt/airflow/dags/crawl_crypto_prices.py for tasks to queue
[2026-03-23T09:29:17.808+0000] {logging_mixin.py:188} INFO - [2026-03-23T09:29:17.808+0000] {dagbag.py:538} INFO - Filling up the DagBag from /opt/airflow/dags/crawl_crypto_prices.py
[2026-03-23T09:29:17.836+0000] {processor.py:840} INFO - DAG(s) 'crawl_crypto_prices' retrieved from /opt/airflow/dags/crawl_crypto_prices.py
[2026-03-23T09:29:17.878+0000] {logging_mixin.py:188} INFO - [2026-03-23T09:29:17.877+0000] {dag.py:3036} INFO - Sync 1 DAGs
[2026-03-23T09:29:17.903+0000] {logging_mixin.py:188} INFO - [2026-03-23T09:29:17.903+0000] {dag.py:3823} INFO - Setting next_dagrun for crawl_crypto_prices to 2026-03-23 09:00:00+00:00, run_after=2026-03-23 10:00:00+00:00
[2026-03-23T09:29:17.922+0000] {processor.py:183} INFO - Processing /opt/airflow/dags/crawl_crypto_prices.py took 0.123 seconds
[2026-03-23T09:29:48.142+0000] {processor.py:161} INFO - Started process (PID=10907) to work on /opt/airflow/dags/crawl_crypto_prices.py
[2026-03-23T09:29:48.143+0000] {processor.py:830} INFO - Processing file /opt/airflow/dags/crawl_crypto_prices.py for tasks to queue
[2026-03-23T09:29:48.144+0000] {logging_mixin.py:188} INFO - [2026-03-23T09:29:48.144+0000] {dagbag.py:538} INFO - Filling up the DagBag from /opt/airflow/dags/crawl_crypto_prices.py
[2026-03-23T09:29:48.156+0000] {processor.py:840} INFO - DAG(s) 'crawl_crypto_prices' retrieved from /opt/airflow/dags/crawl_crypto_prices.py
[2026-03-23T09:29:48.176+0000] {logging_mixin.py:188} INFO - [2026-03-23T09:29:48.176+0000] {dag.py:3036} INFO - Sync 1 DAGs
[2026-03-23T09:29:48.186+0000] {logging_mixin.py:188} INFO - [2026-03-23T09:29:48.185+0000] {dag.py:3823} INFO - Setting next_dagrun for crawl_crypto_prices to 2026-03-23 09:00:00+00:00, run_after=2026-03-23 10:00:00+00:00
[2026-03-23T09:29:48.192+0000] {processor.py:183} INFO - Processing /opt/airflow/dags/crawl_crypto_prices.py took 0.054 seconds
[2026-03-23T09:30:18.448+0000] {processor.py:161} INFO - Started process (PID=10912) to work on /opt/airflow/dags/crawl_crypto_prices.py
[2026-03-23T09:30:18.449+0000] {processor.py:830} INFO - Processing file /opt/airflow/dags/crawl_crypto_prices.py for tasks to queue
[2026-03-23T09:30:18.450+0000] {logging_mixin.py:188} INFO - [2026-03-23T09:30:18.449+0000] {dagbag.py:538} INFO - Filling up the DagBag from /opt/airflow/dags/crawl_crypto_prices.py
[2026-03-23T09:30:18.460+0000] {processor.py:840} INFO - DAG(s) 'crawl_crypto_prices' retrieved from /opt/airflow/dags/crawl_crypto_prices.py
[2026-03-23T09:30:18.475+0000] {logging_mixin.py:188} INFO - [2026-03-23T09:30:18.475+0000] {dag.py:3036} INFO - Sync 1 DAGs
[2026-03-23T09:30:18.485+0000] {logging_mixin.py:188} INFO - [2026-03-23T09:30:18.485+0000] {dag.py:3823} INFO - Setting next_dagrun for crawl_crypto_prices to 2026-03-23 09:00:00+00:00, run_after=2026-03-23 10:00:00+00:00
[2026-03-23T09:30:18.492+0000] {processor.py:183} INFO - Processing /opt/airflow/dags/crawl_crypto_prices.py took 0.047 seconds
[2026-03-23T09:30:23.526+0000] {processor.py:161} INFO - Started process (PID=10917) to work on /opt/airflow/dags/crawl_crypto_prices.py
[2026-03-23T09:30:23.528+0000] {processor.py:830} INFO - Processing file /opt/airflow/dags/crawl_crypto_prices.py for tasks to queue
[2026-03-23T09:30:23.529+0000] {logging_mixin.py:188} INFO - [2026-03-23T09:30:23.528+0000] {dagbag.py:538} INFO - Filling up the DagBag from /opt/airflow/dags/crawl_crypto_prices.py
[2026-03-23T09:30:23.533+0000] {logging_mixin.py:188} INFO - [2026-03-23T09:30:23.533+0000] {dagbag.py:348} ERROR - Failed to import: /opt/airflow/dags/crawl_crypto_prices.py
Traceback (most recent call last):
  File "/home/airflow/.local/lib/python3.8/site-packages/airflow/models/dagbag.py", line 344, in parse
    loader.exec_module(new_module)
  File "<frozen importlib._bootstrap_external>", line 839, in exec_module
  File "<frozen importlib._bootstrap_external>", line 976, in get_code
  File "<frozen importlib._bootstrap_external>", line 906, in source_to_code
  File "<frozen importlib._bootstrap>", line 219, in _call_with_frames_removed
  File "/opt/airflow/dags/crawl_crypto_prices.py", line 48
    url = f"https://api.telegram.org/bot{8717823415:AAF-sgbBhbliooZQwoJS9-lvHouju14odxY
                                                                                      ^
SyntaxError: EOL while scanning string literal
[2026-03-23T09:30:23.534+0000] {processor.py:842} WARNING - No viable dags retrieved from /opt/airflow/dags/crawl_crypto_prices.py
[2026-03-23T09:30:23.552+0000] {processor.py:183} INFO - Processing /opt/airflow/dags/crawl_crypto_prices.py took 0.031 seconds
[2026-03-23T09:30:53.896+0000] {processor.py:161} INFO - Started process (PID=10922) to work on /opt/airflow/dags/crawl_crypto_prices.py
[2026-03-23T09:30:53.897+0000] {processor.py:830} INFO - Processing file /opt/airflow/dags/crawl_crypto_prices.py for tasks to queue
[2026-03-23T09:30:53.899+0000] {logging_mixin.py:188} INFO - [2026-03-23T09:30:53.899+0000] {dagbag.py:538} INFO - Filling up the DagBag from /opt/airflow/dags/crawl_crypto_prices.py
[2026-03-23T09:30:53.904+0000] {logging_mixin.py:188} INFO - [2026-03-23T09:30:53.903+0000] {dagbag.py:348} ERROR - Failed to import: /opt/airflow/dags/crawl_crypto_prices.py
Traceback (most recent call last):
  File "/home/airflow/.local/lib/python3.8/site-packages/airflow/models/dagbag.py", line 344, in parse
    loader.exec_module(new_module)
  File "<frozen importlib._bootstrap_external>", line 839, in exec_module
  File "<frozen importlib._bootstrap_external>", line 976, in get_code
  File "<frozen importlib._bootstrap_external>", line 906, in source_to_code
  File "<frozen importlib._bootstrap>", line 219, in _call_with_frames_removed
  File "/opt/airflow/dags/crawl_crypto_prices.py", line 48
    url = f"https://api.telegram.org/bot{8717823415:AAF-sgbBhbliooZQwoJS9-lvHouju14odxY
                                                                                      ^
SyntaxError: EOL while scanning string literal
[2026-03-23T09:30:53.904+0000] {processor.py:842} WARNING - No viable dags retrieved from /opt/airflow/dags/crawl_crypto_prices.py
[2026-03-23T09:30:53.928+0000] {processor.py:183} INFO - Processing /opt/airflow/dags/crawl_crypto_prices.py took 0.037 seconds
[2026-03-23T09:31:24.219+0000] {processor.py:161} INFO - Started process (PID=10927) to work on /opt/airflow/dags/crawl_crypto_prices.py
[2026-03-23T09:31:24.220+0000] {processor.py:830} INFO - Processing file /opt/airflow/dags/crawl_crypto_prices.py for tasks to queue
[2026-03-23T09:31:24.221+0000] {logging_mixin.py:188} INFO - [2026-03-23T09:31:24.220+0000] {dagbag.py:538} INFO - Filling up the DagBag from /opt/airflow/dags/crawl_crypto_prices.py
[2026-03-23T09:31:24.224+0000] {logging_mixin.py:188} INFO - [2026-03-23T09:31:24.223+0000] {dagbag.py:348} ERROR - Failed to import: /opt/airflow/dags/crawl_crypto_prices.py
Traceback (most recent call last):
  File "/home/airflow/.local/lib/python3.8/site-packages/airflow/models/dagbag.py", line 344, in parse
    loader.exec_module(new_module)
  File "<frozen importlib._bootstrap_external>", line 839, in exec_module
  File "<frozen importlib._bootstrap_external>", line 976, in get_code
  File "<frozen importlib._bootstrap_external>", line 906, in source_to_code
  File "<frozen importlib._bootstrap>", line 219, in _call_with_frames_removed
  File "/opt/airflow/dags/crawl_crypto_prices.py", line 48
    url = f"https://api.telegram.org/bot{8717823415:AAF-sgbBhbliooZQwoJS9-lvHouju14odxY
                                                                                      ^
SyntaxError: EOL while scanning string literal
[2026-03-23T09:31:24.224+0000] {processor.py:842} WARNING - No viable dags retrieved from /opt/airflow/dags/crawl_crypto_prices.py
[2026-03-23T09:31:24.240+0000] {processor.py:183} INFO - Processing /opt/airflow/dags/crawl_crypto_prices.py took 0.025 seconds
[2026-03-23T09:31:54.549+0000] {processor.py:161} INFO - Started process (PID=10932) to work on /opt/airflow/dags/crawl_crypto_prices.py
[2026-03-23T09:31:54.550+0000] {processor.py:830} INFO - Processing file /opt/airflow/dags/crawl_crypto_prices.py for tasks to queue
[2026-03-23T09:31:54.551+0000] {logging_mixin.py:188} INFO - [2026-03-23T09:31:54.551+0000] {dagbag.py:538} INFO - Filling up the DagBag from /opt/airflow/dags/crawl_crypto_prices.py
[2026-03-23T09:31:54.554+0000] {logging_mixin.py:188} INFO - [2026-03-23T09:31:54.554+0000] {dagbag.py:348} ERROR - Failed to import: /opt/airflow/dags/crawl_crypto_prices.py
Traceback (most recent call last):
  File "/home/airflow/.local/lib/python3.8/site-packages/airflow/models/dagbag.py", line 344, in parse
    loader.exec_module(new_module)
  File "<frozen importlib._bootstrap_external>", line 839, in exec_module
  File "<frozen importlib._bootstrap_external>", line 976, in get_code
  File "<frozen importlib._bootstrap_external>", line 906, in source_to_code
  File "<frozen importlib._bootstrap>", line 219, in _call_with_frames_removed
  File "/opt/airflow/dags/crawl_crypto_prices.py", line 48
    url = f"https://api.telegram.org/bot{8717823415:AAF-sgbBhbliooZQwoJS9-lvHouju14odxY
                                                                                      ^
SyntaxError: EOL while scanning string literal
[2026-03-23T09:31:54.555+0000] {processor.py:842} WARNING - No viable dags retrieved from /opt/airflow/dags/crawl_crypto_prices.py
[2026-03-23T09:31:54.571+0000] {processor.py:183} INFO - Processing /opt/airflow/dags/crawl_crypto_prices.py took 0.026 seconds
[2026-03-23T09:32:24.824+0000] {processor.py:161} INFO - Started process (PID=10937) to work on /opt/airflow/dags/crawl_crypto_prices.py
[2026-03-23T09:32:24.825+0000] {processor.py:830} INFO - Processing file /opt/airflow/dags/crawl_crypto_prices.py for tasks to queue
[2026-03-23T09:32:24.825+0000] {logging_mixin.py:188} INFO - [2026-03-23T09:32:24.825+0000] {dagbag.py:538} INFO - Filling up the DagBag from /opt/airflow/dags/crawl_crypto_prices.py
[2026-03-23T09:32:24.827+0000] {logging_mixin.py:188} INFO - [2026-03-23T09:32:24.826+0000] {dagbag.py:348} ERROR - Failed to import: /opt/airflow/dags/crawl_crypto_prices.py
Traceback (most recent call last):
  File "/home/airflow/.local/lib/python3.8/site-packages/airflow/models/dagbag.py", line 344, in parse
    loader.exec_module(new_module)
  File "<frozen importlib._bootstrap_external>", line 839, in exec_module
  File "<frozen importlib._bootstrap_external>", line 976, in get_code
  File "<frozen importlib._bootstrap_external>", line 906, in source_to_code
  File "<frozen importlib._bootstrap>", line 219, in _call_with_frames_removed
  File "/opt/airflow/dags/crawl_crypto_prices.py", line 48
    url = f"https://api.telegram.org/bot{8717823415:AAF-sgbBhbliooZQwoJS9-lvHouju14odxY
                                                                                      ^
SyntaxError: EOL while scanning string literal
[2026-03-23T09:32:24.827+0000] {processor.py:842} WARNING - No viable dags retrieved from /opt/airflow/dags/crawl_crypto_prices.py
[2026-03-23T09:32:24.838+0000] {processor.py:183} INFO - Processing /opt/airflow/dags/crawl_crypto_prices.py took 0.017 seconds
[2026-03-23T09:32:55.101+0000] {processor.py:161} INFO - Started process (PID=10942) to work on /opt/airflow/dags/crawl_crypto_prices.py
[2026-03-23T09:32:55.102+0000] {processor.py:830} INFO - Processing file /opt/airflow/dags/crawl_crypto_prices.py for tasks to queue
[2026-03-23T09:32:55.102+0000] {logging_mixin.py:188} INFO - [2026-03-23T09:32:55.102+0000] {dagbag.py:538} INFO - Filling up the DagBag from /opt/airflow/dags/crawl_crypto_prices.py
[2026-03-23T09:32:55.104+0000] {logging_mixin.py:188} INFO - [2026-03-23T09:32:55.104+0000] {dagbag.py:348} ERROR - Failed to import: /opt/airflow/dags/crawl_crypto_prices.py
Traceback (most recent call last):
  File "/home/airflow/.local/lib/python3.8/site-packages/airflow/models/dagbag.py", line 344, in parse
    loader.exec_module(new_module)
  File "<frozen importlib._bootstrap_external>", line 839, in exec_module
  File "<frozen importlib._bootstrap_external>", line 976, in get_code
  File "<frozen importlib._bootstrap_external>", line 906, in source_to_code
  File "<frozen importlib._bootstrap>", line 219, in _call_with_frames_removed
  File "/opt/airflow/dags/crawl_crypto_prices.py", line 48
    url = f"https://api.telegram.org/bot{8717823415:AAF-sgbBhbliooZQwoJS9-lvHouju14odxY
                                                                                      ^
SyntaxError: EOL while scanning string literal
[2026-03-23T09:32:55.105+0000] {processor.py:842} WARNING - No viable dags retrieved from /opt/airflow/dags/crawl_crypto_prices.py
[2026-03-23T09:32:55.117+0000] {processor.py:183} INFO - Processing /opt/airflow/dags/crawl_crypto_prices.py took 0.019 seconds
[2026-03-23T09:33:25.389+0000] {processor.py:161} INFO - Started process (PID=10947) to work on /opt/airflow/dags/crawl_crypto_prices.py
[2026-03-23T09:33:25.390+0000] {processor.py:830} INFO - Processing file /opt/airflow/dags/crawl_crypto_prices.py for tasks to queue
[2026-03-23T09:33:25.391+0000] {logging_mixin.py:188} INFO - [2026-03-23T09:33:25.391+0000] {dagbag.py:538} INFO - Filling up the DagBag from /opt/airflow/dags/crawl_crypto_prices.py
[2026-03-23T09:33:25.394+0000] {logging_mixin.py:188} INFO - [2026-03-23T09:33:25.394+0000] {dagbag.py:348} ERROR - Failed to import: /opt/airflow/dags/crawl_crypto_prices.py
Traceback (most recent call last):
  File "/home/airflow/.local/lib/python3.8/site-packages/airflow/models/dagbag.py", line 344, in parse
    loader.exec_module(new_module)
  File "<frozen importlib._bootstrap_external>", line 839, in exec_module
  File "<frozen importlib._bootstrap_external>", line 976, in get_code
  File "<frozen importlib._bootstrap_external>", line 906, in source_to_code
  File "<frozen importlib._bootstrap>", line 219, in _call_with_frames_removed
  File "/opt/airflow/dags/crawl_crypto_prices.py", line 48
    url = f"https://api.telegram.org/bot{8717823415:AAF-sgbBhbliooZQwoJS9-lvHouju14odxY
                                                                                      ^
SyntaxError: EOL while scanning string literal
[2026-03-23T09:33:25.395+0000] {processor.py:842} WARNING - No viable dags retrieved from /opt/airflow/dags/crawl_crypto_prices.py
[2026-03-23T09:33:25.407+0000] {processor.py:183} INFO - Processing /opt/airflow/dags/crawl_crypto_prices.py took 0.021 seconds
[2026-03-23T09:33:36.508+0000] {processor.py:161} INFO - Started process (PID=10952) to work on /opt/airflow/dags/crawl_crypto_prices.py
[2026-03-23T09:33:36.509+0000] {processor.py:830} INFO - Processing file /opt/airflow/dags/crawl_crypto_prices.py for tasks to queue
[2026-03-23T09:33:36.510+0000] {logging_mixin.py:188} INFO - [2026-03-23T09:33:36.510+0000] {dagbag.py:538} INFO - Filling up the DagBag from /opt/airflow/dags/crawl_crypto_prices.py
[2026-03-23T09:33:36.528+0000] {processor.py:840} INFO - DAG(s) 'crawl_crypto_prices' retrieved from /opt/airflow/dags/crawl_crypto_prices.py
[2026-03-23T09:33:36.580+0000] {logging_mixin.py:188} INFO - [2026-03-23T09:33:36.579+0000] {dag.py:3036} INFO - Sync 1 DAGs
[2026-03-23T09:33:36.588+0000] {logging_mixin.py:188} INFO - [2026-03-23T09:33:36.588+0000] {dag.py:3823} INFO - Setting next_dagrun for crawl_crypto_prices to 2026-03-23 09:00:00+00:00, run_after=2026-03-23 10:00:00+00:00
[2026-03-23T09:33:36.595+0000] {processor.py:183} INFO - Processing /opt/airflow/dags/crawl_crypto_prices.py took 0.090 seconds
[2026-03-23T09:34:06.782+0000] {processor.py:161} INFO - Started process (PID=10961) to work on /opt/airflow/dags/crawl_crypto_prices.py
[2026-03-23T09:34:06.783+0000] {processor.py:830} INFO - Processing file /opt/airflow/dags/crawl_crypto_prices.py for tasks to queue
[2026-03-23T09:34:06.784+0000] {logging_mixin.py:188} INFO - [2026-03-23T09:34:06.783+0000] {dagbag.py:538} INFO - Filling up the DagBag from /opt/airflow/dags/crawl_crypto_prices.py
[2026-03-23T09:34:06.795+0000] {processor.py:840} INFO - DAG(s) 'crawl_crypto_prices' retrieved from /opt/airflow/dags/crawl_crypto_prices.py
[2026-03-23T09:34:06.815+0000] {logging_mixin.py:188} INFO - [2026-03-23T09:34:06.814+0000] {dag.py:3036} INFO - Sync 1 DAGs
[2026-03-23T09:34:06.825+0000] {logging_mixin.py:188} INFO - [2026-03-23T09:34:06.825+0000] {dag.py:3823} INFO - Setting next_dagrun for crawl_crypto_prices to 2026-03-23 09:00:00+00:00, run_after=2026-03-23 10:00:00+00:00
[2026-03-23T09:34:06.831+0000] {processor.py:183} INFO - Processing /opt/airflow/dags/crawl_crypto_prices.py took 0.053 seconds
[2026-03-23T09:34:37.114+0000] {processor.py:161} INFO - Started process (PID=10966) to work on /opt/airflow/dags/crawl_crypto_prices.py
[2026-03-23T09:34:37.115+0000] {processor.py:830} INFO - Processing file /opt/airflow/dags/crawl_crypto_prices.py for tasks to queue
[2026-03-23T09:34:37.116+0000] {logging_mixin.py:188} INFO - [2026-03-23T09:34:37.116+0000] {dagbag.py:538} INFO - Filling up the DagBag from /opt/airflow/dags/crawl_crypto_prices.py
[2026-03-23T09:34:37.131+0000] {processor.py:840} INFO - DAG(s) 'crawl_crypto_prices' retrieved from /opt/airflow/dags/crawl_crypto_prices.py
[2026-03-23T09:34:37.152+0000] {logging_mixin.py:188} INFO - [2026-03-23T09:34:37.152+0000] {dag.py:3036} INFO - Sync 1 DAGs
[2026-03-23T09:34:37.162+0000] {logging_mixin.py:188} INFO - [2026-03-23T09:34:37.162+0000] {dag.py:3823} INFO - Setting next_dagrun for crawl_crypto_prices to 2026-03-23 09:00:00+00:00, run_after=2026-03-23 10:00:00+00:00
[2026-03-23T09:34:37.169+0000] {processor.py:183} INFO - Processing /opt/airflow/dags/crawl_crypto_prices.py took 0.059 seconds
[2026-03-23T09:35:07.411+0000] {processor.py:161} INFO - Started process (PID=10971) to work on /opt/airflow/dags/crawl_crypto_prices.py
[2026-03-23T09:35:07.412+0000] {processor.py:830} INFO - Processing file /opt/airflow/dags/crawl_crypto_prices.py for tasks to queue
[2026-03-23T09:35:07.413+0000] {logging_mixin.py:188} INFO - [2026-03-23T09:35:07.413+0000] {dagbag.py:538} INFO - Filling up the DagBag from /opt/airflow/dags/crawl_crypto_prices.py
[2026-03-23T09:35:07.423+0000] {processor.py:840} INFO - DAG(s) 'crawl_crypto_prices' retrieved from /opt/airflow/dags/crawl_crypto_prices.py
[2026-03-23T09:35:07.441+0000] {logging_mixin.py:188} INFO - [2026-03-23T09:35:07.441+0000] {dag.py:3036} INFO - Sync 1 DAGs
[2026-03-23T09:35:07.452+0000] {logging_mixin.py:188} INFO - [2026-03-23T09:35:07.451+0000] {dag.py:3823} INFO - Setting next_dagrun for crawl_crypto_prices to 2026-03-23 09:00:00+00:00, run_after=2026-03-23 10:00:00+00:00
[2026-03-23T09:35:07.458+0000] {processor.py:183} INFO - Processing /opt/airflow/dags/crawl_crypto_prices.py took 0.050 seconds
[2026-03-23T09:35:37.755+0000] {processor.py:161} INFO - Started process (PID=10976) to work on /opt/airflow/dags/crawl_crypto_prices.py
[2026-03-23T09:35:37.756+0000] {processor.py:830} INFO - Processing file /opt/airflow/dags/crawl_crypto_prices.py for tasks to queue
[2026-03-23T09:35:37.756+0000] {logging_mixin.py:188} INFO - [2026-03-23T09:35:37.756+0000] {dagbag.py:538} INFO - Filling up the DagBag from /opt/airflow/dags/crawl_crypto_prices.py
[2026-03-23T09:35:37.772+0000] {processor.py:840} INFO - DAG(s) 'crawl_crypto_prices' retrieved from /opt/airflow/dags/crawl_crypto_prices.py
[2026-03-23T09:35:37.793+0000] {logging_mixin.py:188} INFO - [2026-03-23T09:35:37.793+0000] {dag.py:3036} INFO - Sync 1 DAGs
[2026-03-23T09:35:37.804+0000] {logging_mixin.py:188} INFO - [2026-03-23T09:35:37.804+0000] {dag.py:3823} INFO - Setting next_dagrun for crawl_crypto_prices to 2026-03-23 09:00:00+00:00, run_after=2026-03-23 10:00:00+00:00
[2026-03-23T09:35:37.810+0000] {processor.py:183} INFO - Processing /opt/airflow/dags/crawl_crypto_prices.py took 0.061 seconds
[2026-03-23T09:36:08.076+0000] {processor.py:161} INFO - Started process (PID=10981) to work on /opt/airflow/dags/crawl_crypto_prices.py
[2026-03-23T09:36:08.077+0000] {processor.py:830} INFO - Processing file /opt/airflow/dags/crawl_crypto_prices.py for tasks to queue
[2026-03-23T09:36:08.078+0000] {logging_mixin.py:188} INFO - [2026-03-23T09:36:08.078+0000] {dagbag.py:538} INFO - Filling up the DagBag from /opt/airflow/dags/crawl_crypto_prices.py
[2026-03-23T09:36:08.088+0000] {processor.py:840} INFO - DAG(s) 'crawl_crypto_prices' retrieved from /opt/airflow/dags/crawl_crypto_prices.py
[2026-03-23T09:36:08.104+0000] {logging_mixin.py:188} INFO - [2026-03-23T09:36:08.104+0000] {dag.py:3036} INFO - Sync 1 DAGs
[2026-03-23T09:36:08.113+0000] {logging_mixin.py:188} INFO - [2026-03-23T09:36:08.113+0000] {dag.py:3823} INFO - Setting next_dagrun for crawl_crypto_prices to 2026-03-23 09:00:00+00:00, run_after=2026-03-23 10:00:00+00:00
[2026-03-23T09:36:08.120+0000] {processor.py:183} INFO - Processing /opt/airflow/dags/crawl_crypto_prices.py took 0.047 seconds
[2026-03-23T09:36:38.381+0000] {processor.py:161} INFO - Started process (PID=10986) to work on /opt/airflow/dags/crawl_crypto_prices.py
[2026-03-23T09:36:38.382+0000] {processor.py:830} INFO - Processing file /opt/airflow/dags/crawl_crypto_prices.py for tasks to queue
[2026-03-23T09:36:38.382+0000] {logging_mixin.py:188} INFO - [2026-03-23T09:36:38.382+0000] {dagbag.py:538} INFO - Filling up the DagBag from /opt/airflow/dags/crawl_crypto_prices.py
[2026-03-23T09:36:38.394+0000] {processor.py:840} INFO - DAG(s) 'crawl_crypto_prices' retrieved from /opt/airflow/dags/crawl_crypto_prices.py
[2026-03-23T09:36:38.413+0000] {logging_mixin.py:188} INFO - [2026-03-23T09:36:38.412+0000] {dag.py:3036} INFO - Sync 1 DAGs
[2026-03-23T09:36:38.422+0000] {logging_mixin.py:188} INFO - [2026-03-23T09:36:38.422+0000] {dag.py:3823} INFO - Setting next_dagrun for crawl_crypto_prices to 2026-03-23 09:00:00+00:00, run_after=2026-03-23 10:00:00+00:00
[2026-03-23T09:36:38.428+0000] {processor.py:183} INFO - Processing /opt/airflow/dags/crawl_crypto_prices.py took 0.051 seconds
[2026-03-23T09:37:08.688+0000] {processor.py:161} INFO - Started process (PID=10991) to work on /opt/airflow/dags/crawl_crypto_prices.py
[2026-03-23T09:37:08.689+0000] {processor.py:830} INFO - Processing file /opt/airflow/dags/crawl_crypto_prices.py for tasks to queue
[2026-03-23T09:37:08.689+0000] {logging_mixin.py:188} INFO - [2026-03-23T09:37:08.689+0000] {dagbag.py:538} INFO - Filling up the DagBag from /opt/airflow/dags/crawl_crypto_prices.py
[2026-03-23T09:37:08.701+0000] {processor.py:840} INFO - DAG(s) 'crawl_crypto_prices' retrieved from /opt/airflow/dags/crawl_crypto_prices.py
[2026-03-23T09:37:08.720+0000] {logging_mixin.py:188} INFO - [2026-03-23T09:37:08.720+0000] {dag.py:3036} INFO - Sync 1 DAGs
[2026-03-23T09:37:08.730+0000] {logging_mixin.py:188} INFO - [2026-03-23T09:37:08.730+0000] {dag.py:3823} INFO - Setting next_dagrun for crawl_crypto_prices to 2026-03-23 09:00:00+00:00, run_after=2026-03-23 10:00:00+00:00
[2026-03-23T09:37:08.736+0000] {processor.py:183} INFO - Processing /opt/airflow/dags/crawl_crypto_prices.py took 0.053 seconds
[2026-03-23T09:37:39.017+0000] {processor.py:161} INFO - Started process (PID=10996) to work on /opt/airflow/dags/crawl_crypto_prices.py
[2026-03-23T09:37:39.019+0000] {processor.py:830} INFO - Processing file /opt/airflow/dags/crawl_crypto_prices.py for tasks to queue
[2026-03-23T09:37:39.020+0000] {logging_mixin.py:188} INFO - [2026-03-23T09:37:39.019+0000] {dagbag.py:538} INFO - Filling up the DagBag from /opt/airflow/dags/crawl_crypto_prices.py
[2026-03-23T09:37:39.035+0000] {processor.py:840} INFO - DAG(s) 'crawl_crypto_prices' retrieved from /opt/airflow/dags/crawl_crypto_prices.py
[2026-03-23T09:37:39.056+0000] {logging_mixin.py:188} INFO - [2026-03-23T09:37:39.056+0000] {dag.py:3036} INFO - Sync 1 DAGs
[2026-03-23T09:37:39.067+0000] {logging_mixin.py:188} INFO - [2026-03-23T09:37:39.067+0000] {dag.py:3823} INFO - Setting next_dagrun for crawl_crypto_prices to 2026-03-23 09:00:00+00:00, run_after=2026-03-23 10:00:00+00:00
[2026-03-23T09:37:39.073+0000] {processor.py:183} INFO - Processing /opt/airflow/dags/crawl_crypto_prices.py took 0.061 seconds
[2026-03-23T09:38:09.318+0000] {processor.py:161} INFO - Started process (PID=11001) to work on /opt/airflow/dags/crawl_crypto_prices.py
[2026-03-23T09:38:09.319+0000] {processor.py:830} INFO - Processing file /opt/airflow/dags/crawl_crypto_prices.py for tasks to queue
[2026-03-23T09:38:09.319+0000] {logging_mixin.py:188} INFO - [2026-03-23T09:38:09.319+0000] {dagbag.py:538} INFO - Filling up the DagBag from /opt/airflow/dags/crawl_crypto_prices.py
[2026-03-23T09:38:09.330+0000] {processor.py:840} INFO - DAG(s) 'crawl_crypto_prices' retrieved from /opt/airflow/dags/crawl_crypto_prices.py
[2026-03-23T09:38:09.345+0000] {logging_mixin.py:188} INFO - [2026-03-23T09:38:09.345+0000] {dag.py:3036} INFO - Sync 1 DAGs
[2026-03-23T09:38:09.355+0000] {logging_mixin.py:188} INFO - [2026-03-23T09:38:09.355+0000] {dag.py:3823} INFO - Setting next_dagrun for crawl_crypto_prices to 2026-03-23 09:00:00+00:00, run_after=2026-03-23 10:00:00+00:00
[2026-03-23T09:38:09.361+0000] {processor.py:183} INFO - Processing /opt/airflow/dags/crawl_crypto_prices.py took 0.046 seconds
[2026-03-23T09:38:39.653+0000] {processor.py:161} INFO - Started process (PID=11006) to work on /opt/airflow/dags/crawl_crypto_prices.py
[2026-03-23T09:38:39.654+0000] {processor.py:830} INFO - Processing file /opt/airflow/dags/crawl_crypto_prices.py for tasks to queue
[2026-03-23T09:38:39.655+0000] {logging_mixin.py:188} INFO - [2026-03-23T09:38:39.655+0000] {dagbag.py:538} INFO - Filling up the DagBag from /opt/airflow/dags/crawl_crypto_prices.py
[2026-03-23T09:38:39.669+0000] {processor.py:840} INFO - DAG(s) 'crawl_crypto_prices' retrieved from /opt/airflow/dags/crawl_crypto_prices.py
[2026-03-23T09:38:39.683+0000] {logging_mixin.py:188} INFO - [2026-03-23T09:38:39.683+0000] {dag.py:3036} INFO - Sync 1 DAGs
[2026-03-23T09:38:39.693+0000] {logging_mixin.py:188} INFO - [2026-03-23T09:38:39.693+0000] {dag.py:3823} INFO - Setting next_dagrun for crawl_crypto_prices to 2026-03-23 09:00:00+00:00, run_after=2026-03-23 10:00:00+00:00
[2026-03-23T09:38:39.700+0000] {processor.py:183} INFO - Processing /opt/airflow/dags/crawl_crypto_prices.py took 0.050 seconds
[2026-03-23T09:39:09.980+0000] {processor.py:161} INFO - Started process (PID=11011) to work on /opt/airflow/dags/crawl_crypto_prices.py
[2026-03-23T09:39:09.981+0000] {processor.py:830} INFO - Processing file /opt/airflow/dags/crawl_crypto_prices.py for tasks to queue
[2026-03-23T09:39:09.982+0000] {logging_mixin.py:188} INFO - [2026-03-23T09:39:09.981+0000] {dagbag.py:538} INFO - Filling up the DagBag from /opt/airflow/dags/crawl_crypto_prices.py
[2026-03-23T09:39:09.995+0000] {processor.py:840} INFO - DAG(s) 'crawl_crypto_prices' retrieved from /opt/airflow/dags/crawl_crypto_prices.py
[2026-03-23T09:39:10.020+0000] {logging_mixin.py:188} INFO - [2026-03-23T09:39:10.020+0000] {dag.py:3036} INFO - Sync 1 DAGs
[2026-03-23T09:39:10.031+0000] {logging_mixin.py:188} INFO - [2026-03-23T09:39:10.031+0000] {dag.py:3823} INFO - Setting next_dagrun for crawl_crypto_prices to 2026-03-23 09:00:00+00:00, run_after=2026-03-23 10:00:00+00:00
[2026-03-23T09:39:10.037+0000] {processor.py:183} INFO - Processing /opt/airflow/dags/crawl_crypto_prices.py took 0.061 seconds
[2026-03-23T09:39:40.302+0000] {processor.py:161} INFO - Started process (PID=11016) to work on /opt/airflow/dags/crawl_crypto_prices.py
[2026-03-23T09:39:40.302+0000] {processor.py:830} INFO - Processing file /opt/airflow/dags/crawl_crypto_prices.py for tasks to queue
[2026-03-23T09:39:40.303+0000] {logging_mixin.py:188} INFO - [2026-03-23T09:39:40.303+0000] {dagbag.py:538} INFO - Filling up the DagBag from /opt/airflow/dags/crawl_crypto_prices.py
[2026-03-23T09:39:40.309+0000] {processor.py:840} INFO - DAG(s) 'crawl_crypto_prices' retrieved from /opt/airflow/dags/crawl_crypto_prices.py
[2026-03-23T09:39:40.320+0000] {logging_mixin.py:188} INFO - [2026-03-23T09:39:40.320+0000] {dag.py:3036} INFO - Sync 1 DAGs
[2026-03-23T09:39:40.328+0000] {logging_mixin.py:188} INFO - [2026-03-23T09:39:40.328+0000] {dag.py:3823} INFO - Setting next_dagrun for crawl_crypto_prices to 2026-03-23 09:00:00+00:00, run_after=2026-03-23 10:00:00+00:00
[2026-03-23T09:39:40.335+0000] {processor.py:183} INFO - Processing /opt/airflow/dags/crawl_crypto_prices.py took 0.034 seconds
[2026-03-23T09:40:10.640+0000] {processor.py:161} INFO - Started process (PID=11021) to work on /opt/airflow/dags/crawl_crypto_prices.py
[2026-03-23T09:40:10.641+0000] {processor.py:830} INFO - Processing file /opt/airflow/dags/crawl_crypto_prices.py for tasks to queue
[2026-03-23T09:40:10.641+0000] {logging_mixin.py:188} INFO - [2026-03-23T09:40:10.641+0000] {dagbag.py:538} INFO - Filling up the DagBag from /opt/airflow/dags/crawl_crypto_prices.py
[2026-03-23T09:40:10.651+0000] {processor.py:840} INFO - DAG(s) 'crawl_crypto_prices' retrieved from /opt/airflow/dags/crawl_crypto_prices.py
[2026-03-23T09:40:10.670+0000] {logging_mixin.py:188} INFO - [2026-03-23T09:40:10.670+0000] {dag.py:3036} INFO - Sync 1 DAGs
[2026-03-23T09:40:10.679+0000] {logging_mixin.py:188} INFO - [2026-03-23T09:40:10.679+0000] {dag.py:3823} INFO - Setting next_dagrun for crawl_crypto_prices to 2026-03-23 09:00:00+00:00, run_after=2026-03-23 10:00:00+00:00
[2026-03-23T09:40:10.685+0000] {processor.py:183} INFO - Processing /opt/airflow/dags/crawl_crypto_prices.py took 0.048 seconds
[2026-03-23T09:40:40.968+0000] {processor.py:161} INFO - Started process (PID=11026) to work on /opt/airflow/dags/crawl_crypto_prices.py
[2026-03-23T09:40:40.969+0000] {processor.py:830} INFO - Processing file /opt/airflow/dags/crawl_crypto_prices.py for tasks to queue
[2026-03-23T09:40:40.970+0000] {logging_mixin.py:188} INFO - [2026-03-23T09:40:40.970+0000] {dagbag.py:538} INFO - Filling up the DagBag from /opt/airflow/dags/crawl_crypto_prices.py
[2026-03-23T09:40:40.983+0000] {processor.py:840} INFO - DAG(s) 'crawl_crypto_prices' retrieved from /opt/airflow/dags/crawl_crypto_prices.py
[2026-03-23T09:40:41.003+0000] {logging_mixin.py:188} INFO - [2026-03-23T09:40:41.003+0000] {dag.py:3036} INFO - Sync 1 DAGs
[2026-03-23T09:40:41.013+0000] {logging_mixin.py:188} INFO - [2026-03-23T09:40:41.013+0000] {dag.py:3823} INFO - Setting next_dagrun for crawl_crypto_prices to 2026-03-23 09:00:00+00:00, run_after=2026-03-23 10:00:00+00:00
[2026-03-23T09:40:41.020+0000] {processor.py:183} INFO - Processing /opt/airflow/dags/crawl_crypto_prices.py took 0.056 seconds
[2026-03-23T09:41:11.305+0000] {processor.py:161} INFO - Started process (PID=11031) to work on /opt/airflow/dags/crawl_crypto_prices.py
[2026-03-23T09:41:11.306+0000] {processor.py:830} INFO - Processing file /opt/airflow/dags/crawl_crypto_prices.py for tasks to queue
[2026-03-23T09:41:11.307+0000] {logging_mixin.py:188} INFO - [2026-03-23T09:41:11.306+0000] {dagbag.py:538} INFO - Filling up the DagBag from /opt/airflow/dags/crawl_crypto_prices.py
[2026-03-23T09:41:11.318+0000] {processor.py:840} INFO - DAG(s) 'crawl_crypto_prices' retrieved from /opt/airflow/dags/crawl_crypto_prices.py
[2026-03-23T09:41:11.335+0000] {logging_mixin.py:188} INFO - [2026-03-23T09:41:11.335+0000] {dag.py:3036} INFO - Sync 1 DAGs
[2026-03-23T09:41:11.345+0000] {logging_mixin.py:188} INFO - [2026-03-23T09:41:11.345+0000] {dag.py:3823} INFO - Setting next_dagrun for crawl_crypto_prices to 2026-03-23 09:00:00+00:00, run_after=2026-03-23 10:00:00+00:00
[2026-03-23T09:41:11.351+0000] {processor.py:183} INFO - Processing /opt/airflow/dags/crawl_crypto_prices.py took 0.050 seconds
[2026-03-23T09:41:41.568+0000] {processor.py:161} INFO - Started process (PID=11036) to work on /opt/airflow/dags/crawl_crypto_prices.py
[2026-03-23T09:41:41.570+0000] {processor.py:830} INFO - Processing file /opt/airflow/dags/crawl_crypto_prices.py for tasks to queue
[2026-03-23T09:41:41.570+0000] {logging_mixin.py:188} INFO - [2026-03-23T09:41:41.570+0000] {dagbag.py:538} INFO - Filling up the DagBag from /opt/airflow/dags/crawl_crypto_prices.py
[2026-03-23T09:41:41.583+0000] {processor.py:840} INFO - DAG(s) 'crawl_crypto_prices' retrieved from /opt/airflow/dags/crawl_crypto_prices.py
[2026-03-23T09:41:41.602+0000] {logging_mixin.py:188} INFO - [2026-03-23T09:41:41.602+0000] {dag.py:3036} INFO - Sync 1 DAGs
[2026-03-23T09:41:41.611+0000] {logging_mixin.py:188} INFO - [2026-03-23T09:41:41.611+0000] {dag.py:3823} INFO - Setting next_dagrun for crawl_crypto_prices to 2026-03-23 09:00:00+00:00, run_after=2026-03-23 10:00:00+00:00
[2026-03-23T09:41:41.617+0000] {processor.py:183} INFO - Processing /opt/airflow/dags/crawl_crypto_prices.py took 0.053 seconds
[2026-03-23T09:42:11.770+0000] {processor.py:161} INFO - Started process (PID=11041) to work on /opt/airflow/dags/crawl_crypto_prices.py
[2026-03-23T09:42:11.771+0000] {processor.py:830} INFO - Processing file /opt/airflow/dags/crawl_crypto_prices.py for tasks to queue
[2026-03-23T09:42:11.772+0000] {logging_mixin.py:188} INFO - [2026-03-23T09:42:11.771+0000] {dagbag.py:538} INFO - Filling up the DagBag from /opt/airflow/dags/crawl_crypto_prices.py
[2026-03-23T09:42:11.783+0000] {processor.py:840} INFO - DAG(s) 'crawl_crypto_prices' retrieved from /opt/airflow/dags/crawl_crypto_prices.py
[2026-03-23T09:42:11.800+0000] {logging_mixin.py:188} INFO - [2026-03-23T09:42:11.799+0000] {dag.py:3036} INFO - Sync 1 DAGs
[2026-03-23T09:42:11.809+0000] {logging_mixin.py:188} INFO - [2026-03-23T09:42:11.809+0000] {dag.py:3823} INFO - Setting next_dagrun for crawl_crypto_prices to 2026-03-23 09:00:00+00:00, run_after=2026-03-23 10:00:00+00:00
[2026-03-23T09:42:11.815+0000] {processor.py:183} INFO - Processing /opt/airflow/dags/crawl_crypto_prices.py took 0.051 seconds
[2026-03-23T09:42:42.022+0000] {processor.py:161} INFO - Started process (PID=11046) to work on /opt/airflow/dags/crawl_crypto_prices.py
[2026-03-23T09:42:42.023+0000] {processor.py:830} INFO - Processing file /opt/airflow/dags/crawl_crypto_prices.py for tasks to queue
[2026-03-23T09:42:42.024+0000] {logging_mixin.py:188} INFO - [2026-03-23T09:42:42.024+0000] {dagbag.py:538} INFO - Filling up the DagBag from /opt/airflow/dags/crawl_crypto_prices.py
[2026-03-23T09:42:42.036+0000] {processor.py:840} INFO - DAG(s) 'crawl_crypto_prices' retrieved from /opt/airflow/dags/crawl_crypto_prices.py
[2026-03-23T09:42:42.055+0000] {logging_mixin.py:188} INFO - [2026-03-23T09:42:42.055+0000] {dag.py:3036} INFO - Sync 1 DAGs
[2026-03-23T09:42:42.065+0000] {logging_mixin.py:188} INFO - [2026-03-23T09:42:42.065+0000] {dag.py:3823} INFO - Setting next_dagrun for crawl_crypto_prices to 2026-03-23 09:00:00+00:00, run_after=2026-03-23 10:00:00+00:00
[2026-03-23T09:42:42.071+0000] {processor.py:183} INFO - Processing /opt/airflow/dags/crawl_crypto_prices.py took 0.052 seconds
[2026-03-23T09:43:12.337+0000] {processor.py:161} INFO - Started process (PID=11051) to work on /opt/airflow/dags/crawl_crypto_prices.py
[2026-03-23T09:43:12.338+0000] {processor.py:830} INFO - Processing file /opt/airflow/dags/crawl_crypto_prices.py for tasks to queue
[2026-03-23T09:43:12.338+0000] {logging_mixin.py:188} INFO - [2026-03-23T09:43:12.338+0000] {dagbag.py:538} INFO - Filling up the DagBag from /opt/airflow/dags/crawl_crypto_prices.py
[2026-03-23T09:43:12.345+0000] {processor.py:840} INFO - DAG(s) 'crawl_crypto_prices' retrieved from /opt/airflow/dags/crawl_crypto_prices.py
[2026-03-23T09:43:12.357+0000] {logging_mixin.py:188} INFO - [2026-03-23T09:43:12.357+0000] {dag.py:3036} INFO - Sync 1 DAGs
[2026-03-23T09:43:12.365+0000] {logging_mixin.py:188} INFO - [2026-03-23T09:43:12.365+0000] {dag.py:3823} INFO - Setting next_dagrun for crawl_crypto_prices to 2026-03-23 09:00:00+00:00, run_after=2026-03-23 10:00:00+00:00
[2026-03-23T09:43:12.371+0000] {processor.py:183} INFO - Processing /opt/airflow/dags/crawl_crypto_prices.py took 0.037 seconds
[2026-03-23T10:33:51.363+0000] {processor.py:161} INFO - Started process (PID=11056) to work on /opt/airflow/dags/crawl_crypto_prices.py
[2026-03-23T10:33:51.364+0000] {processor.py:830} INFO - Processing file /opt/airflow/dags/crawl_crypto_prices.py for tasks to queue
[2026-03-23T10:33:51.365+0000] {logging_mixin.py:188} INFO - [2026-03-23T10:33:51.365+0000] {dagbag.py:538} INFO - Filling up the DagBag from /opt/airflow/dags/crawl_crypto_prices.py
[2026-03-23T10:33:51.383+0000] {processor.py:840} INFO - DAG(s) 'crawl_crypto_prices' retrieved from /opt/airflow/dags/crawl_crypto_prices.py
[2026-03-23T10:33:51.403+0000] {logging_mixin.py:188} INFO - [2026-03-23T10:33:51.403+0000] {dag.py:3036} INFO - Sync 1 DAGs
[2026-03-23T10:33:51.415+0000] {logging_mixin.py:188} INFO - [2026-03-23T10:33:51.415+0000] {dag.py:3823} INFO - Setting next_dagrun for crawl_crypto_prices to 2026-03-23 09:00:00+00:00, run_after=2026-03-23 10:00:00+00:00
[2026-03-23T10:33:51.422+0000] {processor.py:183} INFO - Processing /opt/airflow/dags/crawl_crypto_prices.py took 0.063 seconds
[2026-03-23T11:19:12.679+0000] {processor.py:161} INFO - Started process (PID=11069) to work on /opt/airflow/dags/crawl_crypto_prices.py
[2026-03-23T11:19:12.680+0000] {processor.py:830} INFO - Processing file /opt/airflow/dags/crawl_crypto_prices.py for tasks to queue
[2026-03-23T11:19:12.681+0000] {logging_mixin.py:188} INFO - [2026-03-23T11:19:12.681+0000] {dagbag.py:538} INFO - Filling up the DagBag from /opt/airflow/dags/crawl_crypto_prices.py
[2026-03-23T11:19:12.691+0000] {processor.py:840} INFO - DAG(s) 'crawl_crypto_prices' retrieved from /opt/airflow/dags/crawl_crypto_prices.py
[2026-03-23T11:19:12.718+0000] {logging_mixin.py:188} INFO - [2026-03-23T11:19:12.717+0000] {dag.py:3036} INFO - Sync 1 DAGs
[2026-03-23T11:19:12.740+0000] {logging_mixin.py:188} INFO - [2026-03-23T11:19:12.740+0000] {dag.py:3823} INFO - Setting next_dagrun for crawl_crypto_prices to 2026-03-23 11:00:00+00:00, run_after=2026-03-23 12:00:00+00:00
[2026-03-23T11:19:12.762+0000] {processor.py:183} INFO - Processing /opt/airflow/dags/crawl_crypto_prices.py took 0.086 seconds
[2026-03-23T12:09:56.056+0000] {processor.py:161} INFO - Started process (PID=11074) to work on /opt/airflow/dags/crawl_crypto_prices.py
[2026-03-23T12:09:56.057+0000] {processor.py:830} INFO - Processing file /opt/airflow/dags/crawl_crypto_prices.py for tasks to queue
[2026-03-23T12:09:56.057+0000] {logging_mixin.py:188} INFO - [2026-03-23T12:09:56.057+0000] {dagbag.py:538} INFO - Filling up the DagBag from /opt/airflow/dags/crawl_crypto_prices.py
[2026-03-23T12:09:56.069+0000] {processor.py:840} INFO - DAG(s) 'crawl_crypto_prices' retrieved from /opt/airflow/dags/crawl_crypto_prices.py
[2026-03-23T12:09:56.088+0000] {logging_mixin.py:188} INFO - [2026-03-23T12:09:56.087+0000] {dag.py:3036} INFO - Sync 1 DAGs
[2026-03-23T12:09:56.115+0000] {logging_mixin.py:188} INFO - [2026-03-23T12:09:56.115+0000] {dag.py:3823} INFO - Setting next_dagrun for crawl_crypto_prices to 2026-03-23 11:00:00+00:00, run_after=2026-03-23 12:00:00+00:00
[2026-03-23T12:09:56.134+0000] {processor.py:183} INFO - Processing /opt/airflow/dags/crawl_crypto_prices.py took 0.081 seconds
[2026-03-23T13:26:46.898+0000] {processor.py:161} INFO - Started process (PID=11083) to work on /opt/airflow/dags/crawl_crypto_prices.py
[2026-03-23T13:26:46.899+0000] {processor.py:830} INFO - Processing file /opt/airflow/dags/crawl_crypto_prices.py for tasks to queue
[2026-03-23T13:26:46.899+0000] {logging_mixin.py:188} INFO - [2026-03-23T13:26:46.899+0000] {dagbag.py:538} INFO - Filling up the DagBag from /opt/airflow/dags/crawl_crypto_prices.py
[2026-03-23T13:26:46.910+0000] {processor.py:840} INFO - DAG(s) 'crawl_crypto_prices' retrieved from /opt/airflow/dags/crawl_crypto_prices.py
[2026-03-23T13:26:46.925+0000] {logging_mixin.py:188} INFO - [2026-03-23T13:26:46.925+0000] {dag.py:3036} INFO - Sync 1 DAGs
[2026-03-23T13:26:46.937+0000] {logging_mixin.py:188} INFO - [2026-03-23T13:26:46.937+0000] {dag.py:3823} INFO - Setting next_dagrun for crawl_crypto_prices to 2026-03-23 12:00:00+00:00, run_after=2026-03-23 13:00:00+00:00
[2026-03-23T13:26:46.943+0000] {processor.py:183} INFO - Processing /opt/airflow/dags/crawl_crypto_prices.py took 0.047 seconds
[2026-03-23T13:29:16.380+0000] {processor.py:161} INFO - Started process (PID=11092) to work on /opt/airflow/dags/crawl_crypto_prices.py
[2026-03-23T13:29:16.381+0000] {processor.py:830} INFO - Processing file /opt/airflow/dags/crawl_crypto_prices.py for tasks to queue
[2026-03-23T13:29:16.382+0000] {logging_mixin.py:188} INFO - [2026-03-23T13:29:16.382+0000] {dagbag.py:538} INFO - Filling up the DagBag from /opt/airflow/dags/crawl_crypto_prices.py
[2026-03-23T13:29:16.399+0000] {processor.py:840} INFO - DAG(s) 'crawl_crypto_prices' retrieved from /opt/airflow/dags/crawl_crypto_prices.py
[2026-03-23T13:29:16.433+0000] {logging_mixin.py:188} INFO - [2026-03-23T13:29:16.433+0000] {dag.py:3036} INFO - Sync 1 DAGs
[2026-03-23T13:29:16.451+0000] {logging_mixin.py:188} INFO - [2026-03-23T13:29:16.451+0000] {dag.py:3823} INFO - Setting next_dagrun for crawl_crypto_prices to 2026-03-23 13:00:00+00:00, run_after=2026-03-23 14:00:00+00:00
[2026-03-23T13:29:16.466+0000] {processor.py:183} INFO - Processing /opt/airflow/dags/crawl_crypto_prices.py took 0.090 seconds
[2026-03-23T13:29:46.646+0000] {processor.py:161} INFO - Started process (PID=11097) to work on /opt/airflow/dags/crawl_crypto_prices.py
[2026-03-23T13:29:46.647+0000] {processor.py:830} INFO - Processing file /opt/airflow/dags/crawl_crypto_prices.py for tasks to queue
[2026-03-23T13:29:46.648+0000] {logging_mixin.py:188} INFO - [2026-03-23T13:29:46.648+0000] {dagbag.py:538} INFO - Filling up the DagBag from /opt/airflow/dags/crawl_crypto_prices.py
[2026-03-23T13:29:46.660+0000] {processor.py:840} INFO - DAG(s) 'crawl_crypto_prices' retrieved from /opt/airflow/dags/crawl_crypto_prices.py
[2026-03-23T13:29:46.676+0000] {logging_mixin.py:188} INFO - [2026-03-23T13:29:46.676+0000] {dag.py:3036} INFO - Sync 1 DAGs
[2026-03-23T13:29:46.686+0000] {logging_mixin.py:188} INFO - [2026-03-23T13:29:46.686+0000] {dag.py:3823} INFO - Setting next_dagrun for crawl_crypto_prices to 2026-03-23 13:00:00+00:00, run_after=2026-03-23 14:00:00+00:00
[2026-03-23T13:29:46.697+0000] {processor.py:183} INFO - Processing /opt/airflow/dags/crawl_crypto_prices.py took 0.055 seconds
[2026-03-23T13:30:16.953+0000] {processor.py:161} INFO - Started process (PID=11102) to work on /opt/airflow/dags/crawl_crypto_prices.py
[2026-03-23T13:30:16.954+0000] {processor.py:830} INFO - Processing file /opt/airflow/dags/crawl_crypto_prices.py for tasks to queue
[2026-03-23T13:30:16.955+0000] {logging_mixin.py:188} INFO - [2026-03-23T13:30:16.955+0000] {dagbag.py:538} INFO - Filling up the DagBag from /opt/airflow/dags/crawl_crypto_prices.py
[2026-03-23T13:30:16.966+0000] {processor.py:840} INFO - DAG(s) 'crawl_crypto_prices' retrieved from /opt/airflow/dags/crawl_crypto_prices.py
[2026-03-23T13:30:16.984+0000] {logging_mixin.py:188} INFO - [2026-03-23T13:30:16.984+0000] {dag.py:3036} INFO - Sync 1 DAGs
[2026-03-23T13:30:16.994+0000] {logging_mixin.py:188} INFO - [2026-03-23T13:30:16.993+0000] {dag.py:3823} INFO - Setting next_dagrun for crawl_crypto_prices to 2026-03-23 13:00:00+00:00, run_after=2026-03-23 14:00:00+00:00
[2026-03-23T13:30:17.000+0000] {processor.py:183} INFO - Processing /opt/airflow/dags/crawl_crypto_prices.py took 0.050 seconds
[2026-03-23T13:30:47.290+0000] {processor.py:161} INFO - Started process (PID=11107) to work on /opt/airflow/dags/crawl_crypto_prices.py
[2026-03-23T13:30:47.291+0000] {processor.py:830} INFO - Processing file /opt/airflow/dags/crawl_crypto_prices.py for tasks to queue
[2026-03-23T13:30:47.292+0000] {logging_mixin.py:188} INFO - [2026-03-23T13:30:47.291+0000] {dagbag.py:538} INFO - Filling up the DagBag from /opt/airflow/dags/crawl_crypto_prices.py
[2026-03-23T13:30:47.303+0000] {processor.py:840} INFO - DAG(s) 'crawl_crypto_prices' retrieved from /opt/airflow/dags/crawl_crypto_prices.py
[2026-03-23T13:30:47.320+0000] {logging_mixin.py:188} INFO - [2026-03-23T13:30:47.320+0000] {dag.py:3036} INFO - Sync 1 DAGs
[2026-03-23T13:30:47.329+0000] {logging_mixin.py:188} INFO - [2026-03-23T13:30:47.329+0000] {dag.py:3823} INFO - Setting next_dagrun for crawl_crypto_prices to 2026-03-23 13:00:00+00:00, run_after=2026-03-23 14:00:00+00:00
[2026-03-23T13:30:47.336+0000] {processor.py:183} INFO - Processing /opt/airflow/dags/crawl_crypto_prices.py took 0.050 seconds
[2026-03-23T13:31:17.637+0000] {processor.py:161} INFO - Started process (PID=11112) to work on /opt/airflow/dags/crawl_crypto_prices.py
[2026-03-23T13:31:17.638+0000] {processor.py:830} INFO - Processing file /opt/airflow/dags/crawl_crypto_prices.py for tasks to queue
[2026-03-23T13:31:17.639+0000] {logging_mixin.py:188} INFO - [2026-03-23T13:31:17.638+0000] {dagbag.py:538} INFO - Filling up the DagBag from /opt/airflow/dags/crawl_crypto_prices.py
[2026-03-23T13:31:17.651+0000] {processor.py:840} INFO - DAG(s) 'crawl_crypto_prices' retrieved from /opt/airflow/dags/crawl_crypto_prices.py
[2026-03-23T13:31:17.671+0000] {logging_mixin.py:188} INFO - [2026-03-23T13:31:17.671+0000] {dag.py:3036} INFO - Sync 1 DAGs
[2026-03-23T13:31:17.680+0000] {logging_mixin.py:188} INFO - [2026-03-23T13:31:17.680+0000] {dag.py:3823} INFO - Setting next_dagrun for crawl_crypto_prices to 2026-03-23 13:00:00+00:00, run_after=2026-03-23 14:00:00+00:00
[2026-03-23T13:31:17.687+0000] {processor.py:183} INFO - Processing /opt/airflow/dags/crawl_crypto_prices.py took 0.054 seconds
[2026-03-23T13:33:20.393+0000] {processor.py:161} INFO - Started process (PID=11117) to work on /opt/airflow/dags/crawl_crypto_prices.py
[2026-03-23T13:33:20.394+0000] {processor.py:830} INFO - Processing file /opt/airflow/dags/crawl_crypto_prices.py for tasks to queue
[2026-03-23T13:33:20.395+0000] {logging_mixin.py:188} INFO - [2026-03-23T13:33:20.395+0000] {dagbag.py:538} INFO - Filling up the DagBag from /opt/airflow/dags/crawl_crypto_prices.py
[2026-03-23T13:33:20.411+0000] {processor.py:840} INFO - DAG(s) 'crawl_crypto_prices' retrieved from /opt/airflow/dags/crawl_crypto_prices.py
[2026-03-23T13:33:20.437+0000] {logging_mixin.py:188} INFO - [2026-03-23T13:33:20.437+0000] {dag.py:3036} INFO - Sync 1 DAGs
[2026-03-23T13:33:20.456+0000] {logging_mixin.py:188} INFO - [2026-03-23T13:33:20.456+0000] {dag.py:3823} INFO - Setting next_dagrun for crawl_crypto_prices to 2026-03-23 13:00:00+00:00, run_after=2026-03-23 14:00:00+00:00
[2026-03-23T13:33:20.471+0000] {processor.py:183} INFO - Processing /opt/airflow/dags/crawl_crypto_prices.py took 0.082 seconds
[2026-03-23T13:33:50.723+0000] {processor.py:161} INFO - Started process (PID=11122) to work on /opt/airflow/dags/crawl_crypto_prices.py
[2026-03-23T13:33:50.724+0000] {processor.py:830} INFO - Processing file /opt/airflow/dags/crawl_crypto_prices.py for tasks to queue
[2026-03-23T13:33:50.724+0000] {logging_mixin.py:188} INFO - [2026-03-23T13:33:50.724+0000] {dagbag.py:538} INFO - Filling up the DagBag from /opt/airflow/dags/crawl_crypto_prices.py
[2026-03-23T13:33:50.737+0000] {processor.py:840} INFO - DAG(s) 'crawl_crypto_prices' retrieved from /opt/airflow/dags/crawl_crypto_prices.py
[2026-03-23T13:33:50.754+0000] {logging_mixin.py:188} INFO - [2026-03-23T13:33:50.754+0000] {dag.py:3036} INFO - Sync 1 DAGs
[2026-03-23T13:33:50.764+0000] {logging_mixin.py:188} INFO - [2026-03-23T13:33:50.764+0000] {dag.py:3823} INFO - Setting next_dagrun for crawl_crypto_prices to 2026-03-23 13:00:00+00:00, run_after=2026-03-23 14:00:00+00:00
[2026-03-23T13:33:50.770+0000] {processor.py:183} INFO - Processing /opt/airflow/dags/crawl_crypto_prices.py took 0.051 seconds
[2026-03-23T13:34:21.035+0000] {processor.py:161} INFO - Started process (PID=11127) to work on /opt/airflow/dags/crawl_crypto_prices.py
[2026-03-23T13:34:21.036+0000] {processor.py:830} INFO - Processing file /opt/airflow/dags/crawl_crypto_prices.py for tasks to queue
[2026-03-23T13:34:21.037+0000] {logging_mixin.py:188} INFO - [2026-03-23T13:34:21.036+0000] {dagbag.py:538} INFO - Filling up the DagBag from /opt/airflow/dags/crawl_crypto_prices.py
[2026-03-23T13:34:21.047+0000] {processor.py:840} INFO - DAG(s) 'crawl_crypto_prices' retrieved from /opt/airflow/dags/crawl_crypto_prices.py
[2026-03-23T13:34:21.062+0000] {logging_mixin.py:188} INFO - [2026-03-23T13:34:21.062+0000] {dag.py:3036} INFO - Sync 1 DAGs
[2026-03-23T13:34:21.072+0000] {logging_mixin.py:188} INFO - [2026-03-23T13:34:21.072+0000] {dag.py:3823} INFO - Setting next_dagrun for crawl_crypto_prices to 2026-03-23 13:00:00+00:00, run_after=2026-03-23 14:00:00+00:00
[2026-03-23T13:34:21.078+0000] {processor.py:183} INFO - Processing /opt/airflow/dags/crawl_crypto_prices.py took 0.045 seconds
[2026-03-23T13:34:51.359+0000] {processor.py:161} INFO - Started process (PID=11132) to work on /opt/airflow/dags/crawl_crypto_prices.py
[2026-03-23T13:34:51.360+0000] {processor.py:830} INFO - Processing file /opt/airflow/dags/crawl_crypto_prices.py for tasks to queue
[2026-03-23T13:34:51.361+0000] {logging_mixin.py:188} INFO - [2026-03-23T13:34:51.360+0000] {dagbag.py:538} INFO - Filling up the DagBag from /opt/airflow/dags/crawl_crypto_prices.py
[2026-03-23T13:34:51.372+0000] {processor.py:840} INFO - DAG(s) 'crawl_crypto_prices' retrieved from /opt/airflow/dags/crawl_crypto_prices.py
[2026-03-23T13:34:51.391+0000] {logging_mixin.py:188} INFO - [2026-03-23T13:34:51.391+0000] {dag.py:3036} INFO - Sync 1 DAGs
[2026-03-23T13:34:51.400+0000] {logging_mixin.py:188} INFO - [2026-03-23T13:34:51.400+0000] {dag.py:3823} INFO - Setting next_dagrun for crawl_crypto_prices to 2026-03-23 13:00:00+00:00, run_after=2026-03-23 14:00:00+00:00
[2026-03-23T13:34:51.407+0000] {processor.py:183} INFO - Processing /opt/airflow/dags/crawl_crypto_prices.py took 0.051 seconds
[2026-03-23T13:35:21.687+0000] {processor.py:161} INFO - Started process (PID=11137) to work on /opt/airflow/dags/crawl_crypto_prices.py
[2026-03-23T13:35:21.688+0000] {processor.py:830} INFO - Processing file /opt/airflow/dags/crawl_crypto_prices.py for tasks to queue
[2026-03-23T13:35:21.688+0000] {logging_mixin.py:188} INFO - [2026-03-23T13:35:21.688+0000] {dagbag.py:538} INFO - Filling up the DagBag from /opt/airflow/dags/crawl_crypto_prices.py
[2026-03-23T13:35:21.699+0000] {processor.py:840} INFO - DAG(s) 'crawl_crypto_prices' retrieved from /opt/airflow/dags/crawl_crypto_prices.py
[2026-03-23T13:35:21.718+0000] {logging_mixin.py:188} INFO - [2026-03-23T13:35:21.718+0000] {dag.py:3036} INFO - Sync 1 DAGs
[2026-03-23T13:35:21.728+0000] {logging_mixin.py:188} INFO - [2026-03-23T13:35:21.728+0000] {dag.py:3823} INFO - Setting next_dagrun for crawl_crypto_prices to 2026-03-23 13:00:00+00:00, run_after=2026-03-23 14:00:00+00:00
[2026-03-23T13:35:21.734+0000] {processor.py:183} INFO - Processing /opt/airflow/dags/crawl_crypto_prices.py took 0.051 seconds
[2026-03-23T13:35:51.999+0000] {processor.py:161} INFO - Started process (PID=11142) to work on /opt/airflow/dags/crawl_crypto_prices.py
[2026-03-23T13:35:52.000+0000] {processor.py:830} INFO - Processing file /opt/airflow/dags/crawl_crypto_prices.py for tasks to queue
[2026-03-23T13:35:52.001+0000] {logging_mixin.py:188} INFO - [2026-03-23T13:35:52.000+0000] {dagbag.py:538} INFO - Filling up the DagBag from /opt/airflow/dags/crawl_crypto_prices.py
[2026-03-23T13:35:52.013+0000] {processor.py:840} INFO - DAG(s) 'crawl_crypto_prices' retrieved from /opt/airflow/dags/crawl_crypto_prices.py
[2026-03-23T13:35:52.031+0000] {logging_mixin.py:188} INFO - [2026-03-23T13:35:52.031+0000] {dag.py:3036} INFO - Sync 1 DAGs
[2026-03-23T13:35:52.041+0000] {logging_mixin.py:188} INFO - [2026-03-23T13:35:52.041+0000] {dag.py:3823} INFO - Setting next_dagrun for crawl_crypto_prices to 2026-03-23 13:00:00+00:00, run_after=2026-03-23 14:00:00+00:00
[2026-03-23T13:35:52.047+0000] {processor.py:183} INFO - Processing /opt/airflow/dags/crawl_crypto_prices.py took 0.051 seconds
[2026-03-23T13:36:22.318+0000] {processor.py:161} INFO - Started process (PID=11147) to work on /opt/airflow/dags/crawl_crypto_prices.py
[2026-03-23T13:36:22.319+0000] {processor.py:830} INFO - Processing file /opt/airflow/dags/crawl_crypto_prices.py for tasks to queue
[2026-03-23T13:36:22.320+0000] {logging_mixin.py:188} INFO - [2026-03-23T13:36:22.320+0000] {dagbag.py:538} INFO - Filling up the DagBag from /opt/airflow/dags/crawl_crypto_prices.py
[2026-03-23T13:36:22.332+0000] {processor.py:840} INFO - DAG(s) 'crawl_crypto_prices' retrieved from /opt/airflow/dags/crawl_crypto_prices.py
[2026-03-23T13:36:22.351+0000] {logging_mixin.py:188} INFO - [2026-03-23T13:36:22.351+0000] {dag.py:3036} INFO - Sync 1 DAGs
[2026-03-23T13:36:22.361+0000] {logging_mixin.py:188} INFO - [2026-03-23T13:36:22.361+0000] {dag.py:3823} INFO - Setting next_dagrun for crawl_crypto_prices to 2026-03-23 13:00:00+00:00, run_after=2026-03-23 14:00:00+00:00
[2026-03-23T13:36:22.367+0000] {processor.py:183} INFO - Processing /opt/airflow/dags/crawl_crypto_prices.py took 0.053 seconds
[2026-03-23T13:36:52.611+0000] {processor.py:161} INFO - Started process (PID=11152) to work on /opt/airflow/dags/crawl_crypto_prices.py
[2026-03-23T13:36:52.612+0000] {processor.py:830} INFO - Processing file /opt/airflow/dags/crawl_crypto_prices.py for tasks to queue
[2026-03-23T13:36:52.613+0000] {logging_mixin.py:188} INFO - [2026-03-23T13:36:52.613+0000] {dagbag.py:538} INFO - Filling up the DagBag from /opt/airflow/dags/crawl_crypto_prices.py
[2026-03-23T13:36:52.624+0000] {processor.py:840} INFO - DAG(s) 'crawl_crypto_prices' retrieved from /opt/airflow/dags/crawl_crypto_prices.py
[2026-03-23T13:36:52.643+0000] {logging_mixin.py:188} INFO - [2026-03-23T13:36:52.643+0000] {dag.py:3036} INFO - Sync 1 DAGs
[2026-03-23T13:36:52.654+0000] {logging_mixin.py:188} INFO - [2026-03-23T13:36:52.653+0000] {dag.py:3823} INFO - Setting next_dagrun for crawl_crypto_prices to 2026-03-23 13:00:00+00:00, run_after=2026-03-23 14:00:00+00:00
[2026-03-23T13:36:52.660+0000] {processor.py:183} INFO - Processing /opt/airflow/dags/crawl_crypto_prices.py took 0.052 seconds
[2026-03-23T13:37:22.890+0000] {processor.py:161} INFO - Started process (PID=11157) to work on /opt/airflow/dags/crawl_crypto_prices.py
[2026-03-23T13:37:22.891+0000] {processor.py:830} INFO - Processing file /opt/airflow/dags/crawl_crypto_prices.py for tasks to queue
[2026-03-23T13:37:22.892+0000] {logging_mixin.py:188} INFO - [2026-03-23T13:37:22.892+0000] {dagbag.py:538} INFO - Filling up the DagBag from /opt/airflow/dags/crawl_crypto_prices.py
[2026-03-23T13:37:22.904+0000] {processor.py:840} INFO - DAG(s) 'crawl_crypto_prices' retrieved from /opt/airflow/dags/crawl_crypto_prices.py
[2026-03-23T13:37:22.925+0000] {logging_mixin.py:188} INFO - [2026-03-23T13:37:22.925+0000] {dag.py:3036} INFO - Sync 1 DAGs
[2026-03-23T13:37:22.934+0000] {logging_mixin.py:188} INFO - [2026-03-23T13:37:22.934+0000] {dag.py:3823} INFO - Setting next_dagrun for crawl_crypto_prices to 2026-03-23 13:00:00+00:00, run_after=2026-03-23 14:00:00+00:00
[2026-03-23T13:37:22.940+0000] {processor.py:183} INFO - Processing /opt/airflow/dags/crawl_crypto_prices.py took 0.053 seconds
[2026-03-23T13:37:53.165+0000] {processor.py:161} INFO - Started process (PID=11162) to work on /opt/airflow/dags/crawl_crypto_prices.py
[2026-03-23T13:37:53.166+0000] {processor.py:830} INFO - Processing file /opt/airflow/dags/crawl_crypto_prices.py for tasks to queue
[2026-03-23T13:37:53.167+0000] {logging_mixin.py:188} INFO - [2026-03-23T13:37:53.167+0000] {dagbag.py:538} INFO - Filling up the DagBag from /opt/airflow/dags/crawl_crypto_prices.py
[2026-03-23T13:37:53.176+0000] {processor.py:840} INFO - DAG(s) 'crawl_crypto_prices' retrieved from /opt/airflow/dags/crawl_crypto_prices.py
[2026-03-23T13:37:53.194+0000] {logging_mixin.py:188} INFO - [2026-03-23T13:37:53.193+0000] {dag.py:3036} INFO - Sync 1 DAGs
[2026-03-23T13:37:53.202+0000] {logging_mixin.py:188} INFO - [2026-03-23T13:37:53.202+0000] {dag.py:3823} INFO - Setting next_dagrun for crawl_crypto_prices to 2026-03-23 13:00:00+00:00, run_after=2026-03-23 14:00:00+00:00
[2026-03-23T13:37:53.208+0000] {processor.py:183} INFO - Processing /opt/airflow/dags/crawl_crypto_prices.py took 0.046 seconds
[2026-03-23T13:38:23.481+0000] {processor.py:161} INFO - Started process (PID=11167) to work on /opt/airflow/dags/crawl_crypto_prices.py
[2026-03-23T13:38:23.482+0000] {processor.py:830} INFO - Processing file /opt/airflow/dags/crawl_crypto_prices.py for tasks to queue
[2026-03-23T13:38:23.483+0000] {logging_mixin.py:188} INFO - [2026-03-23T13:38:23.483+0000] {dagbag.py:538} INFO - Filling up the DagBag from /opt/airflow/dags/crawl_crypto_prices.py
[2026-03-23T13:38:23.497+0000] {processor.py:840} INFO - DAG(s) 'crawl_crypto_prices' retrieved from /opt/airflow/dags/crawl_crypto_prices.py
[2026-03-23T13:38:23.523+0000] {logging_mixin.py:188} INFO - [2026-03-23T13:38:23.523+0000] {dag.py:3036} INFO - Sync 1 DAGs
[2026-03-23T13:38:23.538+0000] {logging_mixin.py:188} INFO - [2026-03-23T13:38:23.538+0000] {dag.py:3823} INFO - Setting next_dagrun for crawl_crypto_prices to 2026-03-23 13:00:00+00:00, run_after=2026-03-23 14:00:00+00:00
[2026-03-23T13:38:23.545+0000] {processor.py:183} INFO - Processing /opt/airflow/dags/crawl_crypto_prices.py took 0.068 seconds
[2026-03-23T13:40:16.053+0000] {processor.py:161} INFO - Started process (PID=11174) to work on /opt/airflow/dags/crawl_crypto_prices.py
[2026-03-23T13:40:16.054+0000] {processor.py:830} INFO - Processing file /opt/airflow/dags/crawl_crypto_prices.py for tasks to queue
[2026-03-23T13:40:16.055+0000] {logging_mixin.py:188} INFO - [2026-03-23T13:40:16.055+0000] {dagbag.py:538} INFO - Filling up the DagBag from /opt/airflow/dags/crawl_crypto_prices.py
[2026-03-23T13:40:16.069+0000] {processor.py:840} INFO - DAG(s) 'crawl_crypto_prices' retrieved from /opt/airflow/dags/crawl_crypto_prices.py
[2026-03-23T13:40:16.088+0000] {logging_mixin.py:188} INFO - [2026-03-23T13:40:16.087+0000] {dag.py:3036} INFO - Sync 1 DAGs
[2026-03-23T13:40:16.098+0000] {logging_mixin.py:188} INFO - [2026-03-23T13:40:16.098+0000] {dag.py:3823} INFO - Setting next_dagrun for crawl_crypto_prices to 2026-03-23 13:00:00+00:00, run_after=2026-03-23 14:00:00+00:00
[2026-03-23T13:40:16.105+0000] {processor.py:183} INFO - Processing /opt/airflow/dags/crawl_crypto_prices.py took 0.055 seconds
[2026-03-23T13:40:46.368+0000] {processor.py:161} INFO - Started process (PID=11179) to work on /opt/airflow/dags/crawl_crypto_prices.py
[2026-03-23T13:40:46.368+0000] {processor.py:830} INFO - Processing file /opt/airflow/dags/crawl_crypto_prices.py for tasks to queue
[2026-03-23T13:40:46.369+0000] {logging_mixin.py:188} INFO - [2026-03-23T13:40:46.369+0000] {dagbag.py:538} INFO - Filling up the DagBag from /opt/airflow/dags/crawl_crypto_prices.py
[2026-03-23T13:40:46.383+0000] {processor.py:840} INFO - DAG(s) 'crawl_crypto_prices' retrieved from /opt/airflow/dags/crawl_crypto_prices.py
[2026-03-23T13:40:46.403+0000] {logging_mixin.py:188} INFO - [2026-03-23T13:40:46.403+0000] {dag.py:3036} INFO - Sync 1 DAGs
[2026-03-23T13:40:46.413+0000] {logging_mixin.py:188} INFO - [2026-03-23T13:40:46.413+0000] {dag.py:3823} INFO - Setting next_dagrun for crawl_crypto_prices to 2026-03-23 13:00:00+00:00, run_after=2026-03-23 14:00:00+00:00
[2026-03-23T13:40:46.419+0000] {processor.py:183} INFO - Processing /opt/airflow/dags/crawl_crypto_prices.py took 0.055 seconds
[2026-03-23T13:41:16.689+0000] {processor.py:161} INFO - Started process (PID=11184) to work on /opt/airflow/dags/crawl_crypto_prices.py
[2026-03-23T13:41:16.690+0000] {processor.py:830} INFO - Processing file /opt/airflow/dags/crawl_crypto_prices.py for tasks to queue
[2026-03-23T13:41:16.691+0000] {logging_mixin.py:188} INFO - [2026-03-23T13:41:16.691+0000] {dagbag.py:538} INFO - Filling up the DagBag from /opt/airflow/dags/crawl_crypto_prices.py
[2026-03-23T13:41:16.702+0000] {processor.py:840} INFO - DAG(s) 'crawl_crypto_prices' retrieved from /opt/airflow/dags/crawl_crypto_prices.py
[2026-03-23T13:41:16.717+0000] {logging_mixin.py:188} INFO - [2026-03-23T13:41:16.716+0000] {dag.py:3036} INFO - Sync 1 DAGs
[2026-03-23T13:41:16.736+0000] {logging_mixin.py:188} INFO - [2026-03-23T13:41:16.736+0000] {dag.py:3823} INFO - Setting next_dagrun for crawl_crypto_prices to 2026-03-23 13:00:00+00:00, run_after=2026-03-23 14:00:00+00:00
[2026-03-23T13:41:16.743+0000] {processor.py:183} INFO - Processing /opt/airflow/dags/crawl_crypto_prices.py took 0.056 seconds
[2026-03-23T13:41:47.016+0000] {processor.py:161} INFO - Started process (PID=11189) to work on /opt/airflow/dags/crawl_crypto_prices.py
[2026-03-23T13:41:47.017+0000] {processor.py:830} INFO - Processing file /opt/airflow/dags/crawl_crypto_prices.py for tasks to queue
[2026-03-23T13:41:47.018+0000] {logging_mixin.py:188} INFO - [2026-03-23T13:41:47.017+0000] {dagbag.py:538} INFO - Filling up the DagBag from /opt/airflow/dags/crawl_crypto_prices.py
[2026-03-23T13:41:47.029+0000] {processor.py:840} INFO - DAG(s) 'crawl_crypto_prices' retrieved from /opt/airflow/dags/crawl_crypto_prices.py
[2026-03-23T13:41:47.047+0000] {logging_mixin.py:188} INFO - [2026-03-23T13:41:47.047+0000] {dag.py:3036} INFO - Sync 1 DAGs
[2026-03-23T13:41:47.056+0000] {logging_mixin.py:188} INFO - [2026-03-23T13:41:47.056+0000] {dag.py:3823} INFO - Setting next_dagrun for crawl_crypto_prices to 2026-03-23 13:00:00+00:00, run_after=2026-03-23 14:00:00+00:00
[2026-03-23T13:41:47.062+0000] {processor.py:183} INFO - Processing /opt/airflow/dags/crawl_crypto_prices.py took 0.049 seconds
[2026-03-23T13:42:17.313+0000] {processor.py:161} INFO - Started process (PID=11194) to work on /opt/airflow/dags/crawl_crypto_prices.py
[2026-03-23T13:42:17.314+0000] {processor.py:830} INFO - Processing file /opt/airflow/dags/crawl_crypto_prices.py for tasks to queue
[2026-03-23T13:42:17.315+0000] {logging_mixin.py:188} INFO - [2026-03-23T13:42:17.315+0000] {dagbag.py:538} INFO - Filling up the DagBag from /opt/airflow/dags/crawl_crypto_prices.py
[2026-03-23T13:42:17.328+0000] {processor.py:840} INFO - DAG(s) 'crawl_crypto_prices' retrieved from /opt/airflow/dags/crawl_crypto_prices.py
[2026-03-23T13:42:17.348+0000] {logging_mixin.py:188} INFO - [2026-03-23T13:42:17.348+0000] {dag.py:3036} INFO - Sync 1 DAGs
[2026-03-23T13:42:17.358+0000] {logging_mixin.py:188} INFO - [2026-03-23T13:42:17.358+0000] {dag.py:3823} INFO - Setting next_dagrun for crawl_crypto_prices to 2026-03-23 13:00:00+00:00, run_after=2026-03-23 14:00:00+00:00
[2026-03-23T13:42:17.365+0000] {processor.py:183} INFO - Processing /opt/airflow/dags/crawl_crypto_prices.py took 0.055 seconds
[2026-03-23T13:42:47.743+0000] {processor.py:161} INFO - Started process (PID=11199) to work on /opt/airflow/dags/crawl_crypto_prices.py
[2026-03-23T13:42:47.744+0000] {processor.py:830} INFO - Processing file /opt/airflow/dags/crawl_crypto_prices.py for tasks to queue
[2026-03-23T13:42:47.745+0000] {logging_mixin.py:188} INFO - [2026-03-23T13:42:47.745+0000] {dagbag.py:538} INFO - Filling up the DagBag from /opt/airflow/dags/crawl_crypto_prices.py
[2026-03-23T13:42:47.761+0000] {processor.py:840} INFO - DAG(s) 'crawl_crypto_prices' retrieved from /opt/airflow/dags/crawl_crypto_prices.py
[2026-03-23T13:42:47.784+0000] {logging_mixin.py:188} INFO - [2026-03-23T13:42:47.784+0000] {dag.py:3036} INFO - Sync 1 DAGs
[2026-03-23T13:42:47.794+0000] {logging_mixin.py:188} INFO - [2026-03-23T13:42:47.794+0000] {dag.py:3823} INFO - Setting next_dagrun for crawl_crypto_prices to 2026-03-23 13:00:00+00:00, run_after=2026-03-23 14:00:00+00:00
[2026-03-23T13:42:47.802+0000] {processor.py:183} INFO - Processing /opt/airflow/dags/crawl_crypto_prices.py took 0.063 seconds
[2026-03-23T13:43:18.044+0000] {processor.py:161} INFO - Started process (PID=11204) to work on /opt/airflow/dags/crawl_crypto_prices.py
[2026-03-23T13:43:18.045+0000] {processor.py:830} INFO - Processing file /opt/airflow/dags/crawl_crypto_prices.py for tasks to queue
[2026-03-23T13:43:18.045+0000] {logging_mixin.py:188} INFO - [2026-03-23T13:43:18.045+0000] {dagbag.py:538} INFO - Filling up the DagBag from /opt/airflow/dags/crawl_crypto_prices.py
[2026-03-23T13:43:18.055+0000] {processor.py:840} INFO - DAG(s) 'crawl_crypto_prices' retrieved from /opt/airflow/dags/crawl_crypto_prices.py
[2026-03-23T13:43:18.071+0000] {logging_mixin.py:188} INFO - [2026-03-23T13:43:18.071+0000] {dag.py:3036} INFO - Sync 1 DAGs
[2026-03-23T13:43:18.081+0000] {logging_mixin.py:188} INFO - [2026-03-23T13:43:18.081+0000] {dag.py:3823} INFO - Setting next_dagrun for crawl_crypto_prices to 2026-03-23 13:00:00+00:00, run_after=2026-03-23 14:00:00+00:00
[2026-03-23T13:43:18.089+0000] {processor.py:183} INFO - Processing /opt/airflow/dags/crawl_crypto_prices.py took 0.048 seconds
[2026-03-23T13:43:48.363+0000] {processor.py:161} INFO - Started process (PID=11209) to work on /opt/airflow/dags/crawl_crypto_prices.py
[2026-03-23T13:43:48.364+0000] {processor.py:830} INFO - Processing file /opt/airflow/dags/crawl_crypto_prices.py for tasks to queue
[2026-03-23T13:43:48.365+0000] {logging_mixin.py:188} INFO - [2026-03-23T13:43:48.365+0000] {dagbag.py:538} INFO - Filling up the DagBag from /opt/airflow/dags/crawl_crypto_prices.py
[2026-03-23T13:43:48.377+0000] {processor.py:840} INFO - DAG(s) 'crawl_crypto_prices' retrieved from /opt/airflow/dags/crawl_crypto_prices.py
[2026-03-23T13:43:48.395+0000] {logging_mixin.py:188} INFO - [2026-03-23T13:43:48.395+0000] {dag.py:3036} INFO - Sync 1 DAGs
[2026-03-23T13:43:48.406+0000] {logging_mixin.py:188} INFO - [2026-03-23T13:43:48.406+0000] {dag.py:3823} INFO - Setting next_dagrun for crawl_crypto_prices to 2026-03-23 13:00:00+00:00, run_after=2026-03-23 14:00:00+00:00
[2026-03-23T13:43:48.412+0000] {processor.py:183} INFO - Processing /opt/airflow/dags/crawl_crypto_prices.py took 0.053 seconds
[2026-03-23T13:44:18.673+0000] {processor.py:161} INFO - Started process (PID=11214) to work on /opt/airflow/dags/crawl_crypto_prices.py
[2026-03-23T13:44:18.674+0000] {processor.py:830} INFO - Processing file /opt/airflow/dags/crawl_crypto_prices.py for tasks to queue
[2026-03-23T13:44:18.674+0000] {logging_mixin.py:188} INFO - [2026-03-23T13:44:18.674+0000] {dagbag.py:538} INFO - Filling up the DagBag from /opt/airflow/dags/crawl_crypto_prices.py
[2026-03-23T13:44:18.684+0000] {processor.py:840} INFO - DAG(s) 'crawl_crypto_prices' retrieved from /opt/airflow/dags/crawl_crypto_prices.py
[2026-03-23T13:44:18.702+0000] {logging_mixin.py:188} INFO - [2026-03-23T13:44:18.702+0000] {dag.py:3036} INFO - Sync 1 DAGs
[2026-03-23T13:44:18.711+0000] {logging_mixin.py:188} INFO - [2026-03-23T13:44:18.711+0000] {dag.py:3823} INFO - Setting next_dagrun for crawl_crypto_prices to 2026-03-23 13:00:00+00:00, run_after=2026-03-23 14:00:00+00:00
[2026-03-23T13:44:18.719+0000] {processor.py:183} INFO - Processing /opt/airflow/dags/crawl_crypto_prices.py took 0.049 seconds
[2026-03-23T13:44:48.976+0000] {processor.py:161} INFO - Started process (PID=11219) to work on /opt/airflow/dags/crawl_crypto_prices.py
[2026-03-23T13:44:48.978+0000] {processor.py:830} INFO - Processing file /opt/airflow/dags/crawl_crypto_prices.py for tasks to queue
[2026-03-23T13:44:48.978+0000] {logging_mixin.py:188} INFO - [2026-03-23T13:44:48.978+0000] {dagbag.py:538} INFO - Filling up the DagBag from /opt/airflow/dags/crawl_crypto_prices.py
[2026-03-23T13:44:48.989+0000] {processor.py:840} INFO - DAG(s) 'crawl_crypto_prices' retrieved from /opt/airflow/dags/crawl_crypto_prices.py
[2026-03-23T13:44:49.007+0000] {logging_mixin.py:188} INFO - [2026-03-23T13:44:49.007+0000] {dag.py:3036} INFO - Sync 1 DAGs
[2026-03-23T13:44:49.016+0000] {logging_mixin.py:188} INFO - [2026-03-23T13:44:49.016+0000] {dag.py:3823} INFO - Setting next_dagrun for crawl_crypto_prices to 2026-03-23 13:00:00+00:00, run_after=2026-03-23 14:00:00+00:00
[2026-03-23T13:44:49.023+0000] {processor.py:183} INFO - Processing /opt/airflow/dags/crawl_crypto_prices.py took 0.050 seconds
[2026-03-23T13:45:19.265+0000] {processor.py:161} INFO - Started process (PID=11224) to work on /opt/airflow/dags/crawl_crypto_prices.py
[2026-03-23T13:45:19.266+0000] {processor.py:830} INFO - Processing file /opt/airflow/dags/crawl_crypto_prices.py for tasks to queue
[2026-03-23T13:45:19.267+0000] {logging_mixin.py:188} INFO - [2026-03-23T13:45:19.266+0000] {dagbag.py:538} INFO - Filling up the DagBag from /opt/airflow/dags/crawl_crypto_prices.py
[2026-03-23T13:45:19.277+0000] {processor.py:840} INFO - DAG(s) 'crawl_crypto_prices' retrieved from /opt/airflow/dags/crawl_crypto_prices.py
[2026-03-23T13:45:19.294+0000] {logging_mixin.py:188} INFO - [2026-03-23T13:45:19.293+0000] {dag.py:3036} INFO - Sync 1 DAGs
[2026-03-23T13:45:19.305+0000] {logging_mixin.py:188} INFO - [2026-03-23T13:45:19.305+0000] {dag.py:3823} INFO - Setting next_dagrun for crawl_crypto_prices to 2026-03-23 13:00:00+00:00, run_after=2026-03-23 14:00:00+00:00
[2026-03-23T13:45:19.312+0000] {processor.py:183} INFO - Processing /opt/airflow/dags/crawl_crypto_prices.py took 0.050 seconds
[2026-03-23T13:45:49.609+0000] {processor.py:161} INFO - Started process (PID=11229) to work on /opt/airflow/dags/crawl_crypto_prices.py
[2026-03-23T13:45:49.611+0000] {processor.py:830} INFO - Processing file /opt/airflow/dags/crawl_crypto_prices.py for tasks to queue
[2026-03-23T13:45:49.611+0000] {logging_mixin.py:188} INFO - [2026-03-23T13:45:49.611+0000] {dagbag.py:538} INFO - Filling up the DagBag from /opt/airflow/dags/crawl_crypto_prices.py
[2026-03-23T13:45:49.625+0000] {processor.py:840} INFO - DAG(s) 'crawl_crypto_prices' retrieved from /opt/airflow/dags/crawl_crypto_prices.py
[2026-03-23T13:45:49.643+0000] {logging_mixin.py:188} INFO - [2026-03-23T13:45:49.643+0000] {dag.py:3036} INFO - Sync 1 DAGs
[2026-03-23T13:45:49.655+0000] {logging_mixin.py:188} INFO - [2026-03-23T13:45:49.655+0000] {dag.py:3823} INFO - Setting next_dagrun for crawl_crypto_prices to 2026-03-23 13:00:00+00:00, run_after=2026-03-23 14:00:00+00:00
[2026-03-23T13:45:49.663+0000] {processor.py:183} INFO - Processing /opt/airflow/dags/crawl_crypto_prices.py took 0.056 seconds
[2026-03-23T13:46:19.921+0000] {processor.py:161} INFO - Started process (PID=11234) to work on /opt/airflow/dags/crawl_crypto_prices.py
[2026-03-23T13:46:19.922+0000] {processor.py:830} INFO - Processing file /opt/airflow/dags/crawl_crypto_prices.py for tasks to queue
[2026-03-23T13:46:19.922+0000] {logging_mixin.py:188} INFO - [2026-03-23T13:46:19.922+0000] {dagbag.py:538} INFO - Filling up the DagBag from /opt/airflow/dags/crawl_crypto_prices.py
[2026-03-23T13:46:19.932+0000] {processor.py:840} INFO - DAG(s) 'crawl_crypto_prices' retrieved from /opt/airflow/dags/crawl_crypto_prices.py
[2026-03-23T13:46:19.949+0000] {logging_mixin.py:188} INFO - [2026-03-23T13:46:19.949+0000] {dag.py:3036} INFO - Sync 1 DAGs
[2026-03-23T13:46:19.958+0000] {logging_mixin.py:188} INFO - [2026-03-23T13:46:19.958+0000] {dag.py:3823} INFO - Setting next_dagrun for crawl_crypto_prices to 2026-03-23 13:00:00+00:00, run_after=2026-03-23 14:00:00+00:00
[2026-03-23T13:46:19.965+0000] {processor.py:183} INFO - Processing /opt/airflow/dags/crawl_crypto_prices.py took 0.046 seconds
[2026-03-23T13:46:50.239+0000] {processor.py:161} INFO - Started process (PID=11239) to work on /opt/airflow/dags/crawl_crypto_prices.py
[2026-03-23T13:46:50.240+0000] {processor.py:830} INFO - Processing file /opt/airflow/dags/crawl_crypto_prices.py for tasks to queue
[2026-03-23T13:46:50.241+0000] {logging_mixin.py:188} INFO - [2026-03-23T13:46:50.241+0000] {dagbag.py:538} INFO - Filling up the DagBag from /opt/airflow/dags/crawl_crypto_prices.py
[2026-03-23T13:46:50.255+0000] {processor.py:840} INFO - DAG(s) 'crawl_crypto_prices' retrieved from /opt/airflow/dags/crawl_crypto_prices.py
[2026-03-23T13:46:50.283+0000] {logging_mixin.py:188} INFO - [2026-03-23T13:46:50.283+0000] {dag.py:3036} INFO - Sync 1 DAGs
[2026-03-23T13:46:50.295+0000] {logging_mixin.py:188} INFO - [2026-03-23T13:46:50.295+0000] {dag.py:3823} INFO - Setting next_dagrun for crawl_crypto_prices to 2026-03-23 13:00:00+00:00, run_after=2026-03-23 14:00:00+00:00
[2026-03-23T13:46:50.301+0000] {processor.py:183} INFO - Processing /opt/airflow/dags/crawl_crypto_prices.py took 0.065 seconds
[2026-03-23T13:47:20.528+0000] {processor.py:161} INFO - Started process (PID=11244) to work on /opt/airflow/dags/crawl_crypto_prices.py
[2026-03-23T13:47:20.529+0000] {processor.py:830} INFO - Processing file /opt/airflow/dags/crawl_crypto_prices.py for tasks to queue
[2026-03-23T13:47:20.530+0000] {logging_mixin.py:188} INFO - [2026-03-23T13:47:20.529+0000] {dagbag.py:538} INFO - Filling up the DagBag from /opt/airflow/dags/crawl_crypto_prices.py
[2026-03-23T13:47:20.541+0000] {processor.py:840} INFO - DAG(s) 'crawl_crypto_prices' retrieved from /opt/airflow/dags/crawl_crypto_prices.py
[2026-03-23T13:47:20.559+0000] {logging_mixin.py:188} INFO - [2026-03-23T13:47:20.559+0000] {dag.py:3036} INFO - Sync 1 DAGs
[2026-03-23T13:47:20.568+0000] {logging_mixin.py:188} INFO - [2026-03-23T13:47:20.568+0000] {dag.py:3823} INFO - Setting next_dagrun for crawl_crypto_prices to 2026-03-23 13:00:00+00:00, run_after=2026-03-23 14:00:00+00:00
[2026-03-23T13:47:20.574+0000] {processor.py:183} INFO - Processing /opt/airflow/dags/crawl_crypto_prices.py took 0.049 seconds
[2026-03-23T13:47:50.822+0000] {processor.py:161} INFO - Started process (PID=11249) to work on /opt/airflow/dags/crawl_crypto_prices.py
[2026-03-23T13:47:50.823+0000] {processor.py:830} INFO - Processing file /opt/airflow/dags/crawl_crypto_prices.py for tasks to queue
[2026-03-23T13:47:50.824+0000] {logging_mixin.py:188} INFO - [2026-03-23T13:47:50.824+0000] {dagbag.py:538} INFO - Filling up the DagBag from /opt/airflow/dags/crawl_crypto_prices.py
[2026-03-23T13:47:50.836+0000] {processor.py:840} INFO - DAG(s) 'crawl_crypto_prices' retrieved from /opt/airflow/dags/crawl_crypto_prices.py
[2026-03-23T13:47:50.856+0000] {logging_mixin.py:188} INFO - [2026-03-23T13:47:50.856+0000] {dag.py:3036} INFO - Sync 1 DAGs
[2026-03-23T13:47:50.866+0000] {logging_mixin.py:188} INFO - [2026-03-23T13:47:50.866+0000] {dag.py:3823} INFO - Setting next_dagrun for crawl_crypto_prices to 2026-03-23 13:00:00+00:00, run_after=2026-03-23 14:00:00+00:00
[2026-03-23T13:47:50.873+0000] {processor.py:183} INFO - Processing /opt/airflow/dags/crawl_crypto_prices.py took 0.054 seconds
[2026-03-23T13:48:21.095+0000] {processor.py:161} INFO - Started process (PID=11254) to work on /opt/airflow/dags/crawl_crypto_prices.py
[2026-03-23T13:48:21.096+0000] {processor.py:830} INFO - Processing file /opt/airflow/dags/crawl_crypto_prices.py for tasks to queue
[2026-03-23T13:48:21.096+0000] {logging_mixin.py:188} INFO - [2026-03-23T13:48:21.096+0000] {dagbag.py:538} INFO - Filling up the DagBag from /opt/airflow/dags/crawl_crypto_prices.py
[2026-03-23T13:48:21.108+0000] {processor.py:840} INFO - DAG(s) 'crawl_crypto_prices' retrieved from /opt/airflow/dags/crawl_crypto_prices.py
[2026-03-23T13:48:21.125+0000] {logging_mixin.py:188} INFO - [2026-03-23T13:48:21.125+0000] {dag.py:3036} INFO - Sync 1 DAGs
[2026-03-23T13:48:21.136+0000] {logging_mixin.py:188} INFO - [2026-03-23T13:48:21.136+0000] {dag.py:3823} INFO - Setting next_dagrun for crawl_crypto_prices to 2026-03-23 13:00:00+00:00, run_after=2026-03-23 14:00:00+00:00
[2026-03-23T13:48:21.142+0000] {processor.py:183} INFO - Processing /opt/airflow/dags/crawl_crypto_prices.py took 0.052 seconds
[2026-03-23T13:48:51.391+0000] {processor.py:161} INFO - Started process (PID=11259) to work on /opt/airflow/dags/crawl_crypto_prices.py
[2026-03-23T13:48:51.392+0000] {processor.py:830} INFO - Processing file /opt/airflow/dags/crawl_crypto_prices.py for tasks to queue
[2026-03-23T13:48:51.393+0000] {logging_mixin.py:188} INFO - [2026-03-23T13:48:51.393+0000] {dagbag.py:538} INFO - Filling up the DagBag from /opt/airflow/dags/crawl_crypto_prices.py
[2026-03-23T13:48:51.404+0000] {processor.py:840} INFO - DAG(s) 'crawl_crypto_prices' retrieved from /opt/airflow/dags/crawl_crypto_prices.py
[2026-03-23T13:48:51.424+0000] {logging_mixin.py:188} INFO - [2026-03-23T13:48:51.424+0000] {dag.py:3036} INFO - Sync 1 DAGs
[2026-03-23T13:48:51.436+0000] {logging_mixin.py:188} INFO - [2026-03-23T13:48:51.436+0000] {dag.py:3823} INFO - Setting next_dagrun for crawl_crypto_prices to 2026-03-23 13:00:00+00:00, run_after=2026-03-23 14:00:00+00:00
[2026-03-23T13:48:51.442+0000] {processor.py:183} INFO - Processing /opt/airflow/dags/crawl_crypto_prices.py took 0.055 seconds
[2026-03-23T13:49:21.697+0000] {processor.py:161} INFO - Started process (PID=11264) to work on /opt/airflow/dags/crawl_crypto_prices.py
[2026-03-23T13:49:21.698+0000] {processor.py:830} INFO - Processing file /opt/airflow/dags/crawl_crypto_prices.py for tasks to queue
[2026-03-23T13:49:21.698+0000] {logging_mixin.py:188} INFO - [2026-03-23T13:49:21.698+0000] {dagbag.py:538} INFO - Filling up the DagBag from /opt/airflow/dags/crawl_crypto_prices.py
[2026-03-23T13:49:21.708+0000] {processor.py:840} INFO - DAG(s) 'crawl_crypto_prices' retrieved from /opt/airflow/dags/crawl_crypto_prices.py
[2026-03-23T13:49:21.724+0000] {logging_mixin.py:188} INFO - [2026-03-23T13:49:21.724+0000] {dag.py:3036} INFO - Sync 1 DAGs
[2026-03-23T13:49:21.734+0000] {logging_mixin.py:188} INFO - [2026-03-23T13:49:21.733+0000] {dag.py:3823} INFO - Setting next_dagrun for crawl_crypto_prices to 2026-03-23 13:00:00+00:00, run_after=2026-03-23 14:00:00+00:00
[2026-03-23T13:49:21.739+0000] {processor.py:183} INFO - Processing /opt/airflow/dags/crawl_crypto_prices.py took 0.045 seconds
[2026-03-23T13:49:52.016+0000] {processor.py:161} INFO - Started process (PID=11269) to work on /opt/airflow/dags/crawl_crypto_prices.py
[2026-03-23T13:49:52.018+0000] {processor.py:830} INFO - Processing file /opt/airflow/dags/crawl_crypto_prices.py for tasks to queue
[2026-03-23T13:49:52.019+0000] {logging_mixin.py:188} INFO - [2026-03-23T13:49:52.019+0000] {dagbag.py:538} INFO - Filling up the DagBag from /opt/airflow/dags/crawl_crypto_prices.py
[2026-03-23T13:49:52.031+0000] {processor.py:840} INFO - DAG(s) 'crawl_crypto_prices' retrieved from /opt/airflow/dags/crawl_crypto_prices.py
[2026-03-23T13:49:52.050+0000] {logging_mixin.py:188} INFO - [2026-03-23T13:49:52.050+0000] {dag.py:3036} INFO - Sync 1 DAGs
[2026-03-23T13:49:52.059+0000] {logging_mixin.py:188} INFO - [2026-03-23T13:49:52.059+0000] {dag.py:3823} INFO - Setting next_dagrun for crawl_crypto_prices to 2026-03-23 13:00:00+00:00, run_after=2026-03-23 14:00:00+00:00
[2026-03-23T13:49:52.065+0000] {processor.py:183} INFO - Processing /opt/airflow/dags/crawl_crypto_prices.py took 0.053 seconds
[2026-03-23T13:50:22.364+0000] {processor.py:161} INFO - Started process (PID=11274) to work on /opt/airflow/dags/crawl_crypto_prices.py
[2026-03-23T13:50:22.365+0000] {processor.py:830} INFO - Processing file /opt/airflow/dags/crawl_crypto_prices.py for tasks to queue
[2026-03-23T13:50:22.366+0000] {logging_mixin.py:188} INFO - [2026-03-23T13:50:22.366+0000] {dagbag.py:538} INFO - Filling up the DagBag from /opt/airflow/dags/crawl_crypto_prices.py
[2026-03-23T13:50:22.379+0000] {processor.py:840} INFO - DAG(s) 'crawl_crypto_prices' retrieved from /opt/airflow/dags/crawl_crypto_prices.py
[2026-03-23T13:50:22.397+0000] {logging_mixin.py:188} INFO - [2026-03-23T13:50:22.397+0000] {dag.py:3036} INFO - Sync 1 DAGs
[2026-03-23T13:50:22.407+0000] {logging_mixin.py:188} INFO - [2026-03-23T13:50:22.407+0000] {dag.py:3823} INFO - Setting next_dagrun for crawl_crypto_prices to 2026-03-23 13:00:00+00:00, run_after=2026-03-23 14:00:00+00:00
[2026-03-23T13:50:22.413+0000] {processor.py:183} INFO - Processing /opt/airflow/dags/crawl_crypto_prices.py took 0.054 seconds
[2026-03-23T13:50:52.678+0000] {processor.py:161} INFO - Started process (PID=11279) to work on /opt/airflow/dags/crawl_crypto_prices.py
[2026-03-23T13:50:52.679+0000] {processor.py:830} INFO - Processing file /opt/airflow/dags/crawl_crypto_prices.py for tasks to queue
[2026-03-23T13:50:52.680+0000] {logging_mixin.py:188} INFO - [2026-03-23T13:50:52.679+0000] {dagbag.py:538} INFO - Filling up the DagBag from /opt/airflow/dags/crawl_crypto_prices.py
[2026-03-23T13:50:52.695+0000] {processor.py:840} INFO - DAG(s) 'crawl_crypto_prices' retrieved from /opt/airflow/dags/crawl_crypto_prices.py
[2026-03-23T13:50:52.714+0000] {logging_mixin.py:188} INFO - [2026-03-23T13:50:52.714+0000] {dag.py:3036} INFO - Sync 1 DAGs
[2026-03-23T13:50:52.723+0000] {logging_mixin.py:188} INFO - [2026-03-23T13:50:52.723+0000] {dag.py:3823} INFO - Setting next_dagrun for crawl_crypto_prices to 2026-03-23 13:00:00+00:00, run_after=2026-03-23 14:00:00+00:00
[2026-03-23T13:50:52.729+0000] {processor.py:183} INFO - Processing /opt/airflow/dags/crawl_crypto_prices.py took 0.055 seconds
[2026-03-23T13:51:23.014+0000] {processor.py:161} INFO - Started process (PID=11284) to work on /opt/airflow/dags/crawl_crypto_prices.py
[2026-03-23T13:51:23.015+0000] {processor.py:830} INFO - Processing file /opt/airflow/dags/crawl_crypto_prices.py for tasks to queue
[2026-03-23T13:51:23.015+0000] {logging_mixin.py:188} INFO - [2026-03-23T13:51:23.015+0000] {dagbag.py:538} INFO - Filling up the DagBag from /opt/airflow/dags/crawl_crypto_prices.py
[2026-03-23T13:51:23.026+0000] {processor.py:840} INFO - DAG(s) 'crawl_crypto_prices' retrieved from /opt/airflow/dags/crawl_crypto_prices.py
[2026-03-23T13:51:23.045+0000] {logging_mixin.py:188} INFO - [2026-03-23T13:51:23.045+0000] {dag.py:3036} INFO - Sync 1 DAGs
[2026-03-23T13:51:23.054+0000] {logging_mixin.py:188} INFO - [2026-03-23T13:51:23.054+0000] {dag.py:3823} INFO - Setting next_dagrun for crawl_crypto_prices to 2026-03-23 13:00:00+00:00, run_after=2026-03-23 14:00:00+00:00
[2026-03-23T13:51:23.061+0000] {processor.py:183} INFO - Processing /opt/airflow/dags/crawl_crypto_prices.py took 0.051 seconds
[2026-03-23T13:51:53.344+0000] {processor.py:161} INFO - Started process (PID=11289) to work on /opt/airflow/dags/crawl_crypto_prices.py
[2026-03-23T13:51:53.345+0000] {processor.py:830} INFO - Processing file /opt/airflow/dags/crawl_crypto_prices.py for tasks to queue
[2026-03-23T13:51:53.345+0000] {logging_mixin.py:188} INFO - [2026-03-23T13:51:53.345+0000] {dagbag.py:538} INFO - Filling up the DagBag from /opt/airflow/dags/crawl_crypto_prices.py
[2026-03-23T13:51:53.355+0000] {processor.py:840} INFO - DAG(s) 'crawl_crypto_prices' retrieved from /opt/airflow/dags/crawl_crypto_prices.py
[2026-03-23T13:51:53.373+0000] {logging_mixin.py:188} INFO - [2026-03-23T13:51:53.373+0000] {dag.py:3036} INFO - Sync 1 DAGs
[2026-03-23T13:51:53.384+0000] {logging_mixin.py:188} INFO - [2026-03-23T13:51:53.384+0000] {dag.py:3823} INFO - Setting next_dagrun for crawl_crypto_prices to 2026-03-23 13:00:00+00:00, run_after=2026-03-23 14:00:00+00:00
[2026-03-23T13:51:53.390+0000] {processor.py:183} INFO - Processing /opt/airflow/dags/crawl_crypto_prices.py took 0.049 seconds
[2026-03-23T13:52:23.648+0000] {processor.py:161} INFO - Started process (PID=11294) to work on /opt/airflow/dags/crawl_crypto_prices.py
[2026-03-23T13:52:23.649+0000] {processor.py:830} INFO - Processing file /opt/airflow/dags/crawl_crypto_prices.py for tasks to queue
[2026-03-23T13:52:23.650+0000] {logging_mixin.py:188} INFO - [2026-03-23T13:52:23.650+0000] {dagbag.py:538} INFO - Filling up the DagBag from /opt/airflow/dags/crawl_crypto_prices.py
[2026-03-23T13:52:23.661+0000] {processor.py:840} INFO - DAG(s) 'crawl_crypto_prices' retrieved from /opt/airflow/dags/crawl_crypto_prices.py
[2026-03-23T13:52:23.676+0000] {logging_mixin.py:188} INFO - [2026-03-23T13:52:23.676+0000] {dag.py:3036} INFO - Sync 1 DAGs
[2026-03-23T13:52:23.688+0000] {logging_mixin.py:188} INFO - [2026-03-23T13:52:23.688+0000] {dag.py:3823} INFO - Setting next_dagrun for crawl_crypto_prices to 2026-03-23 13:00:00+00:00, run_after=2026-03-23 14:00:00+00:00
[2026-03-23T13:52:23.694+0000] {processor.py:183} INFO - Processing /opt/airflow/dags/crawl_crypto_prices.py took 0.050 seconds
[2026-03-23T13:52:53.985+0000] {processor.py:161} INFO - Started process (PID=11299) to work on /opt/airflow/dags/crawl_crypto_prices.py
[2026-03-23T13:52:53.986+0000] {processor.py:830} INFO - Processing file /opt/airflow/dags/crawl_crypto_prices.py for tasks to queue
[2026-03-23T13:52:53.987+0000] {logging_mixin.py:188} INFO - [2026-03-23T13:52:53.987+0000] {dagbag.py:538} INFO - Filling up the DagBag from /opt/airflow/dags/crawl_crypto_prices.py
[2026-03-23T13:52:53.998+0000] {processor.py:840} INFO - DAG(s) 'crawl_crypto_prices' retrieved from /opt/airflow/dags/crawl_crypto_prices.py
[2026-03-23T13:52:54.017+0000] {logging_mixin.py:188} INFO - [2026-03-23T13:52:54.017+0000] {dag.py:3036} INFO - Sync 1 DAGs
[2026-03-23T13:52:54.028+0000] {logging_mixin.py:188} INFO - [2026-03-23T13:52:54.028+0000] {dag.py:3823} INFO - Setting next_dagrun for crawl_crypto_prices to 2026-03-23 13:00:00+00:00, run_after=2026-03-23 14:00:00+00:00
[2026-03-23T13:52:54.036+0000] {processor.py:183} INFO - Processing /opt/airflow/dags/crawl_crypto_prices.py took 0.054 seconds
[2026-03-23T13:53:24.328+0000] {processor.py:161} INFO - Started process (PID=11304) to work on /opt/airflow/dags/crawl_crypto_prices.py
[2026-03-23T13:53:24.330+0000] {processor.py:830} INFO - Processing file /opt/airflow/dags/crawl_crypto_prices.py for tasks to queue
[2026-03-23T13:53:24.330+0000] {logging_mixin.py:188} INFO - [2026-03-23T13:53:24.330+0000] {dagbag.py:538} INFO - Filling up the DagBag from /opt/airflow/dags/crawl_crypto_prices.py
[2026-03-23T13:53:24.341+0000] {processor.py:840} INFO - DAG(s) 'crawl_crypto_prices' retrieved from /opt/airflow/dags/crawl_crypto_prices.py
[2026-03-23T13:53:24.359+0000] {logging_mixin.py:188} INFO - [2026-03-23T13:53:24.359+0000] {dag.py:3036} INFO - Sync 1 DAGs
[2026-03-23T13:53:24.368+0000] {logging_mixin.py:188} INFO - [2026-03-23T13:53:24.368+0000] {dag.py:3823} INFO - Setting next_dagrun for crawl_crypto_prices to 2026-03-23 13:00:00+00:00, run_after=2026-03-23 14:00:00+00:00
[2026-03-23T13:53:24.374+0000] {processor.py:183} INFO - Processing /opt/airflow/dags/crawl_crypto_prices.py took 0.050 seconds
[2026-03-23T13:53:54.607+0000] {processor.py:161} INFO - Started process (PID=11309) to work on /opt/airflow/dags/crawl_crypto_prices.py
[2026-03-23T13:53:54.607+0000] {processor.py:830} INFO - Processing file /opt/airflow/dags/crawl_crypto_prices.py for tasks to queue
[2026-03-23T13:53:54.608+0000] {logging_mixin.py:188} INFO - [2026-03-23T13:53:54.608+0000] {dagbag.py:538} INFO - Filling up the DagBag from /opt/airflow/dags/crawl_crypto_prices.py
[2026-03-23T13:53:54.616+0000] {processor.py:840} INFO - DAG(s) 'crawl_crypto_prices' retrieved from /opt/airflow/dags/crawl_crypto_prices.py
[2026-03-23T13:53:54.632+0000] {logging_mixin.py:188} INFO - [2026-03-23T13:53:54.632+0000] {dag.py:3036} INFO - Sync 1 DAGs
[2026-03-23T13:53:54.642+0000] {logging_mixin.py:188} INFO - [2026-03-23T13:53:54.642+0000] {dag.py:3823} INFO - Setting next_dagrun for crawl_crypto_prices to 2026-03-23 13:00:00+00:00, run_after=2026-03-23 14:00:00+00:00
[2026-03-23T13:53:54.649+0000] {processor.py:183} INFO - Processing /opt/airflow/dags/crawl_crypto_prices.py took 0.044 seconds
[2026-03-23T13:54:24.929+0000] {processor.py:161} INFO - Started process (PID=11314) to work on /opt/airflow/dags/crawl_crypto_prices.py
[2026-03-23T13:54:24.930+0000] {processor.py:830} INFO - Processing file /opt/airflow/dags/crawl_crypto_prices.py for tasks to queue
[2026-03-23T13:54:24.931+0000] {logging_mixin.py:188} INFO - [2026-03-23T13:54:24.931+0000] {dagbag.py:538} INFO - Filling up the DagBag from /opt/airflow/dags/crawl_crypto_prices.py
[2026-03-23T13:54:24.942+0000] {processor.py:840} INFO - DAG(s) 'crawl_crypto_prices' retrieved from /opt/airflow/dags/crawl_crypto_prices.py
[2026-03-23T13:54:24.959+0000] {logging_mixin.py:188} INFO - [2026-03-23T13:54:24.959+0000] {dag.py:3036} INFO - Sync 1 DAGs
[2026-03-23T13:54:24.970+0000] {logging_mixin.py:188} INFO - [2026-03-23T13:54:24.970+0000] {dag.py:3823} INFO - Setting next_dagrun for crawl_crypto_prices to 2026-03-23 13:00:00+00:00, run_after=2026-03-23 14:00:00+00:00
[2026-03-23T13:54:24.975+0000] {processor.py:183} INFO - Processing /opt/airflow/dags/crawl_crypto_prices.py took 0.049 seconds
[2026-03-23T13:57:39.292+0000] {processor.py:161} INFO - Started process (PID=11321) to work on /opt/airflow/dags/crawl_crypto_prices.py
[2026-03-23T13:57:39.294+0000] {processor.py:830} INFO - Processing file /opt/airflow/dags/crawl_crypto_prices.py for tasks to queue
[2026-03-23T13:57:39.295+0000] {logging_mixin.py:188} INFO - [2026-03-23T13:57:39.294+0000] {dagbag.py:538} INFO - Filling up the DagBag from /opt/airflow/dags/crawl_crypto_prices.py
[2026-03-23T13:57:39.313+0000] {processor.py:840} INFO - DAG(s) 'crawl_crypto_prices' retrieved from /opt/airflow/dags/crawl_crypto_prices.py
[2026-03-23T13:57:39.345+0000] {logging_mixin.py:188} INFO - [2026-03-23T13:57:39.345+0000] {dag.py:3036} INFO - Sync 1 DAGs
[2026-03-23T13:57:39.369+0000] {logging_mixin.py:188} INFO - [2026-03-23T13:57:39.369+0000] {dag.py:3823} INFO - Setting next_dagrun for crawl_crypto_prices to 2026-03-23 13:00:00+00:00, run_after=2026-03-23 14:00:00+00:00
[2026-03-23T13:57:39.387+0000] {processor.py:183} INFO - Processing /opt/airflow/dags/crawl_crypto_prices.py took 0.098 seconds
[2026-03-23T13:58:09.572+0000] {processor.py:161} INFO - Started process (PID=11330) to work on /opt/airflow/dags/crawl_crypto_prices.py
[2026-03-23T13:58:09.574+0000] {processor.py:830} INFO - Processing file /opt/airflow/dags/crawl_crypto_prices.py for tasks to queue
[2026-03-23T13:58:09.575+0000] {logging_mixin.py:188} INFO - [2026-03-23T13:58:09.574+0000] {dagbag.py:538} INFO - Filling up the DagBag from /opt/airflow/dags/crawl_crypto_prices.py
[2026-03-23T13:58:09.589+0000] {processor.py:840} INFO - DAG(s) 'crawl_crypto_prices' retrieved from /opt/airflow/dags/crawl_crypto_prices.py
[2026-03-23T13:58:09.610+0000] {logging_mixin.py:188} INFO - [2026-03-23T13:58:09.610+0000] {dag.py:3036} INFO - Sync 1 DAGs
[2026-03-23T13:58:09.620+0000] {logging_mixin.py:188} INFO - [2026-03-23T13:58:09.620+0000] {dag.py:3823} INFO - Setting next_dagrun for crawl_crypto_prices to 2026-03-23 13:00:00+00:00, run_after=2026-03-23 14:00:00+00:00
[2026-03-23T13:58:09.627+0000] {processor.py:183} INFO - Processing /opt/airflow/dags/crawl_crypto_prices.py took 0.059 seconds
[2026-03-23T13:58:39.869+0000] {processor.py:161} INFO - Started process (PID=11335) to work on /opt/airflow/dags/crawl_crypto_prices.py
[2026-03-23T13:58:39.870+0000] {processor.py:830} INFO - Processing file /opt/airflow/dags/crawl_crypto_prices.py for tasks to queue
[2026-03-23T13:58:39.871+0000] {logging_mixin.py:188} INFO - [2026-03-23T13:58:39.871+0000] {dagbag.py:538} INFO - Filling up the DagBag from /opt/airflow/dags/crawl_crypto_prices.py
[2026-03-23T13:58:39.882+0000] {processor.py:840} INFO - DAG(s) 'crawl_crypto_prices' retrieved from /opt/airflow/dags/crawl_crypto_prices.py
[2026-03-23T13:58:39.898+0000] {logging_mixin.py:188} INFO - [2026-03-23T13:58:39.898+0000] {dag.py:3036} INFO - Sync 1 DAGs
[2026-03-23T13:58:39.907+0000] {logging_mixin.py:188} INFO - [2026-03-23T13:58:39.907+0000] {dag.py:3823} INFO - Setting next_dagrun for crawl_crypto_prices to 2026-03-23 13:00:00+00:00, run_after=2026-03-23 14:00:00+00:00
[2026-03-23T13:58:39.913+0000] {processor.py:183} INFO - Processing /opt/airflow/dags/crawl_crypto_prices.py took 0.047 seconds
[2026-03-23T13:59:10.180+0000] {processor.py:161} INFO - Started process (PID=11340) to work on /opt/airflow/dags/crawl_crypto_prices.py
[2026-03-23T13:59:10.181+0000] {processor.py:830} INFO - Processing file /opt/airflow/dags/crawl_crypto_prices.py for tasks to queue
[2026-03-23T13:59:10.182+0000] {logging_mixin.py:188} INFO - [2026-03-23T13:59:10.182+0000] {dagbag.py:538} INFO - Filling up the DagBag from /opt/airflow/dags/crawl_crypto_prices.py
[2026-03-23T13:59:10.193+0000] {processor.py:840} INFO - DAG(s) 'crawl_crypto_prices' retrieved from /opt/airflow/dags/crawl_crypto_prices.py
[2026-03-23T13:59:10.209+0000] {logging_mixin.py:188} INFO - [2026-03-23T13:59:10.209+0000] {dag.py:3036} INFO - Sync 1 DAGs
[2026-03-23T13:59:10.220+0000] {logging_mixin.py:188} INFO - [2026-03-23T13:59:10.220+0000] {dag.py:3823} INFO - Setting next_dagrun for crawl_crypto_prices to 2026-03-23 13:00:00+00:00, run_after=2026-03-23 14:00:00+00:00
[2026-03-23T13:59:10.227+0000] {processor.py:183} INFO - Processing /opt/airflow/dags/crawl_crypto_prices.py took 0.051 seconds
[2026-03-23T13:59:40.466+0000] {processor.py:161} INFO - Started process (PID=11351) to work on /opt/airflow/dags/crawl_crypto_prices.py
[2026-03-23T13:59:40.467+0000] {processor.py:830} INFO - Processing file /opt/airflow/dags/crawl_crypto_prices.py for tasks to queue
[2026-03-23T13:59:40.468+0000] {logging_mixin.py:188} INFO - [2026-03-23T13:59:40.468+0000] {dagbag.py:538} INFO - Filling up the DagBag from /opt/airflow/dags/crawl_crypto_prices.py
[2026-03-23T13:59:40.480+0000] {processor.py:840} INFO - DAG(s) 'crawl_crypto_prices' retrieved from /opt/airflow/dags/crawl_crypto_prices.py
[2026-03-23T13:59:40.495+0000] {logging_mixin.py:188} INFO - [2026-03-23T13:59:40.495+0000] {dag.py:3036} INFO - Sync 1 DAGs
[2026-03-23T13:59:40.505+0000] {logging_mixin.py:188} INFO - [2026-03-23T13:59:40.505+0000] {dag.py:3823} INFO - Setting next_dagrun for crawl_crypto_prices to 2026-03-23 13:00:00+00:00, run_after=2026-03-23 14:00:00+00:00
[2026-03-23T13:59:40.517+0000] {processor.py:183} INFO - Processing /opt/airflow/dags/crawl_crypto_prices.py took 0.055 seconds
[2026-03-23T14:00:10.743+0000] {processor.py:161} INFO - Started process (PID=11362) to work on /opt/airflow/dags/crawl_crypto_prices.py
[2026-03-23T14:00:10.744+0000] {processor.py:830} INFO - Processing file /opt/airflow/dags/crawl_crypto_prices.py for tasks to queue
[2026-03-23T14:00:10.744+0000] {logging_mixin.py:188} INFO - [2026-03-23T14:00:10.744+0000] {dagbag.py:538} INFO - Filling up the DagBag from /opt/airflow/dags/crawl_crypto_prices.py
[2026-03-23T14:00:10.755+0000] {processor.py:840} INFO - DAG(s) 'crawl_crypto_prices' retrieved from /opt/airflow/dags/crawl_crypto_prices.py
[2026-03-23T14:00:10.772+0000] {logging_mixin.py:188} INFO - [2026-03-23T14:00:10.772+0000] {dag.py:3036} INFO - Sync 1 DAGs
[2026-03-23T14:00:10.784+0000] {logging_mixin.py:188} INFO - [2026-03-23T14:00:10.784+0000] {dag.py:3823} INFO - Setting next_dagrun for crawl_crypto_prices to 2026-03-23 14:00:00+00:00, run_after=2026-03-23 15:00:00+00:00
[2026-03-23T14:00:10.791+0000] {processor.py:183} INFO - Processing /opt/airflow/dags/crawl_crypto_prices.py took 0.052 seconds
[2026-03-23T14:00:41.030+0000] {processor.py:161} INFO - Started process (PID=11367) to work on /opt/airflow/dags/crawl_crypto_prices.py
[2026-03-23T14:00:41.031+0000] {processor.py:830} INFO - Processing file /opt/airflow/dags/crawl_crypto_prices.py for tasks to queue
[2026-03-23T14:00:41.032+0000] {logging_mixin.py:188} INFO - [2026-03-23T14:00:41.032+0000] {dagbag.py:538} INFO - Filling up the DagBag from /opt/airflow/dags/crawl_crypto_prices.py
[2026-03-23T14:00:41.061+0000] {processor.py:840} INFO - DAG(s) 'crawl_crypto_prices' retrieved from /opt/airflow/dags/crawl_crypto_prices.py
[2026-03-23T14:00:41.077+0000] {logging_mixin.py:188} INFO - [2026-03-23T14:00:41.077+0000] {dag.py:3036} INFO - Sync 1 DAGs
[2026-03-23T14:00:41.087+0000] {logging_mixin.py:188} INFO - [2026-03-23T14:00:41.087+0000] {dag.py:3823} INFO - Setting next_dagrun for crawl_crypto_prices to 2026-03-23 14:00:00+00:00, run_after=2026-03-23 15:00:00+00:00
[2026-03-23T14:00:41.093+0000] {processor.py:183} INFO - Processing /opt/airflow/dags/crawl_crypto_prices.py took 0.067 seconds
[2026-03-23T14:01:11.292+0000] {processor.py:161} INFO - Started process (PID=11372) to work on /opt/airflow/dags/crawl_crypto_prices.py
[2026-03-23T14:01:11.293+0000] {processor.py:830} INFO - Processing file /opt/airflow/dags/crawl_crypto_prices.py for tasks to queue
[2026-03-23T14:01:11.293+0000] {logging_mixin.py:188} INFO - [2026-03-23T14:01:11.293+0000] {dagbag.py:538} INFO - Filling up the DagBag from /opt/airflow/dags/crawl_crypto_prices.py
[2026-03-23T14:01:11.303+0000] {processor.py:840} INFO - DAG(s) 'crawl_crypto_prices' retrieved from /opt/airflow/dags/crawl_crypto_prices.py
[2026-03-23T14:01:11.318+0000] {logging_mixin.py:188} INFO - [2026-03-23T14:01:11.318+0000] {dag.py:3036} INFO - Sync 1 DAGs
[2026-03-23T14:01:11.328+0000] {logging_mixin.py:188} INFO - [2026-03-23T14:01:11.328+0000] {dag.py:3823} INFO - Setting next_dagrun for crawl_crypto_prices to 2026-03-23 14:00:00+00:00, run_after=2026-03-23 15:00:00+00:00
[2026-03-23T14:01:11.336+0000] {processor.py:183} INFO - Processing /opt/airflow/dags/crawl_crypto_prices.py took 0.047 seconds
[2026-03-23T14:01:41.556+0000] {processor.py:161} INFO - Started process (PID=11377) to work on /opt/airflow/dags/crawl_crypto_prices.py
[2026-03-23T14:01:41.556+0000] {processor.py:830} INFO - Processing file /opt/airflow/dags/crawl_crypto_prices.py for tasks to queue
[2026-03-23T14:01:41.557+0000] {logging_mixin.py:188} INFO - [2026-03-23T14:01:41.557+0000] {dagbag.py:538} INFO - Filling up the DagBag from /opt/airflow/dags/crawl_crypto_prices.py
[2026-03-23T14:01:41.565+0000] {processor.py:840} INFO - DAG(s) 'crawl_crypto_prices' retrieved from /opt/airflow/dags/crawl_crypto_prices.py
[2026-03-23T14:01:41.577+0000] {logging_mixin.py:188} INFO - [2026-03-23T14:01:41.577+0000] {dag.py:3036} INFO - Sync 1 DAGs
[2026-03-23T14:01:41.587+0000] {logging_mixin.py:188} INFO - [2026-03-23T14:01:41.587+0000] {dag.py:3823} INFO - Setting next_dagrun for crawl_crypto_prices to 2026-03-23 14:00:00+00:00, run_after=2026-03-23 15:00:00+00:00
[2026-03-23T14:01:41.593+0000] {processor.py:183} INFO - Processing /opt/airflow/dags/crawl_crypto_prices.py took 0.039 seconds
[2026-03-23T14:02:11.874+0000] {processor.py:161} INFO - Started process (PID=11382) to work on /opt/airflow/dags/crawl_crypto_prices.py
[2026-03-23T14:02:11.874+0000] {processor.py:830} INFO - Processing file /opt/airflow/dags/crawl_crypto_prices.py for tasks to queue
[2026-03-23T14:02:11.875+0000] {logging_mixin.py:188} INFO - [2026-03-23T14:02:11.875+0000] {dagbag.py:538} INFO - Filling up the DagBag from /opt/airflow/dags/crawl_crypto_prices.py
[2026-03-23T14:02:11.882+0000] {processor.py:840} INFO - DAG(s) 'crawl_crypto_prices' retrieved from /opt/airflow/dags/crawl_crypto_prices.py
[2026-03-23T14:02:11.895+0000] {logging_mixin.py:188} INFO - [2026-03-23T14:02:11.895+0000] {dag.py:3036} INFO - Sync 1 DAGs
[2026-03-23T14:02:11.904+0000] {logging_mixin.py:188} INFO - [2026-03-23T14:02:11.904+0000] {dag.py:3823} INFO - Setting next_dagrun for crawl_crypto_prices to 2026-03-23 14:00:00+00:00, run_after=2026-03-23 15:00:00+00:00
[2026-03-23T14:02:11.911+0000] {processor.py:183} INFO - Processing /opt/airflow/dags/crawl_crypto_prices.py took 0.039 seconds
[2026-03-23T14:02:42.199+0000] {processor.py:161} INFO - Started process (PID=11387) to work on /opt/airflow/dags/crawl_crypto_prices.py
[2026-03-23T14:02:42.200+0000] {processor.py:830} INFO - Processing file /opt/airflow/dags/crawl_crypto_prices.py for tasks to queue
[2026-03-23T14:02:42.201+0000] {logging_mixin.py:188} INFO - [2026-03-23T14:02:42.201+0000] {dagbag.py:538} INFO - Filling up the DagBag from /opt/airflow/dags/crawl_crypto_prices.py
[2026-03-23T14:02:42.213+0000] {processor.py:840} INFO - DAG(s) 'crawl_crypto_prices' retrieved from /opt/airflow/dags/crawl_crypto_prices.py
[2026-03-23T14:02:42.232+0000] {logging_mixin.py:188} INFO - [2026-03-23T14:02:42.232+0000] {dag.py:3036} INFO - Sync 1 DAGs
[2026-03-23T14:02:42.241+0000] {logging_mixin.py:188} INFO - [2026-03-23T14:02:42.241+0000] {dag.py:3823} INFO - Setting next_dagrun for crawl_crypto_prices to 2026-03-23 14:00:00+00:00, run_after=2026-03-23 15:00:00+00:00
[2026-03-23T14:02:42.248+0000] {processor.py:183} INFO - Processing /opt/airflow/dags/crawl_crypto_prices.py took 0.053 seconds
[2026-03-23T14:03:12.539+0000] {processor.py:161} INFO - Started process (PID=11392) to work on /opt/airflow/dags/crawl_crypto_prices.py
[2026-03-23T14:03:12.540+0000] {processor.py:830} INFO - Processing file /opt/airflow/dags/crawl_crypto_prices.py for tasks to queue
[2026-03-23T14:03:12.540+0000] {logging_mixin.py:188} INFO - [2026-03-23T14:03:12.540+0000] {dagbag.py:538} INFO - Filling up the DagBag from /opt/airflow/dags/crawl_crypto_prices.py
[2026-03-23T14:03:12.551+0000] {processor.py:840} INFO - DAG(s) 'crawl_crypto_prices' retrieved from /opt/airflow/dags/crawl_crypto_prices.py
[2026-03-23T14:03:12.569+0000] {logging_mixin.py:188} INFO - [2026-03-23T14:03:12.569+0000] {dag.py:3036} INFO - Sync 1 DAGs
[2026-03-23T14:03:12.579+0000] {logging_mixin.py:188} INFO - [2026-03-23T14:03:12.579+0000] {dag.py:3823} INFO - Setting next_dagrun for crawl_crypto_prices to 2026-03-23 14:00:00+00:00, run_after=2026-03-23 15:00:00+00:00
[2026-03-23T14:03:12.585+0000] {processor.py:183} INFO - Processing /opt/airflow/dags/crawl_crypto_prices.py took 0.050 seconds
[2026-03-23T14:03:42.904+0000] {processor.py:161} INFO - Started process (PID=11397) to work on /opt/airflow/dags/crawl_crypto_prices.py
[2026-03-23T14:03:42.905+0000] {processor.py:830} INFO - Processing file /opt/airflow/dags/crawl_crypto_prices.py for tasks to queue
[2026-03-23T14:03:42.906+0000] {logging_mixin.py:188} INFO - [2026-03-23T14:03:42.906+0000] {dagbag.py:538} INFO - Filling up the DagBag from /opt/airflow/dags/crawl_crypto_prices.py
[2026-03-23T14:03:42.917+0000] {processor.py:840} INFO - DAG(s) 'crawl_crypto_prices' retrieved from /opt/airflow/dags/crawl_crypto_prices.py
[2026-03-23T14:03:42.939+0000] {logging_mixin.py:188} INFO - [2026-03-23T14:03:42.939+0000] {dag.py:3036} INFO - Sync 1 DAGs
[2026-03-23T14:03:42.952+0000] {logging_mixin.py:188} INFO - [2026-03-23T14:03:42.952+0000] {dag.py:3823} INFO - Setting next_dagrun for crawl_crypto_prices to 2026-03-23 14:00:00+00:00, run_after=2026-03-23 15:00:00+00:00
[2026-03-23T14:03:42.958+0000] {processor.py:183} INFO - Processing /opt/airflow/dags/crawl_crypto_prices.py took 0.057 seconds
[2026-03-23T14:04:13.214+0000] {processor.py:161} INFO - Started process (PID=11402) to work on /opt/airflow/dags/crawl_crypto_prices.py
[2026-03-23T14:04:13.215+0000] {processor.py:830} INFO - Processing file /opt/airflow/dags/crawl_crypto_prices.py for tasks to queue
[2026-03-23T14:04:13.216+0000] {logging_mixin.py:188} INFO - [2026-03-23T14:04:13.216+0000] {dagbag.py:538} INFO - Filling up the DagBag from /opt/airflow/dags/crawl_crypto_prices.py
[2026-03-23T14:04:13.227+0000] {processor.py:840} INFO - DAG(s) 'crawl_crypto_prices' retrieved from /opt/airflow/dags/crawl_crypto_prices.py
[2026-03-23T14:04:13.245+0000] {logging_mixin.py:188} INFO - [2026-03-23T14:04:13.244+0000] {dag.py:3036} INFO - Sync 1 DAGs
[2026-03-23T14:04:13.254+0000] {logging_mixin.py:188} INFO - [2026-03-23T14:04:13.254+0000] {dag.py:3823} INFO - Setting next_dagrun for crawl_crypto_prices to 2026-03-23 14:00:00+00:00, run_after=2026-03-23 15:00:00+00:00
[2026-03-23T14:04:13.260+0000] {processor.py:183} INFO - Processing /opt/airflow/dags/crawl_crypto_prices.py took 0.050 seconds
[2026-03-23T14:04:43.517+0000] {processor.py:161} INFO - Started process (PID=11407) to work on /opt/airflow/dags/crawl_crypto_prices.py
[2026-03-23T14:04:43.518+0000] {processor.py:830} INFO - Processing file /opt/airflow/dags/crawl_crypto_prices.py for tasks to queue
[2026-03-23T14:04:43.519+0000] {logging_mixin.py:188} INFO - [2026-03-23T14:04:43.519+0000] {dagbag.py:538} INFO - Filling up the DagBag from /opt/airflow/dags/crawl_crypto_prices.py
[2026-03-23T14:04:43.531+0000] {processor.py:840} INFO - DAG(s) 'crawl_crypto_prices' retrieved from /opt/airflow/dags/crawl_crypto_prices.py
[2026-03-23T14:04:43.550+0000] {logging_mixin.py:188} INFO - [2026-03-23T14:04:43.550+0000] {dag.py:3036} INFO - Sync 1 DAGs
[2026-03-23T14:04:43.560+0000] {logging_mixin.py:188} INFO - [2026-03-23T14:04:43.560+0000] {dag.py:3823} INFO - Setting next_dagrun for crawl_crypto_prices to 2026-03-23 14:00:00+00:00, run_after=2026-03-23 15:00:00+00:00
[2026-03-23T14:04:43.566+0000] {processor.py:183} INFO - Processing /opt/airflow/dags/crawl_crypto_prices.py took 0.053 seconds
[2026-03-23T14:05:13.830+0000] {processor.py:161} INFO - Started process (PID=11412) to work on /opt/airflow/dags/crawl_crypto_prices.py
[2026-03-23T14:05:13.831+0000] {processor.py:830} INFO - Processing file /opt/airflow/dags/crawl_crypto_prices.py for tasks to queue
[2026-03-23T14:05:13.832+0000] {logging_mixin.py:188} INFO - [2026-03-23T14:05:13.831+0000] {dagbag.py:538} INFO - Filling up the DagBag from /opt/airflow/dags/crawl_crypto_prices.py
[2026-03-23T14:05:13.847+0000] {processor.py:840} INFO - DAG(s) 'crawl_crypto_prices' retrieved from /opt/airflow/dags/crawl_crypto_prices.py
[2026-03-23T14:05:13.870+0000] {logging_mixin.py:188} INFO - [2026-03-23T14:05:13.870+0000] {dag.py:3036} INFO - Sync 1 DAGs
[2026-03-23T14:05:13.880+0000] {logging_mixin.py:188} INFO - [2026-03-23T14:05:13.880+0000] {dag.py:3823} INFO - Setting next_dagrun for crawl_crypto_prices to 2026-03-23 14:00:00+00:00, run_after=2026-03-23 15:00:00+00:00
[2026-03-23T14:05:13.887+0000] {processor.py:183} INFO - Processing /opt/airflow/dags/crawl_crypto_prices.py took 0.063 seconds
[2026-03-23T14:05:44.120+0000] {processor.py:161} INFO - Started process (PID=11417) to work on /opt/airflow/dags/crawl_crypto_prices.py
[2026-03-23T14:05:44.121+0000] {processor.py:830} INFO - Processing file /opt/airflow/dags/crawl_crypto_prices.py for tasks to queue
[2026-03-23T14:05:44.122+0000] {logging_mixin.py:188} INFO - [2026-03-23T14:05:44.122+0000] {dagbag.py:538} INFO - Filling up the DagBag from /opt/airflow/dags/crawl_crypto_prices.py
[2026-03-23T14:05:44.133+0000] {processor.py:840} INFO - DAG(s) 'crawl_crypto_prices' retrieved from /opt/airflow/dags/crawl_crypto_prices.py
[2026-03-23T14:05:44.151+0000] {logging_mixin.py:188} INFO - [2026-03-23T14:05:44.151+0000] {dag.py:3036} INFO - Sync 1 DAGs
[2026-03-23T14:05:44.161+0000] {logging_mixin.py:188} INFO - [2026-03-23T14:05:44.161+0000] {dag.py:3823} INFO - Setting next_dagrun for crawl_crypto_prices to 2026-03-23 14:00:00+00:00, run_after=2026-03-23 15:00:00+00:00
[2026-03-23T14:05:44.167+0000] {processor.py:183} INFO - Processing /opt/airflow/dags/crawl_crypto_prices.py took 0.050 seconds
[2026-03-23T14:06:14.449+0000] {processor.py:161} INFO - Started process (PID=11422) to work on /opt/airflow/dags/crawl_crypto_prices.py
[2026-03-23T14:06:14.450+0000] {processor.py:830} INFO - Processing file /opt/airflow/dags/crawl_crypto_prices.py for tasks to queue
[2026-03-23T14:06:14.450+0000] {logging_mixin.py:188} INFO - [2026-03-23T14:06:14.450+0000] {dagbag.py:538} INFO - Filling up the DagBag from /opt/airflow/dags/crawl_crypto_prices.py
[2026-03-23T14:06:14.461+0000] {processor.py:840} INFO - DAG(s) 'crawl_crypto_prices' retrieved from /opt/airflow/dags/crawl_crypto_prices.py
[2026-03-23T14:06:14.478+0000] {logging_mixin.py:188} INFO - [2026-03-23T14:06:14.478+0000] {dag.py:3036} INFO - Sync 1 DAGs
[2026-03-23T14:06:14.487+0000] {logging_mixin.py:188} INFO - [2026-03-23T14:06:14.487+0000] {dag.py:3823} INFO - Setting next_dagrun for crawl_crypto_prices to 2026-03-23 14:00:00+00:00, run_after=2026-03-23 15:00:00+00:00
[2026-03-23T14:06:14.493+0000] {processor.py:183} INFO - Processing /opt/airflow/dags/crawl_crypto_prices.py took 0.047 seconds
[2026-03-23T14:06:44.798+0000] {processor.py:161} INFO - Started process (PID=11427) to work on /opt/airflow/dags/crawl_crypto_prices.py
[2026-03-23T14:06:44.800+0000] {processor.py:830} INFO - Processing file /opt/airflow/dags/crawl_crypto_prices.py for tasks to queue
[2026-03-23T14:06:44.801+0000] {logging_mixin.py:188} INFO - [2026-03-23T14:06:44.800+0000] {dagbag.py:538} INFO - Filling up the DagBag from /opt/airflow/dags/crawl_crypto_prices.py
[2026-03-23T14:06:44.812+0000] {processor.py:840} INFO - DAG(s) 'crawl_crypto_prices' retrieved from /opt/airflow/dags/crawl_crypto_prices.py
[2026-03-23T14:06:44.833+0000] {logging_mixin.py:188} INFO - [2026-03-23T14:06:44.833+0000] {dag.py:3036} INFO - Sync 1 DAGs
[2026-03-23T14:06:44.843+0000] {logging_mixin.py:188} INFO - [2026-03-23T14:06:44.843+0000] {dag.py:3823} INFO - Setting next_dagrun for crawl_crypto_prices to 2026-03-23 14:00:00+00:00, run_after=2026-03-23 15:00:00+00:00
[2026-03-23T14:06:44.849+0000] {processor.py:183} INFO - Processing /opt/airflow/dags/crawl_crypto_prices.py took 0.053 seconds
[2026-03-23T14:07:15.129+0000] {processor.py:161} INFO - Started process (PID=11432) to work on /opt/airflow/dags/crawl_crypto_prices.py
[2026-03-23T14:07:15.131+0000] {processor.py:830} INFO - Processing file /opt/airflow/dags/crawl_crypto_prices.py for tasks to queue
[2026-03-23T14:07:15.131+0000] {logging_mixin.py:188} INFO - [2026-03-23T14:07:15.131+0000] {dagbag.py:538} INFO - Filling up the DagBag from /opt/airflow/dags/crawl_crypto_prices.py
[2026-03-23T14:07:15.142+0000] {processor.py:840} INFO - DAG(s) 'crawl_crypto_prices' retrieved from /opt/airflow/dags/crawl_crypto_prices.py
[2026-03-23T14:07:15.162+0000] {logging_mixin.py:188} INFO - [2026-03-23T14:07:15.162+0000] {dag.py:3036} INFO - Sync 1 DAGs
[2026-03-23T14:07:15.173+0000] {logging_mixin.py:188} INFO - [2026-03-23T14:07:15.173+0000] {dag.py:3823} INFO - Setting next_dagrun for crawl_crypto_prices to 2026-03-23 14:00:00+00:00, run_after=2026-03-23 15:00:00+00:00
[2026-03-23T14:07:15.179+0000] {processor.py:183} INFO - Processing /opt/airflow/dags/crawl_crypto_prices.py took 0.053 seconds
[2026-03-23T14:07:45.450+0000] {processor.py:161} INFO - Started process (PID=11437) to work on /opt/airflow/dags/crawl_crypto_prices.py
[2026-03-23T14:07:45.451+0000] {processor.py:830} INFO - Processing file /opt/airflow/dags/crawl_crypto_prices.py for tasks to queue
[2026-03-23T14:07:45.451+0000] {logging_mixin.py:188} INFO - [2026-03-23T14:07:45.451+0000] {dagbag.py:538} INFO - Filling up the DagBag from /opt/airflow/dags/crawl_crypto_prices.py
[2026-03-23T14:07:45.462+0000] {processor.py:840} INFO - DAG(s) 'crawl_crypto_prices' retrieved from /opt/airflow/dags/crawl_crypto_prices.py
[2026-03-23T14:07:45.481+0000] {logging_mixin.py:188} INFO - [2026-03-23T14:07:45.480+0000] {dag.py:3036} INFO - Sync 1 DAGs
[2026-03-23T14:07:45.490+0000] {logging_mixin.py:188} INFO - [2026-03-23T14:07:45.490+0000] {dag.py:3823} INFO - Setting next_dagrun for crawl_crypto_prices to 2026-03-23 14:00:00+00:00, run_after=2026-03-23 15:00:00+00:00
[2026-03-23T14:07:45.497+0000] {processor.py:183} INFO - Processing /opt/airflow/dags/crawl_crypto_prices.py took 0.050 seconds
[2026-03-23T14:08:15.751+0000] {processor.py:161} INFO - Started process (PID=11442) to work on /opt/airflow/dags/crawl_crypto_prices.py
[2026-03-23T14:08:15.752+0000] {processor.py:830} INFO - Processing file /opt/airflow/dags/crawl_crypto_prices.py for tasks to queue
[2026-03-23T14:08:15.753+0000] {logging_mixin.py:188} INFO - [2026-03-23T14:08:15.752+0000] {dagbag.py:538} INFO - Filling up the DagBag from /opt/airflow/dags/crawl_crypto_prices.py
[2026-03-23T14:08:15.764+0000] {processor.py:840} INFO - DAG(s) 'crawl_crypto_prices' retrieved from /opt/airflow/dags/crawl_crypto_prices.py
[2026-03-23T14:08:15.783+0000] {logging_mixin.py:188} INFO - [2026-03-23T14:08:15.783+0000] {dag.py:3036} INFO - Sync 1 DAGs
[2026-03-23T14:08:15.793+0000] {logging_mixin.py:188} INFO - [2026-03-23T14:08:15.793+0000] {dag.py:3823} INFO - Setting next_dagrun for crawl_crypto_prices to 2026-03-23 14:00:00+00:00, run_after=2026-03-23 15:00:00+00:00
[2026-03-23T14:08:15.801+0000] {processor.py:183} INFO - Processing /opt/airflow/dags/crawl_crypto_prices.py took 0.053 seconds
[2026-03-23T14:08:46.056+0000] {processor.py:161} INFO - Started process (PID=11447) to work on /opt/airflow/dags/crawl_crypto_prices.py
[2026-03-23T14:08:46.057+0000] {processor.py:830} INFO - Processing file /opt/airflow/dags/crawl_crypto_prices.py for tasks to queue
[2026-03-23T14:08:46.058+0000] {logging_mixin.py:188} INFO - [2026-03-23T14:08:46.058+0000] {dagbag.py:538} INFO - Filling up the DagBag from /opt/airflow/dags/crawl_crypto_prices.py
[2026-03-23T14:08:46.069+0000] {processor.py:840} INFO - DAG(s) 'crawl_crypto_prices' retrieved from /opt/airflow/dags/crawl_crypto_prices.py
[2026-03-23T14:08:46.088+0000] {logging_mixin.py:188} INFO - [2026-03-23T14:08:46.088+0000] {dag.py:3036} INFO - Sync 1 DAGs
[2026-03-23T14:08:46.098+0000] {logging_mixin.py:188} INFO - [2026-03-23T14:08:46.098+0000] {dag.py:3823} INFO - Setting next_dagrun for crawl_crypto_prices to 2026-03-23 14:00:00+00:00, run_after=2026-03-23 15:00:00+00:00
[2026-03-23T14:08:46.104+0000] {processor.py:183} INFO - Processing /opt/airflow/dags/crawl_crypto_prices.py took 0.051 seconds
[2026-03-23T14:09:16.342+0000] {processor.py:161} INFO - Started process (PID=11452) to work on /opt/airflow/dags/crawl_crypto_prices.py
[2026-03-23T14:09:16.342+0000] {processor.py:830} INFO - Processing file /opt/airflow/dags/crawl_crypto_prices.py for tasks to queue
[2026-03-23T14:09:16.343+0000] {logging_mixin.py:188} INFO - [2026-03-23T14:09:16.343+0000] {dagbag.py:538} INFO - Filling up the DagBag from /opt/airflow/dags/crawl_crypto_prices.py
[2026-03-23T14:09:16.351+0000] {processor.py:840} INFO - DAG(s) 'crawl_crypto_prices' retrieved from /opt/airflow/dags/crawl_crypto_prices.py
[2026-03-23T14:09:16.363+0000] {logging_mixin.py:188} INFO - [2026-03-23T14:09:16.363+0000] {dag.py:3036} INFO - Sync 1 DAGs
[2026-03-23T14:09:16.373+0000] {logging_mixin.py:188} INFO - [2026-03-23T14:09:16.373+0000] {dag.py:3823} INFO - Setting next_dagrun for crawl_crypto_prices to 2026-03-23 14:00:00+00:00, run_after=2026-03-23 15:00:00+00:00
[2026-03-23T14:09:16.378+0000] {processor.py:183} INFO - Processing /opt/airflow/dags/crawl_crypto_prices.py took 0.039 seconds
[2026-03-23T14:09:46.622+0000] {processor.py:161} INFO - Started process (PID=11457) to work on /opt/airflow/dags/crawl_crypto_prices.py
[2026-03-23T14:09:46.623+0000] {processor.py:830} INFO - Processing file /opt/airflow/dags/crawl_crypto_prices.py for tasks to queue
[2026-03-23T14:09:46.624+0000] {logging_mixin.py:188} INFO - [2026-03-23T14:09:46.623+0000] {dagbag.py:538} INFO - Filling up the DagBag from /opt/airflow/dags/crawl_crypto_prices.py
[2026-03-23T14:09:46.633+0000] {processor.py:840} INFO - DAG(s) 'crawl_crypto_prices' retrieved from /opt/airflow/dags/crawl_crypto_prices.py
[2026-03-23T14:09:46.650+0000] {logging_mixin.py:188} INFO - [2026-03-23T14:09:46.650+0000] {dag.py:3036} INFO - Sync 1 DAGs
[2026-03-23T14:09:46.659+0000] {logging_mixin.py:188} INFO - [2026-03-23T14:09:46.659+0000] {dag.py:3823} INFO - Setting next_dagrun for crawl_crypto_prices to 2026-03-23 14:00:00+00:00, run_after=2026-03-23 15:00:00+00:00
[2026-03-23T14:09:46.665+0000] {processor.py:183} INFO - Processing /opt/airflow/dags/crawl_crypto_prices.py took 0.045 seconds
[2026-03-23T14:10:16.912+0000] {processor.py:161} INFO - Started process (PID=11462) to work on /opt/airflow/dags/crawl_crypto_prices.py
[2026-03-23T14:10:16.913+0000] {processor.py:830} INFO - Processing file /opt/airflow/dags/crawl_crypto_prices.py for tasks to queue
[2026-03-23T14:10:16.913+0000] {logging_mixin.py:188} INFO - [2026-03-23T14:10:16.913+0000] {dagbag.py:538} INFO - Filling up the DagBag from /opt/airflow/dags/crawl_crypto_prices.py
[2026-03-23T14:10:16.924+0000] {processor.py:840} INFO - DAG(s) 'crawl_crypto_prices' retrieved from /opt/airflow/dags/crawl_crypto_prices.py
[2026-03-23T14:10:16.941+0000] {logging_mixin.py:188} INFO - [2026-03-23T14:10:16.941+0000] {dag.py:3036} INFO - Sync 1 DAGs
[2026-03-23T14:10:16.951+0000] {logging_mixin.py:188} INFO - [2026-03-23T14:10:16.951+0000] {dag.py:3823} INFO - Setting next_dagrun for crawl_crypto_prices to 2026-03-23 14:00:00+00:00, run_after=2026-03-23 15:00:00+00:00
[2026-03-23T14:10:16.957+0000] {processor.py:183} INFO - Processing /opt/airflow/dags/crawl_crypto_prices.py took 0.048 seconds
[2026-03-23T14:10:47.193+0000] {processor.py:161} INFO - Started process (PID=11467) to work on /opt/airflow/dags/crawl_crypto_prices.py
[2026-03-23T14:10:47.194+0000] {processor.py:830} INFO - Processing file /opt/airflow/dags/crawl_crypto_prices.py for tasks to queue
[2026-03-23T14:10:47.195+0000] {logging_mixin.py:188} INFO - [2026-03-23T14:10:47.194+0000] {dagbag.py:538} INFO - Filling up the DagBag from /opt/airflow/dags/crawl_crypto_prices.py
[2026-03-23T14:10:47.205+0000] {processor.py:840} INFO - DAG(s) 'crawl_crypto_prices' retrieved from /opt/airflow/dags/crawl_crypto_prices.py
[2026-03-23T14:10:47.223+0000] {logging_mixin.py:188} INFO - [2026-03-23T14:10:47.223+0000] {dag.py:3036} INFO - Sync 1 DAGs
[2026-03-23T14:10:47.233+0000] {logging_mixin.py:188} INFO - [2026-03-23T14:10:47.233+0000] {dag.py:3823} INFO - Setting next_dagrun for crawl_crypto_prices to 2026-03-23 14:00:00+00:00, run_after=2026-03-23 15:00:00+00:00
[2026-03-23T14:10:47.239+0000] {processor.py:183} INFO - Processing /opt/airflow/dags/crawl_crypto_prices.py took 0.049 seconds
[2026-03-23T14:11:17.526+0000] {processor.py:161} INFO - Started process (PID=11472) to work on /opt/airflow/dags/crawl_crypto_prices.py
[2026-03-23T14:11:17.527+0000] {processor.py:830} INFO - Processing file /opt/airflow/dags/crawl_crypto_prices.py for tasks to queue
[2026-03-23T14:11:17.528+0000] {logging_mixin.py:188} INFO - [2026-03-23T14:11:17.528+0000] {dagbag.py:538} INFO - Filling up the DagBag from /opt/airflow/dags/crawl_crypto_prices.py
[2026-03-23T14:11:17.539+0000] {processor.py:840} INFO - DAG(s) 'crawl_crypto_prices' retrieved from /opt/airflow/dags/crawl_crypto_prices.py
[2026-03-23T14:11:17.557+0000] {logging_mixin.py:188} INFO - [2026-03-23T14:11:17.557+0000] {dag.py:3036} INFO - Sync 1 DAGs
[2026-03-23T14:11:17.567+0000] {logging_mixin.py:188} INFO - [2026-03-23T14:11:17.567+0000] {dag.py:3823} INFO - Setting next_dagrun for crawl_crypto_prices to 2026-03-23 14:00:00+00:00, run_after=2026-03-23 15:00:00+00:00
[2026-03-23T14:11:17.574+0000] {processor.py:183} INFO - Processing /opt/airflow/dags/crawl_crypto_prices.py took 0.051 seconds
[2026-03-23T14:11:47.832+0000] {processor.py:161} INFO - Started process (PID=11477) to work on /opt/airflow/dags/crawl_crypto_prices.py
[2026-03-23T14:11:47.833+0000] {processor.py:830} INFO - Processing file /opt/airflow/dags/crawl_crypto_prices.py for tasks to queue
[2026-03-23T14:11:47.834+0000] {logging_mixin.py:188} INFO - [2026-03-23T14:11:47.833+0000] {dagbag.py:538} INFO - Filling up the DagBag from /opt/airflow/dags/crawl_crypto_prices.py
[2026-03-23T14:11:47.845+0000] {processor.py:840} INFO - DAG(s) 'crawl_crypto_prices' retrieved from /opt/airflow/dags/crawl_crypto_prices.py
[2026-03-23T14:11:47.864+0000] {logging_mixin.py:188} INFO - [2026-03-23T14:11:47.864+0000] {dag.py:3036} INFO - Sync 1 DAGs
[2026-03-23T14:11:47.875+0000] {logging_mixin.py:188} INFO - [2026-03-23T14:11:47.875+0000] {dag.py:3823} INFO - Setting next_dagrun for crawl_crypto_prices to 2026-03-23 14:00:00+00:00, run_after=2026-03-23 15:00:00+00:00
[2026-03-23T14:11:47.881+0000] {processor.py:183} INFO - Processing /opt/airflow/dags/crawl_crypto_prices.py took 0.053 seconds
[2026-03-23T14:12:18.133+0000] {processor.py:161} INFO - Started process (PID=11482) to work on /opt/airflow/dags/crawl_crypto_prices.py
[2026-03-23T14:12:18.134+0000] {processor.py:830} INFO - Processing file /opt/airflow/dags/crawl_crypto_prices.py for tasks to queue
[2026-03-23T14:12:18.134+0000] {logging_mixin.py:188} INFO - [2026-03-23T14:12:18.134+0000] {dagbag.py:538} INFO - Filling up the DagBag from /opt/airflow/dags/crawl_crypto_prices.py
[2026-03-23T14:12:18.144+0000] {processor.py:840} INFO - DAG(s) 'crawl_crypto_prices' retrieved from /opt/airflow/dags/crawl_crypto_prices.py
[2026-03-23T14:12:18.162+0000] {logging_mixin.py:188} INFO - [2026-03-23T14:12:18.162+0000] {dag.py:3036} INFO - Sync 1 DAGs
[2026-03-23T14:12:18.171+0000] {logging_mixin.py:188} INFO - [2026-03-23T14:12:18.171+0000] {dag.py:3823} INFO - Setting next_dagrun for crawl_crypto_prices to 2026-03-23 14:00:00+00:00, run_after=2026-03-23 15:00:00+00:00
[2026-03-23T14:12:18.178+0000] {processor.py:183} INFO - Processing /opt/airflow/dags/crawl_crypto_prices.py took 0.048 seconds
[2026-03-23T14:12:48.510+0000] {processor.py:161} INFO - Started process (PID=11487) to work on /opt/airflow/dags/crawl_crypto_prices.py
[2026-03-23T14:12:48.511+0000] {processor.py:830} INFO - Processing file /opt/airflow/dags/crawl_crypto_prices.py for tasks to queue
[2026-03-23T14:12:48.512+0000] {logging_mixin.py:188} INFO - [2026-03-23T14:12:48.511+0000] {dagbag.py:538} INFO - Filling up the DagBag from /opt/airflow/dags/crawl_crypto_prices.py
[2026-03-23T14:12:48.528+0000] {processor.py:840} INFO - DAG(s) 'crawl_crypto_prices' retrieved from /opt/airflow/dags/crawl_crypto_prices.py
[2026-03-23T14:12:48.548+0000] {logging_mixin.py:188} INFO - [2026-03-23T14:12:48.548+0000] {dag.py:3036} INFO - Sync 1 DAGs
[2026-03-23T14:12:48.559+0000] {logging_mixin.py:188} INFO - [2026-03-23T14:12:48.559+0000] {dag.py:3823} INFO - Setting next_dagrun for crawl_crypto_prices to 2026-03-23 14:00:00+00:00, run_after=2026-03-23 15:00:00+00:00
[2026-03-23T14:12:48.567+0000] {processor.py:183} INFO - Processing /opt/airflow/dags/crawl_crypto_prices.py took 0.061 seconds
[2026-03-23T14:18:00.569+0000] {processor.py:161} INFO - Started process (PID=11494) to work on /opt/airflow/dags/crawl_crypto_prices.py
[2026-03-23T14:18:00.570+0000] {processor.py:830} INFO - Processing file /opt/airflow/dags/crawl_crypto_prices.py for tasks to queue
[2026-03-23T14:18:00.571+0000] {logging_mixin.py:188} INFO - [2026-03-23T14:18:00.571+0000] {dagbag.py:538} INFO - Filling up the DagBag from /opt/airflow/dags/crawl_crypto_prices.py
[2026-03-23T14:18:00.589+0000] {processor.py:840} INFO - DAG(s) 'crawl_crypto_prices' retrieved from /opt/airflow/dags/crawl_crypto_prices.py
[2026-03-23T14:18:00.615+0000] {logging_mixin.py:188} INFO - [2026-03-23T14:18:00.615+0000] {dag.py:3036} INFO - Sync 1 DAGs
[2026-03-23T14:18:00.635+0000] {logging_mixin.py:188} INFO - [2026-03-23T14:18:00.635+0000] {dag.py:3823} INFO - Setting next_dagrun for crawl_crypto_prices to 2026-03-23 14:00:00+00:00, run_after=2026-03-23 15:00:00+00:00
[2026-03-23T14:18:00.649+0000] {processor.py:183} INFO - Processing /opt/airflow/dags/crawl_crypto_prices.py took 0.084 seconds
[2026-03-23T14:18:30.905+0000] {processor.py:161} INFO - Started process (PID=11499) to work on /opt/airflow/dags/crawl_crypto_prices.py
[2026-03-23T14:18:30.906+0000] {processor.py:830} INFO - Processing file /opt/airflow/dags/crawl_crypto_prices.py for tasks to queue
[2026-03-23T14:18:30.907+0000] {logging_mixin.py:188} INFO - [2026-03-23T14:18:30.907+0000] {dagbag.py:538} INFO - Filling up the DagBag from /opt/airflow/dags/crawl_crypto_prices.py
[2026-03-23T14:18:30.919+0000] {processor.py:840} INFO - DAG(s) 'crawl_crypto_prices' retrieved from /opt/airflow/dags/crawl_crypto_prices.py
[2026-03-23T14:18:30.938+0000] {logging_mixin.py:188} INFO - [2026-03-23T14:18:30.937+0000] {dag.py:3036} INFO - Sync 1 DAGs
[2026-03-23T14:18:30.948+0000] {logging_mixin.py:188} INFO - [2026-03-23T14:18:30.948+0000] {dag.py:3823} INFO - Setting next_dagrun for crawl_crypto_prices to 2026-03-23 14:00:00+00:00, run_after=2026-03-23 15:00:00+00:00
[2026-03-23T14:18:30.954+0000] {processor.py:183} INFO - Processing /opt/airflow/dags/crawl_crypto_prices.py took 0.052 seconds
[2026-03-23T14:19:01.231+0000] {processor.py:161} INFO - Started process (PID=11504) to work on /opt/airflow/dags/crawl_crypto_prices.py
[2026-03-23T14:19:01.232+0000] {processor.py:830} INFO - Processing file /opt/airflow/dags/crawl_crypto_prices.py for tasks to queue
[2026-03-23T14:19:01.233+0000] {logging_mixin.py:188} INFO - [2026-03-23T14:19:01.232+0000] {dagbag.py:538} INFO - Filling up the DagBag from /opt/airflow/dags/crawl_crypto_prices.py
[2026-03-23T14:19:01.245+0000] {processor.py:840} INFO - DAG(s) 'crawl_crypto_prices' retrieved from /opt/airflow/dags/crawl_crypto_prices.py
[2026-03-23T14:19:01.263+0000] {logging_mixin.py:188} INFO - [2026-03-23T14:19:01.263+0000] {dag.py:3036} INFO - Sync 1 DAGs
[2026-03-23T14:19:01.273+0000] {logging_mixin.py:188} INFO - [2026-03-23T14:19:01.273+0000] {dag.py:3823} INFO - Setting next_dagrun for crawl_crypto_prices to 2026-03-23 14:00:00+00:00, run_after=2026-03-23 15:00:00+00:00
[2026-03-23T14:19:01.280+0000] {processor.py:183} INFO - Processing /opt/airflow/dags/crawl_crypto_prices.py took 0.052 seconds
[2026-03-23T14:19:31.499+0000] {processor.py:161} INFO - Started process (PID=11509) to work on /opt/airflow/dags/crawl_crypto_prices.py
[2026-03-23T14:19:31.502+0000] {processor.py:830} INFO - Processing file /opt/airflow/dags/crawl_crypto_prices.py for tasks to queue
[2026-03-23T14:19:31.503+0000] {logging_mixin.py:188} INFO - [2026-03-23T14:19:31.502+0000] {dagbag.py:538} INFO - Filling up the DagBag from /opt/airflow/dags/crawl_crypto_prices.py
[2026-03-23T14:19:31.517+0000] {processor.py:840} INFO - DAG(s) 'crawl_crypto_prices' retrieved from /opt/airflow/dags/crawl_crypto_prices.py
[2026-03-23T14:19:31.536+0000] {logging_mixin.py:188} INFO - [2026-03-23T14:19:31.536+0000] {dag.py:3036} INFO - Sync 1 DAGs
[2026-03-23T14:19:31.546+0000] {logging_mixin.py:188} INFO - [2026-03-23T14:19:31.546+0000] {dag.py:3823} INFO - Setting next_dagrun for crawl_crypto_prices to 2026-03-23 14:00:00+00:00, run_after=2026-03-23 15:00:00+00:00
[2026-03-23T14:19:31.552+0000] {processor.py:183} INFO - Processing /opt/airflow/dags/crawl_crypto_prices.py took 0.057 seconds
[2026-03-23T14:20:01.838+0000] {processor.py:161} INFO - Started process (PID=11514) to work on /opt/airflow/dags/crawl_crypto_prices.py
[2026-03-23T14:20:01.839+0000] {processor.py:830} INFO - Processing file /opt/airflow/dags/crawl_crypto_prices.py for tasks to queue
[2026-03-23T14:20:01.840+0000] {logging_mixin.py:188} INFO - [2026-03-23T14:20:01.840+0000] {dagbag.py:538} INFO - Filling up the DagBag from /opt/airflow/dags/crawl_crypto_prices.py
[2026-03-23T14:20:01.851+0000] {processor.py:840} INFO - DAG(s) 'crawl_crypto_prices' retrieved from /opt/airflow/dags/crawl_crypto_prices.py
[2026-03-23T14:20:01.868+0000] {logging_mixin.py:188} INFO - [2026-03-23T14:20:01.868+0000] {dag.py:3036} INFO - Sync 1 DAGs
[2026-03-23T14:20:01.877+0000] {logging_mixin.py:188} INFO - [2026-03-23T14:20:01.877+0000] {dag.py:3823} INFO - Setting next_dagrun for crawl_crypto_prices to 2026-03-23 14:00:00+00:00, run_after=2026-03-23 15:00:00+00:00
[2026-03-23T14:20:01.883+0000] {processor.py:183} INFO - Processing /opt/airflow/dags/crawl_crypto_prices.py took 0.048 seconds
[2026-03-23T14:20:32.142+0000] {processor.py:161} INFO - Started process (PID=11519) to work on /opt/airflow/dags/crawl_crypto_prices.py
[2026-03-23T14:20:32.143+0000] {processor.py:830} INFO - Processing file /opt/airflow/dags/crawl_crypto_prices.py for tasks to queue
[2026-03-23T14:20:32.144+0000] {logging_mixin.py:188} INFO - [2026-03-23T14:20:32.144+0000] {dagbag.py:538} INFO - Filling up the DagBag from /opt/airflow/dags/crawl_crypto_prices.py
[2026-03-23T14:20:32.154+0000] {processor.py:840} INFO - DAG(s) 'crawl_crypto_prices' retrieved from /opt/airflow/dags/crawl_crypto_prices.py
[2026-03-23T14:20:32.171+0000] {logging_mixin.py:188} INFO - [2026-03-23T14:20:32.171+0000] {dag.py:3036} INFO - Sync 1 DAGs
[2026-03-23T14:20:32.180+0000] {logging_mixin.py:188} INFO - [2026-03-23T14:20:32.180+0000] {dag.py:3823} INFO - Setting next_dagrun for crawl_crypto_prices to 2026-03-23 14:00:00+00:00, run_after=2026-03-23 15:00:00+00:00
[2026-03-23T14:20:32.186+0000] {processor.py:183} INFO - Processing /opt/airflow/dags/crawl_crypto_prices.py took 0.046 seconds
[2026-03-23T14:21:02.492+0000] {processor.py:161} INFO - Started process (PID=11524) to work on /opt/airflow/dags/crawl_crypto_prices.py
[2026-03-23T14:21:02.493+0000] {processor.py:830} INFO - Processing file /opt/airflow/dags/crawl_crypto_prices.py for tasks to queue
[2026-03-23T14:21:02.494+0000] {logging_mixin.py:188} INFO - [2026-03-23T14:21:02.493+0000] {dagbag.py:538} INFO - Filling up the DagBag from /opt/airflow/dags/crawl_crypto_prices.py
[2026-03-23T14:21:02.505+0000] {processor.py:840} INFO - DAG(s) 'crawl_crypto_prices' retrieved from /opt/airflow/dags/crawl_crypto_prices.py
[2026-03-23T14:21:02.527+0000] {logging_mixin.py:188} INFO - [2026-03-23T14:21:02.527+0000] {dag.py:3036} INFO - Sync 1 DAGs
[2026-03-23T14:21:02.538+0000] {logging_mixin.py:188} INFO - [2026-03-23T14:21:02.538+0000] {dag.py:3823} INFO - Setting next_dagrun for crawl_crypto_prices to 2026-03-23 14:00:00+00:00, run_after=2026-03-23 15:00:00+00:00
[2026-03-23T14:21:02.545+0000] {processor.py:183} INFO - Processing /opt/airflow/dags/crawl_crypto_prices.py took 0.056 seconds
[2026-03-23T14:21:32.815+0000] {processor.py:161} INFO - Started process (PID=11529) to work on /opt/airflow/dags/crawl_crypto_prices.py
[2026-03-23T14:21:32.817+0000] {processor.py:830} INFO - Processing file /opt/airflow/dags/crawl_crypto_prices.py for tasks to queue
[2026-03-23T14:21:32.818+0000] {logging_mixin.py:188} INFO - [2026-03-23T14:21:32.817+0000] {dagbag.py:538} INFO - Filling up the DagBag from /opt/airflow/dags/crawl_crypto_prices.py
[2026-03-23T14:21:32.830+0000] {processor.py:840} INFO - DAG(s) 'crawl_crypto_prices' retrieved from /opt/airflow/dags/crawl_crypto_prices.py
[2026-03-23T14:21:32.849+0000] {logging_mixin.py:188} INFO - [2026-03-23T14:21:32.848+0000] {dag.py:3036} INFO - Sync 1 DAGs
[2026-03-23T14:21:32.860+0000] {logging_mixin.py:188} INFO - [2026-03-23T14:21:32.860+0000] {dag.py:3823} INFO - Setting next_dagrun for crawl_crypto_prices to 2026-03-23 14:00:00+00:00, run_after=2026-03-23 15:00:00+00:00
[2026-03-23T14:21:32.867+0000] {processor.py:183} INFO - Processing /opt/airflow/dags/crawl_crypto_prices.py took 0.056 seconds
[2026-03-23T14:22:03.119+0000] {processor.py:161} INFO - Started process (PID=11534) to work on /opt/airflow/dags/crawl_crypto_prices.py
[2026-03-23T14:22:03.120+0000] {processor.py:830} INFO - Processing file /opt/airflow/dags/crawl_crypto_prices.py for tasks to queue
[2026-03-23T14:22:03.120+0000] {logging_mixin.py:188} INFO - [2026-03-23T14:22:03.120+0000] {dagbag.py:538} INFO - Filling up the DagBag from /opt/airflow/dags/crawl_crypto_prices.py
[2026-03-23T14:22:03.132+0000] {processor.py:840} INFO - DAG(s) 'crawl_crypto_prices' retrieved from /opt/airflow/dags/crawl_crypto_prices.py
[2026-03-23T14:22:03.146+0000] {logging_mixin.py:188} INFO - [2026-03-23T14:22:03.146+0000] {dag.py:3036} INFO - Sync 1 DAGs
[2026-03-23T14:22:03.156+0000] {logging_mixin.py:188} INFO - [2026-03-23T14:22:03.156+0000] {dag.py:3823} INFO - Setting next_dagrun for crawl_crypto_prices to 2026-03-23 14:00:00+00:00, run_after=2026-03-23 15:00:00+00:00
[2026-03-23T14:22:03.163+0000] {processor.py:183} INFO - Processing /opt/airflow/dags/crawl_crypto_prices.py took 0.048 seconds
[2026-03-23T15:44:58.192+0000] {processor.py:161} INFO - Started process (PID=11539) to work on /opt/airflow/dags/crawl_crypto_prices.py
[2026-03-23T15:44:58.193+0000] {processor.py:830} INFO - Processing file /opt/airflow/dags/crawl_crypto_prices.py for tasks to queue
[2026-03-23T15:44:58.194+0000] {logging_mixin.py:188} INFO - [2026-03-23T15:44:58.193+0000] {dagbag.py:538} INFO - Filling up the DagBag from /opt/airflow/dags/crawl_crypto_prices.py
[2026-03-23T15:44:58.204+0000] {processor.py:840} INFO - DAG(s) 'crawl_crypto_prices' retrieved from /opt/airflow/dags/crawl_crypto_prices.py
[2026-03-23T15:44:58.230+0000] {logging_mixin.py:188} INFO - [2026-03-23T15:44:58.230+0000] {dag.py:3036} INFO - Sync 1 DAGs
[2026-03-23T15:44:58.248+0000] {logging_mixin.py:188} INFO - [2026-03-23T15:44:58.248+0000] {dag.py:3823} INFO - Setting next_dagrun for crawl_crypto_prices to 2026-03-23 15:00:00+00:00, run_after=2026-03-23 16:00:00+00:00
[2026-03-23T15:44:58.257+0000] {processor.py:183} INFO - Processing /opt/airflow/dags/crawl_crypto_prices.py took 0.066 seconds
[2026-03-23T16:49:12.390+0000] {processor.py:161} INFO - Started process (PID=11548) to work on /opt/airflow/dags/crawl_crypto_prices.py
[2026-03-23T16:49:12.391+0000] {processor.py:830} INFO - Processing file /opt/airflow/dags/crawl_crypto_prices.py for tasks to queue
[2026-03-23T16:49:12.393+0000] {logging_mixin.py:188} INFO - [2026-03-23T16:49:12.392+0000] {dagbag.py:538} INFO - Filling up the DagBag from /opt/airflow/dags/crawl_crypto_prices.py
[2026-03-23T16:49:12.414+0000] {processor.py:840} INFO - DAG(s) 'crawl_crypto_prices' retrieved from /opt/airflow/dags/crawl_crypto_prices.py
[2026-03-23T16:49:12.442+0000] {logging_mixin.py:188} INFO - [2026-03-23T16:49:12.442+0000] {dag.py:3036} INFO - Sync 1 DAGs
[2026-03-23T16:49:12.473+0000] {logging_mixin.py:188} INFO - [2026-03-23T16:49:12.473+0000] {dag.py:3823} INFO - Setting next_dagrun for crawl_crypto_prices to 2026-03-23 16:00:00+00:00, run_after=2026-03-23 17:00:00+00:00
[2026-03-23T16:49:12.498+0000] {processor.py:183} INFO - Processing /opt/airflow/dags/crawl_crypto_prices.py took 0.117 seconds
[2026-03-23T17:59:20.393+0000] {processor.py:161} INFO - Started process (PID=11560) to work on /opt/airflow/dags/crawl_crypto_prices.py
[2026-03-23T17:59:20.394+0000] {processor.py:830} INFO - Processing file /opt/airflow/dags/crawl_crypto_prices.py for tasks to queue
[2026-03-23T17:59:20.394+0000] {logging_mixin.py:188} INFO - [2026-03-23T17:59:20.394+0000] {dagbag.py:538} INFO - Filling up the DagBag from /opt/airflow/dags/crawl_crypto_prices.py
[2026-03-23T17:59:20.402+0000] {processor.py:840} INFO - DAG(s) 'crawl_crypto_prices' retrieved from /opt/airflow/dags/crawl_crypto_prices.py
[2026-03-23T17:59:20.418+0000] {logging_mixin.py:188} INFO - [2026-03-23T17:59:20.418+0000] {dag.py:3036} INFO - Sync 1 DAGs
[2026-03-23T17:59:20.428+0000] {logging_mixin.py:188} INFO - [2026-03-23T17:59:20.428+0000] {dag.py:3823} INFO - Setting next_dagrun for crawl_crypto_prices to 2026-03-23 17:00:00+00:00, run_after=2026-03-23 18:00:00+00:00
[2026-03-23T17:59:20.437+0000] {processor.py:183} INFO - Processing /opt/airflow/dags/crawl_crypto_prices.py took 0.046 seconds
[2026-03-23T19:33:54.099+0000] {processor.py:161} INFO - Started process (PID=11572) to work on /opt/airflow/dags/crawl_crypto_prices.py
[2026-03-23T19:33:54.100+0000] {processor.py:830} INFO - Processing file /opt/airflow/dags/crawl_crypto_prices.py for tasks to queue
[2026-03-23T19:33:54.101+0000] {logging_mixin.py:188} INFO - [2026-03-23T19:33:54.101+0000] {dagbag.py:538} INFO - Filling up the DagBag from /opt/airflow/dags/crawl_crypto_prices.py
[2026-03-23T19:33:54.116+0000] {processor.py:840} INFO - DAG(s) 'crawl_crypto_prices' retrieved from /opt/airflow/dags/crawl_crypto_prices.py
[2026-03-23T19:33:54.144+0000] {logging_mixin.py:188} INFO - [2026-03-23T19:33:54.144+0000] {dag.py:3036} INFO - Sync 1 DAGs
[2026-03-23T19:33:54.168+0000] {logging_mixin.py:188} INFO - [2026-03-23T19:33:54.167+0000] {dag.py:3823} INFO - Setting next_dagrun for crawl_crypto_prices to 2026-03-23 19:00:00+00:00, run_after=2026-03-23 20:00:00+00:00
[2026-03-23T19:33:54.189+0000] {processor.py:183} INFO - Processing /opt/airflow/dags/crawl_crypto_prices.py took 0.093 seconds
[2026-03-23T20:56:58.980+0000] {processor.py:161} INFO - Started process (PID=11581) to work on /opt/airflow/dags/crawl_crypto_prices.py
[2026-03-23T20:56:58.982+0000] {processor.py:830} INFO - Processing file /opt/airflow/dags/crawl_crypto_prices.py for tasks to queue
[2026-03-23T20:56:58.983+0000] {logging_mixin.py:188} INFO - [2026-03-23T20:56:58.982+0000] {dagbag.py:538} INFO - Filling up the DagBag from /opt/airflow/dags/crawl_crypto_prices.py
[2026-03-23T20:56:58.996+0000] {processor.py:840} INFO - DAG(s) 'crawl_crypto_prices' retrieved from /opt/airflow/dags/crawl_crypto_prices.py
[2026-03-23T20:56:59.013+0000] {logging_mixin.py:188} INFO - [2026-03-23T20:56:59.013+0000] {dag.py:3036} INFO - Sync 1 DAGs
[2026-03-23T20:56:59.024+0000] {logging_mixin.py:188} INFO - [2026-03-23T20:56:59.024+0000] {dag.py:3823} INFO - Setting next_dagrun for crawl_crypto_prices to 2026-03-23 19:00:00+00:00, run_after=2026-03-23 20:00:00+00:00
[2026-03-23T20:56:59.031+0000] {processor.py:183} INFO - Processing /opt/airflow/dags/crawl_crypto_prices.py took 0.055 seconds
[2026-03-23T22:13:03.895+0000] {processor.py:161} INFO - Started process (PID=11590) to work on /opt/airflow/dags/crawl_crypto_prices.py
[2026-03-23T22:13:03.896+0000] {processor.py:830} INFO - Processing file /opt/airflow/dags/crawl_crypto_prices.py for tasks to queue
[2026-03-23T22:13:03.897+0000] {logging_mixin.py:188} INFO - [2026-03-23T22:13:03.897+0000] {dagbag.py:538} INFO - Filling up the DagBag from /opt/airflow/dags/crawl_crypto_prices.py
[2026-03-23T22:13:03.914+0000] {processor.py:840} INFO - DAG(s) 'crawl_crypto_prices' retrieved from /opt/airflow/dags/crawl_crypto_prices.py
[2026-03-23T22:13:03.946+0000] {logging_mixin.py:188} INFO - [2026-03-23T22:13:03.945+0000] {dag.py:3036} INFO - Sync 1 DAGs
[2026-03-23T22:13:03.983+0000] {logging_mixin.py:188} INFO - [2026-03-23T22:13:03.983+0000] {dag.py:3823} INFO - Setting next_dagrun for crawl_crypto_prices to 2026-03-23 22:00:00+00:00, run_after=2026-03-23 23:00:00+00:00
[2026-03-23T22:13:04.011+0000] {processor.py:183} INFO - Processing /opt/airflow/dags/crawl_crypto_prices.py took 0.119 seconds
[2026-03-23T23:22:47.108+0000] {processor.py:161} INFO - Started process (PID=11604) to work on /opt/airflow/dags/crawl_crypto_prices.py
[2026-03-23T23:22:47.109+0000] {processor.py:830} INFO - Processing file /opt/airflow/dags/crawl_crypto_prices.py for tasks to queue
[2026-03-23T23:22:47.109+0000] {logging_mixin.py:188} INFO - [2026-03-23T23:22:47.109+0000] {dagbag.py:538} INFO - Filling up the DagBag from /opt/airflow/dags/crawl_crypto_prices.py
[2026-03-23T23:22:47.122+0000] {processor.py:840} INFO - DAG(s) 'crawl_crypto_prices' retrieved from /opt/airflow/dags/crawl_crypto_prices.py
[2026-03-23T23:22:47.144+0000] {logging_mixin.py:188} INFO - [2026-03-23T23:22:47.143+0000] {dag.py:3036} INFO - Sync 1 DAGs
[2026-03-23T23:22:47.156+0000] {logging_mixin.py:188} INFO - [2026-03-23T23:22:47.156+0000] {dag.py:3823} INFO - Setting next_dagrun for crawl_crypto_prices to 2026-03-23 22:00:00+00:00, run_after=2026-03-23 23:00:00+00:00
[2026-03-23T23:22:47.164+0000] {processor.py:183} INFO - Processing /opt/airflow/dags/crawl_crypto_prices.py took 0.058 seconds
