[2026-03-24T00:50:20.817+0000] {processor.py:161} INFO - Started process (PID=11616) to work on /opt/airflow/dags/crawl_crypto_prices.py
[2026-03-24T00:50:20.818+0000] {processor.py:830} INFO - Processing file /opt/airflow/dags/crawl_crypto_prices.py for tasks to queue
[2026-03-24T00:50:20.818+0000] {logging_mixin.py:188} INFO - [2026-03-24T00:50:20.818+0000] {dagbag.py:538} INFO - Filling up the DagBag from /opt/airflow/dags/crawl_crypto_prices.py
[2026-03-24T00:50:20.833+0000] {processor.py:840} INFO - DAG(s) 'crawl_crypto_prices' retrieved from /opt/airflow/dags/crawl_crypto_prices.py
[2026-03-24T00:50:20.856+0000] {logging_mixin.py:188} INFO - [2026-03-24T00:50:20.855+0000] {dag.py:3036} INFO - Sync 1 DAGs
[2026-03-24T00:50:20.876+0000] {logging_mixin.py:188} INFO - [2026-03-24T00:50:20.875+0000] {dag.py:3823} INFO - Setting next_dagrun for crawl_crypto_prices to 2026-03-24 00:00:00+00:00, run_after=2026-03-24 01:00:00+00:00
[2026-03-24T00:50:20.890+0000] {processor.py:183} INFO - Processing /opt/airflow/dags/crawl_crypto_prices.py took 0.076 seconds
[2026-03-24T01:07:18.891+0000] {processor.py:161} INFO - Started process (PID=11625) to work on /opt/airflow/dags/crawl_crypto_prices.py
[2026-03-24T01:07:18.892+0000] {processor.py:830} INFO - Processing file /opt/airflow/dags/crawl_crypto_prices.py for tasks to queue
[2026-03-24T01:07:18.892+0000] {logging_mixin.py:188} INFO - [2026-03-24T01:07:18.892+0000] {dagbag.py:538} INFO - Filling up the DagBag from /opt/airflow/dags/crawl_crypto_prices.py
[2026-03-24T01:07:18.908+0000] {processor.py:840} INFO - DAG(s) 'crawl_crypto_prices' retrieved from /opt/airflow/dags/crawl_crypto_prices.py
[2026-03-24T01:07:18.935+0000] {logging_mixin.py:188} INFO - [2026-03-24T01:07:18.935+0000] {dag.py:3036} INFO - Sync 1 DAGs
[2026-03-24T01:07:18.954+0000] {logging_mixin.py:188} INFO - [2026-03-24T01:07:18.953+0000] {dag.py:3823} INFO - Setting next_dagrun for crawl_crypto_prices to 2026-03-24 01:00:00+00:00, run_after=2026-03-24 02:00:00+00:00
[2026-03-24T01:07:18.967+0000] {processor.py:183} INFO - Processing /opt/airflow/dags/crawl_crypto_prices.py took 0.079 seconds
[2026-03-24T01:51:22.755+0000] {processor.py:161} INFO - Started process (PID=11632) to work on /opt/airflow/dags/crawl_crypto_prices.py
[2026-03-24T01:51:22.756+0000] {processor.py:830} INFO - Processing file /opt/airflow/dags/crawl_crypto_prices.py for tasks to queue
[2026-03-24T01:51:22.757+0000] {logging_mixin.py:188} INFO - [2026-03-24T01:51:22.756+0000] {dagbag.py:538} INFO - Filling up the DagBag from /opt/airflow/dags/crawl_crypto_prices.py
[2026-03-24T01:51:22.770+0000] {processor.py:840} INFO - DAG(s) 'crawl_crypto_prices' retrieved from /opt/airflow/dags/crawl_crypto_prices.py
[2026-03-24T01:51:22.798+0000] {logging_mixin.py:188} INFO - [2026-03-24T01:51:22.798+0000] {dag.py:3036} INFO - Sync 1 DAGs
[2026-03-24T01:51:22.816+0000] {logging_mixin.py:188} INFO - [2026-03-24T01:51:22.816+0000] {dag.py:3823} INFO - Setting next_dagrun for crawl_crypto_prices to 2026-03-24 01:00:00+00:00, run_after=2026-03-24 02:00:00+00:00
[2026-03-24T01:51:22.829+0000] {processor.py:183} INFO - Processing /opt/airflow/dags/crawl_crypto_prices.py took 0.079 seconds
[2026-03-24T01:54:06.435+0000] {processor.py:161} INFO - Started process (PID=11637) to work on /opt/airflow/dags/crawl_crypto_prices.py
[2026-03-24T01:54:06.436+0000] {processor.py:830} INFO - Processing file /opt/airflow/dags/crawl_crypto_prices.py for tasks to queue
[2026-03-24T01:54:06.437+0000] {logging_mixin.py:188} INFO - [2026-03-24T01:54:06.437+0000] {dagbag.py:538} INFO - Filling up the DagBag from /opt/airflow/dags/crawl_crypto_prices.py
[2026-03-24T01:54:06.465+0000] {processor.py:840} INFO - DAG(s) 'crawl_crypto_prices' retrieved from /opt/airflow/dags/crawl_crypto_prices.py
[2026-03-24T01:54:06.501+0000] {logging_mixin.py:188} INFO - [2026-03-24T01:54:06.500+0000] {dag.py:3036} INFO - Sync 1 DAGs
[2026-03-24T01:54:06.528+0000] {logging_mixin.py:188} INFO - [2026-03-24T01:54:06.528+0000] {dag.py:3823} INFO - Setting next_dagrun for crawl_crypto_prices to 2026-03-24 01:00:00+00:00, run_after=2026-03-24 02:00:00+00:00
[2026-03-24T01:54:06.549+0000] {processor.py:183} INFO - Processing /opt/airflow/dags/crawl_crypto_prices.py took 0.118 seconds
[2026-03-24T01:54:36.713+0000] {processor.py:161} INFO - Started process (PID=11642) to work on /opt/airflow/dags/crawl_crypto_prices.py
[2026-03-24T01:54:36.714+0000] {processor.py:830} INFO - Processing file /opt/airflow/dags/crawl_crypto_prices.py for tasks to queue
[2026-03-24T01:54:36.714+0000] {logging_mixin.py:188} INFO - [2026-03-24T01:54:36.714+0000] {dagbag.py:538} INFO - Filling up the DagBag from /opt/airflow/dags/crawl_crypto_prices.py
[2026-03-24T01:54:36.724+0000] {processor.py:840} INFO - DAG(s) 'crawl_crypto_prices' retrieved from /opt/airflow/dags/crawl_crypto_prices.py
[2026-03-24T01:54:36.739+0000] {logging_mixin.py:188} INFO - [2026-03-24T01:54:36.739+0000] {dag.py:3036} INFO - Sync 1 DAGs
[2026-03-24T01:54:36.749+0000] {logging_mixin.py:188} INFO - [2026-03-24T01:54:36.749+0000] {dag.py:3823} INFO - Setting next_dagrun for crawl_crypto_prices to 2026-03-24 01:00:00+00:00, run_after=2026-03-24 02:00:00+00:00
[2026-03-24T01:54:36.755+0000] {processor.py:183} INFO - Processing /opt/airflow/dags/crawl_crypto_prices.py took 0.046 seconds
[2026-03-24T01:55:07.047+0000] {processor.py:161} INFO - Started process (PID=11647) to work on /opt/airflow/dags/crawl_crypto_prices.py
[2026-03-24T01:55:07.048+0000] {processor.py:830} INFO - Processing file /opt/airflow/dags/crawl_crypto_prices.py for tasks to queue
[2026-03-24T01:55:07.049+0000] {logging_mixin.py:188} INFO - [2026-03-24T01:55:07.049+0000] {dagbag.py:538} INFO - Filling up the DagBag from /opt/airflow/dags/crawl_crypto_prices.py
[2026-03-24T01:55:07.062+0000] {processor.py:840} INFO - DAG(s) 'crawl_crypto_prices' retrieved from /opt/airflow/dags/crawl_crypto_prices.py
[2026-03-24T01:55:07.081+0000] {logging_mixin.py:188} INFO - [2026-03-24T01:55:07.081+0000] {dag.py:3036} INFO - Sync 1 DAGs
[2026-03-24T01:55:07.092+0000] {logging_mixin.py:188} INFO - [2026-03-24T01:55:07.091+0000] {dag.py:3823} INFO - Setting next_dagrun for crawl_crypto_prices to 2026-03-24 01:00:00+00:00, run_after=2026-03-24 02:00:00+00:00
[2026-03-24T01:55:07.098+0000] {processor.py:183} INFO - Processing /opt/airflow/dags/crawl_crypto_prices.py took 0.054 seconds
[2026-03-24T01:55:37.389+0000] {processor.py:161} INFO - Started process (PID=11652) to work on /opt/airflow/dags/crawl_crypto_prices.py
[2026-03-24T01:55:37.390+0000] {processor.py:830} INFO - Processing file /opt/airflow/dags/crawl_crypto_prices.py for tasks to queue
[2026-03-24T01:55:37.391+0000] {logging_mixin.py:188} INFO - [2026-03-24T01:55:37.391+0000] {dagbag.py:538} INFO - Filling up the DagBag from /opt/airflow/dags/crawl_crypto_prices.py
[2026-03-24T01:55:37.402+0000] {processor.py:840} INFO - DAG(s) 'crawl_crypto_prices' retrieved from /opt/airflow/dags/crawl_crypto_prices.py
[2026-03-24T01:55:37.423+0000] {logging_mixin.py:188} INFO - [2026-03-24T01:55:37.422+0000] {dag.py:3036} INFO - Sync 1 DAGs
[2026-03-24T01:55:37.433+0000] {logging_mixin.py:188} INFO - [2026-03-24T01:55:37.433+0000] {dag.py:3823} INFO - Setting next_dagrun for crawl_crypto_prices to 2026-03-24 01:00:00+00:00, run_after=2026-03-24 02:00:00+00:00
[2026-03-24T01:55:37.440+0000] {processor.py:183} INFO - Processing /opt/airflow/dags/crawl_crypto_prices.py took 0.055 seconds
[2026-03-24T01:56:07.740+0000] {processor.py:161} INFO - Started process (PID=11657) to work on /opt/airflow/dags/crawl_crypto_prices.py
[2026-03-24T01:56:07.742+0000] {processor.py:830} INFO - Processing file /opt/airflow/dags/crawl_crypto_prices.py for tasks to queue
[2026-03-24T01:56:07.742+0000] {logging_mixin.py:188} INFO - [2026-03-24T01:56:07.742+0000] {dagbag.py:538} INFO - Filling up the DagBag from /opt/airflow/dags/crawl_crypto_prices.py
[2026-03-24T01:56:07.753+0000] {processor.py:840} INFO - DAG(s) 'crawl_crypto_prices' retrieved from /opt/airflow/dags/crawl_crypto_prices.py
[2026-03-24T01:56:07.766+0000] {logging_mixin.py:188} INFO - [2026-03-24T01:56:07.766+0000] {dag.py:3036} INFO - Sync 1 DAGs
[2026-03-24T01:56:07.775+0000] {logging_mixin.py:188} INFO - [2026-03-24T01:56:07.775+0000] {dag.py:3823} INFO - Setting next_dagrun for crawl_crypto_prices to 2026-03-24 01:00:00+00:00, run_after=2026-03-24 02:00:00+00:00
[2026-03-24T01:56:07.783+0000] {processor.py:183} INFO - Processing /opt/airflow/dags/crawl_crypto_prices.py took 0.048 seconds
[2026-03-24T01:56:38.047+0000] {processor.py:161} INFO - Started process (PID=11662) to work on /opt/airflow/dags/crawl_crypto_prices.py
[2026-03-24T01:56:38.048+0000] {processor.py:830} INFO - Processing file /opt/airflow/dags/crawl_crypto_prices.py for tasks to queue
[2026-03-24T01:56:38.048+0000] {logging_mixin.py:188} INFO - [2026-03-24T01:56:38.048+0000] {dagbag.py:538} INFO - Filling up the DagBag from /opt/airflow/dags/crawl_crypto_prices.py
[2026-03-24T01:56:38.055+0000] {processor.py:840} INFO - DAG(s) 'crawl_crypto_prices' retrieved from /opt/airflow/dags/crawl_crypto_prices.py
[2026-03-24T01:56:38.069+0000] {logging_mixin.py:188} INFO - [2026-03-24T01:56:38.069+0000] {dag.py:3036} INFO - Sync 1 DAGs
[2026-03-24T01:56:38.077+0000] {logging_mixin.py:188} INFO - [2026-03-24T01:56:38.077+0000] {dag.py:3823} INFO - Setting next_dagrun for crawl_crypto_prices to 2026-03-24 01:00:00+00:00, run_after=2026-03-24 02:00:00+00:00
[2026-03-24T01:56:38.083+0000] {processor.py:183} INFO - Processing /opt/airflow/dags/crawl_crypto_prices.py took 0.038 seconds
[2026-03-24T01:57:08.360+0000] {processor.py:161} INFO - Started process (PID=11667) to work on /opt/airflow/dags/crawl_crypto_prices.py
[2026-03-24T01:57:08.361+0000] {processor.py:830} INFO - Processing file /opt/airflow/dags/crawl_crypto_prices.py for tasks to queue
[2026-03-24T01:57:08.361+0000] {logging_mixin.py:188} INFO - [2026-03-24T01:57:08.361+0000] {dagbag.py:538} INFO - Filling up the DagBag from /opt/airflow/dags/crawl_crypto_prices.py
[2026-03-24T01:57:08.371+0000] {processor.py:840} INFO - DAG(s) 'crawl_crypto_prices' retrieved from /opt/airflow/dags/crawl_crypto_prices.py
[2026-03-24T01:57:08.386+0000] {logging_mixin.py:188} INFO - [2026-03-24T01:57:08.386+0000] {dag.py:3036} INFO - Sync 1 DAGs
[2026-03-24T01:57:08.398+0000] {logging_mixin.py:188} INFO - [2026-03-24T01:57:08.398+0000] {dag.py:3823} INFO - Setting next_dagrun for crawl_crypto_prices to 2026-03-24 01:00:00+00:00, run_after=2026-03-24 02:00:00+00:00
[2026-03-24T01:57:08.404+0000] {processor.py:183} INFO - Processing /opt/airflow/dags/crawl_crypto_prices.py took 0.047 seconds
[2026-03-24T01:57:38.656+0000] {processor.py:161} INFO - Started process (PID=11672) to work on /opt/airflow/dags/crawl_crypto_prices.py
[2026-03-24T01:57:38.657+0000] {processor.py:830} INFO - Processing file /opt/airflow/dags/crawl_crypto_prices.py for tasks to queue
[2026-03-24T01:57:38.659+0000] {logging_mixin.py:188} INFO - [2026-03-24T01:57:38.658+0000] {dagbag.py:538} INFO - Filling up the DagBag from /opt/airflow/dags/crawl_crypto_prices.py
[2026-03-24T01:57:38.671+0000] {processor.py:840} INFO - DAG(s) 'crawl_crypto_prices' retrieved from /opt/airflow/dags/crawl_crypto_prices.py
[2026-03-24T01:57:38.689+0000] {logging_mixin.py:188} INFO - [2026-03-24T01:57:38.689+0000] {dag.py:3036} INFO - Sync 1 DAGs
[2026-03-24T01:57:38.700+0000] {logging_mixin.py:188} INFO - [2026-03-24T01:57:38.699+0000] {dag.py:3823} INFO - Setting next_dagrun for crawl_crypto_prices to 2026-03-24 01:00:00+00:00, run_after=2026-03-24 02:00:00+00:00
[2026-03-24T01:57:38.707+0000] {processor.py:183} INFO - Processing /opt/airflow/dags/crawl_crypto_prices.py took 0.054 seconds
[2026-03-24T01:58:08.944+0000] {processor.py:161} INFO - Started process (PID=11677) to work on /opt/airflow/dags/crawl_crypto_prices.py
[2026-03-24T01:58:08.945+0000] {processor.py:830} INFO - Processing file /opt/airflow/dags/crawl_crypto_prices.py for tasks to queue
[2026-03-24T01:58:08.945+0000] {logging_mixin.py:188} INFO - [2026-03-24T01:58:08.945+0000] {dagbag.py:538} INFO - Filling up the DagBag from /opt/airflow/dags/crawl_crypto_prices.py
[2026-03-24T01:58:08.955+0000] {processor.py:840} INFO - DAG(s) 'crawl_crypto_prices' retrieved from /opt/airflow/dags/crawl_crypto_prices.py
[2026-03-24T01:58:08.972+0000] {logging_mixin.py:188} INFO - [2026-03-24T01:58:08.972+0000] {dag.py:3036} INFO - Sync 1 DAGs
[2026-03-24T01:58:08.981+0000] {logging_mixin.py:188} INFO - [2026-03-24T01:58:08.981+0000] {dag.py:3823} INFO - Setting next_dagrun for crawl_crypto_prices to 2026-03-24 01:00:00+00:00, run_after=2026-03-24 02:00:00+00:00
[2026-03-24T01:58:08.987+0000] {processor.py:183} INFO - Processing /opt/airflow/dags/crawl_crypto_prices.py took 0.047 seconds
[2026-03-24T01:58:39.248+0000] {processor.py:161} INFO - Started process (PID=11682) to work on /opt/airflow/dags/crawl_crypto_prices.py
[2026-03-24T01:58:39.249+0000] {processor.py:830} INFO - Processing file /opt/airflow/dags/crawl_crypto_prices.py for tasks to queue
[2026-03-24T01:58:39.250+0000] {logging_mixin.py:188} INFO - [2026-03-24T01:58:39.249+0000] {dagbag.py:538} INFO - Filling up the DagBag from /opt/airflow/dags/crawl_crypto_prices.py
[2026-03-24T01:58:39.261+0000] {processor.py:840} INFO - DAG(s) 'crawl_crypto_prices' retrieved from /opt/airflow/dags/crawl_crypto_prices.py
[2026-03-24T01:58:39.281+0000] {logging_mixin.py:188} INFO - [2026-03-24T01:58:39.281+0000] {dag.py:3036} INFO - Sync 1 DAGs
[2026-03-24T01:58:39.294+0000] {logging_mixin.py:188} INFO - [2026-03-24T01:58:39.293+0000] {dag.py:3823} INFO - Setting next_dagrun for crawl_crypto_prices to 2026-03-24 01:00:00+00:00, run_after=2026-03-24 02:00:00+00:00
[2026-03-24T01:58:39.300+0000] {processor.py:183} INFO - Processing /opt/airflow/dags/crawl_crypto_prices.py took 0.056 seconds
[2026-03-24T01:59:09.518+0000] {processor.py:161} INFO - Started process (PID=11687) to work on /opt/airflow/dags/crawl_crypto_prices.py
[2026-03-24T01:59:09.519+0000] {processor.py:830} INFO - Processing file /opt/airflow/dags/crawl_crypto_prices.py for tasks to queue
[2026-03-24T01:59:09.520+0000] {logging_mixin.py:188} INFO - [2026-03-24T01:59:09.520+0000] {dagbag.py:538} INFO - Filling up the DagBag from /opt/airflow/dags/crawl_crypto_prices.py
[2026-03-24T01:59:09.531+0000] {processor.py:840} INFO - DAG(s) 'crawl_crypto_prices' retrieved from /opt/airflow/dags/crawl_crypto_prices.py
[2026-03-24T01:59:09.551+0000] {logging_mixin.py:188} INFO - [2026-03-24T01:59:09.551+0000] {dag.py:3036} INFO - Sync 1 DAGs
[2026-03-24T01:59:09.562+0000] {logging_mixin.py:188} INFO - [2026-03-24T01:59:09.562+0000] {dag.py:3823} INFO - Setting next_dagrun for crawl_crypto_prices to 2026-03-24 01:00:00+00:00, run_after=2026-03-24 02:00:00+00:00
[2026-03-24T01:59:09.569+0000] {processor.py:183} INFO - Processing /opt/airflow/dags/crawl_crypto_prices.py took 0.054 seconds
[2026-03-24T01:59:39.772+0000] {processor.py:161} INFO - Started process (PID=11692) to work on /opt/airflow/dags/crawl_crypto_prices.py
[2026-03-24T01:59:39.775+0000] {processor.py:830} INFO - Processing file /opt/airflow/dags/crawl_crypto_prices.py for tasks to queue
[2026-03-24T01:59:39.776+0000] {logging_mixin.py:188} INFO - [2026-03-24T01:59:39.776+0000] {dagbag.py:538} INFO - Filling up the DagBag from /opt/airflow/dags/crawl_crypto_prices.py
[2026-03-24T01:59:39.787+0000] {processor.py:840} INFO - DAG(s) 'crawl_crypto_prices' retrieved from /opt/airflow/dags/crawl_crypto_prices.py
[2026-03-24T01:59:39.805+0000] {logging_mixin.py:188} INFO - [2026-03-24T01:59:39.805+0000] {dag.py:3036} INFO - Sync 1 DAGs
[2026-03-24T01:59:39.815+0000] {logging_mixin.py:188} INFO - [2026-03-24T01:59:39.815+0000] {dag.py:3823} INFO - Setting next_dagrun for crawl_crypto_prices to 2026-03-24 01:00:00+00:00, run_after=2026-03-24 02:00:00+00:00
[2026-03-24T01:59:39.820+0000] {processor.py:183} INFO - Processing /opt/airflow/dags/crawl_crypto_prices.py took 0.055 seconds
[2026-03-24T02:00:10.048+0000] {processor.py:161} INFO - Started process (PID=11701) to work on /opt/airflow/dags/crawl_crypto_prices.py
[2026-03-24T02:00:10.050+0000] {processor.py:830} INFO - Processing file /opt/airflow/dags/crawl_crypto_prices.py for tasks to queue
[2026-03-24T02:00:10.051+0000] {logging_mixin.py:188} INFO - [2026-03-24T02:00:10.050+0000] {dagbag.py:538} INFO - Filling up the DagBag from /opt/airflow/dags/crawl_crypto_prices.py
[2026-03-24T02:00:10.061+0000] {processor.py:840} INFO - DAG(s) 'crawl_crypto_prices' retrieved from /opt/airflow/dags/crawl_crypto_prices.py
[2026-03-24T02:00:10.079+0000] {logging_mixin.py:188} INFO - [2026-03-24T02:00:10.079+0000] {dag.py:3036} INFO - Sync 1 DAGs
[2026-03-24T02:00:10.089+0000] {logging_mixin.py:188} INFO - [2026-03-24T02:00:10.089+0000] {dag.py:3823} INFO - Setting next_dagrun for crawl_crypto_prices to 2026-03-24 02:00:00+00:00, run_after=2026-03-24 03:00:00+00:00
[2026-03-24T02:00:10.095+0000] {processor.py:183} INFO - Processing /opt/airflow/dags/crawl_crypto_prices.py took 0.052 seconds
[2026-03-24T02:00:40.350+0000] {processor.py:161} INFO - Started process (PID=11706) to work on /opt/airflow/dags/crawl_crypto_prices.py
[2026-03-24T02:00:40.351+0000] {processor.py:830} INFO - Processing file /opt/airflow/dags/crawl_crypto_prices.py for tasks to queue
[2026-03-24T02:00:40.352+0000] {logging_mixin.py:188} INFO - [2026-03-24T02:00:40.351+0000] {dagbag.py:538} INFO - Filling up the DagBag from /opt/airflow/dags/crawl_crypto_prices.py
[2026-03-24T02:00:40.363+0000] {processor.py:840} INFO - DAG(s) 'crawl_crypto_prices' retrieved from /opt/airflow/dags/crawl_crypto_prices.py
[2026-03-24T02:00:40.382+0000] {logging_mixin.py:188} INFO - [2026-03-24T02:00:40.382+0000] {dag.py:3036} INFO - Sync 1 DAGs
[2026-03-24T02:00:40.391+0000] {logging_mixin.py:188} INFO - [2026-03-24T02:00:40.391+0000] {dag.py:3823} INFO - Setting next_dagrun for crawl_crypto_prices to 2026-03-24 02:00:00+00:00, run_after=2026-03-24 03:00:00+00:00
[2026-03-24T02:00:40.398+0000] {processor.py:183} INFO - Processing /opt/airflow/dags/crawl_crypto_prices.py took 0.051 seconds
[2026-03-24T02:01:10.697+0000] {processor.py:161} INFO - Started process (PID=11711) to work on /opt/airflow/dags/crawl_crypto_prices.py
[2026-03-24T02:01:10.698+0000] {processor.py:830} INFO - Processing file /opt/airflow/dags/crawl_crypto_prices.py for tasks to queue
[2026-03-24T02:01:10.698+0000] {logging_mixin.py:188} INFO - [2026-03-24T02:01:10.698+0000] {dagbag.py:538} INFO - Filling up the DagBag from /opt/airflow/dags/crawl_crypto_prices.py
[2026-03-24T02:01:10.709+0000] {processor.py:840} INFO - DAG(s) 'crawl_crypto_prices' retrieved from /opt/airflow/dags/crawl_crypto_prices.py
[2026-03-24T02:01:10.728+0000] {logging_mixin.py:188} INFO - [2026-03-24T02:01:10.727+0000] {dag.py:3036} INFO - Sync 1 DAGs
[2026-03-24T02:01:10.737+0000] {logging_mixin.py:188} INFO - [2026-03-24T02:01:10.737+0000] {dag.py:3823} INFO - Setting next_dagrun for crawl_crypto_prices to 2026-03-24 02:00:00+00:00, run_after=2026-03-24 03:00:00+00:00
[2026-03-24T02:01:10.744+0000] {processor.py:183} INFO - Processing /opt/airflow/dags/crawl_crypto_prices.py took 0.050 seconds
[2026-03-24T02:01:41.022+0000] {processor.py:161} INFO - Started process (PID=11716) to work on /opt/airflow/dags/crawl_crypto_prices.py
[2026-03-24T02:01:41.023+0000] {processor.py:830} INFO - Processing file /opt/airflow/dags/crawl_crypto_prices.py for tasks to queue
[2026-03-24T02:01:41.024+0000] {logging_mixin.py:188} INFO - [2026-03-24T02:01:41.024+0000] {dagbag.py:538} INFO - Filling up the DagBag from /opt/airflow/dags/crawl_crypto_prices.py
[2026-03-24T02:01:41.036+0000] {processor.py:840} INFO - DAG(s) 'crawl_crypto_prices' retrieved from /opt/airflow/dags/crawl_crypto_prices.py
[2026-03-24T02:01:41.052+0000] {logging_mixin.py:188} INFO - [2026-03-24T02:01:41.052+0000] {dag.py:3036} INFO - Sync 1 DAGs
[2026-03-24T02:01:41.061+0000] {logging_mixin.py:188} INFO - [2026-03-24T02:01:41.061+0000] {dag.py:3823} INFO - Setting next_dagrun for crawl_crypto_prices to 2026-03-24 02:00:00+00:00, run_after=2026-03-24 03:00:00+00:00
[2026-03-24T02:01:41.067+0000] {processor.py:183} INFO - Processing /opt/airflow/dags/crawl_crypto_prices.py took 0.049 seconds
[2026-03-24T02:02:11.358+0000] {processor.py:161} INFO - Started process (PID=11721) to work on /opt/airflow/dags/crawl_crypto_prices.py
[2026-03-24T02:02:11.360+0000] {processor.py:830} INFO - Processing file /opt/airflow/dags/crawl_crypto_prices.py for tasks to queue
[2026-03-24T02:02:11.360+0000] {logging_mixin.py:188} INFO - [2026-03-24T02:02:11.360+0000] {dagbag.py:538} INFO - Filling up the DagBag from /opt/airflow/dags/crawl_crypto_prices.py
[2026-03-24T02:02:11.373+0000] {processor.py:840} INFO - DAG(s) 'crawl_crypto_prices' retrieved from /opt/airflow/dags/crawl_crypto_prices.py
[2026-03-24T02:02:11.392+0000] {logging_mixin.py:188} INFO - [2026-03-24T02:02:11.392+0000] {dag.py:3036} INFO - Sync 1 DAGs
[2026-03-24T02:02:11.402+0000] {logging_mixin.py:188} INFO - [2026-03-24T02:02:11.402+0000] {dag.py:3823} INFO - Setting next_dagrun for crawl_crypto_prices to 2026-03-24 02:00:00+00:00, run_after=2026-03-24 03:00:00+00:00
[2026-03-24T02:02:11.408+0000] {processor.py:183} INFO - Processing /opt/airflow/dags/crawl_crypto_prices.py took 0.053 seconds
[2026-03-24T02:02:41.702+0000] {processor.py:161} INFO - Started process (PID=11726) to work on /opt/airflow/dags/crawl_crypto_prices.py
[2026-03-24T02:02:41.703+0000] {processor.py:830} INFO - Processing file /opt/airflow/dags/crawl_crypto_prices.py for tasks to queue
[2026-03-24T02:02:41.703+0000] {logging_mixin.py:188} INFO - [2026-03-24T02:02:41.703+0000] {dagbag.py:538} INFO - Filling up the DagBag from /opt/airflow/dags/crawl_crypto_prices.py
[2026-03-24T02:02:41.714+0000] {processor.py:840} INFO - DAG(s) 'crawl_crypto_prices' retrieved from /opt/airflow/dags/crawl_crypto_prices.py
[2026-03-24T02:02:41.733+0000] {logging_mixin.py:188} INFO - [2026-03-24T02:02:41.733+0000] {dag.py:3036} INFO - Sync 1 DAGs
[2026-03-24T02:02:41.743+0000] {logging_mixin.py:188} INFO - [2026-03-24T02:02:41.743+0000] {dag.py:3823} INFO - Setting next_dagrun for crawl_crypto_prices to 2026-03-24 02:00:00+00:00, run_after=2026-03-24 03:00:00+00:00
[2026-03-24T02:02:41.750+0000] {processor.py:183} INFO - Processing /opt/airflow/dags/crawl_crypto_prices.py took 0.052 seconds
[2026-03-24T02:03:12.017+0000] {processor.py:161} INFO - Started process (PID=11731) to work on /opt/airflow/dags/crawl_crypto_prices.py
[2026-03-24T02:03:12.018+0000] {processor.py:830} INFO - Processing file /opt/airflow/dags/crawl_crypto_prices.py for tasks to queue
[2026-03-24T02:03:12.018+0000] {logging_mixin.py:188} INFO - [2026-03-24T02:03:12.018+0000] {dagbag.py:538} INFO - Filling up the DagBag from /opt/airflow/dags/crawl_crypto_prices.py
[2026-03-24T02:03:12.028+0000] {processor.py:840} INFO - DAG(s) 'crawl_crypto_prices' retrieved from /opt/airflow/dags/crawl_crypto_prices.py
[2026-03-24T02:03:12.045+0000] {logging_mixin.py:188} INFO - [2026-03-24T02:03:12.045+0000] {dag.py:3036} INFO - Sync 1 DAGs
[2026-03-24T02:03:12.054+0000] {logging_mixin.py:188} INFO - [2026-03-24T02:03:12.054+0000] {dag.py:3823} INFO - Setting next_dagrun for crawl_crypto_prices to 2026-03-24 02:00:00+00:00, run_after=2026-03-24 03:00:00+00:00
[2026-03-24T02:03:12.060+0000] {processor.py:183} INFO - Processing /opt/airflow/dags/crawl_crypto_prices.py took 0.046 seconds
[2026-03-24T02:03:42.334+0000] {processor.py:161} INFO - Started process (PID=11736) to work on /opt/airflow/dags/crawl_crypto_prices.py
[2026-03-24T02:03:42.335+0000] {processor.py:830} INFO - Processing file /opt/airflow/dags/crawl_crypto_prices.py for tasks to queue
[2026-03-24T02:03:42.337+0000] {logging_mixin.py:188} INFO - [2026-03-24T02:03:42.336+0000] {dagbag.py:538} INFO - Filling up the DagBag from /opt/airflow/dags/crawl_crypto_prices.py
[2026-03-24T02:03:42.347+0000] {processor.py:840} INFO - DAG(s) 'crawl_crypto_prices' retrieved from /opt/airflow/dags/crawl_crypto_prices.py
[2026-03-24T02:03:42.362+0000] {logging_mixin.py:188} INFO - [2026-03-24T02:03:42.362+0000] {dag.py:3036} INFO - Sync 1 DAGs
[2026-03-24T02:03:42.372+0000] {logging_mixin.py:188} INFO - [2026-03-24T02:03:42.372+0000] {dag.py:3823} INFO - Setting next_dagrun for crawl_crypto_prices to 2026-03-24 02:00:00+00:00, run_after=2026-03-24 03:00:00+00:00
[2026-03-24T02:03:42.379+0000] {processor.py:183} INFO - Processing /opt/airflow/dags/crawl_crypto_prices.py took 0.047 seconds
[2026-03-24T02:04:12.635+0000] {processor.py:161} INFO - Started process (PID=11741) to work on /opt/airflow/dags/crawl_crypto_prices.py
[2026-03-24T02:04:12.636+0000] {processor.py:830} INFO - Processing file /opt/airflow/dags/crawl_crypto_prices.py for tasks to queue
[2026-03-24T02:04:12.637+0000] {logging_mixin.py:188} INFO - [2026-03-24T02:04:12.637+0000] {dagbag.py:538} INFO - Filling up the DagBag from /opt/airflow/dags/crawl_crypto_prices.py
[2026-03-24T02:04:12.650+0000] {processor.py:840} INFO - DAG(s) 'crawl_crypto_prices' retrieved from /opt/airflow/dags/crawl_crypto_prices.py
[2026-03-24T02:04:12.668+0000] {logging_mixin.py:188} INFO - [2026-03-24T02:04:12.668+0000] {dag.py:3036} INFO - Sync 1 DAGs
[2026-03-24T02:04:12.678+0000] {logging_mixin.py:188} INFO - [2026-03-24T02:04:12.678+0000] {dag.py:3823} INFO - Setting next_dagrun for crawl_crypto_prices to 2026-03-24 02:00:00+00:00, run_after=2026-03-24 03:00:00+00:00
[2026-03-24T02:04:12.684+0000] {processor.py:183} INFO - Processing /opt/airflow/dags/crawl_crypto_prices.py took 0.052 seconds
[2026-03-24T02:04:42.976+0000] {processor.py:161} INFO - Started process (PID=11746) to work on /opt/airflow/dags/crawl_crypto_prices.py
[2026-03-24T02:04:42.976+0000] {processor.py:830} INFO - Processing file /opt/airflow/dags/crawl_crypto_prices.py for tasks to queue
[2026-03-24T02:04:42.977+0000] {logging_mixin.py:188} INFO - [2026-03-24T02:04:42.977+0000] {dagbag.py:538} INFO - Filling up the DagBag from /opt/airflow/dags/crawl_crypto_prices.py
[2026-03-24T02:04:42.987+0000] {processor.py:840} INFO - DAG(s) 'crawl_crypto_prices' retrieved from /opt/airflow/dags/crawl_crypto_prices.py
[2026-03-24T02:04:43.004+0000] {logging_mixin.py:188} INFO - [2026-03-24T02:04:43.004+0000] {dag.py:3036} INFO - Sync 1 DAGs
[2026-03-24T02:04:43.013+0000] {logging_mixin.py:188} INFO - [2026-03-24T02:04:43.013+0000] {dag.py:3823} INFO - Setting next_dagrun for crawl_crypto_prices to 2026-03-24 02:00:00+00:00, run_after=2026-03-24 03:00:00+00:00
[2026-03-24T02:04:43.020+0000] {processor.py:183} INFO - Processing /opt/airflow/dags/crawl_crypto_prices.py took 0.047 seconds
[2026-03-24T02:05:13.300+0000] {processor.py:161} INFO - Started process (PID=11751) to work on /opt/airflow/dags/crawl_crypto_prices.py
[2026-03-24T02:05:13.301+0000] {processor.py:830} INFO - Processing file /opt/airflow/dags/crawl_crypto_prices.py for tasks to queue
[2026-03-24T02:05:13.301+0000] {logging_mixin.py:188} INFO - [2026-03-24T02:05:13.301+0000] {dagbag.py:538} INFO - Filling up the DagBag from /opt/airflow/dags/crawl_crypto_prices.py
[2026-03-24T02:05:13.312+0000] {processor.py:840} INFO - DAG(s) 'crawl_crypto_prices' retrieved from /opt/airflow/dags/crawl_crypto_prices.py
[2026-03-24T02:05:13.331+0000] {logging_mixin.py:188} INFO - [2026-03-24T02:05:13.330+0000] {dag.py:3036} INFO - Sync 1 DAGs
[2026-03-24T02:05:13.341+0000] {logging_mixin.py:188} INFO - [2026-03-24T02:05:13.340+0000] {dag.py:3823} INFO - Setting next_dagrun for crawl_crypto_prices to 2026-03-24 02:00:00+00:00, run_after=2026-03-24 03:00:00+00:00
[2026-03-24T02:05:13.347+0000] {processor.py:183} INFO - Processing /opt/airflow/dags/crawl_crypto_prices.py took 0.050 seconds
[2026-03-24T02:05:43.647+0000] {processor.py:161} INFO - Started process (PID=11756) to work on /opt/airflow/dags/crawl_crypto_prices.py
[2026-03-24T02:05:43.648+0000] {processor.py:830} INFO - Processing file /opt/airflow/dags/crawl_crypto_prices.py for tasks to queue
[2026-03-24T02:05:43.649+0000] {logging_mixin.py:188} INFO - [2026-03-24T02:05:43.649+0000] {dagbag.py:538} INFO - Filling up the DagBag from /opt/airflow/dags/crawl_crypto_prices.py
[2026-03-24T02:05:43.661+0000] {processor.py:840} INFO - DAG(s) 'crawl_crypto_prices' retrieved from /opt/airflow/dags/crawl_crypto_prices.py
[2026-03-24T02:05:43.679+0000] {logging_mixin.py:188} INFO - [2026-03-24T02:05:43.679+0000] {dag.py:3036} INFO - Sync 1 DAGs
[2026-03-24T02:05:43.689+0000] {logging_mixin.py:188} INFO - [2026-03-24T02:05:43.689+0000] {dag.py:3823} INFO - Setting next_dagrun for crawl_crypto_prices to 2026-03-24 02:00:00+00:00, run_after=2026-03-24 03:00:00+00:00
[2026-03-24T02:05:43.696+0000] {processor.py:183} INFO - Processing /opt/airflow/dags/crawl_crypto_prices.py took 0.052 seconds
[2026-03-24T02:06:13.968+0000] {processor.py:161} INFO - Started process (PID=11761) to work on /opt/airflow/dags/crawl_crypto_prices.py
[2026-03-24T02:06:13.969+0000] {processor.py:830} INFO - Processing file /opt/airflow/dags/crawl_crypto_prices.py for tasks to queue
[2026-03-24T02:06:13.970+0000] {logging_mixin.py:188} INFO - [2026-03-24T02:06:13.970+0000] {dagbag.py:538} INFO - Filling up the DagBag from /opt/airflow/dags/crawl_crypto_prices.py
[2026-03-24T02:06:13.981+0000] {processor.py:840} INFO - DAG(s) 'crawl_crypto_prices' retrieved from /opt/airflow/dags/crawl_crypto_prices.py
[2026-03-24T02:06:13.999+0000] {logging_mixin.py:188} INFO - [2026-03-24T02:06:13.999+0000] {dag.py:3036} INFO - Sync 1 DAGs
[2026-03-24T02:06:14.009+0000] {logging_mixin.py:188} INFO - [2026-03-24T02:06:14.009+0000] {dag.py:3823} INFO - Setting next_dagrun for crawl_crypto_prices to 2026-03-24 02:00:00+00:00, run_after=2026-03-24 03:00:00+00:00
[2026-03-24T02:06:14.015+0000] {processor.py:183} INFO - Processing /opt/airflow/dags/crawl_crypto_prices.py took 0.050 seconds
[2026-03-24T02:06:44.304+0000] {processor.py:161} INFO - Started process (PID=11766) to work on /opt/airflow/dags/crawl_crypto_prices.py
[2026-03-24T02:06:44.305+0000] {processor.py:830} INFO - Processing file /opt/airflow/dags/crawl_crypto_prices.py for tasks to queue
[2026-03-24T02:06:44.306+0000] {logging_mixin.py:188} INFO - [2026-03-24T02:06:44.306+0000] {dagbag.py:538} INFO - Filling up the DagBag from /opt/airflow/dags/crawl_crypto_prices.py
[2026-03-24T02:06:44.318+0000] {processor.py:840} INFO - DAG(s) 'crawl_crypto_prices' retrieved from /opt/airflow/dags/crawl_crypto_prices.py
[2026-03-24T02:06:44.336+0000] {logging_mixin.py:188} INFO - [2026-03-24T02:06:44.336+0000] {dag.py:3036} INFO - Sync 1 DAGs
[2026-03-24T02:06:44.346+0000] {logging_mixin.py:188} INFO - [2026-03-24T02:06:44.346+0000] {dag.py:3823} INFO - Setting next_dagrun for crawl_crypto_prices to 2026-03-24 02:00:00+00:00, run_after=2026-03-24 03:00:00+00:00
[2026-03-24T02:06:44.352+0000] {processor.py:183} INFO - Processing /opt/airflow/dags/crawl_crypto_prices.py took 0.050 seconds
[2026-03-24T02:07:14.574+0000] {processor.py:161} INFO - Started process (PID=11771) to work on /opt/airflow/dags/crawl_crypto_prices.py
[2026-03-24T02:07:14.575+0000] {processor.py:830} INFO - Processing file /opt/airflow/dags/crawl_crypto_prices.py for tasks to queue
[2026-03-24T02:07:14.576+0000] {logging_mixin.py:188} INFO - [2026-03-24T02:07:14.575+0000] {dagbag.py:538} INFO - Filling up the DagBag from /opt/airflow/dags/crawl_crypto_prices.py
[2026-03-24T02:07:14.588+0000] {processor.py:840} INFO - DAG(s) 'crawl_crypto_prices' retrieved from /opt/airflow/dags/crawl_crypto_prices.py
[2026-03-24T02:07:14.609+0000] {logging_mixin.py:188} INFO - [2026-03-24T02:07:14.609+0000] {dag.py:3036} INFO - Sync 1 DAGs
[2026-03-24T02:07:14.620+0000] {logging_mixin.py:188} INFO - [2026-03-24T02:07:14.620+0000] {dag.py:3823} INFO - Setting next_dagrun for crawl_crypto_prices to 2026-03-24 02:00:00+00:00, run_after=2026-03-24 03:00:00+00:00
[2026-03-24T02:07:14.626+0000] {processor.py:183} INFO - Processing /opt/airflow/dags/crawl_crypto_prices.py took 0.055 seconds
[2026-03-24T02:07:44.822+0000] {processor.py:161} INFO - Started process (PID=11776) to work on /opt/airflow/dags/crawl_crypto_prices.py
[2026-03-24T02:07:44.823+0000] {processor.py:830} INFO - Processing file /opt/airflow/dags/crawl_crypto_prices.py for tasks to queue
[2026-03-24T02:07:44.823+0000] {logging_mixin.py:188} INFO - [2026-03-24T02:07:44.823+0000] {dagbag.py:538} INFO - Filling up the DagBag from /opt/airflow/dags/crawl_crypto_prices.py
[2026-03-24T02:07:44.833+0000] {processor.py:840} INFO - DAG(s) 'crawl_crypto_prices' retrieved from /opt/airflow/dags/crawl_crypto_prices.py
[2026-03-24T02:07:44.849+0000] {logging_mixin.py:188} INFO - [2026-03-24T02:07:44.849+0000] {dag.py:3036} INFO - Sync 1 DAGs
[2026-03-24T02:07:44.860+0000] {logging_mixin.py:188} INFO - [2026-03-24T02:07:44.860+0000] {dag.py:3823} INFO - Setting next_dagrun for crawl_crypto_prices to 2026-03-24 02:00:00+00:00, run_after=2026-03-24 03:00:00+00:00
[2026-03-24T02:07:44.867+0000] {processor.py:183} INFO - Processing /opt/airflow/dags/crawl_crypto_prices.py took 0.047 seconds
[2026-03-24T02:08:15.089+0000] {processor.py:161} INFO - Started process (PID=11781) to work on /opt/airflow/dags/crawl_crypto_prices.py
[2026-03-24T02:08:15.090+0000] {processor.py:830} INFO - Processing file /opt/airflow/dags/crawl_crypto_prices.py for tasks to queue
[2026-03-24T02:08:15.090+0000] {logging_mixin.py:188} INFO - [2026-03-24T02:08:15.090+0000] {dagbag.py:538} INFO - Filling up the DagBag from /opt/airflow/dags/crawl_crypto_prices.py
[2026-03-24T02:08:15.096+0000] {processor.py:840} INFO - DAG(s) 'crawl_crypto_prices' retrieved from /opt/airflow/dags/crawl_crypto_prices.py
[2026-03-24T02:08:15.108+0000] {logging_mixin.py:188} INFO - [2026-03-24T02:08:15.108+0000] {dag.py:3036} INFO - Sync 1 DAGs
[2026-03-24T02:08:15.117+0000] {logging_mixin.py:188} INFO - [2026-03-24T02:08:15.117+0000] {dag.py:3823} INFO - Setting next_dagrun for crawl_crypto_prices to 2026-03-24 02:00:00+00:00, run_after=2026-03-24 03:00:00+00:00
[2026-03-24T02:08:15.123+0000] {processor.py:183} INFO - Processing /opt/airflow/dags/crawl_crypto_prices.py took 0.036 seconds
[2026-03-24T02:08:45.382+0000] {processor.py:161} INFO - Started process (PID=11786) to work on /opt/airflow/dags/crawl_crypto_prices.py
[2026-03-24T02:08:45.383+0000] {processor.py:830} INFO - Processing file /opt/airflow/dags/crawl_crypto_prices.py for tasks to queue
[2026-03-24T02:08:45.384+0000] {logging_mixin.py:188} INFO - [2026-03-24T02:08:45.383+0000] {dagbag.py:538} INFO - Filling up the DagBag from /opt/airflow/dags/crawl_crypto_prices.py
[2026-03-24T02:08:45.397+0000] {processor.py:840} INFO - DAG(s) 'crawl_crypto_prices' retrieved from /opt/airflow/dags/crawl_crypto_prices.py
[2026-03-24T02:08:45.413+0000] {logging_mixin.py:188} INFO - [2026-03-24T02:08:45.413+0000] {dag.py:3036} INFO - Sync 1 DAGs
[2026-03-24T02:08:45.423+0000] {logging_mixin.py:188} INFO - [2026-03-24T02:08:45.423+0000] {dag.py:3823} INFO - Setting next_dagrun for crawl_crypto_prices to 2026-03-24 02:00:00+00:00, run_after=2026-03-24 03:00:00+00:00
[2026-03-24T02:08:45.429+0000] {processor.py:183} INFO - Processing /opt/airflow/dags/crawl_crypto_prices.py took 0.052 seconds
[2026-03-24T02:09:15.675+0000] {processor.py:161} INFO - Started process (PID=11791) to work on /opt/airflow/dags/crawl_crypto_prices.py
[2026-03-24T02:09:15.676+0000] {processor.py:830} INFO - Processing file /opt/airflow/dags/crawl_crypto_prices.py for tasks to queue
[2026-03-24T02:09:15.677+0000] {logging_mixin.py:188} INFO - [2026-03-24T02:09:15.677+0000] {dagbag.py:538} INFO - Filling up the DagBag from /opt/airflow/dags/crawl_crypto_prices.py
[2026-03-24T02:09:15.689+0000] {processor.py:840} INFO - DAG(s) 'crawl_crypto_prices' retrieved from /opt/airflow/dags/crawl_crypto_prices.py
[2026-03-24T02:09:15.707+0000] {logging_mixin.py:188} INFO - [2026-03-24T02:09:15.707+0000] {dag.py:3036} INFO - Sync 1 DAGs
[2026-03-24T02:09:15.717+0000] {logging_mixin.py:188} INFO - [2026-03-24T02:09:15.716+0000] {dag.py:3823} INFO - Setting next_dagrun for crawl_crypto_prices to 2026-03-24 02:00:00+00:00, run_after=2026-03-24 03:00:00+00:00
[2026-03-24T02:09:15.722+0000] {processor.py:183} INFO - Processing /opt/airflow/dags/crawl_crypto_prices.py took 0.051 seconds
[2026-03-24T02:09:45.971+0000] {processor.py:161} INFO - Started process (PID=11796) to work on /opt/airflow/dags/crawl_crypto_prices.py
[2026-03-24T02:09:45.972+0000] {processor.py:830} INFO - Processing file /opt/airflow/dags/crawl_crypto_prices.py for tasks to queue
[2026-03-24T02:09:45.972+0000] {logging_mixin.py:188} INFO - [2026-03-24T02:09:45.972+0000] {dagbag.py:538} INFO - Filling up the DagBag from /opt/airflow/dags/crawl_crypto_prices.py
[2026-03-24T02:09:45.985+0000] {processor.py:840} INFO - DAG(s) 'crawl_crypto_prices' retrieved from /opt/airflow/dags/crawl_crypto_prices.py
[2026-03-24T02:09:46.004+0000] {logging_mixin.py:188} INFO - [2026-03-24T02:09:46.004+0000] {dag.py:3036} INFO - Sync 1 DAGs
[2026-03-24T02:09:46.014+0000] {logging_mixin.py:188} INFO - [2026-03-24T02:09:46.014+0000] {dag.py:3823} INFO - Setting next_dagrun for crawl_crypto_prices to 2026-03-24 02:00:00+00:00, run_after=2026-03-24 03:00:00+00:00
[2026-03-24T02:09:46.020+0000] {processor.py:183} INFO - Processing /opt/airflow/dags/crawl_crypto_prices.py took 0.053 seconds
[2026-03-24T02:10:16.218+0000] {processor.py:161} INFO - Started process (PID=11801) to work on /opt/airflow/dags/crawl_crypto_prices.py
[2026-03-24T02:10:16.219+0000] {processor.py:830} INFO - Processing file /opt/airflow/dags/crawl_crypto_prices.py for tasks to queue
[2026-03-24T02:10:16.220+0000] {logging_mixin.py:188} INFO - [2026-03-24T02:10:16.220+0000] {dagbag.py:538} INFO - Filling up the DagBag from /opt/airflow/dags/crawl_crypto_prices.py
[2026-03-24T02:10:16.230+0000] {processor.py:840} INFO - DAG(s) 'crawl_crypto_prices' retrieved from /opt/airflow/dags/crawl_crypto_prices.py
[2026-03-24T02:10:16.244+0000] {logging_mixin.py:188} INFO - [2026-03-24T02:10:16.244+0000] {dag.py:3036} INFO - Sync 1 DAGs
[2026-03-24T02:10:16.253+0000] {logging_mixin.py:188} INFO - [2026-03-24T02:10:16.253+0000] {dag.py:3823} INFO - Setting next_dagrun for crawl_crypto_prices to 2026-03-24 02:00:00+00:00, run_after=2026-03-24 03:00:00+00:00
[2026-03-24T02:10:16.259+0000] {processor.py:183} INFO - Processing /opt/airflow/dags/crawl_crypto_prices.py took 0.044 seconds
[2026-03-24T02:10:46.496+0000] {processor.py:161} INFO - Started process (PID=11806) to work on /opt/airflow/dags/crawl_crypto_prices.py
[2026-03-24T02:10:46.497+0000] {processor.py:830} INFO - Processing file /opt/airflow/dags/crawl_crypto_prices.py for tasks to queue
[2026-03-24T02:10:46.498+0000] {logging_mixin.py:188} INFO - [2026-03-24T02:10:46.498+0000] {dagbag.py:538} INFO - Filling up the DagBag from /opt/airflow/dags/crawl_crypto_prices.py
[2026-03-24T02:10:46.510+0000] {processor.py:840} INFO - DAG(s) 'crawl_crypto_prices' retrieved from /opt/airflow/dags/crawl_crypto_prices.py
[2026-03-24T02:10:46.528+0000] {logging_mixin.py:188} INFO - [2026-03-24T02:10:46.528+0000] {dag.py:3036} INFO - Sync 1 DAGs
[2026-03-24T02:10:46.538+0000] {logging_mixin.py:188} INFO - [2026-03-24T02:10:46.538+0000] {dag.py:3823} INFO - Setting next_dagrun for crawl_crypto_prices to 2026-03-24 02:00:00+00:00, run_after=2026-03-24 03:00:00+00:00
[2026-03-24T02:10:46.544+0000] {processor.py:183} INFO - Processing /opt/airflow/dags/crawl_crypto_prices.py took 0.051 seconds
[2026-03-24T02:11:16.790+0000] {processor.py:161} INFO - Started process (PID=11811) to work on /opt/airflow/dags/crawl_crypto_prices.py
[2026-03-24T02:11:16.791+0000] {processor.py:830} INFO - Processing file /opt/airflow/dags/crawl_crypto_prices.py for tasks to queue
[2026-03-24T02:11:16.792+0000] {logging_mixin.py:188} INFO - [2026-03-24T02:11:16.792+0000] {dagbag.py:538} INFO - Filling up the DagBag from /opt/airflow/dags/crawl_crypto_prices.py
[2026-03-24T02:11:16.802+0000] {processor.py:840} INFO - DAG(s) 'crawl_crypto_prices' retrieved from /opt/airflow/dags/crawl_crypto_prices.py
[2026-03-24T02:11:16.818+0000] {logging_mixin.py:188} INFO - [2026-03-24T02:11:16.818+0000] {dag.py:3036} INFO - Sync 1 DAGs
[2026-03-24T02:11:16.828+0000] {logging_mixin.py:188} INFO - [2026-03-24T02:11:16.828+0000] {dag.py:3823} INFO - Setting next_dagrun for crawl_crypto_prices to 2026-03-24 02:00:00+00:00, run_after=2026-03-24 03:00:00+00:00
[2026-03-24T02:11:16.834+0000] {processor.py:183} INFO - Processing /opt/airflow/dags/crawl_crypto_prices.py took 0.047 seconds
[2026-03-24T02:11:47.110+0000] {processor.py:161} INFO - Started process (PID=11816) to work on /opt/airflow/dags/crawl_crypto_prices.py
[2026-03-24T02:11:47.111+0000] {processor.py:830} INFO - Processing file /opt/airflow/dags/crawl_crypto_prices.py for tasks to queue
[2026-03-24T02:11:47.112+0000] {logging_mixin.py:188} INFO - [2026-03-24T02:11:47.112+0000] {dagbag.py:538} INFO - Filling up the DagBag from /opt/airflow/dags/crawl_crypto_prices.py
[2026-03-24T02:11:47.124+0000] {processor.py:840} INFO - DAG(s) 'crawl_crypto_prices' retrieved from /opt/airflow/dags/crawl_crypto_prices.py
[2026-03-24T02:11:47.142+0000] {logging_mixin.py:188} INFO - [2026-03-24T02:11:47.142+0000] {dag.py:3036} INFO - Sync 1 DAGs
[2026-03-24T02:11:47.151+0000] {logging_mixin.py:188} INFO - [2026-03-24T02:11:47.151+0000] {dag.py:3823} INFO - Setting next_dagrun for crawl_crypto_prices to 2026-03-24 02:00:00+00:00, run_after=2026-03-24 03:00:00+00:00
[2026-03-24T02:11:47.157+0000] {processor.py:183} INFO - Processing /opt/airflow/dags/crawl_crypto_prices.py took 0.051 seconds
[2026-03-24T02:12:17.424+0000] {processor.py:161} INFO - Started process (PID=11821) to work on /opt/airflow/dags/crawl_crypto_prices.py
[2026-03-24T02:12:17.424+0000] {processor.py:830} INFO - Processing file /opt/airflow/dags/crawl_crypto_prices.py for tasks to queue
[2026-03-24T02:12:17.425+0000] {logging_mixin.py:188} INFO - [2026-03-24T02:12:17.425+0000] {dagbag.py:538} INFO - Filling up the DagBag from /opt/airflow/dags/crawl_crypto_prices.py
[2026-03-24T02:12:17.436+0000] {processor.py:840} INFO - DAG(s) 'crawl_crypto_prices' retrieved from /opt/airflow/dags/crawl_crypto_prices.py
[2026-03-24T02:12:17.454+0000] {logging_mixin.py:188} INFO - [2026-03-24T02:12:17.454+0000] {dag.py:3036} INFO - Sync 1 DAGs
[2026-03-24T02:12:17.464+0000] {logging_mixin.py:188} INFO - [2026-03-24T02:12:17.464+0000] {dag.py:3823} INFO - Setting next_dagrun for crawl_crypto_prices to 2026-03-24 02:00:00+00:00, run_after=2026-03-24 03:00:00+00:00
[2026-03-24T02:12:17.470+0000] {processor.py:183} INFO - Processing /opt/airflow/dags/crawl_crypto_prices.py took 0.050 seconds
[2026-03-24T02:12:47.735+0000] {processor.py:161} INFO - Started process (PID=11826) to work on /opt/airflow/dags/crawl_crypto_prices.py
[2026-03-24T02:12:47.736+0000] {processor.py:830} INFO - Processing file /opt/airflow/dags/crawl_crypto_prices.py for tasks to queue
[2026-03-24T02:12:47.737+0000] {logging_mixin.py:188} INFO - [2026-03-24T02:12:47.737+0000] {dagbag.py:538} INFO - Filling up the DagBag from /opt/airflow/dags/crawl_crypto_prices.py
[2026-03-24T02:12:47.749+0000] {processor.py:840} INFO - DAG(s) 'crawl_crypto_prices' retrieved from /opt/airflow/dags/crawl_crypto_prices.py
[2026-03-24T02:12:47.770+0000] {logging_mixin.py:188} INFO - [2026-03-24T02:12:47.770+0000] {dag.py:3036} INFO - Sync 1 DAGs
[2026-03-24T02:12:47.779+0000] {logging_mixin.py:188} INFO - [2026-03-24T02:12:47.779+0000] {dag.py:3823} INFO - Setting next_dagrun for crawl_crypto_prices to 2026-03-24 02:00:00+00:00, run_after=2026-03-24 03:00:00+00:00
[2026-03-24T02:12:47.785+0000] {processor.py:183} INFO - Processing /opt/airflow/dags/crawl_crypto_prices.py took 0.054 seconds
[2026-03-24T02:13:18.084+0000] {processor.py:161} INFO - Started process (PID=11831) to work on /opt/airflow/dags/crawl_crypto_prices.py
[2026-03-24T02:13:18.085+0000] {processor.py:830} INFO - Processing file /opt/airflow/dags/crawl_crypto_prices.py for tasks to queue
[2026-03-24T02:13:18.086+0000] {logging_mixin.py:188} INFO - [2026-03-24T02:13:18.086+0000] {dagbag.py:538} INFO - Filling up the DagBag from /opt/airflow/dags/crawl_crypto_prices.py
[2026-03-24T02:13:18.099+0000] {processor.py:840} INFO - DAG(s) 'crawl_crypto_prices' retrieved from /opt/airflow/dags/crawl_crypto_prices.py
[2026-03-24T02:13:18.122+0000] {logging_mixin.py:188} INFO - [2026-03-24T02:13:18.122+0000] {dag.py:3036} INFO - Sync 1 DAGs
[2026-03-24T02:13:18.132+0000] {logging_mixin.py:188} INFO - [2026-03-24T02:13:18.132+0000] {dag.py:3823} INFO - Setting next_dagrun for crawl_crypto_prices to 2026-03-24 02:00:00+00:00, run_after=2026-03-24 03:00:00+00:00
[2026-03-24T02:13:18.138+0000] {processor.py:183} INFO - Processing /opt/airflow/dags/crawl_crypto_prices.py took 0.058 seconds
[2026-03-24T02:13:48.426+0000] {processor.py:161} INFO - Started process (PID=11836) to work on /opt/airflow/dags/crawl_crypto_prices.py
[2026-03-24T02:13:48.427+0000] {processor.py:830} INFO - Processing file /opt/airflow/dags/crawl_crypto_prices.py for tasks to queue
[2026-03-24T02:13:48.428+0000] {logging_mixin.py:188} INFO - [2026-03-24T02:13:48.428+0000] {dagbag.py:538} INFO - Filling up the DagBag from /opt/airflow/dags/crawl_crypto_prices.py
[2026-03-24T02:13:48.440+0000] {processor.py:840} INFO - DAG(s) 'crawl_crypto_prices' retrieved from /opt/airflow/dags/crawl_crypto_prices.py
[2026-03-24T02:13:48.459+0000] {logging_mixin.py:188} INFO - [2026-03-24T02:13:48.459+0000] {dag.py:3036} INFO - Sync 1 DAGs
[2026-03-24T02:13:48.470+0000] {logging_mixin.py:188} INFO - [2026-03-24T02:13:48.470+0000] {dag.py:3823} INFO - Setting next_dagrun for crawl_crypto_prices to 2026-03-24 02:00:00+00:00, run_after=2026-03-24 03:00:00+00:00
[2026-03-24T02:13:48.477+0000] {processor.py:183} INFO - Processing /opt/airflow/dags/crawl_crypto_prices.py took 0.055 seconds
[2026-03-24T02:14:18.780+0000] {processor.py:161} INFO - Started process (PID=11841) to work on /opt/airflow/dags/crawl_crypto_prices.py
[2026-03-24T02:14:18.781+0000] {processor.py:830} INFO - Processing file /opt/airflow/dags/crawl_crypto_prices.py for tasks to queue
[2026-03-24T02:14:18.782+0000] {logging_mixin.py:188} INFO - [2026-03-24T02:14:18.782+0000] {dagbag.py:538} INFO - Filling up the DagBag from /opt/airflow/dags/crawl_crypto_prices.py
[2026-03-24T02:14:18.794+0000] {processor.py:840} INFO - DAG(s) 'crawl_crypto_prices' retrieved from /opt/airflow/dags/crawl_crypto_prices.py
[2026-03-24T02:14:18.812+0000] {logging_mixin.py:188} INFO - [2026-03-24T02:14:18.812+0000] {dag.py:3036} INFO - Sync 1 DAGs
[2026-03-24T02:14:18.822+0000] {logging_mixin.py:188} INFO - [2026-03-24T02:14:18.822+0000] {dag.py:3823} INFO - Setting next_dagrun for crawl_crypto_prices to 2026-03-24 02:00:00+00:00, run_after=2026-03-24 03:00:00+00:00
[2026-03-24T02:14:18.828+0000] {processor.py:183} INFO - Processing /opt/airflow/dags/crawl_crypto_prices.py took 0.052 seconds
[2026-03-24T02:14:49.128+0000] {processor.py:161} INFO - Started process (PID=11846) to work on /opt/airflow/dags/crawl_crypto_prices.py
[2026-03-24T02:14:49.129+0000] {processor.py:830} INFO - Processing file /opt/airflow/dags/crawl_crypto_prices.py for tasks to queue
[2026-03-24T02:14:49.130+0000] {logging_mixin.py:188} INFO - [2026-03-24T02:14:49.130+0000] {dagbag.py:538} INFO - Filling up the DagBag from /opt/airflow/dags/crawl_crypto_prices.py
[2026-03-24T02:14:49.142+0000] {processor.py:840} INFO - DAG(s) 'crawl_crypto_prices' retrieved from /opt/airflow/dags/crawl_crypto_prices.py
[2026-03-24T02:14:49.160+0000] {logging_mixin.py:188} INFO - [2026-03-24T02:14:49.160+0000] {dag.py:3036} INFO - Sync 1 DAGs
[2026-03-24T02:14:49.170+0000] {logging_mixin.py:188} INFO - [2026-03-24T02:14:49.170+0000] {dag.py:3823} INFO - Setting next_dagrun for crawl_crypto_prices to 2026-03-24 02:00:00+00:00, run_after=2026-03-24 03:00:00+00:00
[2026-03-24T02:14:49.177+0000] {processor.py:183} INFO - Processing /opt/airflow/dags/crawl_crypto_prices.py took 0.053 seconds
[2026-03-24T02:15:19.413+0000] {processor.py:161} INFO - Started process (PID=11851) to work on /opt/airflow/dags/crawl_crypto_prices.py
[2026-03-24T02:15:19.414+0000] {processor.py:830} INFO - Processing file /opt/airflow/dags/crawl_crypto_prices.py for tasks to queue
[2026-03-24T02:15:19.415+0000] {logging_mixin.py:188} INFO - [2026-03-24T02:15:19.415+0000] {dagbag.py:538} INFO - Filling up the DagBag from /opt/airflow/dags/crawl_crypto_prices.py
[2026-03-24T02:15:19.425+0000] {processor.py:840} INFO - DAG(s) 'crawl_crypto_prices' retrieved from /opt/airflow/dags/crawl_crypto_prices.py
[2026-03-24T02:15:19.444+0000] {logging_mixin.py:188} INFO - [2026-03-24T02:15:19.443+0000] {dag.py:3036} INFO - Sync 1 DAGs
[2026-03-24T02:15:19.453+0000] {logging_mixin.py:188} INFO - [2026-03-24T02:15:19.453+0000] {dag.py:3823} INFO - Setting next_dagrun for crawl_crypto_prices to 2026-03-24 02:00:00+00:00, run_after=2026-03-24 03:00:00+00:00
[2026-03-24T02:15:19.459+0000] {processor.py:183} INFO - Processing /opt/airflow/dags/crawl_crypto_prices.py took 0.049 seconds
[2026-03-24T02:15:49.739+0000] {processor.py:161} INFO - Started process (PID=11856) to work on /opt/airflow/dags/crawl_crypto_prices.py
[2026-03-24T02:15:49.740+0000] {processor.py:830} INFO - Processing file /opt/airflow/dags/crawl_crypto_prices.py for tasks to queue
[2026-03-24T02:15:49.741+0000] {logging_mixin.py:188} INFO - [2026-03-24T02:15:49.741+0000] {dagbag.py:538} INFO - Filling up the DagBag from /opt/airflow/dags/crawl_crypto_prices.py
[2026-03-24T02:15:49.752+0000] {processor.py:840} INFO - DAG(s) 'crawl_crypto_prices' retrieved from /opt/airflow/dags/crawl_crypto_prices.py
[2026-03-24T02:15:49.771+0000] {logging_mixin.py:188} INFO - [2026-03-24T02:15:49.770+0000] {dag.py:3036} INFO - Sync 1 DAGs
[2026-03-24T02:15:49.780+0000] {logging_mixin.py:188} INFO - [2026-03-24T02:15:49.780+0000] {dag.py:3823} INFO - Setting next_dagrun for crawl_crypto_prices to 2026-03-24 02:00:00+00:00, run_after=2026-03-24 03:00:00+00:00
[2026-03-24T02:15:49.786+0000] {processor.py:183} INFO - Processing /opt/airflow/dags/crawl_crypto_prices.py took 0.051 seconds
[2026-03-24T02:16:20.087+0000] {processor.py:161} INFO - Started process (PID=11861) to work on /opt/airflow/dags/crawl_crypto_prices.py
[2026-03-24T02:16:20.088+0000] {processor.py:830} INFO - Processing file /opt/airflow/dags/crawl_crypto_prices.py for tasks to queue
[2026-03-24T02:16:20.089+0000] {logging_mixin.py:188} INFO - [2026-03-24T02:16:20.089+0000] {dagbag.py:538} INFO - Filling up the DagBag from /opt/airflow/dags/crawl_crypto_prices.py
[2026-03-24T02:16:20.103+0000] {processor.py:840} INFO - DAG(s) 'crawl_crypto_prices' retrieved from /opt/airflow/dags/crawl_crypto_prices.py
[2026-03-24T02:16:20.121+0000] {logging_mixin.py:188} INFO - [2026-03-24T02:16:20.121+0000] {dag.py:3036} INFO - Sync 1 DAGs
[2026-03-24T02:16:20.130+0000] {logging_mixin.py:188} INFO - [2026-03-24T02:16:20.130+0000] {dag.py:3823} INFO - Setting next_dagrun for crawl_crypto_prices to 2026-03-24 02:00:00+00:00, run_after=2026-03-24 03:00:00+00:00
[2026-03-24T02:16:20.137+0000] {processor.py:183} INFO - Processing /opt/airflow/dags/crawl_crypto_prices.py took 0.053 seconds
[2026-03-24T02:16:50.393+0000] {processor.py:161} INFO - Started process (PID=11866) to work on /opt/airflow/dags/crawl_crypto_prices.py
[2026-03-24T02:16:50.394+0000] {processor.py:830} INFO - Processing file /opt/airflow/dags/crawl_crypto_prices.py for tasks to queue
[2026-03-24T02:16:50.395+0000] {logging_mixin.py:188} INFO - [2026-03-24T02:16:50.395+0000] {dagbag.py:538} INFO - Filling up the DagBag from /opt/airflow/dags/crawl_crypto_prices.py
[2026-03-24T02:16:50.409+0000] {processor.py:840} INFO - DAG(s) 'crawl_crypto_prices' retrieved from /opt/airflow/dags/crawl_crypto_prices.py
[2026-03-24T02:16:50.427+0000] {logging_mixin.py:188} INFO - [2026-03-24T02:16:50.427+0000] {dag.py:3036} INFO - Sync 1 DAGs
[2026-03-24T02:16:50.437+0000] {logging_mixin.py:188} INFO - [2026-03-24T02:16:50.436+0000] {dag.py:3823} INFO - Setting next_dagrun for crawl_crypto_prices to 2026-03-24 02:00:00+00:00, run_after=2026-03-24 03:00:00+00:00
[2026-03-24T02:16:50.442+0000] {processor.py:183} INFO - Processing /opt/airflow/dags/crawl_crypto_prices.py took 0.053 seconds
[2026-03-24T02:17:20.728+0000] {processor.py:161} INFO - Started process (PID=11871) to work on /opt/airflow/dags/crawl_crypto_prices.py
[2026-03-24T02:17:20.729+0000] {processor.py:830} INFO - Processing file /opt/airflow/dags/crawl_crypto_prices.py for tasks to queue
[2026-03-24T02:17:20.729+0000] {logging_mixin.py:188} INFO - [2026-03-24T02:17:20.729+0000] {dagbag.py:538} INFO - Filling up the DagBag from /opt/airflow/dags/crawl_crypto_prices.py
[2026-03-24T02:17:20.740+0000] {processor.py:840} INFO - DAG(s) 'crawl_crypto_prices' retrieved from /opt/airflow/dags/crawl_crypto_prices.py
[2026-03-24T02:17:20.758+0000] {logging_mixin.py:188} INFO - [2026-03-24T02:17:20.758+0000] {dag.py:3036} INFO - Sync 1 DAGs
[2026-03-24T02:17:20.767+0000] {logging_mixin.py:188} INFO - [2026-03-24T02:17:20.767+0000] {dag.py:3823} INFO - Setting next_dagrun for crawl_crypto_prices to 2026-03-24 02:00:00+00:00, run_after=2026-03-24 03:00:00+00:00
[2026-03-24T02:17:20.773+0000] {processor.py:183} INFO - Processing /opt/airflow/dags/crawl_crypto_prices.py took 0.048 seconds
[2026-03-24T02:17:51.033+0000] {processor.py:161} INFO - Started process (PID=11876) to work on /opt/airflow/dags/crawl_crypto_prices.py
[2026-03-24T02:17:51.034+0000] {processor.py:830} INFO - Processing file /opt/airflow/dags/crawl_crypto_prices.py for tasks to queue
[2026-03-24T02:17:51.035+0000] {logging_mixin.py:188} INFO - [2026-03-24T02:17:51.034+0000] {dagbag.py:538} INFO - Filling up the DagBag from /opt/airflow/dags/crawl_crypto_prices.py
[2026-03-24T02:17:51.046+0000] {processor.py:840} INFO - DAG(s) 'crawl_crypto_prices' retrieved from /opt/airflow/dags/crawl_crypto_prices.py
[2026-03-24T02:17:51.065+0000] {logging_mixin.py:188} INFO - [2026-03-24T02:17:51.065+0000] {dag.py:3036} INFO - Sync 1 DAGs
[2026-03-24T02:17:51.075+0000] {logging_mixin.py:188} INFO - [2026-03-24T02:17:51.075+0000] {dag.py:3823} INFO - Setting next_dagrun for crawl_crypto_prices to 2026-03-24 02:00:00+00:00, run_after=2026-03-24 03:00:00+00:00
[2026-03-24T02:17:51.081+0000] {processor.py:183} INFO - Processing /opt/airflow/dags/crawl_crypto_prices.py took 0.051 seconds
[2026-03-24T02:18:21.374+0000] {processor.py:161} INFO - Started process (PID=11881) to work on /opt/airflow/dags/crawl_crypto_prices.py
[2026-03-24T02:18:21.375+0000] {processor.py:830} INFO - Processing file /opt/airflow/dags/crawl_crypto_prices.py for tasks to queue
[2026-03-24T02:18:21.376+0000] {logging_mixin.py:188} INFO - [2026-03-24T02:18:21.375+0000] {dagbag.py:538} INFO - Filling up the DagBag from /opt/airflow/dags/crawl_crypto_prices.py
[2026-03-24T02:18:21.388+0000] {processor.py:840} INFO - DAG(s) 'crawl_crypto_prices' retrieved from /opt/airflow/dags/crawl_crypto_prices.py
[2026-03-24T02:18:21.407+0000] {logging_mixin.py:188} INFO - [2026-03-24T02:18:21.407+0000] {dag.py:3036} INFO - Sync 1 DAGs
[2026-03-24T02:18:21.416+0000] {logging_mixin.py:188} INFO - [2026-03-24T02:18:21.416+0000] {dag.py:3823} INFO - Setting next_dagrun for crawl_crypto_prices to 2026-03-24 02:00:00+00:00, run_after=2026-03-24 03:00:00+00:00
[2026-03-24T02:18:21.422+0000] {processor.py:183} INFO - Processing /opt/airflow/dags/crawl_crypto_prices.py took 0.053 seconds
[2026-03-24T02:18:51.677+0000] {processor.py:161} INFO - Started process (PID=11886) to work on /opt/airflow/dags/crawl_crypto_prices.py
[2026-03-24T02:18:51.678+0000] {processor.py:830} INFO - Processing file /opt/airflow/dags/crawl_crypto_prices.py for tasks to queue
[2026-03-24T02:18:51.679+0000] {logging_mixin.py:188} INFO - [2026-03-24T02:18:51.679+0000] {dagbag.py:538} INFO - Filling up the DagBag from /opt/airflow/dags/crawl_crypto_prices.py
[2026-03-24T02:18:51.693+0000] {processor.py:840} INFO - DAG(s) 'crawl_crypto_prices' retrieved from /opt/airflow/dags/crawl_crypto_prices.py
[2026-03-24T02:18:51.713+0000] {logging_mixin.py:188} INFO - [2026-03-24T02:18:51.712+0000] {dag.py:3036} INFO - Sync 1 DAGs
[2026-03-24T02:18:51.724+0000] {logging_mixin.py:188} INFO - [2026-03-24T02:18:51.724+0000] {dag.py:3823} INFO - Setting next_dagrun for crawl_crypto_prices to 2026-03-24 02:00:00+00:00, run_after=2026-03-24 03:00:00+00:00
[2026-03-24T02:18:51.732+0000] {processor.py:183} INFO - Processing /opt/airflow/dags/crawl_crypto_prices.py took 0.057 seconds
[2026-03-24T02:19:21.976+0000] {processor.py:161} INFO - Started process (PID=11891) to work on /opt/airflow/dags/crawl_crypto_prices.py
[2026-03-24T02:19:21.977+0000] {processor.py:830} INFO - Processing file /opt/airflow/dags/crawl_crypto_prices.py for tasks to queue
[2026-03-24T02:19:21.978+0000] {logging_mixin.py:188} INFO - [2026-03-24T02:19:21.978+0000] {dagbag.py:538} INFO - Filling up the DagBag from /opt/airflow/dags/crawl_crypto_prices.py
[2026-03-24T02:19:21.989+0000] {processor.py:840} INFO - DAG(s) 'crawl_crypto_prices' retrieved from /opt/airflow/dags/crawl_crypto_prices.py
[2026-03-24T02:19:22.004+0000] {logging_mixin.py:188} INFO - [2026-03-24T02:19:22.004+0000] {dag.py:3036} INFO - Sync 1 DAGs
[2026-03-24T02:19:22.014+0000] {logging_mixin.py:188} INFO - [2026-03-24T02:19:22.014+0000] {dag.py:3823} INFO - Setting next_dagrun for crawl_crypto_prices to 2026-03-24 02:00:00+00:00, run_after=2026-03-24 03:00:00+00:00
[2026-03-24T02:19:22.020+0000] {processor.py:183} INFO - Processing /opt/airflow/dags/crawl_crypto_prices.py took 0.048 seconds
[2026-03-24T02:19:52.262+0000] {processor.py:161} INFO - Started process (PID=11896) to work on /opt/airflow/dags/crawl_crypto_prices.py
[2026-03-24T02:19:52.263+0000] {processor.py:830} INFO - Processing file /opt/airflow/dags/crawl_crypto_prices.py for tasks to queue
[2026-03-24T02:19:52.264+0000] {logging_mixin.py:188} INFO - [2026-03-24T02:19:52.264+0000] {dagbag.py:538} INFO - Filling up the DagBag from /opt/airflow/dags/crawl_crypto_prices.py
[2026-03-24T02:19:52.275+0000] {processor.py:840} INFO - DAG(s) 'crawl_crypto_prices' retrieved from /opt/airflow/dags/crawl_crypto_prices.py
[2026-03-24T02:19:52.293+0000] {logging_mixin.py:188} INFO - [2026-03-24T02:19:52.293+0000] {dag.py:3036} INFO - Sync 1 DAGs
[2026-03-24T02:19:52.303+0000] {logging_mixin.py:188} INFO - [2026-03-24T02:19:52.303+0000] {dag.py:3823} INFO - Setting next_dagrun for crawl_crypto_prices to 2026-03-24 02:00:00+00:00, run_after=2026-03-24 03:00:00+00:00
[2026-03-24T02:19:52.309+0000] {processor.py:183} INFO - Processing /opt/airflow/dags/crawl_crypto_prices.py took 0.050 seconds
[2026-03-24T02:20:22.525+0000] {processor.py:161} INFO - Started process (PID=11901) to work on /opt/airflow/dags/crawl_crypto_prices.py
[2026-03-24T02:20:22.526+0000] {processor.py:830} INFO - Processing file /opt/airflow/dags/crawl_crypto_prices.py for tasks to queue
[2026-03-24T02:20:22.526+0000] {logging_mixin.py:188} INFO - [2026-03-24T02:20:22.526+0000] {dagbag.py:538} INFO - Filling up the DagBag from /opt/airflow/dags/crawl_crypto_prices.py
[2026-03-24T02:20:22.536+0000] {processor.py:840} INFO - DAG(s) 'crawl_crypto_prices' retrieved from /opt/airflow/dags/crawl_crypto_prices.py
[2026-03-24T02:20:22.551+0000] {logging_mixin.py:188} INFO - [2026-03-24T02:20:22.551+0000] {dag.py:3036} INFO - Sync 1 DAGs
[2026-03-24T02:20:22.560+0000] {logging_mixin.py:188} INFO - [2026-03-24T02:20:22.560+0000] {dag.py:3823} INFO - Setting next_dagrun for crawl_crypto_prices to 2026-03-24 02:00:00+00:00, run_after=2026-03-24 03:00:00+00:00
[2026-03-24T02:20:22.566+0000] {processor.py:183} INFO - Processing /opt/airflow/dags/crawl_crypto_prices.py took 0.043 seconds
[2026-03-24T02:20:52.787+0000] {processor.py:161} INFO - Started process (PID=11906) to work on /opt/airflow/dags/crawl_crypto_prices.py
[2026-03-24T02:20:52.787+0000] {processor.py:830} INFO - Processing file /opt/airflow/dags/crawl_crypto_prices.py for tasks to queue
[2026-03-24T02:20:52.788+0000] {logging_mixin.py:188} INFO - [2026-03-24T02:20:52.788+0000] {dagbag.py:538} INFO - Filling up the DagBag from /opt/airflow/dags/crawl_crypto_prices.py
[2026-03-24T02:20:52.794+0000] {processor.py:840} INFO - DAG(s) 'crawl_crypto_prices' retrieved from /opt/airflow/dags/crawl_crypto_prices.py
[2026-03-24T02:20:52.805+0000] {logging_mixin.py:188} INFO - [2026-03-24T02:20:52.805+0000] {dag.py:3036} INFO - Sync 1 DAGs
[2026-03-24T02:20:52.813+0000] {logging_mixin.py:188} INFO - [2026-03-24T02:20:52.813+0000] {dag.py:3823} INFO - Setting next_dagrun for crawl_crypto_prices to 2026-03-24 02:00:00+00:00, run_after=2026-03-24 03:00:00+00:00
[2026-03-24T02:20:52.819+0000] {processor.py:183} INFO - Processing /opt/airflow/dags/crawl_crypto_prices.py took 0.033 seconds
[2026-03-24T02:21:23.114+0000] {processor.py:161} INFO - Started process (PID=11911) to work on /opt/airflow/dags/crawl_crypto_prices.py
[2026-03-24T02:21:23.115+0000] {processor.py:830} INFO - Processing file /opt/airflow/dags/crawl_crypto_prices.py for tasks to queue
[2026-03-24T02:21:23.116+0000] {logging_mixin.py:188} INFO - [2026-03-24T02:21:23.116+0000] {dagbag.py:538} INFO - Filling up the DagBag from /opt/airflow/dags/crawl_crypto_prices.py
[2026-03-24T02:21:23.130+0000] {processor.py:840} INFO - DAG(s) 'crawl_crypto_prices' retrieved from /opt/airflow/dags/crawl_crypto_prices.py
[2026-03-24T02:21:23.150+0000] {logging_mixin.py:188} INFO - [2026-03-24T02:21:23.150+0000] {dag.py:3036} INFO - Sync 1 DAGs
[2026-03-24T02:21:23.161+0000] {logging_mixin.py:188} INFO - [2026-03-24T02:21:23.161+0000] {dag.py:3823} INFO - Setting next_dagrun for crawl_crypto_prices to 2026-03-24 02:00:00+00:00, run_after=2026-03-24 03:00:00+00:00
[2026-03-24T02:21:23.170+0000] {processor.py:183} INFO - Processing /opt/airflow/dags/crawl_crypto_prices.py took 0.060 seconds
[2026-03-24T02:21:53.567+0000] {processor.py:161} INFO - Started process (PID=11916) to work on /opt/airflow/dags/crawl_crypto_prices.py
[2026-03-24T02:21:53.568+0000] {processor.py:830} INFO - Processing file /opt/airflow/dags/crawl_crypto_prices.py for tasks to queue
[2026-03-24T02:21:53.569+0000] {logging_mixin.py:188} INFO - [2026-03-24T02:21:53.568+0000] {dagbag.py:538} INFO - Filling up the DagBag from /opt/airflow/dags/crawl_crypto_prices.py
[2026-03-24T02:21:53.580+0000] {processor.py:840} INFO - DAG(s) 'crawl_crypto_prices' retrieved from /opt/airflow/dags/crawl_crypto_prices.py
[2026-03-24T02:21:53.598+0000] {logging_mixin.py:188} INFO - [2026-03-24T02:21:53.598+0000] {dag.py:3036} INFO - Sync 1 DAGs
[2026-03-24T02:21:53.607+0000] {logging_mixin.py:188} INFO - [2026-03-24T02:21:53.607+0000] {dag.py:3823} INFO - Setting next_dagrun for crawl_crypto_prices to 2026-03-24 02:00:00+00:00, run_after=2026-03-24 03:00:00+00:00
[2026-03-24T02:21:53.614+0000] {processor.py:183} INFO - Processing /opt/airflow/dags/crawl_crypto_prices.py took 0.050 seconds
[2026-03-24T02:22:23.896+0000] {processor.py:161} INFO - Started process (PID=11921) to work on /opt/airflow/dags/crawl_crypto_prices.py
[2026-03-24T02:22:23.897+0000] {processor.py:830} INFO - Processing file /opt/airflow/dags/crawl_crypto_prices.py for tasks to queue
[2026-03-24T02:22:23.898+0000] {logging_mixin.py:188} INFO - [2026-03-24T02:22:23.897+0000] {dagbag.py:538} INFO - Filling up the DagBag from /opt/airflow/dags/crawl_crypto_prices.py
[2026-03-24T02:22:23.910+0000] {processor.py:840} INFO - DAG(s) 'crawl_crypto_prices' retrieved from /opt/airflow/dags/crawl_crypto_prices.py
[2026-03-24T02:22:23.928+0000] {logging_mixin.py:188} INFO - [2026-03-24T02:22:23.928+0000] {dag.py:3036} INFO - Sync 1 DAGs
[2026-03-24T02:22:23.939+0000] {logging_mixin.py:188} INFO - [2026-03-24T02:22:23.938+0000] {dag.py:3823} INFO - Setting next_dagrun for crawl_crypto_prices to 2026-03-24 02:00:00+00:00, run_after=2026-03-24 03:00:00+00:00
[2026-03-24T02:22:23.946+0000] {processor.py:183} INFO - Processing /opt/airflow/dags/crawl_crypto_prices.py took 0.054 seconds
[2026-03-24T02:22:54.215+0000] {processor.py:161} INFO - Started process (PID=11926) to work on /opt/airflow/dags/crawl_crypto_prices.py
[2026-03-24T02:22:54.216+0000] {processor.py:830} INFO - Processing file /opt/airflow/dags/crawl_crypto_prices.py for tasks to queue
[2026-03-24T02:22:54.217+0000] {logging_mixin.py:188} INFO - [2026-03-24T02:22:54.217+0000] {dagbag.py:538} INFO - Filling up the DagBag from /opt/airflow/dags/crawl_crypto_prices.py
[2026-03-24T02:22:54.228+0000] {processor.py:840} INFO - DAG(s) 'crawl_crypto_prices' retrieved from /opt/airflow/dags/crawl_crypto_prices.py
[2026-03-24T02:22:54.246+0000] {logging_mixin.py:188} INFO - [2026-03-24T02:22:54.246+0000] {dag.py:3036} INFO - Sync 1 DAGs
[2026-03-24T02:22:54.257+0000] {logging_mixin.py:188} INFO - [2026-03-24T02:22:54.257+0000] {dag.py:3823} INFO - Setting next_dagrun for crawl_crypto_prices to 2026-03-24 02:00:00+00:00, run_after=2026-03-24 03:00:00+00:00
[2026-03-24T02:22:54.263+0000] {processor.py:183} INFO - Processing /opt/airflow/dags/crawl_crypto_prices.py took 0.051 seconds
[2026-03-24T02:23:24.531+0000] {processor.py:161} INFO - Started process (PID=11931) to work on /opt/airflow/dags/crawl_crypto_prices.py
[2026-03-24T02:23:24.532+0000] {processor.py:830} INFO - Processing file /opt/airflow/dags/crawl_crypto_prices.py for tasks to queue
[2026-03-24T02:23:24.533+0000] {logging_mixin.py:188} INFO - [2026-03-24T02:23:24.533+0000] {dagbag.py:538} INFO - Filling up the DagBag from /opt/airflow/dags/crawl_crypto_prices.py
[2026-03-24T02:23:24.544+0000] {processor.py:840} INFO - DAG(s) 'crawl_crypto_prices' retrieved from /opt/airflow/dags/crawl_crypto_prices.py
[2026-03-24T02:23:24.562+0000] {logging_mixin.py:188} INFO - [2026-03-24T02:23:24.562+0000] {dag.py:3036} INFO - Sync 1 DAGs
[2026-03-24T02:23:24.571+0000] {logging_mixin.py:188} INFO - [2026-03-24T02:23:24.571+0000] {dag.py:3823} INFO - Setting next_dagrun for crawl_crypto_prices to 2026-03-24 02:00:00+00:00, run_after=2026-03-24 03:00:00+00:00
[2026-03-24T02:23:24.578+0000] {processor.py:183} INFO - Processing /opt/airflow/dags/crawl_crypto_prices.py took 0.050 seconds
[2026-03-24T02:23:54.865+0000] {processor.py:161} INFO - Started process (PID=11936) to work on /opt/airflow/dags/crawl_crypto_prices.py
[2026-03-24T02:23:54.865+0000] {processor.py:830} INFO - Processing file /opt/airflow/dags/crawl_crypto_prices.py for tasks to queue
[2026-03-24T02:23:54.866+0000] {logging_mixin.py:188} INFO - [2026-03-24T02:23:54.866+0000] {dagbag.py:538} INFO - Filling up the DagBag from /opt/airflow/dags/crawl_crypto_prices.py
[2026-03-24T02:23:54.877+0000] {processor.py:840} INFO - DAG(s) 'crawl_crypto_prices' retrieved from /opt/airflow/dags/crawl_crypto_prices.py
[2026-03-24T02:23:54.896+0000] {logging_mixin.py:188} INFO - [2026-03-24T02:23:54.896+0000] {dag.py:3036} INFO - Sync 1 DAGs
[2026-03-24T02:23:54.906+0000] {logging_mixin.py:188} INFO - [2026-03-24T02:23:54.906+0000] {dag.py:3823} INFO - Setting next_dagrun for crawl_crypto_prices to 2026-03-24 02:00:00+00:00, run_after=2026-03-24 03:00:00+00:00
[2026-03-24T02:23:54.912+0000] {processor.py:183} INFO - Processing /opt/airflow/dags/crawl_crypto_prices.py took 0.051 seconds
[2026-03-24T02:24:25.190+0000] {processor.py:161} INFO - Started process (PID=11941) to work on /opt/airflow/dags/crawl_crypto_prices.py
[2026-03-24T02:24:25.191+0000] {processor.py:830} INFO - Processing file /opt/airflow/dags/crawl_crypto_prices.py for tasks to queue
[2026-03-24T02:24:25.192+0000] {logging_mixin.py:188} INFO - [2026-03-24T02:24:25.191+0000] {dagbag.py:538} INFO - Filling up the DagBag from /opt/airflow/dags/crawl_crypto_prices.py
[2026-03-24T02:24:25.202+0000] {processor.py:840} INFO - DAG(s) 'crawl_crypto_prices' retrieved from /opt/airflow/dags/crawl_crypto_prices.py
[2026-03-24T02:24:25.220+0000] {logging_mixin.py:188} INFO - [2026-03-24T02:24:25.220+0000] {dag.py:3036} INFO - Sync 1 DAGs
[2026-03-24T02:24:25.229+0000] {logging_mixin.py:188} INFO - [2026-03-24T02:24:25.229+0000] {dag.py:3823} INFO - Setting next_dagrun for crawl_crypto_prices to 2026-03-24 02:00:00+00:00, run_after=2026-03-24 03:00:00+00:00
[2026-03-24T02:24:25.236+0000] {processor.py:183} INFO - Processing /opt/airflow/dags/crawl_crypto_prices.py took 0.049 seconds
[2026-03-24T02:24:55.501+0000] {processor.py:161} INFO - Started process (PID=11946) to work on /opt/airflow/dags/crawl_crypto_prices.py
[2026-03-24T02:24:55.501+0000] {processor.py:830} INFO - Processing file /opt/airflow/dags/crawl_crypto_prices.py for tasks to queue
[2026-03-24T02:24:55.502+0000] {logging_mixin.py:188} INFO - [2026-03-24T02:24:55.502+0000] {dagbag.py:538} INFO - Filling up the DagBag from /opt/airflow/dags/crawl_crypto_prices.py
[2026-03-24T02:24:55.513+0000] {processor.py:840} INFO - DAG(s) 'crawl_crypto_prices' retrieved from /opt/airflow/dags/crawl_crypto_prices.py
[2026-03-24T02:24:55.527+0000] {logging_mixin.py:188} INFO - [2026-03-24T02:24:55.526+0000] {dag.py:3036} INFO - Sync 1 DAGs
[2026-03-24T02:24:55.536+0000] {logging_mixin.py:188} INFO - [2026-03-24T02:24:55.536+0000] {dag.py:3823} INFO - Setting next_dagrun for crawl_crypto_prices to 2026-03-24 02:00:00+00:00, run_after=2026-03-24 03:00:00+00:00
[2026-03-24T02:24:55.542+0000] {processor.py:183} INFO - Processing /opt/airflow/dags/crawl_crypto_prices.py took 0.044 seconds
[2026-03-24T02:25:25.825+0000] {processor.py:161} INFO - Started process (PID=11951) to work on /opt/airflow/dags/crawl_crypto_prices.py
[2026-03-24T02:25:25.826+0000] {processor.py:830} INFO - Processing file /opt/airflow/dags/crawl_crypto_prices.py for tasks to queue
[2026-03-24T02:25:25.827+0000] {logging_mixin.py:188} INFO - [2026-03-24T02:25:25.827+0000] {dagbag.py:538} INFO - Filling up the DagBag from /opt/airflow/dags/crawl_crypto_prices.py
[2026-03-24T02:25:25.840+0000] {processor.py:840} INFO - DAG(s) 'crawl_crypto_prices' retrieved from /opt/airflow/dags/crawl_crypto_prices.py
[2026-03-24T02:25:25.859+0000] {logging_mixin.py:188} INFO - [2026-03-24T02:25:25.859+0000] {dag.py:3036} INFO - Sync 1 DAGs
[2026-03-24T02:25:25.869+0000] {logging_mixin.py:188} INFO - [2026-03-24T02:25:25.869+0000] {dag.py:3823} INFO - Setting next_dagrun for crawl_crypto_prices to 2026-03-24 02:00:00+00:00, run_after=2026-03-24 03:00:00+00:00
[2026-03-24T02:25:25.876+0000] {processor.py:183} INFO - Processing /opt/airflow/dags/crawl_crypto_prices.py took 0.054 seconds
[2026-03-24T02:25:56.134+0000] {processor.py:161} INFO - Started process (PID=11956) to work on /opt/airflow/dags/crawl_crypto_prices.py
[2026-03-24T02:25:56.134+0000] {processor.py:830} INFO - Processing file /opt/airflow/dags/crawl_crypto_prices.py for tasks to queue
[2026-03-24T02:25:56.135+0000] {logging_mixin.py:188} INFO - [2026-03-24T02:25:56.134+0000] {dagbag.py:538} INFO - Filling up the DagBag from /opt/airflow/dags/crawl_crypto_prices.py
[2026-03-24T02:25:56.140+0000] {processor.py:840} INFO - DAG(s) 'crawl_crypto_prices' retrieved from /opt/airflow/dags/crawl_crypto_prices.py
[2026-03-24T02:25:56.151+0000] {logging_mixin.py:188} INFO - [2026-03-24T02:25:56.151+0000] {dag.py:3036} INFO - Sync 1 DAGs
[2026-03-24T02:25:56.159+0000] {logging_mixin.py:188} INFO - [2026-03-24T02:25:56.159+0000] {dag.py:3823} INFO - Setting next_dagrun for crawl_crypto_prices to 2026-03-24 02:00:00+00:00, run_after=2026-03-24 03:00:00+00:00
[2026-03-24T02:25:56.165+0000] {processor.py:183} INFO - Processing /opt/airflow/dags/crawl_crypto_prices.py took 0.032 seconds
[2026-03-24T02:26:26.463+0000] {processor.py:161} INFO - Started process (PID=11961) to work on /opt/airflow/dags/crawl_crypto_prices.py
[2026-03-24T02:26:26.464+0000] {processor.py:830} INFO - Processing file /opt/airflow/dags/crawl_crypto_prices.py for tasks to queue
[2026-03-24T02:26:26.464+0000] {logging_mixin.py:188} INFO - [2026-03-24T02:26:26.464+0000] {dagbag.py:538} INFO - Filling up the DagBag from /opt/airflow/dags/crawl_crypto_prices.py
[2026-03-24T02:26:26.475+0000] {processor.py:840} INFO - DAG(s) 'crawl_crypto_prices' retrieved from /opt/airflow/dags/crawl_crypto_prices.py
[2026-03-24T02:26:26.495+0000] {logging_mixin.py:188} INFO - [2026-03-24T02:26:26.495+0000] {dag.py:3036} INFO - Sync 1 DAGs
[2026-03-24T02:26:26.504+0000] {logging_mixin.py:188} INFO - [2026-03-24T02:26:26.504+0000] {dag.py:3823} INFO - Setting next_dagrun for crawl_crypto_prices to 2026-03-24 02:00:00+00:00, run_after=2026-03-24 03:00:00+00:00
[2026-03-24T02:26:26.510+0000] {processor.py:183} INFO - Processing /opt/airflow/dags/crawl_crypto_prices.py took 0.050 seconds
[2026-03-24T02:26:56.787+0000] {processor.py:161} INFO - Started process (PID=11966) to work on /opt/airflow/dags/crawl_crypto_prices.py
[2026-03-24T02:26:56.788+0000] {processor.py:830} INFO - Processing file /opt/airflow/dags/crawl_crypto_prices.py for tasks to queue
[2026-03-24T02:26:56.789+0000] {logging_mixin.py:188} INFO - [2026-03-24T02:26:56.789+0000] {dagbag.py:538} INFO - Filling up the DagBag from /opt/airflow/dags/crawl_crypto_prices.py
[2026-03-24T02:26:56.800+0000] {processor.py:840} INFO - DAG(s) 'crawl_crypto_prices' retrieved from /opt/airflow/dags/crawl_crypto_prices.py
[2026-03-24T02:26:56.819+0000] {logging_mixin.py:188} INFO - [2026-03-24T02:26:56.819+0000] {dag.py:3036} INFO - Sync 1 DAGs
[2026-03-24T02:26:56.828+0000] {logging_mixin.py:188} INFO - [2026-03-24T02:26:56.828+0000] {dag.py:3823} INFO - Setting next_dagrun for crawl_crypto_prices to 2026-03-24 02:00:00+00:00, run_after=2026-03-24 03:00:00+00:00
[2026-03-24T02:26:56.834+0000] {processor.py:183} INFO - Processing /opt/airflow/dags/crawl_crypto_prices.py took 0.051 seconds
[2026-03-24T02:27:27.124+0000] {processor.py:161} INFO - Started process (PID=11971) to work on /opt/airflow/dags/crawl_crypto_prices.py
[2026-03-24T02:27:27.126+0000] {processor.py:830} INFO - Processing file /opt/airflow/dags/crawl_crypto_prices.py for tasks to queue
[2026-03-24T02:27:27.127+0000] {logging_mixin.py:188} INFO - [2026-03-24T02:27:27.127+0000] {dagbag.py:538} INFO - Filling up the DagBag from /opt/airflow/dags/crawl_crypto_prices.py
[2026-03-24T02:27:27.139+0000] {processor.py:840} INFO - DAG(s) 'crawl_crypto_prices' retrieved from /opt/airflow/dags/crawl_crypto_prices.py
[2026-03-24T02:27:27.156+0000] {logging_mixin.py:188} INFO - [2026-03-24T02:27:27.156+0000] {dag.py:3036} INFO - Sync 1 DAGs
[2026-03-24T02:27:27.165+0000] {logging_mixin.py:188} INFO - [2026-03-24T02:27:27.165+0000] {dag.py:3823} INFO - Setting next_dagrun for crawl_crypto_prices to 2026-03-24 02:00:00+00:00, run_after=2026-03-24 03:00:00+00:00
[2026-03-24T02:27:27.171+0000] {processor.py:183} INFO - Processing /opt/airflow/dags/crawl_crypto_prices.py took 0.050 seconds
[2026-03-24T02:27:57.418+0000] {processor.py:161} INFO - Started process (PID=11976) to work on /opt/airflow/dags/crawl_crypto_prices.py
[2026-03-24T02:27:57.419+0000] {processor.py:830} INFO - Processing file /opt/airflow/dags/crawl_crypto_prices.py for tasks to queue
[2026-03-24T02:27:57.419+0000] {logging_mixin.py:188} INFO - [2026-03-24T02:27:57.419+0000] {dagbag.py:538} INFO - Filling up the DagBag from /opt/airflow/dags/crawl_crypto_prices.py
[2026-03-24T02:27:57.430+0000] {processor.py:840} INFO - DAG(s) 'crawl_crypto_prices' retrieved from /opt/airflow/dags/crawl_crypto_prices.py
[2026-03-24T02:27:57.446+0000] {logging_mixin.py:188} INFO - [2026-03-24T02:27:57.446+0000] {dag.py:3036} INFO - Sync 1 DAGs
[2026-03-24T02:27:57.456+0000] {logging_mixin.py:188} INFO - [2026-03-24T02:27:57.456+0000] {dag.py:3823} INFO - Setting next_dagrun for crawl_crypto_prices to 2026-03-24 02:00:00+00:00, run_after=2026-03-24 03:00:00+00:00
[2026-03-24T02:27:57.462+0000] {processor.py:183} INFO - Processing /opt/airflow/dags/crawl_crypto_prices.py took 0.047 seconds
[2026-03-24T02:28:27.694+0000] {processor.py:161} INFO - Started process (PID=11981) to work on /opt/airflow/dags/crawl_crypto_prices.py
[2026-03-24T02:28:27.695+0000] {processor.py:830} INFO - Processing file /opt/airflow/dags/crawl_crypto_prices.py for tasks to queue
[2026-03-24T02:28:27.696+0000] {logging_mixin.py:188} INFO - [2026-03-24T02:28:27.696+0000] {dagbag.py:538} INFO - Filling up the DagBag from /opt/airflow/dags/crawl_crypto_prices.py
[2026-03-24T02:28:27.706+0000] {processor.py:840} INFO - DAG(s) 'crawl_crypto_prices' retrieved from /opt/airflow/dags/crawl_crypto_prices.py
[2026-03-24T02:28:27.722+0000] {logging_mixin.py:188} INFO - [2026-03-24T02:28:27.722+0000] {dag.py:3036} INFO - Sync 1 DAGs
[2026-03-24T02:28:27.732+0000] {logging_mixin.py:188} INFO - [2026-03-24T02:28:27.732+0000] {dag.py:3823} INFO - Setting next_dagrun for crawl_crypto_prices to 2026-03-24 02:00:00+00:00, run_after=2026-03-24 03:00:00+00:00
[2026-03-24T02:28:27.738+0000] {processor.py:183} INFO - Processing /opt/airflow/dags/crawl_crypto_prices.py took 0.046 seconds
[2026-03-24T02:28:57.991+0000] {processor.py:161} INFO - Started process (PID=11986) to work on /opt/airflow/dags/crawl_crypto_prices.py
[2026-03-24T02:28:57.992+0000] {processor.py:830} INFO - Processing file /opt/airflow/dags/crawl_crypto_prices.py for tasks to queue
[2026-03-24T02:28:57.993+0000] {logging_mixin.py:188} INFO - [2026-03-24T02:28:57.992+0000] {dagbag.py:538} INFO - Filling up the DagBag from /opt/airflow/dags/crawl_crypto_prices.py
[2026-03-24T02:28:58.007+0000] {processor.py:840} INFO - DAG(s) 'crawl_crypto_prices' retrieved from /opt/airflow/dags/crawl_crypto_prices.py
[2026-03-24T02:28:58.026+0000] {logging_mixin.py:188} INFO - [2026-03-24T02:28:58.026+0000] {dag.py:3036} INFO - Sync 1 DAGs
[2026-03-24T02:28:58.036+0000] {logging_mixin.py:188} INFO - [2026-03-24T02:28:58.036+0000] {dag.py:3823} INFO - Setting next_dagrun for crawl_crypto_prices to 2026-03-24 02:00:00+00:00, run_after=2026-03-24 03:00:00+00:00
[2026-03-24T02:28:58.042+0000] {processor.py:183} INFO - Processing /opt/airflow/dags/crawl_crypto_prices.py took 0.055 seconds
[2026-03-24T02:29:28.284+0000] {processor.py:161} INFO - Started process (PID=11991) to work on /opt/airflow/dags/crawl_crypto_prices.py
[2026-03-24T02:29:28.285+0000] {processor.py:830} INFO - Processing file /opt/airflow/dags/crawl_crypto_prices.py for tasks to queue
[2026-03-24T02:29:28.286+0000] {logging_mixin.py:188} INFO - [2026-03-24T02:29:28.286+0000] {dagbag.py:538} INFO - Filling up the DagBag from /opt/airflow/dags/crawl_crypto_prices.py
[2026-03-24T02:29:28.296+0000] {processor.py:840} INFO - DAG(s) 'crawl_crypto_prices' retrieved from /opt/airflow/dags/crawl_crypto_prices.py
[2026-03-24T02:29:28.314+0000] {logging_mixin.py:188} INFO - [2026-03-24T02:29:28.314+0000] {dag.py:3036} INFO - Sync 1 DAGs
[2026-03-24T02:29:28.323+0000] {logging_mixin.py:188} INFO - [2026-03-24T02:29:28.323+0000] {dag.py:3823} INFO - Setting next_dagrun for crawl_crypto_prices to 2026-03-24 02:00:00+00:00, run_after=2026-03-24 03:00:00+00:00
[2026-03-24T02:29:28.329+0000] {processor.py:183} INFO - Processing /opt/airflow/dags/crawl_crypto_prices.py took 0.048 seconds
[2026-03-24T02:29:58.597+0000] {processor.py:161} INFO - Started process (PID=11996) to work on /opt/airflow/dags/crawl_crypto_prices.py
[2026-03-24T02:29:58.598+0000] {processor.py:830} INFO - Processing file /opt/airflow/dags/crawl_crypto_prices.py for tasks to queue
[2026-03-24T02:29:58.599+0000] {logging_mixin.py:188} INFO - [2026-03-24T02:29:58.599+0000] {dagbag.py:538} INFO - Filling up the DagBag from /opt/airflow/dags/crawl_crypto_prices.py
[2026-03-24T02:29:58.610+0000] {processor.py:840} INFO - DAG(s) 'crawl_crypto_prices' retrieved from /opt/airflow/dags/crawl_crypto_prices.py
[2026-03-24T02:29:58.628+0000] {logging_mixin.py:188} INFO - [2026-03-24T02:29:58.628+0000] {dag.py:3036} INFO - Sync 1 DAGs
[2026-03-24T02:29:58.638+0000] {logging_mixin.py:188} INFO - [2026-03-24T02:29:58.638+0000] {dag.py:3823} INFO - Setting next_dagrun for crawl_crypto_prices to 2026-03-24 02:00:00+00:00, run_after=2026-03-24 03:00:00+00:00
[2026-03-24T02:29:58.644+0000] {processor.py:183} INFO - Processing /opt/airflow/dags/crawl_crypto_prices.py took 0.050 seconds
[2026-03-24T02:30:28.924+0000] {processor.py:161} INFO - Started process (PID=12001) to work on /opt/airflow/dags/crawl_crypto_prices.py
[2026-03-24T02:30:28.925+0000] {processor.py:830} INFO - Processing file /opt/airflow/dags/crawl_crypto_prices.py for tasks to queue
[2026-03-24T02:30:28.926+0000] {logging_mixin.py:188} INFO - [2026-03-24T02:30:28.926+0000] {dagbag.py:538} INFO - Filling up the DagBag from /opt/airflow/dags/crawl_crypto_prices.py
[2026-03-24T02:30:28.936+0000] {processor.py:840} INFO - DAG(s) 'crawl_crypto_prices' retrieved from /opt/airflow/dags/crawl_crypto_prices.py
[2026-03-24T02:30:28.955+0000] {logging_mixin.py:188} INFO - [2026-03-24T02:30:28.955+0000] {dag.py:3036} INFO - Sync 1 DAGs
[2026-03-24T02:30:28.965+0000] {logging_mixin.py:188} INFO - [2026-03-24T02:30:28.965+0000] {dag.py:3823} INFO - Setting next_dagrun for crawl_crypto_prices to 2026-03-24 02:00:00+00:00, run_after=2026-03-24 03:00:00+00:00
[2026-03-24T02:30:28.972+0000] {processor.py:183} INFO - Processing /opt/airflow/dags/crawl_crypto_prices.py took 0.051 seconds
[2026-03-24T02:30:59.258+0000] {processor.py:161} INFO - Started process (PID=12006) to work on /opt/airflow/dags/crawl_crypto_prices.py
[2026-03-24T02:30:59.259+0000] {processor.py:830} INFO - Processing file /opt/airflow/dags/crawl_crypto_prices.py for tasks to queue
[2026-03-24T02:30:59.260+0000] {logging_mixin.py:188} INFO - [2026-03-24T02:30:59.260+0000] {dagbag.py:538} INFO - Filling up the DagBag from /opt/airflow/dags/crawl_crypto_prices.py
[2026-03-24T02:30:59.275+0000] {processor.py:840} INFO - DAG(s) 'crawl_crypto_prices' retrieved from /opt/airflow/dags/crawl_crypto_prices.py
[2026-03-24T02:30:59.297+0000] {logging_mixin.py:188} INFO - [2026-03-24T02:30:59.297+0000] {dag.py:3036} INFO - Sync 1 DAGs
[2026-03-24T02:30:59.308+0000] {logging_mixin.py:188} INFO - [2026-03-24T02:30:59.308+0000] {dag.py:3823} INFO - Setting next_dagrun for crawl_crypto_prices to 2026-03-24 02:00:00+00:00, run_after=2026-03-24 03:00:00+00:00
[2026-03-24T02:30:59.315+0000] {processor.py:183} INFO - Processing /opt/airflow/dags/crawl_crypto_prices.py took 0.061 seconds
[2026-03-24T02:32:37.469+0000] {processor.py:161} INFO - Started process (PID=12013) to work on /opt/airflow/dags/crawl_crypto_prices.py
[2026-03-24T02:32:37.469+0000] {processor.py:830} INFO - Processing file /opt/airflow/dags/crawl_crypto_prices.py for tasks to queue
[2026-03-24T02:32:37.470+0000] {logging_mixin.py:188} INFO - [2026-03-24T02:32:37.470+0000] {dagbag.py:538} INFO - Filling up the DagBag from /opt/airflow/dags/crawl_crypto_prices.py
[2026-03-24T02:32:37.480+0000] {processor.py:840} INFO - DAG(s) 'crawl_crypto_prices' retrieved from /opt/airflow/dags/crawl_crypto_prices.py
[2026-03-24T02:32:37.499+0000] {logging_mixin.py:188} INFO - [2026-03-24T02:32:37.499+0000] {dag.py:3036} INFO - Sync 1 DAGs
[2026-03-24T02:32:37.508+0000] {logging_mixin.py:188} INFO - [2026-03-24T02:32:37.508+0000] {dag.py:3823} INFO - Setting next_dagrun for crawl_crypto_prices to 2026-03-24 02:00:00+00:00, run_after=2026-03-24 03:00:00+00:00
[2026-03-24T02:32:37.514+0000] {processor.py:183} INFO - Processing /opt/airflow/dags/crawl_crypto_prices.py took 0.049 seconds
[2026-03-24T02:33:07.748+0000] {processor.py:161} INFO - Started process (PID=12018) to work on /opt/airflow/dags/crawl_crypto_prices.py
[2026-03-24T02:33:07.749+0000] {processor.py:830} INFO - Processing file /opt/airflow/dags/crawl_crypto_prices.py for tasks to queue
[2026-03-24T02:33:07.750+0000] {logging_mixin.py:188} INFO - [2026-03-24T02:33:07.749+0000] {dagbag.py:538} INFO - Filling up the DagBag from /opt/airflow/dags/crawl_crypto_prices.py
[2026-03-24T02:33:07.757+0000] {processor.py:840} INFO - DAG(s) 'crawl_crypto_prices' retrieved from /opt/airflow/dags/crawl_crypto_prices.py
[2026-03-24T02:33:07.769+0000] {logging_mixin.py:188} INFO - [2026-03-24T02:33:07.769+0000] {dag.py:3036} INFO - Sync 1 DAGs
[2026-03-24T02:33:07.778+0000] {logging_mixin.py:188} INFO - [2026-03-24T02:33:07.778+0000] {dag.py:3823} INFO - Setting next_dagrun for crawl_crypto_prices to 2026-03-24 02:00:00+00:00, run_after=2026-03-24 03:00:00+00:00
[2026-03-24T02:33:07.784+0000] {processor.py:183} INFO - Processing /opt/airflow/dags/crawl_crypto_prices.py took 0.038 seconds
[2026-03-24T02:33:37.990+0000] {processor.py:161} INFO - Started process (PID=12023) to work on /opt/airflow/dags/crawl_crypto_prices.py
[2026-03-24T02:33:37.992+0000] {processor.py:830} INFO - Processing file /opt/airflow/dags/crawl_crypto_prices.py for tasks to queue
[2026-03-24T02:33:37.994+0000] {logging_mixin.py:188} INFO - [2026-03-24T02:33:37.993+0000] {dagbag.py:538} INFO - Filling up the DagBag from /opt/airflow/dags/crawl_crypto_prices.py
[2026-03-24T02:33:38.006+0000] {processor.py:840} INFO - DAG(s) 'crawl_crypto_prices' retrieved from /opt/airflow/dags/crawl_crypto_prices.py
[2026-03-24T02:33:38.026+0000] {logging_mixin.py:188} INFO - [2026-03-24T02:33:38.026+0000] {dag.py:3036} INFO - Sync 1 DAGs
[2026-03-24T02:33:38.036+0000] {logging_mixin.py:188} INFO - [2026-03-24T02:33:38.036+0000] {dag.py:3823} INFO - Setting next_dagrun for crawl_crypto_prices to 2026-03-24 02:00:00+00:00, run_after=2026-03-24 03:00:00+00:00
[2026-03-24T02:33:38.042+0000] {processor.py:183} INFO - Processing /opt/airflow/dags/crawl_crypto_prices.py took 0.056 seconds
[2026-03-24T02:34:08.331+0000] {processor.py:161} INFO - Started process (PID=12028) to work on /opt/airflow/dags/crawl_crypto_prices.py
[2026-03-24T02:34:08.332+0000] {processor.py:830} INFO - Processing file /opt/airflow/dags/crawl_crypto_prices.py for tasks to queue
[2026-03-24T02:34:08.333+0000] {logging_mixin.py:188} INFO - [2026-03-24T02:34:08.332+0000] {dagbag.py:538} INFO - Filling up the DagBag from /opt/airflow/dags/crawl_crypto_prices.py
[2026-03-24T02:34:08.343+0000] {processor.py:840} INFO - DAG(s) 'crawl_crypto_prices' retrieved from /opt/airflow/dags/crawl_crypto_prices.py
[2026-03-24T02:34:08.359+0000] {logging_mixin.py:188} INFO - [2026-03-24T02:34:08.359+0000] {dag.py:3036} INFO - Sync 1 DAGs
[2026-03-24T02:34:08.370+0000] {logging_mixin.py:188} INFO - [2026-03-24T02:34:08.370+0000] {dag.py:3823} INFO - Setting next_dagrun for crawl_crypto_prices to 2026-03-24 02:00:00+00:00, run_after=2026-03-24 03:00:00+00:00
[2026-03-24T02:34:08.377+0000] {processor.py:183} INFO - Processing /opt/airflow/dags/crawl_crypto_prices.py took 0.048 seconds
[2026-03-24T02:34:38.658+0000] {processor.py:161} INFO - Started process (PID=12033) to work on /opt/airflow/dags/crawl_crypto_prices.py
[2026-03-24T02:34:38.659+0000] {processor.py:830} INFO - Processing file /opt/airflow/dags/crawl_crypto_prices.py for tasks to queue
[2026-03-24T02:34:38.660+0000] {logging_mixin.py:188} INFO - [2026-03-24T02:34:38.659+0000] {dagbag.py:538} INFO - Filling up the DagBag from /opt/airflow/dags/crawl_crypto_prices.py
[2026-03-24T02:34:38.671+0000] {processor.py:840} INFO - DAG(s) 'crawl_crypto_prices' retrieved from /opt/airflow/dags/crawl_crypto_prices.py
[2026-03-24T02:34:38.689+0000] {logging_mixin.py:188} INFO - [2026-03-24T02:34:38.689+0000] {dag.py:3036} INFO - Sync 1 DAGs
[2026-03-24T02:34:38.700+0000] {logging_mixin.py:188} INFO - [2026-03-24T02:34:38.699+0000] {dag.py:3823} INFO - Setting next_dagrun for crawl_crypto_prices to 2026-03-24 02:00:00+00:00, run_after=2026-03-24 03:00:00+00:00
[2026-03-24T02:34:38.706+0000] {processor.py:183} INFO - Processing /opt/airflow/dags/crawl_crypto_prices.py took 0.050 seconds
[2026-03-24T02:35:08.985+0000] {processor.py:161} INFO - Started process (PID=12038) to work on /opt/airflow/dags/crawl_crypto_prices.py
[2026-03-24T02:35:08.987+0000] {processor.py:830} INFO - Processing file /opt/airflow/dags/crawl_crypto_prices.py for tasks to queue
[2026-03-24T02:35:08.988+0000] {logging_mixin.py:188} INFO - [2026-03-24T02:35:08.988+0000] {dagbag.py:538} INFO - Filling up the DagBag from /opt/airflow/dags/crawl_crypto_prices.py
[2026-03-24T02:35:09.007+0000] {processor.py:840} INFO - DAG(s) 'crawl_crypto_prices' retrieved from /opt/airflow/dags/crawl_crypto_prices.py
[2026-03-24T02:35:09.027+0000] {logging_mixin.py:188} INFO - [2026-03-24T02:35:09.027+0000] {dag.py:3036} INFO - Sync 1 DAGs
[2026-03-24T02:35:09.039+0000] {logging_mixin.py:188} INFO - [2026-03-24T02:35:09.039+0000] {dag.py:3823} INFO - Setting next_dagrun for crawl_crypto_prices to 2026-03-24 02:00:00+00:00, run_after=2026-03-24 03:00:00+00:00
[2026-03-24T02:35:09.049+0000] {processor.py:183} INFO - Processing /opt/airflow/dags/crawl_crypto_prices.py took 0.070 seconds
[2026-03-24T02:35:39.310+0000] {processor.py:161} INFO - Started process (PID=12043) to work on /opt/airflow/dags/crawl_crypto_prices.py
[2026-03-24T02:35:39.311+0000] {processor.py:830} INFO - Processing file /opt/airflow/dags/crawl_crypto_prices.py for tasks to queue
[2026-03-24T02:35:39.312+0000] {logging_mixin.py:188} INFO - [2026-03-24T02:35:39.311+0000] {dagbag.py:538} INFO - Filling up the DagBag from /opt/airflow/dags/crawl_crypto_prices.py
[2026-03-24T02:35:39.326+0000] {processor.py:840} INFO - DAG(s) 'crawl_crypto_prices' retrieved from /opt/airflow/dags/crawl_crypto_prices.py
[2026-03-24T02:35:39.348+0000] {logging_mixin.py:188} INFO - [2026-03-24T02:35:39.348+0000] {dag.py:3036} INFO - Sync 1 DAGs
[2026-03-24T02:35:39.359+0000] {logging_mixin.py:188} INFO - [2026-03-24T02:35:39.359+0000] {dag.py:3823} INFO - Setting next_dagrun for crawl_crypto_prices to 2026-03-24 02:00:00+00:00, run_after=2026-03-24 03:00:00+00:00
[2026-03-24T02:35:39.366+0000] {processor.py:183} INFO - Processing /opt/airflow/dags/crawl_crypto_prices.py took 0.059 seconds
[2026-03-24T02:36:09.617+0000] {processor.py:161} INFO - Started process (PID=12048) to work on /opt/airflow/dags/crawl_crypto_prices.py
[2026-03-24T02:36:09.618+0000] {processor.py:830} INFO - Processing file /opt/airflow/dags/crawl_crypto_prices.py for tasks to queue
[2026-03-24T02:36:09.619+0000] {logging_mixin.py:188} INFO - [2026-03-24T02:36:09.619+0000] {dagbag.py:538} INFO - Filling up the DagBag from /opt/airflow/dags/crawl_crypto_prices.py
[2026-03-24T02:36:09.629+0000] {processor.py:840} INFO - DAG(s) 'crawl_crypto_prices' retrieved from /opt/airflow/dags/crawl_crypto_prices.py
[2026-03-24T02:36:09.646+0000] {logging_mixin.py:188} INFO - [2026-03-24T02:36:09.646+0000] {dag.py:3036} INFO - Sync 1 DAGs
[2026-03-24T02:36:09.658+0000] {logging_mixin.py:188} INFO - [2026-03-24T02:36:09.658+0000] {dag.py:3823} INFO - Setting next_dagrun for crawl_crypto_prices to 2026-03-24 02:00:00+00:00, run_after=2026-03-24 03:00:00+00:00
[2026-03-24T02:36:09.665+0000] {processor.py:183} INFO - Processing /opt/airflow/dags/crawl_crypto_prices.py took 0.052 seconds
[2026-03-24T02:36:39.953+0000] {processor.py:161} INFO - Started process (PID=12053) to work on /opt/airflow/dags/crawl_crypto_prices.py
[2026-03-24T02:36:39.954+0000] {processor.py:830} INFO - Processing file /opt/airflow/dags/crawl_crypto_prices.py for tasks to queue
[2026-03-24T02:36:39.955+0000] {logging_mixin.py:188} INFO - [2026-03-24T02:36:39.955+0000] {dagbag.py:538} INFO - Filling up the DagBag from /opt/airflow/dags/crawl_crypto_prices.py
[2026-03-24T02:36:39.968+0000] {processor.py:840} INFO - DAG(s) 'crawl_crypto_prices' retrieved from /opt/airflow/dags/crawl_crypto_prices.py
[2026-03-24T02:36:39.987+0000] {logging_mixin.py:188} INFO - [2026-03-24T02:36:39.987+0000] {dag.py:3036} INFO - Sync 1 DAGs
[2026-03-24T02:36:39.997+0000] {logging_mixin.py:188} INFO - [2026-03-24T02:36:39.997+0000] {dag.py:3823} INFO - Setting next_dagrun for crawl_crypto_prices to 2026-03-24 02:00:00+00:00, run_after=2026-03-24 03:00:00+00:00
[2026-03-24T02:36:40.003+0000] {processor.py:183} INFO - Processing /opt/airflow/dags/crawl_crypto_prices.py took 0.054 seconds
[2026-03-24T02:37:10.284+0000] {processor.py:161} INFO - Started process (PID=12058) to work on /opt/airflow/dags/crawl_crypto_prices.py
[2026-03-24T02:37:10.285+0000] {processor.py:830} INFO - Processing file /opt/airflow/dags/crawl_crypto_prices.py for tasks to queue
[2026-03-24T02:37:10.286+0000] {logging_mixin.py:188} INFO - [2026-03-24T02:37:10.285+0000] {dagbag.py:538} INFO - Filling up the DagBag from /opt/airflow/dags/crawl_crypto_prices.py
[2026-03-24T02:37:10.296+0000] {processor.py:840} INFO - DAG(s) 'crawl_crypto_prices' retrieved from /opt/airflow/dags/crawl_crypto_prices.py
[2026-03-24T02:37:10.313+0000] {logging_mixin.py:188} INFO - [2026-03-24T02:37:10.313+0000] {dag.py:3036} INFO - Sync 1 DAGs
[2026-03-24T02:37:10.322+0000] {logging_mixin.py:188} INFO - [2026-03-24T02:37:10.322+0000] {dag.py:3823} INFO - Setting next_dagrun for crawl_crypto_prices to 2026-03-24 02:00:00+00:00, run_after=2026-03-24 03:00:00+00:00
[2026-03-24T02:37:10.329+0000] {processor.py:183} INFO - Processing /opt/airflow/dags/crawl_crypto_prices.py took 0.048 seconds
[2026-03-24T02:37:40.576+0000] {processor.py:161} INFO - Started process (PID=12063) to work on /opt/airflow/dags/crawl_crypto_prices.py
[2026-03-24T02:37:40.577+0000] {processor.py:830} INFO - Processing file /opt/airflow/dags/crawl_crypto_prices.py for tasks to queue
[2026-03-24T02:37:40.578+0000] {logging_mixin.py:188} INFO - [2026-03-24T02:37:40.577+0000] {dagbag.py:538} INFO - Filling up the DagBag from /opt/airflow/dags/crawl_crypto_prices.py
[2026-03-24T02:37:40.589+0000] {processor.py:840} INFO - DAG(s) 'crawl_crypto_prices' retrieved from /opt/airflow/dags/crawl_crypto_prices.py
[2026-03-24T02:37:40.609+0000] {logging_mixin.py:188} INFO - [2026-03-24T02:37:40.609+0000] {dag.py:3036} INFO - Sync 1 DAGs
[2026-03-24T02:37:40.620+0000] {logging_mixin.py:188} INFO - [2026-03-24T02:37:40.620+0000] {dag.py:3823} INFO - Setting next_dagrun for crawl_crypto_prices to 2026-03-24 02:00:00+00:00, run_after=2026-03-24 03:00:00+00:00
[2026-03-24T02:37:40.627+0000] {processor.py:183} INFO - Processing /opt/airflow/dags/crawl_crypto_prices.py took 0.054 seconds
[2026-03-24T02:38:10.846+0000] {processor.py:161} INFO - Started process (PID=12068) to work on /opt/airflow/dags/crawl_crypto_prices.py
[2026-03-24T02:38:10.849+0000] {processor.py:830} INFO - Processing file /opt/airflow/dags/crawl_crypto_prices.py for tasks to queue
[2026-03-24T02:38:10.851+0000] {logging_mixin.py:188} INFO - [2026-03-24T02:38:10.850+0000] {dagbag.py:538} INFO - Filling up the DagBag from /opt/airflow/dags/crawl_crypto_prices.py
[2026-03-24T02:38:10.861+0000] {processor.py:840} INFO - DAG(s) 'crawl_crypto_prices' retrieved from /opt/airflow/dags/crawl_crypto_prices.py
[2026-03-24T02:38:10.877+0000] {logging_mixin.py:188} INFO - [2026-03-24T02:38:10.877+0000] {dag.py:3036} INFO - Sync 1 DAGs
[2026-03-24T02:38:10.887+0000] {logging_mixin.py:188} INFO - [2026-03-24T02:38:10.886+0000] {dag.py:3823} INFO - Setting next_dagrun for crawl_crypto_prices to 2026-03-24 02:00:00+00:00, run_after=2026-03-24 03:00:00+00:00
[2026-03-24T02:38:10.893+0000] {processor.py:183} INFO - Processing /opt/airflow/dags/crawl_crypto_prices.py took 0.051 seconds
[2026-03-24T02:38:41.172+0000] {processor.py:161} INFO - Started process (PID=12073) to work on /opt/airflow/dags/crawl_crypto_prices.py
[2026-03-24T02:38:41.173+0000] {processor.py:830} INFO - Processing file /opt/airflow/dags/crawl_crypto_prices.py for tasks to queue
[2026-03-24T02:38:41.173+0000] {logging_mixin.py:188} INFO - [2026-03-24T02:38:41.173+0000] {dagbag.py:538} INFO - Filling up the DagBag from /opt/airflow/dags/crawl_crypto_prices.py
[2026-03-24T02:38:41.186+0000] {processor.py:840} INFO - DAG(s) 'crawl_crypto_prices' retrieved from /opt/airflow/dags/crawl_crypto_prices.py
[2026-03-24T02:38:41.203+0000] {logging_mixin.py:188} INFO - [2026-03-24T02:38:41.203+0000] {dag.py:3036} INFO - Sync 1 DAGs
[2026-03-24T02:38:41.213+0000] {logging_mixin.py:188} INFO - [2026-03-24T02:38:41.213+0000] {dag.py:3823} INFO - Setting next_dagrun for crawl_crypto_prices to 2026-03-24 02:00:00+00:00, run_after=2026-03-24 03:00:00+00:00
[2026-03-24T02:38:41.219+0000] {processor.py:183} INFO - Processing /opt/airflow/dags/crawl_crypto_prices.py took 0.051 seconds
[2026-03-24T02:39:11.492+0000] {processor.py:161} INFO - Started process (PID=12078) to work on /opt/airflow/dags/crawl_crypto_prices.py
[2026-03-24T02:39:11.493+0000] {processor.py:830} INFO - Processing file /opt/airflow/dags/crawl_crypto_prices.py for tasks to queue
[2026-03-24T02:39:11.494+0000] {logging_mixin.py:188} INFO - [2026-03-24T02:39:11.494+0000] {dagbag.py:538} INFO - Filling up the DagBag from /opt/airflow/dags/crawl_crypto_prices.py
[2026-03-24T02:39:11.506+0000] {processor.py:840} INFO - DAG(s) 'crawl_crypto_prices' retrieved from /opt/airflow/dags/crawl_crypto_prices.py
[2026-03-24T02:39:11.525+0000] {logging_mixin.py:188} INFO - [2026-03-24T02:39:11.524+0000] {dag.py:3036} INFO - Sync 1 DAGs
[2026-03-24T02:39:11.535+0000] {logging_mixin.py:188} INFO - [2026-03-24T02:39:11.535+0000] {dag.py:3823} INFO - Setting next_dagrun for crawl_crypto_prices to 2026-03-24 02:00:00+00:00, run_after=2026-03-24 03:00:00+00:00
[2026-03-24T02:39:11.541+0000] {processor.py:183} INFO - Processing /opt/airflow/dags/crawl_crypto_prices.py took 0.052 seconds
[2026-03-24T02:39:41.854+0000] {processor.py:161} INFO - Started process (PID=12083) to work on /opt/airflow/dags/crawl_crypto_prices.py
[2026-03-24T02:39:41.855+0000] {processor.py:830} INFO - Processing file /opt/airflow/dags/crawl_crypto_prices.py for tasks to queue
[2026-03-24T02:39:41.856+0000] {logging_mixin.py:188} INFO - [2026-03-24T02:39:41.855+0000] {dagbag.py:538} INFO - Filling up the DagBag from /opt/airflow/dags/crawl_crypto_prices.py
[2026-03-24T02:39:41.868+0000] {processor.py:840} INFO - DAG(s) 'crawl_crypto_prices' retrieved from /opt/airflow/dags/crawl_crypto_prices.py
[2026-03-24T02:39:41.887+0000] {logging_mixin.py:188} INFO - [2026-03-24T02:39:41.887+0000] {dag.py:3036} INFO - Sync 1 DAGs
[2026-03-24T02:39:41.897+0000] {logging_mixin.py:188} INFO - [2026-03-24T02:39:41.897+0000] {dag.py:3823} INFO - Setting next_dagrun for crawl_crypto_prices to 2026-03-24 02:00:00+00:00, run_after=2026-03-24 03:00:00+00:00
[2026-03-24T02:39:41.904+0000] {processor.py:183} INFO - Processing /opt/airflow/dags/crawl_crypto_prices.py took 0.055 seconds
[2026-03-24T02:40:12.154+0000] {processor.py:161} INFO - Started process (PID=12088) to work on /opt/airflow/dags/crawl_crypto_prices.py
[2026-03-24T02:40:12.154+0000] {processor.py:830} INFO - Processing file /opt/airflow/dags/crawl_crypto_prices.py for tasks to queue
[2026-03-24T02:40:12.155+0000] {logging_mixin.py:188} INFO - [2026-03-24T02:40:12.155+0000] {dagbag.py:538} INFO - Filling up the DagBag from /opt/airflow/dags/crawl_crypto_prices.py
[2026-03-24T02:40:12.166+0000] {processor.py:840} INFO - DAG(s) 'crawl_crypto_prices' retrieved from /opt/airflow/dags/crawl_crypto_prices.py
[2026-03-24T02:40:12.186+0000] {logging_mixin.py:188} INFO - [2026-03-24T02:40:12.186+0000] {dag.py:3036} INFO - Sync 1 DAGs
[2026-03-24T02:40:12.195+0000] {logging_mixin.py:188} INFO - [2026-03-24T02:40:12.195+0000] {dag.py:3823} INFO - Setting next_dagrun for crawl_crypto_prices to 2026-03-24 02:00:00+00:00, run_after=2026-03-24 03:00:00+00:00
[2026-03-24T02:40:12.202+0000] {processor.py:183} INFO - Processing /opt/airflow/dags/crawl_crypto_prices.py took 0.051 seconds
[2026-03-24T02:40:42.490+0000] {processor.py:161} INFO - Started process (PID=12093) to work on /opt/airflow/dags/crawl_crypto_prices.py
[2026-03-24T02:40:42.491+0000] {processor.py:830} INFO - Processing file /opt/airflow/dags/crawl_crypto_prices.py for tasks to queue
[2026-03-24T02:40:42.492+0000] {logging_mixin.py:188} INFO - [2026-03-24T02:40:42.492+0000] {dagbag.py:538} INFO - Filling up the DagBag from /opt/airflow/dags/crawl_crypto_prices.py
[2026-03-24T02:40:42.510+0000] {processor.py:840} INFO - DAG(s) 'crawl_crypto_prices' retrieved from /opt/airflow/dags/crawl_crypto_prices.py
[2026-03-24T02:40:42.531+0000] {logging_mixin.py:188} INFO - [2026-03-24T02:40:42.531+0000] {dag.py:3036} INFO - Sync 1 DAGs
[2026-03-24T02:40:42.542+0000] {logging_mixin.py:188} INFO - [2026-03-24T02:40:42.541+0000] {dag.py:3823} INFO - Setting next_dagrun for crawl_crypto_prices to 2026-03-24 02:00:00+00:00, run_after=2026-03-24 03:00:00+00:00
[2026-03-24T02:40:42.548+0000] {processor.py:183} INFO - Processing /opt/airflow/dags/crawl_crypto_prices.py took 0.062 seconds
[2026-03-24T02:41:12.851+0000] {processor.py:161} INFO - Started process (PID=12098) to work on /opt/airflow/dags/crawl_crypto_prices.py
[2026-03-24T02:41:12.852+0000] {processor.py:830} INFO - Processing file /opt/airflow/dags/crawl_crypto_prices.py for tasks to queue
[2026-03-24T02:41:12.852+0000] {logging_mixin.py:188} INFO - [2026-03-24T02:41:12.852+0000] {dagbag.py:538} INFO - Filling up the DagBag from /opt/airflow/dags/crawl_crypto_prices.py
[2026-03-24T02:41:12.863+0000] {processor.py:840} INFO - DAG(s) 'crawl_crypto_prices' retrieved from /opt/airflow/dags/crawl_crypto_prices.py
[2026-03-24T02:41:12.882+0000] {logging_mixin.py:188} INFO - [2026-03-24T02:41:12.881+0000] {dag.py:3036} INFO - Sync 1 DAGs
[2026-03-24T02:41:12.891+0000] {logging_mixin.py:188} INFO - [2026-03-24T02:41:12.891+0000] {dag.py:3823} INFO - Setting next_dagrun for crawl_crypto_prices to 2026-03-24 02:00:00+00:00, run_after=2026-03-24 03:00:00+00:00
[2026-03-24T02:41:12.898+0000] {processor.py:183} INFO - Processing /opt/airflow/dags/crawl_crypto_prices.py took 0.050 seconds
[2026-03-24T02:41:43.180+0000] {processor.py:161} INFO - Started process (PID=12103) to work on /opt/airflow/dags/crawl_crypto_prices.py
[2026-03-24T02:41:43.181+0000] {processor.py:830} INFO - Processing file /opt/airflow/dags/crawl_crypto_prices.py for tasks to queue
[2026-03-24T02:41:43.182+0000] {logging_mixin.py:188} INFO - [2026-03-24T02:41:43.181+0000] {dagbag.py:538} INFO - Filling up the DagBag from /opt/airflow/dags/crawl_crypto_prices.py
[2026-03-24T02:41:43.193+0000] {processor.py:840} INFO - DAG(s) 'crawl_crypto_prices' retrieved from /opt/airflow/dags/crawl_crypto_prices.py
[2026-03-24T02:41:43.211+0000] {logging_mixin.py:188} INFO - [2026-03-24T02:41:43.211+0000] {dag.py:3036} INFO - Sync 1 DAGs
[2026-03-24T02:41:43.221+0000] {logging_mixin.py:188} INFO - [2026-03-24T02:41:43.221+0000] {dag.py:3823} INFO - Setting next_dagrun for crawl_crypto_prices to 2026-03-24 02:00:00+00:00, run_after=2026-03-24 03:00:00+00:00
[2026-03-24T02:41:43.226+0000] {processor.py:183} INFO - Processing /opt/airflow/dags/crawl_crypto_prices.py took 0.049 seconds
[2026-03-24T02:42:13.460+0000] {processor.py:161} INFO - Started process (PID=12108) to work on /opt/airflow/dags/crawl_crypto_prices.py
[2026-03-24T02:42:13.461+0000] {processor.py:830} INFO - Processing file /opt/airflow/dags/crawl_crypto_prices.py for tasks to queue
[2026-03-24T02:42:13.462+0000] {logging_mixin.py:188} INFO - [2026-03-24T02:42:13.462+0000] {dagbag.py:538} INFO - Filling up the DagBag from /opt/airflow/dags/crawl_crypto_prices.py
[2026-03-24T02:42:13.473+0000] {processor.py:840} INFO - DAG(s) 'crawl_crypto_prices' retrieved from /opt/airflow/dags/crawl_crypto_prices.py
[2026-03-24T02:42:13.491+0000] {logging_mixin.py:188} INFO - [2026-03-24T02:42:13.491+0000] {dag.py:3036} INFO - Sync 1 DAGs
[2026-03-24T02:42:13.501+0000] {logging_mixin.py:188} INFO - [2026-03-24T02:42:13.501+0000] {dag.py:3823} INFO - Setting next_dagrun for crawl_crypto_prices to 2026-03-24 02:00:00+00:00, run_after=2026-03-24 03:00:00+00:00
[2026-03-24T02:42:13.507+0000] {processor.py:183} INFO - Processing /opt/airflow/dags/crawl_crypto_prices.py took 0.051 seconds
[2026-03-24T02:42:43.738+0000] {processor.py:161} INFO - Started process (PID=12113) to work on /opt/airflow/dags/crawl_crypto_prices.py
[2026-03-24T02:42:43.739+0000] {processor.py:830} INFO - Processing file /opt/airflow/dags/crawl_crypto_prices.py for tasks to queue
[2026-03-24T02:42:43.739+0000] {logging_mixin.py:188} INFO - [2026-03-24T02:42:43.739+0000] {dagbag.py:538} INFO - Filling up the DagBag from /opt/airflow/dags/crawl_crypto_prices.py
[2026-03-24T02:42:43.749+0000] {processor.py:840} INFO - DAG(s) 'crawl_crypto_prices' retrieved from /opt/airflow/dags/crawl_crypto_prices.py
[2026-03-24T02:42:43.763+0000] {logging_mixin.py:188} INFO - [2026-03-24T02:42:43.763+0000] {dag.py:3036} INFO - Sync 1 DAGs
[2026-03-24T02:42:43.772+0000] {logging_mixin.py:188} INFO - [2026-03-24T02:42:43.772+0000] {dag.py:3823} INFO - Setting next_dagrun for crawl_crypto_prices to 2026-03-24 02:00:00+00:00, run_after=2026-03-24 03:00:00+00:00
[2026-03-24T02:42:43.778+0000] {processor.py:183} INFO - Processing /opt/airflow/dags/crawl_crypto_prices.py took 0.043 seconds
[2026-03-24T02:43:14.038+0000] {processor.py:161} INFO - Started process (PID=12118) to work on /opt/airflow/dags/crawl_crypto_prices.py
[2026-03-24T02:43:14.038+0000] {processor.py:830} INFO - Processing file /opt/airflow/dags/crawl_crypto_prices.py for tasks to queue
[2026-03-24T02:43:14.039+0000] {logging_mixin.py:188} INFO - [2026-03-24T02:43:14.039+0000] {dagbag.py:538} INFO - Filling up the DagBag from /opt/airflow/dags/crawl_crypto_prices.py
[2026-03-24T02:43:14.050+0000] {processor.py:840} INFO - DAG(s) 'crawl_crypto_prices' retrieved from /opt/airflow/dags/crawl_crypto_prices.py
[2026-03-24T02:43:14.068+0000] {logging_mixin.py:188} INFO - [2026-03-24T02:43:14.068+0000] {dag.py:3036} INFO - Sync 1 DAGs
[2026-03-24T02:43:14.078+0000] {logging_mixin.py:188} INFO - [2026-03-24T02:43:14.077+0000] {dag.py:3823} INFO - Setting next_dagrun for crawl_crypto_prices to 2026-03-24 02:00:00+00:00, run_after=2026-03-24 03:00:00+00:00
[2026-03-24T02:43:14.084+0000] {processor.py:183} INFO - Processing /opt/airflow/dags/crawl_crypto_prices.py took 0.049 seconds
[2026-03-24T02:43:44.364+0000] {processor.py:161} INFO - Started process (PID=12123) to work on /opt/airflow/dags/crawl_crypto_prices.py
[2026-03-24T02:43:44.365+0000] {processor.py:830} INFO - Processing file /opt/airflow/dags/crawl_crypto_prices.py for tasks to queue
[2026-03-24T02:43:44.365+0000] {logging_mixin.py:188} INFO - [2026-03-24T02:43:44.365+0000] {dagbag.py:538} INFO - Filling up the DagBag from /opt/airflow/dags/crawl_crypto_prices.py
[2026-03-24T02:43:44.377+0000] {processor.py:840} INFO - DAG(s) 'crawl_crypto_prices' retrieved from /opt/airflow/dags/crawl_crypto_prices.py
[2026-03-24T02:43:44.397+0000] {logging_mixin.py:188} INFO - [2026-03-24T02:43:44.397+0000] {dag.py:3036} INFO - Sync 1 DAGs
[2026-03-24T02:43:44.406+0000] {logging_mixin.py:188} INFO - [2026-03-24T02:43:44.406+0000] {dag.py:3823} INFO - Setting next_dagrun for crawl_crypto_prices to 2026-03-24 02:00:00+00:00, run_after=2026-03-24 03:00:00+00:00
[2026-03-24T02:43:44.413+0000] {processor.py:183} INFO - Processing /opt/airflow/dags/crawl_crypto_prices.py took 0.052 seconds
[2026-03-24T02:44:14.670+0000] {processor.py:161} INFO - Started process (PID=12128) to work on /opt/airflow/dags/crawl_crypto_prices.py
[2026-03-24T02:44:14.671+0000] {processor.py:830} INFO - Processing file /opt/airflow/dags/crawl_crypto_prices.py for tasks to queue
[2026-03-24T02:44:14.672+0000] {logging_mixin.py:188} INFO - [2026-03-24T02:44:14.672+0000] {dagbag.py:538} INFO - Filling up the DagBag from /opt/airflow/dags/crawl_crypto_prices.py
[2026-03-24T02:44:14.685+0000] {processor.py:840} INFO - DAG(s) 'crawl_crypto_prices' retrieved from /opt/airflow/dags/crawl_crypto_prices.py
[2026-03-24T02:44:14.705+0000] {logging_mixin.py:188} INFO - [2026-03-24T02:44:14.705+0000] {dag.py:3036} INFO - Sync 1 DAGs
[2026-03-24T02:44:14.716+0000] {logging_mixin.py:188} INFO - [2026-03-24T02:44:14.716+0000] {dag.py:3823} INFO - Setting next_dagrun for crawl_crypto_prices to 2026-03-24 02:00:00+00:00, run_after=2026-03-24 03:00:00+00:00
[2026-03-24T02:44:14.722+0000] {processor.py:183} INFO - Processing /opt/airflow/dags/crawl_crypto_prices.py took 0.055 seconds
[2026-03-24T02:44:44.964+0000] {processor.py:161} INFO - Started process (PID=12133) to work on /opt/airflow/dags/crawl_crypto_prices.py
[2026-03-24T02:44:44.966+0000] {processor.py:830} INFO - Processing file /opt/airflow/dags/crawl_crypto_prices.py for tasks to queue
[2026-03-24T02:44:44.968+0000] {logging_mixin.py:188} INFO - [2026-03-24T02:44:44.968+0000] {dagbag.py:538} INFO - Filling up the DagBag from /opt/airflow/dags/crawl_crypto_prices.py
[2026-03-24T02:44:44.986+0000] {processor.py:840} INFO - DAG(s) 'crawl_crypto_prices' retrieved from /opt/airflow/dags/crawl_crypto_prices.py
[2026-03-24T02:44:45.001+0000] {logging_mixin.py:188} INFO - [2026-03-24T02:44:45.001+0000] {dag.py:3036} INFO - Sync 1 DAGs
[2026-03-24T02:44:45.013+0000] {logging_mixin.py:188} INFO - [2026-03-24T02:44:45.013+0000] {dag.py:3823} INFO - Setting next_dagrun for crawl_crypto_prices to 2026-03-24 02:00:00+00:00, run_after=2026-03-24 03:00:00+00:00
[2026-03-24T02:44:45.019+0000] {processor.py:183} INFO - Processing /opt/airflow/dags/crawl_crypto_prices.py took 0.059 seconds
[2026-03-24T02:45:15.309+0000] {processor.py:161} INFO - Started process (PID=12138) to work on /opt/airflow/dags/crawl_crypto_prices.py
[2026-03-24T02:45:15.310+0000] {processor.py:830} INFO - Processing file /opt/airflow/dags/crawl_crypto_prices.py for tasks to queue
[2026-03-24T02:45:15.310+0000] {logging_mixin.py:188} INFO - [2026-03-24T02:45:15.310+0000] {dagbag.py:538} INFO - Filling up the DagBag from /opt/airflow/dags/crawl_crypto_prices.py
[2026-03-24T02:45:15.323+0000] {processor.py:840} INFO - DAG(s) 'crawl_crypto_prices' retrieved from /opt/airflow/dags/crawl_crypto_prices.py
[2026-03-24T02:45:15.340+0000] {logging_mixin.py:188} INFO - [2026-03-24T02:45:15.340+0000] {dag.py:3036} INFO - Sync 1 DAGs
[2026-03-24T02:45:15.350+0000] {logging_mixin.py:188} INFO - [2026-03-24T02:45:15.350+0000] {dag.py:3823} INFO - Setting next_dagrun for crawl_crypto_prices to 2026-03-24 02:00:00+00:00, run_after=2026-03-24 03:00:00+00:00
[2026-03-24T02:45:15.356+0000] {processor.py:183} INFO - Processing /opt/airflow/dags/crawl_crypto_prices.py took 0.051 seconds
[2026-03-24T02:45:45.629+0000] {processor.py:161} INFO - Started process (PID=12143) to work on /opt/airflow/dags/crawl_crypto_prices.py
[2026-03-24T02:45:45.630+0000] {processor.py:830} INFO - Processing file /opt/airflow/dags/crawl_crypto_prices.py for tasks to queue
[2026-03-24T02:45:45.630+0000] {logging_mixin.py:188} INFO - [2026-03-24T02:45:45.630+0000] {dagbag.py:538} INFO - Filling up the DagBag from /opt/airflow/dags/crawl_crypto_prices.py
[2026-03-24T02:45:45.636+0000] {processor.py:840} INFO - DAG(s) 'crawl_crypto_prices' retrieved from /opt/airflow/dags/crawl_crypto_prices.py
[2026-03-24T02:45:45.646+0000] {logging_mixin.py:188} INFO - [2026-03-24T02:45:45.646+0000] {dag.py:3036} INFO - Sync 1 DAGs
[2026-03-24T02:45:45.654+0000] {logging_mixin.py:188} INFO - [2026-03-24T02:45:45.654+0000] {dag.py:3823} INFO - Setting next_dagrun for crawl_crypto_prices to 2026-03-24 02:00:00+00:00, run_after=2026-03-24 03:00:00+00:00
[2026-03-24T02:45:45.660+0000] {processor.py:183} INFO - Processing /opt/airflow/dags/crawl_crypto_prices.py took 0.032 seconds
[2026-03-24T02:46:15.967+0000] {processor.py:161} INFO - Started process (PID=12148) to work on /opt/airflow/dags/crawl_crypto_prices.py
[2026-03-24T02:46:15.968+0000] {processor.py:830} INFO - Processing file /opt/airflow/dags/crawl_crypto_prices.py for tasks to queue
[2026-03-24T02:46:15.969+0000] {logging_mixin.py:188} INFO - [2026-03-24T02:46:15.969+0000] {dagbag.py:538} INFO - Filling up the DagBag from /opt/airflow/dags/crawl_crypto_prices.py
[2026-03-24T02:46:15.981+0000] {processor.py:840} INFO - DAG(s) 'crawl_crypto_prices' retrieved from /opt/airflow/dags/crawl_crypto_prices.py
[2026-03-24T02:46:15.999+0000] {logging_mixin.py:188} INFO - [2026-03-24T02:46:15.999+0000] {dag.py:3036} INFO - Sync 1 DAGs
[2026-03-24T02:46:16.008+0000] {logging_mixin.py:188} INFO - [2026-03-24T02:46:16.008+0000] {dag.py:3823} INFO - Setting next_dagrun for crawl_crypto_prices to 2026-03-24 02:00:00+00:00, run_after=2026-03-24 03:00:00+00:00
[2026-03-24T02:46:16.015+0000] {processor.py:183} INFO - Processing /opt/airflow/dags/crawl_crypto_prices.py took 0.051 seconds
[2026-03-24T02:46:46.275+0000] {processor.py:161} INFO - Started process (PID=12153) to work on /opt/airflow/dags/crawl_crypto_prices.py
[2026-03-24T02:46:46.275+0000] {processor.py:830} INFO - Processing file /opt/airflow/dags/crawl_crypto_prices.py for tasks to queue
[2026-03-24T02:46:46.276+0000] {logging_mixin.py:188} INFO - [2026-03-24T02:46:46.276+0000] {dagbag.py:538} INFO - Filling up the DagBag from /opt/airflow/dags/crawl_crypto_prices.py
[2026-03-24T02:46:46.286+0000] {processor.py:840} INFO - DAG(s) 'crawl_crypto_prices' retrieved from /opt/airflow/dags/crawl_crypto_prices.py
[2026-03-24T02:46:46.302+0000] {logging_mixin.py:188} INFO - [2026-03-24T02:46:46.302+0000] {dag.py:3036} INFO - Sync 1 DAGs
[2026-03-24T02:46:46.312+0000] {logging_mixin.py:188} INFO - [2026-03-24T02:46:46.312+0000] {dag.py:3823} INFO - Setting next_dagrun for crawl_crypto_prices to 2026-03-24 02:00:00+00:00, run_after=2026-03-24 03:00:00+00:00
[2026-03-24T02:46:46.319+0000] {processor.py:183} INFO - Processing /opt/airflow/dags/crawl_crypto_prices.py took 0.047 seconds
[2026-03-24T02:47:16.592+0000] {processor.py:161} INFO - Started process (PID=12158) to work on /opt/airflow/dags/crawl_crypto_prices.py
[2026-03-24T02:47:16.592+0000] {processor.py:830} INFO - Processing file /opt/airflow/dags/crawl_crypto_prices.py for tasks to queue
[2026-03-24T02:47:16.593+0000] {logging_mixin.py:188} INFO - [2026-03-24T02:47:16.593+0000] {dagbag.py:538} INFO - Filling up the DagBag from /opt/airflow/dags/crawl_crypto_prices.py
[2026-03-24T02:47:16.605+0000] {processor.py:840} INFO - DAG(s) 'crawl_crypto_prices' retrieved from /opt/airflow/dags/crawl_crypto_prices.py
[2026-03-24T02:47:16.623+0000] {logging_mixin.py:188} INFO - [2026-03-24T02:47:16.623+0000] {dag.py:3036} INFO - Sync 1 DAGs
[2026-03-24T02:47:16.633+0000] {logging_mixin.py:188} INFO - [2026-03-24T02:47:16.633+0000] {dag.py:3823} INFO - Setting next_dagrun for crawl_crypto_prices to 2026-03-24 02:00:00+00:00, run_after=2026-03-24 03:00:00+00:00
[2026-03-24T02:47:16.639+0000] {processor.py:183} INFO - Processing /opt/airflow/dags/crawl_crypto_prices.py took 0.051 seconds
[2026-03-24T02:47:46.915+0000] {processor.py:161} INFO - Started process (PID=12163) to work on /opt/airflow/dags/crawl_crypto_prices.py
[2026-03-24T02:47:46.917+0000] {processor.py:830} INFO - Processing file /opt/airflow/dags/crawl_crypto_prices.py for tasks to queue
[2026-03-24T02:47:46.918+0000] {logging_mixin.py:188} INFO - [2026-03-24T02:47:46.918+0000] {dagbag.py:538} INFO - Filling up the DagBag from /opt/airflow/dags/crawl_crypto_prices.py
[2026-03-24T02:47:46.930+0000] {processor.py:840} INFO - DAG(s) 'crawl_crypto_prices' retrieved from /opt/airflow/dags/crawl_crypto_prices.py
[2026-03-24T02:47:46.950+0000] {logging_mixin.py:188} INFO - [2026-03-24T02:47:46.949+0000] {dag.py:3036} INFO - Sync 1 DAGs
[2026-03-24T02:47:46.961+0000] {logging_mixin.py:188} INFO - [2026-03-24T02:47:46.961+0000] {dag.py:3823} INFO - Setting next_dagrun for crawl_crypto_prices to 2026-03-24 02:00:00+00:00, run_after=2026-03-24 03:00:00+00:00
[2026-03-24T02:47:46.968+0000] {processor.py:183} INFO - Processing /opt/airflow/dags/crawl_crypto_prices.py took 0.055 seconds
[2026-03-24T02:48:17.245+0000] {processor.py:161} INFO - Started process (PID=12168) to work on /opt/airflow/dags/crawl_crypto_prices.py
[2026-03-24T02:48:17.247+0000] {processor.py:830} INFO - Processing file /opt/airflow/dags/crawl_crypto_prices.py for tasks to queue
[2026-03-24T02:48:17.248+0000] {logging_mixin.py:188} INFO - [2026-03-24T02:48:17.247+0000] {dagbag.py:538} INFO - Filling up the DagBag from /opt/airflow/dags/crawl_crypto_prices.py
[2026-03-24T02:48:17.262+0000] {processor.py:840} INFO - DAG(s) 'crawl_crypto_prices' retrieved from /opt/airflow/dags/crawl_crypto_prices.py
[2026-03-24T02:48:17.283+0000] {logging_mixin.py:188} INFO - [2026-03-24T02:48:17.283+0000] {dag.py:3036} INFO - Sync 1 DAGs
[2026-03-24T02:48:17.293+0000] {logging_mixin.py:188} INFO - [2026-03-24T02:48:17.293+0000] {dag.py:3823} INFO - Setting next_dagrun for crawl_crypto_prices to 2026-03-24 02:00:00+00:00, run_after=2026-03-24 03:00:00+00:00
[2026-03-24T02:48:17.299+0000] {processor.py:183} INFO - Processing /opt/airflow/dags/crawl_crypto_prices.py took 0.058 seconds
[2026-03-24T02:48:47.572+0000] {processor.py:161} INFO - Started process (PID=12173) to work on /opt/airflow/dags/crawl_crypto_prices.py
[2026-03-24T02:48:47.573+0000] {processor.py:830} INFO - Processing file /opt/airflow/dags/crawl_crypto_prices.py for tasks to queue
[2026-03-24T02:48:47.574+0000] {logging_mixin.py:188} INFO - [2026-03-24T02:48:47.574+0000] {dagbag.py:538} INFO - Filling up the DagBag from /opt/airflow/dags/crawl_crypto_prices.py
[2026-03-24T02:48:47.585+0000] {processor.py:840} INFO - DAG(s) 'crawl_crypto_prices' retrieved from /opt/airflow/dags/crawl_crypto_prices.py
[2026-03-24T02:48:47.603+0000] {logging_mixin.py:188} INFO - [2026-03-24T02:48:47.603+0000] {dag.py:3036} INFO - Sync 1 DAGs
[2026-03-24T02:48:47.613+0000] {logging_mixin.py:188} INFO - [2026-03-24T02:48:47.613+0000] {dag.py:3823} INFO - Setting next_dagrun for crawl_crypto_prices to 2026-03-24 02:00:00+00:00, run_after=2026-03-24 03:00:00+00:00
[2026-03-24T02:48:47.620+0000] {processor.py:183} INFO - Processing /opt/airflow/dags/crawl_crypto_prices.py took 0.050 seconds
[2026-03-24T02:49:17.916+0000] {processor.py:161} INFO - Started process (PID=12178) to work on /opt/airflow/dags/crawl_crypto_prices.py
[2026-03-24T02:49:17.918+0000] {processor.py:830} INFO - Processing file /opt/airflow/dags/crawl_crypto_prices.py for tasks to queue
[2026-03-24T02:49:17.919+0000] {logging_mixin.py:188} INFO - [2026-03-24T02:49:17.919+0000] {dagbag.py:538} INFO - Filling up the DagBag from /opt/airflow/dags/crawl_crypto_prices.py
[2026-03-24T02:49:17.936+0000] {processor.py:840} INFO - DAG(s) 'crawl_crypto_prices' retrieved from /opt/airflow/dags/crawl_crypto_prices.py
[2026-03-24T02:49:17.958+0000] {logging_mixin.py:188} INFO - [2026-03-24T02:49:17.958+0000] {dag.py:3036} INFO - Sync 1 DAGs
[2026-03-24T02:49:17.969+0000] {logging_mixin.py:188} INFO - [2026-03-24T02:49:17.969+0000] {dag.py:3823} INFO - Setting next_dagrun for crawl_crypto_prices to 2026-03-24 02:00:00+00:00, run_after=2026-03-24 03:00:00+00:00
[2026-03-24T02:49:17.975+0000] {processor.py:183} INFO - Processing /opt/airflow/dags/crawl_crypto_prices.py took 0.065 seconds
[2026-03-24T02:49:48.215+0000] {processor.py:161} INFO - Started process (PID=12183) to work on /opt/airflow/dags/crawl_crypto_prices.py
[2026-03-24T02:49:48.216+0000] {processor.py:830} INFO - Processing file /opt/airflow/dags/crawl_crypto_prices.py for tasks to queue
[2026-03-24T02:49:48.217+0000] {logging_mixin.py:188} INFO - [2026-03-24T02:49:48.217+0000] {dagbag.py:538} INFO - Filling up the DagBag from /opt/airflow/dags/crawl_crypto_prices.py
[2026-03-24T02:49:48.232+0000] {processor.py:840} INFO - DAG(s) 'crawl_crypto_prices' retrieved from /opt/airflow/dags/crawl_crypto_prices.py
[2026-03-24T02:49:48.248+0000] {logging_mixin.py:188} INFO - [2026-03-24T02:49:48.248+0000] {dag.py:3036} INFO - Sync 1 DAGs
[2026-03-24T02:49:48.259+0000] {logging_mixin.py:188} INFO - [2026-03-24T02:49:48.259+0000] {dag.py:3823} INFO - Setting next_dagrun for crawl_crypto_prices to 2026-03-24 02:00:00+00:00, run_after=2026-03-24 03:00:00+00:00
[2026-03-24T02:49:48.267+0000] {processor.py:183} INFO - Processing /opt/airflow/dags/crawl_crypto_prices.py took 0.056 seconds
[2026-03-24T02:50:18.510+0000] {processor.py:161} INFO - Started process (PID=12188) to work on /opt/airflow/dags/crawl_crypto_prices.py
[2026-03-24T02:50:18.510+0000] {processor.py:830} INFO - Processing file /opt/airflow/dags/crawl_crypto_prices.py for tasks to queue
[2026-03-24T02:50:18.511+0000] {logging_mixin.py:188} INFO - [2026-03-24T02:50:18.511+0000] {dagbag.py:538} INFO - Filling up the DagBag from /opt/airflow/dags/crawl_crypto_prices.py
[2026-03-24T02:50:18.517+0000] {processor.py:840} INFO - DAG(s) 'crawl_crypto_prices' retrieved from /opt/airflow/dags/crawl_crypto_prices.py
[2026-03-24T02:50:18.529+0000] {logging_mixin.py:188} INFO - [2026-03-24T02:50:18.529+0000] {dag.py:3036} INFO - Sync 1 DAGs
[2026-03-24T02:50:18.539+0000] {logging_mixin.py:188} INFO - [2026-03-24T02:50:18.539+0000] {dag.py:3823} INFO - Setting next_dagrun for crawl_crypto_prices to 2026-03-24 02:00:00+00:00, run_after=2026-03-24 03:00:00+00:00
[2026-03-24T02:50:18.545+0000] {processor.py:183} INFO - Processing /opt/airflow/dags/crawl_crypto_prices.py took 0.037 seconds
[2026-03-24T02:50:48.838+0000] {processor.py:161} INFO - Started process (PID=12193) to work on /opt/airflow/dags/crawl_crypto_prices.py
[2026-03-24T02:50:48.839+0000] {processor.py:830} INFO - Processing file /opt/airflow/dags/crawl_crypto_prices.py for tasks to queue
[2026-03-24T02:50:48.840+0000] {logging_mixin.py:188} INFO - [2026-03-24T02:50:48.839+0000] {dagbag.py:538} INFO - Filling up the DagBag from /opt/airflow/dags/crawl_crypto_prices.py
[2026-03-24T02:50:48.850+0000] {processor.py:840} INFO - DAG(s) 'crawl_crypto_prices' retrieved from /opt/airflow/dags/crawl_crypto_prices.py
[2026-03-24T02:50:48.869+0000] {logging_mixin.py:188} INFO - [2026-03-24T02:50:48.869+0000] {dag.py:3036} INFO - Sync 1 DAGs
[2026-03-24T02:50:48.880+0000] {logging_mixin.py:188} INFO - [2026-03-24T02:50:48.880+0000] {dag.py:3823} INFO - Setting next_dagrun for crawl_crypto_prices to 2026-03-24 02:00:00+00:00, run_after=2026-03-24 03:00:00+00:00
[2026-03-24T02:50:48.886+0000] {processor.py:183} INFO - Processing /opt/airflow/dags/crawl_crypto_prices.py took 0.051 seconds
[2026-03-24T02:51:19.145+0000] {processor.py:161} INFO - Started process (PID=12198) to work on /opt/airflow/dags/crawl_crypto_prices.py
[2026-03-24T02:51:19.148+0000] {processor.py:830} INFO - Processing file /opt/airflow/dags/crawl_crypto_prices.py for tasks to queue
[2026-03-24T02:51:19.149+0000] {logging_mixin.py:188} INFO - [2026-03-24T02:51:19.149+0000] {dagbag.py:538} INFO - Filling up the DagBag from /opt/airflow/dags/crawl_crypto_prices.py
[2026-03-24T02:51:19.160+0000] {processor.py:840} INFO - DAG(s) 'crawl_crypto_prices' retrieved from /opt/airflow/dags/crawl_crypto_prices.py
[2026-03-24T02:51:19.182+0000] {logging_mixin.py:188} INFO - [2026-03-24T02:51:19.181+0000] {dag.py:3036} INFO - Sync 1 DAGs
[2026-03-24T02:51:19.192+0000] {logging_mixin.py:188} INFO - [2026-03-24T02:51:19.192+0000] {dag.py:3823} INFO - Setting next_dagrun for crawl_crypto_prices to 2026-03-24 02:00:00+00:00, run_after=2026-03-24 03:00:00+00:00
[2026-03-24T02:51:19.198+0000] {processor.py:183} INFO - Processing /opt/airflow/dags/crawl_crypto_prices.py took 0.056 seconds
[2026-03-24T02:51:49.428+0000] {processor.py:161} INFO - Started process (PID=12203) to work on /opt/airflow/dags/crawl_crypto_prices.py
[2026-03-24T02:51:49.430+0000] {processor.py:830} INFO - Processing file /opt/airflow/dags/crawl_crypto_prices.py for tasks to queue
[2026-03-24T02:51:49.430+0000] {logging_mixin.py:188} INFO - [2026-03-24T02:51:49.430+0000] {dagbag.py:538} INFO - Filling up the DagBag from /opt/airflow/dags/crawl_crypto_prices.py
[2026-03-24T02:51:49.444+0000] {processor.py:840} INFO - DAG(s) 'crawl_crypto_prices' retrieved from /opt/airflow/dags/crawl_crypto_prices.py
[2026-03-24T02:51:49.464+0000] {logging_mixin.py:188} INFO - [2026-03-24T02:51:49.464+0000] {dag.py:3036} INFO - Sync 1 DAGs
[2026-03-24T02:51:49.475+0000] {logging_mixin.py:188} INFO - [2026-03-24T02:51:49.475+0000] {dag.py:3823} INFO - Setting next_dagrun for crawl_crypto_prices to 2026-03-24 02:00:00+00:00, run_after=2026-03-24 03:00:00+00:00
[2026-03-24T02:51:49.481+0000] {processor.py:183} INFO - Processing /opt/airflow/dags/crawl_crypto_prices.py took 0.057 seconds
[2026-03-24T02:52:19.745+0000] {processor.py:161} INFO - Started process (PID=12208) to work on /opt/airflow/dags/crawl_crypto_prices.py
[2026-03-24T02:52:19.746+0000] {processor.py:830} INFO - Processing file /opt/airflow/dags/crawl_crypto_prices.py for tasks to queue
[2026-03-24T02:52:19.747+0000] {logging_mixin.py:188} INFO - [2026-03-24T02:52:19.746+0000] {dagbag.py:538} INFO - Filling up the DagBag from /opt/airflow/dags/crawl_crypto_prices.py
[2026-03-24T02:52:19.760+0000] {processor.py:840} INFO - DAG(s) 'crawl_crypto_prices' retrieved from /opt/airflow/dags/crawl_crypto_prices.py
[2026-03-24T02:52:19.782+0000] {logging_mixin.py:188} INFO - [2026-03-24T02:52:19.781+0000] {dag.py:3036} INFO - Sync 1 DAGs
[2026-03-24T02:52:19.792+0000] {logging_mixin.py:188} INFO - [2026-03-24T02:52:19.792+0000] {dag.py:3823} INFO - Setting next_dagrun for crawl_crypto_prices to 2026-03-24 02:00:00+00:00, run_after=2026-03-24 03:00:00+00:00
[2026-03-24T02:52:19.799+0000] {processor.py:183} INFO - Processing /opt/airflow/dags/crawl_crypto_prices.py took 0.058 seconds
[2026-03-24T02:52:50.070+0000] {processor.py:161} INFO - Started process (PID=12213) to work on /opt/airflow/dags/crawl_crypto_prices.py
[2026-03-24T02:52:50.071+0000] {processor.py:830} INFO - Processing file /opt/airflow/dags/crawl_crypto_prices.py for tasks to queue
[2026-03-24T02:52:50.072+0000] {logging_mixin.py:188} INFO - [2026-03-24T02:52:50.071+0000] {dagbag.py:538} INFO - Filling up the DagBag from /opt/airflow/dags/crawl_crypto_prices.py
[2026-03-24T02:52:50.082+0000] {processor.py:840} INFO - DAG(s) 'crawl_crypto_prices' retrieved from /opt/airflow/dags/crawl_crypto_prices.py
[2026-03-24T02:52:50.100+0000] {logging_mixin.py:188} INFO - [2026-03-24T02:52:50.100+0000] {dag.py:3036} INFO - Sync 1 DAGs
[2026-03-24T02:52:50.109+0000] {logging_mixin.py:188} INFO - [2026-03-24T02:52:50.109+0000] {dag.py:3823} INFO - Setting next_dagrun for crawl_crypto_prices to 2026-03-24 02:00:00+00:00, run_after=2026-03-24 03:00:00+00:00
[2026-03-24T02:52:50.115+0000] {processor.py:183} INFO - Processing /opt/airflow/dags/crawl_crypto_prices.py took 0.048 seconds
[2026-03-24T02:53:20.374+0000] {processor.py:161} INFO - Started process (PID=12218) to work on /opt/airflow/dags/crawl_crypto_prices.py
[2026-03-24T02:53:20.375+0000] {processor.py:830} INFO - Processing file /opt/airflow/dags/crawl_crypto_prices.py for tasks to queue
[2026-03-24T02:53:20.376+0000] {logging_mixin.py:188} INFO - [2026-03-24T02:53:20.376+0000] {dagbag.py:538} INFO - Filling up the DagBag from /opt/airflow/dags/crawl_crypto_prices.py
[2026-03-24T02:53:20.387+0000] {processor.py:840} INFO - DAG(s) 'crawl_crypto_prices' retrieved from /opt/airflow/dags/crawl_crypto_prices.py
[2026-03-24T02:53:20.406+0000] {logging_mixin.py:188} INFO - [2026-03-24T02:53:20.406+0000] {dag.py:3036} INFO - Sync 1 DAGs
[2026-03-24T02:53:20.417+0000] {logging_mixin.py:188} INFO - [2026-03-24T02:53:20.417+0000] {dag.py:3823} INFO - Setting next_dagrun for crawl_crypto_prices to 2026-03-24 02:00:00+00:00, run_after=2026-03-24 03:00:00+00:00
[2026-03-24T02:53:20.424+0000] {processor.py:183} INFO - Processing /opt/airflow/dags/crawl_crypto_prices.py took 0.053 seconds
[2026-03-24T02:53:50.681+0000] {processor.py:161} INFO - Started process (PID=12223) to work on /opt/airflow/dags/crawl_crypto_prices.py
[2026-03-24T02:53:50.682+0000] {processor.py:830} INFO - Processing file /opt/airflow/dags/crawl_crypto_prices.py for tasks to queue
[2026-03-24T02:53:50.682+0000] {logging_mixin.py:188} INFO - [2026-03-24T02:53:50.682+0000] {dagbag.py:538} INFO - Filling up the DagBag from /opt/airflow/dags/crawl_crypto_prices.py
[2026-03-24T02:53:50.696+0000] {processor.py:840} INFO - DAG(s) 'crawl_crypto_prices' retrieved from /opt/airflow/dags/crawl_crypto_prices.py
[2026-03-24T02:53:50.716+0000] {logging_mixin.py:188} INFO - [2026-03-24T02:53:50.716+0000] {dag.py:3036} INFO - Sync 1 DAGs
[2026-03-24T02:53:50.726+0000] {logging_mixin.py:188} INFO - [2026-03-24T02:53:50.726+0000] {dag.py:3823} INFO - Setting next_dagrun for crawl_crypto_prices to 2026-03-24 02:00:00+00:00, run_after=2026-03-24 03:00:00+00:00
[2026-03-24T02:53:50.734+0000] {processor.py:183} INFO - Processing /opt/airflow/dags/crawl_crypto_prices.py took 0.057 seconds
[2026-03-24T02:54:21.005+0000] {processor.py:161} INFO - Started process (PID=12228) to work on /opt/airflow/dags/crawl_crypto_prices.py
[2026-03-24T02:54:21.006+0000] {processor.py:830} INFO - Processing file /opt/airflow/dags/crawl_crypto_prices.py for tasks to queue
[2026-03-24T02:54:21.007+0000] {logging_mixin.py:188} INFO - [2026-03-24T02:54:21.007+0000] {dagbag.py:538} INFO - Filling up the DagBag from /opt/airflow/dags/crawl_crypto_prices.py
[2026-03-24T02:54:21.019+0000] {processor.py:840} INFO - DAG(s) 'crawl_crypto_prices' retrieved from /opt/airflow/dags/crawl_crypto_prices.py
[2026-03-24T02:54:21.038+0000] {logging_mixin.py:188} INFO - [2026-03-24T02:54:21.038+0000] {dag.py:3036} INFO - Sync 1 DAGs
[2026-03-24T02:54:21.048+0000] {logging_mixin.py:188} INFO - [2026-03-24T02:54:21.048+0000] {dag.py:3823} INFO - Setting next_dagrun for crawl_crypto_prices to 2026-03-24 02:00:00+00:00, run_after=2026-03-24 03:00:00+00:00
[2026-03-24T02:54:21.054+0000] {processor.py:183} INFO - Processing /opt/airflow/dags/crawl_crypto_prices.py took 0.052 seconds
[2026-03-24T02:54:51.325+0000] {processor.py:161} INFO - Started process (PID=12233) to work on /opt/airflow/dags/crawl_crypto_prices.py
[2026-03-24T02:54:51.326+0000] {processor.py:830} INFO - Processing file /opt/airflow/dags/crawl_crypto_prices.py for tasks to queue
[2026-03-24T02:54:51.327+0000] {logging_mixin.py:188} INFO - [2026-03-24T02:54:51.326+0000] {dagbag.py:538} INFO - Filling up the DagBag from /opt/airflow/dags/crawl_crypto_prices.py
[2026-03-24T02:54:51.338+0000] {processor.py:840} INFO - DAG(s) 'crawl_crypto_prices' retrieved from /opt/airflow/dags/crawl_crypto_prices.py
[2026-03-24T02:54:51.354+0000] {logging_mixin.py:188} INFO - [2026-03-24T02:54:51.354+0000] {dag.py:3036} INFO - Sync 1 DAGs
[2026-03-24T02:54:51.364+0000] {logging_mixin.py:188} INFO - [2026-03-24T02:54:51.364+0000] {dag.py:3823} INFO - Setting next_dagrun for crawl_crypto_prices to 2026-03-24 02:00:00+00:00, run_after=2026-03-24 03:00:00+00:00
[2026-03-24T02:54:51.370+0000] {processor.py:183} INFO - Processing /opt/airflow/dags/crawl_crypto_prices.py took 0.048 seconds
[2026-03-24T02:55:21.646+0000] {processor.py:161} INFO - Started process (PID=12238) to work on /opt/airflow/dags/crawl_crypto_prices.py
[2026-03-24T02:55:21.648+0000] {processor.py:830} INFO - Processing file /opt/airflow/dags/crawl_crypto_prices.py for tasks to queue
[2026-03-24T02:55:21.649+0000] {logging_mixin.py:188} INFO - [2026-03-24T02:55:21.648+0000] {dagbag.py:538} INFO - Filling up the DagBag from /opt/airflow/dags/crawl_crypto_prices.py
[2026-03-24T02:55:21.664+0000] {processor.py:840} INFO - DAG(s) 'crawl_crypto_prices' retrieved from /opt/airflow/dags/crawl_crypto_prices.py
[2026-03-24T02:55:21.686+0000] {logging_mixin.py:188} INFO - [2026-03-24T02:55:21.686+0000] {dag.py:3036} INFO - Sync 1 DAGs
[2026-03-24T02:55:21.696+0000] {logging_mixin.py:188} INFO - [2026-03-24T02:55:21.696+0000] {dag.py:3823} INFO - Setting next_dagrun for crawl_crypto_prices to 2026-03-24 02:00:00+00:00, run_after=2026-03-24 03:00:00+00:00
[2026-03-24T02:55:21.703+0000] {processor.py:183} INFO - Processing /opt/airflow/dags/crawl_crypto_prices.py took 0.062 seconds
[2026-03-24T02:55:51.967+0000] {processor.py:161} INFO - Started process (PID=12243) to work on /opt/airflow/dags/crawl_crypto_prices.py
[2026-03-24T02:55:51.968+0000] {processor.py:830} INFO - Processing file /opt/airflow/dags/crawl_crypto_prices.py for tasks to queue
[2026-03-24T02:55:51.969+0000] {logging_mixin.py:188} INFO - [2026-03-24T02:55:51.969+0000] {dagbag.py:538} INFO - Filling up the DagBag from /opt/airflow/dags/crawl_crypto_prices.py
[2026-03-24T02:55:51.980+0000] {processor.py:840} INFO - DAG(s) 'crawl_crypto_prices' retrieved from /opt/airflow/dags/crawl_crypto_prices.py
[2026-03-24T02:55:51.996+0000] {logging_mixin.py:188} INFO - [2026-03-24T02:55:51.996+0000] {dag.py:3036} INFO - Sync 1 DAGs
[2026-03-24T02:55:52.006+0000] {logging_mixin.py:188} INFO - [2026-03-24T02:55:52.006+0000] {dag.py:3823} INFO - Setting next_dagrun for crawl_crypto_prices to 2026-03-24 02:00:00+00:00, run_after=2026-03-24 03:00:00+00:00
[2026-03-24T02:55:52.012+0000] {processor.py:183} INFO - Processing /opt/airflow/dags/crawl_crypto_prices.py took 0.048 seconds
[2026-03-24T02:56:22.287+0000] {processor.py:161} INFO - Started process (PID=12248) to work on /opt/airflow/dags/crawl_crypto_prices.py
[2026-03-24T02:56:22.288+0000] {processor.py:830} INFO - Processing file /opt/airflow/dags/crawl_crypto_prices.py for tasks to queue
[2026-03-24T02:56:22.288+0000] {logging_mixin.py:188} INFO - [2026-03-24T02:56:22.288+0000] {dagbag.py:538} INFO - Filling up the DagBag from /opt/airflow/dags/crawl_crypto_prices.py
[2026-03-24T02:56:22.301+0000] {processor.py:840} INFO - DAG(s) 'crawl_crypto_prices' retrieved from /opt/airflow/dags/crawl_crypto_prices.py
[2026-03-24T02:56:22.320+0000] {logging_mixin.py:188} INFO - [2026-03-24T02:56:22.320+0000] {dag.py:3036} INFO - Sync 1 DAGs
[2026-03-24T02:56:22.329+0000] {logging_mixin.py:188} INFO - [2026-03-24T02:56:22.329+0000] {dag.py:3823} INFO - Setting next_dagrun for crawl_crypto_prices to 2026-03-24 02:00:00+00:00, run_after=2026-03-24 03:00:00+00:00
[2026-03-24T02:56:22.335+0000] {processor.py:183} INFO - Processing /opt/airflow/dags/crawl_crypto_prices.py took 0.052 seconds
[2026-03-24T02:56:52.597+0000] {processor.py:161} INFO - Started process (PID=12253) to work on /opt/airflow/dags/crawl_crypto_prices.py
[2026-03-24T02:56:52.598+0000] {processor.py:830} INFO - Processing file /opt/airflow/dags/crawl_crypto_prices.py for tasks to queue
[2026-03-24T02:56:52.599+0000] {logging_mixin.py:188} INFO - [2026-03-24T02:56:52.599+0000] {dagbag.py:538} INFO - Filling up the DagBag from /opt/airflow/dags/crawl_crypto_prices.py
[2026-03-24T02:56:52.611+0000] {processor.py:840} INFO - DAG(s) 'crawl_crypto_prices' retrieved from /opt/airflow/dags/crawl_crypto_prices.py
[2026-03-24T02:56:52.631+0000] {logging_mixin.py:188} INFO - [2026-03-24T02:56:52.631+0000] {dag.py:3036} INFO - Sync 1 DAGs
[2026-03-24T02:56:52.641+0000] {logging_mixin.py:188} INFO - [2026-03-24T02:56:52.641+0000] {dag.py:3823} INFO - Setting next_dagrun for crawl_crypto_prices to 2026-03-24 02:00:00+00:00, run_after=2026-03-24 03:00:00+00:00
[2026-03-24T02:56:52.647+0000] {processor.py:183} INFO - Processing /opt/airflow/dags/crawl_crypto_prices.py took 0.054 seconds
[2026-03-24T02:57:22.884+0000] {processor.py:161} INFO - Started process (PID=12258) to work on /opt/airflow/dags/crawl_crypto_prices.py
[2026-03-24T02:57:22.884+0000] {processor.py:830} INFO - Processing file /opt/airflow/dags/crawl_crypto_prices.py for tasks to queue
[2026-03-24T02:57:22.885+0000] {logging_mixin.py:188} INFO - [2026-03-24T02:57:22.885+0000] {dagbag.py:538} INFO - Filling up the DagBag from /opt/airflow/dags/crawl_crypto_prices.py
[2026-03-24T02:57:22.895+0000] {processor.py:840} INFO - DAG(s) 'crawl_crypto_prices' retrieved from /opt/airflow/dags/crawl_crypto_prices.py
[2026-03-24T02:57:22.911+0000] {logging_mixin.py:188} INFO - [2026-03-24T02:57:22.911+0000] {dag.py:3036} INFO - Sync 1 DAGs
[2026-03-24T02:57:22.921+0000] {logging_mixin.py:188} INFO - [2026-03-24T02:57:22.921+0000] {dag.py:3823} INFO - Setting next_dagrun for crawl_crypto_prices to 2026-03-24 02:00:00+00:00, run_after=2026-03-24 03:00:00+00:00
[2026-03-24T02:57:22.928+0000] {processor.py:183} INFO - Processing /opt/airflow/dags/crawl_crypto_prices.py took 0.047 seconds
[2026-03-24T02:57:53.246+0000] {processor.py:161} INFO - Started process (PID=12263) to work on /opt/airflow/dags/crawl_crypto_prices.py
[2026-03-24T02:57:53.246+0000] {processor.py:830} INFO - Processing file /opt/airflow/dags/crawl_crypto_prices.py for tasks to queue
[2026-03-24T02:57:53.247+0000] {logging_mixin.py:188} INFO - [2026-03-24T02:57:53.247+0000] {dagbag.py:538} INFO - Filling up the DagBag from /opt/airflow/dags/crawl_crypto_prices.py
[2026-03-24T02:57:53.258+0000] {processor.py:840} INFO - DAG(s) 'crawl_crypto_prices' retrieved from /opt/airflow/dags/crawl_crypto_prices.py
[2026-03-24T02:57:53.274+0000] {logging_mixin.py:188} INFO - [2026-03-24T02:57:53.274+0000] {dag.py:3036} INFO - Sync 1 DAGs
[2026-03-24T02:57:53.291+0000] {logging_mixin.py:188} INFO - [2026-03-24T02:57:53.290+0000] {dag.py:3823} INFO - Setting next_dagrun for crawl_crypto_prices to 2026-03-24 02:00:00+00:00, run_after=2026-03-24 03:00:00+00:00
[2026-03-24T02:57:53.297+0000] {processor.py:183} INFO - Processing /opt/airflow/dags/crawl_crypto_prices.py took 0.054 seconds
[2026-03-24T02:58:23.548+0000] {processor.py:161} INFO - Started process (PID=12268) to work on /opt/airflow/dags/crawl_crypto_prices.py
[2026-03-24T02:58:23.549+0000] {processor.py:830} INFO - Processing file /opt/airflow/dags/crawl_crypto_prices.py for tasks to queue
[2026-03-24T02:58:23.550+0000] {logging_mixin.py:188} INFO - [2026-03-24T02:58:23.550+0000] {dagbag.py:538} INFO - Filling up the DagBag from /opt/airflow/dags/crawl_crypto_prices.py
[2026-03-24T02:58:23.562+0000] {processor.py:840} INFO - DAG(s) 'crawl_crypto_prices' retrieved from /opt/airflow/dags/crawl_crypto_prices.py
[2026-03-24T02:58:23.581+0000] {logging_mixin.py:188} INFO - [2026-03-24T02:58:23.581+0000] {dag.py:3036} INFO - Sync 1 DAGs
[2026-03-24T02:58:23.591+0000] {logging_mixin.py:188} INFO - [2026-03-24T02:58:23.591+0000] {dag.py:3823} INFO - Setting next_dagrun for crawl_crypto_prices to 2026-03-24 02:00:00+00:00, run_after=2026-03-24 03:00:00+00:00
[2026-03-24T02:58:23.598+0000] {processor.py:183} INFO - Processing /opt/airflow/dags/crawl_crypto_prices.py took 0.053 seconds
[2026-03-24T02:58:53.874+0000] {processor.py:161} INFO - Started process (PID=12273) to work on /opt/airflow/dags/crawl_crypto_prices.py
[2026-03-24T02:58:53.875+0000] {processor.py:830} INFO - Processing file /opt/airflow/dags/crawl_crypto_prices.py for tasks to queue
[2026-03-24T02:58:53.876+0000] {logging_mixin.py:188} INFO - [2026-03-24T02:58:53.876+0000] {dagbag.py:538} INFO - Filling up the DagBag from /opt/airflow/dags/crawl_crypto_prices.py
[2026-03-24T02:58:53.888+0000] {processor.py:840} INFO - DAG(s) 'crawl_crypto_prices' retrieved from /opt/airflow/dags/crawl_crypto_prices.py
[2026-03-24T02:58:53.906+0000] {logging_mixin.py:188} INFO - [2026-03-24T02:58:53.906+0000] {dag.py:3036} INFO - Sync 1 DAGs
[2026-03-24T02:58:53.916+0000] {logging_mixin.py:188} INFO - [2026-03-24T02:58:53.916+0000] {dag.py:3823} INFO - Setting next_dagrun for crawl_crypto_prices to 2026-03-24 02:00:00+00:00, run_after=2026-03-24 03:00:00+00:00
[2026-03-24T02:58:53.923+0000] {processor.py:183} INFO - Processing /opt/airflow/dags/crawl_crypto_prices.py took 0.052 seconds
[2026-03-24T02:59:24.217+0000] {processor.py:161} INFO - Started process (PID=12278) to work on /opt/airflow/dags/crawl_crypto_prices.py
[2026-03-24T02:59:24.219+0000] {processor.py:830} INFO - Processing file /opt/airflow/dags/crawl_crypto_prices.py for tasks to queue
[2026-03-24T02:59:24.219+0000] {logging_mixin.py:188} INFO - [2026-03-24T02:59:24.219+0000] {dagbag.py:538} INFO - Filling up the DagBag from /opt/airflow/dags/crawl_crypto_prices.py
[2026-03-24T02:59:24.231+0000] {processor.py:840} INFO - DAG(s) 'crawl_crypto_prices' retrieved from /opt/airflow/dags/crawl_crypto_prices.py
[2026-03-24T02:59:24.251+0000] {logging_mixin.py:188} INFO - [2026-03-24T02:59:24.251+0000] {dag.py:3036} INFO - Sync 1 DAGs
[2026-03-24T02:59:24.262+0000] {logging_mixin.py:188} INFO - [2026-03-24T02:59:24.262+0000] {dag.py:3823} INFO - Setting next_dagrun for crawl_crypto_prices to 2026-03-24 02:00:00+00:00, run_after=2026-03-24 03:00:00+00:00
[2026-03-24T02:59:24.269+0000] {processor.py:183} INFO - Processing /opt/airflow/dags/crawl_crypto_prices.py took 0.055 seconds
[2026-03-24T02:59:54.528+0000] {processor.py:161} INFO - Started process (PID=12283) to work on /opt/airflow/dags/crawl_crypto_prices.py
[2026-03-24T02:59:54.529+0000] {processor.py:830} INFO - Processing file /opt/airflow/dags/crawl_crypto_prices.py for tasks to queue
[2026-03-24T02:59:54.530+0000] {logging_mixin.py:188} INFO - [2026-03-24T02:59:54.530+0000] {dagbag.py:538} INFO - Filling up the DagBag from /opt/airflow/dags/crawl_crypto_prices.py
[2026-03-24T02:59:54.541+0000] {processor.py:840} INFO - DAG(s) 'crawl_crypto_prices' retrieved from /opt/airflow/dags/crawl_crypto_prices.py
[2026-03-24T02:59:54.558+0000] {logging_mixin.py:188} INFO - [2026-03-24T02:59:54.558+0000] {dag.py:3036} INFO - Sync 1 DAGs
[2026-03-24T02:59:54.567+0000] {logging_mixin.py:188} INFO - [2026-03-24T02:59:54.567+0000] {dag.py:3823} INFO - Setting next_dagrun for crawl_crypto_prices to 2026-03-24 02:00:00+00:00, run_after=2026-03-24 03:00:00+00:00
[2026-03-24T02:59:54.574+0000] {processor.py:183} INFO - Processing /opt/airflow/dags/crawl_crypto_prices.py took 0.049 seconds
[2026-03-24T03:00:24.814+0000] {processor.py:161} INFO - Started process (PID=12292) to work on /opt/airflow/dags/crawl_crypto_prices.py
[2026-03-24T03:00:24.815+0000] {processor.py:830} INFO - Processing file /opt/airflow/dags/crawl_crypto_prices.py for tasks to queue
[2026-03-24T03:00:24.815+0000] {logging_mixin.py:188} INFO - [2026-03-24T03:00:24.815+0000] {dagbag.py:538} INFO - Filling up the DagBag from /opt/airflow/dags/crawl_crypto_prices.py
[2026-03-24T03:00:24.825+0000] {processor.py:840} INFO - DAG(s) 'crawl_crypto_prices' retrieved from /opt/airflow/dags/crawl_crypto_prices.py
[2026-03-24T03:00:24.838+0000] {logging_mixin.py:188} INFO - [2026-03-24T03:00:24.838+0000] {dag.py:3036} INFO - Sync 1 DAGs
[2026-03-24T03:00:24.847+0000] {logging_mixin.py:188} INFO - [2026-03-24T03:00:24.847+0000] {dag.py:3823} INFO - Setting next_dagrun for crawl_crypto_prices to 2026-03-24 03:00:00+00:00, run_after=2026-03-24 04:00:00+00:00
[2026-03-24T03:00:24.853+0000] {processor.py:183} INFO - Processing /opt/airflow/dags/crawl_crypto_prices.py took 0.041 seconds
[2026-03-24T03:00:55.110+0000] {processor.py:161} INFO - Started process (PID=12297) to work on /opt/airflow/dags/crawl_crypto_prices.py
[2026-03-24T03:00:55.112+0000] {processor.py:830} INFO - Processing file /opt/airflow/dags/crawl_crypto_prices.py for tasks to queue
[2026-03-24T03:00:55.113+0000] {logging_mixin.py:188} INFO - [2026-03-24T03:00:55.112+0000] {dagbag.py:538} INFO - Filling up the DagBag from /opt/airflow/dags/crawl_crypto_prices.py
[2026-03-24T03:00:55.126+0000] {processor.py:840} INFO - DAG(s) 'crawl_crypto_prices' retrieved from /opt/airflow/dags/crawl_crypto_prices.py
[2026-03-24T03:00:55.141+0000] {logging_mixin.py:188} INFO - [2026-03-24T03:00:55.141+0000] {dag.py:3036} INFO - Sync 1 DAGs
[2026-03-24T03:00:55.151+0000] {logging_mixin.py:188} INFO - [2026-03-24T03:00:55.151+0000] {dag.py:3823} INFO - Setting next_dagrun for crawl_crypto_prices to 2026-03-24 03:00:00+00:00, run_after=2026-03-24 04:00:00+00:00
[2026-03-24T03:00:55.157+0000] {processor.py:183} INFO - Processing /opt/airflow/dags/crawl_crypto_prices.py took 0.050 seconds
[2026-03-24T03:01:25.370+0000] {processor.py:161} INFO - Started process (PID=12302) to work on /opt/airflow/dags/crawl_crypto_prices.py
[2026-03-24T03:01:25.371+0000] {processor.py:830} INFO - Processing file /opt/airflow/dags/crawl_crypto_prices.py for tasks to queue
[2026-03-24T03:01:25.372+0000] {logging_mixin.py:188} INFO - [2026-03-24T03:01:25.372+0000] {dagbag.py:538} INFO - Filling up the DagBag from /opt/airflow/dags/crawl_crypto_prices.py
[2026-03-24T03:01:25.383+0000] {processor.py:840} INFO - DAG(s) 'crawl_crypto_prices' retrieved from /opt/airflow/dags/crawl_crypto_prices.py
[2026-03-24T03:01:25.399+0000] {logging_mixin.py:188} INFO - [2026-03-24T03:01:25.398+0000] {dag.py:3036} INFO - Sync 1 DAGs
[2026-03-24T03:01:25.408+0000] {logging_mixin.py:188} INFO - [2026-03-24T03:01:25.408+0000] {dag.py:3823} INFO - Setting next_dagrun for crawl_crypto_prices to 2026-03-24 03:00:00+00:00, run_after=2026-03-24 04:00:00+00:00
[2026-03-24T03:01:25.414+0000] {processor.py:183} INFO - Processing /opt/airflow/dags/crawl_crypto_prices.py took 0.049 seconds
[2026-03-24T03:01:55.675+0000] {processor.py:161} INFO - Started process (PID=12307) to work on /opt/airflow/dags/crawl_crypto_prices.py
[2026-03-24T03:01:55.676+0000] {processor.py:830} INFO - Processing file /opt/airflow/dags/crawl_crypto_prices.py for tasks to queue
[2026-03-24T03:01:55.677+0000] {logging_mixin.py:188} INFO - [2026-03-24T03:01:55.677+0000] {dagbag.py:538} INFO - Filling up the DagBag from /opt/airflow/dags/crawl_crypto_prices.py
[2026-03-24T03:01:55.688+0000] {processor.py:840} INFO - DAG(s) 'crawl_crypto_prices' retrieved from /opt/airflow/dags/crawl_crypto_prices.py
[2026-03-24T03:01:55.706+0000] {logging_mixin.py:188} INFO - [2026-03-24T03:01:55.706+0000] {dag.py:3036} INFO - Sync 1 DAGs
[2026-03-24T03:01:55.716+0000] {logging_mixin.py:188} INFO - [2026-03-24T03:01:55.716+0000] {dag.py:3823} INFO - Setting next_dagrun for crawl_crypto_prices to 2026-03-24 03:00:00+00:00, run_after=2026-03-24 04:00:00+00:00
[2026-03-24T03:01:55.722+0000] {processor.py:183} INFO - Processing /opt/airflow/dags/crawl_crypto_prices.py took 0.050 seconds
[2026-03-24T03:02:25.957+0000] {processor.py:161} INFO - Started process (PID=12312) to work on /opt/airflow/dags/crawl_crypto_prices.py
[2026-03-24T03:02:25.958+0000] {processor.py:830} INFO - Processing file /opt/airflow/dags/crawl_crypto_prices.py for tasks to queue
[2026-03-24T03:02:25.958+0000] {logging_mixin.py:188} INFO - [2026-03-24T03:02:25.958+0000] {dagbag.py:538} INFO - Filling up the DagBag from /opt/airflow/dags/crawl_crypto_prices.py
[2026-03-24T03:02:25.966+0000] {processor.py:840} INFO - DAG(s) 'crawl_crypto_prices' retrieved from /opt/airflow/dags/crawl_crypto_prices.py
[2026-03-24T03:02:25.981+0000] {logging_mixin.py:188} INFO - [2026-03-24T03:02:25.981+0000] {dag.py:3036} INFO - Sync 1 DAGs
[2026-03-24T03:02:25.999+0000] {logging_mixin.py:188} INFO - [2026-03-24T03:02:25.999+0000] {dag.py:3823} INFO - Setting next_dagrun for crawl_crypto_prices to 2026-03-24 03:00:00+00:00, run_after=2026-03-24 04:00:00+00:00
[2026-03-24T03:02:26.006+0000] {processor.py:183} INFO - Processing /opt/airflow/dags/crawl_crypto_prices.py took 0.051 seconds
[2026-03-24T03:02:56.241+0000] {processor.py:161} INFO - Started process (PID=12319) to work on /opt/airflow/dags/crawl_crypto_prices.py
[2026-03-24T03:02:56.242+0000] {processor.py:830} INFO - Processing file /opt/airflow/dags/crawl_crypto_prices.py for tasks to queue
[2026-03-24T03:02:56.242+0000] {logging_mixin.py:188} INFO - [2026-03-24T03:02:56.242+0000] {dagbag.py:538} INFO - Filling up the DagBag from /opt/airflow/dags/crawl_crypto_prices.py
[2026-03-24T03:02:56.254+0000] {processor.py:840} INFO - DAG(s) 'crawl_crypto_prices' retrieved from /opt/airflow/dags/crawl_crypto_prices.py
[2026-03-24T03:02:56.272+0000] {logging_mixin.py:188} INFO - [2026-03-24T03:02:56.272+0000] {dag.py:3036} INFO - Sync 1 DAGs
[2026-03-24T03:02:56.282+0000] {logging_mixin.py:188} INFO - [2026-03-24T03:02:56.281+0000] {dag.py:3823} INFO - Setting next_dagrun for crawl_crypto_prices to 2026-03-24 03:00:00+00:00, run_after=2026-03-24 04:00:00+00:00
[2026-03-24T03:02:56.288+0000] {processor.py:183} INFO - Processing /opt/airflow/dags/crawl_crypto_prices.py took 0.051 seconds
[2026-03-24T03:03:26.495+0000] {processor.py:161} INFO - Started process (PID=12326) to work on /opt/airflow/dags/crawl_crypto_prices.py
[2026-03-24T03:03:26.496+0000] {processor.py:830} INFO - Processing file /opt/airflow/dags/crawl_crypto_prices.py for tasks to queue
[2026-03-24T03:03:26.496+0000] {logging_mixin.py:188} INFO - [2026-03-24T03:03:26.496+0000] {dagbag.py:538} INFO - Filling up the DagBag from /opt/airflow/dags/crawl_crypto_prices.py
[2026-03-24T03:03:26.507+0000] {processor.py:840} INFO - DAG(s) 'crawl_crypto_prices' retrieved from /opt/airflow/dags/crawl_crypto_prices.py
[2026-03-24T03:03:26.525+0000] {logging_mixin.py:188} INFO - [2026-03-24T03:03:26.525+0000] {dag.py:3036} INFO - Sync 1 DAGs
[2026-03-24T03:03:26.534+0000] {logging_mixin.py:188} INFO - [2026-03-24T03:03:26.534+0000] {dag.py:3823} INFO - Setting next_dagrun for crawl_crypto_prices to 2026-03-24 03:00:00+00:00, run_after=2026-03-24 04:00:00+00:00
[2026-03-24T03:03:26.540+0000] {processor.py:183} INFO - Processing /opt/airflow/dags/crawl_crypto_prices.py took 0.049 seconds
[2026-03-24T03:03:56.780+0000] {processor.py:161} INFO - Started process (PID=12331) to work on /opt/airflow/dags/crawl_crypto_prices.py
[2026-03-24T03:03:56.781+0000] {processor.py:830} INFO - Processing file /opt/airflow/dags/crawl_crypto_prices.py for tasks to queue
[2026-03-24T03:03:56.782+0000] {logging_mixin.py:188} INFO - [2026-03-24T03:03:56.782+0000] {dagbag.py:538} INFO - Filling up the DagBag from /opt/airflow/dags/crawl_crypto_prices.py
[2026-03-24T03:03:56.793+0000] {processor.py:840} INFO - DAG(s) 'crawl_crypto_prices' retrieved from /opt/airflow/dags/crawl_crypto_prices.py
[2026-03-24T03:03:56.813+0000] {logging_mixin.py:188} INFO - [2026-03-24T03:03:56.813+0000] {dag.py:3036} INFO - Sync 1 DAGs
[2026-03-24T03:03:56.823+0000] {logging_mixin.py:188} INFO - [2026-03-24T03:03:56.823+0000] {dag.py:3823} INFO - Setting next_dagrun for crawl_crypto_prices to 2026-03-24 03:00:00+00:00, run_after=2026-03-24 04:00:00+00:00
[2026-03-24T03:03:56.830+0000] {processor.py:183} INFO - Processing /opt/airflow/dags/crawl_crypto_prices.py took 0.053 seconds
[2026-03-24T03:04:27.050+0000] {processor.py:161} INFO - Started process (PID=12336) to work on /opt/airflow/dags/crawl_crypto_prices.py
[2026-03-24T03:04:27.051+0000] {processor.py:830} INFO - Processing file /opt/airflow/dags/crawl_crypto_prices.py for tasks to queue
[2026-03-24T03:04:27.052+0000] {logging_mixin.py:188} INFO - [2026-03-24T03:04:27.052+0000] {dagbag.py:538} INFO - Filling up the DagBag from /opt/airflow/dags/crawl_crypto_prices.py
[2026-03-24T03:04:27.062+0000] {processor.py:840} INFO - DAG(s) 'crawl_crypto_prices' retrieved from /opt/airflow/dags/crawl_crypto_prices.py
[2026-03-24T03:04:27.079+0000] {logging_mixin.py:188} INFO - [2026-03-24T03:04:27.079+0000] {dag.py:3036} INFO - Sync 1 DAGs
[2026-03-24T03:04:27.088+0000] {logging_mixin.py:188} INFO - [2026-03-24T03:04:27.088+0000] {dag.py:3823} INFO - Setting next_dagrun for crawl_crypto_prices to 2026-03-24 03:00:00+00:00, run_after=2026-03-24 04:00:00+00:00
[2026-03-24T03:04:27.094+0000] {processor.py:183} INFO - Processing /opt/airflow/dags/crawl_crypto_prices.py took 0.046 seconds
[2026-03-24T03:04:57.279+0000] {processor.py:161} INFO - Started process (PID=12341) to work on /opt/airflow/dags/crawl_crypto_prices.py
[2026-03-24T03:04:57.280+0000] {processor.py:830} INFO - Processing file /opt/airflow/dags/crawl_crypto_prices.py for tasks to queue
[2026-03-24T03:04:57.281+0000] {logging_mixin.py:188} INFO - [2026-03-24T03:04:57.281+0000] {dagbag.py:538} INFO - Filling up the DagBag from /opt/airflow/dags/crawl_crypto_prices.py
[2026-03-24T03:04:57.290+0000] {processor.py:840} INFO - DAG(s) 'crawl_crypto_prices' retrieved from /opt/airflow/dags/crawl_crypto_prices.py
[2026-03-24T03:04:57.308+0000] {logging_mixin.py:188} INFO - [2026-03-24T03:04:57.308+0000] {dag.py:3036} INFO - Sync 1 DAGs
[2026-03-24T03:04:57.317+0000] {logging_mixin.py:188} INFO - [2026-03-24T03:04:57.317+0000] {dag.py:3823} INFO - Setting next_dagrun for crawl_crypto_prices to 2026-03-24 03:00:00+00:00, run_after=2026-03-24 04:00:00+00:00
[2026-03-24T03:04:57.322+0000] {processor.py:183} INFO - Processing /opt/airflow/dags/crawl_crypto_prices.py took 0.046 seconds
[2026-03-24T03:05:27.538+0000] {processor.py:161} INFO - Started process (PID=12346) to work on /opt/airflow/dags/crawl_crypto_prices.py
[2026-03-24T03:05:27.539+0000] {processor.py:830} INFO - Processing file /opt/airflow/dags/crawl_crypto_prices.py for tasks to queue
[2026-03-24T03:05:27.540+0000] {logging_mixin.py:188} INFO - [2026-03-24T03:05:27.540+0000] {dagbag.py:538} INFO - Filling up the DagBag from /opt/airflow/dags/crawl_crypto_prices.py
[2026-03-24T03:05:27.551+0000] {processor.py:840} INFO - DAG(s) 'crawl_crypto_prices' retrieved from /opt/airflow/dags/crawl_crypto_prices.py
[2026-03-24T03:05:27.571+0000] {logging_mixin.py:188} INFO - [2026-03-24T03:05:27.571+0000] {dag.py:3036} INFO - Sync 1 DAGs
[2026-03-24T03:05:27.581+0000] {logging_mixin.py:188} INFO - [2026-03-24T03:05:27.581+0000] {dag.py:3823} INFO - Setting next_dagrun for crawl_crypto_prices to 2026-03-24 03:00:00+00:00, run_after=2026-03-24 04:00:00+00:00
[2026-03-24T03:05:27.587+0000] {processor.py:183} INFO - Processing /opt/airflow/dags/crawl_crypto_prices.py took 0.053 seconds
[2026-03-24T03:05:57.834+0000] {processor.py:161} INFO - Started process (PID=12351) to work on /opt/airflow/dags/crawl_crypto_prices.py
[2026-03-24T03:05:57.835+0000] {processor.py:830} INFO - Processing file /opt/airflow/dags/crawl_crypto_prices.py for tasks to queue
[2026-03-24T03:05:57.836+0000] {logging_mixin.py:188} INFO - [2026-03-24T03:05:57.836+0000] {dagbag.py:538} INFO - Filling up the DagBag from /opt/airflow/dags/crawl_crypto_prices.py
[2026-03-24T03:05:57.846+0000] {processor.py:840} INFO - DAG(s) 'crawl_crypto_prices' retrieved from /opt/airflow/dags/crawl_crypto_prices.py
[2026-03-24T03:05:57.863+0000] {logging_mixin.py:188} INFO - [2026-03-24T03:05:57.863+0000] {dag.py:3036} INFO - Sync 1 DAGs
[2026-03-24T03:05:57.872+0000] {logging_mixin.py:188} INFO - [2026-03-24T03:05:57.872+0000] {dag.py:3823} INFO - Setting next_dagrun for crawl_crypto_prices to 2026-03-24 03:00:00+00:00, run_after=2026-03-24 04:00:00+00:00
[2026-03-24T03:05:57.878+0000] {processor.py:183} INFO - Processing /opt/airflow/dags/crawl_crypto_prices.py took 0.047 seconds
[2026-03-24T03:06:28.107+0000] {processor.py:161} INFO - Started process (PID=12360) to work on /opt/airflow/dags/crawl_crypto_prices.py
[2026-03-24T03:06:28.107+0000] {processor.py:830} INFO - Processing file /opt/airflow/dags/crawl_crypto_prices.py for tasks to queue
[2026-03-24T03:06:28.108+0000] {logging_mixin.py:188} INFO - [2026-03-24T03:06:28.108+0000] {dagbag.py:538} INFO - Filling up the DagBag from /opt/airflow/dags/crawl_crypto_prices.py
[2026-03-24T03:06:28.116+0000] {processor.py:840} INFO - DAG(s) 'crawl_crypto_prices' retrieved from /opt/airflow/dags/crawl_crypto_prices.py
[2026-03-24T03:06:28.130+0000] {logging_mixin.py:188} INFO - [2026-03-24T03:06:28.130+0000] {dag.py:3036} INFO - Sync 1 DAGs
[2026-03-24T03:06:28.139+0000] {logging_mixin.py:188} INFO - [2026-03-24T03:06:28.139+0000] {dag.py:3823} INFO - Setting next_dagrun for crawl_crypto_prices to 2026-03-24 03:00:00+00:00, run_after=2026-03-24 04:00:00+00:00
[2026-03-24T03:06:28.145+0000] {processor.py:183} INFO - Processing /opt/airflow/dags/crawl_crypto_prices.py took 0.041 seconds
[2026-03-24T03:06:58.432+0000] {processor.py:161} INFO - Started process (PID=12365) to work on /opt/airflow/dags/crawl_crypto_prices.py
[2026-03-24T03:06:58.433+0000] {processor.py:830} INFO - Processing file /opt/airflow/dags/crawl_crypto_prices.py for tasks to queue
[2026-03-24T03:06:58.433+0000] {logging_mixin.py:188} INFO - [2026-03-24T03:06:58.433+0000] {dagbag.py:538} INFO - Filling up the DagBag from /opt/airflow/dags/crawl_crypto_prices.py
[2026-03-24T03:06:58.444+0000] {processor.py:840} INFO - DAG(s) 'crawl_crypto_prices' retrieved from /opt/airflow/dags/crawl_crypto_prices.py
[2026-03-24T03:06:58.462+0000] {logging_mixin.py:188} INFO - [2026-03-24T03:06:58.462+0000] {dag.py:3036} INFO - Sync 1 DAGs
[2026-03-24T03:06:58.471+0000] {logging_mixin.py:188} INFO - [2026-03-24T03:06:58.471+0000] {dag.py:3823} INFO - Setting next_dagrun for crawl_crypto_prices to 2026-03-24 03:00:00+00:00, run_after=2026-03-24 04:00:00+00:00
[2026-03-24T03:06:58.478+0000] {processor.py:183} INFO - Processing /opt/airflow/dags/crawl_crypto_prices.py took 0.049 seconds
[2026-03-24T03:07:28.771+0000] {processor.py:161} INFO - Started process (PID=12370) to work on /opt/airflow/dags/crawl_crypto_prices.py
[2026-03-24T03:07:28.772+0000] {processor.py:830} INFO - Processing file /opt/airflow/dags/crawl_crypto_prices.py for tasks to queue
[2026-03-24T03:07:28.773+0000] {logging_mixin.py:188} INFO - [2026-03-24T03:07:28.773+0000] {dagbag.py:538} INFO - Filling up the DagBag from /opt/airflow/dags/crawl_crypto_prices.py
[2026-03-24T03:07:28.784+0000] {processor.py:840} INFO - DAG(s) 'crawl_crypto_prices' retrieved from /opt/airflow/dags/crawl_crypto_prices.py
[2026-03-24T03:07:28.803+0000] {logging_mixin.py:188} INFO - [2026-03-24T03:07:28.803+0000] {dag.py:3036} INFO - Sync 1 DAGs
[2026-03-24T03:07:28.813+0000] {logging_mixin.py:188} INFO - [2026-03-24T03:07:28.813+0000] {dag.py:3823} INFO - Setting next_dagrun for crawl_crypto_prices to 2026-03-24 03:00:00+00:00, run_after=2026-03-24 04:00:00+00:00
[2026-03-24T03:07:28.820+0000] {processor.py:183} INFO - Processing /opt/airflow/dags/crawl_crypto_prices.py took 0.052 seconds
[2026-03-24T03:07:59.085+0000] {processor.py:161} INFO - Started process (PID=12375) to work on /opt/airflow/dags/crawl_crypto_prices.py
[2026-03-24T03:07:59.086+0000] {processor.py:830} INFO - Processing file /opt/airflow/dags/crawl_crypto_prices.py for tasks to queue
[2026-03-24T03:07:59.087+0000] {logging_mixin.py:188} INFO - [2026-03-24T03:07:59.087+0000] {dagbag.py:538} INFO - Filling up the DagBag from /opt/airflow/dags/crawl_crypto_prices.py
[2026-03-24T03:07:59.099+0000] {processor.py:840} INFO - DAG(s) 'crawl_crypto_prices' retrieved from /opt/airflow/dags/crawl_crypto_prices.py
[2026-03-24T03:07:59.120+0000] {logging_mixin.py:188} INFO - [2026-03-24T03:07:59.119+0000] {dag.py:3036} INFO - Sync 1 DAGs
[2026-03-24T03:07:59.130+0000] {logging_mixin.py:188} INFO - [2026-03-24T03:07:59.130+0000] {dag.py:3823} INFO - Setting next_dagrun for crawl_crypto_prices to 2026-03-24 03:00:00+00:00, run_after=2026-03-24 04:00:00+00:00
[2026-03-24T03:07:59.136+0000] {processor.py:183} INFO - Processing /opt/airflow/dags/crawl_crypto_prices.py took 0.055 seconds
[2026-03-24T03:08:29.403+0000] {processor.py:161} INFO - Started process (PID=12380) to work on /opt/airflow/dags/crawl_crypto_prices.py
[2026-03-24T03:08:29.404+0000] {processor.py:830} INFO - Processing file /opt/airflow/dags/crawl_crypto_prices.py for tasks to queue
[2026-03-24T03:08:29.405+0000] {logging_mixin.py:188} INFO - [2026-03-24T03:08:29.405+0000] {dagbag.py:538} INFO - Filling up the DagBag from /opt/airflow/dags/crawl_crypto_prices.py
[2026-03-24T03:08:29.416+0000] {processor.py:840} INFO - DAG(s) 'crawl_crypto_prices' retrieved from /opt/airflow/dags/crawl_crypto_prices.py
[2026-03-24T03:08:29.434+0000] {logging_mixin.py:188} INFO - [2026-03-24T03:08:29.434+0000] {dag.py:3036} INFO - Sync 1 DAGs
[2026-03-24T03:08:29.444+0000] {logging_mixin.py:188} INFO - [2026-03-24T03:08:29.444+0000] {dag.py:3823} INFO - Setting next_dagrun for crawl_crypto_prices to 2026-03-24 03:00:00+00:00, run_after=2026-03-24 04:00:00+00:00
[2026-03-24T03:08:29.450+0000] {processor.py:183} INFO - Processing /opt/airflow/dags/crawl_crypto_prices.py took 0.050 seconds
[2026-03-24T03:08:59.676+0000] {processor.py:161} INFO - Started process (PID=12385) to work on /opt/airflow/dags/crawl_crypto_prices.py
[2026-03-24T03:08:59.677+0000] {processor.py:830} INFO - Processing file /opt/airflow/dags/crawl_crypto_prices.py for tasks to queue
[2026-03-24T03:08:59.678+0000] {logging_mixin.py:188} INFO - [2026-03-24T03:08:59.677+0000] {dagbag.py:538} INFO - Filling up the DagBag from /opt/airflow/dags/crawl_crypto_prices.py
[2026-03-24T03:08:59.689+0000] {processor.py:840} INFO - DAG(s) 'crawl_crypto_prices' retrieved from /opt/airflow/dags/crawl_crypto_prices.py
[2026-03-24T03:08:59.705+0000] {logging_mixin.py:188} INFO - [2026-03-24T03:08:59.705+0000] {dag.py:3036} INFO - Sync 1 DAGs
[2026-03-24T03:08:59.716+0000] {logging_mixin.py:188} INFO - [2026-03-24T03:08:59.716+0000] {dag.py:3823} INFO - Setting next_dagrun for crawl_crypto_prices to 2026-03-24 03:00:00+00:00, run_after=2026-03-24 04:00:00+00:00
[2026-03-24T03:08:59.724+0000] {processor.py:183} INFO - Processing /opt/airflow/dags/crawl_crypto_prices.py took 0.051 seconds
[2026-03-24T03:09:30.027+0000] {processor.py:161} INFO - Started process (PID=12390) to work on /opt/airflow/dags/crawl_crypto_prices.py
[2026-03-24T03:09:30.028+0000] {processor.py:830} INFO - Processing file /opt/airflow/dags/crawl_crypto_prices.py for tasks to queue
[2026-03-24T03:09:30.029+0000] {logging_mixin.py:188} INFO - [2026-03-24T03:09:30.029+0000] {dagbag.py:538} INFO - Filling up the DagBag from /opt/airflow/dags/crawl_crypto_prices.py
[2026-03-24T03:09:30.042+0000] {processor.py:840} INFO - DAG(s) 'crawl_crypto_prices' retrieved from /opt/airflow/dags/crawl_crypto_prices.py
[2026-03-24T03:09:30.063+0000] {logging_mixin.py:188} INFO - [2026-03-24T03:09:30.063+0000] {dag.py:3036} INFO - Sync 1 DAGs
[2026-03-24T03:09:30.072+0000] {logging_mixin.py:188} INFO - [2026-03-24T03:09:30.072+0000] {dag.py:3823} INFO - Setting next_dagrun for crawl_crypto_prices to 2026-03-24 03:00:00+00:00, run_after=2026-03-24 04:00:00+00:00
[2026-03-24T03:09:30.078+0000] {processor.py:183} INFO - Processing /opt/airflow/dags/crawl_crypto_prices.py took 0.055 seconds
[2026-03-24T03:10:00.356+0000] {processor.py:161} INFO - Started process (PID=12395) to work on /opt/airflow/dags/crawl_crypto_prices.py
[2026-03-24T03:10:00.357+0000] {processor.py:830} INFO - Processing file /opt/airflow/dags/crawl_crypto_prices.py for tasks to queue
[2026-03-24T03:10:00.358+0000] {logging_mixin.py:188} INFO - [2026-03-24T03:10:00.358+0000] {dagbag.py:538} INFO - Filling up the DagBag from /opt/airflow/dags/crawl_crypto_prices.py
[2026-03-24T03:10:00.369+0000] {processor.py:840} INFO - DAG(s) 'crawl_crypto_prices' retrieved from /opt/airflow/dags/crawl_crypto_prices.py
[2026-03-24T03:10:00.386+0000] {logging_mixin.py:188} INFO - [2026-03-24T03:10:00.386+0000] {dag.py:3036} INFO - Sync 1 DAGs
[2026-03-24T03:10:00.395+0000] {logging_mixin.py:188} INFO - [2026-03-24T03:10:00.395+0000] {dag.py:3823} INFO - Setting next_dagrun for crawl_crypto_prices to 2026-03-24 03:00:00+00:00, run_after=2026-03-24 04:00:00+00:00
[2026-03-24T03:10:00.402+0000] {processor.py:183} INFO - Processing /opt/airflow/dags/crawl_crypto_prices.py took 0.049 seconds
[2026-03-24T03:10:13.520+0000] {processor.py:161} INFO - Started process (PID=12400) to work on /opt/airflow/dags/crawl_crypto_prices.py
[2026-03-24T03:10:13.522+0000] {processor.py:830} INFO - Processing file /opt/airflow/dags/crawl_crypto_prices.py for tasks to queue
[2026-03-24T03:10:13.523+0000] {logging_mixin.py:188} INFO - [2026-03-24T03:10:13.523+0000] {dagbag.py:538} INFO - Filling up the DagBag from /opt/airflow/dags/crawl_crypto_prices.py
[2026-03-24T03:10:13.539+0000] {processor.py:840} INFO - DAG(s) 'crawl_crypto_prices' retrieved from /opt/airflow/dags/crawl_crypto_prices.py
[2026-03-24T03:10:13.555+0000] {logging_mixin.py:188} INFO - [2026-03-24T03:10:13.555+0000] {dag.py:3036} INFO - Sync 1 DAGs
[2026-03-24T03:10:13.569+0000] {logging_mixin.py:188} INFO - [2026-03-24T03:10:13.569+0000] {dag.py:3823} INFO - Setting next_dagrun for crawl_crypto_prices to 2026-03-24 03:00:00+00:00, run_after=2026-03-24 04:00:00+00:00
[2026-03-24T03:10:13.576+0000] {processor.py:183} INFO - Processing /opt/airflow/dags/crawl_crypto_prices.py took 0.060 seconds
[2026-03-24T03:10:43.807+0000] {processor.py:161} INFO - Started process (PID=12405) to work on /opt/airflow/dags/crawl_crypto_prices.py
[2026-03-24T03:10:43.808+0000] {processor.py:830} INFO - Processing file /opt/airflow/dags/crawl_crypto_prices.py for tasks to queue
[2026-03-24T03:10:43.808+0000] {logging_mixin.py:188} INFO - [2026-03-24T03:10:43.808+0000] {dagbag.py:538} INFO - Filling up the DagBag from /opt/airflow/dags/crawl_crypto_prices.py
[2026-03-24T03:10:43.821+0000] {processor.py:840} INFO - DAG(s) 'crawl_crypto_prices' retrieved from /opt/airflow/dags/crawl_crypto_prices.py
[2026-03-24T03:10:43.839+0000] {logging_mixin.py:188} INFO - [2026-03-24T03:10:43.839+0000] {dag.py:3036} INFO - Sync 1 DAGs
[2026-03-24T03:10:43.849+0000] {logging_mixin.py:188} INFO - [2026-03-24T03:10:43.849+0000] {dag.py:3823} INFO - Setting next_dagrun for crawl_crypto_prices to 2026-03-24 03:00:00+00:00, run_after=2026-03-24 04:00:00+00:00
[2026-03-24T03:10:43.855+0000] {processor.py:183} INFO - Processing /opt/airflow/dags/crawl_crypto_prices.py took 0.052 seconds
[2026-03-24T03:11:14.126+0000] {processor.py:161} INFO - Started process (PID=12410) to work on /opt/airflow/dags/crawl_crypto_prices.py
[2026-03-24T03:11:14.128+0000] {processor.py:830} INFO - Processing file /opt/airflow/dags/crawl_crypto_prices.py for tasks to queue
[2026-03-24T03:11:14.129+0000] {logging_mixin.py:188} INFO - [2026-03-24T03:11:14.128+0000] {dagbag.py:538} INFO - Filling up the DagBag from /opt/airflow/dags/crawl_crypto_prices.py
[2026-03-24T03:11:14.141+0000] {processor.py:840} INFO - DAG(s) 'crawl_crypto_prices' retrieved from /opt/airflow/dags/crawl_crypto_prices.py
[2026-03-24T03:11:14.161+0000] {logging_mixin.py:188} INFO - [2026-03-24T03:11:14.160+0000] {dag.py:3036} INFO - Sync 1 DAGs
[2026-03-24T03:11:14.171+0000] {logging_mixin.py:188} INFO - [2026-03-24T03:11:14.171+0000] {dag.py:3823} INFO - Setting next_dagrun for crawl_crypto_prices to 2026-03-24 03:00:00+00:00, run_after=2026-03-24 04:00:00+00:00
[2026-03-24T03:11:14.177+0000] {processor.py:183} INFO - Processing /opt/airflow/dags/crawl_crypto_prices.py took 0.054 seconds
[2026-03-24T03:11:44.432+0000] {processor.py:161} INFO - Started process (PID=12415) to work on /opt/airflow/dags/crawl_crypto_prices.py
[2026-03-24T03:11:44.433+0000] {processor.py:830} INFO - Processing file /opt/airflow/dags/crawl_crypto_prices.py for tasks to queue
[2026-03-24T03:11:44.434+0000] {logging_mixin.py:188} INFO - [2026-03-24T03:11:44.434+0000] {dagbag.py:538} INFO - Filling up the DagBag from /opt/airflow/dags/crawl_crypto_prices.py
[2026-03-24T03:11:44.445+0000] {processor.py:840} INFO - DAG(s) 'crawl_crypto_prices' retrieved from /opt/airflow/dags/crawl_crypto_prices.py
[2026-03-24T03:11:44.464+0000] {logging_mixin.py:188} INFO - [2026-03-24T03:11:44.464+0000] {dag.py:3036} INFO - Sync 1 DAGs
[2026-03-24T03:11:44.474+0000] {logging_mixin.py:188} INFO - [2026-03-24T03:11:44.474+0000] {dag.py:3823} INFO - Setting next_dagrun for crawl_crypto_prices to 2026-03-24 03:00:00+00:00, run_after=2026-03-24 04:00:00+00:00
[2026-03-24T03:11:44.480+0000] {processor.py:183} INFO - Processing /opt/airflow/dags/crawl_crypto_prices.py took 0.051 seconds
[2026-03-24T03:12:14.759+0000] {processor.py:161} INFO - Started process (PID=12420) to work on /opt/airflow/dags/crawl_crypto_prices.py
[2026-03-24T03:12:14.760+0000] {processor.py:830} INFO - Processing file /opt/airflow/dags/crawl_crypto_prices.py for tasks to queue
[2026-03-24T03:12:14.761+0000] {logging_mixin.py:188} INFO - [2026-03-24T03:12:14.761+0000] {dagbag.py:538} INFO - Filling up the DagBag from /opt/airflow/dags/crawl_crypto_prices.py
[2026-03-24T03:12:14.772+0000] {processor.py:840} INFO - DAG(s) 'crawl_crypto_prices' retrieved from /opt/airflow/dags/crawl_crypto_prices.py
[2026-03-24T03:12:14.791+0000] {logging_mixin.py:188} INFO - [2026-03-24T03:12:14.791+0000] {dag.py:3036} INFO - Sync 1 DAGs
[2026-03-24T03:12:14.801+0000] {logging_mixin.py:188} INFO - [2026-03-24T03:12:14.801+0000] {dag.py:3823} INFO - Setting next_dagrun for crawl_crypto_prices to 2026-03-24 03:00:00+00:00, run_after=2026-03-24 04:00:00+00:00
[2026-03-24T03:12:14.807+0000] {processor.py:183} INFO - Processing /opt/airflow/dags/crawl_crypto_prices.py took 0.051 seconds
[2026-03-24T03:12:45.077+0000] {processor.py:161} INFO - Started process (PID=12425) to work on /opt/airflow/dags/crawl_crypto_prices.py
[2026-03-24T03:12:45.077+0000] {processor.py:830} INFO - Processing file /opt/airflow/dags/crawl_crypto_prices.py for tasks to queue
[2026-03-24T03:12:45.078+0000] {logging_mixin.py:188} INFO - [2026-03-24T03:12:45.078+0000] {dagbag.py:538} INFO - Filling up the DagBag from /opt/airflow/dags/crawl_crypto_prices.py
[2026-03-24T03:12:45.084+0000] {processor.py:840} INFO - DAG(s) 'crawl_crypto_prices' retrieved from /opt/airflow/dags/crawl_crypto_prices.py
[2026-03-24T03:12:45.094+0000] {logging_mixin.py:188} INFO - [2026-03-24T03:12:45.094+0000] {dag.py:3036} INFO - Sync 1 DAGs
[2026-03-24T03:12:45.102+0000] {logging_mixin.py:188} INFO - [2026-03-24T03:12:45.102+0000] {dag.py:3823} INFO - Setting next_dagrun for crawl_crypto_prices to 2026-03-24 03:00:00+00:00, run_after=2026-03-24 04:00:00+00:00
[2026-03-24T03:12:45.108+0000] {processor.py:183} INFO - Processing /opt/airflow/dags/crawl_crypto_prices.py took 0.033 seconds
[2026-03-24T03:13:15.386+0000] {processor.py:161} INFO - Started process (PID=12430) to work on /opt/airflow/dags/crawl_crypto_prices.py
[2026-03-24T03:13:15.387+0000] {processor.py:830} INFO - Processing file /opt/airflow/dags/crawl_crypto_prices.py for tasks to queue
[2026-03-24T03:13:15.388+0000] {logging_mixin.py:188} INFO - [2026-03-24T03:13:15.387+0000] {dagbag.py:538} INFO - Filling up the DagBag from /opt/airflow/dags/crawl_crypto_prices.py
[2026-03-24T03:13:15.402+0000] {processor.py:840} INFO - DAG(s) 'crawl_crypto_prices' retrieved from /opt/airflow/dags/crawl_crypto_prices.py
[2026-03-24T03:13:15.423+0000] {logging_mixin.py:188} INFO - [2026-03-24T03:13:15.423+0000] {dag.py:3036} INFO - Sync 1 DAGs
[2026-03-24T03:13:15.434+0000] {logging_mixin.py:188} INFO - [2026-03-24T03:13:15.434+0000] {dag.py:3823} INFO - Setting next_dagrun for crawl_crypto_prices to 2026-03-24 03:00:00+00:00, run_after=2026-03-24 04:00:00+00:00
[2026-03-24T03:13:15.440+0000] {processor.py:183} INFO - Processing /opt/airflow/dags/crawl_crypto_prices.py took 0.059 seconds
[2026-03-24T03:13:45.698+0000] {processor.py:161} INFO - Started process (PID=12435) to work on /opt/airflow/dags/crawl_crypto_prices.py
[2026-03-24T03:13:45.699+0000] {processor.py:830} INFO - Processing file /opt/airflow/dags/crawl_crypto_prices.py for tasks to queue
[2026-03-24T03:13:45.700+0000] {logging_mixin.py:188} INFO - [2026-03-24T03:13:45.700+0000] {dagbag.py:538} INFO - Filling up the DagBag from /opt/airflow/dags/crawl_crypto_prices.py
[2026-03-24T03:13:45.711+0000] {processor.py:840} INFO - DAG(s) 'crawl_crypto_prices' retrieved from /opt/airflow/dags/crawl_crypto_prices.py
[2026-03-24T03:13:45.729+0000] {logging_mixin.py:188} INFO - [2026-03-24T03:13:45.729+0000] {dag.py:3036} INFO - Sync 1 DAGs
[2026-03-24T03:13:45.740+0000] {logging_mixin.py:188} INFO - [2026-03-24T03:13:45.740+0000] {dag.py:3823} INFO - Setting next_dagrun for crawl_crypto_prices to 2026-03-24 03:00:00+00:00, run_after=2026-03-24 04:00:00+00:00
[2026-03-24T03:13:45.746+0000] {processor.py:183} INFO - Processing /opt/airflow/dags/crawl_crypto_prices.py took 0.050 seconds
[2026-03-24T03:14:16.056+0000] {processor.py:161} INFO - Started process (PID=12440) to work on /opt/airflow/dags/crawl_crypto_prices.py
[2026-03-24T03:14:16.057+0000] {processor.py:830} INFO - Processing file /opt/airflow/dags/crawl_crypto_prices.py for tasks to queue
[2026-03-24T03:14:16.057+0000] {logging_mixin.py:188} INFO - [2026-03-24T03:14:16.057+0000] {dagbag.py:538} INFO - Filling up the DagBag from /opt/airflow/dags/crawl_crypto_prices.py
[2026-03-24T03:14:16.068+0000] {processor.py:840} INFO - DAG(s) 'crawl_crypto_prices' retrieved from /opt/airflow/dags/crawl_crypto_prices.py
[2026-03-24T03:14:16.086+0000] {logging_mixin.py:188} INFO - [2026-03-24T03:14:16.086+0000] {dag.py:3036} INFO - Sync 1 DAGs
[2026-03-24T03:14:16.096+0000] {logging_mixin.py:188} INFO - [2026-03-24T03:14:16.096+0000] {dag.py:3823} INFO - Setting next_dagrun for crawl_crypto_prices to 2026-03-24 03:00:00+00:00, run_after=2026-03-24 04:00:00+00:00
[2026-03-24T03:14:16.103+0000] {processor.py:183} INFO - Processing /opt/airflow/dags/crawl_crypto_prices.py took 0.050 seconds
[2026-03-24T03:15:32.192+0000] {processor.py:161} INFO - Started process (PID=12445) to work on /opt/airflow/dags/crawl_crypto_prices.py
[2026-03-24T03:15:32.193+0000] {processor.py:830} INFO - Processing file /opt/airflow/dags/crawl_crypto_prices.py for tasks to queue
[2026-03-24T03:15:32.194+0000] {logging_mixin.py:188} INFO - [2026-03-24T03:15:32.193+0000] {dagbag.py:538} INFO - Filling up the DagBag from /opt/airflow/dags/crawl_crypto_prices.py
[2026-03-24T03:15:32.208+0000] {processor.py:840} INFO - DAG(s) 'crawl_crypto_prices' retrieved from /opt/airflow/dags/crawl_crypto_prices.py
[2026-03-24T03:15:32.226+0000] {logging_mixin.py:188} INFO - [2026-03-24T03:15:32.226+0000] {dag.py:3036} INFO - Sync 1 DAGs
[2026-03-24T03:15:32.240+0000] {logging_mixin.py:188} INFO - [2026-03-24T03:15:32.239+0000] {dag.py:3823} INFO - Setting next_dagrun for crawl_crypto_prices to 2026-03-24 03:00:00+00:00, run_after=2026-03-24 04:00:00+00:00
[2026-03-24T03:15:32.246+0000] {processor.py:183} INFO - Processing /opt/airflow/dags/crawl_crypto_prices.py took 0.059 seconds
[2026-03-24T03:16:02.493+0000] {processor.py:161} INFO - Started process (PID=12452) to work on /opt/airflow/dags/crawl_crypto_prices.py
[2026-03-24T03:16:02.493+0000] {processor.py:830} INFO - Processing file /opt/airflow/dags/crawl_crypto_prices.py for tasks to queue
[2026-03-24T03:16:02.494+0000] {logging_mixin.py:188} INFO - [2026-03-24T03:16:02.493+0000] {dagbag.py:538} INFO - Filling up the DagBag from /opt/airflow/dags/crawl_crypto_prices.py
[2026-03-24T03:16:02.500+0000] {processor.py:840} INFO - DAG(s) 'crawl_crypto_prices' retrieved from /opt/airflow/dags/crawl_crypto_prices.py
[2026-03-24T03:16:02.513+0000] {logging_mixin.py:188} INFO - [2026-03-24T03:16:02.513+0000] {dag.py:3036} INFO - Sync 1 DAGs
[2026-03-24T03:16:02.522+0000] {logging_mixin.py:188} INFO - [2026-03-24T03:16:02.522+0000] {dag.py:3823} INFO - Setting next_dagrun for crawl_crypto_prices to 2026-03-24 03:00:00+00:00, run_after=2026-03-24 04:00:00+00:00
[2026-03-24T03:16:02.528+0000] {processor.py:183} INFO - Processing /opt/airflow/dags/crawl_crypto_prices.py took 0.037 seconds
[2026-03-24T03:16:32.781+0000] {processor.py:161} INFO - Started process (PID=12457) to work on /opt/airflow/dags/crawl_crypto_prices.py
[2026-03-24T03:16:32.782+0000] {processor.py:830} INFO - Processing file /opt/airflow/dags/crawl_crypto_prices.py for tasks to queue
[2026-03-24T03:16:32.783+0000] {logging_mixin.py:188} INFO - [2026-03-24T03:16:32.783+0000] {dagbag.py:538} INFO - Filling up the DagBag from /opt/airflow/dags/crawl_crypto_prices.py
[2026-03-24T03:16:32.793+0000] {processor.py:840} INFO - DAG(s) 'crawl_crypto_prices' retrieved from /opt/airflow/dags/crawl_crypto_prices.py
[2026-03-24T03:16:32.809+0000] {logging_mixin.py:188} INFO - [2026-03-24T03:16:32.809+0000] {dag.py:3036} INFO - Sync 1 DAGs
[2026-03-24T03:16:32.818+0000] {logging_mixin.py:188} INFO - [2026-03-24T03:16:32.818+0000] {dag.py:3823} INFO - Setting next_dagrun for crawl_crypto_prices to 2026-03-24 03:00:00+00:00, run_after=2026-03-24 04:00:00+00:00
[2026-03-24T03:16:32.825+0000] {processor.py:183} INFO - Processing /opt/airflow/dags/crawl_crypto_prices.py took 0.047 seconds
[2026-03-24T03:17:03.031+0000] {processor.py:161} INFO - Started process (PID=12462) to work on /opt/airflow/dags/crawl_crypto_prices.py
[2026-03-24T03:17:03.032+0000] {processor.py:830} INFO - Processing file /opt/airflow/dags/crawl_crypto_prices.py for tasks to queue
[2026-03-24T03:17:03.032+0000] {logging_mixin.py:188} INFO - [2026-03-24T03:17:03.032+0000] {dagbag.py:538} INFO - Filling up the DagBag from /opt/airflow/dags/crawl_crypto_prices.py
[2026-03-24T03:17:03.042+0000] {processor.py:840} INFO - DAG(s) 'crawl_crypto_prices' retrieved from /opt/airflow/dags/crawl_crypto_prices.py
[2026-03-24T03:17:03.060+0000] {logging_mixin.py:188} INFO - [2026-03-24T03:17:03.059+0000] {dag.py:3036} INFO - Sync 1 DAGs
[2026-03-24T03:17:03.069+0000] {logging_mixin.py:188} INFO - [2026-03-24T03:17:03.069+0000] {dag.py:3823} INFO - Setting next_dagrun for crawl_crypto_prices to 2026-03-24 03:00:00+00:00, run_after=2026-03-24 04:00:00+00:00
[2026-03-24T03:17:03.075+0000] {processor.py:183} INFO - Processing /opt/airflow/dags/crawl_crypto_prices.py took 0.047 seconds
[2026-03-24T03:17:33.328+0000] {processor.py:161} INFO - Started process (PID=12467) to work on /opt/airflow/dags/crawl_crypto_prices.py
[2026-03-24T03:17:33.329+0000] {processor.py:830} INFO - Processing file /opt/airflow/dags/crawl_crypto_prices.py for tasks to queue
[2026-03-24T03:17:33.330+0000] {logging_mixin.py:188} INFO - [2026-03-24T03:17:33.330+0000] {dagbag.py:538} INFO - Filling up the DagBag from /opt/airflow/dags/crawl_crypto_prices.py
[2026-03-24T03:17:33.340+0000] {processor.py:840} INFO - DAG(s) 'crawl_crypto_prices' retrieved from /opt/airflow/dags/crawl_crypto_prices.py
[2026-03-24T03:17:33.356+0000] {logging_mixin.py:188} INFO - [2026-03-24T03:17:33.356+0000] {dag.py:3036} INFO - Sync 1 DAGs
[2026-03-24T03:17:33.365+0000] {logging_mixin.py:188} INFO - [2026-03-24T03:17:33.365+0000] {dag.py:3823} INFO - Setting next_dagrun for crawl_crypto_prices to 2026-03-24 03:00:00+00:00, run_after=2026-03-24 04:00:00+00:00
[2026-03-24T03:17:33.372+0000] {processor.py:183} INFO - Processing /opt/airflow/dags/crawl_crypto_prices.py took 0.046 seconds
[2026-03-24T03:18:03.622+0000] {processor.py:161} INFO - Started process (PID=12472) to work on /opt/airflow/dags/crawl_crypto_prices.py
[2026-03-24T03:18:03.623+0000] {processor.py:830} INFO - Processing file /opt/airflow/dags/crawl_crypto_prices.py for tasks to queue
[2026-03-24T03:18:03.623+0000] {logging_mixin.py:188} INFO - [2026-03-24T03:18:03.623+0000] {dagbag.py:538} INFO - Filling up the DagBag from /opt/airflow/dags/crawl_crypto_prices.py
[2026-03-24T03:18:03.630+0000] {processor.py:840} INFO - DAG(s) 'crawl_crypto_prices' retrieved from /opt/airflow/dags/crawl_crypto_prices.py
[2026-03-24T03:18:03.642+0000] {logging_mixin.py:188} INFO - [2026-03-24T03:18:03.642+0000] {dag.py:3036} INFO - Sync 1 DAGs
[2026-03-24T03:18:03.650+0000] {logging_mixin.py:188} INFO - [2026-03-24T03:18:03.650+0000] {dag.py:3823} INFO - Setting next_dagrun for crawl_crypto_prices to 2026-03-24 03:00:00+00:00, run_after=2026-03-24 04:00:00+00:00
[2026-03-24T03:18:03.656+0000] {processor.py:183} INFO - Processing /opt/airflow/dags/crawl_crypto_prices.py took 0.036 seconds
[2026-03-24T03:18:33.901+0000] {processor.py:161} INFO - Started process (PID=12477) to work on /opt/airflow/dags/crawl_crypto_prices.py
[2026-03-24T03:18:33.902+0000] {processor.py:830} INFO - Processing file /opt/airflow/dags/crawl_crypto_prices.py for tasks to queue
[2026-03-24T03:18:33.902+0000] {logging_mixin.py:188} INFO - [2026-03-24T03:18:33.902+0000] {dagbag.py:538} INFO - Filling up the DagBag from /opt/airflow/dags/crawl_crypto_prices.py
[2026-03-24T03:18:33.914+0000] {processor.py:840} INFO - DAG(s) 'crawl_crypto_prices' retrieved from /opt/airflow/dags/crawl_crypto_prices.py
[2026-03-24T03:18:33.932+0000] {logging_mixin.py:188} INFO - [2026-03-24T03:18:33.932+0000] {dag.py:3036} INFO - Sync 1 DAGs
[2026-03-24T03:18:33.942+0000] {logging_mixin.py:188} INFO - [2026-03-24T03:18:33.942+0000] {dag.py:3823} INFO - Setting next_dagrun for crawl_crypto_prices to 2026-03-24 03:00:00+00:00, run_after=2026-03-24 04:00:00+00:00
[2026-03-24T03:18:33.949+0000] {processor.py:183} INFO - Processing /opt/airflow/dags/crawl_crypto_prices.py took 0.051 seconds
[2026-03-24T03:19:04.191+0000] {processor.py:161} INFO - Started process (PID=12482) to work on /opt/airflow/dags/crawl_crypto_prices.py
[2026-03-24T03:19:04.192+0000] {processor.py:830} INFO - Processing file /opt/airflow/dags/crawl_crypto_prices.py for tasks to queue
[2026-03-24T03:19:04.193+0000] {logging_mixin.py:188} INFO - [2026-03-24T03:19:04.193+0000] {dagbag.py:538} INFO - Filling up the DagBag from /opt/airflow/dags/crawl_crypto_prices.py
[2026-03-24T03:19:04.209+0000] {processor.py:840} INFO - DAG(s) 'crawl_crypto_prices' retrieved from /opt/airflow/dags/crawl_crypto_prices.py
[2026-03-24T03:19:04.230+0000] {logging_mixin.py:188} INFO - [2026-03-24T03:19:04.230+0000] {dag.py:3036} INFO - Sync 1 DAGs
[2026-03-24T03:19:04.241+0000] {logging_mixin.py:188} INFO - [2026-03-24T03:19:04.241+0000] {dag.py:3823} INFO - Setting next_dagrun for crawl_crypto_prices to 2026-03-24 03:00:00+00:00, run_after=2026-03-24 04:00:00+00:00
[2026-03-24T03:19:04.248+0000] {processor.py:183} INFO - Processing /opt/airflow/dags/crawl_crypto_prices.py took 0.062 seconds
[2026-03-24T03:19:34.511+0000] {processor.py:161} INFO - Started process (PID=12487) to work on /opt/airflow/dags/crawl_crypto_prices.py
[2026-03-24T03:19:34.512+0000] {processor.py:830} INFO - Processing file /opt/airflow/dags/crawl_crypto_prices.py for tasks to queue
[2026-03-24T03:19:34.513+0000] {logging_mixin.py:188} INFO - [2026-03-24T03:19:34.512+0000] {dagbag.py:538} INFO - Filling up the DagBag from /opt/airflow/dags/crawl_crypto_prices.py
[2026-03-24T03:19:34.523+0000] {processor.py:840} INFO - DAG(s) 'crawl_crypto_prices' retrieved from /opt/airflow/dags/crawl_crypto_prices.py
[2026-03-24T03:19:34.542+0000] {logging_mixin.py:188} INFO - [2026-03-24T03:19:34.542+0000] {dag.py:3036} INFO - Sync 1 DAGs
[2026-03-24T03:19:34.552+0000] {logging_mixin.py:188} INFO - [2026-03-24T03:19:34.552+0000] {dag.py:3823} INFO - Setting next_dagrun for crawl_crypto_prices to 2026-03-24 03:00:00+00:00, run_after=2026-03-24 04:00:00+00:00
[2026-03-24T03:19:34.559+0000] {processor.py:183} INFO - Processing /opt/airflow/dags/crawl_crypto_prices.py took 0.051 seconds
[2026-03-24T03:20:04.820+0000] {processor.py:161} INFO - Started process (PID=12492) to work on /opt/airflow/dags/crawl_crypto_prices.py
[2026-03-24T03:20:04.821+0000] {processor.py:830} INFO - Processing file /opt/airflow/dags/crawl_crypto_prices.py for tasks to queue
[2026-03-24T03:20:04.822+0000] {logging_mixin.py:188} INFO - [2026-03-24T03:20:04.822+0000] {dagbag.py:538} INFO - Filling up the DagBag from /opt/airflow/dags/crawl_crypto_prices.py
[2026-03-24T03:20:04.833+0000] {processor.py:840} INFO - DAG(s) 'crawl_crypto_prices' retrieved from /opt/airflow/dags/crawl_crypto_prices.py
[2026-03-24T03:20:04.850+0000] {logging_mixin.py:188} INFO - [2026-03-24T03:20:04.850+0000] {dag.py:3036} INFO - Sync 1 DAGs
[2026-03-24T03:20:04.861+0000] {logging_mixin.py:188} INFO - [2026-03-24T03:20:04.861+0000] {dag.py:3823} INFO - Setting next_dagrun for crawl_crypto_prices to 2026-03-24 03:00:00+00:00, run_after=2026-03-24 04:00:00+00:00
[2026-03-24T03:20:04.868+0000] {processor.py:183} INFO - Processing /opt/airflow/dags/crawl_crypto_prices.py took 0.051 seconds
[2026-03-24T03:20:35.131+0000] {processor.py:161} INFO - Started process (PID=12497) to work on /opt/airflow/dags/crawl_crypto_prices.py
[2026-03-24T03:20:35.131+0000] {processor.py:830} INFO - Processing file /opt/airflow/dags/crawl_crypto_prices.py for tasks to queue
[2026-03-24T03:20:35.132+0000] {logging_mixin.py:188} INFO - [2026-03-24T03:20:35.132+0000] {dagbag.py:538} INFO - Filling up the DagBag from /opt/airflow/dags/crawl_crypto_prices.py
[2026-03-24T03:20:35.141+0000] {processor.py:840} INFO - DAG(s) 'crawl_crypto_prices' retrieved from /opt/airflow/dags/crawl_crypto_prices.py
[2026-03-24T03:20:35.156+0000] {logging_mixin.py:188} INFO - [2026-03-24T03:20:35.156+0000] {dag.py:3036} INFO - Sync 1 DAGs
[2026-03-24T03:20:35.164+0000] {logging_mixin.py:188} INFO - [2026-03-24T03:20:35.164+0000] {dag.py:3823} INFO - Setting next_dagrun for crawl_crypto_prices to 2026-03-24 03:00:00+00:00, run_after=2026-03-24 04:00:00+00:00
[2026-03-24T03:20:35.170+0000] {processor.py:183} INFO - Processing /opt/airflow/dags/crawl_crypto_prices.py took 0.042 seconds
[2026-03-24T03:21:05.459+0000] {processor.py:161} INFO - Started process (PID=12502) to work on /opt/airflow/dags/crawl_crypto_prices.py
[2026-03-24T03:21:05.460+0000] {processor.py:830} INFO - Processing file /opt/airflow/dags/crawl_crypto_prices.py for tasks to queue
[2026-03-24T03:21:05.461+0000] {logging_mixin.py:188} INFO - [2026-03-24T03:21:05.460+0000] {dagbag.py:538} INFO - Filling up the DagBag from /opt/airflow/dags/crawl_crypto_prices.py
[2026-03-24T03:21:05.471+0000] {processor.py:840} INFO - DAG(s) 'crawl_crypto_prices' retrieved from /opt/airflow/dags/crawl_crypto_prices.py
[2026-03-24T03:21:05.486+0000] {logging_mixin.py:188} INFO - [2026-03-24T03:21:05.486+0000] {dag.py:3036} INFO - Sync 1 DAGs
[2026-03-24T03:21:05.495+0000] {logging_mixin.py:188} INFO - [2026-03-24T03:21:05.495+0000] {dag.py:3823} INFO - Setting next_dagrun for crawl_crypto_prices to 2026-03-24 03:00:00+00:00, run_after=2026-03-24 04:00:00+00:00
[2026-03-24T03:21:05.502+0000] {processor.py:183} INFO - Processing /opt/airflow/dags/crawl_crypto_prices.py took 0.046 seconds
[2026-03-24T03:21:35.779+0000] {processor.py:161} INFO - Started process (PID=12507) to work on /opt/airflow/dags/crawl_crypto_prices.py
[2026-03-24T03:21:35.780+0000] {processor.py:830} INFO - Processing file /opt/airflow/dags/crawl_crypto_prices.py for tasks to queue
[2026-03-24T03:21:35.781+0000] {logging_mixin.py:188} INFO - [2026-03-24T03:21:35.781+0000] {dagbag.py:538} INFO - Filling up the DagBag from /opt/airflow/dags/crawl_crypto_prices.py
[2026-03-24T03:21:35.792+0000] {processor.py:840} INFO - DAG(s) 'crawl_crypto_prices' retrieved from /opt/airflow/dags/crawl_crypto_prices.py
[2026-03-24T03:21:35.810+0000] {logging_mixin.py:188} INFO - [2026-03-24T03:21:35.810+0000] {dag.py:3036} INFO - Sync 1 DAGs
[2026-03-24T03:21:35.820+0000] {logging_mixin.py:188} INFO - [2026-03-24T03:21:35.819+0000] {dag.py:3823} INFO - Setting next_dagrun for crawl_crypto_prices to 2026-03-24 03:00:00+00:00, run_after=2026-03-24 04:00:00+00:00
[2026-03-24T03:21:35.826+0000] {processor.py:183} INFO - Processing /opt/airflow/dags/crawl_crypto_prices.py took 0.050 seconds
[2026-03-24T03:22:06.087+0000] {processor.py:161} INFO - Started process (PID=12512) to work on /opt/airflow/dags/crawl_crypto_prices.py
[2026-03-24T03:22:06.087+0000] {processor.py:830} INFO - Processing file /opt/airflow/dags/crawl_crypto_prices.py for tasks to queue
[2026-03-24T03:22:06.088+0000] {logging_mixin.py:188} INFO - [2026-03-24T03:22:06.088+0000] {dagbag.py:538} INFO - Filling up the DagBag from /opt/airflow/dags/crawl_crypto_prices.py
[2026-03-24T03:22:06.098+0000] {processor.py:840} INFO - DAG(s) 'crawl_crypto_prices' retrieved from /opt/airflow/dags/crawl_crypto_prices.py
[2026-03-24T03:22:06.115+0000] {logging_mixin.py:188} INFO - [2026-03-24T03:22:06.115+0000] {dag.py:3036} INFO - Sync 1 DAGs
[2026-03-24T03:22:06.124+0000] {logging_mixin.py:188} INFO - [2026-03-24T03:22:06.124+0000] {dag.py:3823} INFO - Setting next_dagrun for crawl_crypto_prices to 2026-03-24 03:00:00+00:00, run_after=2026-03-24 04:00:00+00:00
[2026-03-24T03:22:06.130+0000] {processor.py:183} INFO - Processing /opt/airflow/dags/crawl_crypto_prices.py took 0.047 seconds
[2026-03-24T03:22:36.435+0000] {processor.py:161} INFO - Started process (PID=12517) to work on /opt/airflow/dags/crawl_crypto_prices.py
[2026-03-24T03:22:36.436+0000] {processor.py:830} INFO - Processing file /opt/airflow/dags/crawl_crypto_prices.py for tasks to queue
[2026-03-24T03:22:36.437+0000] {logging_mixin.py:188} INFO - [2026-03-24T03:22:36.437+0000] {dagbag.py:538} INFO - Filling up the DagBag from /opt/airflow/dags/crawl_crypto_prices.py
[2026-03-24T03:22:36.448+0000] {processor.py:840} INFO - DAG(s) 'crawl_crypto_prices' retrieved from /opt/airflow/dags/crawl_crypto_prices.py
[2026-03-24T03:22:36.466+0000] {logging_mixin.py:188} INFO - [2026-03-24T03:22:36.466+0000] {dag.py:3036} INFO - Sync 1 DAGs
[2026-03-24T03:22:36.476+0000] {logging_mixin.py:188} INFO - [2026-03-24T03:22:36.476+0000] {dag.py:3823} INFO - Setting next_dagrun for crawl_crypto_prices to 2026-03-24 03:00:00+00:00, run_after=2026-03-24 04:00:00+00:00
[2026-03-24T03:22:36.483+0000] {processor.py:183} INFO - Processing /opt/airflow/dags/crawl_crypto_prices.py took 0.050 seconds
[2026-03-24T03:25:10.724+0000] {processor.py:161} INFO - Started process (PID=12524) to work on /opt/airflow/dags/crawl_crypto_prices.py
[2026-03-24T03:25:10.725+0000] {processor.py:830} INFO - Processing file /opt/airflow/dags/crawl_crypto_prices.py for tasks to queue
[2026-03-24T03:25:10.726+0000] {logging_mixin.py:188} INFO - [2026-03-24T03:25:10.726+0000] {dagbag.py:538} INFO - Filling up the DagBag from /opt/airflow/dags/crawl_crypto_prices.py
[2026-03-24T03:25:10.740+0000] {processor.py:840} INFO - DAG(s) 'crawl_crypto_prices' retrieved from /opt/airflow/dags/crawl_crypto_prices.py
[2026-03-24T03:25:10.768+0000] {logging_mixin.py:188} INFO - [2026-03-24T03:25:10.767+0000] {dag.py:3036} INFO - Sync 1 DAGs
[2026-03-24T03:25:10.789+0000] {logging_mixin.py:188} INFO - [2026-03-24T03:25:10.789+0000] {dag.py:3823} INFO - Setting next_dagrun for crawl_crypto_prices to 2026-03-24 03:00:00+00:00, run_after=2026-03-24 04:00:00+00:00
[2026-03-24T03:25:10.805+0000] {processor.py:183} INFO - Processing /opt/airflow/dags/crawl_crypto_prices.py took 0.084 seconds
[2026-03-24T03:25:41.025+0000] {processor.py:161} INFO - Started process (PID=12529) to work on /opt/airflow/dags/crawl_crypto_prices.py
[2026-03-24T03:25:41.026+0000] {processor.py:830} INFO - Processing file /opt/airflow/dags/crawl_crypto_prices.py for tasks to queue
[2026-03-24T03:25:41.027+0000] {logging_mixin.py:188} INFO - [2026-03-24T03:25:41.027+0000] {dagbag.py:538} INFO - Filling up the DagBag from /opt/airflow/dags/crawl_crypto_prices.py
[2026-03-24T03:25:41.041+0000] {processor.py:840} INFO - DAG(s) 'crawl_crypto_prices' retrieved from /opt/airflow/dags/crawl_crypto_prices.py
[2026-03-24T03:25:41.065+0000] {logging_mixin.py:188} INFO - [2026-03-24T03:25:41.065+0000] {dag.py:3036} INFO - Sync 1 DAGs
[2026-03-24T03:25:41.075+0000] {logging_mixin.py:188} INFO - [2026-03-24T03:25:41.074+0000] {dag.py:3823} INFO - Setting next_dagrun for crawl_crypto_prices to 2026-03-24 03:00:00+00:00, run_after=2026-03-24 04:00:00+00:00
[2026-03-24T03:25:41.081+0000] {processor.py:183} INFO - Processing /opt/airflow/dags/crawl_crypto_prices.py took 0.067 seconds
[2026-03-24T03:26:11.408+0000] {processor.py:161} INFO - Started process (PID=12534) to work on /opt/airflow/dags/crawl_crypto_prices.py
[2026-03-24T03:26:11.409+0000] {processor.py:830} INFO - Processing file /opt/airflow/dags/crawl_crypto_prices.py for tasks to queue
[2026-03-24T03:26:11.410+0000] {logging_mixin.py:188} INFO - [2026-03-24T03:26:11.410+0000] {dagbag.py:538} INFO - Filling up the DagBag from /opt/airflow/dags/crawl_crypto_prices.py
[2026-03-24T03:26:11.423+0000] {processor.py:840} INFO - DAG(s) 'crawl_crypto_prices' retrieved from /opt/airflow/dags/crawl_crypto_prices.py
[2026-03-24T03:26:11.443+0000] {logging_mixin.py:188} INFO - [2026-03-24T03:26:11.443+0000] {dag.py:3036} INFO - Sync 1 DAGs
[2026-03-24T03:26:11.454+0000] {logging_mixin.py:188} INFO - [2026-03-24T03:26:11.454+0000] {dag.py:3823} INFO - Setting next_dagrun for crawl_crypto_prices to 2026-03-24 03:00:00+00:00, run_after=2026-03-24 04:00:00+00:00
[2026-03-24T03:26:11.460+0000] {processor.py:183} INFO - Processing /opt/airflow/dags/crawl_crypto_prices.py took 0.057 seconds
[2026-03-24T03:26:41.713+0000] {processor.py:161} INFO - Started process (PID=12539) to work on /opt/airflow/dags/crawl_crypto_prices.py
[2026-03-24T03:26:41.714+0000] {processor.py:830} INFO - Processing file /opt/airflow/dags/crawl_crypto_prices.py for tasks to queue
[2026-03-24T03:26:41.715+0000] {logging_mixin.py:188} INFO - [2026-03-24T03:26:41.715+0000] {dagbag.py:538} INFO - Filling up the DagBag from /opt/airflow/dags/crawl_crypto_prices.py
[2026-03-24T03:26:41.729+0000] {processor.py:840} INFO - DAG(s) 'crawl_crypto_prices' retrieved from /opt/airflow/dags/crawl_crypto_prices.py
[2026-03-24T03:26:41.749+0000] {logging_mixin.py:188} INFO - [2026-03-24T03:26:41.749+0000] {dag.py:3036} INFO - Sync 1 DAGs
[2026-03-24T03:26:41.759+0000] {logging_mixin.py:188} INFO - [2026-03-24T03:26:41.759+0000] {dag.py:3823} INFO - Setting next_dagrun for crawl_crypto_prices to 2026-03-24 03:00:00+00:00, run_after=2026-03-24 04:00:00+00:00
[2026-03-24T03:26:41.766+0000] {processor.py:183} INFO - Processing /opt/airflow/dags/crawl_crypto_prices.py took 0.058 seconds
[2026-03-24T03:27:11.999+0000] {processor.py:161} INFO - Started process (PID=12544) to work on /opt/airflow/dags/crawl_crypto_prices.py
[2026-03-24T03:27:12.000+0000] {processor.py:830} INFO - Processing file /opt/airflow/dags/crawl_crypto_prices.py for tasks to queue
[2026-03-24T03:27:12.001+0000] {logging_mixin.py:188} INFO - [2026-03-24T03:27:12.000+0000] {dagbag.py:538} INFO - Filling up the DagBag from /opt/airflow/dags/crawl_crypto_prices.py
[2026-03-24T03:27:12.010+0000] {processor.py:840} INFO - DAG(s) 'crawl_crypto_prices' retrieved from /opt/airflow/dags/crawl_crypto_prices.py
[2026-03-24T03:27:12.026+0000] {logging_mixin.py:188} INFO - [2026-03-24T03:27:12.026+0000] {dag.py:3036} INFO - Sync 1 DAGs
[2026-03-24T03:27:12.035+0000] {logging_mixin.py:188} INFO - [2026-03-24T03:27:12.035+0000] {dag.py:3823} INFO - Setting next_dagrun for crawl_crypto_prices to 2026-03-24 03:00:00+00:00, run_after=2026-03-24 04:00:00+00:00
[2026-03-24T03:27:12.043+0000] {processor.py:183} INFO - Processing /opt/airflow/dags/crawl_crypto_prices.py took 0.047 seconds
[2026-03-24T03:27:42.348+0000] {processor.py:161} INFO - Started process (PID=12549) to work on /opt/airflow/dags/crawl_crypto_prices.py
[2026-03-24T03:27:42.349+0000] {processor.py:830} INFO - Processing file /opt/airflow/dags/crawl_crypto_prices.py for tasks to queue
[2026-03-24T03:27:42.350+0000] {logging_mixin.py:188} INFO - [2026-03-24T03:27:42.350+0000] {dagbag.py:538} INFO - Filling up the DagBag from /opt/airflow/dags/crawl_crypto_prices.py
[2026-03-24T03:27:42.361+0000] {processor.py:840} INFO - DAG(s) 'crawl_crypto_prices' retrieved from /opt/airflow/dags/crawl_crypto_prices.py
[2026-03-24T03:27:42.380+0000] {logging_mixin.py:188} INFO - [2026-03-24T03:27:42.380+0000] {dag.py:3036} INFO - Sync 1 DAGs
[2026-03-24T03:27:42.390+0000] {logging_mixin.py:188} INFO - [2026-03-24T03:27:42.390+0000] {dag.py:3823} INFO - Setting next_dagrun for crawl_crypto_prices to 2026-03-24 03:00:00+00:00, run_after=2026-03-24 04:00:00+00:00
[2026-03-24T03:27:42.396+0000] {processor.py:183} INFO - Processing /opt/airflow/dags/crawl_crypto_prices.py took 0.051 seconds
[2026-03-24T03:28:12.682+0000] {processor.py:161} INFO - Started process (PID=12554) to work on /opt/airflow/dags/crawl_crypto_prices.py
[2026-03-24T03:28:12.683+0000] {processor.py:830} INFO - Processing file /opt/airflow/dags/crawl_crypto_prices.py for tasks to queue
[2026-03-24T03:28:12.683+0000] {logging_mixin.py:188} INFO - [2026-03-24T03:28:12.683+0000] {dagbag.py:538} INFO - Filling up the DagBag from /opt/airflow/dags/crawl_crypto_prices.py
[2026-03-24T03:28:12.695+0000] {processor.py:840} INFO - DAG(s) 'crawl_crypto_prices' retrieved from /opt/airflow/dags/crawl_crypto_prices.py
[2026-03-24T03:28:12.714+0000] {logging_mixin.py:188} INFO - [2026-03-24T03:28:12.714+0000] {dag.py:3036} INFO - Sync 1 DAGs
[2026-03-24T03:28:12.724+0000] {logging_mixin.py:188} INFO - [2026-03-24T03:28:12.723+0000] {dag.py:3823} INFO - Setting next_dagrun for crawl_crypto_prices to 2026-03-24 03:00:00+00:00, run_after=2026-03-24 04:00:00+00:00
[2026-03-24T03:28:12.729+0000] {processor.py:183} INFO - Processing /opt/airflow/dags/crawl_crypto_prices.py took 0.051 seconds
[2026-03-24T03:28:43.021+0000] {processor.py:161} INFO - Started process (PID=12559) to work on /opt/airflow/dags/crawl_crypto_prices.py
[2026-03-24T03:28:43.022+0000] {processor.py:830} INFO - Processing file /opt/airflow/dags/crawl_crypto_prices.py for tasks to queue
[2026-03-24T03:28:43.023+0000] {logging_mixin.py:188} INFO - [2026-03-24T03:28:43.023+0000] {dagbag.py:538} INFO - Filling up the DagBag from /opt/airflow/dags/crawl_crypto_prices.py
[2026-03-24T03:28:43.037+0000] {processor.py:840} INFO - DAG(s) 'crawl_crypto_prices' retrieved from /opt/airflow/dags/crawl_crypto_prices.py
[2026-03-24T03:28:43.059+0000] {logging_mixin.py:188} INFO - [2026-03-24T03:28:43.059+0000] {dag.py:3036} INFO - Sync 1 DAGs
[2026-03-24T03:28:43.070+0000] {logging_mixin.py:188} INFO - [2026-03-24T03:28:43.070+0000] {dag.py:3823} INFO - Setting next_dagrun for crawl_crypto_prices to 2026-03-24 03:00:00+00:00, run_after=2026-03-24 04:00:00+00:00
[2026-03-24T03:28:43.076+0000] {processor.py:183} INFO - Processing /opt/airflow/dags/crawl_crypto_prices.py took 0.058 seconds
[2026-03-24T03:29:13.304+0000] {processor.py:161} INFO - Started process (PID=12564) to work on /opt/airflow/dags/crawl_crypto_prices.py
[2026-03-24T03:29:13.305+0000] {processor.py:830} INFO - Processing file /opt/airflow/dags/crawl_crypto_prices.py for tasks to queue
[2026-03-24T03:29:13.306+0000] {logging_mixin.py:188} INFO - [2026-03-24T03:29:13.305+0000] {dagbag.py:538} INFO - Filling up the DagBag from /opt/airflow/dags/crawl_crypto_prices.py
[2026-03-24T03:29:13.316+0000] {processor.py:840} INFO - DAG(s) 'crawl_crypto_prices' retrieved from /opt/airflow/dags/crawl_crypto_prices.py
[2026-03-24T03:29:13.335+0000] {logging_mixin.py:188} INFO - [2026-03-24T03:29:13.335+0000] {dag.py:3036} INFO - Sync 1 DAGs
[2026-03-24T03:29:13.344+0000] {logging_mixin.py:188} INFO - [2026-03-24T03:29:13.344+0000] {dag.py:3823} INFO - Setting next_dagrun for crawl_crypto_prices to 2026-03-24 03:00:00+00:00, run_after=2026-03-24 04:00:00+00:00
[2026-03-24T03:29:13.350+0000] {processor.py:183} INFO - Processing /opt/airflow/dags/crawl_crypto_prices.py took 0.048 seconds
[2026-03-24T03:29:43.616+0000] {processor.py:161} INFO - Started process (PID=12569) to work on /opt/airflow/dags/crawl_crypto_prices.py
[2026-03-24T03:29:43.617+0000] {processor.py:830} INFO - Processing file /opt/airflow/dags/crawl_crypto_prices.py for tasks to queue
[2026-03-24T03:29:43.617+0000] {logging_mixin.py:188} INFO - [2026-03-24T03:29:43.617+0000] {dagbag.py:538} INFO - Filling up the DagBag from /opt/airflow/dags/crawl_crypto_prices.py
[2026-03-24T03:29:43.627+0000] {processor.py:840} INFO - DAG(s) 'crawl_crypto_prices' retrieved from /opt/airflow/dags/crawl_crypto_prices.py
[2026-03-24T03:29:43.643+0000] {logging_mixin.py:188} INFO - [2026-03-24T03:29:43.643+0000] {dag.py:3036} INFO - Sync 1 DAGs
[2026-03-24T03:29:43.652+0000] {logging_mixin.py:188} INFO - [2026-03-24T03:29:43.652+0000] {dag.py:3823} INFO - Setting next_dagrun for crawl_crypto_prices to 2026-03-24 03:00:00+00:00, run_after=2026-03-24 04:00:00+00:00
[2026-03-24T03:29:43.659+0000] {processor.py:183} INFO - Processing /opt/airflow/dags/crawl_crypto_prices.py took 0.046 seconds
[2026-03-24T03:30:13.944+0000] {processor.py:161} INFO - Started process (PID=12574) to work on /opt/airflow/dags/crawl_crypto_prices.py
[2026-03-24T03:30:13.944+0000] {processor.py:830} INFO - Processing file /opt/airflow/dags/crawl_crypto_prices.py for tasks to queue
[2026-03-24T03:30:13.945+0000] {logging_mixin.py:188} INFO - [2026-03-24T03:30:13.945+0000] {dagbag.py:538} INFO - Filling up the DagBag from /opt/airflow/dags/crawl_crypto_prices.py
[2026-03-24T03:30:13.956+0000] {processor.py:840} INFO - DAG(s) 'crawl_crypto_prices' retrieved from /opt/airflow/dags/crawl_crypto_prices.py
[2026-03-24T03:30:13.974+0000] {logging_mixin.py:188} INFO - [2026-03-24T03:30:13.974+0000] {dag.py:3036} INFO - Sync 1 DAGs
[2026-03-24T03:30:13.983+0000] {logging_mixin.py:188} INFO - [2026-03-24T03:30:13.983+0000] {dag.py:3823} INFO - Setting next_dagrun for crawl_crypto_prices to 2026-03-24 03:00:00+00:00, run_after=2026-03-24 04:00:00+00:00
[2026-03-24T03:30:13.990+0000] {processor.py:183} INFO - Processing /opt/airflow/dags/crawl_crypto_prices.py took 0.050 seconds
[2026-03-24T03:30:44.267+0000] {processor.py:161} INFO - Started process (PID=12579) to work on /opt/airflow/dags/crawl_crypto_prices.py
[2026-03-24T03:30:44.268+0000] {processor.py:830} INFO - Processing file /opt/airflow/dags/crawl_crypto_prices.py for tasks to queue
[2026-03-24T03:30:44.269+0000] {logging_mixin.py:188} INFO - [2026-03-24T03:30:44.268+0000] {dagbag.py:538} INFO - Filling up the DagBag from /opt/airflow/dags/crawl_crypto_prices.py
[2026-03-24T03:30:44.281+0000] {processor.py:840} INFO - DAG(s) 'crawl_crypto_prices' retrieved from /opt/airflow/dags/crawl_crypto_prices.py
[2026-03-24T03:30:44.299+0000] {logging_mixin.py:188} INFO - [2026-03-24T03:30:44.299+0000] {dag.py:3036} INFO - Sync 1 DAGs
[2026-03-24T03:30:44.309+0000] {logging_mixin.py:188} INFO - [2026-03-24T03:30:44.309+0000] {dag.py:3823} INFO - Setting next_dagrun for crawl_crypto_prices to 2026-03-24 03:00:00+00:00, run_after=2026-03-24 04:00:00+00:00
[2026-03-24T03:30:44.315+0000] {processor.py:183} INFO - Processing /opt/airflow/dags/crawl_crypto_prices.py took 0.052 seconds
[2026-03-24T03:31:14.613+0000] {processor.py:161} INFO - Started process (PID=12584) to work on /opt/airflow/dags/crawl_crypto_prices.py
[2026-03-24T03:31:14.614+0000] {processor.py:830} INFO - Processing file /opt/airflow/dags/crawl_crypto_prices.py for tasks to queue
[2026-03-24T03:31:14.615+0000] {logging_mixin.py:188} INFO - [2026-03-24T03:31:14.615+0000] {dagbag.py:538} INFO - Filling up the DagBag from /opt/airflow/dags/crawl_crypto_prices.py
[2026-03-24T03:31:14.625+0000] {processor.py:840} INFO - DAG(s) 'crawl_crypto_prices' retrieved from /opt/airflow/dags/crawl_crypto_prices.py
[2026-03-24T03:31:14.639+0000] {logging_mixin.py:188} INFO - [2026-03-24T03:31:14.639+0000] {dag.py:3036} INFO - Sync 1 DAGs
[2026-03-24T03:31:14.649+0000] {logging_mixin.py:188} INFO - [2026-03-24T03:31:14.649+0000] {dag.py:3823} INFO - Setting next_dagrun for crawl_crypto_prices to 2026-03-24 03:00:00+00:00, run_after=2026-03-24 04:00:00+00:00
[2026-03-24T03:31:14.655+0000] {processor.py:183} INFO - Processing /opt/airflow/dags/crawl_crypto_prices.py took 0.044 seconds
[2026-03-24T03:31:44.897+0000] {processor.py:161} INFO - Started process (PID=12589) to work on /opt/airflow/dags/crawl_crypto_prices.py
[2026-03-24T03:31:44.899+0000] {processor.py:830} INFO - Processing file /opt/airflow/dags/crawl_crypto_prices.py for tasks to queue
[2026-03-24T03:31:44.900+0000] {logging_mixin.py:188} INFO - [2026-03-24T03:31:44.899+0000] {dagbag.py:538} INFO - Filling up the DagBag from /opt/airflow/dags/crawl_crypto_prices.py
[2026-03-24T03:31:44.911+0000] {processor.py:840} INFO - DAG(s) 'crawl_crypto_prices' retrieved from /opt/airflow/dags/crawl_crypto_prices.py
[2026-03-24T03:31:44.930+0000] {logging_mixin.py:188} INFO - [2026-03-24T03:31:44.930+0000] {dag.py:3036} INFO - Sync 1 DAGs
[2026-03-24T03:31:44.939+0000] {logging_mixin.py:188} INFO - [2026-03-24T03:31:44.939+0000] {dag.py:3823} INFO - Setting next_dagrun for crawl_crypto_prices to 2026-03-24 03:00:00+00:00, run_after=2026-03-24 04:00:00+00:00
[2026-03-24T03:31:44.946+0000] {processor.py:183} INFO - Processing /opt/airflow/dags/crawl_crypto_prices.py took 0.053 seconds
[2026-03-24T03:32:15.232+0000] {processor.py:161} INFO - Started process (PID=12594) to work on /opt/airflow/dags/crawl_crypto_prices.py
[2026-03-24T03:32:15.233+0000] {processor.py:830} INFO - Processing file /opt/airflow/dags/crawl_crypto_prices.py for tasks to queue
[2026-03-24T03:32:15.233+0000] {logging_mixin.py:188} INFO - [2026-03-24T03:32:15.233+0000] {dagbag.py:538} INFO - Filling up the DagBag from /opt/airflow/dags/crawl_crypto_prices.py
[2026-03-24T03:32:15.244+0000] {processor.py:840} INFO - DAG(s) 'crawl_crypto_prices' retrieved from /opt/airflow/dags/crawl_crypto_prices.py
[2026-03-24T03:32:15.270+0000] {logging_mixin.py:188} INFO - [2026-03-24T03:32:15.270+0000] {dag.py:3036} INFO - Sync 1 DAGs
[2026-03-24T03:32:15.284+0000] {logging_mixin.py:188} INFO - [2026-03-24T03:32:15.284+0000] {dag.py:3823} INFO - Setting next_dagrun for crawl_crypto_prices to 2026-03-24 03:00:00+00:00, run_after=2026-03-24 04:00:00+00:00
[2026-03-24T03:32:15.292+0000] {processor.py:183} INFO - Processing /opt/airflow/dags/crawl_crypto_prices.py took 0.063 seconds
[2026-03-24T03:32:45.591+0000] {processor.py:161} INFO - Started process (PID=12599) to work on /opt/airflow/dags/crawl_crypto_prices.py
[2026-03-24T03:32:45.592+0000] {processor.py:830} INFO - Processing file /opt/airflow/dags/crawl_crypto_prices.py for tasks to queue
[2026-03-24T03:32:45.593+0000] {logging_mixin.py:188} INFO - [2026-03-24T03:32:45.593+0000] {dagbag.py:538} INFO - Filling up the DagBag from /opt/airflow/dags/crawl_crypto_prices.py
[2026-03-24T03:32:45.604+0000] {processor.py:840} INFO - DAG(s) 'crawl_crypto_prices' retrieved from /opt/airflow/dags/crawl_crypto_prices.py
[2026-03-24T03:32:45.622+0000] {logging_mixin.py:188} INFO - [2026-03-24T03:32:45.622+0000] {dag.py:3036} INFO - Sync 1 DAGs
[2026-03-24T03:32:45.632+0000] {logging_mixin.py:188} INFO - [2026-03-24T03:32:45.632+0000] {dag.py:3823} INFO - Setting next_dagrun for crawl_crypto_prices to 2026-03-24 03:00:00+00:00, run_after=2026-03-24 04:00:00+00:00
[2026-03-24T03:32:45.638+0000] {processor.py:183} INFO - Processing /opt/airflow/dags/crawl_crypto_prices.py took 0.050 seconds
[2026-03-24T03:33:15.920+0000] {processor.py:161} INFO - Started process (PID=12604) to work on /opt/airflow/dags/crawl_crypto_prices.py
[2026-03-24T03:33:15.921+0000] {processor.py:830} INFO - Processing file /opt/airflow/dags/crawl_crypto_prices.py for tasks to queue
[2026-03-24T03:33:15.922+0000] {logging_mixin.py:188} INFO - [2026-03-24T03:33:15.921+0000] {dagbag.py:538} INFO - Filling up the DagBag from /opt/airflow/dags/crawl_crypto_prices.py
[2026-03-24T03:33:15.934+0000] {processor.py:840} INFO - DAG(s) 'crawl_crypto_prices' retrieved from /opt/airflow/dags/crawl_crypto_prices.py
[2026-03-24T03:33:15.952+0000] {logging_mixin.py:188} INFO - [2026-03-24T03:33:15.952+0000] {dag.py:3036} INFO - Sync 1 DAGs
[2026-03-24T03:33:15.963+0000] {logging_mixin.py:188} INFO - [2026-03-24T03:33:15.963+0000] {dag.py:3823} INFO - Setting next_dagrun for crawl_crypto_prices to 2026-03-24 03:00:00+00:00, run_after=2026-03-24 04:00:00+00:00
[2026-03-24T03:33:15.969+0000] {processor.py:183} INFO - Processing /opt/airflow/dags/crawl_crypto_prices.py took 0.053 seconds
[2026-03-24T03:33:46.244+0000] {processor.py:161} INFO - Started process (PID=12609) to work on /opt/airflow/dags/crawl_crypto_prices.py
[2026-03-24T03:33:46.246+0000] {processor.py:830} INFO - Processing file /opt/airflow/dags/crawl_crypto_prices.py for tasks to queue
[2026-03-24T03:33:46.246+0000] {logging_mixin.py:188} INFO - [2026-03-24T03:33:46.246+0000] {dagbag.py:538} INFO - Filling up the DagBag from /opt/airflow/dags/crawl_crypto_prices.py
[2026-03-24T03:33:46.258+0000] {processor.py:840} INFO - DAG(s) 'crawl_crypto_prices' retrieved from /opt/airflow/dags/crawl_crypto_prices.py
[2026-03-24T03:33:46.277+0000] {logging_mixin.py:188} INFO - [2026-03-24T03:33:46.277+0000] {dag.py:3036} INFO - Sync 1 DAGs
[2026-03-24T03:33:46.288+0000] {logging_mixin.py:188} INFO - [2026-03-24T03:33:46.288+0000] {dag.py:3823} INFO - Setting next_dagrun for crawl_crypto_prices to 2026-03-24 03:00:00+00:00, run_after=2026-03-24 04:00:00+00:00
[2026-03-24T03:33:46.294+0000] {processor.py:183} INFO - Processing /opt/airflow/dags/crawl_crypto_prices.py took 0.053 seconds
[2026-03-24T03:34:16.554+0000] {processor.py:161} INFO - Started process (PID=12614) to work on /opt/airflow/dags/crawl_crypto_prices.py
[2026-03-24T03:34:16.555+0000] {processor.py:830} INFO - Processing file /opt/airflow/dags/crawl_crypto_prices.py for tasks to queue
[2026-03-24T03:34:16.555+0000] {logging_mixin.py:188} INFO - [2026-03-24T03:34:16.555+0000] {dagbag.py:538} INFO - Filling up the DagBag from /opt/airflow/dags/crawl_crypto_prices.py
[2026-03-24T03:34:16.565+0000] {processor.py:840} INFO - DAG(s) 'crawl_crypto_prices' retrieved from /opt/airflow/dags/crawl_crypto_prices.py
[2026-03-24T03:34:16.582+0000] {logging_mixin.py:188} INFO - [2026-03-24T03:34:16.582+0000] {dag.py:3036} INFO - Sync 1 DAGs
[2026-03-24T03:34:16.591+0000] {logging_mixin.py:188} INFO - [2026-03-24T03:34:16.591+0000] {dag.py:3823} INFO - Setting next_dagrun for crawl_crypto_prices to 2026-03-24 03:00:00+00:00, run_after=2026-03-24 04:00:00+00:00
[2026-03-24T03:34:16.597+0000] {processor.py:183} INFO - Processing /opt/airflow/dags/crawl_crypto_prices.py took 0.046 seconds
[2026-03-24T03:34:46.823+0000] {processor.py:161} INFO - Started process (PID=12619) to work on /opt/airflow/dags/crawl_crypto_prices.py
[2026-03-24T03:34:46.824+0000] {processor.py:830} INFO - Processing file /opt/airflow/dags/crawl_crypto_prices.py for tasks to queue
[2026-03-24T03:34:46.824+0000] {logging_mixin.py:188} INFO - [2026-03-24T03:34:46.824+0000] {dagbag.py:538} INFO - Filling up the DagBag from /opt/airflow/dags/crawl_crypto_prices.py
[2026-03-24T03:34:46.836+0000] {processor.py:840} INFO - DAG(s) 'crawl_crypto_prices' retrieved from /opt/airflow/dags/crawl_crypto_prices.py
[2026-03-24T03:34:46.854+0000] {logging_mixin.py:188} INFO - [2026-03-24T03:34:46.854+0000] {dag.py:3036} INFO - Sync 1 DAGs
[2026-03-24T03:34:46.865+0000] {logging_mixin.py:188} INFO - [2026-03-24T03:34:46.865+0000] {dag.py:3823} INFO - Setting next_dagrun for crawl_crypto_prices to 2026-03-24 03:00:00+00:00, run_after=2026-03-24 04:00:00+00:00
[2026-03-24T03:34:46.872+0000] {processor.py:183} INFO - Processing /opt/airflow/dags/crawl_crypto_prices.py took 0.053 seconds
[2026-03-24T03:35:17.107+0000] {processor.py:161} INFO - Started process (PID=12624) to work on /opt/airflow/dags/crawl_crypto_prices.py
[2026-03-24T03:35:17.108+0000] {processor.py:830} INFO - Processing file /opt/airflow/dags/crawl_crypto_prices.py for tasks to queue
[2026-03-24T03:35:17.109+0000] {logging_mixin.py:188} INFO - [2026-03-24T03:35:17.109+0000] {dagbag.py:538} INFO - Filling up the DagBag from /opt/airflow/dags/crawl_crypto_prices.py
[2026-03-24T03:35:17.120+0000] {processor.py:840} INFO - DAG(s) 'crawl_crypto_prices' retrieved from /opt/airflow/dags/crawl_crypto_prices.py
[2026-03-24T03:35:17.138+0000] {logging_mixin.py:188} INFO - [2026-03-24T03:35:17.138+0000] {dag.py:3036} INFO - Sync 1 DAGs
[2026-03-24T03:35:17.150+0000] {logging_mixin.py:188} INFO - [2026-03-24T03:35:17.150+0000] {dag.py:3823} INFO - Setting next_dagrun for crawl_crypto_prices to 2026-03-24 03:00:00+00:00, run_after=2026-03-24 04:00:00+00:00
[2026-03-24T03:35:17.157+0000] {processor.py:183} INFO - Processing /opt/airflow/dags/crawl_crypto_prices.py took 0.053 seconds
[2026-03-24T03:35:47.386+0000] {processor.py:161} INFO - Started process (PID=12629) to work on /opt/airflow/dags/crawl_crypto_prices.py
[2026-03-24T03:35:47.387+0000] {processor.py:830} INFO - Processing file /opt/airflow/dags/crawl_crypto_prices.py for tasks to queue
[2026-03-24T03:35:47.388+0000] {logging_mixin.py:188} INFO - [2026-03-24T03:35:47.388+0000] {dagbag.py:538} INFO - Filling up the DagBag from /opt/airflow/dags/crawl_crypto_prices.py
[2026-03-24T03:35:47.399+0000] {processor.py:840} INFO - DAG(s) 'crawl_crypto_prices' retrieved from /opt/airflow/dags/crawl_crypto_prices.py
[2026-03-24T03:35:47.417+0000] {logging_mixin.py:188} INFO - [2026-03-24T03:35:47.417+0000] {dag.py:3036} INFO - Sync 1 DAGs
[2026-03-24T03:35:47.427+0000] {logging_mixin.py:188} INFO - [2026-03-24T03:35:47.426+0000] {dag.py:3823} INFO - Setting next_dagrun for crawl_crypto_prices to 2026-03-24 03:00:00+00:00, run_after=2026-03-24 04:00:00+00:00
[2026-03-24T03:35:47.433+0000] {processor.py:183} INFO - Processing /opt/airflow/dags/crawl_crypto_prices.py took 0.052 seconds
[2026-03-24T03:36:17.676+0000] {processor.py:161} INFO - Started process (PID=12634) to work on /opt/airflow/dags/crawl_crypto_prices.py
[2026-03-24T03:36:17.678+0000] {processor.py:830} INFO - Processing file /opt/airflow/dags/crawl_crypto_prices.py for tasks to queue
[2026-03-24T03:36:17.678+0000] {logging_mixin.py:188} INFO - [2026-03-24T03:36:17.678+0000] {dagbag.py:538} INFO - Filling up the DagBag from /opt/airflow/dags/crawl_crypto_prices.py
[2026-03-24T03:36:17.691+0000] {processor.py:840} INFO - DAG(s) 'crawl_crypto_prices' retrieved from /opt/airflow/dags/crawl_crypto_prices.py
[2026-03-24T03:36:17.710+0000] {logging_mixin.py:188} INFO - [2026-03-24T03:36:17.709+0000] {dag.py:3036} INFO - Sync 1 DAGs
[2026-03-24T03:36:17.720+0000] {logging_mixin.py:188} INFO - [2026-03-24T03:36:17.720+0000] {dag.py:3823} INFO - Setting next_dagrun for crawl_crypto_prices to 2026-03-24 03:00:00+00:00, run_after=2026-03-24 04:00:00+00:00
[2026-03-24T03:36:17.726+0000] {processor.py:183} INFO - Processing /opt/airflow/dags/crawl_crypto_prices.py took 0.053 seconds
[2026-03-24T03:36:47.993+0000] {processor.py:161} INFO - Started process (PID=12639) to work on /opt/airflow/dags/crawl_crypto_prices.py
[2026-03-24T03:36:47.994+0000] {processor.py:830} INFO - Processing file /opt/airflow/dags/crawl_crypto_prices.py for tasks to queue
[2026-03-24T03:36:47.994+0000] {logging_mixin.py:188} INFO - [2026-03-24T03:36:47.994+0000] {dagbag.py:538} INFO - Filling up the DagBag from /opt/airflow/dags/crawl_crypto_prices.py
[2026-03-24T03:36:48.006+0000] {processor.py:840} INFO - DAG(s) 'crawl_crypto_prices' retrieved from /opt/airflow/dags/crawl_crypto_prices.py
[2026-03-24T03:36:48.025+0000] {logging_mixin.py:188} INFO - [2026-03-24T03:36:48.024+0000] {dag.py:3036} INFO - Sync 1 DAGs
[2026-03-24T03:36:48.035+0000] {logging_mixin.py:188} INFO - [2026-03-24T03:36:48.035+0000] {dag.py:3823} INFO - Setting next_dagrun for crawl_crypto_prices to 2026-03-24 03:00:00+00:00, run_after=2026-03-24 04:00:00+00:00
[2026-03-24T03:36:48.042+0000] {processor.py:183} INFO - Processing /opt/airflow/dags/crawl_crypto_prices.py took 0.053 seconds
[2026-03-24T03:37:18.309+0000] {processor.py:161} INFO - Started process (PID=12644) to work on /opt/airflow/dags/crawl_crypto_prices.py
[2026-03-24T03:37:18.310+0000] {processor.py:830} INFO - Processing file /opt/airflow/dags/crawl_crypto_prices.py for tasks to queue
[2026-03-24T03:37:18.310+0000] {logging_mixin.py:188} INFO - [2026-03-24T03:37:18.310+0000] {dagbag.py:538} INFO - Filling up the DagBag from /opt/airflow/dags/crawl_crypto_prices.py
[2026-03-24T03:37:18.322+0000] {processor.py:840} INFO - DAG(s) 'crawl_crypto_prices' retrieved from /opt/airflow/dags/crawl_crypto_prices.py
[2026-03-24T03:37:18.340+0000] {logging_mixin.py:188} INFO - [2026-03-24T03:37:18.340+0000] {dag.py:3036} INFO - Sync 1 DAGs
[2026-03-24T03:37:18.349+0000] {logging_mixin.py:188} INFO - [2026-03-24T03:37:18.349+0000] {dag.py:3823} INFO - Setting next_dagrun for crawl_crypto_prices to 2026-03-24 03:00:00+00:00, run_after=2026-03-24 04:00:00+00:00
[2026-03-24T03:37:18.355+0000] {processor.py:183} INFO - Processing /opt/airflow/dags/crawl_crypto_prices.py took 0.050 seconds
[2026-03-24T03:37:48.634+0000] {processor.py:161} INFO - Started process (PID=12649) to work on /opt/airflow/dags/crawl_crypto_prices.py
[2026-03-24T03:37:48.635+0000] {processor.py:830} INFO - Processing file /opt/airflow/dags/crawl_crypto_prices.py for tasks to queue
[2026-03-24T03:37:48.635+0000] {logging_mixin.py:188} INFO - [2026-03-24T03:37:48.635+0000] {dagbag.py:538} INFO - Filling up the DagBag from /opt/airflow/dags/crawl_crypto_prices.py
[2026-03-24T03:37:48.647+0000] {processor.py:840} INFO - DAG(s) 'crawl_crypto_prices' retrieved from /opt/airflow/dags/crawl_crypto_prices.py
[2026-03-24T03:37:48.665+0000] {logging_mixin.py:188} INFO - [2026-03-24T03:37:48.665+0000] {dag.py:3036} INFO - Sync 1 DAGs
[2026-03-24T03:37:48.675+0000] {logging_mixin.py:188} INFO - [2026-03-24T03:37:48.675+0000] {dag.py:3823} INFO - Setting next_dagrun for crawl_crypto_prices to 2026-03-24 03:00:00+00:00, run_after=2026-03-24 04:00:00+00:00
[2026-03-24T03:37:48.681+0000] {processor.py:183} INFO - Processing /opt/airflow/dags/crawl_crypto_prices.py took 0.050 seconds
[2026-03-24T03:38:18.949+0000] {processor.py:161} INFO - Started process (PID=12654) to work on /opt/airflow/dags/crawl_crypto_prices.py
[2026-03-24T03:38:18.950+0000] {processor.py:830} INFO - Processing file /opt/airflow/dags/crawl_crypto_prices.py for tasks to queue
[2026-03-24T03:38:18.950+0000] {logging_mixin.py:188} INFO - [2026-03-24T03:38:18.950+0000] {dagbag.py:538} INFO - Filling up the DagBag from /opt/airflow/dags/crawl_crypto_prices.py
[2026-03-24T03:38:18.961+0000] {processor.py:840} INFO - DAG(s) 'crawl_crypto_prices' retrieved from /opt/airflow/dags/crawl_crypto_prices.py
[2026-03-24T03:38:18.980+0000] {logging_mixin.py:188} INFO - [2026-03-24T03:38:18.980+0000] {dag.py:3036} INFO - Sync 1 DAGs
[2026-03-24T03:38:18.991+0000] {logging_mixin.py:188} INFO - [2026-03-24T03:38:18.991+0000] {dag.py:3823} INFO - Setting next_dagrun for crawl_crypto_prices to 2026-03-24 03:00:00+00:00, run_after=2026-03-24 04:00:00+00:00
[2026-03-24T03:38:18.998+0000] {processor.py:183} INFO - Processing /opt/airflow/dags/crawl_crypto_prices.py took 0.052 seconds
[2026-03-24T03:38:49.246+0000] {processor.py:161} INFO - Started process (PID=12659) to work on /opt/airflow/dags/crawl_crypto_prices.py
[2026-03-24T03:38:49.246+0000] {processor.py:830} INFO - Processing file /opt/airflow/dags/crawl_crypto_prices.py for tasks to queue
[2026-03-24T03:38:49.247+0000] {logging_mixin.py:188} INFO - [2026-03-24T03:38:49.247+0000] {dagbag.py:538} INFO - Filling up the DagBag from /opt/airflow/dags/crawl_crypto_prices.py
[2026-03-24T03:38:49.259+0000] {processor.py:840} INFO - DAG(s) 'crawl_crypto_prices' retrieved from /opt/airflow/dags/crawl_crypto_prices.py
[2026-03-24T03:38:49.276+0000] {logging_mixin.py:188} INFO - [2026-03-24T03:38:49.276+0000] {dag.py:3036} INFO - Sync 1 DAGs
[2026-03-24T03:38:49.287+0000] {logging_mixin.py:188} INFO - [2026-03-24T03:38:49.286+0000] {dag.py:3823} INFO - Setting next_dagrun for crawl_crypto_prices to 2026-03-24 03:00:00+00:00, run_after=2026-03-24 04:00:00+00:00
[2026-03-24T03:38:49.293+0000] {processor.py:183} INFO - Processing /opt/airflow/dags/crawl_crypto_prices.py took 0.052 seconds
[2026-03-24T03:39:19.538+0000] {processor.py:161} INFO - Started process (PID=12664) to work on /opt/airflow/dags/crawl_crypto_prices.py
[2026-03-24T03:39:19.538+0000] {processor.py:830} INFO - Processing file /opt/airflow/dags/crawl_crypto_prices.py for tasks to queue
[2026-03-24T03:39:19.539+0000] {logging_mixin.py:188} INFO - [2026-03-24T03:39:19.539+0000] {dagbag.py:538} INFO - Filling up the DagBag from /opt/airflow/dags/crawl_crypto_prices.py
[2026-03-24T03:39:19.545+0000] {processor.py:840} INFO - DAG(s) 'crawl_crypto_prices' retrieved from /opt/airflow/dags/crawl_crypto_prices.py
[2026-03-24T03:39:19.557+0000] {logging_mixin.py:188} INFO - [2026-03-24T03:39:19.557+0000] {dag.py:3036} INFO - Sync 1 DAGs
[2026-03-24T03:39:19.567+0000] {logging_mixin.py:188} INFO - [2026-03-24T03:39:19.567+0000] {dag.py:3823} INFO - Setting next_dagrun for crawl_crypto_prices to 2026-03-24 03:00:00+00:00, run_after=2026-03-24 04:00:00+00:00
[2026-03-24T03:39:19.573+0000] {processor.py:183} INFO - Processing /opt/airflow/dags/crawl_crypto_prices.py took 0.036 seconds
[2026-03-24T03:39:49.833+0000] {processor.py:161} INFO - Started process (PID=12669) to work on /opt/airflow/dags/crawl_crypto_prices.py
[2026-03-24T03:39:49.834+0000] {processor.py:830} INFO - Processing file /opt/airflow/dags/crawl_crypto_prices.py for tasks to queue
[2026-03-24T03:39:49.834+0000] {logging_mixin.py:188} INFO - [2026-03-24T03:39:49.834+0000] {dagbag.py:538} INFO - Filling up the DagBag from /opt/airflow/dags/crawl_crypto_prices.py
[2026-03-24T03:39:49.845+0000] {processor.py:840} INFO - DAG(s) 'crawl_crypto_prices' retrieved from /opt/airflow/dags/crawl_crypto_prices.py
[2026-03-24T03:39:49.858+0000] {logging_mixin.py:188} INFO - [2026-03-24T03:39:49.858+0000] {dag.py:3036} INFO - Sync 1 DAGs
[2026-03-24T03:39:49.868+0000] {logging_mixin.py:188} INFO - [2026-03-24T03:39:49.868+0000] {dag.py:3823} INFO - Setting next_dagrun for crawl_crypto_prices to 2026-03-24 03:00:00+00:00, run_after=2026-03-24 04:00:00+00:00
[2026-03-24T03:39:49.874+0000] {processor.py:183} INFO - Processing /opt/airflow/dags/crawl_crypto_prices.py took 0.044 seconds
[2026-03-24T03:40:20.162+0000] {processor.py:161} INFO - Started process (PID=12674) to work on /opt/airflow/dags/crawl_crypto_prices.py
[2026-03-24T03:40:20.163+0000] {processor.py:830} INFO - Processing file /opt/airflow/dags/crawl_crypto_prices.py for tasks to queue
[2026-03-24T03:40:20.164+0000] {logging_mixin.py:188} INFO - [2026-03-24T03:40:20.164+0000] {dagbag.py:538} INFO - Filling up the DagBag from /opt/airflow/dags/crawl_crypto_prices.py
[2026-03-24T03:40:20.175+0000] {processor.py:840} INFO - DAG(s) 'crawl_crypto_prices' retrieved from /opt/airflow/dags/crawl_crypto_prices.py
[2026-03-24T03:40:20.193+0000] {logging_mixin.py:188} INFO - [2026-03-24T03:40:20.193+0000] {dag.py:3036} INFO - Sync 1 DAGs
[2026-03-24T03:40:20.203+0000] {logging_mixin.py:188} INFO - [2026-03-24T03:40:20.203+0000] {dag.py:3823} INFO - Setting next_dagrun for crawl_crypto_prices to 2026-03-24 03:00:00+00:00, run_after=2026-03-24 04:00:00+00:00
[2026-03-24T03:40:20.210+0000] {processor.py:183} INFO - Processing /opt/airflow/dags/crawl_crypto_prices.py took 0.051 seconds
[2026-03-24T03:40:50.488+0000] {processor.py:161} INFO - Started process (PID=12679) to work on /opt/airflow/dags/crawl_crypto_prices.py
[2026-03-24T03:40:50.489+0000] {processor.py:830} INFO - Processing file /opt/airflow/dags/crawl_crypto_prices.py for tasks to queue
[2026-03-24T03:40:50.489+0000] {logging_mixin.py:188} INFO - [2026-03-24T03:40:50.489+0000] {dagbag.py:538} INFO - Filling up the DagBag from /opt/airflow/dags/crawl_crypto_prices.py
[2026-03-24T03:40:50.496+0000] {processor.py:840} INFO - DAG(s) 'crawl_crypto_prices' retrieved from /opt/airflow/dags/crawl_crypto_prices.py
[2026-03-24T03:40:50.509+0000] {logging_mixin.py:188} INFO - [2026-03-24T03:40:50.509+0000] {dag.py:3036} INFO - Sync 1 DAGs
[2026-03-24T03:40:50.518+0000] {logging_mixin.py:188} INFO - [2026-03-24T03:40:50.517+0000] {dag.py:3823} INFO - Setting next_dagrun for crawl_crypto_prices to 2026-03-24 03:00:00+00:00, run_after=2026-03-24 04:00:00+00:00
[2026-03-24T03:40:50.524+0000] {processor.py:183} INFO - Processing /opt/airflow/dags/crawl_crypto_prices.py took 0.039 seconds
[2026-03-24T03:41:20.832+0000] {processor.py:161} INFO - Started process (PID=12684) to work on /opt/airflow/dags/crawl_crypto_prices.py
[2026-03-24T03:41:20.833+0000] {processor.py:830} INFO - Processing file /opt/airflow/dags/crawl_crypto_prices.py for tasks to queue
[2026-03-24T03:41:20.833+0000] {logging_mixin.py:188} INFO - [2026-03-24T03:41:20.833+0000] {dagbag.py:538} INFO - Filling up the DagBag from /opt/airflow/dags/crawl_crypto_prices.py
[2026-03-24T03:41:20.845+0000] {processor.py:840} INFO - DAG(s) 'crawl_crypto_prices' retrieved from /opt/airflow/dags/crawl_crypto_prices.py
[2026-03-24T03:41:20.863+0000] {logging_mixin.py:188} INFO - [2026-03-24T03:41:20.863+0000] {dag.py:3036} INFO - Sync 1 DAGs
[2026-03-24T03:41:20.875+0000] {logging_mixin.py:188} INFO - [2026-03-24T03:41:20.875+0000] {dag.py:3823} INFO - Setting next_dagrun for crawl_crypto_prices to 2026-03-24 03:00:00+00:00, run_after=2026-03-24 04:00:00+00:00
[2026-03-24T03:41:20.881+0000] {processor.py:183} INFO - Processing /opt/airflow/dags/crawl_crypto_prices.py took 0.053 seconds
[2026-03-24T03:41:51.160+0000] {processor.py:161} INFO - Started process (PID=12689) to work on /opt/airflow/dags/crawl_crypto_prices.py
[2026-03-24T03:41:51.161+0000] {processor.py:830} INFO - Processing file /opt/airflow/dags/crawl_crypto_prices.py for tasks to queue
[2026-03-24T03:41:51.161+0000] {logging_mixin.py:188} INFO - [2026-03-24T03:41:51.161+0000] {dagbag.py:538} INFO - Filling up the DagBag from /opt/airflow/dags/crawl_crypto_prices.py
[2026-03-24T03:41:51.173+0000] {processor.py:840} INFO - DAG(s) 'crawl_crypto_prices' retrieved from /opt/airflow/dags/crawl_crypto_prices.py
[2026-03-24T03:41:51.191+0000] {logging_mixin.py:188} INFO - [2026-03-24T03:41:51.191+0000] {dag.py:3036} INFO - Sync 1 DAGs
[2026-03-24T03:41:51.201+0000] {logging_mixin.py:188} INFO - [2026-03-24T03:41:51.201+0000] {dag.py:3823} INFO - Setting next_dagrun for crawl_crypto_prices to 2026-03-24 03:00:00+00:00, run_after=2026-03-24 04:00:00+00:00
[2026-03-24T03:41:51.208+0000] {processor.py:183} INFO - Processing /opt/airflow/dags/crawl_crypto_prices.py took 0.052 seconds
[2026-03-24T03:42:21.470+0000] {processor.py:161} INFO - Started process (PID=12694) to work on /opt/airflow/dags/crawl_crypto_prices.py
[2026-03-24T03:42:21.471+0000] {processor.py:830} INFO - Processing file /opt/airflow/dags/crawl_crypto_prices.py for tasks to queue
[2026-03-24T03:42:21.471+0000] {logging_mixin.py:188} INFO - [2026-03-24T03:42:21.471+0000] {dagbag.py:538} INFO - Filling up the DagBag from /opt/airflow/dags/crawl_crypto_prices.py
[2026-03-24T03:42:21.483+0000] {processor.py:840} INFO - DAG(s) 'crawl_crypto_prices' retrieved from /opt/airflow/dags/crawl_crypto_prices.py
[2026-03-24T03:42:21.499+0000] {logging_mixin.py:188} INFO - [2026-03-24T03:42:21.498+0000] {dag.py:3036} INFO - Sync 1 DAGs
[2026-03-24T03:42:21.510+0000] {logging_mixin.py:188} INFO - [2026-03-24T03:42:21.509+0000] {dag.py:3823} INFO - Setting next_dagrun for crawl_crypto_prices to 2026-03-24 03:00:00+00:00, run_after=2026-03-24 04:00:00+00:00
[2026-03-24T03:42:21.516+0000] {processor.py:183} INFO - Processing /opt/airflow/dags/crawl_crypto_prices.py took 0.048 seconds
[2026-03-24T03:42:51.830+0000] {processor.py:161} INFO - Started process (PID=12699) to work on /opt/airflow/dags/crawl_crypto_prices.py
[2026-03-24T03:42:51.832+0000] {processor.py:830} INFO - Processing file /opt/airflow/dags/crawl_crypto_prices.py for tasks to queue
[2026-03-24T03:42:51.832+0000] {logging_mixin.py:188} INFO - [2026-03-24T03:42:51.832+0000] {dagbag.py:538} INFO - Filling up the DagBag from /opt/airflow/dags/crawl_crypto_prices.py
[2026-03-24T03:42:51.843+0000] {processor.py:840} INFO - DAG(s) 'crawl_crypto_prices' retrieved from /opt/airflow/dags/crawl_crypto_prices.py
[2026-03-24T03:42:51.862+0000] {logging_mixin.py:188} INFO - [2026-03-24T03:42:51.862+0000] {dag.py:3036} INFO - Sync 1 DAGs
[2026-03-24T03:42:51.871+0000] {logging_mixin.py:188} INFO - [2026-03-24T03:42:51.871+0000] {dag.py:3823} INFO - Setting next_dagrun for crawl_crypto_prices to 2026-03-24 03:00:00+00:00, run_after=2026-03-24 04:00:00+00:00
[2026-03-24T03:42:51.877+0000] {processor.py:183} INFO - Processing /opt/airflow/dags/crawl_crypto_prices.py took 0.050 seconds
[2026-03-24T03:43:22.146+0000] {processor.py:161} INFO - Started process (PID=12704) to work on /opt/airflow/dags/crawl_crypto_prices.py
[2026-03-24T03:43:22.147+0000] {processor.py:830} INFO - Processing file /opt/airflow/dags/crawl_crypto_prices.py for tasks to queue
[2026-03-24T03:43:22.148+0000] {logging_mixin.py:188} INFO - [2026-03-24T03:43:22.148+0000] {dagbag.py:538} INFO - Filling up the DagBag from /opt/airflow/dags/crawl_crypto_prices.py
[2026-03-24T03:43:22.161+0000] {processor.py:840} INFO - DAG(s) 'crawl_crypto_prices' retrieved from /opt/airflow/dags/crawl_crypto_prices.py
[2026-03-24T03:43:22.179+0000] {logging_mixin.py:188} INFO - [2026-03-24T03:43:22.179+0000] {dag.py:3036} INFO - Sync 1 DAGs
[2026-03-24T03:43:22.188+0000] {logging_mixin.py:188} INFO - [2026-03-24T03:43:22.188+0000] {dag.py:3823} INFO - Setting next_dagrun for crawl_crypto_prices to 2026-03-24 03:00:00+00:00, run_after=2026-03-24 04:00:00+00:00
[2026-03-24T03:43:22.194+0000] {processor.py:183} INFO - Processing /opt/airflow/dags/crawl_crypto_prices.py took 0.051 seconds
[2026-03-24T03:43:52.433+0000] {processor.py:161} INFO - Started process (PID=12709) to work on /opt/airflow/dags/crawl_crypto_prices.py
[2026-03-24T03:43:52.434+0000] {processor.py:830} INFO - Processing file /opt/airflow/dags/crawl_crypto_prices.py for tasks to queue
[2026-03-24T03:43:52.435+0000] {logging_mixin.py:188} INFO - [2026-03-24T03:43:52.435+0000] {dagbag.py:538} INFO - Filling up the DagBag from /opt/airflow/dags/crawl_crypto_prices.py
[2026-03-24T03:43:52.447+0000] {processor.py:840} INFO - DAG(s) 'crawl_crypto_prices' retrieved from /opt/airflow/dags/crawl_crypto_prices.py
[2026-03-24T03:43:52.465+0000] {logging_mixin.py:188} INFO - [2026-03-24T03:43:52.465+0000] {dag.py:3036} INFO - Sync 1 DAGs
[2026-03-24T03:43:52.476+0000] {logging_mixin.py:188} INFO - [2026-03-24T03:43:52.476+0000] {dag.py:3823} INFO - Setting next_dagrun for crawl_crypto_prices to 2026-03-24 03:00:00+00:00, run_after=2026-03-24 04:00:00+00:00
[2026-03-24T03:43:52.482+0000] {processor.py:183} INFO - Processing /opt/airflow/dags/crawl_crypto_prices.py took 0.055 seconds
[2026-03-24T03:44:22.755+0000] {processor.py:161} INFO - Started process (PID=12714) to work on /opt/airflow/dags/crawl_crypto_prices.py
[2026-03-24T03:44:22.756+0000] {processor.py:830} INFO - Processing file /opt/airflow/dags/crawl_crypto_prices.py for tasks to queue
[2026-03-24T03:44:22.757+0000] {logging_mixin.py:188} INFO - [2026-03-24T03:44:22.757+0000] {dagbag.py:538} INFO - Filling up the DagBag from /opt/airflow/dags/crawl_crypto_prices.py
[2026-03-24T03:44:22.771+0000] {processor.py:840} INFO - DAG(s) 'crawl_crypto_prices' retrieved from /opt/airflow/dags/crawl_crypto_prices.py
[2026-03-24T03:44:22.791+0000] {logging_mixin.py:188} INFO - [2026-03-24T03:44:22.790+0000] {dag.py:3036} INFO - Sync 1 DAGs
[2026-03-24T03:44:22.801+0000] {logging_mixin.py:188} INFO - [2026-03-24T03:44:22.801+0000] {dag.py:3823} INFO - Setting next_dagrun for crawl_crypto_prices to 2026-03-24 03:00:00+00:00, run_after=2026-03-24 04:00:00+00:00
[2026-03-24T03:44:22.808+0000] {processor.py:183} INFO - Processing /opt/airflow/dags/crawl_crypto_prices.py took 0.057 seconds
[2026-03-24T03:44:53.059+0000] {processor.py:161} INFO - Started process (PID=12719) to work on /opt/airflow/dags/crawl_crypto_prices.py
[2026-03-24T03:44:53.060+0000] {processor.py:830} INFO - Processing file /opt/airflow/dags/crawl_crypto_prices.py for tasks to queue
[2026-03-24T03:44:53.061+0000] {logging_mixin.py:188} INFO - [2026-03-24T03:44:53.061+0000] {dagbag.py:538} INFO - Filling up the DagBag from /opt/airflow/dags/crawl_crypto_prices.py
[2026-03-24T03:44:53.073+0000] {processor.py:840} INFO - DAG(s) 'crawl_crypto_prices' retrieved from /opt/airflow/dags/crawl_crypto_prices.py
[2026-03-24T03:44:53.092+0000] {logging_mixin.py:188} INFO - [2026-03-24T03:44:53.092+0000] {dag.py:3036} INFO - Sync 1 DAGs
[2026-03-24T03:44:53.103+0000] {logging_mixin.py:188} INFO - [2026-03-24T03:44:53.103+0000] {dag.py:3823} INFO - Setting next_dagrun for crawl_crypto_prices to 2026-03-24 03:00:00+00:00, run_after=2026-03-24 04:00:00+00:00
[2026-03-24T03:44:53.109+0000] {processor.py:183} INFO - Processing /opt/airflow/dags/crawl_crypto_prices.py took 0.054 seconds
[2026-03-24T03:45:23.349+0000] {processor.py:161} INFO - Started process (PID=12724) to work on /opt/airflow/dags/crawl_crypto_prices.py
[2026-03-24T03:45:23.350+0000] {processor.py:830} INFO - Processing file /opt/airflow/dags/crawl_crypto_prices.py for tasks to queue
[2026-03-24T03:45:23.350+0000] {logging_mixin.py:188} INFO - [2026-03-24T03:45:23.350+0000] {dagbag.py:538} INFO - Filling up the DagBag from /opt/airflow/dags/crawl_crypto_prices.py
[2026-03-24T03:45:23.361+0000] {processor.py:840} INFO - DAG(s) 'crawl_crypto_prices' retrieved from /opt/airflow/dags/crawl_crypto_prices.py
[2026-03-24T03:45:23.379+0000] {logging_mixin.py:188} INFO - [2026-03-24T03:45:23.379+0000] {dag.py:3036} INFO - Sync 1 DAGs
[2026-03-24T03:45:23.389+0000] {logging_mixin.py:188} INFO - [2026-03-24T03:45:23.389+0000] {dag.py:3823} INFO - Setting next_dagrun for crawl_crypto_prices to 2026-03-24 03:00:00+00:00, run_after=2026-03-24 04:00:00+00:00
[2026-03-24T03:45:23.395+0000] {processor.py:183} INFO - Processing /opt/airflow/dags/crawl_crypto_prices.py took 0.049 seconds
[2026-03-24T03:45:53.601+0000] {processor.py:161} INFO - Started process (PID=12729) to work on /opt/airflow/dags/crawl_crypto_prices.py
[2026-03-24T03:45:53.602+0000] {processor.py:830} INFO - Processing file /opt/airflow/dags/crawl_crypto_prices.py for tasks to queue
[2026-03-24T03:45:53.603+0000] {logging_mixin.py:188} INFO - [2026-03-24T03:45:53.602+0000] {dagbag.py:538} INFO - Filling up the DagBag from /opt/airflow/dags/crawl_crypto_prices.py
[2026-03-24T03:45:53.614+0000] {processor.py:840} INFO - DAG(s) 'crawl_crypto_prices' retrieved from /opt/airflow/dags/crawl_crypto_prices.py
[2026-03-24T03:45:53.633+0000] {logging_mixin.py:188} INFO - [2026-03-24T03:45:53.632+0000] {dag.py:3036} INFO - Sync 1 DAGs
[2026-03-24T03:45:53.643+0000] {logging_mixin.py:188} INFO - [2026-03-24T03:45:53.643+0000] {dag.py:3823} INFO - Setting next_dagrun for crawl_crypto_prices to 2026-03-24 03:00:00+00:00, run_after=2026-03-24 04:00:00+00:00
[2026-03-24T03:45:53.649+0000] {processor.py:183} INFO - Processing /opt/airflow/dags/crawl_crypto_prices.py took 0.052 seconds
[2026-03-24T03:46:23.867+0000] {processor.py:161} INFO - Started process (PID=12734) to work on /opt/airflow/dags/crawl_crypto_prices.py
[2026-03-24T03:46:23.868+0000] {processor.py:830} INFO - Processing file /opt/airflow/dags/crawl_crypto_prices.py for tasks to queue
[2026-03-24T03:46:23.869+0000] {logging_mixin.py:188} INFO - [2026-03-24T03:46:23.869+0000] {dagbag.py:538} INFO - Filling up the DagBag from /opt/airflow/dags/crawl_crypto_prices.py
[2026-03-24T03:46:23.881+0000] {processor.py:840} INFO - DAG(s) 'crawl_crypto_prices' retrieved from /opt/airflow/dags/crawl_crypto_prices.py
[2026-03-24T03:46:23.901+0000] {logging_mixin.py:188} INFO - [2026-03-24T03:46:23.901+0000] {dag.py:3036} INFO - Sync 1 DAGs
[2026-03-24T03:46:23.916+0000] {logging_mixin.py:188} INFO - [2026-03-24T03:46:23.916+0000] {dag.py:3823} INFO - Setting next_dagrun for crawl_crypto_prices to 2026-03-24 03:00:00+00:00, run_after=2026-03-24 04:00:00+00:00
[2026-03-24T03:46:23.924+0000] {processor.py:183} INFO - Processing /opt/airflow/dags/crawl_crypto_prices.py took 0.061 seconds
[2026-03-24T03:46:54.141+0000] {processor.py:161} INFO - Started process (PID=12739) to work on /opt/airflow/dags/crawl_crypto_prices.py
[2026-03-24T03:46:54.142+0000] {processor.py:830} INFO - Processing file /opt/airflow/dags/crawl_crypto_prices.py for tasks to queue
[2026-03-24T03:46:54.143+0000] {logging_mixin.py:188} INFO - [2026-03-24T03:46:54.143+0000] {dagbag.py:538} INFO - Filling up the DagBag from /opt/airflow/dags/crawl_crypto_prices.py
[2026-03-24T03:46:54.155+0000] {processor.py:840} INFO - DAG(s) 'crawl_crypto_prices' retrieved from /opt/airflow/dags/crawl_crypto_prices.py
[2026-03-24T03:46:54.172+0000] {logging_mixin.py:188} INFO - [2026-03-24T03:46:54.172+0000] {dag.py:3036} INFO - Sync 1 DAGs
[2026-03-24T03:46:54.182+0000] {logging_mixin.py:188} INFO - [2026-03-24T03:46:54.182+0000] {dag.py:3823} INFO - Setting next_dagrun for crawl_crypto_prices to 2026-03-24 03:00:00+00:00, run_after=2026-03-24 04:00:00+00:00
[2026-03-24T03:46:54.188+0000] {processor.py:183} INFO - Processing /opt/airflow/dags/crawl_crypto_prices.py took 0.051 seconds
[2026-03-24T03:47:24.439+0000] {processor.py:161} INFO - Started process (PID=12744) to work on /opt/airflow/dags/crawl_crypto_prices.py
[2026-03-24T03:47:24.439+0000] {processor.py:830} INFO - Processing file /opt/airflow/dags/crawl_crypto_prices.py for tasks to queue
[2026-03-24T03:47:24.440+0000] {logging_mixin.py:188} INFO - [2026-03-24T03:47:24.440+0000] {dagbag.py:538} INFO - Filling up the DagBag from /opt/airflow/dags/crawl_crypto_prices.py
[2026-03-24T03:47:24.451+0000] {processor.py:840} INFO - DAG(s) 'crawl_crypto_prices' retrieved from /opt/airflow/dags/crawl_crypto_prices.py
[2026-03-24T03:47:24.467+0000] {logging_mixin.py:188} INFO - [2026-03-24T03:47:24.467+0000] {dag.py:3036} INFO - Sync 1 DAGs
[2026-03-24T03:47:24.476+0000] {logging_mixin.py:188} INFO - [2026-03-24T03:47:24.476+0000] {dag.py:3823} INFO - Setting next_dagrun for crawl_crypto_prices to 2026-03-24 03:00:00+00:00, run_after=2026-03-24 04:00:00+00:00
[2026-03-24T03:47:24.482+0000] {processor.py:183} INFO - Processing /opt/airflow/dags/crawl_crypto_prices.py took 0.046 seconds
[2026-03-24T03:48:02.344+0000] {processor.py:161} INFO - Started process (PID=12749) to work on /opt/airflow/dags/crawl_crypto_prices.py
[2026-03-24T03:48:02.346+0000] {processor.py:830} INFO - Processing file /opt/airflow/dags/crawl_crypto_prices.py for tasks to queue
[2026-03-24T03:48:02.346+0000] {logging_mixin.py:188} INFO - [2026-03-24T03:48:02.346+0000] {dagbag.py:538} INFO - Filling up the DagBag from /opt/airflow/dags/crawl_crypto_prices.py
[2026-03-24T03:48:02.360+0000] {processor.py:840} INFO - DAG(s) 'crawl_crypto_prices' retrieved from /opt/airflow/dags/crawl_crypto_prices.py
[2026-03-24T03:48:02.381+0000] {logging_mixin.py:188} INFO - [2026-03-24T03:48:02.381+0000] {dag.py:3036} INFO - Sync 1 DAGs
[2026-03-24T03:48:02.392+0000] {logging_mixin.py:188} INFO - [2026-03-24T03:48:02.392+0000] {dag.py:3823} INFO - Setting next_dagrun for crawl_crypto_prices to 2026-03-24 03:00:00+00:00, run_after=2026-03-24 04:00:00+00:00
[2026-03-24T03:48:02.399+0000] {processor.py:183} INFO - Processing /opt/airflow/dags/crawl_crypto_prices.py took 0.059 seconds
[2026-03-24T03:48:32.676+0000] {processor.py:161} INFO - Started process (PID=12756) to work on /opt/airflow/dags/crawl_crypto_prices.py
[2026-03-24T03:48:32.677+0000] {processor.py:830} INFO - Processing file /opt/airflow/dags/crawl_crypto_prices.py for tasks to queue
[2026-03-24T03:48:32.678+0000] {logging_mixin.py:188} INFO - [2026-03-24T03:48:32.677+0000] {dagbag.py:538} INFO - Filling up the DagBag from /opt/airflow/dags/crawl_crypto_prices.py
[2026-03-24T03:48:32.689+0000] {processor.py:840} INFO - DAG(s) 'crawl_crypto_prices' retrieved from /opt/airflow/dags/crawl_crypto_prices.py
[2026-03-24T03:48:32.707+0000] {logging_mixin.py:188} INFO - [2026-03-24T03:48:32.707+0000] {dag.py:3036} INFO - Sync 1 DAGs
[2026-03-24T03:48:32.719+0000] {logging_mixin.py:188} INFO - [2026-03-24T03:48:32.719+0000] {dag.py:3823} INFO - Setting next_dagrun for crawl_crypto_prices to 2026-03-24 03:00:00+00:00, run_after=2026-03-24 04:00:00+00:00
[2026-03-24T03:48:32.726+0000] {processor.py:183} INFO - Processing /opt/airflow/dags/crawl_crypto_prices.py took 0.053 seconds
[2026-03-24T03:49:03.019+0000] {processor.py:161} INFO - Started process (PID=12761) to work on /opt/airflow/dags/crawl_crypto_prices.py
[2026-03-24T03:49:03.020+0000] {processor.py:830} INFO - Processing file /opt/airflow/dags/crawl_crypto_prices.py for tasks to queue
[2026-03-24T03:49:03.021+0000] {logging_mixin.py:188} INFO - [2026-03-24T03:49:03.021+0000] {dagbag.py:538} INFO - Filling up the DagBag from /opt/airflow/dags/crawl_crypto_prices.py
[2026-03-24T03:49:03.035+0000] {processor.py:840} INFO - DAG(s) 'crawl_crypto_prices' retrieved from /opt/airflow/dags/crawl_crypto_prices.py
[2026-03-24T03:49:03.056+0000] {logging_mixin.py:188} INFO - [2026-03-24T03:49:03.056+0000] {dag.py:3036} INFO - Sync 1 DAGs
[2026-03-24T03:49:03.066+0000] {logging_mixin.py:188} INFO - [2026-03-24T03:49:03.066+0000] {dag.py:3823} INFO - Setting next_dagrun for crawl_crypto_prices to 2026-03-24 03:00:00+00:00, run_after=2026-03-24 04:00:00+00:00
[2026-03-24T03:49:03.072+0000] {processor.py:183} INFO - Processing /opt/airflow/dags/crawl_crypto_prices.py took 0.058 seconds
[2026-03-24T03:49:33.326+0000] {processor.py:161} INFO - Started process (PID=12766) to work on /opt/airflow/dags/crawl_crypto_prices.py
[2026-03-24T03:49:33.327+0000] {processor.py:830} INFO - Processing file /opt/airflow/dags/crawl_crypto_prices.py for tasks to queue
[2026-03-24T03:49:33.328+0000] {logging_mixin.py:188} INFO - [2026-03-24T03:49:33.328+0000] {dagbag.py:538} INFO - Filling up the DagBag from /opt/airflow/dags/crawl_crypto_prices.py
[2026-03-24T03:49:33.339+0000] {processor.py:840} INFO - DAG(s) 'crawl_crypto_prices' retrieved from /opt/airflow/dags/crawl_crypto_prices.py
[2026-03-24T03:49:33.358+0000] {logging_mixin.py:188} INFO - [2026-03-24T03:49:33.357+0000] {dag.py:3036} INFO - Sync 1 DAGs
[2026-03-24T03:49:33.372+0000] {logging_mixin.py:188} INFO - [2026-03-24T03:49:33.372+0000] {dag.py:3823} INFO - Setting next_dagrun for crawl_crypto_prices to 2026-03-24 03:00:00+00:00, run_after=2026-03-24 04:00:00+00:00
[2026-03-24T03:49:33.381+0000] {processor.py:183} INFO - Processing /opt/airflow/dags/crawl_crypto_prices.py took 0.058 seconds
[2026-03-24T03:50:03.629+0000] {processor.py:161} INFO - Started process (PID=12771) to work on /opt/airflow/dags/crawl_crypto_prices.py
[2026-03-24T03:50:03.630+0000] {processor.py:830} INFO - Processing file /opt/airflow/dags/crawl_crypto_prices.py for tasks to queue
[2026-03-24T03:50:03.630+0000] {logging_mixin.py:188} INFO - [2026-03-24T03:50:03.630+0000] {dagbag.py:538} INFO - Filling up the DagBag from /opt/airflow/dags/crawl_crypto_prices.py
[2026-03-24T03:50:03.641+0000] {processor.py:840} INFO - DAG(s) 'crawl_crypto_prices' retrieved from /opt/airflow/dags/crawl_crypto_prices.py
[2026-03-24T03:50:03.660+0000] {logging_mixin.py:188} INFO - [2026-03-24T03:50:03.660+0000] {dag.py:3036} INFO - Sync 1 DAGs
[2026-03-24T03:50:03.669+0000] {logging_mixin.py:188} INFO - [2026-03-24T03:50:03.669+0000] {dag.py:3823} INFO - Setting next_dagrun for crawl_crypto_prices to 2026-03-24 03:00:00+00:00, run_after=2026-03-24 04:00:00+00:00
[2026-03-24T03:50:03.675+0000] {processor.py:183} INFO - Processing /opt/airflow/dags/crawl_crypto_prices.py took 0.050 seconds
[2026-03-24T03:50:33.947+0000] {processor.py:161} INFO - Started process (PID=12776) to work on /opt/airflow/dags/crawl_crypto_prices.py
[2026-03-24T03:50:33.948+0000] {processor.py:830} INFO - Processing file /opt/airflow/dags/crawl_crypto_prices.py for tasks to queue
[2026-03-24T03:50:33.949+0000] {logging_mixin.py:188} INFO - [2026-03-24T03:50:33.949+0000] {dagbag.py:538} INFO - Filling up the DagBag from /opt/airflow/dags/crawl_crypto_prices.py
[2026-03-24T03:50:33.961+0000] {processor.py:840} INFO - DAG(s) 'crawl_crypto_prices' retrieved from /opt/airflow/dags/crawl_crypto_prices.py
[2026-03-24T03:50:33.979+0000] {logging_mixin.py:188} INFO - [2026-03-24T03:50:33.979+0000] {dag.py:3036} INFO - Sync 1 DAGs
[2026-03-24T03:50:33.990+0000] {logging_mixin.py:188} INFO - [2026-03-24T03:50:33.990+0000] {dag.py:3823} INFO - Setting next_dagrun for crawl_crypto_prices to 2026-03-24 03:00:00+00:00, run_after=2026-03-24 04:00:00+00:00
[2026-03-24T03:50:33.996+0000] {processor.py:183} INFO - Processing /opt/airflow/dags/crawl_crypto_prices.py took 0.053 seconds
[2026-03-24T03:51:04.265+0000] {processor.py:161} INFO - Started process (PID=12781) to work on /opt/airflow/dags/crawl_crypto_prices.py
[2026-03-24T03:51:04.266+0000] {processor.py:830} INFO - Processing file /opt/airflow/dags/crawl_crypto_prices.py for tasks to queue
[2026-03-24T03:51:04.267+0000] {logging_mixin.py:188} INFO - [2026-03-24T03:51:04.266+0000] {dagbag.py:538} INFO - Filling up the DagBag from /opt/airflow/dags/crawl_crypto_prices.py
[2026-03-24T03:51:04.278+0000] {processor.py:840} INFO - DAG(s) 'crawl_crypto_prices' retrieved from /opt/airflow/dags/crawl_crypto_prices.py
[2026-03-24T03:51:04.296+0000] {logging_mixin.py:188} INFO - [2026-03-24T03:51:04.296+0000] {dag.py:3036} INFO - Sync 1 DAGs
[2026-03-24T03:51:04.306+0000] {logging_mixin.py:188} INFO - [2026-03-24T03:51:04.306+0000] {dag.py:3823} INFO - Setting next_dagrun for crawl_crypto_prices to 2026-03-24 03:00:00+00:00, run_after=2026-03-24 04:00:00+00:00
[2026-03-24T03:51:04.313+0000] {processor.py:183} INFO - Processing /opt/airflow/dags/crawl_crypto_prices.py took 0.051 seconds
[2026-03-24T03:51:34.582+0000] {processor.py:161} INFO - Started process (PID=12786) to work on /opt/airflow/dags/crawl_crypto_prices.py
[2026-03-24T03:51:34.583+0000] {processor.py:830} INFO - Processing file /opt/airflow/dags/crawl_crypto_prices.py for tasks to queue
[2026-03-24T03:51:34.584+0000] {logging_mixin.py:188} INFO - [2026-03-24T03:51:34.583+0000] {dagbag.py:538} INFO - Filling up the DagBag from /opt/airflow/dags/crawl_crypto_prices.py
[2026-03-24T03:51:34.595+0000] {processor.py:840} INFO - DAG(s) 'crawl_crypto_prices' retrieved from /opt/airflow/dags/crawl_crypto_prices.py
[2026-03-24T03:51:34.614+0000] {logging_mixin.py:188} INFO - [2026-03-24T03:51:34.614+0000] {dag.py:3036} INFO - Sync 1 DAGs
[2026-03-24T03:51:34.625+0000] {logging_mixin.py:188} INFO - [2026-03-24T03:51:34.625+0000] {dag.py:3823} INFO - Setting next_dagrun for crawl_crypto_prices to 2026-03-24 03:00:00+00:00, run_after=2026-03-24 04:00:00+00:00
[2026-03-24T03:51:34.632+0000] {processor.py:183} INFO - Processing /opt/airflow/dags/crawl_crypto_prices.py took 0.053 seconds
[2026-03-24T03:52:04.926+0000] {processor.py:161} INFO - Started process (PID=12791) to work on /opt/airflow/dags/crawl_crypto_prices.py
[2026-03-24T03:52:04.927+0000] {processor.py:830} INFO - Processing file /opt/airflow/dags/crawl_crypto_prices.py for tasks to queue
[2026-03-24T03:52:04.927+0000] {logging_mixin.py:188} INFO - [2026-03-24T03:52:04.927+0000] {dagbag.py:538} INFO - Filling up the DagBag from /opt/airflow/dags/crawl_crypto_prices.py
[2026-03-24T03:52:04.933+0000] {processor.py:840} INFO - DAG(s) 'crawl_crypto_prices' retrieved from /opt/airflow/dags/crawl_crypto_prices.py
[2026-03-24T03:52:04.948+0000] {logging_mixin.py:188} INFO - [2026-03-24T03:52:04.948+0000] {dag.py:3036} INFO - Sync 1 DAGs
[2026-03-24T03:52:04.958+0000] {logging_mixin.py:188} INFO - [2026-03-24T03:52:04.958+0000] {dag.py:3823} INFO - Setting next_dagrun for crawl_crypto_prices to 2026-03-24 03:00:00+00:00, run_after=2026-03-24 04:00:00+00:00
[2026-03-24T03:52:04.965+0000] {processor.py:183} INFO - Processing /opt/airflow/dags/crawl_crypto_prices.py took 0.040 seconds
[2026-03-24T03:55:00.107+0000] {processor.py:161} INFO - Started process (PID=12796) to work on /opt/airflow/dags/crawl_crypto_prices.py
[2026-03-24T03:55:00.108+0000] {processor.py:830} INFO - Processing file /opt/airflow/dags/crawl_crypto_prices.py for tasks to queue
[2026-03-24T03:55:00.109+0000] {logging_mixin.py:188} INFO - [2026-03-24T03:55:00.109+0000] {dagbag.py:538} INFO - Filling up the DagBag from /opt/airflow/dags/crawl_crypto_prices.py
[2026-03-24T03:55:00.120+0000] {processor.py:840} INFO - DAG(s) 'crawl_crypto_prices' retrieved from /opt/airflow/dags/crawl_crypto_prices.py
[2026-03-24T03:55:00.137+0000] {logging_mixin.py:188} INFO - [2026-03-24T03:55:00.137+0000] {dag.py:3036} INFO - Sync 1 DAGs
[2026-03-24T03:55:00.147+0000] {logging_mixin.py:188} INFO - [2026-03-24T03:55:00.147+0000] {dag.py:3823} INFO - Setting next_dagrun for crawl_crypto_prices to 2026-03-24 03:00:00+00:00, run_after=2026-03-24 04:00:00+00:00
[2026-03-24T03:55:00.154+0000] {processor.py:183} INFO - Processing /opt/airflow/dags/crawl_crypto_prices.py took 0.050 seconds
[2026-03-24T03:55:30.418+0000] {processor.py:161} INFO - Started process (PID=12803) to work on /opt/airflow/dags/crawl_crypto_prices.py
[2026-03-24T03:55:30.419+0000] {processor.py:830} INFO - Processing file /opt/airflow/dags/crawl_crypto_prices.py for tasks to queue
[2026-03-24T03:55:30.420+0000] {logging_mixin.py:188} INFO - [2026-03-24T03:55:30.419+0000] {dagbag.py:538} INFO - Filling up the DagBag from /opt/airflow/dags/crawl_crypto_prices.py
[2026-03-24T03:55:30.430+0000] {processor.py:840} INFO - DAG(s) 'crawl_crypto_prices' retrieved from /opt/airflow/dags/crawl_crypto_prices.py
[2026-03-24T03:55:30.444+0000] {logging_mixin.py:188} INFO - [2026-03-24T03:55:30.444+0000] {dag.py:3036} INFO - Sync 1 DAGs
[2026-03-24T03:55:30.454+0000] {logging_mixin.py:188} INFO - [2026-03-24T03:55:30.454+0000] {dag.py:3823} INFO - Setting next_dagrun for crawl_crypto_prices to 2026-03-24 03:00:00+00:00, run_after=2026-03-24 04:00:00+00:00
[2026-03-24T03:55:30.461+0000] {processor.py:183} INFO - Processing /opt/airflow/dags/crawl_crypto_prices.py took 0.046 seconds
[2026-03-24T03:56:00.733+0000] {processor.py:161} INFO - Started process (PID=12808) to work on /opt/airflow/dags/crawl_crypto_prices.py
[2026-03-24T03:56:00.734+0000] {processor.py:830} INFO - Processing file /opt/airflow/dags/crawl_crypto_prices.py for tasks to queue
[2026-03-24T03:56:00.735+0000] {logging_mixin.py:188} INFO - [2026-03-24T03:56:00.734+0000] {dagbag.py:538} INFO - Filling up the DagBag from /opt/airflow/dags/crawl_crypto_prices.py
[2026-03-24T03:56:00.746+0000] {processor.py:840} INFO - DAG(s) 'crawl_crypto_prices' retrieved from /opt/airflow/dags/crawl_crypto_prices.py
[2026-03-24T03:56:00.765+0000] {logging_mixin.py:188} INFO - [2026-03-24T03:56:00.764+0000] {dag.py:3036} INFO - Sync 1 DAGs
[2026-03-24T03:56:00.774+0000] {logging_mixin.py:188} INFO - [2026-03-24T03:56:00.774+0000] {dag.py:3823} INFO - Setting next_dagrun for crawl_crypto_prices to 2026-03-24 03:00:00+00:00, run_after=2026-03-24 04:00:00+00:00
[2026-03-24T03:56:00.781+0000] {processor.py:183} INFO - Processing /opt/airflow/dags/crawl_crypto_prices.py took 0.052 seconds
[2026-03-24T03:56:31.041+0000] {processor.py:161} INFO - Started process (PID=12813) to work on /opt/airflow/dags/crawl_crypto_prices.py
[2026-03-24T03:56:31.041+0000] {processor.py:830} INFO - Processing file /opt/airflow/dags/crawl_crypto_prices.py for tasks to queue
[2026-03-24T03:56:31.042+0000] {logging_mixin.py:188} INFO - [2026-03-24T03:56:31.042+0000] {dagbag.py:538} INFO - Filling up the DagBag from /opt/airflow/dags/crawl_crypto_prices.py
[2026-03-24T03:56:31.054+0000] {processor.py:840} INFO - DAG(s) 'crawl_crypto_prices' retrieved from /opt/airflow/dags/crawl_crypto_prices.py
[2026-03-24T03:56:31.073+0000] {logging_mixin.py:188} INFO - [2026-03-24T03:56:31.072+0000] {dag.py:3036} INFO - Sync 1 DAGs
[2026-03-24T03:56:31.083+0000] {logging_mixin.py:188} INFO - [2026-03-24T03:56:31.083+0000] {dag.py:3823} INFO - Setting next_dagrun for crawl_crypto_prices to 2026-03-24 03:00:00+00:00, run_after=2026-03-24 04:00:00+00:00
[2026-03-24T03:56:31.089+0000] {processor.py:183} INFO - Processing /opt/airflow/dags/crawl_crypto_prices.py took 0.052 seconds
[2026-03-24T03:57:01.364+0000] {processor.py:161} INFO - Started process (PID=12818) to work on /opt/airflow/dags/crawl_crypto_prices.py
[2026-03-24T03:57:01.366+0000] {processor.py:830} INFO - Processing file /opt/airflow/dags/crawl_crypto_prices.py for tasks to queue
[2026-03-24T03:57:01.367+0000] {logging_mixin.py:188} INFO - [2026-03-24T03:57:01.366+0000] {dagbag.py:538} INFO - Filling up the DagBag from /opt/airflow/dags/crawl_crypto_prices.py
[2026-03-24T03:57:01.380+0000] {processor.py:840} INFO - DAG(s) 'crawl_crypto_prices' retrieved from /opt/airflow/dags/crawl_crypto_prices.py
[2026-03-24T03:57:01.399+0000] {logging_mixin.py:188} INFO - [2026-03-24T03:57:01.399+0000] {dag.py:3036} INFO - Sync 1 DAGs
[2026-03-24T03:57:01.409+0000] {logging_mixin.py:188} INFO - [2026-03-24T03:57:01.409+0000] {dag.py:3823} INFO - Setting next_dagrun for crawl_crypto_prices to 2026-03-24 03:00:00+00:00, run_after=2026-03-24 04:00:00+00:00
[2026-03-24T03:57:01.415+0000] {processor.py:183} INFO - Processing /opt/airflow/dags/crawl_crypto_prices.py took 0.055 seconds
[2026-03-24T03:57:59.825+0000] {processor.py:161} INFO - Started process (PID=12825) to work on /opt/airflow/dags/crawl_crypto_prices.py
[2026-03-24T03:57:59.826+0000] {processor.py:830} INFO - Processing file /opt/airflow/dags/crawl_crypto_prices.py for tasks to queue
[2026-03-24T03:57:59.827+0000] {logging_mixin.py:188} INFO - [2026-03-24T03:57:59.826+0000] {dagbag.py:538} INFO - Filling up the DagBag from /opt/airflow/dags/crawl_crypto_prices.py
[2026-03-24T03:57:59.843+0000] {processor.py:840} INFO - DAG(s) 'crawl_crypto_prices' retrieved from /opt/airflow/dags/crawl_crypto_prices.py
[2026-03-24T03:57:59.864+0000] {logging_mixin.py:188} INFO - [2026-03-24T03:57:59.864+0000] {dag.py:3036} INFO - Sync 1 DAGs
[2026-03-24T03:57:59.875+0000] {logging_mixin.py:188} INFO - [2026-03-24T03:57:59.874+0000] {dag.py:3823} INFO - Setting next_dagrun for crawl_crypto_prices to 2026-03-24 03:00:00+00:00, run_after=2026-03-24 04:00:00+00:00
[2026-03-24T03:57:59.881+0000] {processor.py:183} INFO - Processing /opt/airflow/dags/crawl_crypto_prices.py took 0.061 seconds
[2026-03-24T03:58:30.127+0000] {processor.py:161} INFO - Started process (PID=12830) to work on /opt/airflow/dags/crawl_crypto_prices.py
[2026-03-24T03:58:30.128+0000] {processor.py:830} INFO - Processing file /opt/airflow/dags/crawl_crypto_prices.py for tasks to queue
[2026-03-24T03:58:30.129+0000] {logging_mixin.py:188} INFO - [2026-03-24T03:58:30.129+0000] {dagbag.py:538} INFO - Filling up the DagBag from /opt/airflow/dags/crawl_crypto_prices.py
[2026-03-24T03:58:30.140+0000] {processor.py:840} INFO - DAG(s) 'crawl_crypto_prices' retrieved from /opt/airflow/dags/crawl_crypto_prices.py
[2026-03-24T03:58:30.161+0000] {logging_mixin.py:188} INFO - [2026-03-24T03:58:30.161+0000] {dag.py:3036} INFO - Sync 1 DAGs
[2026-03-24T03:58:30.172+0000] {logging_mixin.py:188} INFO - [2026-03-24T03:58:30.172+0000] {dag.py:3823} INFO - Setting next_dagrun for crawl_crypto_prices to 2026-03-24 03:00:00+00:00, run_after=2026-03-24 04:00:00+00:00
[2026-03-24T03:58:30.178+0000] {processor.py:183} INFO - Processing /opt/airflow/dags/crawl_crypto_prices.py took 0.056 seconds
[2026-03-24T03:59:00.435+0000] {processor.py:161} INFO - Started process (PID=12835) to work on /opt/airflow/dags/crawl_crypto_prices.py
[2026-03-24T03:59:00.436+0000] {processor.py:830} INFO - Processing file /opt/airflow/dags/crawl_crypto_prices.py for tasks to queue
[2026-03-24T03:59:00.437+0000] {logging_mixin.py:188} INFO - [2026-03-24T03:59:00.437+0000] {dagbag.py:538} INFO - Filling up the DagBag from /opt/airflow/dags/crawl_crypto_prices.py
[2026-03-24T03:59:00.447+0000] {processor.py:840} INFO - DAG(s) 'crawl_crypto_prices' retrieved from /opt/airflow/dags/crawl_crypto_prices.py
[2026-03-24T03:59:00.464+0000] {logging_mixin.py:188} INFO - [2026-03-24T03:59:00.464+0000] {dag.py:3036} INFO - Sync 1 DAGs
[2026-03-24T03:59:00.473+0000] {logging_mixin.py:188} INFO - [2026-03-24T03:59:00.473+0000] {dag.py:3823} INFO - Setting next_dagrun for crawl_crypto_prices to 2026-03-24 03:00:00+00:00, run_after=2026-03-24 04:00:00+00:00
[2026-03-24T03:59:00.479+0000] {processor.py:183} INFO - Processing /opt/airflow/dags/crawl_crypto_prices.py took 0.046 seconds
[2026-03-24T03:59:30.780+0000] {processor.py:161} INFO - Started process (PID=12840) to work on /opt/airflow/dags/crawl_crypto_prices.py
[2026-03-24T03:59:30.781+0000] {processor.py:830} INFO - Processing file /opt/airflow/dags/crawl_crypto_prices.py for tasks to queue
[2026-03-24T03:59:30.782+0000] {logging_mixin.py:188} INFO - [2026-03-24T03:59:30.781+0000] {dagbag.py:538} INFO - Filling up the DagBag from /opt/airflow/dags/crawl_crypto_prices.py
[2026-03-24T03:59:30.793+0000] {processor.py:840} INFO - DAG(s) 'crawl_crypto_prices' retrieved from /opt/airflow/dags/crawl_crypto_prices.py
[2026-03-24T03:59:30.811+0000] {logging_mixin.py:188} INFO - [2026-03-24T03:59:30.811+0000] {dag.py:3036} INFO - Sync 1 DAGs
[2026-03-24T03:59:30.822+0000] {logging_mixin.py:188} INFO - [2026-03-24T03:59:30.822+0000] {dag.py:3823} INFO - Setting next_dagrun for crawl_crypto_prices to 2026-03-24 03:00:00+00:00, run_after=2026-03-24 04:00:00+00:00
[2026-03-24T03:59:30.830+0000] {processor.py:183} INFO - Processing /opt/airflow/dags/crawl_crypto_prices.py took 0.053 seconds
[2026-03-24T04:00:27.321+0000] {processor.py:161} INFO - Started process (PID=12849) to work on /opt/airflow/dags/crawl_crypto_prices.py
[2026-03-24T04:00:27.322+0000] {processor.py:830} INFO - Processing file /opt/airflow/dags/crawl_crypto_prices.py for tasks to queue
[2026-03-24T04:00:27.323+0000] {logging_mixin.py:188} INFO - [2026-03-24T04:00:27.323+0000] {dagbag.py:538} INFO - Filling up the DagBag from /opt/airflow/dags/crawl_crypto_prices.py
[2026-03-24T04:00:27.336+0000] {processor.py:840} INFO - DAG(s) 'crawl_crypto_prices' retrieved from /opt/airflow/dags/crawl_crypto_prices.py
[2026-03-24T04:00:27.351+0000] {logging_mixin.py:188} INFO - [2026-03-24T04:00:27.351+0000] {dag.py:3036} INFO - Sync 1 DAGs
[2026-03-24T04:00:27.361+0000] {logging_mixin.py:188} INFO - [2026-03-24T04:00:27.361+0000] {dag.py:3823} INFO - Setting next_dagrun for crawl_crypto_prices to 2026-03-24 04:00:00+00:00, run_after=2026-03-24 05:00:00+00:00
[2026-03-24T04:00:27.368+0000] {processor.py:183} INFO - Processing /opt/airflow/dags/crawl_crypto_prices.py took 0.050 seconds
[2026-03-24T04:00:57.652+0000] {processor.py:161} INFO - Started process (PID=12856) to work on /opt/airflow/dags/crawl_crypto_prices.py
[2026-03-24T04:00:57.653+0000] {processor.py:830} INFO - Processing file /opt/airflow/dags/crawl_crypto_prices.py for tasks to queue
[2026-03-24T04:00:57.654+0000] {logging_mixin.py:188} INFO - [2026-03-24T04:00:57.654+0000] {dagbag.py:538} INFO - Filling up the DagBag from /opt/airflow/dags/crawl_crypto_prices.py
[2026-03-24T04:00:57.666+0000] {processor.py:840} INFO - DAG(s) 'crawl_crypto_prices' retrieved from /opt/airflow/dags/crawl_crypto_prices.py
[2026-03-24T04:00:57.684+0000] {logging_mixin.py:188} INFO - [2026-03-24T04:00:57.684+0000] {dag.py:3036} INFO - Sync 1 DAGs
[2026-03-24T04:00:57.695+0000] {logging_mixin.py:188} INFO - [2026-03-24T04:00:57.695+0000] {dag.py:3823} INFO - Setting next_dagrun for crawl_crypto_prices to 2026-03-24 04:00:00+00:00, run_after=2026-03-24 05:00:00+00:00
[2026-03-24T04:00:57.702+0000] {processor.py:183} INFO - Processing /opt/airflow/dags/crawl_crypto_prices.py took 0.054 seconds
[2026-03-24T04:01:27.977+0000] {processor.py:161} INFO - Started process (PID=12861) to work on /opt/airflow/dags/crawl_crypto_prices.py
[2026-03-24T04:01:27.978+0000] {processor.py:830} INFO - Processing file /opt/airflow/dags/crawl_crypto_prices.py for tasks to queue
[2026-03-24T04:01:27.978+0000] {logging_mixin.py:188} INFO - [2026-03-24T04:01:27.978+0000] {dagbag.py:538} INFO - Filling up the DagBag from /opt/airflow/dags/crawl_crypto_prices.py
[2026-03-24T04:01:27.988+0000] {processor.py:840} INFO - DAG(s) 'crawl_crypto_prices' retrieved from /opt/airflow/dags/crawl_crypto_prices.py
[2026-03-24T04:01:28.006+0000] {logging_mixin.py:188} INFO - [2026-03-24T04:01:28.006+0000] {dag.py:3036} INFO - Sync 1 DAGs
[2026-03-24T04:01:28.015+0000] {logging_mixin.py:188} INFO - [2026-03-24T04:01:28.015+0000] {dag.py:3823} INFO - Setting next_dagrun for crawl_crypto_prices to 2026-03-24 04:00:00+00:00, run_after=2026-03-24 05:00:00+00:00
[2026-03-24T04:01:28.021+0000] {processor.py:183} INFO - Processing /opt/airflow/dags/crawl_crypto_prices.py took 0.047 seconds
[2026-03-24T04:01:58.291+0000] {processor.py:161} INFO - Started process (PID=12866) to work on /opt/airflow/dags/crawl_crypto_prices.py
[2026-03-24T04:01:58.292+0000] {processor.py:830} INFO - Processing file /opt/airflow/dags/crawl_crypto_prices.py for tasks to queue
[2026-03-24T04:01:58.293+0000] {logging_mixin.py:188} INFO - [2026-03-24T04:01:58.292+0000] {dagbag.py:538} INFO - Filling up the DagBag from /opt/airflow/dags/crawl_crypto_prices.py
[2026-03-24T04:01:58.304+0000] {processor.py:840} INFO - DAG(s) 'crawl_crypto_prices' retrieved from /opt/airflow/dags/crawl_crypto_prices.py
[2026-03-24T04:01:58.319+0000] {logging_mixin.py:188} INFO - [2026-03-24T04:01:58.319+0000] {dag.py:3036} INFO - Sync 1 DAGs
[2026-03-24T04:01:58.328+0000] {logging_mixin.py:188} INFO - [2026-03-24T04:01:58.328+0000] {dag.py:3823} INFO - Setting next_dagrun for crawl_crypto_prices to 2026-03-24 04:00:00+00:00, run_after=2026-03-24 05:00:00+00:00
[2026-03-24T04:01:58.335+0000] {processor.py:183} INFO - Processing /opt/airflow/dags/crawl_crypto_prices.py took 0.048 seconds
[2026-03-24T04:02:28.613+0000] {processor.py:161} INFO - Started process (PID=12871) to work on /opt/airflow/dags/crawl_crypto_prices.py
[2026-03-24T04:02:28.614+0000] {processor.py:830} INFO - Processing file /opt/airflow/dags/crawl_crypto_prices.py for tasks to queue
[2026-03-24T04:02:28.615+0000] {logging_mixin.py:188} INFO - [2026-03-24T04:02:28.615+0000] {dagbag.py:538} INFO - Filling up the DagBag from /opt/airflow/dags/crawl_crypto_prices.py
[2026-03-24T04:02:28.627+0000] {processor.py:840} INFO - DAG(s) 'crawl_crypto_prices' retrieved from /opt/airflow/dags/crawl_crypto_prices.py
[2026-03-24T04:02:28.644+0000] {logging_mixin.py:188} INFO - [2026-03-24T04:02:28.644+0000] {dag.py:3036} INFO - Sync 1 DAGs
[2026-03-24T04:02:28.653+0000] {logging_mixin.py:188} INFO - [2026-03-24T04:02:28.653+0000] {dag.py:3823} INFO - Setting next_dagrun for crawl_crypto_prices to 2026-03-24 04:00:00+00:00, run_after=2026-03-24 05:00:00+00:00
[2026-03-24T04:02:28.659+0000] {processor.py:183} INFO - Processing /opt/airflow/dags/crawl_crypto_prices.py took 0.049 seconds
[2026-03-24T04:02:58.934+0000] {processor.py:161} INFO - Started process (PID=12876) to work on /opt/airflow/dags/crawl_crypto_prices.py
[2026-03-24T04:02:58.935+0000] {processor.py:830} INFO - Processing file /opt/airflow/dags/crawl_crypto_prices.py for tasks to queue
[2026-03-24T04:02:58.936+0000] {logging_mixin.py:188} INFO - [2026-03-24T04:02:58.935+0000] {dagbag.py:538} INFO - Filling up the DagBag from /opt/airflow/dags/crawl_crypto_prices.py
[2026-03-24T04:02:58.947+0000] {processor.py:840} INFO - DAG(s) 'crawl_crypto_prices' retrieved from /opt/airflow/dags/crawl_crypto_prices.py
[2026-03-24T04:02:58.966+0000] {logging_mixin.py:188} INFO - [2026-03-24T04:02:58.966+0000] {dag.py:3036} INFO - Sync 1 DAGs
[2026-03-24T04:02:58.977+0000] {logging_mixin.py:188} INFO - [2026-03-24T04:02:58.977+0000] {dag.py:3823} INFO - Setting next_dagrun for crawl_crypto_prices to 2026-03-24 04:00:00+00:00, run_after=2026-03-24 05:00:00+00:00
[2026-03-24T04:02:58.983+0000] {processor.py:183} INFO - Processing /opt/airflow/dags/crawl_crypto_prices.py took 0.053 seconds
[2026-03-24T04:03:29.269+0000] {processor.py:161} INFO - Started process (PID=12881) to work on /opt/airflow/dags/crawl_crypto_prices.py
[2026-03-24T04:03:29.270+0000] {processor.py:830} INFO - Processing file /opt/airflow/dags/crawl_crypto_prices.py for tasks to queue
[2026-03-24T04:03:29.271+0000] {logging_mixin.py:188} INFO - [2026-03-24T04:03:29.270+0000] {dagbag.py:538} INFO - Filling up the DagBag from /opt/airflow/dags/crawl_crypto_prices.py
[2026-03-24T04:03:29.282+0000] {processor.py:840} INFO - DAG(s) 'crawl_crypto_prices' retrieved from /opt/airflow/dags/crawl_crypto_prices.py
[2026-03-24T04:03:29.301+0000] {logging_mixin.py:188} INFO - [2026-03-24T04:03:29.301+0000] {dag.py:3036} INFO - Sync 1 DAGs
[2026-03-24T04:03:29.311+0000] {logging_mixin.py:188} INFO - [2026-03-24T04:03:29.311+0000] {dag.py:3823} INFO - Setting next_dagrun for crawl_crypto_prices to 2026-03-24 04:00:00+00:00, run_after=2026-03-24 05:00:00+00:00
[2026-03-24T04:03:29.317+0000] {processor.py:183} INFO - Processing /opt/airflow/dags/crawl_crypto_prices.py took 0.052 seconds
[2026-03-24T04:03:59.586+0000] {processor.py:161} INFO - Started process (PID=12886) to work on /opt/airflow/dags/crawl_crypto_prices.py
[2026-03-24T04:03:59.587+0000] {processor.py:830} INFO - Processing file /opt/airflow/dags/crawl_crypto_prices.py for tasks to queue
[2026-03-24T04:03:59.587+0000] {logging_mixin.py:188} INFO - [2026-03-24T04:03:59.587+0000] {dagbag.py:538} INFO - Filling up the DagBag from /opt/airflow/dags/crawl_crypto_prices.py
[2026-03-24T04:03:59.599+0000] {processor.py:840} INFO - DAG(s) 'crawl_crypto_prices' retrieved from /opt/airflow/dags/crawl_crypto_prices.py
[2026-03-24T04:03:59.617+0000] {logging_mixin.py:188} INFO - [2026-03-24T04:03:59.617+0000] {dag.py:3036} INFO - Sync 1 DAGs
[2026-03-24T04:03:59.626+0000] {logging_mixin.py:188} INFO - [2026-03-24T04:03:59.626+0000] {dag.py:3823} INFO - Setting next_dagrun for crawl_crypto_prices to 2026-03-24 04:00:00+00:00, run_after=2026-03-24 05:00:00+00:00
[2026-03-24T04:03:59.632+0000] {processor.py:183} INFO - Processing /opt/airflow/dags/crawl_crypto_prices.py took 0.050 seconds
[2026-03-24T04:04:29.865+0000] {processor.py:161} INFO - Started process (PID=12891) to work on /opt/airflow/dags/crawl_crypto_prices.py
[2026-03-24T04:04:29.866+0000] {processor.py:830} INFO - Processing file /opt/airflow/dags/crawl_crypto_prices.py for tasks to queue
[2026-03-24T04:04:29.867+0000] {logging_mixin.py:188} INFO - [2026-03-24T04:04:29.866+0000] {dagbag.py:538} INFO - Filling up the DagBag from /opt/airflow/dags/crawl_crypto_prices.py
[2026-03-24T04:04:29.876+0000] {processor.py:840} INFO - DAG(s) 'crawl_crypto_prices' retrieved from /opt/airflow/dags/crawl_crypto_prices.py
[2026-03-24T04:04:29.890+0000] {logging_mixin.py:188} INFO - [2026-03-24T04:04:29.890+0000] {dag.py:3036} INFO - Sync 1 DAGs
[2026-03-24T04:04:29.899+0000] {logging_mixin.py:188} INFO - [2026-03-24T04:04:29.899+0000] {dag.py:3823} INFO - Setting next_dagrun for crawl_crypto_prices to 2026-03-24 04:00:00+00:00, run_after=2026-03-24 05:00:00+00:00
[2026-03-24T04:04:29.905+0000] {processor.py:183} INFO - Processing /opt/airflow/dags/crawl_crypto_prices.py took 0.043 seconds
[2026-03-24T04:05:00.141+0000] {processor.py:161} INFO - Started process (PID=12896) to work on /opt/airflow/dags/crawl_crypto_prices.py
[2026-03-24T04:05:00.142+0000] {processor.py:830} INFO - Processing file /opt/airflow/dags/crawl_crypto_prices.py for tasks to queue
[2026-03-24T04:05:00.143+0000] {logging_mixin.py:188} INFO - [2026-03-24T04:05:00.143+0000] {dagbag.py:538} INFO - Filling up the DagBag from /opt/airflow/dags/crawl_crypto_prices.py
[2026-03-24T04:05:00.154+0000] {processor.py:840} INFO - DAG(s) 'crawl_crypto_prices' retrieved from /opt/airflow/dags/crawl_crypto_prices.py
[2026-03-24T04:05:00.169+0000] {logging_mixin.py:188} INFO - [2026-03-24T04:05:00.168+0000] {dag.py:3036} INFO - Sync 1 DAGs
[2026-03-24T04:05:00.178+0000] {logging_mixin.py:188} INFO - [2026-03-24T04:05:00.178+0000] {dag.py:3823} INFO - Setting next_dagrun for crawl_crypto_prices to 2026-03-24 04:00:00+00:00, run_after=2026-03-24 05:00:00+00:00
[2026-03-24T04:05:00.184+0000] {processor.py:183} INFO - Processing /opt/airflow/dags/crawl_crypto_prices.py took 0.046 seconds
[2026-03-24T04:05:30.420+0000] {processor.py:161} INFO - Started process (PID=12901) to work on /opt/airflow/dags/crawl_crypto_prices.py
[2026-03-24T04:05:30.421+0000] {processor.py:830} INFO - Processing file /opt/airflow/dags/crawl_crypto_prices.py for tasks to queue
[2026-03-24T04:05:30.422+0000] {logging_mixin.py:188} INFO - [2026-03-24T04:05:30.422+0000] {dagbag.py:538} INFO - Filling up the DagBag from /opt/airflow/dags/crawl_crypto_prices.py
[2026-03-24T04:05:30.433+0000] {processor.py:840} INFO - DAG(s) 'crawl_crypto_prices' retrieved from /opt/airflow/dags/crawl_crypto_prices.py
[2026-03-24T04:05:30.452+0000] {logging_mixin.py:188} INFO - [2026-03-24T04:05:30.452+0000] {dag.py:3036} INFO - Sync 1 DAGs
[2026-03-24T04:05:30.461+0000] {logging_mixin.py:188} INFO - [2026-03-24T04:05:30.461+0000] {dag.py:3823} INFO - Setting next_dagrun for crawl_crypto_prices to 2026-03-24 04:00:00+00:00, run_after=2026-03-24 05:00:00+00:00
[2026-03-24T04:05:30.468+0000] {processor.py:183} INFO - Processing /opt/airflow/dags/crawl_crypto_prices.py took 0.051 seconds
[2026-03-24T04:06:00.697+0000] {processor.py:161} INFO - Started process (PID=12906) to work on /opt/airflow/dags/crawl_crypto_prices.py
[2026-03-24T04:06:00.698+0000] {processor.py:830} INFO - Processing file /opt/airflow/dags/crawl_crypto_prices.py for tasks to queue
[2026-03-24T04:06:00.698+0000] {logging_mixin.py:188} INFO - [2026-03-24T04:06:00.698+0000] {dagbag.py:538} INFO - Filling up the DagBag from /opt/airflow/dags/crawl_crypto_prices.py
[2026-03-24T04:06:00.707+0000] {processor.py:840} INFO - DAG(s) 'crawl_crypto_prices' retrieved from /opt/airflow/dags/crawl_crypto_prices.py
[2026-03-24T04:06:00.724+0000] {logging_mixin.py:188} INFO - [2026-03-24T04:06:00.724+0000] {dag.py:3036} INFO - Sync 1 DAGs
[2026-03-24T04:06:00.733+0000] {logging_mixin.py:188} INFO - [2026-03-24T04:06:00.733+0000] {dag.py:3823} INFO - Setting next_dagrun for crawl_crypto_prices to 2026-03-24 04:00:00+00:00, run_after=2026-03-24 05:00:00+00:00
[2026-03-24T04:06:00.739+0000] {processor.py:183} INFO - Processing /opt/airflow/dags/crawl_crypto_prices.py took 0.044 seconds
[2026-03-24T04:06:30.977+0000] {processor.py:161} INFO - Started process (PID=12911) to work on /opt/airflow/dags/crawl_crypto_prices.py
[2026-03-24T04:06:30.978+0000] {processor.py:830} INFO - Processing file /opt/airflow/dags/crawl_crypto_prices.py for tasks to queue
[2026-03-24T04:06:30.978+0000] {logging_mixin.py:188} INFO - [2026-03-24T04:06:30.978+0000] {dagbag.py:538} INFO - Filling up the DagBag from /opt/airflow/dags/crawl_crypto_prices.py
[2026-03-24T04:06:30.988+0000] {processor.py:840} INFO - DAG(s) 'crawl_crypto_prices' retrieved from /opt/airflow/dags/crawl_crypto_prices.py
[2026-03-24T04:06:31.005+0000] {logging_mixin.py:188} INFO - [2026-03-24T04:06:31.005+0000] {dag.py:3036} INFO - Sync 1 DAGs
[2026-03-24T04:06:31.014+0000] {logging_mixin.py:188} INFO - [2026-03-24T04:06:31.014+0000] {dag.py:3823} INFO - Setting next_dagrun for crawl_crypto_prices to 2026-03-24 04:00:00+00:00, run_after=2026-03-24 05:00:00+00:00
[2026-03-24T04:06:31.020+0000] {processor.py:183} INFO - Processing /opt/airflow/dags/crawl_crypto_prices.py took 0.046 seconds
[2026-03-24T04:07:01.251+0000] {processor.py:161} INFO - Started process (PID=12916) to work on /opt/airflow/dags/crawl_crypto_prices.py
[2026-03-24T04:07:01.252+0000] {processor.py:830} INFO - Processing file /opt/airflow/dags/crawl_crypto_prices.py for tasks to queue
[2026-03-24T04:07:01.253+0000] {logging_mixin.py:188} INFO - [2026-03-24T04:07:01.253+0000] {dagbag.py:538} INFO - Filling up the DagBag from /opt/airflow/dags/crawl_crypto_prices.py
[2026-03-24T04:07:01.264+0000] {processor.py:840} INFO - DAG(s) 'crawl_crypto_prices' retrieved from /opt/airflow/dags/crawl_crypto_prices.py
[2026-03-24T04:07:01.281+0000] {logging_mixin.py:188} INFO - [2026-03-24T04:07:01.281+0000] {dag.py:3036} INFO - Sync 1 DAGs
[2026-03-24T04:07:01.290+0000] {logging_mixin.py:188} INFO - [2026-03-24T04:07:01.290+0000] {dag.py:3823} INFO - Setting next_dagrun for crawl_crypto_prices to 2026-03-24 04:00:00+00:00, run_after=2026-03-24 05:00:00+00:00
[2026-03-24T04:07:01.296+0000] {processor.py:183} INFO - Processing /opt/airflow/dags/crawl_crypto_prices.py took 0.048 seconds
[2026-03-24T04:07:31.543+0000] {processor.py:161} INFO - Started process (PID=12921) to work on /opt/airflow/dags/crawl_crypto_prices.py
[2026-03-24T04:07:31.544+0000] {processor.py:830} INFO - Processing file /opt/airflow/dags/crawl_crypto_prices.py for tasks to queue
[2026-03-24T04:07:31.545+0000] {logging_mixin.py:188} INFO - [2026-03-24T04:07:31.545+0000] {dagbag.py:538} INFO - Filling up the DagBag from /opt/airflow/dags/crawl_crypto_prices.py
[2026-03-24T04:07:31.557+0000] {processor.py:840} INFO - DAG(s) 'crawl_crypto_prices' retrieved from /opt/airflow/dags/crawl_crypto_prices.py
[2026-03-24T04:07:31.575+0000] {logging_mixin.py:188} INFO - [2026-03-24T04:07:31.575+0000] {dag.py:3036} INFO - Sync 1 DAGs
[2026-03-24T04:07:31.585+0000] {logging_mixin.py:188} INFO - [2026-03-24T04:07:31.585+0000] {dag.py:3823} INFO - Setting next_dagrun for crawl_crypto_prices to 2026-03-24 04:00:00+00:00, run_after=2026-03-24 05:00:00+00:00
[2026-03-24T04:07:31.591+0000] {processor.py:183} INFO - Processing /opt/airflow/dags/crawl_crypto_prices.py took 0.051 seconds
[2026-03-24T04:08:01.886+0000] {processor.py:161} INFO - Started process (PID=12926) to work on /opt/airflow/dags/crawl_crypto_prices.py
[2026-03-24T04:08:01.887+0000] {processor.py:830} INFO - Processing file /opt/airflow/dags/crawl_crypto_prices.py for tasks to queue
[2026-03-24T04:08:01.888+0000] {logging_mixin.py:188} INFO - [2026-03-24T04:08:01.888+0000] {dagbag.py:538} INFO - Filling up the DagBag from /opt/airflow/dags/crawl_crypto_prices.py
[2026-03-24T04:08:01.902+0000] {processor.py:840} INFO - DAG(s) 'crawl_crypto_prices' retrieved from /opt/airflow/dags/crawl_crypto_prices.py
[2026-03-24T04:08:01.924+0000] {logging_mixin.py:188} INFO - [2026-03-24T04:08:01.924+0000] {dag.py:3036} INFO - Sync 1 DAGs
[2026-03-24T04:08:01.935+0000] {logging_mixin.py:188} INFO - [2026-03-24T04:08:01.935+0000] {dag.py:3823} INFO - Setting next_dagrun for crawl_crypto_prices to 2026-03-24 04:00:00+00:00, run_after=2026-03-24 05:00:00+00:00
[2026-03-24T04:08:01.942+0000] {processor.py:183} INFO - Processing /opt/airflow/dags/crawl_crypto_prices.py took 0.060 seconds
[2026-03-24T04:08:32.217+0000] {processor.py:161} INFO - Started process (PID=12931) to work on /opt/airflow/dags/crawl_crypto_prices.py
[2026-03-24T04:08:32.218+0000] {processor.py:830} INFO - Processing file /opt/airflow/dags/crawl_crypto_prices.py for tasks to queue
[2026-03-24T04:08:32.218+0000] {logging_mixin.py:188} INFO - [2026-03-24T04:08:32.218+0000] {dagbag.py:538} INFO - Filling up the DagBag from /opt/airflow/dags/crawl_crypto_prices.py
[2026-03-24T04:08:32.229+0000] {processor.py:840} INFO - DAG(s) 'crawl_crypto_prices' retrieved from /opt/airflow/dags/crawl_crypto_prices.py
[2026-03-24T04:08:32.247+0000] {logging_mixin.py:188} INFO - [2026-03-24T04:08:32.247+0000] {dag.py:3036} INFO - Sync 1 DAGs
[2026-03-24T04:08:32.257+0000] {logging_mixin.py:188} INFO - [2026-03-24T04:08:32.257+0000] {dag.py:3823} INFO - Setting next_dagrun for crawl_crypto_prices to 2026-03-24 04:00:00+00:00, run_after=2026-03-24 05:00:00+00:00
[2026-03-24T04:08:32.263+0000] {processor.py:183} INFO - Processing /opt/airflow/dags/crawl_crypto_prices.py took 0.049 seconds
[2026-03-24T04:09:02.535+0000] {processor.py:161} INFO - Started process (PID=12936) to work on /opt/airflow/dags/crawl_crypto_prices.py
[2026-03-24T04:09:02.536+0000] {processor.py:830} INFO - Processing file /opt/airflow/dags/crawl_crypto_prices.py for tasks to queue
[2026-03-24T04:09:02.537+0000] {logging_mixin.py:188} INFO - [2026-03-24T04:09:02.536+0000] {dagbag.py:538} INFO - Filling up the DagBag from /opt/airflow/dags/crawl_crypto_prices.py
[2026-03-24T04:09:02.548+0000] {processor.py:840} INFO - DAG(s) 'crawl_crypto_prices' retrieved from /opt/airflow/dags/crawl_crypto_prices.py
[2026-03-24T04:09:02.567+0000] {logging_mixin.py:188} INFO - [2026-03-24T04:09:02.567+0000] {dag.py:3036} INFO - Sync 1 DAGs
[2026-03-24T04:09:02.578+0000] {logging_mixin.py:188} INFO - [2026-03-24T04:09:02.578+0000] {dag.py:3823} INFO - Setting next_dagrun for crawl_crypto_prices to 2026-03-24 04:00:00+00:00, run_after=2026-03-24 05:00:00+00:00
[2026-03-24T04:09:02.584+0000] {processor.py:183} INFO - Processing /opt/airflow/dags/crawl_crypto_prices.py took 0.052 seconds
[2026-03-24T04:09:32.867+0000] {processor.py:161} INFO - Started process (PID=12941) to work on /opt/airflow/dags/crawl_crypto_prices.py
[2026-03-24T04:09:32.868+0000] {processor.py:830} INFO - Processing file /opt/airflow/dags/crawl_crypto_prices.py for tasks to queue
[2026-03-24T04:09:32.869+0000] {logging_mixin.py:188} INFO - [2026-03-24T04:09:32.868+0000] {dagbag.py:538} INFO - Filling up the DagBag from /opt/airflow/dags/crawl_crypto_prices.py
[2026-03-24T04:09:32.879+0000] {processor.py:840} INFO - DAG(s) 'crawl_crypto_prices' retrieved from /opt/airflow/dags/crawl_crypto_prices.py
[2026-03-24T04:09:32.897+0000] {logging_mixin.py:188} INFO - [2026-03-24T04:09:32.897+0000] {dag.py:3036} INFO - Sync 1 DAGs
[2026-03-24T04:09:32.906+0000] {logging_mixin.py:188} INFO - [2026-03-24T04:09:32.906+0000] {dag.py:3823} INFO - Setting next_dagrun for crawl_crypto_prices to 2026-03-24 04:00:00+00:00, run_after=2026-03-24 05:00:00+00:00
[2026-03-24T04:09:32.913+0000] {processor.py:183} INFO - Processing /opt/airflow/dags/crawl_crypto_prices.py took 0.049 seconds
[2026-03-24T04:10:03.192+0000] {processor.py:161} INFO - Started process (PID=12946) to work on /opt/airflow/dags/crawl_crypto_prices.py
[2026-03-24T04:10:03.193+0000] {processor.py:830} INFO - Processing file /opt/airflow/dags/crawl_crypto_prices.py for tasks to queue
[2026-03-24T04:10:03.194+0000] {logging_mixin.py:188} INFO - [2026-03-24T04:10:03.194+0000] {dagbag.py:538} INFO - Filling up the DagBag from /opt/airflow/dags/crawl_crypto_prices.py
[2026-03-24T04:10:03.206+0000] {processor.py:840} INFO - DAG(s) 'crawl_crypto_prices' retrieved from /opt/airflow/dags/crawl_crypto_prices.py
[2026-03-24T04:10:03.228+0000] {logging_mixin.py:188} INFO - [2026-03-24T04:10:03.227+0000] {dag.py:3036} INFO - Sync 1 DAGs
[2026-03-24T04:10:03.239+0000] {logging_mixin.py:188} INFO - [2026-03-24T04:10:03.239+0000] {dag.py:3823} INFO - Setting next_dagrun for crawl_crypto_prices to 2026-03-24 04:00:00+00:00, run_after=2026-03-24 05:00:00+00:00
[2026-03-24T04:10:03.245+0000] {processor.py:183} INFO - Processing /opt/airflow/dags/crawl_crypto_prices.py took 0.056 seconds
[2026-03-24T04:10:33.545+0000] {processor.py:161} INFO - Started process (PID=12951) to work on /opt/airflow/dags/crawl_crypto_prices.py
[2026-03-24T04:10:33.546+0000] {processor.py:830} INFO - Processing file /opt/airflow/dags/crawl_crypto_prices.py for tasks to queue
[2026-03-24T04:10:33.547+0000] {logging_mixin.py:188} INFO - [2026-03-24T04:10:33.547+0000] {dagbag.py:538} INFO - Filling up the DagBag from /opt/airflow/dags/crawl_crypto_prices.py
[2026-03-24T04:10:33.558+0000] {processor.py:840} INFO - DAG(s) 'crawl_crypto_prices' retrieved from /opt/airflow/dags/crawl_crypto_prices.py
[2026-03-24T04:10:33.576+0000] {logging_mixin.py:188} INFO - [2026-03-24T04:10:33.576+0000] {dag.py:3036} INFO - Sync 1 DAGs
[2026-03-24T04:10:33.586+0000] {logging_mixin.py:188} INFO - [2026-03-24T04:10:33.586+0000] {dag.py:3823} INFO - Setting next_dagrun for crawl_crypto_prices to 2026-03-24 04:00:00+00:00, run_after=2026-03-24 05:00:00+00:00
[2026-03-24T04:10:33.592+0000] {processor.py:183} INFO - Processing /opt/airflow/dags/crawl_crypto_prices.py took 0.050 seconds
[2026-03-24T04:11:03.878+0000] {processor.py:161} INFO - Started process (PID=12956) to work on /opt/airflow/dags/crawl_crypto_prices.py
[2026-03-24T04:11:03.879+0000] {processor.py:830} INFO - Processing file /opt/airflow/dags/crawl_crypto_prices.py for tasks to queue
[2026-03-24T04:11:03.879+0000] {logging_mixin.py:188} INFO - [2026-03-24T04:11:03.879+0000] {dagbag.py:538} INFO - Filling up the DagBag from /opt/airflow/dags/crawl_crypto_prices.py
[2026-03-24T04:11:03.891+0000] {processor.py:840} INFO - DAG(s) 'crawl_crypto_prices' retrieved from /opt/airflow/dags/crawl_crypto_prices.py
[2026-03-24T04:11:03.911+0000] {logging_mixin.py:188} INFO - [2026-03-24T04:11:03.911+0000] {dag.py:3036} INFO - Sync 1 DAGs
[2026-03-24T04:11:03.922+0000] {logging_mixin.py:188} INFO - [2026-03-24T04:11:03.922+0000] {dag.py:3823} INFO - Setting next_dagrun for crawl_crypto_prices to 2026-03-24 04:00:00+00:00, run_after=2026-03-24 05:00:00+00:00
[2026-03-24T04:11:03.928+0000] {processor.py:183} INFO - Processing /opt/airflow/dags/crawl_crypto_prices.py took 0.054 seconds
[2026-03-24T04:11:34.197+0000] {processor.py:161} INFO - Started process (PID=12961) to work on /opt/airflow/dags/crawl_crypto_prices.py
[2026-03-24T04:11:34.198+0000] {processor.py:830} INFO - Processing file /opt/airflow/dags/crawl_crypto_prices.py for tasks to queue
[2026-03-24T04:11:34.199+0000] {logging_mixin.py:188} INFO - [2026-03-24T04:11:34.199+0000] {dagbag.py:538} INFO - Filling up the DagBag from /opt/airflow/dags/crawl_crypto_prices.py
[2026-03-24T04:11:34.210+0000] {processor.py:840} INFO - DAG(s) 'crawl_crypto_prices' retrieved from /opt/airflow/dags/crawl_crypto_prices.py
[2026-03-24T04:11:34.228+0000] {logging_mixin.py:188} INFO - [2026-03-24T04:11:34.227+0000] {dag.py:3036} INFO - Sync 1 DAGs
[2026-03-24T04:11:34.237+0000] {logging_mixin.py:188} INFO - [2026-03-24T04:11:34.237+0000] {dag.py:3823} INFO - Setting next_dagrun for crawl_crypto_prices to 2026-03-24 04:00:00+00:00, run_after=2026-03-24 05:00:00+00:00
[2026-03-24T04:11:34.244+0000] {processor.py:183} INFO - Processing /opt/airflow/dags/crawl_crypto_prices.py took 0.051 seconds
[2026-03-24T04:12:04.524+0000] {processor.py:161} INFO - Started process (PID=12966) to work on /opt/airflow/dags/crawl_crypto_prices.py
[2026-03-24T04:12:04.525+0000] {processor.py:830} INFO - Processing file /opt/airflow/dags/crawl_crypto_prices.py for tasks to queue
[2026-03-24T04:12:04.525+0000] {logging_mixin.py:188} INFO - [2026-03-24T04:12:04.525+0000] {dagbag.py:538} INFO - Filling up the DagBag from /opt/airflow/dags/crawl_crypto_prices.py
[2026-03-24T04:12:04.536+0000] {processor.py:840} INFO - DAG(s) 'crawl_crypto_prices' retrieved from /opt/airflow/dags/crawl_crypto_prices.py
[2026-03-24T04:12:04.555+0000] {logging_mixin.py:188} INFO - [2026-03-24T04:12:04.555+0000] {dag.py:3036} INFO - Sync 1 DAGs
[2026-03-24T04:12:04.566+0000] {logging_mixin.py:188} INFO - [2026-03-24T04:12:04.566+0000] {dag.py:3823} INFO - Setting next_dagrun for crawl_crypto_prices to 2026-03-24 04:00:00+00:00, run_after=2026-03-24 05:00:00+00:00
[2026-03-24T04:12:04.571+0000] {processor.py:183} INFO - Processing /opt/airflow/dags/crawl_crypto_prices.py took 0.051 seconds
[2026-03-24T04:12:34.813+0000] {processor.py:161} INFO - Started process (PID=12971) to work on /opt/airflow/dags/crawl_crypto_prices.py
[2026-03-24T04:12:34.814+0000] {processor.py:830} INFO - Processing file /opt/airflow/dags/crawl_crypto_prices.py for tasks to queue
[2026-03-24T04:12:34.815+0000] {logging_mixin.py:188} INFO - [2026-03-24T04:12:34.814+0000] {dagbag.py:538} INFO - Filling up the DagBag from /opt/airflow/dags/crawl_crypto_prices.py
[2026-03-24T04:12:34.826+0000] {processor.py:840} INFO - DAG(s) 'crawl_crypto_prices' retrieved from /opt/airflow/dags/crawl_crypto_prices.py
[2026-03-24T04:12:34.844+0000] {logging_mixin.py:188} INFO - [2026-03-24T04:12:34.844+0000] {dag.py:3036} INFO - Sync 1 DAGs
[2026-03-24T04:12:34.853+0000] {logging_mixin.py:188} INFO - [2026-03-24T04:12:34.853+0000] {dag.py:3823} INFO - Setting next_dagrun for crawl_crypto_prices to 2026-03-24 04:00:00+00:00, run_after=2026-03-24 05:00:00+00:00
[2026-03-24T04:12:34.860+0000] {processor.py:183} INFO - Processing /opt/airflow/dags/crawl_crypto_prices.py took 0.050 seconds
[2026-03-24T04:13:05.134+0000] {processor.py:161} INFO - Started process (PID=12976) to work on /opt/airflow/dags/crawl_crypto_prices.py
[2026-03-24T04:13:05.135+0000] {processor.py:830} INFO - Processing file /opt/airflow/dags/crawl_crypto_prices.py for tasks to queue
[2026-03-24T04:13:05.135+0000] {logging_mixin.py:188} INFO - [2026-03-24T04:13:05.135+0000] {dagbag.py:538} INFO - Filling up the DagBag from /opt/airflow/dags/crawl_crypto_prices.py
[2026-03-24T04:13:05.145+0000] {processor.py:840} INFO - DAG(s) 'crawl_crypto_prices' retrieved from /opt/airflow/dags/crawl_crypto_prices.py
[2026-03-24T04:13:05.162+0000] {logging_mixin.py:188} INFO - [2026-03-24T04:13:05.162+0000] {dag.py:3036} INFO - Sync 1 DAGs
[2026-03-24T04:13:05.171+0000] {logging_mixin.py:188} INFO - [2026-03-24T04:13:05.171+0000] {dag.py:3823} INFO - Setting next_dagrun for crawl_crypto_prices to 2026-03-24 04:00:00+00:00, run_after=2026-03-24 05:00:00+00:00
[2026-03-24T04:13:05.178+0000] {processor.py:183} INFO - Processing /opt/airflow/dags/crawl_crypto_prices.py took 0.048 seconds
[2026-03-24T04:13:35.401+0000] {processor.py:161} INFO - Started process (PID=12981) to work on /opt/airflow/dags/crawl_crypto_prices.py
[2026-03-24T04:13:35.402+0000] {processor.py:830} INFO - Processing file /opt/airflow/dags/crawl_crypto_prices.py for tasks to queue
[2026-03-24T04:13:35.403+0000] {logging_mixin.py:188} INFO - [2026-03-24T04:13:35.402+0000] {dagbag.py:538} INFO - Filling up the DagBag from /opt/airflow/dags/crawl_crypto_prices.py
[2026-03-24T04:13:35.412+0000] {processor.py:840} INFO - DAG(s) 'crawl_crypto_prices' retrieved from /opt/airflow/dags/crawl_crypto_prices.py
[2026-03-24T04:13:35.426+0000] {logging_mixin.py:188} INFO - [2026-03-24T04:13:35.426+0000] {dag.py:3036} INFO - Sync 1 DAGs
[2026-03-24T04:13:35.434+0000] {logging_mixin.py:188} INFO - [2026-03-24T04:13:35.434+0000] {dag.py:3823} INFO - Setting next_dagrun for crawl_crypto_prices to 2026-03-24 04:00:00+00:00, run_after=2026-03-24 05:00:00+00:00
[2026-03-24T04:13:35.440+0000] {processor.py:183} INFO - Processing /opt/airflow/dags/crawl_crypto_prices.py took 0.042 seconds
[2026-03-24T04:14:05.682+0000] {processor.py:161} INFO - Started process (PID=12986) to work on /opt/airflow/dags/crawl_crypto_prices.py
[2026-03-24T04:14:05.683+0000] {processor.py:830} INFO - Processing file /opt/airflow/dags/crawl_crypto_prices.py for tasks to queue
[2026-03-24T04:14:05.684+0000] {logging_mixin.py:188} INFO - [2026-03-24T04:14:05.683+0000] {dagbag.py:538} INFO - Filling up the DagBag from /opt/airflow/dags/crawl_crypto_prices.py
[2026-03-24T04:14:05.695+0000] {processor.py:840} INFO - DAG(s) 'crawl_crypto_prices' retrieved from /opt/airflow/dags/crawl_crypto_prices.py
[2026-03-24T04:14:05.713+0000] {logging_mixin.py:188} INFO - [2026-03-24T04:14:05.713+0000] {dag.py:3036} INFO - Sync 1 DAGs
[2026-03-24T04:14:05.723+0000] {logging_mixin.py:188} INFO - [2026-03-24T04:14:05.723+0000] {dag.py:3823} INFO - Setting next_dagrun for crawl_crypto_prices to 2026-03-24 04:00:00+00:00, run_after=2026-03-24 05:00:00+00:00
[2026-03-24T04:14:05.730+0000] {processor.py:183} INFO - Processing /opt/airflow/dags/crawl_crypto_prices.py took 0.052 seconds
[2026-03-24T04:14:36.003+0000] {processor.py:161} INFO - Started process (PID=12991) to work on /opt/airflow/dags/crawl_crypto_prices.py
[2026-03-24T04:14:36.004+0000] {processor.py:830} INFO - Processing file /opt/airflow/dags/crawl_crypto_prices.py for tasks to queue
[2026-03-24T04:14:36.005+0000] {logging_mixin.py:188} INFO - [2026-03-24T04:14:36.005+0000] {dagbag.py:538} INFO - Filling up the DagBag from /opt/airflow/dags/crawl_crypto_prices.py
[2026-03-24T04:14:36.018+0000] {processor.py:840} INFO - DAG(s) 'crawl_crypto_prices' retrieved from /opt/airflow/dags/crawl_crypto_prices.py
[2026-03-24T04:14:36.036+0000] {logging_mixin.py:188} INFO - [2026-03-24T04:14:36.036+0000] {dag.py:3036} INFO - Sync 1 DAGs
[2026-03-24T04:14:36.046+0000] {logging_mixin.py:188} INFO - [2026-03-24T04:14:36.046+0000] {dag.py:3823} INFO - Setting next_dagrun for crawl_crypto_prices to 2026-03-24 04:00:00+00:00, run_after=2026-03-24 05:00:00+00:00
[2026-03-24T04:14:36.052+0000] {processor.py:183} INFO - Processing /opt/airflow/dags/crawl_crypto_prices.py took 0.053 seconds
[2026-03-24T04:15:06.331+0000] {processor.py:161} INFO - Started process (PID=12996) to work on /opt/airflow/dags/crawl_crypto_prices.py
[2026-03-24T04:15:06.332+0000] {processor.py:830} INFO - Processing file /opt/airflow/dags/crawl_crypto_prices.py for tasks to queue
[2026-03-24T04:15:06.332+0000] {logging_mixin.py:188} INFO - [2026-03-24T04:15:06.332+0000] {dagbag.py:538} INFO - Filling up the DagBag from /opt/airflow/dags/crawl_crypto_prices.py
[2026-03-24T04:15:06.343+0000] {processor.py:840} INFO - DAG(s) 'crawl_crypto_prices' retrieved from /opt/airflow/dags/crawl_crypto_prices.py
[2026-03-24T04:15:06.362+0000] {logging_mixin.py:188} INFO - [2026-03-24T04:15:06.362+0000] {dag.py:3036} INFO - Sync 1 DAGs
[2026-03-24T04:15:06.373+0000] {logging_mixin.py:188} INFO - [2026-03-24T04:15:06.373+0000] {dag.py:3823} INFO - Setting next_dagrun for crawl_crypto_prices to 2026-03-24 04:00:00+00:00, run_after=2026-03-24 05:00:00+00:00
[2026-03-24T04:15:06.379+0000] {processor.py:183} INFO - Processing /opt/airflow/dags/crawl_crypto_prices.py took 0.052 seconds
[2026-03-24T04:15:36.663+0000] {processor.py:161} INFO - Started process (PID=13001) to work on /opt/airflow/dags/crawl_crypto_prices.py
[2026-03-24T04:15:36.664+0000] {processor.py:830} INFO - Processing file /opt/airflow/dags/crawl_crypto_prices.py for tasks to queue
[2026-03-24T04:15:36.664+0000] {logging_mixin.py:188} INFO - [2026-03-24T04:15:36.664+0000] {dagbag.py:538} INFO - Filling up the DagBag from /opt/airflow/dags/crawl_crypto_prices.py
[2026-03-24T04:15:36.670+0000] {processor.py:840} INFO - DAG(s) 'crawl_crypto_prices' retrieved from /opt/airflow/dags/crawl_crypto_prices.py
[2026-03-24T04:15:36.681+0000] {logging_mixin.py:188} INFO - [2026-03-24T04:15:36.681+0000] {dag.py:3036} INFO - Sync 1 DAGs
[2026-03-24T04:15:36.689+0000] {logging_mixin.py:188} INFO - [2026-03-24T04:15:36.689+0000] {dag.py:3823} INFO - Setting next_dagrun for crawl_crypto_prices to 2026-03-24 04:00:00+00:00, run_after=2026-03-24 05:00:00+00:00
[2026-03-24T04:15:36.695+0000] {processor.py:183} INFO - Processing /opt/airflow/dags/crawl_crypto_prices.py took 0.033 seconds
[2026-03-24T04:16:06.973+0000] {processor.py:161} INFO - Started process (PID=13006) to work on /opt/airflow/dags/crawl_crypto_prices.py
[2026-03-24T04:16:06.974+0000] {processor.py:830} INFO - Processing file /opt/airflow/dags/crawl_crypto_prices.py for tasks to queue
[2026-03-24T04:16:06.975+0000] {logging_mixin.py:188} INFO - [2026-03-24T04:16:06.974+0000] {dagbag.py:538} INFO - Filling up the DagBag from /opt/airflow/dags/crawl_crypto_prices.py
[2026-03-24T04:16:06.986+0000] {processor.py:840} INFO - DAG(s) 'crawl_crypto_prices' retrieved from /opt/airflow/dags/crawl_crypto_prices.py
[2026-03-24T04:16:07.005+0000] {logging_mixin.py:188} INFO - [2026-03-24T04:16:07.005+0000] {dag.py:3036} INFO - Sync 1 DAGs
[2026-03-24T04:16:07.017+0000] {logging_mixin.py:188} INFO - [2026-03-24T04:16:07.017+0000] {dag.py:3823} INFO - Setting next_dagrun for crawl_crypto_prices to 2026-03-24 04:00:00+00:00, run_after=2026-03-24 05:00:00+00:00
[2026-03-24T04:16:07.024+0000] {processor.py:183} INFO - Processing /opt/airflow/dags/crawl_crypto_prices.py took 0.055 seconds
[2026-03-24T04:16:37.305+0000] {processor.py:161} INFO - Started process (PID=13011) to work on /opt/airflow/dags/crawl_crypto_prices.py
[2026-03-24T04:16:37.306+0000] {processor.py:830} INFO - Processing file /opt/airflow/dags/crawl_crypto_prices.py for tasks to queue
[2026-03-24T04:16:37.306+0000] {logging_mixin.py:188} INFO - [2026-03-24T04:16:37.306+0000] {dagbag.py:538} INFO - Filling up the DagBag from /opt/airflow/dags/crawl_crypto_prices.py
[2026-03-24T04:16:37.317+0000] {processor.py:840} INFO - DAG(s) 'crawl_crypto_prices' retrieved from /opt/airflow/dags/crawl_crypto_prices.py
[2026-03-24T04:16:37.334+0000] {logging_mixin.py:188} INFO - [2026-03-24T04:16:37.334+0000] {dag.py:3036} INFO - Sync 1 DAGs
[2026-03-24T04:16:37.343+0000] {logging_mixin.py:188} INFO - [2026-03-24T04:16:37.343+0000] {dag.py:3823} INFO - Setting next_dagrun for crawl_crypto_prices to 2026-03-24 04:00:00+00:00, run_after=2026-03-24 05:00:00+00:00
[2026-03-24T04:16:37.349+0000] {processor.py:183} INFO - Processing /opt/airflow/dags/crawl_crypto_prices.py took 0.047 seconds
[2026-03-24T04:17:07.672+0000] {processor.py:161} INFO - Started process (PID=13016) to work on /opt/airflow/dags/crawl_crypto_prices.py
[2026-03-24T04:17:07.673+0000] {processor.py:830} INFO - Processing file /opt/airflow/dags/crawl_crypto_prices.py for tasks to queue
[2026-03-24T04:17:07.674+0000] {logging_mixin.py:188} INFO - [2026-03-24T04:17:07.674+0000] {dagbag.py:538} INFO - Filling up the DagBag from /opt/airflow/dags/crawl_crypto_prices.py
[2026-03-24T04:17:07.690+0000] {processor.py:840} INFO - DAG(s) 'crawl_crypto_prices' retrieved from /opt/airflow/dags/crawl_crypto_prices.py
[2026-03-24T04:17:07.714+0000] {logging_mixin.py:188} INFO - [2026-03-24T04:17:07.714+0000] {dag.py:3036} INFO - Sync 1 DAGs
[2026-03-24T04:17:07.726+0000] {logging_mixin.py:188} INFO - [2026-03-24T04:17:07.726+0000] {dag.py:3823} INFO - Setting next_dagrun for crawl_crypto_prices to 2026-03-24 04:00:00+00:00, run_after=2026-03-24 05:00:00+00:00
[2026-03-24T04:17:07.733+0000] {processor.py:183} INFO - Processing /opt/airflow/dags/crawl_crypto_prices.py took 0.065 seconds
[2026-03-24T04:17:37.963+0000] {processor.py:161} INFO - Started process (PID=13021) to work on /opt/airflow/dags/crawl_crypto_prices.py
[2026-03-24T04:17:37.964+0000] {processor.py:830} INFO - Processing file /opt/airflow/dags/crawl_crypto_prices.py for tasks to queue
[2026-03-24T04:17:37.964+0000] {logging_mixin.py:188} INFO - [2026-03-24T04:17:37.964+0000] {dagbag.py:538} INFO - Filling up the DagBag from /opt/airflow/dags/crawl_crypto_prices.py
[2026-03-24T04:17:37.977+0000] {processor.py:840} INFO - DAG(s) 'crawl_crypto_prices' retrieved from /opt/airflow/dags/crawl_crypto_prices.py
[2026-03-24T04:17:37.995+0000] {logging_mixin.py:188} INFO - [2026-03-24T04:17:37.994+0000] {dag.py:3036} INFO - Sync 1 DAGs
[2026-03-24T04:17:38.005+0000] {logging_mixin.py:188} INFO - [2026-03-24T04:17:38.005+0000] {dag.py:3823} INFO - Setting next_dagrun for crawl_crypto_prices to 2026-03-24 04:00:00+00:00, run_after=2026-03-24 05:00:00+00:00
[2026-03-24T04:17:38.011+0000] {processor.py:183} INFO - Processing /opt/airflow/dags/crawl_crypto_prices.py took 0.052 seconds
[2026-03-24T04:18:08.270+0000] {processor.py:161} INFO - Started process (PID=13026) to work on /opt/airflow/dags/crawl_crypto_prices.py
[2026-03-24T04:18:08.271+0000] {processor.py:830} INFO - Processing file /opt/airflow/dags/crawl_crypto_prices.py for tasks to queue
[2026-03-24T04:18:08.271+0000] {logging_mixin.py:188} INFO - [2026-03-24T04:18:08.271+0000] {dagbag.py:538} INFO - Filling up the DagBag from /opt/airflow/dags/crawl_crypto_prices.py
[2026-03-24T04:18:08.278+0000] {processor.py:840} INFO - DAG(s) 'crawl_crypto_prices' retrieved from /opt/airflow/dags/crawl_crypto_prices.py
[2026-03-24T04:18:08.289+0000] {logging_mixin.py:188} INFO - [2026-03-24T04:18:08.289+0000] {dag.py:3036} INFO - Sync 1 DAGs
[2026-03-24T04:18:08.297+0000] {logging_mixin.py:188} INFO - [2026-03-24T04:18:08.297+0000] {dag.py:3823} INFO - Setting next_dagrun for crawl_crypto_prices to 2026-03-24 04:00:00+00:00, run_after=2026-03-24 05:00:00+00:00
[2026-03-24T04:18:08.303+0000] {processor.py:183} INFO - Processing /opt/airflow/dags/crawl_crypto_prices.py took 0.035 seconds
[2026-03-24T04:18:38.585+0000] {processor.py:161} INFO - Started process (PID=13031) to work on /opt/airflow/dags/crawl_crypto_prices.py
[2026-03-24T04:18:38.586+0000] {processor.py:830} INFO - Processing file /opt/airflow/dags/crawl_crypto_prices.py for tasks to queue
[2026-03-24T04:18:38.587+0000] {logging_mixin.py:188} INFO - [2026-03-24T04:18:38.587+0000] {dagbag.py:538} INFO - Filling up the DagBag from /opt/airflow/dags/crawl_crypto_prices.py
[2026-03-24T04:18:38.598+0000] {processor.py:840} INFO - DAG(s) 'crawl_crypto_prices' retrieved from /opt/airflow/dags/crawl_crypto_prices.py
[2026-03-24T04:18:38.616+0000] {logging_mixin.py:188} INFO - [2026-03-24T04:18:38.616+0000] {dag.py:3036} INFO - Sync 1 DAGs
[2026-03-24T04:18:38.626+0000] {logging_mixin.py:188} INFO - [2026-03-24T04:18:38.625+0000] {dag.py:3823} INFO - Setting next_dagrun for crawl_crypto_prices to 2026-03-24 04:00:00+00:00, run_after=2026-03-24 05:00:00+00:00
[2026-03-24T04:18:38.633+0000] {processor.py:183} INFO - Processing /opt/airflow/dags/crawl_crypto_prices.py took 0.051 seconds
[2026-03-24T04:19:08.917+0000] {processor.py:161} INFO - Started process (PID=13036) to work on /opt/airflow/dags/crawl_crypto_prices.py
[2026-03-24T04:19:08.918+0000] {processor.py:830} INFO - Processing file /opt/airflow/dags/crawl_crypto_prices.py for tasks to queue
[2026-03-24T04:19:08.919+0000] {logging_mixin.py:188} INFO - [2026-03-24T04:19:08.918+0000] {dagbag.py:538} INFO - Filling up the DagBag from /opt/airflow/dags/crawl_crypto_prices.py
[2026-03-24T04:19:08.930+0000] {processor.py:840} INFO - DAG(s) 'crawl_crypto_prices' retrieved from /opt/airflow/dags/crawl_crypto_prices.py
[2026-03-24T04:19:08.950+0000] {logging_mixin.py:188} INFO - [2026-03-24T04:19:08.950+0000] {dag.py:3036} INFO - Sync 1 DAGs
[2026-03-24T04:19:08.961+0000] {logging_mixin.py:188} INFO - [2026-03-24T04:19:08.961+0000] {dag.py:3823} INFO - Setting next_dagrun for crawl_crypto_prices to 2026-03-24 04:00:00+00:00, run_after=2026-03-24 05:00:00+00:00
[2026-03-24T04:19:08.968+0000] {processor.py:183} INFO - Processing /opt/airflow/dags/crawl_crypto_prices.py took 0.055 seconds
[2026-03-24T04:19:39.248+0000] {processor.py:161} INFO - Started process (PID=13041) to work on /opt/airflow/dags/crawl_crypto_prices.py
[2026-03-24T04:19:39.249+0000] {processor.py:830} INFO - Processing file /opt/airflow/dags/crawl_crypto_prices.py for tasks to queue
[2026-03-24T04:19:39.250+0000] {logging_mixin.py:188} INFO - [2026-03-24T04:19:39.250+0000] {dagbag.py:538} INFO - Filling up the DagBag from /opt/airflow/dags/crawl_crypto_prices.py
[2026-03-24T04:19:39.261+0000] {processor.py:840} INFO - DAG(s) 'crawl_crypto_prices' retrieved from /opt/airflow/dags/crawl_crypto_prices.py
[2026-03-24T04:19:39.282+0000] {logging_mixin.py:188} INFO - [2026-03-24T04:19:39.282+0000] {dag.py:3036} INFO - Sync 1 DAGs
[2026-03-24T04:19:39.295+0000] {logging_mixin.py:188} INFO - [2026-03-24T04:19:39.295+0000] {dag.py:3823} INFO - Setting next_dagrun for crawl_crypto_prices to 2026-03-24 04:00:00+00:00, run_after=2026-03-24 05:00:00+00:00
[2026-03-24T04:19:39.301+0000] {processor.py:183} INFO - Processing /opt/airflow/dags/crawl_crypto_prices.py took 0.057 seconds
[2026-03-24T04:20:09.518+0000] {processor.py:161} INFO - Started process (PID=13046) to work on /opt/airflow/dags/crawl_crypto_prices.py
[2026-03-24T04:20:09.519+0000] {processor.py:830} INFO - Processing file /opt/airflow/dags/crawl_crypto_prices.py for tasks to queue
[2026-03-24T04:20:09.520+0000] {logging_mixin.py:188} INFO - [2026-03-24T04:20:09.519+0000] {dagbag.py:538} INFO - Filling up the DagBag from /opt/airflow/dags/crawl_crypto_prices.py
[2026-03-24T04:20:09.529+0000] {processor.py:840} INFO - DAG(s) 'crawl_crypto_prices' retrieved from /opt/airflow/dags/crawl_crypto_prices.py
[2026-03-24T04:20:09.544+0000] {logging_mixin.py:188} INFO - [2026-03-24T04:20:09.544+0000] {dag.py:3036} INFO - Sync 1 DAGs
[2026-03-24T04:20:09.556+0000] {logging_mixin.py:188} INFO - [2026-03-24T04:20:09.556+0000] {dag.py:3823} INFO - Setting next_dagrun for crawl_crypto_prices to 2026-03-24 04:00:00+00:00, run_after=2026-03-24 05:00:00+00:00
[2026-03-24T04:20:09.563+0000] {processor.py:183} INFO - Processing /opt/airflow/dags/crawl_crypto_prices.py took 0.047 seconds
[2026-03-24T04:20:39.804+0000] {processor.py:161} INFO - Started process (PID=13051) to work on /opt/airflow/dags/crawl_crypto_prices.py
[2026-03-24T04:20:39.805+0000] {processor.py:830} INFO - Processing file /opt/airflow/dags/crawl_crypto_prices.py for tasks to queue
[2026-03-24T04:20:39.805+0000] {logging_mixin.py:188} INFO - [2026-03-24T04:20:39.805+0000] {dagbag.py:538} INFO - Filling up the DagBag from /opt/airflow/dags/crawl_crypto_prices.py
[2026-03-24T04:20:39.816+0000] {processor.py:840} INFO - DAG(s) 'crawl_crypto_prices' retrieved from /opt/airflow/dags/crawl_crypto_prices.py
[2026-03-24T04:20:39.835+0000] {logging_mixin.py:188} INFO - [2026-03-24T04:20:39.834+0000] {dag.py:3036} INFO - Sync 1 DAGs
[2026-03-24T04:20:39.845+0000] {logging_mixin.py:188} INFO - [2026-03-24T04:20:39.845+0000] {dag.py:3823} INFO - Setting next_dagrun for crawl_crypto_prices to 2026-03-24 04:00:00+00:00, run_after=2026-03-24 05:00:00+00:00
[2026-03-24T04:20:39.852+0000] {processor.py:183} INFO - Processing /opt/airflow/dags/crawl_crypto_prices.py took 0.051 seconds
[2026-03-24T04:21:10.088+0000] {processor.py:161} INFO - Started process (PID=13056) to work on /opt/airflow/dags/crawl_crypto_prices.py
[2026-03-24T04:21:10.088+0000] {processor.py:830} INFO - Processing file /opt/airflow/dags/crawl_crypto_prices.py for tasks to queue
[2026-03-24T04:21:10.089+0000] {logging_mixin.py:188} INFO - [2026-03-24T04:21:10.089+0000] {dagbag.py:538} INFO - Filling up the DagBag from /opt/airflow/dags/crawl_crypto_prices.py
[2026-03-24T04:21:10.099+0000] {processor.py:840} INFO - DAG(s) 'crawl_crypto_prices' retrieved from /opt/airflow/dags/crawl_crypto_prices.py
[2026-03-24T04:21:10.118+0000] {logging_mixin.py:188} INFO - [2026-03-24T04:21:10.118+0000] {dag.py:3036} INFO - Sync 1 DAGs
[2026-03-24T04:21:10.129+0000] {logging_mixin.py:188} INFO - [2026-03-24T04:21:10.129+0000] {dag.py:3823} INFO - Setting next_dagrun for crawl_crypto_prices to 2026-03-24 04:00:00+00:00, run_after=2026-03-24 05:00:00+00:00
[2026-03-24T04:21:10.136+0000] {processor.py:183} INFO - Processing /opt/airflow/dags/crawl_crypto_prices.py took 0.051 seconds
[2026-03-24T04:21:40.374+0000] {processor.py:161} INFO - Started process (PID=13061) to work on /opt/airflow/dags/crawl_crypto_prices.py
[2026-03-24T04:21:40.375+0000] {processor.py:830} INFO - Processing file /opt/airflow/dags/crawl_crypto_prices.py for tasks to queue
[2026-03-24T04:21:40.376+0000] {logging_mixin.py:188} INFO - [2026-03-24T04:21:40.376+0000] {dagbag.py:538} INFO - Filling up the DagBag from /opt/airflow/dags/crawl_crypto_prices.py
[2026-03-24T04:21:40.386+0000] {processor.py:840} INFO - DAG(s) 'crawl_crypto_prices' retrieved from /opt/airflow/dags/crawl_crypto_prices.py
[2026-03-24T04:21:40.404+0000] {logging_mixin.py:188} INFO - [2026-03-24T04:21:40.403+0000] {dag.py:3036} INFO - Sync 1 DAGs
[2026-03-24T04:21:40.413+0000] {logging_mixin.py:188} INFO - [2026-03-24T04:21:40.413+0000] {dag.py:3823} INFO - Setting next_dagrun for crawl_crypto_prices to 2026-03-24 04:00:00+00:00, run_after=2026-03-24 05:00:00+00:00
[2026-03-24T04:21:40.419+0000] {processor.py:183} INFO - Processing /opt/airflow/dags/crawl_crypto_prices.py took 0.047 seconds
[2026-03-24T04:22:10.708+0000] {processor.py:161} INFO - Started process (PID=13066) to work on /opt/airflow/dags/crawl_crypto_prices.py
[2026-03-24T04:22:10.709+0000] {processor.py:830} INFO - Processing file /opt/airflow/dags/crawl_crypto_prices.py for tasks to queue
[2026-03-24T04:22:10.710+0000] {logging_mixin.py:188} INFO - [2026-03-24T04:22:10.710+0000] {dagbag.py:538} INFO - Filling up the DagBag from /opt/airflow/dags/crawl_crypto_prices.py
[2026-03-24T04:22:10.719+0000] {processor.py:840} INFO - DAG(s) 'crawl_crypto_prices' retrieved from /opt/airflow/dags/crawl_crypto_prices.py
[2026-03-24T04:22:10.736+0000] {logging_mixin.py:188} INFO - [2026-03-24T04:22:10.736+0000] {dag.py:3036} INFO - Sync 1 DAGs
[2026-03-24T04:22:10.745+0000] {logging_mixin.py:188} INFO - [2026-03-24T04:22:10.745+0000] {dag.py:3823} INFO - Setting next_dagrun for crawl_crypto_prices to 2026-03-24 04:00:00+00:00, run_after=2026-03-24 05:00:00+00:00
[2026-03-24T04:22:10.751+0000] {processor.py:183} INFO - Processing /opt/airflow/dags/crawl_crypto_prices.py took 0.045 seconds
[2026-03-24T04:22:41.020+0000] {processor.py:161} INFO - Started process (PID=13071) to work on /opt/airflow/dags/crawl_crypto_prices.py
[2026-03-24T04:22:41.021+0000] {processor.py:830} INFO - Processing file /opt/airflow/dags/crawl_crypto_prices.py for tasks to queue
[2026-03-24T04:22:41.022+0000] {logging_mixin.py:188} INFO - [2026-03-24T04:22:41.021+0000] {dagbag.py:538} INFO - Filling up the DagBag from /opt/airflow/dags/crawl_crypto_prices.py
[2026-03-24T04:22:41.033+0000] {processor.py:840} INFO - DAG(s) 'crawl_crypto_prices' retrieved from /opt/airflow/dags/crawl_crypto_prices.py
[2026-03-24T04:22:41.049+0000] {logging_mixin.py:188} INFO - [2026-03-24T04:22:41.049+0000] {dag.py:3036} INFO - Sync 1 DAGs
[2026-03-24T04:22:41.059+0000] {logging_mixin.py:188} INFO - [2026-03-24T04:22:41.059+0000] {dag.py:3823} INFO - Setting next_dagrun for crawl_crypto_prices to 2026-03-24 04:00:00+00:00, run_after=2026-03-24 05:00:00+00:00
[2026-03-24T04:22:41.065+0000] {processor.py:183} INFO - Processing /opt/airflow/dags/crawl_crypto_prices.py took 0.049 seconds
[2026-03-24T04:23:11.342+0000] {processor.py:161} INFO - Started process (PID=13076) to work on /opt/airflow/dags/crawl_crypto_prices.py
[2026-03-24T04:23:11.343+0000] {processor.py:830} INFO - Processing file /opt/airflow/dags/crawl_crypto_prices.py for tasks to queue
[2026-03-24T04:23:11.344+0000] {logging_mixin.py:188} INFO - [2026-03-24T04:23:11.344+0000] {dagbag.py:538} INFO - Filling up the DagBag from /opt/airflow/dags/crawl_crypto_prices.py
[2026-03-24T04:23:11.354+0000] {processor.py:840} INFO - DAG(s) 'crawl_crypto_prices' retrieved from /opt/airflow/dags/crawl_crypto_prices.py
[2026-03-24T04:23:11.370+0000] {logging_mixin.py:188} INFO - [2026-03-24T04:23:11.370+0000] {dag.py:3036} INFO - Sync 1 DAGs
[2026-03-24T04:23:11.380+0000] {logging_mixin.py:188} INFO - [2026-03-24T04:23:11.379+0000] {dag.py:3823} INFO - Setting next_dagrun for crawl_crypto_prices to 2026-03-24 04:00:00+00:00, run_after=2026-03-24 05:00:00+00:00
[2026-03-24T04:23:11.386+0000] {processor.py:183} INFO - Processing /opt/airflow/dags/crawl_crypto_prices.py took 0.046 seconds
[2026-03-24T04:23:41.698+0000] {processor.py:161} INFO - Started process (PID=13081) to work on /opt/airflow/dags/crawl_crypto_prices.py
[2026-03-24T04:23:41.699+0000] {processor.py:830} INFO - Processing file /opt/airflow/dags/crawl_crypto_prices.py for tasks to queue
[2026-03-24T04:23:41.700+0000] {logging_mixin.py:188} INFO - [2026-03-24T04:23:41.700+0000] {dagbag.py:538} INFO - Filling up the DagBag from /opt/airflow/dags/crawl_crypto_prices.py
[2026-03-24T04:23:41.711+0000] {processor.py:840} INFO - DAG(s) 'crawl_crypto_prices' retrieved from /opt/airflow/dags/crawl_crypto_prices.py
[2026-03-24T04:23:41.729+0000] {logging_mixin.py:188} INFO - [2026-03-24T04:23:41.729+0000] {dag.py:3036} INFO - Sync 1 DAGs
[2026-03-24T04:23:41.739+0000] {logging_mixin.py:188} INFO - [2026-03-24T04:23:41.739+0000] {dag.py:3823} INFO - Setting next_dagrun for crawl_crypto_prices to 2026-03-24 04:00:00+00:00, run_after=2026-03-24 05:00:00+00:00
[2026-03-24T04:23:41.745+0000] {processor.py:183} INFO - Processing /opt/airflow/dags/crawl_crypto_prices.py took 0.050 seconds
[2026-03-24T04:24:12.022+0000] {processor.py:161} INFO - Started process (PID=13086) to work on /opt/airflow/dags/crawl_crypto_prices.py
[2026-03-24T04:24:12.023+0000] {processor.py:830} INFO - Processing file /opt/airflow/dags/crawl_crypto_prices.py for tasks to queue
[2026-03-24T04:24:12.024+0000] {logging_mixin.py:188} INFO - [2026-03-24T04:24:12.023+0000] {dagbag.py:538} INFO - Filling up the DagBag from /opt/airflow/dags/crawl_crypto_prices.py
[2026-03-24T04:24:12.035+0000] {processor.py:840} INFO - DAG(s) 'crawl_crypto_prices' retrieved from /opt/airflow/dags/crawl_crypto_prices.py
[2026-03-24T04:24:12.050+0000] {logging_mixin.py:188} INFO - [2026-03-24T04:24:12.050+0000] {dag.py:3036} INFO - Sync 1 DAGs
[2026-03-24T04:24:12.060+0000] {logging_mixin.py:188} INFO - [2026-03-24T04:24:12.060+0000] {dag.py:3823} INFO - Setting next_dagrun for crawl_crypto_prices to 2026-03-24 04:00:00+00:00, run_after=2026-03-24 05:00:00+00:00
[2026-03-24T04:24:12.067+0000] {processor.py:183} INFO - Processing /opt/airflow/dags/crawl_crypto_prices.py took 0.048 seconds
[2026-03-24T04:24:42.323+0000] {processor.py:161} INFO - Started process (PID=13091) to work on /opt/airflow/dags/crawl_crypto_prices.py
[2026-03-24T04:24:42.324+0000] {processor.py:830} INFO - Processing file /opt/airflow/dags/crawl_crypto_prices.py for tasks to queue
[2026-03-24T04:24:42.325+0000] {logging_mixin.py:188} INFO - [2026-03-24T04:24:42.324+0000] {dagbag.py:538} INFO - Filling up the DagBag from /opt/airflow/dags/crawl_crypto_prices.py
[2026-03-24T04:24:42.334+0000] {processor.py:840} INFO - DAG(s) 'crawl_crypto_prices' retrieved from /opt/airflow/dags/crawl_crypto_prices.py
[2026-03-24T04:24:42.347+0000] {logging_mixin.py:188} INFO - [2026-03-24T04:24:42.347+0000] {dag.py:3036} INFO - Sync 1 DAGs
[2026-03-24T04:24:42.355+0000] {logging_mixin.py:188} INFO - [2026-03-24T04:24:42.355+0000] {dag.py:3823} INFO - Setting next_dagrun for crawl_crypto_prices to 2026-03-24 04:00:00+00:00, run_after=2026-03-24 05:00:00+00:00
[2026-03-24T04:24:42.361+0000] {processor.py:183} INFO - Processing /opt/airflow/dags/crawl_crypto_prices.py took 0.040 seconds
[2026-03-24T04:25:12.670+0000] {processor.py:161} INFO - Started process (PID=13096) to work on /opt/airflow/dags/crawl_crypto_prices.py
[2026-03-24T04:25:12.671+0000] {processor.py:830} INFO - Processing file /opt/airflow/dags/crawl_crypto_prices.py for tasks to queue
[2026-03-24T04:25:12.672+0000] {logging_mixin.py:188} INFO - [2026-03-24T04:25:12.672+0000] {dagbag.py:538} INFO - Filling up the DagBag from /opt/airflow/dags/crawl_crypto_prices.py
[2026-03-24T04:25:12.683+0000] {processor.py:840} INFO - DAG(s) 'crawl_crypto_prices' retrieved from /opt/airflow/dags/crawl_crypto_prices.py
[2026-03-24T04:25:12.697+0000] {logging_mixin.py:188} INFO - [2026-03-24T04:25:12.697+0000] {dag.py:3036} INFO - Sync 1 DAGs
[2026-03-24T04:25:12.706+0000] {logging_mixin.py:188} INFO - [2026-03-24T04:25:12.706+0000] {dag.py:3823} INFO - Setting next_dagrun for crawl_crypto_prices to 2026-03-24 04:00:00+00:00, run_after=2026-03-24 05:00:00+00:00
[2026-03-24T04:25:12.713+0000] {processor.py:183} INFO - Processing /opt/airflow/dags/crawl_crypto_prices.py took 0.046 seconds
[2026-03-24T04:25:43.009+0000] {processor.py:161} INFO - Started process (PID=13101) to work on /opt/airflow/dags/crawl_crypto_prices.py
[2026-03-24T04:25:43.009+0000] {processor.py:830} INFO - Processing file /opt/airflow/dags/crawl_crypto_prices.py for tasks to queue
[2026-03-24T04:25:43.010+0000] {logging_mixin.py:188} INFO - [2026-03-24T04:25:43.010+0000] {dagbag.py:538} INFO - Filling up the DagBag from /opt/airflow/dags/crawl_crypto_prices.py
[2026-03-24T04:25:43.020+0000] {processor.py:840} INFO - DAG(s) 'crawl_crypto_prices' retrieved from /opt/airflow/dags/crawl_crypto_prices.py
[2026-03-24T04:25:43.035+0000] {logging_mixin.py:188} INFO - [2026-03-24T04:25:43.035+0000] {dag.py:3036} INFO - Sync 1 DAGs
[2026-03-24T04:25:43.046+0000] {logging_mixin.py:188} INFO - [2026-03-24T04:25:43.045+0000] {dag.py:3823} INFO - Setting next_dagrun for crawl_crypto_prices to 2026-03-24 04:00:00+00:00, run_after=2026-03-24 05:00:00+00:00
[2026-03-24T04:25:43.053+0000] {processor.py:183} INFO - Processing /opt/airflow/dags/crawl_crypto_prices.py took 0.047 seconds
[2026-03-24T04:26:13.320+0000] {processor.py:161} INFO - Started process (PID=13106) to work on /opt/airflow/dags/crawl_crypto_prices.py
[2026-03-24T04:26:13.321+0000] {processor.py:830} INFO - Processing file /opt/airflow/dags/crawl_crypto_prices.py for tasks to queue
[2026-03-24T04:26:13.322+0000] {logging_mixin.py:188} INFO - [2026-03-24T04:26:13.322+0000] {dagbag.py:538} INFO - Filling up the DagBag from /opt/airflow/dags/crawl_crypto_prices.py
[2026-03-24T04:26:13.334+0000] {processor.py:840} INFO - DAG(s) 'crawl_crypto_prices' retrieved from /opt/airflow/dags/crawl_crypto_prices.py
[2026-03-24T04:26:13.351+0000] {logging_mixin.py:188} INFO - [2026-03-24T04:26:13.351+0000] {dag.py:3036} INFO - Sync 1 DAGs
[2026-03-24T04:26:13.361+0000] {logging_mixin.py:188} INFO - [2026-03-24T04:26:13.361+0000] {dag.py:3823} INFO - Setting next_dagrun for crawl_crypto_prices to 2026-03-24 04:00:00+00:00, run_after=2026-03-24 05:00:00+00:00
[2026-03-24T04:26:13.367+0000] {processor.py:183} INFO - Processing /opt/airflow/dags/crawl_crypto_prices.py took 0.050 seconds
[2026-03-24T04:26:43.660+0000] {processor.py:161} INFO - Started process (PID=13111) to work on /opt/airflow/dags/crawl_crypto_prices.py
[2026-03-24T04:26:43.661+0000] {processor.py:830} INFO - Processing file /opt/airflow/dags/crawl_crypto_prices.py for tasks to queue
[2026-03-24T04:26:43.662+0000] {logging_mixin.py:188} INFO - [2026-03-24T04:26:43.661+0000] {dagbag.py:538} INFO - Filling up the DagBag from /opt/airflow/dags/crawl_crypto_prices.py
[2026-03-24T04:26:43.672+0000] {processor.py:840} INFO - DAG(s) 'crawl_crypto_prices' retrieved from /opt/airflow/dags/crawl_crypto_prices.py
[2026-03-24T04:26:43.691+0000] {logging_mixin.py:188} INFO - [2026-03-24T04:26:43.691+0000] {dag.py:3036} INFO - Sync 1 DAGs
[2026-03-24T04:26:43.702+0000] {logging_mixin.py:188} INFO - [2026-03-24T04:26:43.701+0000] {dag.py:3823} INFO - Setting next_dagrun for crawl_crypto_prices to 2026-03-24 04:00:00+00:00, run_after=2026-03-24 05:00:00+00:00
[2026-03-24T04:26:43.708+0000] {processor.py:183} INFO - Processing /opt/airflow/dags/crawl_crypto_prices.py took 0.050 seconds
[2026-03-24T04:27:13.997+0000] {processor.py:161} INFO - Started process (PID=13116) to work on /opt/airflow/dags/crawl_crypto_prices.py
[2026-03-24T04:27:13.998+0000] {processor.py:830} INFO - Processing file /opt/airflow/dags/crawl_crypto_prices.py for tasks to queue
[2026-03-24T04:27:13.999+0000] {logging_mixin.py:188} INFO - [2026-03-24T04:27:13.999+0000] {dagbag.py:538} INFO - Filling up the DagBag from /opt/airflow/dags/crawl_crypto_prices.py
[2026-03-24T04:27:14.009+0000] {processor.py:840} INFO - DAG(s) 'crawl_crypto_prices' retrieved from /opt/airflow/dags/crawl_crypto_prices.py
[2026-03-24T04:27:14.024+0000] {logging_mixin.py:188} INFO - [2026-03-24T04:27:14.024+0000] {dag.py:3036} INFO - Sync 1 DAGs
[2026-03-24T04:27:14.034+0000] {logging_mixin.py:188} INFO - [2026-03-24T04:27:14.034+0000] {dag.py:3823} INFO - Setting next_dagrun for crawl_crypto_prices to 2026-03-24 04:00:00+00:00, run_after=2026-03-24 05:00:00+00:00
[2026-03-24T04:27:14.040+0000] {processor.py:183} INFO - Processing /opt/airflow/dags/crawl_crypto_prices.py took 0.047 seconds
[2026-03-24T04:27:44.290+0000] {processor.py:161} INFO - Started process (PID=13121) to work on /opt/airflow/dags/crawl_crypto_prices.py
[2026-03-24T04:27:44.291+0000] {processor.py:830} INFO - Processing file /opt/airflow/dags/crawl_crypto_prices.py for tasks to queue
[2026-03-24T04:27:44.291+0000] {logging_mixin.py:188} INFO - [2026-03-24T04:27:44.291+0000] {dagbag.py:538} INFO - Filling up the DagBag from /opt/airflow/dags/crawl_crypto_prices.py
[2026-03-24T04:27:44.302+0000] {processor.py:840} INFO - DAG(s) 'crawl_crypto_prices' retrieved from /opt/airflow/dags/crawl_crypto_prices.py
[2026-03-24T04:27:44.314+0000] {logging_mixin.py:188} INFO - [2026-03-24T04:27:44.314+0000] {dag.py:3036} INFO - Sync 1 DAGs
[2026-03-24T04:27:44.323+0000] {logging_mixin.py:188} INFO - [2026-03-24T04:27:44.323+0000] {dag.py:3823} INFO - Setting next_dagrun for crawl_crypto_prices to 2026-03-24 04:00:00+00:00, run_after=2026-03-24 05:00:00+00:00
[2026-03-24T04:27:44.329+0000] {processor.py:183} INFO - Processing /opt/airflow/dags/crawl_crypto_prices.py took 0.042 seconds
[2026-03-24T04:28:14.573+0000] {processor.py:161} INFO - Started process (PID=13126) to work on /opt/airflow/dags/crawl_crypto_prices.py
[2026-03-24T04:28:14.574+0000] {processor.py:830} INFO - Processing file /opt/airflow/dags/crawl_crypto_prices.py for tasks to queue
[2026-03-24T04:28:14.575+0000] {logging_mixin.py:188} INFO - [2026-03-24T04:28:14.575+0000] {dagbag.py:538} INFO - Filling up the DagBag from /opt/airflow/dags/crawl_crypto_prices.py
[2026-03-24T04:28:14.585+0000] {processor.py:840} INFO - DAG(s) 'crawl_crypto_prices' retrieved from /opt/airflow/dags/crawl_crypto_prices.py
[2026-03-24T04:28:14.602+0000] {logging_mixin.py:188} INFO - [2026-03-24T04:28:14.602+0000] {dag.py:3036} INFO - Sync 1 DAGs
[2026-03-24T04:28:14.611+0000] {logging_mixin.py:188} INFO - [2026-03-24T04:28:14.611+0000] {dag.py:3823} INFO - Setting next_dagrun for crawl_crypto_prices to 2026-03-24 04:00:00+00:00, run_after=2026-03-24 05:00:00+00:00
[2026-03-24T04:28:14.617+0000] {processor.py:183} INFO - Processing /opt/airflow/dags/crawl_crypto_prices.py took 0.047 seconds
[2026-03-24T04:28:44.896+0000] {processor.py:161} INFO - Started process (PID=13131) to work on /opt/airflow/dags/crawl_crypto_prices.py
[2026-03-24T04:28:44.897+0000] {processor.py:830} INFO - Processing file /opt/airflow/dags/crawl_crypto_prices.py for tasks to queue
[2026-03-24T04:28:44.898+0000] {logging_mixin.py:188} INFO - [2026-03-24T04:28:44.898+0000] {dagbag.py:538} INFO - Filling up the DagBag from /opt/airflow/dags/crawl_crypto_prices.py
[2026-03-24T04:28:44.909+0000] {processor.py:840} INFO - DAG(s) 'crawl_crypto_prices' retrieved from /opt/airflow/dags/crawl_crypto_prices.py
[2026-03-24T04:28:44.928+0000] {logging_mixin.py:188} INFO - [2026-03-24T04:28:44.928+0000] {dag.py:3036} INFO - Sync 1 DAGs
[2026-03-24T04:28:44.937+0000] {logging_mixin.py:188} INFO - [2026-03-24T04:28:44.937+0000] {dag.py:3823} INFO - Setting next_dagrun for crawl_crypto_prices to 2026-03-24 04:00:00+00:00, run_after=2026-03-24 05:00:00+00:00
[2026-03-24T04:28:44.944+0000] {processor.py:183} INFO - Processing /opt/airflow/dags/crawl_crypto_prices.py took 0.051 seconds
[2026-03-24T04:29:15.203+0000] {processor.py:161} INFO - Started process (PID=13136) to work on /opt/airflow/dags/crawl_crypto_prices.py
[2026-03-24T04:29:15.204+0000] {processor.py:830} INFO - Processing file /opt/airflow/dags/crawl_crypto_prices.py for tasks to queue
[2026-03-24T04:29:15.205+0000] {logging_mixin.py:188} INFO - [2026-03-24T04:29:15.204+0000] {dagbag.py:538} INFO - Filling up the DagBag from /opt/airflow/dags/crawl_crypto_prices.py
[2026-03-24T04:29:15.216+0000] {processor.py:840} INFO - DAG(s) 'crawl_crypto_prices' retrieved from /opt/airflow/dags/crawl_crypto_prices.py
[2026-03-24T04:29:15.234+0000] {logging_mixin.py:188} INFO - [2026-03-24T04:29:15.234+0000] {dag.py:3036} INFO - Sync 1 DAGs
[2026-03-24T04:29:15.244+0000] {logging_mixin.py:188} INFO - [2026-03-24T04:29:15.244+0000] {dag.py:3823} INFO - Setting next_dagrun for crawl_crypto_prices to 2026-03-24 04:00:00+00:00, run_after=2026-03-24 05:00:00+00:00
[2026-03-24T04:29:15.250+0000] {processor.py:183} INFO - Processing /opt/airflow/dags/crawl_crypto_prices.py took 0.051 seconds
[2026-03-24T04:29:45.502+0000] {processor.py:161} INFO - Started process (PID=13141) to work on /opt/airflow/dags/crawl_crypto_prices.py
[2026-03-24T04:29:45.502+0000] {processor.py:830} INFO - Processing file /opt/airflow/dags/crawl_crypto_prices.py for tasks to queue
[2026-03-24T04:29:45.503+0000] {logging_mixin.py:188} INFO - [2026-03-24T04:29:45.503+0000] {dagbag.py:538} INFO - Filling up the DagBag from /opt/airflow/dags/crawl_crypto_prices.py
[2026-03-24T04:29:45.510+0000] {processor.py:840} INFO - DAG(s) 'crawl_crypto_prices' retrieved from /opt/airflow/dags/crawl_crypto_prices.py
[2026-03-24T04:29:45.521+0000] {logging_mixin.py:188} INFO - [2026-03-24T04:29:45.521+0000] {dag.py:3036} INFO - Sync 1 DAGs
[2026-03-24T04:29:45.529+0000] {logging_mixin.py:188} INFO - [2026-03-24T04:29:45.529+0000] {dag.py:3823} INFO - Setting next_dagrun for crawl_crypto_prices to 2026-03-24 04:00:00+00:00, run_after=2026-03-24 05:00:00+00:00
[2026-03-24T04:29:45.535+0000] {processor.py:183} INFO - Processing /opt/airflow/dags/crawl_crypto_prices.py took 0.035 seconds
[2026-03-24T04:30:15.820+0000] {processor.py:161} INFO - Started process (PID=13146) to work on /opt/airflow/dags/crawl_crypto_prices.py
[2026-03-24T04:30:15.821+0000] {processor.py:830} INFO - Processing file /opt/airflow/dags/crawl_crypto_prices.py for tasks to queue
[2026-03-24T04:30:15.822+0000] {logging_mixin.py:188} INFO - [2026-03-24T04:30:15.822+0000] {dagbag.py:538} INFO - Filling up the DagBag from /opt/airflow/dags/crawl_crypto_prices.py
[2026-03-24T04:30:15.835+0000] {processor.py:840} INFO - DAG(s) 'crawl_crypto_prices' retrieved from /opt/airflow/dags/crawl_crypto_prices.py
[2026-03-24T04:30:15.853+0000] {logging_mixin.py:188} INFO - [2026-03-24T04:30:15.853+0000] {dag.py:3036} INFO - Sync 1 DAGs
[2026-03-24T04:30:15.864+0000] {logging_mixin.py:188} INFO - [2026-03-24T04:30:15.864+0000] {dag.py:3823} INFO - Setting next_dagrun for crawl_crypto_prices to 2026-03-24 04:00:00+00:00, run_after=2026-03-24 05:00:00+00:00
[2026-03-24T04:30:15.870+0000] {processor.py:183} INFO - Processing /opt/airflow/dags/crawl_crypto_prices.py took 0.053 seconds
[2026-03-24T04:30:46.139+0000] {processor.py:161} INFO - Started process (PID=13151) to work on /opt/airflow/dags/crawl_crypto_prices.py
[2026-03-24T04:30:46.140+0000] {processor.py:830} INFO - Processing file /opt/airflow/dags/crawl_crypto_prices.py for tasks to queue
[2026-03-24T04:30:46.140+0000] {logging_mixin.py:188} INFO - [2026-03-24T04:30:46.140+0000] {dagbag.py:538} INFO - Filling up the DagBag from /opt/airflow/dags/crawl_crypto_prices.py
[2026-03-24T04:30:46.152+0000] {processor.py:840} INFO - DAG(s) 'crawl_crypto_prices' retrieved from /opt/airflow/dags/crawl_crypto_prices.py
[2026-03-24T04:30:46.170+0000] {logging_mixin.py:188} INFO - [2026-03-24T04:30:46.170+0000] {dag.py:3036} INFO - Sync 1 DAGs
[2026-03-24T04:30:46.180+0000] {logging_mixin.py:188} INFO - [2026-03-24T04:30:46.180+0000] {dag.py:3823} INFO - Setting next_dagrun for crawl_crypto_prices to 2026-03-24 04:00:00+00:00, run_after=2026-03-24 05:00:00+00:00
[2026-03-24T04:30:46.187+0000] {processor.py:183} INFO - Processing /opt/airflow/dags/crawl_crypto_prices.py took 0.051 seconds
[2026-03-24T04:31:16.463+0000] {processor.py:161} INFO - Started process (PID=13156) to work on /opt/airflow/dags/crawl_crypto_prices.py
[2026-03-24T04:31:16.464+0000] {processor.py:830} INFO - Processing file /opt/airflow/dags/crawl_crypto_prices.py for tasks to queue
[2026-03-24T04:31:16.465+0000] {logging_mixin.py:188} INFO - [2026-03-24T04:31:16.465+0000] {dagbag.py:538} INFO - Filling up the DagBag from /opt/airflow/dags/crawl_crypto_prices.py
[2026-03-24T04:31:16.476+0000] {processor.py:840} INFO - DAG(s) 'crawl_crypto_prices' retrieved from /opt/airflow/dags/crawl_crypto_prices.py
[2026-03-24T04:31:16.495+0000] {logging_mixin.py:188} INFO - [2026-03-24T04:31:16.495+0000] {dag.py:3036} INFO - Sync 1 DAGs
[2026-03-24T04:31:16.504+0000] {logging_mixin.py:188} INFO - [2026-03-24T04:31:16.504+0000] {dag.py:3823} INFO - Setting next_dagrun for crawl_crypto_prices to 2026-03-24 04:00:00+00:00, run_after=2026-03-24 05:00:00+00:00
[2026-03-24T04:31:16.510+0000] {processor.py:183} INFO - Processing /opt/airflow/dags/crawl_crypto_prices.py took 0.051 seconds
[2026-03-24T04:31:46.809+0000] {processor.py:161} INFO - Started process (PID=13161) to work on /opt/airflow/dags/crawl_crypto_prices.py
[2026-03-24T04:31:46.810+0000] {processor.py:830} INFO - Processing file /opt/airflow/dags/crawl_crypto_prices.py for tasks to queue
[2026-03-24T04:31:46.810+0000] {logging_mixin.py:188} INFO - [2026-03-24T04:31:46.810+0000] {dagbag.py:538} INFO - Filling up the DagBag from /opt/airflow/dags/crawl_crypto_prices.py
[2026-03-24T04:31:46.821+0000] {processor.py:840} INFO - DAG(s) 'crawl_crypto_prices' retrieved from /opt/airflow/dags/crawl_crypto_prices.py
[2026-03-24T04:31:46.839+0000] {logging_mixin.py:188} INFO - [2026-03-24T04:31:46.839+0000] {dag.py:3036} INFO - Sync 1 DAGs
[2026-03-24T04:31:46.849+0000] {logging_mixin.py:188} INFO - [2026-03-24T04:31:46.848+0000] {dag.py:3823} INFO - Setting next_dagrun for crawl_crypto_prices to 2026-03-24 04:00:00+00:00, run_after=2026-03-24 05:00:00+00:00
[2026-03-24T04:31:46.855+0000] {processor.py:183} INFO - Processing /opt/airflow/dags/crawl_crypto_prices.py took 0.049 seconds
[2026-03-24T04:32:17.134+0000] {processor.py:161} INFO - Started process (PID=13166) to work on /opt/airflow/dags/crawl_crypto_prices.py
[2026-03-24T04:32:17.135+0000] {processor.py:830} INFO - Processing file /opt/airflow/dags/crawl_crypto_prices.py for tasks to queue
[2026-03-24T04:32:17.136+0000] {logging_mixin.py:188} INFO - [2026-03-24T04:32:17.135+0000] {dagbag.py:538} INFO - Filling up the DagBag from /opt/airflow/dags/crawl_crypto_prices.py
[2026-03-24T04:32:17.144+0000] {processor.py:840} INFO - DAG(s) 'crawl_crypto_prices' retrieved from /opt/airflow/dags/crawl_crypto_prices.py
[2026-03-24T04:32:17.158+0000] {logging_mixin.py:188} INFO - [2026-03-24T04:32:17.158+0000] {dag.py:3036} INFO - Sync 1 DAGs
[2026-03-24T04:32:17.168+0000] {logging_mixin.py:188} INFO - [2026-03-24T04:32:17.168+0000] {dag.py:3823} INFO - Setting next_dagrun for crawl_crypto_prices to 2026-03-24 04:00:00+00:00, run_after=2026-03-24 05:00:00+00:00
[2026-03-24T04:32:17.174+0000] {processor.py:183} INFO - Processing /opt/airflow/dags/crawl_crypto_prices.py took 0.042 seconds
[2026-03-24T04:32:47.465+0000] {processor.py:161} INFO - Started process (PID=13171) to work on /opt/airflow/dags/crawl_crypto_prices.py
[2026-03-24T04:32:47.466+0000] {processor.py:830} INFO - Processing file /opt/airflow/dags/crawl_crypto_prices.py for tasks to queue
[2026-03-24T04:32:47.467+0000] {logging_mixin.py:188} INFO - [2026-03-24T04:32:47.467+0000] {dagbag.py:538} INFO - Filling up the DagBag from /opt/airflow/dags/crawl_crypto_prices.py
[2026-03-24T04:32:47.480+0000] {processor.py:840} INFO - DAG(s) 'crawl_crypto_prices' retrieved from /opt/airflow/dags/crawl_crypto_prices.py
[2026-03-24T04:32:47.497+0000] {logging_mixin.py:188} INFO - [2026-03-24T04:32:47.497+0000] {dag.py:3036} INFO - Sync 1 DAGs
[2026-03-24T04:32:47.507+0000] {logging_mixin.py:188} INFO - [2026-03-24T04:32:47.506+0000] {dag.py:3823} INFO - Setting next_dagrun for crawl_crypto_prices to 2026-03-24 04:00:00+00:00, run_after=2026-03-24 05:00:00+00:00
[2026-03-24T04:32:47.513+0000] {processor.py:183} INFO - Processing /opt/airflow/dags/crawl_crypto_prices.py took 0.051 seconds
[2026-03-24T04:33:17.787+0000] {processor.py:161} INFO - Started process (PID=13176) to work on /opt/airflow/dags/crawl_crypto_prices.py
[2026-03-24T04:33:17.789+0000] {processor.py:830} INFO - Processing file /opt/airflow/dags/crawl_crypto_prices.py for tasks to queue
[2026-03-24T04:33:17.789+0000] {logging_mixin.py:188} INFO - [2026-03-24T04:33:17.789+0000] {dagbag.py:538} INFO - Filling up the DagBag from /opt/airflow/dags/crawl_crypto_prices.py
[2026-03-24T04:33:17.800+0000] {processor.py:840} INFO - DAG(s) 'crawl_crypto_prices' retrieved from /opt/airflow/dags/crawl_crypto_prices.py
[2026-03-24T04:33:17.817+0000] {logging_mixin.py:188} INFO - [2026-03-24T04:33:17.817+0000] {dag.py:3036} INFO - Sync 1 DAGs
[2026-03-24T04:33:17.826+0000] {logging_mixin.py:188} INFO - [2026-03-24T04:33:17.825+0000] {dag.py:3823} INFO - Setting next_dagrun for crawl_crypto_prices to 2026-03-24 04:00:00+00:00, run_after=2026-03-24 05:00:00+00:00
[2026-03-24T04:33:17.831+0000] {processor.py:183} INFO - Processing /opt/airflow/dags/crawl_crypto_prices.py took 0.047 seconds
[2026-03-24T04:33:48.141+0000] {processor.py:161} INFO - Started process (PID=13181) to work on /opt/airflow/dags/crawl_crypto_prices.py
[2026-03-24T04:33:48.142+0000] {processor.py:830} INFO - Processing file /opt/airflow/dags/crawl_crypto_prices.py for tasks to queue
[2026-03-24T04:33:48.143+0000] {logging_mixin.py:188} INFO - [2026-03-24T04:33:48.142+0000] {dagbag.py:538} INFO - Filling up the DagBag from /opt/airflow/dags/crawl_crypto_prices.py
[2026-03-24T04:33:48.153+0000] {processor.py:840} INFO - DAG(s) 'crawl_crypto_prices' retrieved from /opt/airflow/dags/crawl_crypto_prices.py
[2026-03-24T04:33:48.172+0000] {logging_mixin.py:188} INFO - [2026-03-24T04:33:48.171+0000] {dag.py:3036} INFO - Sync 1 DAGs
[2026-03-24T04:33:48.182+0000] {logging_mixin.py:188} INFO - [2026-03-24T04:33:48.182+0000] {dag.py:3823} INFO - Setting next_dagrun for crawl_crypto_prices to 2026-03-24 04:00:00+00:00, run_after=2026-03-24 05:00:00+00:00
[2026-03-24T04:33:48.189+0000] {processor.py:183} INFO - Processing /opt/airflow/dags/crawl_crypto_prices.py took 0.051 seconds
[2026-03-24T04:34:18.468+0000] {processor.py:161} INFO - Started process (PID=13186) to work on /opt/airflow/dags/crawl_crypto_prices.py
[2026-03-24T04:34:18.469+0000] {processor.py:830} INFO - Processing file /opt/airflow/dags/crawl_crypto_prices.py for tasks to queue
[2026-03-24T04:34:18.470+0000] {logging_mixin.py:188} INFO - [2026-03-24T04:34:18.470+0000] {dagbag.py:538} INFO - Filling up the DagBag from /opt/airflow/dags/crawl_crypto_prices.py
[2026-03-24T04:34:18.482+0000] {processor.py:840} INFO - DAG(s) 'crawl_crypto_prices' retrieved from /opt/airflow/dags/crawl_crypto_prices.py
[2026-03-24T04:34:18.501+0000] {logging_mixin.py:188} INFO - [2026-03-24T04:34:18.500+0000] {dag.py:3036} INFO - Sync 1 DAGs
[2026-03-24T04:34:18.512+0000] {logging_mixin.py:188} INFO - [2026-03-24T04:34:18.511+0000] {dag.py:3823} INFO - Setting next_dagrun for crawl_crypto_prices to 2026-03-24 04:00:00+00:00, run_after=2026-03-24 05:00:00+00:00
[2026-03-24T04:34:18.518+0000] {processor.py:183} INFO - Processing /opt/airflow/dags/crawl_crypto_prices.py took 0.054 seconds
[2026-03-24T04:34:48.765+0000] {processor.py:161} INFO - Started process (PID=13191) to work on /opt/airflow/dags/crawl_crypto_prices.py
[2026-03-24T04:34:48.767+0000] {processor.py:830} INFO - Processing file /opt/airflow/dags/crawl_crypto_prices.py for tasks to queue
[2026-03-24T04:34:48.768+0000] {logging_mixin.py:188} INFO - [2026-03-24T04:34:48.768+0000] {dagbag.py:538} INFO - Filling up the DagBag from /opt/airflow/dags/crawl_crypto_prices.py
[2026-03-24T04:34:48.779+0000] {processor.py:840} INFO - DAG(s) 'crawl_crypto_prices' retrieved from /opt/airflow/dags/crawl_crypto_prices.py
[2026-03-24T04:34:48.795+0000] {logging_mixin.py:188} INFO - [2026-03-24T04:34:48.795+0000] {dag.py:3036} INFO - Sync 1 DAGs
[2026-03-24T04:34:48.806+0000] {logging_mixin.py:188} INFO - [2026-03-24T04:34:48.806+0000] {dag.py:3823} INFO - Setting next_dagrun for crawl_crypto_prices to 2026-03-24 04:00:00+00:00, run_after=2026-03-24 05:00:00+00:00
[2026-03-24T04:34:48.812+0000] {processor.py:183} INFO - Processing /opt/airflow/dags/crawl_crypto_prices.py took 0.051 seconds
[2026-03-24T04:35:19.053+0000] {processor.py:161} INFO - Started process (PID=13196) to work on /opt/airflow/dags/crawl_crypto_prices.py
[2026-03-24T04:35:19.054+0000] {processor.py:830} INFO - Processing file /opt/airflow/dags/crawl_crypto_prices.py for tasks to queue
[2026-03-24T04:35:19.054+0000] {logging_mixin.py:188} INFO - [2026-03-24T04:35:19.054+0000] {dagbag.py:538} INFO - Filling up the DagBag from /opt/airflow/dags/crawl_crypto_prices.py
[2026-03-24T04:35:19.066+0000] {processor.py:840} INFO - DAG(s) 'crawl_crypto_prices' retrieved from /opt/airflow/dags/crawl_crypto_prices.py
[2026-03-24T04:35:19.086+0000] {logging_mixin.py:188} INFO - [2026-03-24T04:35:19.086+0000] {dag.py:3036} INFO - Sync 1 DAGs
[2026-03-24T04:35:19.097+0000] {logging_mixin.py:188} INFO - [2026-03-24T04:35:19.097+0000] {dag.py:3823} INFO - Setting next_dagrun for crawl_crypto_prices to 2026-03-24 04:00:00+00:00, run_after=2026-03-24 05:00:00+00:00
[2026-03-24T04:35:19.103+0000] {processor.py:183} INFO - Processing /opt/airflow/dags/crawl_crypto_prices.py took 0.054 seconds
[2026-03-24T04:35:49.291+0000] {processor.py:161} INFO - Started process (PID=13201) to work on /opt/airflow/dags/crawl_crypto_prices.py
[2026-03-24T04:35:49.292+0000] {processor.py:830} INFO - Processing file /opt/airflow/dags/crawl_crypto_prices.py for tasks to queue
[2026-03-24T04:35:49.292+0000] {logging_mixin.py:188} INFO - [2026-03-24T04:35:49.292+0000] {dagbag.py:538} INFO - Filling up the DagBag from /opt/airflow/dags/crawl_crypto_prices.py
[2026-03-24T04:35:49.300+0000] {processor.py:840} INFO - DAG(s) 'crawl_crypto_prices' retrieved from /opt/airflow/dags/crawl_crypto_prices.py
[2026-03-24T04:35:49.314+0000] {logging_mixin.py:188} INFO - [2026-03-24T04:35:49.314+0000] {dag.py:3036} INFO - Sync 1 DAGs
[2026-03-24T04:35:49.324+0000] {logging_mixin.py:188} INFO - [2026-03-24T04:35:49.324+0000] {dag.py:3823} INFO - Setting next_dagrun for crawl_crypto_prices to 2026-03-24 04:00:00+00:00, run_after=2026-03-24 05:00:00+00:00
[2026-03-24T04:35:49.330+0000] {processor.py:183} INFO - Processing /opt/airflow/dags/crawl_crypto_prices.py took 0.041 seconds
[2026-03-24T04:36:19.575+0000] {processor.py:161} INFO - Started process (PID=13206) to work on /opt/airflow/dags/crawl_crypto_prices.py
[2026-03-24T04:36:19.576+0000] {processor.py:830} INFO - Processing file /opt/airflow/dags/crawl_crypto_prices.py for tasks to queue
[2026-03-24T04:36:19.577+0000] {logging_mixin.py:188} INFO - [2026-03-24T04:36:19.577+0000] {dagbag.py:538} INFO - Filling up the DagBag from /opt/airflow/dags/crawl_crypto_prices.py
[2026-03-24T04:36:19.591+0000] {processor.py:840} INFO - DAG(s) 'crawl_crypto_prices' retrieved from /opt/airflow/dags/crawl_crypto_prices.py
[2026-03-24T04:36:19.609+0000] {logging_mixin.py:188} INFO - [2026-03-24T04:36:19.609+0000] {dag.py:3036} INFO - Sync 1 DAGs
[2026-03-24T04:36:19.619+0000] {logging_mixin.py:188} INFO - [2026-03-24T04:36:19.619+0000] {dag.py:3823} INFO - Setting next_dagrun for crawl_crypto_prices to 2026-03-24 04:00:00+00:00, run_after=2026-03-24 05:00:00+00:00
[2026-03-24T04:36:19.626+0000] {processor.py:183} INFO - Processing /opt/airflow/dags/crawl_crypto_prices.py took 0.055 seconds
[2026-03-24T04:36:49.875+0000] {processor.py:161} INFO - Started process (PID=13211) to work on /opt/airflow/dags/crawl_crypto_prices.py
[2026-03-24T04:36:49.875+0000] {processor.py:830} INFO - Processing file /opt/airflow/dags/crawl_crypto_prices.py for tasks to queue
[2026-03-24T04:36:49.876+0000] {logging_mixin.py:188} INFO - [2026-03-24T04:36:49.876+0000] {dagbag.py:538} INFO - Filling up the DagBag from /opt/airflow/dags/crawl_crypto_prices.py
[2026-03-24T04:36:49.884+0000] {processor.py:840} INFO - DAG(s) 'crawl_crypto_prices' retrieved from /opt/airflow/dags/crawl_crypto_prices.py
[2026-03-24T04:36:49.902+0000] {logging_mixin.py:188} INFO - [2026-03-24T04:36:49.902+0000] {dag.py:3036} INFO - Sync 1 DAGs
[2026-03-24T04:36:49.913+0000] {logging_mixin.py:188} INFO - [2026-03-24T04:36:49.913+0000] {dag.py:3823} INFO - Setting next_dagrun for crawl_crypto_prices to 2026-03-24 04:00:00+00:00, run_after=2026-03-24 05:00:00+00:00
[2026-03-24T04:36:49.920+0000] {processor.py:183} INFO - Processing /opt/airflow/dags/crawl_crypto_prices.py took 0.048 seconds
[2026-03-24T04:37:20.168+0000] {processor.py:161} INFO - Started process (PID=13216) to work on /opt/airflow/dags/crawl_crypto_prices.py
[2026-03-24T04:37:20.168+0000] {processor.py:830} INFO - Processing file /opt/airflow/dags/crawl_crypto_prices.py for tasks to queue
[2026-03-24T04:37:20.169+0000] {logging_mixin.py:188} INFO - [2026-03-24T04:37:20.169+0000] {dagbag.py:538} INFO - Filling up the DagBag from /opt/airflow/dags/crawl_crypto_prices.py
[2026-03-24T04:37:20.177+0000] {processor.py:840} INFO - DAG(s) 'crawl_crypto_prices' retrieved from /opt/airflow/dags/crawl_crypto_prices.py
[2026-03-24T04:37:20.190+0000] {logging_mixin.py:188} INFO - [2026-03-24T04:37:20.190+0000] {dag.py:3036} INFO - Sync 1 DAGs
[2026-03-24T04:37:20.200+0000] {logging_mixin.py:188} INFO - [2026-03-24T04:37:20.200+0000] {dag.py:3823} INFO - Setting next_dagrun for crawl_crypto_prices to 2026-03-24 04:00:00+00:00, run_after=2026-03-24 05:00:00+00:00
[2026-03-24T04:37:20.207+0000] {processor.py:183} INFO - Processing /opt/airflow/dags/crawl_crypto_prices.py took 0.042 seconds
[2026-03-24T04:37:50.472+0000] {processor.py:161} INFO - Started process (PID=13221) to work on /opt/airflow/dags/crawl_crypto_prices.py
[2026-03-24T04:37:50.473+0000] {processor.py:830} INFO - Processing file /opt/airflow/dags/crawl_crypto_prices.py for tasks to queue
[2026-03-24T04:37:50.474+0000] {logging_mixin.py:188} INFO - [2026-03-24T04:37:50.473+0000] {dagbag.py:538} INFO - Filling up the DagBag from /opt/airflow/dags/crawl_crypto_prices.py
[2026-03-24T04:37:50.485+0000] {processor.py:840} INFO - DAG(s) 'crawl_crypto_prices' retrieved from /opt/airflow/dags/crawl_crypto_prices.py
[2026-03-24T04:37:50.503+0000] {logging_mixin.py:188} INFO - [2026-03-24T04:37:50.503+0000] {dag.py:3036} INFO - Sync 1 DAGs
[2026-03-24T04:37:50.514+0000] {logging_mixin.py:188} INFO - [2026-03-24T04:37:50.514+0000] {dag.py:3823} INFO - Setting next_dagrun for crawl_crypto_prices to 2026-03-24 04:00:00+00:00, run_after=2026-03-24 05:00:00+00:00
[2026-03-24T04:37:50.520+0000] {processor.py:183} INFO - Processing /opt/airflow/dags/crawl_crypto_prices.py took 0.050 seconds
[2026-03-24T04:38:20.782+0000] {processor.py:161} INFO - Started process (PID=13226) to work on /opt/airflow/dags/crawl_crypto_prices.py
[2026-03-24T04:38:20.784+0000] {processor.py:830} INFO - Processing file /opt/airflow/dags/crawl_crypto_prices.py for tasks to queue
[2026-03-24T04:38:20.785+0000] {logging_mixin.py:188} INFO - [2026-03-24T04:38:20.784+0000] {dagbag.py:538} INFO - Filling up the DagBag from /opt/airflow/dags/crawl_crypto_prices.py
[2026-03-24T04:38:20.796+0000] {processor.py:840} INFO - DAG(s) 'crawl_crypto_prices' retrieved from /opt/airflow/dags/crawl_crypto_prices.py
[2026-03-24T04:38:20.813+0000] {logging_mixin.py:188} INFO - [2026-03-24T04:38:20.813+0000] {dag.py:3036} INFO - Sync 1 DAGs
[2026-03-24T04:38:20.823+0000] {logging_mixin.py:188} INFO - [2026-03-24T04:38:20.823+0000] {dag.py:3823} INFO - Setting next_dagrun for crawl_crypto_prices to 2026-03-24 04:00:00+00:00, run_after=2026-03-24 05:00:00+00:00
[2026-03-24T04:38:20.829+0000] {processor.py:183} INFO - Processing /opt/airflow/dags/crawl_crypto_prices.py took 0.050 seconds
[2026-03-24T04:38:51.093+0000] {processor.py:161} INFO - Started process (PID=13231) to work on /opt/airflow/dags/crawl_crypto_prices.py
[2026-03-24T04:38:51.094+0000] {processor.py:830} INFO - Processing file /opt/airflow/dags/crawl_crypto_prices.py for tasks to queue
[2026-03-24T04:38:51.094+0000] {logging_mixin.py:188} INFO - [2026-03-24T04:38:51.094+0000] {dagbag.py:538} INFO - Filling up the DagBag from /opt/airflow/dags/crawl_crypto_prices.py
[2026-03-24T04:38:51.105+0000] {processor.py:840} INFO - DAG(s) 'crawl_crypto_prices' retrieved from /opt/airflow/dags/crawl_crypto_prices.py
[2026-03-24T04:38:51.124+0000] {logging_mixin.py:188} INFO - [2026-03-24T04:38:51.123+0000] {dag.py:3036} INFO - Sync 1 DAGs
[2026-03-24T04:38:51.133+0000] {logging_mixin.py:188} INFO - [2026-03-24T04:38:51.133+0000] {dag.py:3823} INFO - Setting next_dagrun for crawl_crypto_prices to 2026-03-24 04:00:00+00:00, run_after=2026-03-24 05:00:00+00:00
[2026-03-24T04:38:51.140+0000] {processor.py:183} INFO - Processing /opt/airflow/dags/crawl_crypto_prices.py took 0.050 seconds
[2026-03-24T04:39:21.430+0000] {processor.py:161} INFO - Started process (PID=13236) to work on /opt/airflow/dags/crawl_crypto_prices.py
[2026-03-24T04:39:21.431+0000] {processor.py:830} INFO - Processing file /opt/airflow/dags/crawl_crypto_prices.py for tasks to queue
[2026-03-24T04:39:21.432+0000] {logging_mixin.py:188} INFO - [2026-03-24T04:39:21.432+0000] {dagbag.py:538} INFO - Filling up the DagBag from /opt/airflow/dags/crawl_crypto_prices.py
[2026-03-24T04:39:21.448+0000] {processor.py:840} INFO - DAG(s) 'crawl_crypto_prices' retrieved from /opt/airflow/dags/crawl_crypto_prices.py
[2026-03-24T04:39:21.470+0000] {logging_mixin.py:188} INFO - [2026-03-24T04:39:21.470+0000] {dag.py:3036} INFO - Sync 1 DAGs
[2026-03-24T04:39:21.482+0000] {logging_mixin.py:188} INFO - [2026-03-24T04:39:21.481+0000] {dag.py:3823} INFO - Setting next_dagrun for crawl_crypto_prices to 2026-03-24 04:00:00+00:00, run_after=2026-03-24 05:00:00+00:00
[2026-03-24T04:39:21.488+0000] {processor.py:183} INFO - Processing /opt/airflow/dags/crawl_crypto_prices.py took 0.062 seconds
[2026-03-24T04:44:15.422+0000] {processor.py:161} INFO - Started process (PID=13241) to work on /opt/airflow/dags/crawl_crypto_prices.py
[2026-03-24T04:44:15.423+0000] {processor.py:830} INFO - Processing file /opt/airflow/dags/crawl_crypto_prices.py for tasks to queue
[2026-03-24T04:44:15.423+0000] {logging_mixin.py:188} INFO - [2026-03-24T04:44:15.423+0000] {dagbag.py:538} INFO - Filling up the DagBag from /opt/airflow/dags/crawl_crypto_prices.py
[2026-03-24T04:44:15.433+0000] {processor.py:840} INFO - DAG(s) 'crawl_crypto_prices' retrieved from /opt/airflow/dags/crawl_crypto_prices.py
[2026-03-24T04:44:15.452+0000] {logging_mixin.py:188} INFO - [2026-03-24T04:44:15.452+0000] {dag.py:3036} INFO - Sync 1 DAGs
[2026-03-24T04:44:15.461+0000] {logging_mixin.py:188} INFO - [2026-03-24T04:44:15.461+0000] {dag.py:3823} INFO - Setting next_dagrun for crawl_crypto_prices to 2026-03-24 04:00:00+00:00, run_after=2026-03-24 05:00:00+00:00
[2026-03-24T04:44:15.468+0000] {processor.py:183} INFO - Processing /opt/airflow/dags/crawl_crypto_prices.py took 0.050 seconds
[2026-03-24T04:44:45.785+0000] {processor.py:161} INFO - Started process (PID=13248) to work on /opt/airflow/dags/crawl_crypto_prices.py
[2026-03-24T04:44:45.787+0000] {processor.py:830} INFO - Processing file /opt/airflow/dags/crawl_crypto_prices.py for tasks to queue
[2026-03-24T04:44:45.788+0000] {logging_mixin.py:188} INFO - [2026-03-24T04:44:45.787+0000] {dagbag.py:538} INFO - Filling up the DagBag from /opt/airflow/dags/crawl_crypto_prices.py
[2026-03-24T04:44:45.799+0000] {processor.py:840} INFO - DAG(s) 'crawl_crypto_prices' retrieved from /opt/airflow/dags/crawl_crypto_prices.py
[2026-03-24T04:44:45.817+0000] {logging_mixin.py:188} INFO - [2026-03-24T04:44:45.817+0000] {dag.py:3036} INFO - Sync 1 DAGs
[2026-03-24T04:44:45.827+0000] {logging_mixin.py:188} INFO - [2026-03-24T04:44:45.827+0000] {dag.py:3823} INFO - Setting next_dagrun for crawl_crypto_prices to 2026-03-24 04:00:00+00:00, run_after=2026-03-24 05:00:00+00:00
[2026-03-24T04:44:45.833+0000] {processor.py:183} INFO - Processing /opt/airflow/dags/crawl_crypto_prices.py took 0.051 seconds
[2026-03-24T04:45:16.127+0000] {processor.py:161} INFO - Started process (PID=13253) to work on /opt/airflow/dags/crawl_crypto_prices.py
[2026-03-24T04:45:16.128+0000] {processor.py:830} INFO - Processing file /opt/airflow/dags/crawl_crypto_prices.py for tasks to queue
[2026-03-24T04:45:16.129+0000] {logging_mixin.py:188} INFO - [2026-03-24T04:45:16.129+0000] {dagbag.py:538} INFO - Filling up the DagBag from /opt/airflow/dags/crawl_crypto_prices.py
[2026-03-24T04:45:16.144+0000] {processor.py:840} INFO - DAG(s) 'crawl_crypto_prices' retrieved from /opt/airflow/dags/crawl_crypto_prices.py
[2026-03-24T04:45:16.163+0000] {logging_mixin.py:188} INFO - [2026-03-24T04:45:16.163+0000] {dag.py:3036} INFO - Sync 1 DAGs
[2026-03-24T04:45:16.174+0000] {logging_mixin.py:188} INFO - [2026-03-24T04:45:16.174+0000] {dag.py:3823} INFO - Setting next_dagrun for crawl_crypto_prices to 2026-03-24 04:00:00+00:00, run_after=2026-03-24 05:00:00+00:00
[2026-03-24T04:45:16.180+0000] {processor.py:183} INFO - Processing /opt/airflow/dags/crawl_crypto_prices.py took 0.057 seconds
[2026-03-24T04:45:46.434+0000] {processor.py:161} INFO - Started process (PID=13258) to work on /opt/airflow/dags/crawl_crypto_prices.py
[2026-03-24T04:45:46.435+0000] {processor.py:830} INFO - Processing file /opt/airflow/dags/crawl_crypto_prices.py for tasks to queue
[2026-03-24T04:45:46.435+0000] {logging_mixin.py:188} INFO - [2026-03-24T04:45:46.435+0000] {dagbag.py:538} INFO - Filling up the DagBag from /opt/airflow/dags/crawl_crypto_prices.py
[2026-03-24T04:45:46.446+0000] {processor.py:840} INFO - DAG(s) 'crawl_crypto_prices' retrieved from /opt/airflow/dags/crawl_crypto_prices.py
[2026-03-24T04:45:46.464+0000] {logging_mixin.py:188} INFO - [2026-03-24T04:45:46.463+0000] {dag.py:3036} INFO - Sync 1 DAGs
[2026-03-24T04:45:46.473+0000] {logging_mixin.py:188} INFO - [2026-03-24T04:45:46.473+0000] {dag.py:3823} INFO - Setting next_dagrun for crawl_crypto_prices to 2026-03-24 04:00:00+00:00, run_after=2026-03-24 05:00:00+00:00
[2026-03-24T04:45:46.480+0000] {processor.py:183} INFO - Processing /opt/airflow/dags/crawl_crypto_prices.py took 0.049 seconds
[2026-03-24T04:46:16.765+0000] {processor.py:161} INFO - Started process (PID=13263) to work on /opt/airflow/dags/crawl_crypto_prices.py
[2026-03-24T04:46:16.766+0000] {processor.py:830} INFO - Processing file /opt/airflow/dags/crawl_crypto_prices.py for tasks to queue
[2026-03-24T04:46:16.767+0000] {logging_mixin.py:188} INFO - [2026-03-24T04:46:16.766+0000] {dagbag.py:538} INFO - Filling up the DagBag from /opt/airflow/dags/crawl_crypto_prices.py
[2026-03-24T04:46:16.778+0000] {processor.py:840} INFO - DAG(s) 'crawl_crypto_prices' retrieved from /opt/airflow/dags/crawl_crypto_prices.py
[2026-03-24T04:46:16.793+0000] {logging_mixin.py:188} INFO - [2026-03-24T04:46:16.793+0000] {dag.py:3036} INFO - Sync 1 DAGs
[2026-03-24T04:46:16.803+0000] {logging_mixin.py:188} INFO - [2026-03-24T04:46:16.803+0000] {dag.py:3823} INFO - Setting next_dagrun for crawl_crypto_prices to 2026-03-24 04:00:00+00:00, run_after=2026-03-24 05:00:00+00:00
[2026-03-24T04:46:16.810+0000] {processor.py:183} INFO - Processing /opt/airflow/dags/crawl_crypto_prices.py took 0.048 seconds
[2026-03-24T04:46:47.050+0000] {processor.py:161} INFO - Started process (PID=13268) to work on /opt/airflow/dags/crawl_crypto_prices.py
[2026-03-24T04:46:47.050+0000] {processor.py:830} INFO - Processing file /opt/airflow/dags/crawl_crypto_prices.py for tasks to queue
[2026-03-24T04:46:47.051+0000] {logging_mixin.py:188} INFO - [2026-03-24T04:46:47.051+0000] {dagbag.py:538} INFO - Filling up the DagBag from /opt/airflow/dags/crawl_crypto_prices.py
[2026-03-24T04:46:47.059+0000] {processor.py:840} INFO - DAG(s) 'crawl_crypto_prices' retrieved from /opt/airflow/dags/crawl_crypto_prices.py
[2026-03-24T04:46:47.075+0000] {logging_mixin.py:188} INFO - [2026-03-24T04:46:47.075+0000] {dag.py:3036} INFO - Sync 1 DAGs
[2026-03-24T04:46:47.085+0000] {logging_mixin.py:188} INFO - [2026-03-24T04:46:47.085+0000] {dag.py:3823} INFO - Setting next_dagrun for crawl_crypto_prices to 2026-03-24 04:00:00+00:00, run_after=2026-03-24 05:00:00+00:00
[2026-03-24T04:46:47.093+0000] {processor.py:183} INFO - Processing /opt/airflow/dags/crawl_crypto_prices.py took 0.045 seconds
[2026-03-24T04:47:17.400+0000] {processor.py:161} INFO - Started process (PID=13273) to work on /opt/airflow/dags/crawl_crypto_prices.py
[2026-03-24T04:47:17.401+0000] {processor.py:830} INFO - Processing file /opt/airflow/dags/crawl_crypto_prices.py for tasks to queue
[2026-03-24T04:47:17.402+0000] {logging_mixin.py:188} INFO - [2026-03-24T04:47:17.402+0000] {dagbag.py:538} INFO - Filling up the DagBag from /opt/airflow/dags/crawl_crypto_prices.py
[2026-03-24T04:47:17.413+0000] {processor.py:840} INFO - DAG(s) 'crawl_crypto_prices' retrieved from /opt/airflow/dags/crawl_crypto_prices.py
[2026-03-24T04:47:17.431+0000] {logging_mixin.py:188} INFO - [2026-03-24T04:47:17.431+0000] {dag.py:3036} INFO - Sync 1 DAGs
[2026-03-24T04:47:17.441+0000] {logging_mixin.py:188} INFO - [2026-03-24T04:47:17.440+0000] {dag.py:3823} INFO - Setting next_dagrun for crawl_crypto_prices to 2026-03-24 04:00:00+00:00, run_after=2026-03-24 05:00:00+00:00
[2026-03-24T04:47:17.447+0000] {processor.py:183} INFO - Processing /opt/airflow/dags/crawl_crypto_prices.py took 0.050 seconds
[2026-03-24T04:47:47.741+0000] {processor.py:161} INFO - Started process (PID=13278) to work on /opt/airflow/dags/crawl_crypto_prices.py
[2026-03-24T04:47:47.742+0000] {processor.py:830} INFO - Processing file /opt/airflow/dags/crawl_crypto_prices.py for tasks to queue
[2026-03-24T04:47:47.742+0000] {logging_mixin.py:188} INFO - [2026-03-24T04:47:47.742+0000] {dagbag.py:538} INFO - Filling up the DagBag from /opt/airflow/dags/crawl_crypto_prices.py
[2026-03-24T04:47:47.749+0000] {processor.py:840} INFO - DAG(s) 'crawl_crypto_prices' retrieved from /opt/airflow/dags/crawl_crypto_prices.py
[2026-03-24T04:47:47.760+0000] {logging_mixin.py:188} INFO - [2026-03-24T04:47:47.759+0000] {dag.py:3036} INFO - Sync 1 DAGs
[2026-03-24T04:47:47.767+0000] {logging_mixin.py:188} INFO - [2026-03-24T04:47:47.767+0000] {dag.py:3823} INFO - Setting next_dagrun for crawl_crypto_prices to 2026-03-24 04:00:00+00:00, run_after=2026-03-24 05:00:00+00:00
[2026-03-24T04:47:47.773+0000] {processor.py:183} INFO - Processing /opt/airflow/dags/crawl_crypto_prices.py took 0.033 seconds
[2026-03-24T04:48:18.063+0000] {processor.py:161} INFO - Started process (PID=13283) to work on /opt/airflow/dags/crawl_crypto_prices.py
[2026-03-24T04:48:18.064+0000] {processor.py:830} INFO - Processing file /opt/airflow/dags/crawl_crypto_prices.py for tasks to queue
[2026-03-24T04:48:18.065+0000] {logging_mixin.py:188} INFO - [2026-03-24T04:48:18.064+0000] {dagbag.py:538} INFO - Filling up the DagBag from /opt/airflow/dags/crawl_crypto_prices.py
[2026-03-24T04:48:18.078+0000] {processor.py:840} INFO - DAG(s) 'crawl_crypto_prices' retrieved from /opt/airflow/dags/crawl_crypto_prices.py
[2026-03-24T04:48:18.094+0000] {logging_mixin.py:188} INFO - [2026-03-24T04:48:18.094+0000] {dag.py:3036} INFO - Sync 1 DAGs
[2026-03-24T04:48:18.107+0000] {logging_mixin.py:188} INFO - [2026-03-24T04:48:18.106+0000] {dag.py:3823} INFO - Setting next_dagrun for crawl_crypto_prices to 2026-03-24 04:00:00+00:00, run_after=2026-03-24 05:00:00+00:00
[2026-03-24T04:48:18.114+0000] {processor.py:183} INFO - Processing /opt/airflow/dags/crawl_crypto_prices.py took 0.055 seconds
[2026-03-24T04:48:48.369+0000] {processor.py:161} INFO - Started process (PID=13288) to work on /opt/airflow/dags/crawl_crypto_prices.py
[2026-03-24T04:48:48.370+0000] {processor.py:830} INFO - Processing file /opt/airflow/dags/crawl_crypto_prices.py for tasks to queue
[2026-03-24T04:48:48.370+0000] {logging_mixin.py:188} INFO - [2026-03-24T04:48:48.370+0000] {dagbag.py:538} INFO - Filling up the DagBag from /opt/airflow/dags/crawl_crypto_prices.py
[2026-03-24T04:48:48.382+0000] {processor.py:840} INFO - DAG(s) 'crawl_crypto_prices' retrieved from /opt/airflow/dags/crawl_crypto_prices.py
[2026-03-24T04:48:48.402+0000] {logging_mixin.py:188} INFO - [2026-03-24T04:48:48.402+0000] {dag.py:3036} INFO - Sync 1 DAGs
[2026-03-24T04:48:48.413+0000] {logging_mixin.py:188} INFO - [2026-03-24T04:48:48.412+0000] {dag.py:3823} INFO - Setting next_dagrun for crawl_crypto_prices to 2026-03-24 04:00:00+00:00, run_after=2026-03-24 05:00:00+00:00
[2026-03-24T04:48:48.421+0000] {processor.py:183} INFO - Processing /opt/airflow/dags/crawl_crypto_prices.py took 0.056 seconds
[2026-03-24T04:49:18.683+0000] {processor.py:161} INFO - Started process (PID=13293) to work on /opt/airflow/dags/crawl_crypto_prices.py
[2026-03-24T04:49:18.683+0000] {processor.py:830} INFO - Processing file /opt/airflow/dags/crawl_crypto_prices.py for tasks to queue
[2026-03-24T04:49:18.684+0000] {logging_mixin.py:188} INFO - [2026-03-24T04:49:18.684+0000] {dagbag.py:538} INFO - Filling up the DagBag from /opt/airflow/dags/crawl_crypto_prices.py
[2026-03-24T04:49:18.695+0000] {processor.py:840} INFO - DAG(s) 'crawl_crypto_prices' retrieved from /opt/airflow/dags/crawl_crypto_prices.py
[2026-03-24T04:49:18.713+0000] {logging_mixin.py:188} INFO - [2026-03-24T04:49:18.713+0000] {dag.py:3036} INFO - Sync 1 DAGs
[2026-03-24T04:49:18.722+0000] {logging_mixin.py:188} INFO - [2026-03-24T04:49:18.722+0000] {dag.py:3823} INFO - Setting next_dagrun for crawl_crypto_prices to 2026-03-24 04:00:00+00:00, run_after=2026-03-24 05:00:00+00:00
[2026-03-24T04:49:18.729+0000] {processor.py:183} INFO - Processing /opt/airflow/dags/crawl_crypto_prices.py took 0.049 seconds
[2026-03-24T04:49:48.983+0000] {processor.py:161} INFO - Started process (PID=13298) to work on /opt/airflow/dags/crawl_crypto_prices.py
[2026-03-24T04:49:48.984+0000] {processor.py:830} INFO - Processing file /opt/airflow/dags/crawl_crypto_prices.py for tasks to queue
[2026-03-24T04:49:48.985+0000] {logging_mixin.py:188} INFO - [2026-03-24T04:49:48.984+0000] {dagbag.py:538} INFO - Filling up the DagBag from /opt/airflow/dags/crawl_crypto_prices.py
[2026-03-24T04:49:48.995+0000] {processor.py:840} INFO - DAG(s) 'crawl_crypto_prices' retrieved from /opt/airflow/dags/crawl_crypto_prices.py
[2026-03-24T04:49:49.012+0000] {logging_mixin.py:188} INFO - [2026-03-24T04:49:49.012+0000] {dag.py:3036} INFO - Sync 1 DAGs
[2026-03-24T04:49:49.021+0000] {logging_mixin.py:188} INFO - [2026-03-24T04:49:49.021+0000] {dag.py:3823} INFO - Setting next_dagrun for crawl_crypto_prices to 2026-03-24 04:00:00+00:00, run_after=2026-03-24 05:00:00+00:00
[2026-03-24T04:49:49.028+0000] {processor.py:183} INFO - Processing /opt/airflow/dags/crawl_crypto_prices.py took 0.048 seconds
[2026-03-24T04:50:19.279+0000] {processor.py:161} INFO - Started process (PID=13303) to work on /opt/airflow/dags/crawl_crypto_prices.py
[2026-03-24T04:50:19.280+0000] {processor.py:830} INFO - Processing file /opt/airflow/dags/crawl_crypto_prices.py for tasks to queue
[2026-03-24T04:50:19.281+0000] {logging_mixin.py:188} INFO - [2026-03-24T04:50:19.280+0000] {dagbag.py:538} INFO - Filling up the DagBag from /opt/airflow/dags/crawl_crypto_prices.py
[2026-03-24T04:50:19.291+0000] {processor.py:840} INFO - DAG(s) 'crawl_crypto_prices' retrieved from /opt/airflow/dags/crawl_crypto_prices.py
[2026-03-24T04:50:19.309+0000] {logging_mixin.py:188} INFO - [2026-03-24T04:50:19.309+0000] {dag.py:3036} INFO - Sync 1 DAGs
[2026-03-24T04:50:19.318+0000] {logging_mixin.py:188} INFO - [2026-03-24T04:50:19.318+0000] {dag.py:3823} INFO - Setting next_dagrun for crawl_crypto_prices to 2026-03-24 04:00:00+00:00, run_after=2026-03-24 05:00:00+00:00
[2026-03-24T04:50:19.324+0000] {processor.py:183} INFO - Processing /opt/airflow/dags/crawl_crypto_prices.py took 0.048 seconds
[2026-03-24T04:50:49.595+0000] {processor.py:161} INFO - Started process (PID=13308) to work on /opt/airflow/dags/crawl_crypto_prices.py
[2026-03-24T04:50:49.596+0000] {processor.py:830} INFO - Processing file /opt/airflow/dags/crawl_crypto_prices.py for tasks to queue
[2026-03-24T04:50:49.597+0000] {logging_mixin.py:188} INFO - [2026-03-24T04:50:49.596+0000] {dagbag.py:538} INFO - Filling up the DagBag from /opt/airflow/dags/crawl_crypto_prices.py
[2026-03-24T04:50:49.608+0000] {processor.py:840} INFO - DAG(s) 'crawl_crypto_prices' retrieved from /opt/airflow/dags/crawl_crypto_prices.py
[2026-03-24T04:50:49.627+0000] {logging_mixin.py:188} INFO - [2026-03-24T04:50:49.627+0000] {dag.py:3036} INFO - Sync 1 DAGs
[2026-03-24T04:50:49.637+0000] {logging_mixin.py:188} INFO - [2026-03-24T04:50:49.637+0000] {dag.py:3823} INFO - Setting next_dagrun for crawl_crypto_prices to 2026-03-24 04:00:00+00:00, run_after=2026-03-24 05:00:00+00:00
[2026-03-24T04:50:49.645+0000] {processor.py:183} INFO - Processing /opt/airflow/dags/crawl_crypto_prices.py took 0.053 seconds
[2026-03-24T04:52:00.841+0000] {processor.py:161} INFO - Started process (PID=13315) to work on /opt/airflow/dags/crawl_crypto_prices.py
[2026-03-24T04:52:00.842+0000] {processor.py:830} INFO - Processing file /opt/airflow/dags/crawl_crypto_prices.py for tasks to queue
[2026-03-24T04:52:00.843+0000] {logging_mixin.py:188} INFO - [2026-03-24T04:52:00.843+0000] {dagbag.py:538} INFO - Filling up the DagBag from /opt/airflow/dags/crawl_crypto_prices.py
[2026-03-24T04:52:00.852+0000] {processor.py:840} INFO - DAG(s) 'crawl_crypto_prices' retrieved from /opt/airflow/dags/crawl_crypto_prices.py
[2026-03-24T04:52:00.870+0000] {logging_mixin.py:188} INFO - [2026-03-24T04:52:00.870+0000] {dag.py:3036} INFO - Sync 1 DAGs
[2026-03-24T04:52:00.879+0000] {logging_mixin.py:188} INFO - [2026-03-24T04:52:00.879+0000] {dag.py:3823} INFO - Setting next_dagrun for crawl_crypto_prices to 2026-03-24 04:00:00+00:00, run_after=2026-03-24 05:00:00+00:00
[2026-03-24T04:52:00.885+0000] {processor.py:183} INFO - Processing /opt/airflow/dags/crawl_crypto_prices.py took 0.049 seconds
[2026-03-24T04:52:31.119+0000] {processor.py:161} INFO - Started process (PID=13320) to work on /opt/airflow/dags/crawl_crypto_prices.py
[2026-03-24T04:52:31.120+0000] {processor.py:830} INFO - Processing file /opt/airflow/dags/crawl_crypto_prices.py for tasks to queue
[2026-03-24T04:52:31.120+0000] {logging_mixin.py:188} INFO - [2026-03-24T04:52:31.120+0000] {dagbag.py:538} INFO - Filling up the DagBag from /opt/airflow/dags/crawl_crypto_prices.py
[2026-03-24T04:52:31.134+0000] {processor.py:840} INFO - DAG(s) 'crawl_crypto_prices' retrieved from /opt/airflow/dags/crawl_crypto_prices.py
[2026-03-24T04:52:31.159+0000] {logging_mixin.py:188} INFO - [2026-03-24T04:52:31.159+0000] {dag.py:3036} INFO - Sync 1 DAGs
[2026-03-24T04:52:31.171+0000] {logging_mixin.py:188} INFO - [2026-03-24T04:52:31.171+0000] {dag.py:3823} INFO - Setting next_dagrun for crawl_crypto_prices to 2026-03-24 04:00:00+00:00, run_after=2026-03-24 05:00:00+00:00
[2026-03-24T04:52:31.178+0000] {processor.py:183} INFO - Processing /opt/airflow/dags/crawl_crypto_prices.py took 0.063 seconds
[2026-03-24T04:53:01.448+0000] {processor.py:161} INFO - Started process (PID=13325) to work on /opt/airflow/dags/crawl_crypto_prices.py
[2026-03-24T04:53:01.449+0000] {processor.py:830} INFO - Processing file /opt/airflow/dags/crawl_crypto_prices.py for tasks to queue
[2026-03-24T04:53:01.450+0000] {logging_mixin.py:188} INFO - [2026-03-24T04:53:01.449+0000] {dagbag.py:538} INFO - Filling up the DagBag from /opt/airflow/dags/crawl_crypto_prices.py
[2026-03-24T04:53:01.460+0000] {processor.py:840} INFO - DAG(s) 'crawl_crypto_prices' retrieved from /opt/airflow/dags/crawl_crypto_prices.py
[2026-03-24T04:53:01.479+0000] {logging_mixin.py:188} INFO - [2026-03-24T04:53:01.479+0000] {dag.py:3036} INFO - Sync 1 DAGs
[2026-03-24T04:53:01.492+0000] {logging_mixin.py:188} INFO - [2026-03-24T04:53:01.492+0000] {dag.py:3823} INFO - Setting next_dagrun for crawl_crypto_prices to 2026-03-24 04:00:00+00:00, run_after=2026-03-24 05:00:00+00:00
[2026-03-24T04:53:01.498+0000] {processor.py:183} INFO - Processing /opt/airflow/dags/crawl_crypto_prices.py took 0.054 seconds
[2026-03-24T04:53:31.767+0000] {processor.py:161} INFO - Started process (PID=13330) to work on /opt/airflow/dags/crawl_crypto_prices.py
[2026-03-24T04:53:31.768+0000] {processor.py:830} INFO - Processing file /opt/airflow/dags/crawl_crypto_prices.py for tasks to queue
[2026-03-24T04:53:31.769+0000] {logging_mixin.py:188} INFO - [2026-03-24T04:53:31.769+0000] {dagbag.py:538} INFO - Filling up the DagBag from /opt/airflow/dags/crawl_crypto_prices.py
[2026-03-24T04:53:31.780+0000] {processor.py:840} INFO - DAG(s) 'crawl_crypto_prices' retrieved from /opt/airflow/dags/crawl_crypto_prices.py
[2026-03-24T04:53:31.798+0000] {logging_mixin.py:188} INFO - [2026-03-24T04:53:31.798+0000] {dag.py:3036} INFO - Sync 1 DAGs
[2026-03-24T04:53:31.808+0000] {logging_mixin.py:188} INFO - [2026-03-24T04:53:31.808+0000] {dag.py:3823} INFO - Setting next_dagrun for crawl_crypto_prices to 2026-03-24 04:00:00+00:00, run_after=2026-03-24 05:00:00+00:00
[2026-03-24T04:53:31.815+0000] {processor.py:183} INFO - Processing /opt/airflow/dags/crawl_crypto_prices.py took 0.051 seconds
[2026-03-24T04:54:02.108+0000] {processor.py:161} INFO - Started process (PID=13335) to work on /opt/airflow/dags/crawl_crypto_prices.py
[2026-03-24T04:54:02.109+0000] {processor.py:830} INFO - Processing file /opt/airflow/dags/crawl_crypto_prices.py for tasks to queue
[2026-03-24T04:54:02.109+0000] {logging_mixin.py:188} INFO - [2026-03-24T04:54:02.109+0000] {dagbag.py:538} INFO - Filling up the DagBag from /opt/airflow/dags/crawl_crypto_prices.py
[2026-03-24T04:54:02.121+0000] {processor.py:840} INFO - DAG(s) 'crawl_crypto_prices' retrieved from /opt/airflow/dags/crawl_crypto_prices.py
[2026-03-24T04:54:02.141+0000] {logging_mixin.py:188} INFO - [2026-03-24T04:54:02.141+0000] {dag.py:3036} INFO - Sync 1 DAGs
[2026-03-24T04:54:02.150+0000] {logging_mixin.py:188} INFO - [2026-03-24T04:54:02.150+0000] {dag.py:3823} INFO - Setting next_dagrun for crawl_crypto_prices to 2026-03-24 04:00:00+00:00, run_after=2026-03-24 05:00:00+00:00
[2026-03-24T04:54:02.157+0000] {processor.py:183} INFO - Processing /opt/airflow/dags/crawl_crypto_prices.py took 0.052 seconds
[2026-03-24T04:54:32.442+0000] {processor.py:161} INFO - Started process (PID=13340) to work on /opt/airflow/dags/crawl_crypto_prices.py
[2026-03-24T04:54:32.443+0000] {processor.py:830} INFO - Processing file /opt/airflow/dags/crawl_crypto_prices.py for tasks to queue
[2026-03-24T04:54:32.443+0000] {logging_mixin.py:188} INFO - [2026-03-24T04:54:32.443+0000] {dagbag.py:538} INFO - Filling up the DagBag from /opt/airflow/dags/crawl_crypto_prices.py
[2026-03-24T04:54:32.454+0000] {processor.py:840} INFO - DAG(s) 'crawl_crypto_prices' retrieved from /opt/airflow/dags/crawl_crypto_prices.py
[2026-03-24T04:54:32.470+0000] {logging_mixin.py:188} INFO - [2026-03-24T04:54:32.470+0000] {dag.py:3036} INFO - Sync 1 DAGs
[2026-03-24T04:54:32.479+0000] {logging_mixin.py:188} INFO - [2026-03-24T04:54:32.479+0000] {dag.py:3823} INFO - Setting next_dagrun for crawl_crypto_prices to 2026-03-24 04:00:00+00:00, run_after=2026-03-24 05:00:00+00:00
[2026-03-24T04:54:32.486+0000] {processor.py:183} INFO - Processing /opt/airflow/dags/crawl_crypto_prices.py took 0.047 seconds
[2026-03-24T04:55:02.776+0000] {processor.py:161} INFO - Started process (PID=13345) to work on /opt/airflow/dags/crawl_crypto_prices.py
[2026-03-24T04:55:02.777+0000] {processor.py:830} INFO - Processing file /opt/airflow/dags/crawl_crypto_prices.py for tasks to queue
[2026-03-24T04:55:02.778+0000] {logging_mixin.py:188} INFO - [2026-03-24T04:55:02.777+0000] {dagbag.py:538} INFO - Filling up the DagBag from /opt/airflow/dags/crawl_crypto_prices.py
[2026-03-24T04:55:02.789+0000] {processor.py:840} INFO - DAG(s) 'crawl_crypto_prices' retrieved from /opt/airflow/dags/crawl_crypto_prices.py
[2026-03-24T04:55:02.806+0000] {logging_mixin.py:188} INFO - [2026-03-24T04:55:02.806+0000] {dag.py:3036} INFO - Sync 1 DAGs
[2026-03-24T04:55:02.817+0000] {logging_mixin.py:188} INFO - [2026-03-24T04:55:02.817+0000] {dag.py:3823} INFO - Setting next_dagrun for crawl_crypto_prices to 2026-03-24 04:00:00+00:00, run_after=2026-03-24 05:00:00+00:00
[2026-03-24T04:55:02.823+0000] {processor.py:183} INFO - Processing /opt/airflow/dags/crawl_crypto_prices.py took 0.050 seconds
[2026-03-24T04:55:33.112+0000] {processor.py:161} INFO - Started process (PID=13350) to work on /opt/airflow/dags/crawl_crypto_prices.py
[2026-03-24T04:55:33.113+0000] {processor.py:830} INFO - Processing file /opt/airflow/dags/crawl_crypto_prices.py for tasks to queue
[2026-03-24T04:55:33.114+0000] {logging_mixin.py:188} INFO - [2026-03-24T04:55:33.113+0000] {dagbag.py:538} INFO - Filling up the DagBag from /opt/airflow/dags/crawl_crypto_prices.py
[2026-03-24T04:55:33.124+0000] {processor.py:840} INFO - DAG(s) 'crawl_crypto_prices' retrieved from /opt/airflow/dags/crawl_crypto_prices.py
[2026-03-24T04:55:33.147+0000] {logging_mixin.py:188} INFO - [2026-03-24T04:55:33.147+0000] {dag.py:3036} INFO - Sync 1 DAGs
[2026-03-24T04:55:33.159+0000] {logging_mixin.py:188} INFO - [2026-03-24T04:55:33.159+0000] {dag.py:3823} INFO - Setting next_dagrun for crawl_crypto_prices to 2026-03-24 04:00:00+00:00, run_after=2026-03-24 05:00:00+00:00
[2026-03-24T04:55:33.165+0000] {processor.py:183} INFO - Processing /opt/airflow/dags/crawl_crypto_prices.py took 0.057 seconds
[2026-03-24T04:56:03.433+0000] {processor.py:161} INFO - Started process (PID=13355) to work on /opt/airflow/dags/crawl_crypto_prices.py
[2026-03-24T04:56:03.434+0000] {processor.py:830} INFO - Processing file /opt/airflow/dags/crawl_crypto_prices.py for tasks to queue
[2026-03-24T04:56:03.434+0000] {logging_mixin.py:188} INFO - [2026-03-24T04:56:03.434+0000] {dagbag.py:538} INFO - Filling up the DagBag from /opt/airflow/dags/crawl_crypto_prices.py
[2026-03-24T04:56:03.446+0000] {processor.py:840} INFO - DAG(s) 'crawl_crypto_prices' retrieved from /opt/airflow/dags/crawl_crypto_prices.py
[2026-03-24T04:56:03.465+0000] {logging_mixin.py:188} INFO - [2026-03-24T04:56:03.465+0000] {dag.py:3036} INFO - Sync 1 DAGs
[2026-03-24T04:56:03.475+0000] {logging_mixin.py:188} INFO - [2026-03-24T04:56:03.475+0000] {dag.py:3823} INFO - Setting next_dagrun for crawl_crypto_prices to 2026-03-24 04:00:00+00:00, run_after=2026-03-24 05:00:00+00:00
[2026-03-24T04:56:03.481+0000] {processor.py:183} INFO - Processing /opt/airflow/dags/crawl_crypto_prices.py took 0.051 seconds
[2026-03-24T04:56:33.761+0000] {processor.py:161} INFO - Started process (PID=13360) to work on /opt/airflow/dags/crawl_crypto_prices.py
[2026-03-24T04:56:33.762+0000] {processor.py:830} INFO - Processing file /opt/airflow/dags/crawl_crypto_prices.py for tasks to queue
[2026-03-24T04:56:33.763+0000] {logging_mixin.py:188} INFO - [2026-03-24T04:56:33.763+0000] {dagbag.py:538} INFO - Filling up the DagBag from /opt/airflow/dags/crawl_crypto_prices.py
[2026-03-24T04:56:33.777+0000] {processor.py:840} INFO - DAG(s) 'crawl_crypto_prices' retrieved from /opt/airflow/dags/crawl_crypto_prices.py
[2026-03-24T04:56:33.796+0000] {logging_mixin.py:188} INFO - [2026-03-24T04:56:33.796+0000] {dag.py:3036} INFO - Sync 1 DAGs
[2026-03-24T04:56:33.806+0000] {logging_mixin.py:188} INFO - [2026-03-24T04:56:33.806+0000] {dag.py:3823} INFO - Setting next_dagrun for crawl_crypto_prices to 2026-03-24 04:00:00+00:00, run_after=2026-03-24 05:00:00+00:00
[2026-03-24T04:56:33.814+0000] {processor.py:183} INFO - Processing /opt/airflow/dags/crawl_crypto_prices.py took 0.057 seconds
[2026-03-24T04:57:04.074+0000] {processor.py:161} INFO - Started process (PID=13365) to work on /opt/airflow/dags/crawl_crypto_prices.py
[2026-03-24T04:57:04.075+0000] {processor.py:830} INFO - Processing file /opt/airflow/dags/crawl_crypto_prices.py for tasks to queue
[2026-03-24T04:57:04.075+0000] {logging_mixin.py:188} INFO - [2026-03-24T04:57:04.075+0000] {dagbag.py:538} INFO - Filling up the DagBag from /opt/airflow/dags/crawl_crypto_prices.py
[2026-03-24T04:57:04.085+0000] {processor.py:840} INFO - DAG(s) 'crawl_crypto_prices' retrieved from /opt/airflow/dags/crawl_crypto_prices.py
[2026-03-24T04:57:04.103+0000] {logging_mixin.py:188} INFO - [2026-03-24T04:57:04.103+0000] {dag.py:3036} INFO - Sync 1 DAGs
[2026-03-24T04:57:04.113+0000] {logging_mixin.py:188} INFO - [2026-03-24T04:57:04.113+0000] {dag.py:3823} INFO - Setting next_dagrun for crawl_crypto_prices to 2026-03-24 04:00:00+00:00, run_after=2026-03-24 05:00:00+00:00
[2026-03-24T04:57:04.119+0000] {processor.py:183} INFO - Processing /opt/airflow/dags/crawl_crypto_prices.py took 0.048 seconds
[2026-03-24T04:57:34.357+0000] {processor.py:161} INFO - Started process (PID=13370) to work on /opt/airflow/dags/crawl_crypto_prices.py
[2026-03-24T04:57:34.358+0000] {processor.py:830} INFO - Processing file /opt/airflow/dags/crawl_crypto_prices.py for tasks to queue
[2026-03-24T04:57:34.358+0000] {logging_mixin.py:188} INFO - [2026-03-24T04:57:34.358+0000] {dagbag.py:538} INFO - Filling up the DagBag from /opt/airflow/dags/crawl_crypto_prices.py
[2026-03-24T04:57:34.368+0000] {processor.py:840} INFO - DAG(s) 'crawl_crypto_prices' retrieved from /opt/airflow/dags/crawl_crypto_prices.py
[2026-03-24T04:57:34.382+0000] {logging_mixin.py:188} INFO - [2026-03-24T04:57:34.382+0000] {dag.py:3036} INFO - Sync 1 DAGs
[2026-03-24T04:57:34.392+0000] {logging_mixin.py:188} INFO - [2026-03-24T04:57:34.392+0000] {dag.py:3823} INFO - Setting next_dagrun for crawl_crypto_prices to 2026-03-24 04:00:00+00:00, run_after=2026-03-24 05:00:00+00:00
[2026-03-24T04:57:34.397+0000] {processor.py:183} INFO - Processing /opt/airflow/dags/crawl_crypto_prices.py took 0.043 seconds
[2026-03-24T04:58:04.631+0000] {processor.py:161} INFO - Started process (PID=13375) to work on /opt/airflow/dags/crawl_crypto_prices.py
[2026-03-24T04:58:04.632+0000] {processor.py:830} INFO - Processing file /opt/airflow/dags/crawl_crypto_prices.py for tasks to queue
[2026-03-24T04:58:04.632+0000] {logging_mixin.py:188} INFO - [2026-03-24T04:58:04.632+0000] {dagbag.py:538} INFO - Filling up the DagBag from /opt/airflow/dags/crawl_crypto_prices.py
[2026-03-24T04:58:04.641+0000] {processor.py:840} INFO - DAG(s) 'crawl_crypto_prices' retrieved from /opt/airflow/dags/crawl_crypto_prices.py
[2026-03-24T04:58:04.653+0000] {logging_mixin.py:188} INFO - [2026-03-24T04:58:04.653+0000] {dag.py:3036} INFO - Sync 1 DAGs
[2026-03-24T04:58:04.662+0000] {logging_mixin.py:188} INFO - [2026-03-24T04:58:04.662+0000] {dag.py:3823} INFO - Setting next_dagrun for crawl_crypto_prices to 2026-03-24 04:00:00+00:00, run_after=2026-03-24 05:00:00+00:00
[2026-03-24T04:58:04.668+0000] {processor.py:183} INFO - Processing /opt/airflow/dags/crawl_crypto_prices.py took 0.040 seconds
[2026-03-24T04:58:34.915+0000] {processor.py:161} INFO - Started process (PID=13380) to work on /opt/airflow/dags/crawl_crypto_prices.py
[2026-03-24T04:58:34.915+0000] {processor.py:830} INFO - Processing file /opt/airflow/dags/crawl_crypto_prices.py for tasks to queue
[2026-03-24T04:58:34.916+0000] {logging_mixin.py:188} INFO - [2026-03-24T04:58:34.916+0000] {dagbag.py:538} INFO - Filling up the DagBag from /opt/airflow/dags/crawl_crypto_prices.py
[2026-03-24T04:58:34.926+0000] {processor.py:840} INFO - DAG(s) 'crawl_crypto_prices' retrieved from /opt/airflow/dags/crawl_crypto_prices.py
[2026-03-24T04:58:34.939+0000] {logging_mixin.py:188} INFO - [2026-03-24T04:58:34.939+0000] {dag.py:3036} INFO - Sync 1 DAGs
[2026-03-24T04:58:34.949+0000] {logging_mixin.py:188} INFO - [2026-03-24T04:58:34.949+0000] {dag.py:3823} INFO - Setting next_dagrun for crawl_crypto_prices to 2026-03-24 04:00:00+00:00, run_after=2026-03-24 05:00:00+00:00
[2026-03-24T04:58:34.955+0000] {processor.py:183} INFO - Processing /opt/airflow/dags/crawl_crypto_prices.py took 0.042 seconds
[2026-03-24T04:59:05.213+0000] {processor.py:161} INFO - Started process (PID=13385) to work on /opt/airflow/dags/crawl_crypto_prices.py
[2026-03-24T04:59:05.214+0000] {processor.py:830} INFO - Processing file /opt/airflow/dags/crawl_crypto_prices.py for tasks to queue
[2026-03-24T04:59:05.215+0000] {logging_mixin.py:188} INFO - [2026-03-24T04:59:05.215+0000] {dagbag.py:538} INFO - Filling up the DagBag from /opt/airflow/dags/crawl_crypto_prices.py
[2026-03-24T04:59:05.225+0000] {processor.py:840} INFO - DAG(s) 'crawl_crypto_prices' retrieved from /opt/airflow/dags/crawl_crypto_prices.py
[2026-03-24T04:59:05.237+0000] {logging_mixin.py:188} INFO - [2026-03-24T04:59:05.237+0000] {dag.py:3036} INFO - Sync 1 DAGs
[2026-03-24T04:59:05.246+0000] {logging_mixin.py:188} INFO - [2026-03-24T04:59:05.246+0000] {dag.py:3823} INFO - Setting next_dagrun for crawl_crypto_prices to 2026-03-24 04:00:00+00:00, run_after=2026-03-24 05:00:00+00:00
[2026-03-24T04:59:05.252+0000] {processor.py:183} INFO - Processing /opt/airflow/dags/crawl_crypto_prices.py took 0.041 seconds
[2026-03-24T05:02:49.318+0000] {processor.py:161} INFO - Started process (PID=13391) to work on /opt/airflow/dags/crawl_crypto_prices.py
[2026-03-24T05:02:49.319+0000] {processor.py:830} INFO - Processing file /opt/airflow/dags/crawl_crypto_prices.py for tasks to queue
[2026-03-24T05:02:49.320+0000] {logging_mixin.py:188} INFO - [2026-03-24T05:02:49.319+0000] {dagbag.py:538} INFO - Filling up the DagBag from /opt/airflow/dags/crawl_crypto_prices.py
[2026-03-24T05:02:49.338+0000] {processor.py:840} INFO - DAG(s) 'crawl_crypto_prices' retrieved from /opt/airflow/dags/crawl_crypto_prices.py
[2026-03-24T05:02:49.370+0000] {logging_mixin.py:188} INFO - [2026-03-24T05:02:49.369+0000] {dag.py:3036} INFO - Sync 1 DAGs
[2026-03-24T05:02:49.387+0000] {logging_mixin.py:188} INFO - [2026-03-24T05:02:49.387+0000] {dag.py:3823} INFO - Setting next_dagrun for crawl_crypto_prices to 2026-03-24 05:00:00+00:00, run_after=2026-03-24 06:00:00+00:00
[2026-03-24T05:02:49.407+0000] {processor.py:183} INFO - Processing /opt/airflow/dags/crawl_crypto_prices.py took 0.092 seconds
[2026-03-24T05:03:19.594+0000] {processor.py:161} INFO - Started process (PID=13399) to work on /opt/airflow/dags/crawl_crypto_prices.py
[2026-03-24T05:03:19.595+0000] {processor.py:830} INFO - Processing file /opt/airflow/dags/crawl_crypto_prices.py for tasks to queue
[2026-03-24T05:03:19.596+0000] {logging_mixin.py:188} INFO - [2026-03-24T05:03:19.596+0000] {dagbag.py:538} INFO - Filling up the DagBag from /opt/airflow/dags/crawl_crypto_prices.py
[2026-03-24T05:03:19.606+0000] {processor.py:840} INFO - DAG(s) 'crawl_crypto_prices' retrieved from /opt/airflow/dags/crawl_crypto_prices.py
[2026-03-24T05:03:19.624+0000] {logging_mixin.py:188} INFO - [2026-03-24T05:03:19.624+0000] {dag.py:3036} INFO - Sync 1 DAGs
[2026-03-24T05:03:19.632+0000] {logging_mixin.py:188} INFO - [2026-03-24T05:03:19.632+0000] {dag.py:3823} INFO - Setting next_dagrun for crawl_crypto_prices to 2026-03-24 05:00:00+00:00, run_after=2026-03-24 06:00:00+00:00
[2026-03-24T05:03:19.639+0000] {processor.py:183} INFO - Processing /opt/airflow/dags/crawl_crypto_prices.py took 0.048 seconds
[2026-03-24T05:03:49.903+0000] {processor.py:161} INFO - Started process (PID=13404) to work on /opt/airflow/dags/crawl_crypto_prices.py
[2026-03-24T05:03:49.904+0000] {processor.py:830} INFO - Processing file /opt/airflow/dags/crawl_crypto_prices.py for tasks to queue
[2026-03-24T05:03:49.905+0000] {logging_mixin.py:188} INFO - [2026-03-24T05:03:49.905+0000] {dagbag.py:538} INFO - Filling up the DagBag from /opt/airflow/dags/crawl_crypto_prices.py
[2026-03-24T05:03:49.916+0000] {processor.py:840} INFO - DAG(s) 'crawl_crypto_prices' retrieved from /opt/airflow/dags/crawl_crypto_prices.py
[2026-03-24T05:03:49.934+0000] {logging_mixin.py:188} INFO - [2026-03-24T05:03:49.934+0000] {dag.py:3036} INFO - Sync 1 DAGs
[2026-03-24T05:03:49.944+0000] {logging_mixin.py:188} INFO - [2026-03-24T05:03:49.944+0000] {dag.py:3823} INFO - Setting next_dagrun for crawl_crypto_prices to 2026-03-24 05:00:00+00:00, run_after=2026-03-24 06:00:00+00:00
[2026-03-24T05:03:49.949+0000] {processor.py:183} INFO - Processing /opt/airflow/dags/crawl_crypto_prices.py took 0.049 seconds
[2026-03-24T05:04:20.217+0000] {processor.py:161} INFO - Started process (PID=13409) to work on /opt/airflow/dags/crawl_crypto_prices.py
[2026-03-24T05:04:20.218+0000] {processor.py:830} INFO - Processing file /opt/airflow/dags/crawl_crypto_prices.py for tasks to queue
[2026-03-24T05:04:20.219+0000] {logging_mixin.py:188} INFO - [2026-03-24T05:04:20.218+0000] {dagbag.py:538} INFO - Filling up the DagBag from /opt/airflow/dags/crawl_crypto_prices.py
[2026-03-24T05:04:20.230+0000] {processor.py:840} INFO - DAG(s) 'crawl_crypto_prices' retrieved from /opt/airflow/dags/crawl_crypto_prices.py
[2026-03-24T05:04:20.249+0000] {logging_mixin.py:188} INFO - [2026-03-24T05:04:20.249+0000] {dag.py:3036} INFO - Sync 1 DAGs
[2026-03-24T05:04:20.260+0000] {logging_mixin.py:188} INFO - [2026-03-24T05:04:20.260+0000] {dag.py:3823} INFO - Setting next_dagrun for crawl_crypto_prices to 2026-03-24 05:00:00+00:00, run_after=2026-03-24 06:00:00+00:00
[2026-03-24T05:04:20.267+0000] {processor.py:183} INFO - Processing /opt/airflow/dags/crawl_crypto_prices.py took 0.053 seconds
[2026-03-24T05:04:50.558+0000] {processor.py:161} INFO - Started process (PID=13414) to work on /opt/airflow/dags/crawl_crypto_prices.py
[2026-03-24T05:04:50.559+0000] {processor.py:830} INFO - Processing file /opt/airflow/dags/crawl_crypto_prices.py for tasks to queue
[2026-03-24T05:04:50.560+0000] {logging_mixin.py:188} INFO - [2026-03-24T05:04:50.559+0000] {dagbag.py:538} INFO - Filling up the DagBag from /opt/airflow/dags/crawl_crypto_prices.py
[2026-03-24T05:04:50.571+0000] {processor.py:840} INFO - DAG(s) 'crawl_crypto_prices' retrieved from /opt/airflow/dags/crawl_crypto_prices.py
[2026-03-24T05:04:50.589+0000] {logging_mixin.py:188} INFO - [2026-03-24T05:04:50.589+0000] {dag.py:3036} INFO - Sync 1 DAGs
[2026-03-24T05:04:50.599+0000] {logging_mixin.py:188} INFO - [2026-03-24T05:04:50.599+0000] {dag.py:3823} INFO - Setting next_dagrun for crawl_crypto_prices to 2026-03-24 05:00:00+00:00, run_after=2026-03-24 06:00:00+00:00
[2026-03-24T05:04:50.606+0000] {processor.py:183} INFO - Processing /opt/airflow/dags/crawl_crypto_prices.py took 0.051 seconds
[2026-03-24T05:05:20.896+0000] {processor.py:161} INFO - Started process (PID=13419) to work on /opt/airflow/dags/crawl_crypto_prices.py
[2026-03-24T05:05:20.897+0000] {processor.py:830} INFO - Processing file /opt/airflow/dags/crawl_crypto_prices.py for tasks to queue
[2026-03-24T05:05:20.898+0000] {logging_mixin.py:188} INFO - [2026-03-24T05:05:20.897+0000] {dagbag.py:538} INFO - Filling up the DagBag from /opt/airflow/dags/crawl_crypto_prices.py
[2026-03-24T05:05:20.909+0000] {processor.py:840} INFO - DAG(s) 'crawl_crypto_prices' retrieved from /opt/airflow/dags/crawl_crypto_prices.py
[2026-03-24T05:05:20.927+0000] {logging_mixin.py:188} INFO - [2026-03-24T05:05:20.927+0000] {dag.py:3036} INFO - Sync 1 DAGs
[2026-03-24T05:05:20.936+0000] {logging_mixin.py:188} INFO - [2026-03-24T05:05:20.936+0000] {dag.py:3823} INFO - Setting next_dagrun for crawl_crypto_prices to 2026-03-24 05:00:00+00:00, run_after=2026-03-24 06:00:00+00:00
[2026-03-24T05:05:20.942+0000] {processor.py:183} INFO - Processing /opt/airflow/dags/crawl_crypto_prices.py took 0.050 seconds
[2026-03-24T05:22:53.963+0000] {processor.py:161} INFO - Started process (PID=13424) to work on /opt/airflow/dags/crawl_crypto_prices.py
[2026-03-24T05:22:53.963+0000] {processor.py:830} INFO - Processing file /opt/airflow/dags/crawl_crypto_prices.py for tasks to queue
[2026-03-24T05:22:53.964+0000] {logging_mixin.py:188} INFO - [2026-03-24T05:22:53.964+0000] {dagbag.py:538} INFO - Filling up the DagBag from /opt/airflow/dags/crawl_crypto_prices.py
[2026-03-24T05:22:53.975+0000] {processor.py:840} INFO - DAG(s) 'crawl_crypto_prices' retrieved from /opt/airflow/dags/crawl_crypto_prices.py
[2026-03-24T05:22:53.992+0000] {logging_mixin.py:188} INFO - [2026-03-24T05:22:53.992+0000] {dag.py:3036} INFO - Sync 1 DAGs
[2026-03-24T05:22:54.002+0000] {logging_mixin.py:188} INFO - [2026-03-24T05:22:54.002+0000] {dag.py:3823} INFO - Setting next_dagrun for crawl_crypto_prices to 2026-03-24 05:00:00+00:00, run_after=2026-03-24 06:00:00+00:00
[2026-03-24T05:22:54.009+0000] {processor.py:183} INFO - Processing /opt/airflow/dags/crawl_crypto_prices.py took 0.049 seconds
[2026-03-24T06:33:16.305+0000] {processor.py:161} INFO - Started process (PID=13431) to work on /opt/airflow/dags/crawl_crypto_prices.py
[2026-03-24T06:33:16.305+0000] {processor.py:830} INFO - Processing file /opt/airflow/dags/crawl_crypto_prices.py for tasks to queue
[2026-03-24T06:33:16.306+0000] {logging_mixin.py:188} INFO - [2026-03-24T06:33:16.306+0000] {dagbag.py:538} INFO - Filling up the DagBag from /opt/airflow/dags/crawl_crypto_prices.py
[2026-03-24T06:33:16.320+0000] {processor.py:840} INFO - DAG(s) 'crawl_crypto_prices' retrieved from /opt/airflow/dags/crawl_crypto_prices.py
[2026-03-24T06:33:16.338+0000] {logging_mixin.py:188} INFO - [2026-03-24T06:33:16.338+0000] {dag.py:3036} INFO - Sync 1 DAGs
[2026-03-24T06:33:16.353+0000] {logging_mixin.py:188} INFO - [2026-03-24T06:33:16.352+0000] {dag.py:3823} INFO - Setting next_dagrun for crawl_crypto_prices to 2026-03-24 05:00:00+00:00, run_after=2026-03-24 06:00:00+00:00
[2026-03-24T06:33:16.359+0000] {processor.py:183} INFO - Processing /opt/airflow/dags/crawl_crypto_prices.py took 0.057 seconds
[2026-03-24T06:33:46.655+0000] {processor.py:161} INFO - Started process (PID=13440) to work on /opt/airflow/dags/crawl_crypto_prices.py
[2026-03-24T06:33:46.657+0000] {processor.py:830} INFO - Processing file /opt/airflow/dags/crawl_crypto_prices.py for tasks to queue
[2026-03-24T06:33:46.658+0000] {logging_mixin.py:188} INFO - [2026-03-24T06:33:46.657+0000] {dagbag.py:538} INFO - Filling up the DagBag from /opt/airflow/dags/crawl_crypto_prices.py
[2026-03-24T06:33:46.670+0000] {processor.py:840} INFO - DAG(s) 'crawl_crypto_prices' retrieved from /opt/airflow/dags/crawl_crypto_prices.py
[2026-03-24T06:33:46.684+0000] {logging_mixin.py:188} INFO - [2026-03-24T06:33:46.684+0000] {dag.py:3036} INFO - Sync 1 DAGs
[2026-03-24T06:33:46.694+0000] {logging_mixin.py:188} INFO - [2026-03-24T06:33:46.694+0000] {dag.py:3823} INFO - Setting next_dagrun for crawl_crypto_prices to 2026-03-24 06:00:00+00:00, run_after=2026-03-24 07:00:00+00:00
[2026-03-24T06:33:46.700+0000] {processor.py:183} INFO - Processing /opt/airflow/dags/crawl_crypto_prices.py took 0.049 seconds
[2026-03-24T06:34:16.992+0000] {processor.py:161} INFO - Started process (PID=13445) to work on /opt/airflow/dags/crawl_crypto_prices.py
[2026-03-24T06:34:16.993+0000] {processor.py:830} INFO - Processing file /opt/airflow/dags/crawl_crypto_prices.py for tasks to queue
[2026-03-24T06:34:16.993+0000] {logging_mixin.py:188} INFO - [2026-03-24T06:34:16.993+0000] {dagbag.py:538} INFO - Filling up the DagBag from /opt/airflow/dags/crawl_crypto_prices.py
[2026-03-24T06:34:17.004+0000] {processor.py:840} INFO - DAG(s) 'crawl_crypto_prices' retrieved from /opt/airflow/dags/crawl_crypto_prices.py
[2026-03-24T06:34:17.020+0000] {logging_mixin.py:188} INFO - [2026-03-24T06:34:17.020+0000] {dag.py:3036} INFO - Sync 1 DAGs
[2026-03-24T06:34:17.029+0000] {logging_mixin.py:188} INFO - [2026-03-24T06:34:17.029+0000] {dag.py:3823} INFO - Setting next_dagrun for crawl_crypto_prices to 2026-03-24 06:00:00+00:00, run_after=2026-03-24 07:00:00+00:00
[2026-03-24T06:34:17.035+0000] {processor.py:183} INFO - Processing /opt/airflow/dags/crawl_crypto_prices.py took 0.046 seconds
[2026-03-24T06:34:47.285+0000] {processor.py:161} INFO - Started process (PID=13450) to work on /opt/airflow/dags/crawl_crypto_prices.py
[2026-03-24T06:34:47.286+0000] {processor.py:830} INFO - Processing file /opt/airflow/dags/crawl_crypto_prices.py for tasks to queue
[2026-03-24T06:34:47.287+0000] {logging_mixin.py:188} INFO - [2026-03-24T06:34:47.287+0000] {dagbag.py:538} INFO - Filling up the DagBag from /opt/airflow/dags/crawl_crypto_prices.py
[2026-03-24T06:34:47.303+0000] {processor.py:840} INFO - DAG(s) 'crawl_crypto_prices' retrieved from /opt/airflow/dags/crawl_crypto_prices.py
[2026-03-24T06:34:47.324+0000] {logging_mixin.py:188} INFO - [2026-03-24T06:34:47.324+0000] {dag.py:3036} INFO - Sync 1 DAGs
[2026-03-24T06:34:47.334+0000] {logging_mixin.py:188} INFO - [2026-03-24T06:34:47.334+0000] {dag.py:3823} INFO - Setting next_dagrun for crawl_crypto_prices to 2026-03-24 06:00:00+00:00, run_after=2026-03-24 07:00:00+00:00
[2026-03-24T06:34:47.341+0000] {processor.py:183} INFO - Processing /opt/airflow/dags/crawl_crypto_prices.py took 0.060 seconds
[2026-03-24T06:35:17.621+0000] {processor.py:161} INFO - Started process (PID=13455) to work on /opt/airflow/dags/crawl_crypto_prices.py
[2026-03-24T06:35:17.622+0000] {processor.py:830} INFO - Processing file /opt/airflow/dags/crawl_crypto_prices.py for tasks to queue
[2026-03-24T06:35:17.623+0000] {logging_mixin.py:188} INFO - [2026-03-24T06:35:17.623+0000] {dagbag.py:538} INFO - Filling up the DagBag from /opt/airflow/dags/crawl_crypto_prices.py
[2026-03-24T06:35:17.634+0000] {processor.py:840} INFO - DAG(s) 'crawl_crypto_prices' retrieved from /opt/airflow/dags/crawl_crypto_prices.py
[2026-03-24T06:35:17.655+0000] {logging_mixin.py:188} INFO - [2026-03-24T06:35:17.655+0000] {dag.py:3036} INFO - Sync 1 DAGs
[2026-03-24T06:35:17.665+0000] {logging_mixin.py:188} INFO - [2026-03-24T06:35:17.665+0000] {dag.py:3823} INFO - Setting next_dagrun for crawl_crypto_prices to 2026-03-24 06:00:00+00:00, run_after=2026-03-24 07:00:00+00:00
[2026-03-24T06:35:17.671+0000] {processor.py:183} INFO - Processing /opt/airflow/dags/crawl_crypto_prices.py took 0.053 seconds
[2026-03-24T06:43:52.101+0000] {processor.py:161} INFO - Started process (PID=13460) to work on /opt/airflow/dags/crawl_crypto_prices.py
[2026-03-24T06:43:52.102+0000] {processor.py:830} INFO - Processing file /opt/airflow/dags/crawl_crypto_prices.py for tasks to queue
[2026-03-24T06:43:52.103+0000] {logging_mixin.py:188} INFO - [2026-03-24T06:43:52.102+0000] {dagbag.py:538} INFO - Filling up the DagBag from /opt/airflow/dags/crawl_crypto_prices.py
[2026-03-24T06:43:52.113+0000] {processor.py:840} INFO - DAG(s) 'crawl_crypto_prices' retrieved from /opt/airflow/dags/crawl_crypto_prices.py
[2026-03-24T06:43:52.141+0000] {logging_mixin.py:188} INFO - [2026-03-24T06:43:52.140+0000] {dag.py:3036} INFO - Sync 1 DAGs
[2026-03-24T06:43:52.153+0000] {logging_mixin.py:188} INFO - [2026-03-24T06:43:52.153+0000] {dag.py:3823} INFO - Setting next_dagrun for crawl_crypto_prices to 2026-03-24 06:00:00+00:00, run_after=2026-03-24 07:00:00+00:00
[2026-03-24T06:43:52.161+0000] {processor.py:183} INFO - Processing /opt/airflow/dags/crawl_crypto_prices.py took 0.063 seconds
[2026-03-24T06:44:22.441+0000] {processor.py:161} INFO - Started process (PID=13467) to work on /opt/airflow/dags/crawl_crypto_prices.py
[2026-03-24T06:44:22.442+0000] {processor.py:830} INFO - Processing file /opt/airflow/dags/crawl_crypto_prices.py for tasks to queue
[2026-03-24T06:44:22.443+0000] {logging_mixin.py:188} INFO - [2026-03-24T06:44:22.442+0000] {dagbag.py:538} INFO - Filling up the DagBag from /opt/airflow/dags/crawl_crypto_prices.py
[2026-03-24T06:44:22.454+0000] {processor.py:840} INFO - DAG(s) 'crawl_crypto_prices' retrieved from /opt/airflow/dags/crawl_crypto_prices.py
[2026-03-24T06:44:22.473+0000] {logging_mixin.py:188} INFO - [2026-03-24T06:44:22.473+0000] {dag.py:3036} INFO - Sync 1 DAGs
[2026-03-24T06:44:22.483+0000] {logging_mixin.py:188} INFO - [2026-03-24T06:44:22.483+0000] {dag.py:3823} INFO - Setting next_dagrun for crawl_crypto_prices to 2026-03-24 06:00:00+00:00, run_after=2026-03-24 07:00:00+00:00
[2026-03-24T06:44:22.489+0000] {processor.py:183} INFO - Processing /opt/airflow/dags/crawl_crypto_prices.py took 0.051 seconds
[2026-03-24T06:44:52.750+0000] {processor.py:161} INFO - Started process (PID=13472) to work on /opt/airflow/dags/crawl_crypto_prices.py
[2026-03-24T06:44:52.751+0000] {processor.py:830} INFO - Processing file /opt/airflow/dags/crawl_crypto_prices.py for tasks to queue
[2026-03-24T06:44:52.752+0000] {logging_mixin.py:188} INFO - [2026-03-24T06:44:52.752+0000] {dagbag.py:538} INFO - Filling up the DagBag from /opt/airflow/dags/crawl_crypto_prices.py
[2026-03-24T06:44:52.766+0000] {processor.py:840} INFO - DAG(s) 'crawl_crypto_prices' retrieved from /opt/airflow/dags/crawl_crypto_prices.py
[2026-03-24T06:44:52.783+0000] {logging_mixin.py:188} INFO - [2026-03-24T06:44:52.783+0000] {dag.py:3036} INFO - Sync 1 DAGs
[2026-03-24T06:44:52.794+0000] {logging_mixin.py:188} INFO - [2026-03-24T06:44:52.794+0000] {dag.py:3823} INFO - Setting next_dagrun for crawl_crypto_prices to 2026-03-24 06:00:00+00:00, run_after=2026-03-24 07:00:00+00:00
[2026-03-24T06:44:52.801+0000] {processor.py:183} INFO - Processing /opt/airflow/dags/crawl_crypto_prices.py took 0.054 seconds
[2026-03-24T06:45:23.015+0000] {processor.py:161} INFO - Started process (PID=13477) to work on /opt/airflow/dags/crawl_crypto_prices.py
[2026-03-24T06:45:23.016+0000] {processor.py:830} INFO - Processing file /opt/airflow/dags/crawl_crypto_prices.py for tasks to queue
[2026-03-24T06:45:23.017+0000] {logging_mixin.py:188} INFO - [2026-03-24T06:45:23.017+0000] {dagbag.py:538} INFO - Filling up the DagBag from /opt/airflow/dags/crawl_crypto_prices.py
[2026-03-24T06:45:23.028+0000] {processor.py:840} INFO - DAG(s) 'crawl_crypto_prices' retrieved from /opt/airflow/dags/crawl_crypto_prices.py
[2026-03-24T06:45:23.044+0000] {logging_mixin.py:188} INFO - [2026-03-24T06:45:23.043+0000] {dag.py:3036} INFO - Sync 1 DAGs
[2026-03-24T06:45:23.053+0000] {logging_mixin.py:188} INFO - [2026-03-24T06:45:23.053+0000] {dag.py:3823} INFO - Setting next_dagrun for crawl_crypto_prices to 2026-03-24 06:00:00+00:00, run_after=2026-03-24 07:00:00+00:00
[2026-03-24T06:45:23.060+0000] {processor.py:183} INFO - Processing /opt/airflow/dags/crawl_crypto_prices.py took 0.048 seconds
[2026-03-24T06:45:53.298+0000] {processor.py:161} INFO - Started process (PID=13482) to work on /opt/airflow/dags/crawl_crypto_prices.py
[2026-03-24T06:45:53.299+0000] {processor.py:830} INFO - Processing file /opt/airflow/dags/crawl_crypto_prices.py for tasks to queue
[2026-03-24T06:45:53.300+0000] {logging_mixin.py:188} INFO - [2026-03-24T06:45:53.300+0000] {dagbag.py:538} INFO - Filling up the DagBag from /opt/airflow/dags/crawl_crypto_prices.py
[2026-03-24T06:45:53.311+0000] {processor.py:840} INFO - DAG(s) 'crawl_crypto_prices' retrieved from /opt/airflow/dags/crawl_crypto_prices.py
[2026-03-24T06:45:53.328+0000] {logging_mixin.py:188} INFO - [2026-03-24T06:45:53.328+0000] {dag.py:3036} INFO - Sync 1 DAGs
[2026-03-24T06:45:53.337+0000] {logging_mixin.py:188} INFO - [2026-03-24T06:45:53.337+0000] {dag.py:3823} INFO - Setting next_dagrun for crawl_crypto_prices to 2026-03-24 06:00:00+00:00, run_after=2026-03-24 07:00:00+00:00
[2026-03-24T06:45:53.343+0000] {processor.py:183} INFO - Processing /opt/airflow/dags/crawl_crypto_prices.py took 0.048 seconds
[2026-03-24T06:46:23.617+0000] {processor.py:161} INFO - Started process (PID=13487) to work on /opt/airflow/dags/crawl_crypto_prices.py
[2026-03-24T06:46:23.618+0000] {processor.py:830} INFO - Processing file /opt/airflow/dags/crawl_crypto_prices.py for tasks to queue
[2026-03-24T06:46:23.619+0000] {logging_mixin.py:188} INFO - [2026-03-24T06:46:23.619+0000] {dagbag.py:538} INFO - Filling up the DagBag from /opt/airflow/dags/crawl_crypto_prices.py
[2026-03-24T06:46:23.634+0000] {processor.py:840} INFO - DAG(s) 'crawl_crypto_prices' retrieved from /opt/airflow/dags/crawl_crypto_prices.py
[2026-03-24T06:46:23.654+0000] {logging_mixin.py:188} INFO - [2026-03-24T06:46:23.654+0000] {dag.py:3036} INFO - Sync 1 DAGs
[2026-03-24T06:46:23.665+0000] {logging_mixin.py:188} INFO - [2026-03-24T06:46:23.665+0000] {dag.py:3823} INFO - Setting next_dagrun for crawl_crypto_prices to 2026-03-24 06:00:00+00:00, run_after=2026-03-24 07:00:00+00:00
[2026-03-24T06:46:23.671+0000] {processor.py:183} INFO - Processing /opt/airflow/dags/crawl_crypto_prices.py took 0.059 seconds
[2026-03-24T06:49:41.803+0000] {processor.py:161} INFO - Started process (PID=13492) to work on /opt/airflow/dags/crawl_crypto_prices.py
[2026-03-24T06:49:41.804+0000] {processor.py:830} INFO - Processing file /opt/airflow/dags/crawl_crypto_prices.py for tasks to queue
[2026-03-24T06:49:41.805+0000] {logging_mixin.py:188} INFO - [2026-03-24T06:49:41.804+0000] {dagbag.py:538} INFO - Filling up the DagBag from /opt/airflow/dags/crawl_crypto_prices.py
[2026-03-24T06:49:41.816+0000] {processor.py:840} INFO - DAG(s) 'crawl_crypto_prices' retrieved from /opt/airflow/dags/crawl_crypto_prices.py
[2026-03-24T06:49:41.834+0000] {logging_mixin.py:188} INFO - [2026-03-24T06:49:41.834+0000] {dag.py:3036} INFO - Sync 1 DAGs
[2026-03-24T06:49:41.843+0000] {logging_mixin.py:188} INFO - [2026-03-24T06:49:41.843+0000] {dag.py:3823} INFO - Setting next_dagrun for crawl_crypto_prices to 2026-03-24 06:00:00+00:00, run_after=2026-03-24 07:00:00+00:00
[2026-03-24T06:49:41.850+0000] {processor.py:183} INFO - Processing /opt/airflow/dags/crawl_crypto_prices.py took 0.049 seconds
[2026-03-24T06:50:12.146+0000] {processor.py:161} INFO - Started process (PID=13499) to work on /opt/airflow/dags/crawl_crypto_prices.py
[2026-03-24T06:50:12.147+0000] {processor.py:830} INFO - Processing file /opt/airflow/dags/crawl_crypto_prices.py for tasks to queue
[2026-03-24T06:50:12.148+0000] {logging_mixin.py:188} INFO - [2026-03-24T06:50:12.148+0000] {dagbag.py:538} INFO - Filling up the DagBag from /opt/airflow/dags/crawl_crypto_prices.py
[2026-03-24T06:50:12.161+0000] {processor.py:840} INFO - DAG(s) 'crawl_crypto_prices' retrieved from /opt/airflow/dags/crawl_crypto_prices.py
[2026-03-24T06:50:12.179+0000] {logging_mixin.py:188} INFO - [2026-03-24T06:50:12.179+0000] {dag.py:3036} INFO - Sync 1 DAGs
[2026-03-24T06:50:12.189+0000] {logging_mixin.py:188} INFO - [2026-03-24T06:50:12.189+0000] {dag.py:3823} INFO - Setting next_dagrun for crawl_crypto_prices to 2026-03-24 06:00:00+00:00, run_after=2026-03-24 07:00:00+00:00
[2026-03-24T06:50:12.196+0000] {processor.py:183} INFO - Processing /opt/airflow/dags/crawl_crypto_prices.py took 0.054 seconds
[2026-03-24T06:50:42.440+0000] {processor.py:161} INFO - Started process (PID=13504) to work on /opt/airflow/dags/crawl_crypto_prices.py
[2026-03-24T06:50:42.441+0000] {processor.py:830} INFO - Processing file /opt/airflow/dags/crawl_crypto_prices.py for tasks to queue
[2026-03-24T06:50:42.441+0000] {logging_mixin.py:188} INFO - [2026-03-24T06:50:42.441+0000] {dagbag.py:538} INFO - Filling up the DagBag from /opt/airflow/dags/crawl_crypto_prices.py
[2026-03-24T06:50:42.448+0000] {processor.py:840} INFO - DAG(s) 'crawl_crypto_prices' retrieved from /opt/airflow/dags/crawl_crypto_prices.py
[2026-03-24T06:50:42.460+0000] {logging_mixin.py:188} INFO - [2026-03-24T06:50:42.460+0000] {dag.py:3036} INFO - Sync 1 DAGs
[2026-03-24T06:50:42.469+0000] {logging_mixin.py:188} INFO - [2026-03-24T06:50:42.469+0000] {dag.py:3823} INFO - Setting next_dagrun for crawl_crypto_prices to 2026-03-24 06:00:00+00:00, run_after=2026-03-24 07:00:00+00:00
[2026-03-24T06:50:42.475+0000] {processor.py:183} INFO - Processing /opt/airflow/dags/crawl_crypto_prices.py took 0.036 seconds
[2026-03-24T06:51:12.754+0000] {processor.py:161} INFO - Started process (PID=13509) to work on /opt/airflow/dags/crawl_crypto_prices.py
[2026-03-24T06:51:12.755+0000] {processor.py:830} INFO - Processing file /opt/airflow/dags/crawl_crypto_prices.py for tasks to queue
[2026-03-24T06:51:12.756+0000] {logging_mixin.py:188} INFO - [2026-03-24T06:51:12.755+0000] {dagbag.py:538} INFO - Filling up the DagBag from /opt/airflow/dags/crawl_crypto_prices.py
[2026-03-24T06:51:12.768+0000] {processor.py:840} INFO - DAG(s) 'crawl_crypto_prices' retrieved from /opt/airflow/dags/crawl_crypto_prices.py
[2026-03-24T06:51:12.787+0000] {logging_mixin.py:188} INFO - [2026-03-24T06:51:12.787+0000] {dag.py:3036} INFO - Sync 1 DAGs
[2026-03-24T06:51:12.798+0000] {logging_mixin.py:188} INFO - [2026-03-24T06:51:12.797+0000] {dag.py:3823} INFO - Setting next_dagrun for crawl_crypto_prices to 2026-03-24 06:00:00+00:00, run_after=2026-03-24 07:00:00+00:00
[2026-03-24T06:51:12.804+0000] {processor.py:183} INFO - Processing /opt/airflow/dags/crawl_crypto_prices.py took 0.053 seconds
[2026-03-24T06:51:43.109+0000] {processor.py:161} INFO - Started process (PID=13514) to work on /opt/airflow/dags/crawl_crypto_prices.py
[2026-03-24T06:51:43.110+0000] {processor.py:830} INFO - Processing file /opt/airflow/dags/crawl_crypto_prices.py for tasks to queue
[2026-03-24T06:51:43.111+0000] {logging_mixin.py:188} INFO - [2026-03-24T06:51:43.110+0000] {dagbag.py:538} INFO - Filling up the DagBag from /opt/airflow/dags/crawl_crypto_prices.py
[2026-03-24T06:51:43.122+0000] {processor.py:840} INFO - DAG(s) 'crawl_crypto_prices' retrieved from /opt/airflow/dags/crawl_crypto_prices.py
[2026-03-24T06:51:43.140+0000] {logging_mixin.py:188} INFO - [2026-03-24T06:51:43.139+0000] {dag.py:3036} INFO - Sync 1 DAGs
[2026-03-24T06:51:43.149+0000] {logging_mixin.py:188} INFO - [2026-03-24T06:51:43.149+0000] {dag.py:3823} INFO - Setting next_dagrun for crawl_crypto_prices to 2026-03-24 06:00:00+00:00, run_after=2026-03-24 07:00:00+00:00
[2026-03-24T06:51:43.155+0000] {processor.py:183} INFO - Processing /opt/airflow/dags/crawl_crypto_prices.py took 0.050 seconds
[2026-03-24T06:52:13.428+0000] {processor.py:161} INFO - Started process (PID=13519) to work on /opt/airflow/dags/crawl_crypto_prices.py
[2026-03-24T06:52:13.429+0000] {processor.py:830} INFO - Processing file /opt/airflow/dags/crawl_crypto_prices.py for tasks to queue
[2026-03-24T06:52:13.430+0000] {logging_mixin.py:188} INFO - [2026-03-24T06:52:13.430+0000] {dagbag.py:538} INFO - Filling up the DagBag from /opt/airflow/dags/crawl_crypto_prices.py
[2026-03-24T06:52:13.443+0000] {processor.py:840} INFO - DAG(s) 'crawl_crypto_prices' retrieved from /opt/airflow/dags/crawl_crypto_prices.py
[2026-03-24T06:52:13.462+0000] {logging_mixin.py:188} INFO - [2026-03-24T06:52:13.462+0000] {dag.py:3036} INFO - Sync 1 DAGs
[2026-03-24T06:52:13.472+0000] {logging_mixin.py:188} INFO - [2026-03-24T06:52:13.472+0000] {dag.py:3823} INFO - Setting next_dagrun for crawl_crypto_prices to 2026-03-24 06:00:00+00:00, run_after=2026-03-24 07:00:00+00:00
[2026-03-24T06:52:13.479+0000] {processor.py:183} INFO - Processing /opt/airflow/dags/crawl_crypto_prices.py took 0.054 seconds
[2026-03-24T06:53:12.581+0000] {processor.py:161} INFO - Started process (PID=13524) to work on /opt/airflow/dags/crawl_crypto_prices.py
[2026-03-24T06:53:12.582+0000] {processor.py:830} INFO - Processing file /opt/airflow/dags/crawl_crypto_prices.py for tasks to queue
[2026-03-24T06:53:12.582+0000] {logging_mixin.py:188} INFO - [2026-03-24T06:53:12.582+0000] {dagbag.py:538} INFO - Filling up the DagBag from /opt/airflow/dags/crawl_crypto_prices.py
[2026-03-24T06:53:12.598+0000] {processor.py:840} INFO - DAG(s) 'crawl_crypto_prices' retrieved from /opt/airflow/dags/crawl_crypto_prices.py
[2026-03-24T06:53:12.622+0000] {logging_mixin.py:188} INFO - [2026-03-24T06:53:12.622+0000] {dag.py:3036} INFO - Sync 1 DAGs
[2026-03-24T06:53:12.635+0000] {logging_mixin.py:188} INFO - [2026-03-24T06:53:12.635+0000] {dag.py:3823} INFO - Setting next_dagrun for crawl_crypto_prices to 2026-03-24 06:00:00+00:00, run_after=2026-03-24 07:00:00+00:00
[2026-03-24T06:53:12.642+0000] {processor.py:183} INFO - Processing /opt/airflow/dags/crawl_crypto_prices.py took 0.065 seconds
[2026-03-24T06:53:42.855+0000] {processor.py:161} INFO - Started process (PID=13531) to work on /opt/airflow/dags/crawl_crypto_prices.py
[2026-03-24T06:53:42.855+0000] {processor.py:830} INFO - Processing file /opt/airflow/dags/crawl_crypto_prices.py for tasks to queue
[2026-03-24T06:53:42.856+0000] {logging_mixin.py:188} INFO - [2026-03-24T06:53:42.856+0000] {dagbag.py:538} INFO - Filling up the DagBag from /opt/airflow/dags/crawl_crypto_prices.py
[2026-03-24T06:53:42.867+0000] {processor.py:840} INFO - DAG(s) 'crawl_crypto_prices' retrieved from /opt/airflow/dags/crawl_crypto_prices.py
[2026-03-24T06:53:42.885+0000] {logging_mixin.py:188} INFO - [2026-03-24T06:53:42.884+0000] {dag.py:3036} INFO - Sync 1 DAGs
[2026-03-24T06:53:42.894+0000] {logging_mixin.py:188} INFO - [2026-03-24T06:53:42.894+0000] {dag.py:3823} INFO - Setting next_dagrun for crawl_crypto_prices to 2026-03-24 06:00:00+00:00, run_after=2026-03-24 07:00:00+00:00
[2026-03-24T06:53:42.900+0000] {processor.py:183} INFO - Processing /opt/airflow/dags/crawl_crypto_prices.py took 0.050 seconds
[2026-03-24T06:54:13.188+0000] {processor.py:161} INFO - Started process (PID=13536) to work on /opt/airflow/dags/crawl_crypto_prices.py
[2026-03-24T06:54:13.189+0000] {processor.py:830} INFO - Processing file /opt/airflow/dags/crawl_crypto_prices.py for tasks to queue
[2026-03-24T06:54:13.190+0000] {logging_mixin.py:188} INFO - [2026-03-24T06:54:13.189+0000] {dagbag.py:538} INFO - Filling up the DagBag from /opt/airflow/dags/crawl_crypto_prices.py
[2026-03-24T06:54:13.200+0000] {processor.py:840} INFO - DAG(s) 'crawl_crypto_prices' retrieved from /opt/airflow/dags/crawl_crypto_prices.py
[2026-03-24T06:54:13.217+0000] {logging_mixin.py:188} INFO - [2026-03-24T06:54:13.217+0000] {dag.py:3036} INFO - Sync 1 DAGs
[2026-03-24T06:54:13.226+0000] {logging_mixin.py:188} INFO - [2026-03-24T06:54:13.226+0000] {dag.py:3823} INFO - Setting next_dagrun for crawl_crypto_prices to 2026-03-24 06:00:00+00:00, run_after=2026-03-24 07:00:00+00:00
[2026-03-24T06:54:13.232+0000] {processor.py:183} INFO - Processing /opt/airflow/dags/crawl_crypto_prices.py took 0.047 seconds
[2026-03-24T06:54:43.466+0000] {processor.py:161} INFO - Started process (PID=13541) to work on /opt/airflow/dags/crawl_crypto_prices.py
[2026-03-24T06:54:43.468+0000] {processor.py:830} INFO - Processing file /opt/airflow/dags/crawl_crypto_prices.py for tasks to queue
[2026-03-24T06:54:43.469+0000] {logging_mixin.py:188} INFO - [2026-03-24T06:54:43.468+0000] {dagbag.py:538} INFO - Filling up the DagBag from /opt/airflow/dags/crawl_crypto_prices.py
[2026-03-24T06:54:43.479+0000] {processor.py:840} INFO - DAG(s) 'crawl_crypto_prices' retrieved from /opt/airflow/dags/crawl_crypto_prices.py
[2026-03-24T06:54:43.502+0000] {logging_mixin.py:188} INFO - [2026-03-24T06:54:43.502+0000] {dag.py:3036} INFO - Sync 1 DAGs
[2026-03-24T06:54:43.514+0000] {logging_mixin.py:188} INFO - [2026-03-24T06:54:43.514+0000] {dag.py:3823} INFO - Setting next_dagrun for crawl_crypto_prices to 2026-03-24 06:00:00+00:00, run_after=2026-03-24 07:00:00+00:00
[2026-03-24T06:54:43.520+0000] {processor.py:183} INFO - Processing /opt/airflow/dags/crawl_crypto_prices.py took 0.057 seconds
[2026-03-24T06:55:13.746+0000] {processor.py:161} INFO - Started process (PID=13546) to work on /opt/airflow/dags/crawl_crypto_prices.py
[2026-03-24T06:55:13.747+0000] {processor.py:830} INFO - Processing file /opt/airflow/dags/crawl_crypto_prices.py for tasks to queue
[2026-03-24T06:55:13.748+0000] {logging_mixin.py:188} INFO - [2026-03-24T06:55:13.748+0000] {dagbag.py:538} INFO - Filling up the DagBag from /opt/airflow/dags/crawl_crypto_prices.py
[2026-03-24T06:55:13.758+0000] {processor.py:840} INFO - DAG(s) 'crawl_crypto_prices' retrieved from /opt/airflow/dags/crawl_crypto_prices.py
[2026-03-24T06:55:13.776+0000] {logging_mixin.py:188} INFO - [2026-03-24T06:55:13.776+0000] {dag.py:3036} INFO - Sync 1 DAGs
[2026-03-24T06:55:13.786+0000] {logging_mixin.py:188} INFO - [2026-03-24T06:55:13.786+0000] {dag.py:3823} INFO - Setting next_dagrun for crawl_crypto_prices to 2026-03-24 06:00:00+00:00, run_after=2026-03-24 07:00:00+00:00
[2026-03-24T06:55:13.792+0000] {processor.py:183} INFO - Processing /opt/airflow/dags/crawl_crypto_prices.py took 0.049 seconds
[2026-03-24T06:55:44.014+0000] {processor.py:161} INFO - Started process (PID=13551) to work on /opt/airflow/dags/crawl_crypto_prices.py
[2026-03-24T06:55:44.015+0000] {processor.py:830} INFO - Processing file /opt/airflow/dags/crawl_crypto_prices.py for tasks to queue
[2026-03-24T06:55:44.015+0000] {logging_mixin.py:188} INFO - [2026-03-24T06:55:44.015+0000] {dagbag.py:538} INFO - Filling up the DagBag from /opt/airflow/dags/crawl_crypto_prices.py
[2026-03-24T06:55:44.021+0000] {processor.py:840} INFO - DAG(s) 'crawl_crypto_prices' retrieved from /opt/airflow/dags/crawl_crypto_prices.py
[2026-03-24T06:55:44.034+0000] {logging_mixin.py:188} INFO - [2026-03-24T06:55:44.034+0000] {dag.py:3036} INFO - Sync 1 DAGs
[2026-03-24T06:55:44.043+0000] {logging_mixin.py:188} INFO - [2026-03-24T06:55:44.043+0000] {dag.py:3823} INFO - Setting next_dagrun for crawl_crypto_prices to 2026-03-24 06:00:00+00:00, run_after=2026-03-24 07:00:00+00:00
[2026-03-24T06:55:44.048+0000] {processor.py:183} INFO - Processing /opt/airflow/dags/crawl_crypto_prices.py took 0.036 seconds
[2026-03-24T06:56:14.356+0000] {processor.py:161} INFO - Started process (PID=13556) to work on /opt/airflow/dags/crawl_crypto_prices.py
[2026-03-24T06:56:14.357+0000] {processor.py:830} INFO - Processing file /opt/airflow/dags/crawl_crypto_prices.py for tasks to queue
[2026-03-24T06:56:14.358+0000] {logging_mixin.py:188} INFO - [2026-03-24T06:56:14.357+0000] {dagbag.py:538} INFO - Filling up the DagBag from /opt/airflow/dags/crawl_crypto_prices.py
[2026-03-24T06:56:14.368+0000] {processor.py:840} INFO - DAG(s) 'crawl_crypto_prices' retrieved from /opt/airflow/dags/crawl_crypto_prices.py
[2026-03-24T06:56:14.387+0000] {logging_mixin.py:188} INFO - [2026-03-24T06:56:14.387+0000] {dag.py:3036} INFO - Sync 1 DAGs
[2026-03-24T06:56:14.397+0000] {logging_mixin.py:188} INFO - [2026-03-24T06:56:14.397+0000] {dag.py:3823} INFO - Setting next_dagrun for crawl_crypto_prices to 2026-03-24 06:00:00+00:00, run_after=2026-03-24 07:00:00+00:00
[2026-03-24T06:56:14.404+0000] {processor.py:183} INFO - Processing /opt/airflow/dags/crawl_crypto_prices.py took 0.051 seconds
[2026-03-24T06:56:44.698+0000] {processor.py:161} INFO - Started process (PID=13561) to work on /opt/airflow/dags/crawl_crypto_prices.py
[2026-03-24T06:56:44.699+0000] {processor.py:830} INFO - Processing file /opt/airflow/dags/crawl_crypto_prices.py for tasks to queue
[2026-03-24T06:56:44.699+0000] {logging_mixin.py:188} INFO - [2026-03-24T06:56:44.699+0000] {dagbag.py:538} INFO - Filling up the DagBag from /opt/airflow/dags/crawl_crypto_prices.py
[2026-03-24T06:56:44.711+0000] {processor.py:840} INFO - DAG(s) 'crawl_crypto_prices' retrieved from /opt/airflow/dags/crawl_crypto_prices.py
[2026-03-24T06:56:44.731+0000] {logging_mixin.py:188} INFO - [2026-03-24T06:56:44.731+0000] {dag.py:3036} INFO - Sync 1 DAGs
[2026-03-24T06:56:44.741+0000] {logging_mixin.py:188} INFO - [2026-03-24T06:56:44.740+0000] {dag.py:3823} INFO - Setting next_dagrun for crawl_crypto_prices to 2026-03-24 06:00:00+00:00, run_after=2026-03-24 07:00:00+00:00
[2026-03-24T06:56:44.747+0000] {processor.py:183} INFO - Processing /opt/airflow/dags/crawl_crypto_prices.py took 0.052 seconds
[2026-03-24T06:57:15.020+0000] {processor.py:161} INFO - Started process (PID=13566) to work on /opt/airflow/dags/crawl_crypto_prices.py
[2026-03-24T06:57:15.021+0000] {processor.py:830} INFO - Processing file /opt/airflow/dags/crawl_crypto_prices.py for tasks to queue
[2026-03-24T06:57:15.022+0000] {logging_mixin.py:188} INFO - [2026-03-24T06:57:15.021+0000] {dagbag.py:538} INFO - Filling up the DagBag from /opt/airflow/dags/crawl_crypto_prices.py
[2026-03-24T06:57:15.032+0000] {processor.py:840} INFO - DAG(s) 'crawl_crypto_prices' retrieved from /opt/airflow/dags/crawl_crypto_prices.py
[2026-03-24T06:57:15.052+0000] {logging_mixin.py:188} INFO - [2026-03-24T06:57:15.051+0000] {dag.py:3036} INFO - Sync 1 DAGs
[2026-03-24T06:57:15.061+0000] {logging_mixin.py:188} INFO - [2026-03-24T06:57:15.061+0000] {dag.py:3823} INFO - Setting next_dagrun for crawl_crypto_prices to 2026-03-24 06:00:00+00:00, run_after=2026-03-24 07:00:00+00:00
[2026-03-24T06:57:15.067+0000] {processor.py:183} INFO - Processing /opt/airflow/dags/crawl_crypto_prices.py took 0.051 seconds
[2026-03-24T06:57:45.321+0000] {processor.py:161} INFO - Started process (PID=13571) to work on /opt/airflow/dags/crawl_crypto_prices.py
[2026-03-24T06:57:45.322+0000] {processor.py:830} INFO - Processing file /opt/airflow/dags/crawl_crypto_prices.py for tasks to queue
[2026-03-24T06:57:45.323+0000] {logging_mixin.py:188} INFO - [2026-03-24T06:57:45.323+0000] {dagbag.py:538} INFO - Filling up the DagBag from /opt/airflow/dags/crawl_crypto_prices.py
[2026-03-24T06:57:45.334+0000] {processor.py:840} INFO - DAG(s) 'crawl_crypto_prices' retrieved from /opt/airflow/dags/crawl_crypto_prices.py
[2026-03-24T06:57:45.352+0000] {logging_mixin.py:188} INFO - [2026-03-24T06:57:45.351+0000] {dag.py:3036} INFO - Sync 1 DAGs
[2026-03-24T06:57:45.361+0000] {logging_mixin.py:188} INFO - [2026-03-24T06:57:45.361+0000] {dag.py:3823} INFO - Setting next_dagrun for crawl_crypto_prices to 2026-03-24 06:00:00+00:00, run_after=2026-03-24 07:00:00+00:00
[2026-03-24T06:57:45.367+0000] {processor.py:183} INFO - Processing /opt/airflow/dags/crawl_crypto_prices.py took 0.049 seconds
[2026-03-24T06:58:15.660+0000] {processor.py:161} INFO - Started process (PID=13576) to work on /opt/airflow/dags/crawl_crypto_prices.py
[2026-03-24T06:58:15.661+0000] {processor.py:830} INFO - Processing file /opt/airflow/dags/crawl_crypto_prices.py for tasks to queue
[2026-03-24T06:58:15.661+0000] {logging_mixin.py:188} INFO - [2026-03-24T06:58:15.661+0000] {dagbag.py:538} INFO - Filling up the DagBag from /opt/airflow/dags/crawl_crypto_prices.py
[2026-03-24T06:58:15.670+0000] {processor.py:840} INFO - DAG(s) 'crawl_crypto_prices' retrieved from /opt/airflow/dags/crawl_crypto_prices.py
[2026-03-24T06:58:15.689+0000] {logging_mixin.py:188} INFO - [2026-03-24T06:58:15.689+0000] {dag.py:3036} INFO - Sync 1 DAGs
[2026-03-24T06:58:15.701+0000] {logging_mixin.py:188} INFO - [2026-03-24T06:58:15.701+0000] {dag.py:3823} INFO - Setting next_dagrun for crawl_crypto_prices to 2026-03-24 06:00:00+00:00, run_after=2026-03-24 07:00:00+00:00
[2026-03-24T06:58:15.709+0000] {processor.py:183} INFO - Processing /opt/airflow/dags/crawl_crypto_prices.py took 0.052 seconds
[2026-03-24T06:58:45.982+0000] {processor.py:161} INFO - Started process (PID=13581) to work on /opt/airflow/dags/crawl_crypto_prices.py
[2026-03-24T06:58:45.983+0000] {processor.py:830} INFO - Processing file /opt/airflow/dags/crawl_crypto_prices.py for tasks to queue
[2026-03-24T06:58:45.984+0000] {logging_mixin.py:188} INFO - [2026-03-24T06:58:45.984+0000] {dagbag.py:538} INFO - Filling up the DagBag from /opt/airflow/dags/crawl_crypto_prices.py
[2026-03-24T06:58:45.995+0000] {processor.py:840} INFO - DAG(s) 'crawl_crypto_prices' retrieved from /opt/airflow/dags/crawl_crypto_prices.py
[2026-03-24T06:58:46.013+0000] {logging_mixin.py:188} INFO - [2026-03-24T06:58:46.013+0000] {dag.py:3036} INFO - Sync 1 DAGs
[2026-03-24T06:58:46.023+0000] {logging_mixin.py:188} INFO - [2026-03-24T06:58:46.023+0000] {dag.py:3823} INFO - Setting next_dagrun for crawl_crypto_prices to 2026-03-24 06:00:00+00:00, run_after=2026-03-24 07:00:00+00:00
[2026-03-24T06:58:46.030+0000] {processor.py:183} INFO - Processing /opt/airflow/dags/crawl_crypto_prices.py took 0.051 seconds
[2026-03-24T06:59:16.280+0000] {processor.py:161} INFO - Started process (PID=13586) to work on /opt/airflow/dags/crawl_crypto_prices.py
[2026-03-24T06:59:16.281+0000] {processor.py:830} INFO - Processing file /opt/airflow/dags/crawl_crypto_prices.py for tasks to queue
[2026-03-24T06:59:16.281+0000] {logging_mixin.py:188} INFO - [2026-03-24T06:59:16.281+0000] {dagbag.py:538} INFO - Filling up the DagBag from /opt/airflow/dags/crawl_crypto_prices.py
[2026-03-24T06:59:16.290+0000] {processor.py:840} INFO - DAG(s) 'crawl_crypto_prices' retrieved from /opt/airflow/dags/crawl_crypto_prices.py
[2026-03-24T06:59:16.302+0000] {logging_mixin.py:188} INFO - [2026-03-24T06:59:16.302+0000] {dag.py:3036} INFO - Sync 1 DAGs
[2026-03-24T06:59:16.311+0000] {logging_mixin.py:188} INFO - [2026-03-24T06:59:16.311+0000] {dag.py:3823} INFO - Setting next_dagrun for crawl_crypto_prices to 2026-03-24 06:00:00+00:00, run_after=2026-03-24 07:00:00+00:00
[2026-03-24T06:59:16.317+0000] {processor.py:183} INFO - Processing /opt/airflow/dags/crawl_crypto_prices.py took 0.039 seconds
[2026-03-24T06:59:46.601+0000] {processor.py:161} INFO - Started process (PID=13591) to work on /opt/airflow/dags/crawl_crypto_prices.py
[2026-03-24T06:59:46.603+0000] {processor.py:830} INFO - Processing file /opt/airflow/dags/crawl_crypto_prices.py for tasks to queue
[2026-03-24T06:59:46.603+0000] {logging_mixin.py:188} INFO - [2026-03-24T06:59:46.603+0000] {dagbag.py:538} INFO - Filling up the DagBag from /opt/airflow/dags/crawl_crypto_prices.py
[2026-03-24T06:59:46.610+0000] {processor.py:840} INFO - DAG(s) 'crawl_crypto_prices' retrieved from /opt/airflow/dags/crawl_crypto_prices.py
[2026-03-24T06:59:46.624+0000] {logging_mixin.py:188} INFO - [2026-03-24T06:59:46.624+0000] {dag.py:3036} INFO - Sync 1 DAGs
[2026-03-24T06:59:46.635+0000] {logging_mixin.py:188} INFO - [2026-03-24T06:59:46.635+0000] {dag.py:3823} INFO - Setting next_dagrun for crawl_crypto_prices to 2026-03-24 06:00:00+00:00, run_after=2026-03-24 07:00:00+00:00
[2026-03-24T06:59:46.642+0000] {processor.py:183} INFO - Processing /opt/airflow/dags/crawl_crypto_prices.py took 0.044 seconds
[2026-03-24T07:02:20.067+0000] {processor.py:161} INFO - Started process (PID=13600) to work on /opt/airflow/dags/crawl_crypto_prices.py
[2026-03-24T07:02:20.068+0000] {processor.py:830} INFO - Processing file /opt/airflow/dags/crawl_crypto_prices.py for tasks to queue
[2026-03-24T07:02:20.069+0000] {logging_mixin.py:188} INFO - [2026-03-24T07:02:20.068+0000] {dagbag.py:538} INFO - Filling up the DagBag from /opt/airflow/dags/crawl_crypto_prices.py
[2026-03-24T07:02:20.080+0000] {processor.py:840} INFO - DAG(s) 'crawl_crypto_prices' retrieved from /opt/airflow/dags/crawl_crypto_prices.py
[2026-03-24T07:02:20.099+0000] {logging_mixin.py:188} INFO - [2026-03-24T07:02:20.099+0000] {dag.py:3036} INFO - Sync 1 DAGs
[2026-03-24T07:02:20.108+0000] {logging_mixin.py:188} INFO - [2026-03-24T07:02:20.108+0000] {dag.py:3823} INFO - Setting next_dagrun for crawl_crypto_prices to 2026-03-24 07:00:00+00:00, run_after=2026-03-24 08:00:00+00:00
[2026-03-24T07:02:20.114+0000] {processor.py:183} INFO - Processing /opt/airflow/dags/crawl_crypto_prices.py took 0.051 seconds
[2026-03-24T07:02:50.423+0000] {processor.py:161} INFO - Started process (PID=13607) to work on /opt/airflow/dags/crawl_crypto_prices.py
[2026-03-24T07:02:50.424+0000] {processor.py:830} INFO - Processing file /opt/airflow/dags/crawl_crypto_prices.py for tasks to queue
[2026-03-24T07:02:50.425+0000] {logging_mixin.py:188} INFO - [2026-03-24T07:02:50.424+0000] {dagbag.py:538} INFO - Filling up the DagBag from /opt/airflow/dags/crawl_crypto_prices.py
[2026-03-24T07:02:50.440+0000] {processor.py:840} INFO - DAG(s) 'crawl_crypto_prices' retrieved from /opt/airflow/dags/crawl_crypto_prices.py
[2026-03-24T07:02:50.463+0000] {logging_mixin.py:188} INFO - [2026-03-24T07:02:50.463+0000] {dag.py:3036} INFO - Sync 1 DAGs
[2026-03-24T07:02:50.473+0000] {logging_mixin.py:188} INFO - [2026-03-24T07:02:50.473+0000] {dag.py:3823} INFO - Setting next_dagrun for crawl_crypto_prices to 2026-03-24 07:00:00+00:00, run_after=2026-03-24 08:00:00+00:00
[2026-03-24T07:02:50.480+0000] {processor.py:183} INFO - Processing /opt/airflow/dags/crawl_crypto_prices.py took 0.062 seconds
[2026-03-24T07:03:20.716+0000] {processor.py:161} INFO - Started process (PID=13612) to work on /opt/airflow/dags/crawl_crypto_prices.py
[2026-03-24T07:03:20.717+0000] {processor.py:830} INFO - Processing file /opt/airflow/dags/crawl_crypto_prices.py for tasks to queue
[2026-03-24T07:03:20.717+0000] {logging_mixin.py:188} INFO - [2026-03-24T07:03:20.717+0000] {dagbag.py:538} INFO - Filling up the DagBag from /opt/airflow/dags/crawl_crypto_prices.py
[2026-03-24T07:03:20.728+0000] {processor.py:840} INFO - DAG(s) 'crawl_crypto_prices' retrieved from /opt/airflow/dags/crawl_crypto_prices.py
[2026-03-24T07:03:20.745+0000] {logging_mixin.py:188} INFO - [2026-03-24T07:03:20.745+0000] {dag.py:3036} INFO - Sync 1 DAGs
[2026-03-24T07:03:20.754+0000] {logging_mixin.py:188} INFO - [2026-03-24T07:03:20.754+0000] {dag.py:3823} INFO - Setting next_dagrun for crawl_crypto_prices to 2026-03-24 07:00:00+00:00, run_after=2026-03-24 08:00:00+00:00
[2026-03-24T07:03:20.760+0000] {processor.py:183} INFO - Processing /opt/airflow/dags/crawl_crypto_prices.py took 0.048 seconds
[2026-03-24T07:03:50.994+0000] {processor.py:161} INFO - Started process (PID=13617) to work on /opt/airflow/dags/crawl_crypto_prices.py
[2026-03-24T07:03:50.995+0000] {processor.py:830} INFO - Processing file /opt/airflow/dags/crawl_crypto_prices.py for tasks to queue
[2026-03-24T07:03:50.995+0000] {logging_mixin.py:188} INFO - [2026-03-24T07:03:50.995+0000] {dagbag.py:538} INFO - Filling up the DagBag from /opt/airflow/dags/crawl_crypto_prices.py
[2026-03-24T07:03:51.005+0000] {processor.py:840} INFO - DAG(s) 'crawl_crypto_prices' retrieved from /opt/airflow/dags/crawl_crypto_prices.py
[2026-03-24T07:03:51.021+0000] {logging_mixin.py:188} INFO - [2026-03-24T07:03:51.020+0000] {dag.py:3036} INFO - Sync 1 DAGs
[2026-03-24T07:03:51.029+0000] {logging_mixin.py:188} INFO - [2026-03-24T07:03:51.029+0000] {dag.py:3823} INFO - Setting next_dagrun for crawl_crypto_prices to 2026-03-24 07:00:00+00:00, run_after=2026-03-24 08:00:00+00:00
[2026-03-24T07:03:51.036+0000] {processor.py:183} INFO - Processing /opt/airflow/dags/crawl_crypto_prices.py took 0.044 seconds
[2026-03-24T07:05:37.211+0000] {processor.py:161} INFO - Started process (PID=13624) to work on /opt/airflow/dags/crawl_crypto_prices.py
[2026-03-24T07:05:37.212+0000] {processor.py:830} INFO - Processing file /opt/airflow/dags/crawl_crypto_prices.py for tasks to queue
[2026-03-24T07:05:37.213+0000] {logging_mixin.py:188} INFO - [2026-03-24T07:05:37.212+0000] {dagbag.py:538} INFO - Filling up the DagBag from /opt/airflow/dags/crawl_crypto_prices.py
[2026-03-24T07:05:37.225+0000] {processor.py:840} INFO - DAG(s) 'crawl_crypto_prices' retrieved from /opt/airflow/dags/crawl_crypto_prices.py
[2026-03-24T07:05:37.248+0000] {logging_mixin.py:188} INFO - [2026-03-24T07:05:37.247+0000] {dag.py:3036} INFO - Sync 1 DAGs
[2026-03-24T07:05:37.265+0000] {logging_mixin.py:188} INFO - [2026-03-24T07:05:37.265+0000] {dag.py:3823} INFO - Setting next_dagrun for crawl_crypto_prices to 2026-03-24 07:00:00+00:00, run_after=2026-03-24 08:00:00+00:00
[2026-03-24T07:05:37.279+0000] {processor.py:183} INFO - Processing /opt/airflow/dags/crawl_crypto_prices.py took 0.070 seconds
[2026-03-24T07:06:07.552+0000] {processor.py:161} INFO - Started process (PID=13629) to work on /opt/airflow/dags/crawl_crypto_prices.py
[2026-03-24T07:06:07.553+0000] {processor.py:830} INFO - Processing file /opt/airflow/dags/crawl_crypto_prices.py for tasks to queue
[2026-03-24T07:06:07.554+0000] {logging_mixin.py:188} INFO - [2026-03-24T07:06:07.553+0000] {dagbag.py:538} INFO - Filling up the DagBag from /opt/airflow/dags/crawl_crypto_prices.py
[2026-03-24T07:06:07.565+0000] {processor.py:840} INFO - DAG(s) 'crawl_crypto_prices' retrieved from /opt/airflow/dags/crawl_crypto_prices.py
[2026-03-24T07:06:07.584+0000] {logging_mixin.py:188} INFO - [2026-03-24T07:06:07.584+0000] {dag.py:3036} INFO - Sync 1 DAGs
[2026-03-24T07:06:07.595+0000] {logging_mixin.py:188} INFO - [2026-03-24T07:06:07.595+0000] {dag.py:3823} INFO - Setting next_dagrun for crawl_crypto_prices to 2026-03-24 07:00:00+00:00, run_after=2026-03-24 08:00:00+00:00
[2026-03-24T07:06:07.602+0000] {processor.py:183} INFO - Processing /opt/airflow/dags/crawl_crypto_prices.py took 0.053 seconds
[2026-03-24T07:06:37.884+0000] {processor.py:161} INFO - Started process (PID=13634) to work on /opt/airflow/dags/crawl_crypto_prices.py
[2026-03-24T07:06:37.885+0000] {processor.py:830} INFO - Processing file /opt/airflow/dags/crawl_crypto_prices.py for tasks to queue
[2026-03-24T07:06:37.886+0000] {logging_mixin.py:188} INFO - [2026-03-24T07:06:37.885+0000] {dagbag.py:538} INFO - Filling up the DagBag from /opt/airflow/dags/crawl_crypto_prices.py
[2026-03-24T07:06:37.896+0000] {processor.py:840} INFO - DAG(s) 'crawl_crypto_prices' retrieved from /opt/airflow/dags/crawl_crypto_prices.py
[2026-03-24T07:06:37.915+0000] {logging_mixin.py:188} INFO - [2026-03-24T07:06:37.915+0000] {dag.py:3036} INFO - Sync 1 DAGs
[2026-03-24T07:06:37.925+0000] {logging_mixin.py:188} INFO - [2026-03-24T07:06:37.925+0000] {dag.py:3823} INFO - Setting next_dagrun for crawl_crypto_prices to 2026-03-24 07:00:00+00:00, run_after=2026-03-24 08:00:00+00:00
[2026-03-24T07:06:37.931+0000] {processor.py:183} INFO - Processing /opt/airflow/dags/crawl_crypto_prices.py took 0.051 seconds
[2026-03-24T07:07:08.183+0000] {processor.py:161} INFO - Started process (PID=13639) to work on /opt/airflow/dags/crawl_crypto_prices.py
[2026-03-24T07:07:08.183+0000] {processor.py:830} INFO - Processing file /opt/airflow/dags/crawl_crypto_prices.py for tasks to queue
[2026-03-24T07:07:08.184+0000] {logging_mixin.py:188} INFO - [2026-03-24T07:07:08.184+0000] {dagbag.py:538} INFO - Filling up the DagBag from /opt/airflow/dags/crawl_crypto_prices.py
[2026-03-24T07:07:08.194+0000] {processor.py:840} INFO - DAG(s) 'crawl_crypto_prices' retrieved from /opt/airflow/dags/crawl_crypto_prices.py
[2026-03-24T07:07:08.211+0000] {logging_mixin.py:188} INFO - [2026-03-24T07:07:08.210+0000] {dag.py:3036} INFO - Sync 1 DAGs
[2026-03-24T07:07:08.219+0000] {logging_mixin.py:188} INFO - [2026-03-24T07:07:08.219+0000] {dag.py:3823} INFO - Setting next_dagrun for crawl_crypto_prices to 2026-03-24 07:00:00+00:00, run_after=2026-03-24 08:00:00+00:00
[2026-03-24T07:07:08.225+0000] {processor.py:183} INFO - Processing /opt/airflow/dags/crawl_crypto_prices.py took 0.046 seconds
[2026-03-24T07:07:38.436+0000] {processor.py:161} INFO - Started process (PID=13644) to work on /opt/airflow/dags/crawl_crypto_prices.py
[2026-03-24T07:07:38.437+0000] {processor.py:830} INFO - Processing file /opt/airflow/dags/crawl_crypto_prices.py for tasks to queue
[2026-03-24T07:07:38.438+0000] {logging_mixin.py:188} INFO - [2026-03-24T07:07:38.438+0000] {dagbag.py:538} INFO - Filling up the DagBag from /opt/airflow/dags/crawl_crypto_prices.py
[2026-03-24T07:07:38.451+0000] {processor.py:840} INFO - DAG(s) 'crawl_crypto_prices' retrieved from /opt/airflow/dags/crawl_crypto_prices.py
[2026-03-24T07:07:38.465+0000] {logging_mixin.py:188} INFO - [2026-03-24T07:07:38.465+0000] {dag.py:3036} INFO - Sync 1 DAGs
[2026-03-24T07:07:38.475+0000] {logging_mixin.py:188} INFO - [2026-03-24T07:07:38.475+0000] {dag.py:3823} INFO - Setting next_dagrun for crawl_crypto_prices to 2026-03-24 07:00:00+00:00, run_after=2026-03-24 08:00:00+00:00
[2026-03-24T07:07:38.481+0000] {processor.py:183} INFO - Processing /opt/airflow/dags/crawl_crypto_prices.py took 0.048 seconds
[2026-03-24T07:08:08.798+0000] {processor.py:161} INFO - Started process (PID=13649) to work on /opt/airflow/dags/crawl_crypto_prices.py
[2026-03-24T07:08:08.799+0000] {processor.py:830} INFO - Processing file /opt/airflow/dags/crawl_crypto_prices.py for tasks to queue
[2026-03-24T07:08:08.799+0000] {logging_mixin.py:188} INFO - [2026-03-24T07:08:08.799+0000] {dagbag.py:538} INFO - Filling up the DagBag from /opt/airflow/dags/crawl_crypto_prices.py
[2026-03-24T07:08:08.811+0000] {processor.py:840} INFO - DAG(s) 'crawl_crypto_prices' retrieved from /opt/airflow/dags/crawl_crypto_prices.py
[2026-03-24T07:08:08.830+0000] {logging_mixin.py:188} INFO - [2026-03-24T07:08:08.830+0000] {dag.py:3036} INFO - Sync 1 DAGs
[2026-03-24T07:08:08.842+0000] {logging_mixin.py:188} INFO - [2026-03-24T07:08:08.842+0000] {dag.py:3823} INFO - Setting next_dagrun for crawl_crypto_prices to 2026-03-24 07:00:00+00:00, run_after=2026-03-24 08:00:00+00:00
[2026-03-24T07:08:08.848+0000] {processor.py:183} INFO - Processing /opt/airflow/dags/crawl_crypto_prices.py took 0.054 seconds
[2026-03-24T07:08:39.112+0000] {processor.py:161} INFO - Started process (PID=13654) to work on /opt/airflow/dags/crawl_crypto_prices.py
[2026-03-24T07:08:39.113+0000] {processor.py:830} INFO - Processing file /opt/airflow/dags/crawl_crypto_prices.py for tasks to queue
[2026-03-24T07:08:39.113+0000] {logging_mixin.py:188} INFO - [2026-03-24T07:08:39.113+0000] {dagbag.py:538} INFO - Filling up the DagBag from /opt/airflow/dags/crawl_crypto_prices.py
[2026-03-24T07:08:39.120+0000] {processor.py:840} INFO - DAG(s) 'crawl_crypto_prices' retrieved from /opt/airflow/dags/crawl_crypto_prices.py
[2026-03-24T07:08:39.132+0000] {logging_mixin.py:188} INFO - [2026-03-24T07:08:39.132+0000] {dag.py:3036} INFO - Sync 1 DAGs
[2026-03-24T07:08:39.141+0000] {logging_mixin.py:188} INFO - [2026-03-24T07:08:39.141+0000] {dag.py:3823} INFO - Setting next_dagrun for crawl_crypto_prices to 2026-03-24 07:00:00+00:00, run_after=2026-03-24 08:00:00+00:00
[2026-03-24T07:08:39.147+0000] {processor.py:183} INFO - Processing /opt/airflow/dags/crawl_crypto_prices.py took 0.037 seconds
[2026-03-24T07:09:09.450+0000] {processor.py:161} INFO - Started process (PID=13659) to work on /opt/airflow/dags/crawl_crypto_prices.py
[2026-03-24T07:09:09.451+0000] {processor.py:830} INFO - Processing file /opt/airflow/dags/crawl_crypto_prices.py for tasks to queue
[2026-03-24T07:09:09.451+0000] {logging_mixin.py:188} INFO - [2026-03-24T07:09:09.451+0000] {dagbag.py:538} INFO - Filling up the DagBag from /opt/airflow/dags/crawl_crypto_prices.py
[2026-03-24T07:09:09.463+0000] {processor.py:840} INFO - DAG(s) 'crawl_crypto_prices' retrieved from /opt/airflow/dags/crawl_crypto_prices.py
[2026-03-24T07:09:09.481+0000] {logging_mixin.py:188} INFO - [2026-03-24T07:09:09.481+0000] {dag.py:3036} INFO - Sync 1 DAGs
[2026-03-24T07:09:09.492+0000] {logging_mixin.py:188} INFO - [2026-03-24T07:09:09.492+0000] {dag.py:3823} INFO - Setting next_dagrun for crawl_crypto_prices to 2026-03-24 07:00:00+00:00, run_after=2026-03-24 08:00:00+00:00
[2026-03-24T07:09:09.498+0000] {processor.py:183} INFO - Processing /opt/airflow/dags/crawl_crypto_prices.py took 0.052 seconds
[2026-03-24T07:09:39.751+0000] {processor.py:161} INFO - Started process (PID=13664) to work on /opt/airflow/dags/crawl_crypto_prices.py
[2026-03-24T07:09:39.751+0000] {processor.py:830} INFO - Processing file /opt/airflow/dags/crawl_crypto_prices.py for tasks to queue
[2026-03-24T07:09:39.752+0000] {logging_mixin.py:188} INFO - [2026-03-24T07:09:39.752+0000] {dagbag.py:538} INFO - Filling up the DagBag from /opt/airflow/dags/crawl_crypto_prices.py
[2026-03-24T07:09:39.759+0000] {processor.py:840} INFO - DAG(s) 'crawl_crypto_prices' retrieved from /opt/airflow/dags/crawl_crypto_prices.py
[2026-03-24T07:09:39.771+0000] {logging_mixin.py:188} INFO - [2026-03-24T07:09:39.771+0000] {dag.py:3036} INFO - Sync 1 DAGs
[2026-03-24T07:09:39.780+0000] {logging_mixin.py:188} INFO - [2026-03-24T07:09:39.780+0000] {dag.py:3823} INFO - Setting next_dagrun for crawl_crypto_prices to 2026-03-24 07:00:00+00:00, run_after=2026-03-24 08:00:00+00:00
[2026-03-24T07:09:39.786+0000] {processor.py:183} INFO - Processing /opt/airflow/dags/crawl_crypto_prices.py took 0.038 seconds
[2026-03-24T07:10:11.036+0000] {processor.py:161} INFO - Started process (PID=13669) to work on /opt/airflow/dags/crawl_crypto_prices.py
[2026-03-24T07:10:11.037+0000] {processor.py:830} INFO - Processing file /opt/airflow/dags/crawl_crypto_prices.py for tasks to queue
[2026-03-24T07:10:11.038+0000] {logging_mixin.py:188} INFO - [2026-03-24T07:10:11.038+0000] {dagbag.py:538} INFO - Filling up the DagBag from /opt/airflow/dags/crawl_crypto_prices.py
[2026-03-24T07:10:11.056+0000] {processor.py:840} INFO - DAG(s) 'crawl_crypto_prices' retrieved from /opt/airflow/dags/crawl_crypto_prices.py
[2026-03-24T07:10:11.077+0000] {logging_mixin.py:188} INFO - [2026-03-24T07:10:11.077+0000] {dag.py:3036} INFO - Sync 1 DAGs
[2026-03-24T07:10:11.089+0000] {logging_mixin.py:188} INFO - [2026-03-24T07:10:11.089+0000] {dag.py:3823} INFO - Setting next_dagrun for crawl_crypto_prices to 2026-03-24 07:00:00+00:00, run_after=2026-03-24 08:00:00+00:00
[2026-03-24T07:10:11.095+0000] {processor.py:183} INFO - Processing /opt/airflow/dags/crawl_crypto_prices.py took 0.065 seconds
[2026-03-24T07:10:41.401+0000] {processor.py:161} INFO - Started process (PID=13674) to work on /opt/airflow/dags/crawl_crypto_prices.py
[2026-03-24T07:10:41.402+0000] {processor.py:830} INFO - Processing file /opt/airflow/dags/crawl_crypto_prices.py for tasks to queue
[2026-03-24T07:10:41.403+0000] {logging_mixin.py:188} INFO - [2026-03-24T07:10:41.403+0000] {dagbag.py:538} INFO - Filling up the DagBag from /opt/airflow/dags/crawl_crypto_prices.py
[2026-03-24T07:10:41.418+0000] {processor.py:840} INFO - DAG(s) 'crawl_crypto_prices' retrieved from /opt/airflow/dags/crawl_crypto_prices.py
[2026-03-24T07:10:41.433+0000] {logging_mixin.py:188} INFO - [2026-03-24T07:10:41.433+0000] {dag.py:3036} INFO - Sync 1 DAGs
[2026-03-24T07:10:41.446+0000] {logging_mixin.py:188} INFO - [2026-03-24T07:10:41.445+0000] {dag.py:3823} INFO - Setting next_dagrun for crawl_crypto_prices to 2026-03-24 07:00:00+00:00, run_after=2026-03-24 08:00:00+00:00
[2026-03-24T07:10:41.453+0000] {processor.py:183} INFO - Processing /opt/airflow/dags/crawl_crypto_prices.py took 0.056 seconds
[2026-03-24T07:11:11.707+0000] {processor.py:161} INFO - Started process (PID=13679) to work on /opt/airflow/dags/crawl_crypto_prices.py
[2026-03-24T07:11:11.708+0000] {processor.py:830} INFO - Processing file /opt/airflow/dags/crawl_crypto_prices.py for tasks to queue
[2026-03-24T07:11:11.709+0000] {logging_mixin.py:188} INFO - [2026-03-24T07:11:11.708+0000] {dagbag.py:538} INFO - Filling up the DagBag from /opt/airflow/dags/crawl_crypto_prices.py
[2026-03-24T07:11:11.720+0000] {processor.py:840} INFO - DAG(s) 'crawl_crypto_prices' retrieved from /opt/airflow/dags/crawl_crypto_prices.py
[2026-03-24T07:11:11.739+0000] {logging_mixin.py:188} INFO - [2026-03-24T07:11:11.739+0000] {dag.py:3036} INFO - Sync 1 DAGs
[2026-03-24T07:11:11.750+0000] {logging_mixin.py:188} INFO - [2026-03-24T07:11:11.750+0000] {dag.py:3823} INFO - Setting next_dagrun for crawl_crypto_prices to 2026-03-24 07:00:00+00:00, run_after=2026-03-24 08:00:00+00:00
[2026-03-24T07:11:11.756+0000] {processor.py:183} INFO - Processing /opt/airflow/dags/crawl_crypto_prices.py took 0.053 seconds
[2026-03-24T07:11:42.022+0000] {processor.py:161} INFO - Started process (PID=13684) to work on /opt/airflow/dags/crawl_crypto_prices.py
[2026-03-24T07:11:42.023+0000] {processor.py:830} INFO - Processing file /opt/airflow/dags/crawl_crypto_prices.py for tasks to queue
[2026-03-24T07:11:42.024+0000] {logging_mixin.py:188} INFO - [2026-03-24T07:11:42.024+0000] {dagbag.py:538} INFO - Filling up the DagBag from /opt/airflow/dags/crawl_crypto_prices.py
[2026-03-24T07:11:42.036+0000] {processor.py:840} INFO - DAG(s) 'crawl_crypto_prices' retrieved from /opt/airflow/dags/crawl_crypto_prices.py
[2026-03-24T07:11:42.055+0000] {logging_mixin.py:188} INFO - [2026-03-24T07:11:42.055+0000] {dag.py:3036} INFO - Sync 1 DAGs
[2026-03-24T07:11:42.066+0000] {logging_mixin.py:188} INFO - [2026-03-24T07:11:42.065+0000] {dag.py:3823} INFO - Setting next_dagrun for crawl_crypto_prices to 2026-03-24 07:00:00+00:00, run_after=2026-03-24 08:00:00+00:00
[2026-03-24T07:11:42.072+0000] {processor.py:183} INFO - Processing /opt/airflow/dags/crawl_crypto_prices.py took 0.053 seconds
[2026-03-24T07:12:12.308+0000] {processor.py:161} INFO - Started process (PID=13689) to work on /opt/airflow/dags/crawl_crypto_prices.py
[2026-03-24T07:12:12.309+0000] {processor.py:830} INFO - Processing file /opt/airflow/dags/crawl_crypto_prices.py for tasks to queue
[2026-03-24T07:12:12.310+0000] {logging_mixin.py:188} INFO - [2026-03-24T07:12:12.310+0000] {dagbag.py:538} INFO - Filling up the DagBag from /opt/airflow/dags/crawl_crypto_prices.py
[2026-03-24T07:12:12.321+0000] {processor.py:840} INFO - DAG(s) 'crawl_crypto_prices' retrieved from /opt/airflow/dags/crawl_crypto_prices.py
[2026-03-24T07:12:12.336+0000] {logging_mixin.py:188} INFO - [2026-03-24T07:12:12.336+0000] {dag.py:3036} INFO - Sync 1 DAGs
[2026-03-24T07:12:12.348+0000] {logging_mixin.py:188} INFO - [2026-03-24T07:12:12.348+0000] {dag.py:3823} INFO - Setting next_dagrun for crawl_crypto_prices to 2026-03-24 07:00:00+00:00, run_after=2026-03-24 08:00:00+00:00
[2026-03-24T07:12:12.356+0000] {processor.py:183} INFO - Processing /opt/airflow/dags/crawl_crypto_prices.py took 0.053 seconds
[2026-03-24T07:12:42.581+0000] {processor.py:161} INFO - Started process (PID=13694) to work on /opt/airflow/dags/crawl_crypto_prices.py
[2026-03-24T07:12:42.582+0000] {processor.py:830} INFO - Processing file /opt/airflow/dags/crawl_crypto_prices.py for tasks to queue
[2026-03-24T07:12:42.583+0000] {logging_mixin.py:188} INFO - [2026-03-24T07:12:42.582+0000] {dagbag.py:538} INFO - Filling up the DagBag from /opt/airflow/dags/crawl_crypto_prices.py
[2026-03-24T07:12:42.594+0000] {processor.py:840} INFO - DAG(s) 'crawl_crypto_prices' retrieved from /opt/airflow/dags/crawl_crypto_prices.py
[2026-03-24T07:12:42.613+0000] {logging_mixin.py:188} INFO - [2026-03-24T07:12:42.613+0000] {dag.py:3036} INFO - Sync 1 DAGs
[2026-03-24T07:12:42.623+0000] {logging_mixin.py:188} INFO - [2026-03-24T07:12:42.623+0000] {dag.py:3823} INFO - Setting next_dagrun for crawl_crypto_prices to 2026-03-24 07:00:00+00:00, run_after=2026-03-24 08:00:00+00:00
[2026-03-24T07:12:42.630+0000] {processor.py:183} INFO - Processing /opt/airflow/dags/crawl_crypto_prices.py took 0.052 seconds
[2026-03-24T07:13:12.852+0000] {processor.py:161} INFO - Started process (PID=13699) to work on /opt/airflow/dags/crawl_crypto_prices.py
[2026-03-24T07:13:12.853+0000] {processor.py:830} INFO - Processing file /opt/airflow/dags/crawl_crypto_prices.py for tasks to queue
[2026-03-24T07:13:12.854+0000] {logging_mixin.py:188} INFO - [2026-03-24T07:13:12.854+0000] {dagbag.py:538} INFO - Filling up the DagBag from /opt/airflow/dags/crawl_crypto_prices.py
[2026-03-24T07:13:12.867+0000] {processor.py:840} INFO - DAG(s) 'crawl_crypto_prices' retrieved from /opt/airflow/dags/crawl_crypto_prices.py
[2026-03-24T07:13:12.888+0000] {logging_mixin.py:188} INFO - [2026-03-24T07:13:12.888+0000] {dag.py:3036} INFO - Sync 1 DAGs
[2026-03-24T07:13:12.898+0000] {logging_mixin.py:188} INFO - [2026-03-24T07:13:12.898+0000] {dag.py:3823} INFO - Setting next_dagrun for crawl_crypto_prices to 2026-03-24 07:00:00+00:00, run_after=2026-03-24 08:00:00+00:00
[2026-03-24T07:13:12.904+0000] {processor.py:183} INFO - Processing /opt/airflow/dags/crawl_crypto_prices.py took 0.055 seconds
[2026-03-24T07:13:32.041+0000] {processor.py:161} INFO - Started process (PID=13704) to work on /opt/airflow/dags/crawl_crypto_prices.py
[2026-03-24T07:13:32.042+0000] {processor.py:830} INFO - Processing file /opt/airflow/dags/crawl_crypto_prices.py for tasks to queue
[2026-03-24T07:13:32.042+0000] {logging_mixin.py:188} INFO - [2026-03-24T07:13:32.042+0000] {dagbag.py:538} INFO - Filling up the DagBag from /opt/airflow/dags/crawl_crypto_prices.py
[2026-03-24T07:13:32.054+0000] {processor.py:840} INFO - DAG(s) 'crawl_crypto_prices' retrieved from /opt/airflow/dags/crawl_crypto_prices.py
[2026-03-24T07:13:32.069+0000] {logging_mixin.py:188} INFO - [2026-03-24T07:13:32.069+0000] {dag.py:3036} INFO - Sync 1 DAGs
[2026-03-24T07:13:32.078+0000] {logging_mixin.py:188} INFO - [2026-03-24T07:13:32.078+0000] {dag.py:3823} INFO - Setting next_dagrun for crawl_crypto_prices to 2026-03-24 07:00:00+00:00, run_after=2026-03-24 08:00:00+00:00
[2026-03-24T07:13:32.086+0000] {processor.py:183} INFO - Processing /opt/airflow/dags/crawl_crypto_prices.py took 0.048 seconds
[2026-03-24T07:13:33.064+0000] {processor.py:161} INFO - Started process (PID=13709) to work on /opt/airflow/dags/crawl_crypto_prices.py
[2026-03-24T07:13:33.065+0000] {processor.py:830} INFO - Processing file /opt/airflow/dags/crawl_crypto_prices.py for tasks to queue
[2026-03-24T07:13:33.066+0000] {logging_mixin.py:188} INFO - [2026-03-24T07:13:33.066+0000] {dagbag.py:538} INFO - Filling up the DagBag from /opt/airflow/dags/crawl_crypto_prices.py
[2026-03-24T07:13:33.078+0000] {processor.py:840} INFO - DAG(s) 'crawl_crypto_prices' retrieved from /opt/airflow/dags/crawl_crypto_prices.py
[2026-03-24T07:13:33.095+0000] {logging_mixin.py:188} INFO - [2026-03-24T07:13:33.095+0000] {dag.py:3036} INFO - Sync 1 DAGs
[2026-03-24T07:13:33.105+0000] {logging_mixin.py:188} INFO - [2026-03-24T07:13:33.105+0000] {dag.py:3823} INFO - Setting next_dagrun for crawl_crypto_prices to 2026-03-24 07:00:00+00:00, run_after=2026-03-24 08:00:00+00:00
[2026-03-24T07:13:33.112+0000] {processor.py:183} INFO - Processing /opt/airflow/dags/crawl_crypto_prices.py took 0.051 seconds
[2026-03-24T07:14:03.425+0000] {processor.py:161} INFO - Started process (PID=13718) to work on /opt/airflow/dags/crawl_crypto_prices.py
[2026-03-24T07:14:03.426+0000] {processor.py:830} INFO - Processing file /opt/airflow/dags/crawl_crypto_prices.py for tasks to queue
[2026-03-24T07:14:03.427+0000] {logging_mixin.py:188} INFO - [2026-03-24T07:14:03.426+0000] {dagbag.py:538} INFO - Filling up the DagBag from /opt/airflow/dags/crawl_crypto_prices.py
[2026-03-24T07:14:03.439+0000] {processor.py:840} INFO - DAG(s) 'crawl_crypto_prices' retrieved from /opt/airflow/dags/crawl_crypto_prices.py
[2026-03-24T07:14:03.458+0000] {logging_mixin.py:188} INFO - [2026-03-24T07:14:03.458+0000] {dag.py:3036} INFO - Sync 1 DAGs
[2026-03-24T07:14:03.468+0000] {logging_mixin.py:188} INFO - [2026-03-24T07:14:03.468+0000] {dag.py:3823} INFO - Setting next_dagrun for crawl_crypto_prices to 2026-03-24 07:00:00+00:00, run_after=2026-03-24 08:00:00+00:00
[2026-03-24T07:14:03.474+0000] {processor.py:183} INFO - Processing /opt/airflow/dags/crawl_crypto_prices.py took 0.053 seconds
[2026-03-24T07:14:33.725+0000] {processor.py:161} INFO - Started process (PID=13723) to work on /opt/airflow/dags/crawl_crypto_prices.py
[2026-03-24T07:14:33.726+0000] {processor.py:830} INFO - Processing file /opt/airflow/dags/crawl_crypto_prices.py for tasks to queue
[2026-03-24T07:14:33.727+0000] {logging_mixin.py:188} INFO - [2026-03-24T07:14:33.727+0000] {dagbag.py:538} INFO - Filling up the DagBag from /opt/airflow/dags/crawl_crypto_prices.py
[2026-03-24T07:14:33.738+0000] {processor.py:840} INFO - DAG(s) 'crawl_crypto_prices' retrieved from /opt/airflow/dags/crawl_crypto_prices.py
[2026-03-24T07:14:33.756+0000] {logging_mixin.py:188} INFO - [2026-03-24T07:14:33.756+0000] {dag.py:3036} INFO - Sync 1 DAGs
[2026-03-24T07:14:33.765+0000] {logging_mixin.py:188} INFO - [2026-03-24T07:14:33.765+0000] {dag.py:3823} INFO - Setting next_dagrun for crawl_crypto_prices to 2026-03-24 07:00:00+00:00, run_after=2026-03-24 08:00:00+00:00
[2026-03-24T07:14:33.772+0000] {processor.py:183} INFO - Processing /opt/airflow/dags/crawl_crypto_prices.py took 0.050 seconds
[2026-03-24T07:15:04.067+0000] {processor.py:161} INFO - Started process (PID=13728) to work on /opt/airflow/dags/crawl_crypto_prices.py
[2026-03-24T07:15:04.069+0000] {processor.py:830} INFO - Processing file /opt/airflow/dags/crawl_crypto_prices.py for tasks to queue
[2026-03-24T07:15:04.070+0000] {logging_mixin.py:188} INFO - [2026-03-24T07:15:04.069+0000] {dagbag.py:538} INFO - Filling up the DagBag from /opt/airflow/dags/crawl_crypto_prices.py
[2026-03-24T07:15:04.085+0000] {processor.py:840} INFO - DAG(s) 'crawl_crypto_prices' retrieved from /opt/airflow/dags/crawl_crypto_prices.py
[2026-03-24T07:15:04.105+0000] {logging_mixin.py:188} INFO - [2026-03-24T07:15:04.105+0000] {dag.py:3036} INFO - Sync 1 DAGs
[2026-03-24T07:15:04.116+0000] {logging_mixin.py:188} INFO - [2026-03-24T07:15:04.116+0000] {dag.py:3823} INFO - Setting next_dagrun for crawl_crypto_prices to 2026-03-24 07:00:00+00:00, run_after=2026-03-24 08:00:00+00:00
[2026-03-24T07:15:04.122+0000] {processor.py:183} INFO - Processing /opt/airflow/dags/crawl_crypto_prices.py took 0.060 seconds
[2026-03-24T07:15:34.397+0000] {processor.py:161} INFO - Started process (PID=13733) to work on /opt/airflow/dags/crawl_crypto_prices.py
[2026-03-24T07:15:34.398+0000] {processor.py:830} INFO - Processing file /opt/airflow/dags/crawl_crypto_prices.py for tasks to queue
[2026-03-24T07:15:34.399+0000] {logging_mixin.py:188} INFO - [2026-03-24T07:15:34.399+0000] {dagbag.py:538} INFO - Filling up the DagBag from /opt/airflow/dags/crawl_crypto_prices.py
[2026-03-24T07:15:34.413+0000] {processor.py:840} INFO - DAG(s) 'crawl_crypto_prices' retrieved from /opt/airflow/dags/crawl_crypto_prices.py
[2026-03-24T07:15:34.435+0000] {logging_mixin.py:188} INFO - [2026-03-24T07:15:34.435+0000] {dag.py:3036} INFO - Sync 1 DAGs
[2026-03-24T07:15:34.447+0000] {logging_mixin.py:188} INFO - [2026-03-24T07:15:34.447+0000] {dag.py:3823} INFO - Setting next_dagrun for crawl_crypto_prices to 2026-03-24 07:00:00+00:00, run_after=2026-03-24 08:00:00+00:00
[2026-03-24T07:15:34.454+0000] {processor.py:183} INFO - Processing /opt/airflow/dags/crawl_crypto_prices.py took 0.061 seconds
[2026-03-24T07:16:04.694+0000] {processor.py:161} INFO - Started process (PID=13738) to work on /opt/airflow/dags/crawl_crypto_prices.py
[2026-03-24T07:16:04.695+0000] {processor.py:830} INFO - Processing file /opt/airflow/dags/crawl_crypto_prices.py for tasks to queue
[2026-03-24T07:16:04.696+0000] {logging_mixin.py:188} INFO - [2026-03-24T07:16:04.695+0000] {dagbag.py:538} INFO - Filling up the DagBag from /opt/airflow/dags/crawl_crypto_prices.py
[2026-03-24T07:16:04.709+0000] {processor.py:840} INFO - DAG(s) 'crawl_crypto_prices' retrieved from /opt/airflow/dags/crawl_crypto_prices.py
[2026-03-24T07:16:04.726+0000] {logging_mixin.py:188} INFO - [2026-03-24T07:16:04.726+0000] {dag.py:3036} INFO - Sync 1 DAGs
[2026-03-24T07:16:04.736+0000] {logging_mixin.py:188} INFO - [2026-03-24T07:16:04.736+0000] {dag.py:3823} INFO - Setting next_dagrun for crawl_crypto_prices to 2026-03-24 07:00:00+00:00, run_after=2026-03-24 08:00:00+00:00
[2026-03-24T07:16:04.743+0000] {processor.py:183} INFO - Processing /opt/airflow/dags/crawl_crypto_prices.py took 0.052 seconds
[2026-03-24T07:16:35.004+0000] {processor.py:161} INFO - Started process (PID=13743) to work on /opt/airflow/dags/crawl_crypto_prices.py
[2026-03-24T07:16:35.005+0000] {processor.py:830} INFO - Processing file /opt/airflow/dags/crawl_crypto_prices.py for tasks to queue
[2026-03-24T07:16:35.006+0000] {logging_mixin.py:188} INFO - [2026-03-24T07:16:35.006+0000] {dagbag.py:538} INFO - Filling up the DagBag from /opt/airflow/dags/crawl_crypto_prices.py
[2026-03-24T07:16:35.019+0000] {processor.py:840} INFO - DAG(s) 'crawl_crypto_prices' retrieved from /opt/airflow/dags/crawl_crypto_prices.py
[2026-03-24T07:16:35.038+0000] {logging_mixin.py:188} INFO - [2026-03-24T07:16:35.038+0000] {dag.py:3036} INFO - Sync 1 DAGs
[2026-03-24T07:16:35.049+0000] {logging_mixin.py:188} INFO - [2026-03-24T07:16:35.049+0000] {dag.py:3823} INFO - Setting next_dagrun for crawl_crypto_prices to 2026-03-24 07:00:00+00:00, run_after=2026-03-24 08:00:00+00:00
[2026-03-24T07:16:35.055+0000] {processor.py:183} INFO - Processing /opt/airflow/dags/crawl_crypto_prices.py took 0.055 seconds
[2026-03-24T07:17:05.335+0000] {processor.py:161} INFO - Started process (PID=13748) to work on /opt/airflow/dags/crawl_crypto_prices.py
[2026-03-24T07:17:05.336+0000] {processor.py:830} INFO - Processing file /opt/airflow/dags/crawl_crypto_prices.py for tasks to queue
[2026-03-24T07:17:05.337+0000] {logging_mixin.py:188} INFO - [2026-03-24T07:17:05.336+0000] {dagbag.py:538} INFO - Filling up the DagBag from /opt/airflow/dags/crawl_crypto_prices.py
[2026-03-24T07:17:05.347+0000] {processor.py:840} INFO - DAG(s) 'crawl_crypto_prices' retrieved from /opt/airflow/dags/crawl_crypto_prices.py
[2026-03-24T07:17:05.365+0000] {logging_mixin.py:188} INFO - [2026-03-24T07:17:05.364+0000] {dag.py:3036} INFO - Sync 1 DAGs
[2026-03-24T07:17:05.374+0000] {logging_mixin.py:188} INFO - [2026-03-24T07:17:05.374+0000] {dag.py:3823} INFO - Setting next_dagrun for crawl_crypto_prices to 2026-03-24 07:00:00+00:00, run_after=2026-03-24 08:00:00+00:00
[2026-03-24T07:17:05.381+0000] {processor.py:183} INFO - Processing /opt/airflow/dags/crawl_crypto_prices.py took 0.049 seconds
[2026-03-24T07:17:35.662+0000] {processor.py:161} INFO - Started process (PID=13753) to work on /opt/airflow/dags/crawl_crypto_prices.py
[2026-03-24T07:17:35.663+0000] {processor.py:830} INFO - Processing file /opt/airflow/dags/crawl_crypto_prices.py for tasks to queue
[2026-03-24T07:17:35.664+0000] {logging_mixin.py:188} INFO - [2026-03-24T07:17:35.664+0000] {dagbag.py:538} INFO - Filling up the DagBag from /opt/airflow/dags/crawl_crypto_prices.py
[2026-03-24T07:17:35.676+0000] {processor.py:840} INFO - DAG(s) 'crawl_crypto_prices' retrieved from /opt/airflow/dags/crawl_crypto_prices.py
[2026-03-24T07:17:35.696+0000] {logging_mixin.py:188} INFO - [2026-03-24T07:17:35.696+0000] {dag.py:3036} INFO - Sync 1 DAGs
[2026-03-24T07:17:35.707+0000] {logging_mixin.py:188} INFO - [2026-03-24T07:17:35.707+0000] {dag.py:3823} INFO - Setting next_dagrun for crawl_crypto_prices to 2026-03-24 07:00:00+00:00, run_after=2026-03-24 08:00:00+00:00
[2026-03-24T07:17:35.714+0000] {processor.py:183} INFO - Processing /opt/airflow/dags/crawl_crypto_prices.py took 0.056 seconds
[2026-03-24T07:18:05.965+0000] {processor.py:161} INFO - Started process (PID=13758) to work on /opt/airflow/dags/crawl_crypto_prices.py
[2026-03-24T07:18:05.966+0000] {processor.py:830} INFO - Processing file /opt/airflow/dags/crawl_crypto_prices.py for tasks to queue
[2026-03-24T07:18:05.967+0000] {logging_mixin.py:188} INFO - [2026-03-24T07:18:05.967+0000] {dagbag.py:538} INFO - Filling up the DagBag from /opt/airflow/dags/crawl_crypto_prices.py
[2026-03-24T07:18:05.978+0000] {processor.py:840} INFO - DAG(s) 'crawl_crypto_prices' retrieved from /opt/airflow/dags/crawl_crypto_prices.py
[2026-03-24T07:18:05.998+0000] {logging_mixin.py:188} INFO - [2026-03-24T07:18:05.998+0000] {dag.py:3036} INFO - Sync 1 DAGs
[2026-03-24T07:18:06.010+0000] {logging_mixin.py:188} INFO - [2026-03-24T07:18:06.010+0000] {dag.py:3823} INFO - Setting next_dagrun for crawl_crypto_prices to 2026-03-24 07:00:00+00:00, run_after=2026-03-24 08:00:00+00:00
[2026-03-24T07:18:06.016+0000] {processor.py:183} INFO - Processing /opt/airflow/dags/crawl_crypto_prices.py took 0.055 seconds
[2026-03-24T07:18:36.286+0000] {processor.py:161} INFO - Started process (PID=13763) to work on /opt/airflow/dags/crawl_crypto_prices.py
[2026-03-24T07:18:36.288+0000] {processor.py:830} INFO - Processing file /opt/airflow/dags/crawl_crypto_prices.py for tasks to queue
[2026-03-24T07:18:36.289+0000] {logging_mixin.py:188} INFO - [2026-03-24T07:18:36.288+0000] {dagbag.py:538} INFO - Filling up the DagBag from /opt/airflow/dags/crawl_crypto_prices.py
[2026-03-24T07:18:36.301+0000] {processor.py:840} INFO - DAG(s) 'crawl_crypto_prices' retrieved from /opt/airflow/dags/crawl_crypto_prices.py
[2026-03-24T07:18:36.321+0000] {logging_mixin.py:188} INFO - [2026-03-24T07:18:36.321+0000] {dag.py:3036} INFO - Sync 1 DAGs
[2026-03-24T07:18:36.333+0000] {logging_mixin.py:188} INFO - [2026-03-24T07:18:36.332+0000] {dag.py:3823} INFO - Setting next_dagrun for crawl_crypto_prices to 2026-03-24 07:00:00+00:00, run_after=2026-03-24 08:00:00+00:00
[2026-03-24T07:18:36.339+0000] {processor.py:183} INFO - Processing /opt/airflow/dags/crawl_crypto_prices.py took 0.056 seconds
[2026-03-24T07:19:06.629+0000] {processor.py:161} INFO - Started process (PID=13768) to work on /opt/airflow/dags/crawl_crypto_prices.py
[2026-03-24T07:19:06.631+0000] {processor.py:830} INFO - Processing file /opt/airflow/dags/crawl_crypto_prices.py for tasks to queue
[2026-03-24T07:19:06.631+0000] {logging_mixin.py:188} INFO - [2026-03-24T07:19:06.631+0000] {dagbag.py:538} INFO - Filling up the DagBag from /opt/airflow/dags/crawl_crypto_prices.py
[2026-03-24T07:19:06.642+0000] {processor.py:840} INFO - DAG(s) 'crawl_crypto_prices' retrieved from /opt/airflow/dags/crawl_crypto_prices.py
[2026-03-24T07:19:06.661+0000] {logging_mixin.py:188} INFO - [2026-03-24T07:19:06.660+0000] {dag.py:3036} INFO - Sync 1 DAGs
[2026-03-24T07:19:06.671+0000] {logging_mixin.py:188} INFO - [2026-03-24T07:19:06.671+0000] {dag.py:3823} INFO - Setting next_dagrun for crawl_crypto_prices to 2026-03-24 07:00:00+00:00, run_after=2026-03-24 08:00:00+00:00
[2026-03-24T07:19:06.678+0000] {processor.py:183} INFO - Processing /opt/airflow/dags/crawl_crypto_prices.py took 0.052 seconds
[2026-03-24T07:19:36.980+0000] {processor.py:161} INFO - Started process (PID=13777) to work on /opt/airflow/dags/crawl_crypto_prices.py
[2026-03-24T07:19:36.981+0000] {processor.py:830} INFO - Processing file /opt/airflow/dags/crawl_crypto_prices.py for tasks to queue
[2026-03-24T07:19:36.981+0000] {logging_mixin.py:188} INFO - [2026-03-24T07:19:36.981+0000] {dagbag.py:538} INFO - Filling up the DagBag from /opt/airflow/dags/crawl_crypto_prices.py
[2026-03-24T07:19:36.997+0000] {processor.py:840} INFO - DAG(s) 'crawl_crypto_prices' retrieved from /opt/airflow/dags/crawl_crypto_prices.py
[2026-03-24T07:19:37.019+0000] {logging_mixin.py:188} INFO - [2026-03-24T07:19:37.019+0000] {dag.py:3036} INFO - Sync 1 DAGs
[2026-03-24T07:19:37.030+0000] {logging_mixin.py:188} INFO - [2026-03-24T07:19:37.030+0000] {dag.py:3823} INFO - Setting next_dagrun for crawl_crypto_prices to 2026-03-24 07:00:00+00:00, run_after=2026-03-24 08:00:00+00:00
[2026-03-24T07:19:37.036+0000] {processor.py:183} INFO - Processing /opt/airflow/dags/crawl_crypto_prices.py took 0.061 seconds
[2026-03-24T07:20:07.295+0000] {processor.py:161} INFO - Started process (PID=13782) to work on /opt/airflow/dags/crawl_crypto_prices.py
[2026-03-24T07:20:07.297+0000] {processor.py:830} INFO - Processing file /opt/airflow/dags/crawl_crypto_prices.py for tasks to queue
[2026-03-24T07:20:07.298+0000] {logging_mixin.py:188} INFO - [2026-03-24T07:20:07.298+0000] {dagbag.py:538} INFO - Filling up the DagBag from /opt/airflow/dags/crawl_crypto_prices.py
[2026-03-24T07:20:07.313+0000] {processor.py:840} INFO - DAG(s) 'crawl_crypto_prices' retrieved from /opt/airflow/dags/crawl_crypto_prices.py
[2026-03-24T07:20:07.333+0000] {logging_mixin.py:188} INFO - [2026-03-24T07:20:07.333+0000] {dag.py:3036} INFO - Sync 1 DAGs
[2026-03-24T07:20:07.343+0000] {logging_mixin.py:188} INFO - [2026-03-24T07:20:07.343+0000] {dag.py:3823} INFO - Setting next_dagrun for crawl_crypto_prices to 2026-03-24 07:00:00+00:00, run_after=2026-03-24 08:00:00+00:00
[2026-03-24T07:20:07.349+0000] {processor.py:183} INFO - Processing /opt/airflow/dags/crawl_crypto_prices.py took 0.059 seconds
[2026-03-24T07:20:37.617+0000] {processor.py:161} INFO - Started process (PID=13787) to work on /opt/airflow/dags/crawl_crypto_prices.py
[2026-03-24T07:20:37.618+0000] {processor.py:830} INFO - Processing file /opt/airflow/dags/crawl_crypto_prices.py for tasks to queue
[2026-03-24T07:20:37.619+0000] {logging_mixin.py:188} INFO - [2026-03-24T07:20:37.618+0000] {dagbag.py:538} INFO - Filling up the DagBag from /opt/airflow/dags/crawl_crypto_prices.py
[2026-03-24T07:20:37.628+0000] {processor.py:840} INFO - DAG(s) 'crawl_crypto_prices' retrieved from /opt/airflow/dags/crawl_crypto_prices.py
[2026-03-24T07:20:37.645+0000] {logging_mixin.py:188} INFO - [2026-03-24T07:20:37.645+0000] {dag.py:3036} INFO - Sync 1 DAGs
[2026-03-24T07:20:37.654+0000] {logging_mixin.py:188} INFO - [2026-03-24T07:20:37.654+0000] {dag.py:3823} INFO - Setting next_dagrun for crawl_crypto_prices to 2026-03-24 07:00:00+00:00, run_after=2026-03-24 08:00:00+00:00
[2026-03-24T07:20:37.660+0000] {processor.py:183} INFO - Processing /opt/airflow/dags/crawl_crypto_prices.py took 0.045 seconds
[2026-03-24T07:21:07.944+0000] {processor.py:161} INFO - Started process (PID=13792) to work on /opt/airflow/dags/crawl_crypto_prices.py
[2026-03-24T07:21:07.945+0000] {processor.py:830} INFO - Processing file /opt/airflow/dags/crawl_crypto_prices.py for tasks to queue
[2026-03-24T07:21:07.946+0000] {logging_mixin.py:188} INFO - [2026-03-24T07:21:07.946+0000] {dagbag.py:538} INFO - Filling up the DagBag from /opt/airflow/dags/crawl_crypto_prices.py
[2026-03-24T07:21:07.960+0000] {processor.py:840} INFO - DAG(s) 'crawl_crypto_prices' retrieved from /opt/airflow/dags/crawl_crypto_prices.py
[2026-03-24T07:21:07.978+0000] {logging_mixin.py:188} INFO - [2026-03-24T07:21:07.978+0000] {dag.py:3036} INFO - Sync 1 DAGs
[2026-03-24T07:21:07.987+0000] {logging_mixin.py:188} INFO - [2026-03-24T07:21:07.987+0000] {dag.py:3823} INFO - Setting next_dagrun for crawl_crypto_prices to 2026-03-24 07:00:00+00:00, run_after=2026-03-24 08:00:00+00:00
[2026-03-24T07:21:07.994+0000] {processor.py:183} INFO - Processing /opt/airflow/dags/crawl_crypto_prices.py took 0.053 seconds
[2026-03-24T07:21:38.232+0000] {processor.py:161} INFO - Started process (PID=13797) to work on /opt/airflow/dags/crawl_crypto_prices.py
[2026-03-24T07:21:38.233+0000] {processor.py:830} INFO - Processing file /opt/airflow/dags/crawl_crypto_prices.py for tasks to queue
[2026-03-24T07:21:38.233+0000] {logging_mixin.py:188} INFO - [2026-03-24T07:21:38.233+0000] {dagbag.py:538} INFO - Filling up the DagBag from /opt/airflow/dags/crawl_crypto_prices.py
[2026-03-24T07:21:38.244+0000] {processor.py:840} INFO - DAG(s) 'crawl_crypto_prices' retrieved from /opt/airflow/dags/crawl_crypto_prices.py
[2026-03-24T07:21:38.262+0000] {logging_mixin.py:188} INFO - [2026-03-24T07:21:38.262+0000] {dag.py:3036} INFO - Sync 1 DAGs
[2026-03-24T07:21:38.273+0000] {logging_mixin.py:188} INFO - [2026-03-24T07:21:38.272+0000] {dag.py:3823} INFO - Setting next_dagrun for crawl_crypto_prices to 2026-03-24 07:00:00+00:00, run_after=2026-03-24 08:00:00+00:00
[2026-03-24T07:21:38.280+0000] {processor.py:183} INFO - Processing /opt/airflow/dags/crawl_crypto_prices.py took 0.051 seconds
[2026-03-24T07:22:08.505+0000] {processor.py:161} INFO - Started process (PID=13802) to work on /opt/airflow/dags/crawl_crypto_prices.py
[2026-03-24T07:22:08.506+0000] {processor.py:830} INFO - Processing file /opt/airflow/dags/crawl_crypto_prices.py for tasks to queue
[2026-03-24T07:22:08.507+0000] {logging_mixin.py:188} INFO - [2026-03-24T07:22:08.507+0000] {dagbag.py:538} INFO - Filling up the DagBag from /opt/airflow/dags/crawl_crypto_prices.py
[2026-03-24T07:22:08.519+0000] {processor.py:840} INFO - DAG(s) 'crawl_crypto_prices' retrieved from /opt/airflow/dags/crawl_crypto_prices.py
[2026-03-24T07:22:08.538+0000] {logging_mixin.py:188} INFO - [2026-03-24T07:22:08.538+0000] {dag.py:3036} INFO - Sync 1 DAGs
[2026-03-24T07:22:08.549+0000] {logging_mixin.py:188} INFO - [2026-03-24T07:22:08.548+0000] {dag.py:3823} INFO - Setting next_dagrun for crawl_crypto_prices to 2026-03-24 07:00:00+00:00, run_after=2026-03-24 08:00:00+00:00
[2026-03-24T07:22:08.555+0000] {processor.py:183} INFO - Processing /opt/airflow/dags/crawl_crypto_prices.py took 0.053 seconds
[2026-03-24T07:22:38.766+0000] {processor.py:161} INFO - Started process (PID=13807) to work on /opt/airflow/dags/crawl_crypto_prices.py
[2026-03-24T07:22:38.767+0000] {processor.py:830} INFO - Processing file /opt/airflow/dags/crawl_crypto_prices.py for tasks to queue
[2026-03-24T07:22:38.768+0000] {logging_mixin.py:188} INFO - [2026-03-24T07:22:38.768+0000] {dagbag.py:538} INFO - Filling up the DagBag from /opt/airflow/dags/crawl_crypto_prices.py
[2026-03-24T07:22:38.779+0000] {processor.py:840} INFO - DAG(s) 'crawl_crypto_prices' retrieved from /opt/airflow/dags/crawl_crypto_prices.py
[2026-03-24T07:22:38.797+0000] {logging_mixin.py:188} INFO - [2026-03-24T07:22:38.797+0000] {dag.py:3036} INFO - Sync 1 DAGs
[2026-03-24T07:22:38.808+0000] {logging_mixin.py:188} INFO - [2026-03-24T07:22:38.808+0000] {dag.py:3823} INFO - Setting next_dagrun for crawl_crypto_prices to 2026-03-24 07:00:00+00:00, run_after=2026-03-24 08:00:00+00:00
[2026-03-24T07:22:38.814+0000] {processor.py:183} INFO - Processing /opt/airflow/dags/crawl_crypto_prices.py took 0.051 seconds
[2026-03-24T07:22:57.964+0000] {processor.py:161} INFO - Started process (PID=13812) to work on /opt/airflow/dags/crawl_crypto_prices.py
[2026-03-24T07:22:57.965+0000] {processor.py:830} INFO - Processing file /opt/airflow/dags/crawl_crypto_prices.py for tasks to queue
[2026-03-24T07:22:57.966+0000] {logging_mixin.py:188} INFO - [2026-03-24T07:22:57.965+0000] {dagbag.py:538} INFO - Filling up the DagBag from /opt/airflow/dags/crawl_crypto_prices.py
[2026-03-24T07:22:57.972+0000] {processor.py:842} WARNING - No viable dags retrieved from /opt/airflow/dags/crawl_crypto_prices.py
[2026-03-24T07:22:57.983+0000] {processor.py:183} INFO - Processing /opt/airflow/dags/crawl_crypto_prices.py took 0.023 seconds
[2026-03-24T07:23:18.175+0000] {processor.py:161} INFO - Started process (PID=13818) to work on /opt/airflow/dags/crawl_crypto_prices.py
[2026-03-24T07:23:18.176+0000] {processor.py:830} INFO - Processing file /opt/airflow/dags/crawl_crypto_prices.py for tasks to queue
[2026-03-24T07:23:18.178+0000] {logging_mixin.py:188} INFO - [2026-03-24T07:23:18.177+0000] {dagbag.py:538} INFO - Filling up the DagBag from /opt/airflow/dags/crawl_crypto_prices.py
[2026-03-24T07:23:18.195+0000] {processor.py:840} INFO - DAG(s) 'crawl_crypto_prices' retrieved from /opt/airflow/dags/crawl_crypto_prices.py
[2026-03-24T07:23:18.219+0000] {logging_mixin.py:188} INFO - [2026-03-24T07:23:18.219+0000] {dag.py:3036} INFO - Sync 1 DAGs
[2026-03-24T07:23:18.230+0000] {logging_mixin.py:188} INFO - [2026-03-24T07:23:18.230+0000] {dag.py:3823} INFO - Setting next_dagrun for crawl_crypto_prices to 2026-03-24 07:00:00+00:00, run_after=2026-03-24 08:00:00+00:00
[2026-03-24T07:23:18.237+0000] {processor.py:183} INFO - Processing /opt/airflow/dags/crawl_crypto_prices.py took 0.067 seconds
[2026-03-24T07:23:27.274+0000] {processor.py:161} INFO - Started process (PID=13823) to work on /opt/airflow/dags/crawl_crypto_prices.py
[2026-03-24T07:23:27.275+0000] {processor.py:830} INFO - Processing file /opt/airflow/dags/crawl_crypto_prices.py for tasks to queue
[2026-03-24T07:23:27.276+0000] {logging_mixin.py:188} INFO - [2026-03-24T07:23:27.276+0000] {dagbag.py:538} INFO - Filling up the DagBag from /opt/airflow/dags/crawl_crypto_prices.py
[2026-03-24T07:23:27.287+0000] {processor.py:840} INFO - DAG(s) 'crawl_crypto_prices' retrieved from /opt/airflow/dags/crawl_crypto_prices.py
[2026-03-24T07:23:27.303+0000] {logging_mixin.py:188} INFO - [2026-03-24T07:23:27.303+0000] {dag.py:3036} INFO - Sync 1 DAGs
[2026-03-24T07:23:27.312+0000] {logging_mixin.py:188} INFO - [2026-03-24T07:23:27.312+0000] {dag.py:3823} INFO - Setting next_dagrun for crawl_crypto_prices to 2026-03-24 07:00:00+00:00, run_after=2026-03-24 08:00:00+00:00
[2026-03-24T07:23:27.318+0000] {processor.py:183} INFO - Processing /opt/airflow/dags/crawl_crypto_prices.py took 0.048 seconds
[2026-03-24T07:23:35.414+0000] {processor.py:161} INFO - Started process (PID=13828) to work on /opt/airflow/dags/crawl_crypto_prices.py
[2026-03-24T07:23:35.415+0000] {processor.py:830} INFO - Processing file /opt/airflow/dags/crawl_crypto_prices.py for tasks to queue
[2026-03-24T07:23:35.416+0000] {logging_mixin.py:188} INFO - [2026-03-24T07:23:35.416+0000] {dagbag.py:538} INFO - Filling up the DagBag from /opt/airflow/dags/crawl_crypto_prices.py
[2026-03-24T07:23:35.431+0000] {processor.py:840} INFO - DAG(s) 'crawl_crypto_prices' retrieved from /opt/airflow/dags/crawl_crypto_prices.py
[2026-03-24T07:23:35.450+0000] {logging_mixin.py:188} INFO - [2026-03-24T07:23:35.449+0000] {dag.py:3036} INFO - Sync 1 DAGs
[2026-03-24T07:23:35.459+0000] {logging_mixin.py:188} INFO - [2026-03-24T07:23:35.459+0000] {dag.py:3823} INFO - Setting next_dagrun for crawl_crypto_prices to 2026-03-24 07:00:00+00:00, run_after=2026-03-24 08:00:00+00:00
[2026-03-24T07:23:35.465+0000] {processor.py:183} INFO - Processing /opt/airflow/dags/crawl_crypto_prices.py took 0.055 seconds
[2026-03-24T07:24:05.719+0000] {processor.py:161} INFO - Started process (PID=13837) to work on /opt/airflow/dags/crawl_crypto_prices.py
[2026-03-24T07:24:05.720+0000] {processor.py:830} INFO - Processing file /opt/airflow/dags/crawl_crypto_prices.py for tasks to queue
[2026-03-24T07:24:05.720+0000] {logging_mixin.py:188} INFO - [2026-03-24T07:24:05.720+0000] {dagbag.py:538} INFO - Filling up the DagBag from /opt/airflow/dags/crawl_crypto_prices.py
[2026-03-24T07:24:05.731+0000] {processor.py:840} INFO - DAG(s) 'crawl_crypto_prices' retrieved from /opt/airflow/dags/crawl_crypto_prices.py
[2026-03-24T07:24:05.748+0000] {logging_mixin.py:188} INFO - [2026-03-24T07:24:05.748+0000] {dag.py:3036} INFO - Sync 1 DAGs
[2026-03-24T07:24:05.758+0000] {logging_mixin.py:188} INFO - [2026-03-24T07:24:05.758+0000] {dag.py:3823} INFO - Setting next_dagrun for crawl_crypto_prices to 2026-03-24 07:00:00+00:00, run_after=2026-03-24 08:00:00+00:00
[2026-03-24T07:24:05.764+0000] {processor.py:183} INFO - Processing /opt/airflow/dags/crawl_crypto_prices.py took 0.048 seconds
[2026-03-24T07:24:36.046+0000] {processor.py:161} INFO - Started process (PID=13842) to work on /opt/airflow/dags/crawl_crypto_prices.py
[2026-03-24T07:24:36.047+0000] {processor.py:830} INFO - Processing file /opt/airflow/dags/crawl_crypto_prices.py for tasks to queue
[2026-03-24T07:24:36.048+0000] {logging_mixin.py:188} INFO - [2026-03-24T07:24:36.048+0000] {dagbag.py:538} INFO - Filling up the DagBag from /opt/airflow/dags/crawl_crypto_prices.py
[2026-03-24T07:24:36.060+0000] {processor.py:840} INFO - DAG(s) 'crawl_crypto_prices' retrieved from /opt/airflow/dags/crawl_crypto_prices.py
[2026-03-24T07:24:36.079+0000] {logging_mixin.py:188} INFO - [2026-03-24T07:24:36.079+0000] {dag.py:3036} INFO - Sync 1 DAGs
[2026-03-24T07:24:36.090+0000] {logging_mixin.py:188} INFO - [2026-03-24T07:24:36.090+0000] {dag.py:3823} INFO - Setting next_dagrun for crawl_crypto_prices to 2026-03-24 07:00:00+00:00, run_after=2026-03-24 08:00:00+00:00
[2026-03-24T07:24:36.096+0000] {processor.py:183} INFO - Processing /opt/airflow/dags/crawl_crypto_prices.py took 0.053 seconds
[2026-03-24T07:25:06.363+0000] {processor.py:161} INFO - Started process (PID=13847) to work on /opt/airflow/dags/crawl_crypto_prices.py
[2026-03-24T07:25:06.364+0000] {processor.py:830} INFO - Processing file /opt/airflow/dags/crawl_crypto_prices.py for tasks to queue
[2026-03-24T07:25:06.365+0000] {logging_mixin.py:188} INFO - [2026-03-24T07:25:06.364+0000] {dagbag.py:538} INFO - Filling up the DagBag from /opt/airflow/dags/crawl_crypto_prices.py
[2026-03-24T07:25:06.376+0000] {processor.py:840} INFO - DAG(s) 'crawl_crypto_prices' retrieved from /opt/airflow/dags/crawl_crypto_prices.py
[2026-03-24T07:25:06.394+0000] {logging_mixin.py:188} INFO - [2026-03-24T07:25:06.394+0000] {dag.py:3036} INFO - Sync 1 DAGs
[2026-03-24T07:25:06.404+0000] {logging_mixin.py:188} INFO - [2026-03-24T07:25:06.404+0000] {dag.py:3823} INFO - Setting next_dagrun for crawl_crypto_prices to 2026-03-24 07:00:00+00:00, run_after=2026-03-24 08:00:00+00:00
[2026-03-24T07:25:06.411+0000] {processor.py:183} INFO - Processing /opt/airflow/dags/crawl_crypto_prices.py took 0.051 seconds
[2026-03-24T07:25:36.673+0000] {processor.py:161} INFO - Started process (PID=13852) to work on /opt/airflow/dags/crawl_crypto_prices.py
[2026-03-24T07:25:36.675+0000] {processor.py:830} INFO - Processing file /opt/airflow/dags/crawl_crypto_prices.py for tasks to queue
[2026-03-24T07:25:36.676+0000] {logging_mixin.py:188} INFO - [2026-03-24T07:25:36.675+0000] {dagbag.py:538} INFO - Filling up the DagBag from /opt/airflow/dags/crawl_crypto_prices.py
[2026-03-24T07:25:36.688+0000] {processor.py:840} INFO - DAG(s) 'crawl_crypto_prices' retrieved from /opt/airflow/dags/crawl_crypto_prices.py
[2026-03-24T07:25:36.709+0000] {logging_mixin.py:188} INFO - [2026-03-24T07:25:36.709+0000] {dag.py:3036} INFO - Sync 1 DAGs
[2026-03-24T07:25:36.718+0000] {logging_mixin.py:188} INFO - [2026-03-24T07:25:36.718+0000] {dag.py:3823} INFO - Setting next_dagrun for crawl_crypto_prices to 2026-03-24 07:00:00+00:00, run_after=2026-03-24 08:00:00+00:00
[2026-03-24T07:25:36.725+0000] {processor.py:183} INFO - Processing /opt/airflow/dags/crawl_crypto_prices.py took 0.057 seconds
[2026-03-24T07:26:07.032+0000] {processor.py:161} INFO - Started process (PID=13857) to work on /opt/airflow/dags/crawl_crypto_prices.py
[2026-03-24T07:26:07.033+0000] {processor.py:830} INFO - Processing file /opt/airflow/dags/crawl_crypto_prices.py for tasks to queue
[2026-03-24T07:26:07.034+0000] {logging_mixin.py:188} INFO - [2026-03-24T07:26:07.034+0000] {dagbag.py:538} INFO - Filling up the DagBag from /opt/airflow/dags/crawl_crypto_prices.py
[2026-03-24T07:26:07.047+0000] {processor.py:840} INFO - DAG(s) 'crawl_crypto_prices' retrieved from /opt/airflow/dags/crawl_crypto_prices.py
[2026-03-24T07:26:07.067+0000] {logging_mixin.py:188} INFO - [2026-03-24T07:26:07.067+0000] {dag.py:3036} INFO - Sync 1 DAGs
[2026-03-24T07:26:07.077+0000] {logging_mixin.py:188} INFO - [2026-03-24T07:26:07.077+0000] {dag.py:3823} INFO - Setting next_dagrun for crawl_crypto_prices to 2026-03-24 07:00:00+00:00, run_after=2026-03-24 08:00:00+00:00
[2026-03-24T07:26:07.084+0000] {processor.py:183} INFO - Processing /opt/airflow/dags/crawl_crypto_prices.py took 0.056 seconds
[2026-03-24T07:26:37.361+0000] {processor.py:161} INFO - Started process (PID=13862) to work on /opt/airflow/dags/crawl_crypto_prices.py
[2026-03-24T07:26:37.363+0000] {processor.py:830} INFO - Processing file /opt/airflow/dags/crawl_crypto_prices.py for tasks to queue
[2026-03-24T07:26:37.363+0000] {logging_mixin.py:188} INFO - [2026-03-24T07:26:37.363+0000] {dagbag.py:538} INFO - Filling up the DagBag from /opt/airflow/dags/crawl_crypto_prices.py
[2026-03-24T07:26:37.377+0000] {processor.py:840} INFO - DAG(s) 'crawl_crypto_prices' retrieved from /opt/airflow/dags/crawl_crypto_prices.py
[2026-03-24T07:26:37.397+0000] {logging_mixin.py:188} INFO - [2026-03-24T07:26:37.397+0000] {dag.py:3036} INFO - Sync 1 DAGs
[2026-03-24T07:26:37.409+0000] {logging_mixin.py:188} INFO - [2026-03-24T07:26:37.409+0000] {dag.py:3823} INFO - Setting next_dagrun for crawl_crypto_prices to 2026-03-24 07:00:00+00:00, run_after=2026-03-24 08:00:00+00:00
[2026-03-24T07:26:37.415+0000] {processor.py:183} INFO - Processing /opt/airflow/dags/crawl_crypto_prices.py took 0.059 seconds
[2026-03-24T07:27:07.664+0000] {processor.py:161} INFO - Started process (PID=13867) to work on /opt/airflow/dags/crawl_crypto_prices.py
[2026-03-24T07:27:07.666+0000] {processor.py:830} INFO - Processing file /opt/airflow/dags/crawl_crypto_prices.py for tasks to queue
[2026-03-24T07:27:07.666+0000] {logging_mixin.py:188} INFO - [2026-03-24T07:27:07.666+0000] {dagbag.py:538} INFO - Filling up the DagBag from /opt/airflow/dags/crawl_crypto_prices.py
[2026-03-24T07:27:07.680+0000] {processor.py:840} INFO - DAG(s) 'crawl_crypto_prices' retrieved from /opt/airflow/dags/crawl_crypto_prices.py
[2026-03-24T07:27:07.700+0000] {logging_mixin.py:188} INFO - [2026-03-24T07:27:07.700+0000] {dag.py:3036} INFO - Sync 1 DAGs
[2026-03-24T07:27:07.711+0000] {logging_mixin.py:188} INFO - [2026-03-24T07:27:07.711+0000] {dag.py:3823} INFO - Setting next_dagrun for crawl_crypto_prices to 2026-03-24 07:00:00+00:00, run_after=2026-03-24 08:00:00+00:00
[2026-03-24T07:27:07.718+0000] {processor.py:183} INFO - Processing /opt/airflow/dags/crawl_crypto_prices.py took 0.058 seconds
[2026-03-24T07:27:37.980+0000] {processor.py:161} INFO - Started process (PID=13872) to work on /opt/airflow/dags/crawl_crypto_prices.py
[2026-03-24T07:27:37.982+0000] {processor.py:830} INFO - Processing file /opt/airflow/dags/crawl_crypto_prices.py for tasks to queue
[2026-03-24T07:27:37.983+0000] {logging_mixin.py:188} INFO - [2026-03-24T07:27:37.983+0000] {dagbag.py:538} INFO - Filling up the DagBag from /opt/airflow/dags/crawl_crypto_prices.py
[2026-03-24T07:27:37.997+0000] {processor.py:840} INFO - DAG(s) 'crawl_crypto_prices' retrieved from /opt/airflow/dags/crawl_crypto_prices.py
[2026-03-24T07:27:38.018+0000] {logging_mixin.py:188} INFO - [2026-03-24T07:27:38.018+0000] {dag.py:3036} INFO - Sync 1 DAGs
[2026-03-24T07:27:38.029+0000] {logging_mixin.py:188} INFO - [2026-03-24T07:27:38.029+0000] {dag.py:3823} INFO - Setting next_dagrun for crawl_crypto_prices to 2026-03-24 07:00:00+00:00, run_after=2026-03-24 08:00:00+00:00
[2026-03-24T07:27:38.035+0000] {processor.py:183} INFO - Processing /opt/airflow/dags/crawl_crypto_prices.py took 0.059 seconds
[2026-03-24T07:28:08.328+0000] {processor.py:161} INFO - Started process (PID=13877) to work on /opt/airflow/dags/crawl_crypto_prices.py
[2026-03-24T07:28:08.329+0000] {processor.py:830} INFO - Processing file /opt/airflow/dags/crawl_crypto_prices.py for tasks to queue
[2026-03-24T07:28:08.330+0000] {logging_mixin.py:188} INFO - [2026-03-24T07:28:08.329+0000] {dagbag.py:538} INFO - Filling up the DagBag from /opt/airflow/dags/crawl_crypto_prices.py
[2026-03-24T07:28:08.341+0000] {processor.py:840} INFO - DAG(s) 'crawl_crypto_prices' retrieved from /opt/airflow/dags/crawl_crypto_prices.py
[2026-03-24T07:28:08.360+0000] {logging_mixin.py:188} INFO - [2026-03-24T07:28:08.360+0000] {dag.py:3036} INFO - Sync 1 DAGs
[2026-03-24T07:28:08.371+0000] {logging_mixin.py:188} INFO - [2026-03-24T07:28:08.371+0000] {dag.py:3823} INFO - Setting next_dagrun for crawl_crypto_prices to 2026-03-24 07:00:00+00:00, run_after=2026-03-24 08:00:00+00:00
[2026-03-24T07:28:08.378+0000] {processor.py:183} INFO - Processing /opt/airflow/dags/crawl_crypto_prices.py took 0.054 seconds
[2026-03-24T07:28:38.668+0000] {processor.py:161} INFO - Started process (PID=13882) to work on /opt/airflow/dags/crawl_crypto_prices.py
[2026-03-24T07:28:38.668+0000] {processor.py:830} INFO - Processing file /opt/airflow/dags/crawl_crypto_prices.py for tasks to queue
[2026-03-24T07:28:38.669+0000] {logging_mixin.py:188} INFO - [2026-03-24T07:28:38.669+0000] {dagbag.py:538} INFO - Filling up the DagBag from /opt/airflow/dags/crawl_crypto_prices.py
[2026-03-24T07:28:38.682+0000] {processor.py:840} INFO - DAG(s) 'crawl_crypto_prices' retrieved from /opt/airflow/dags/crawl_crypto_prices.py
[2026-03-24T07:28:38.700+0000] {logging_mixin.py:188} INFO - [2026-03-24T07:28:38.699+0000] {dag.py:3036} INFO - Sync 1 DAGs
[2026-03-24T07:28:38.709+0000] {logging_mixin.py:188} INFO - [2026-03-24T07:28:38.709+0000] {dag.py:3823} INFO - Setting next_dagrun for crawl_crypto_prices to 2026-03-24 07:00:00+00:00, run_after=2026-03-24 08:00:00+00:00
[2026-03-24T07:28:38.715+0000] {processor.py:183} INFO - Processing /opt/airflow/dags/crawl_crypto_prices.py took 0.051 seconds
[2026-03-24T07:29:08.970+0000] {processor.py:161} INFO - Started process (PID=13887) to work on /opt/airflow/dags/crawl_crypto_prices.py
[2026-03-24T07:29:08.972+0000] {processor.py:830} INFO - Processing file /opt/airflow/dags/crawl_crypto_prices.py for tasks to queue
[2026-03-24T07:29:08.973+0000] {logging_mixin.py:188} INFO - [2026-03-24T07:29:08.972+0000] {dagbag.py:538} INFO - Filling up the DagBag from /opt/airflow/dags/crawl_crypto_prices.py
[2026-03-24T07:29:08.984+0000] {processor.py:840} INFO - DAG(s) 'crawl_crypto_prices' retrieved from /opt/airflow/dags/crawl_crypto_prices.py
[2026-03-24T07:29:09.003+0000] {logging_mixin.py:188} INFO - [2026-03-24T07:29:09.003+0000] {dag.py:3036} INFO - Sync 1 DAGs
[2026-03-24T07:29:09.014+0000] {logging_mixin.py:188} INFO - [2026-03-24T07:29:09.014+0000] {dag.py:3823} INFO - Setting next_dagrun for crawl_crypto_prices to 2026-03-24 07:00:00+00:00, run_after=2026-03-24 08:00:00+00:00
[2026-03-24T07:29:09.021+0000] {processor.py:183} INFO - Processing /opt/airflow/dags/crawl_crypto_prices.py took 0.054 seconds
[2026-03-24T07:29:39.288+0000] {processor.py:161} INFO - Started process (PID=13892) to work on /opt/airflow/dags/crawl_crypto_prices.py
[2026-03-24T07:29:39.289+0000] {processor.py:830} INFO - Processing file /opt/airflow/dags/crawl_crypto_prices.py for tasks to queue
[2026-03-24T07:29:39.290+0000] {logging_mixin.py:188} INFO - [2026-03-24T07:29:39.290+0000] {dagbag.py:538} INFO - Filling up the DagBag from /opt/airflow/dags/crawl_crypto_prices.py
[2026-03-24T07:29:39.309+0000] {processor.py:840} INFO - DAG(s) 'crawl_crypto_prices' retrieved from /opt/airflow/dags/crawl_crypto_prices.py
[2026-03-24T07:29:39.329+0000] {logging_mixin.py:188} INFO - [2026-03-24T07:29:39.329+0000] {dag.py:3036} INFO - Sync 1 DAGs
[2026-03-24T07:29:39.340+0000] {logging_mixin.py:188} INFO - [2026-03-24T07:29:39.340+0000] {dag.py:3823} INFO - Setting next_dagrun for crawl_crypto_prices to 2026-03-24 07:00:00+00:00, run_after=2026-03-24 08:00:00+00:00
[2026-03-24T07:29:39.346+0000] {processor.py:183} INFO - Processing /opt/airflow/dags/crawl_crypto_prices.py took 0.062 seconds
[2026-03-24T07:30:09.600+0000] {processor.py:161} INFO - Started process (PID=13897) to work on /opt/airflow/dags/crawl_crypto_prices.py
[2026-03-24T07:30:09.601+0000] {processor.py:830} INFO - Processing file /opt/airflow/dags/crawl_crypto_prices.py for tasks to queue
[2026-03-24T07:30:09.601+0000] {logging_mixin.py:188} INFO - [2026-03-24T07:30:09.601+0000] {dagbag.py:538} INFO - Filling up the DagBag from /opt/airflow/dags/crawl_crypto_prices.py
[2026-03-24T07:30:09.612+0000] {processor.py:840} INFO - DAG(s) 'crawl_crypto_prices' retrieved from /opt/airflow/dags/crawl_crypto_prices.py
[2026-03-24T07:30:09.629+0000] {logging_mixin.py:188} INFO - [2026-03-24T07:30:09.629+0000] {dag.py:3036} INFO - Sync 1 DAGs
[2026-03-24T07:30:09.640+0000] {logging_mixin.py:188} INFO - [2026-03-24T07:30:09.640+0000] {dag.py:3823} INFO - Setting next_dagrun for crawl_crypto_prices to 2026-03-24 07:00:00+00:00, run_after=2026-03-24 08:00:00+00:00
[2026-03-24T07:30:09.648+0000] {processor.py:183} INFO - Processing /opt/airflow/dags/crawl_crypto_prices.py took 0.051 seconds
[2026-03-24T07:30:39.902+0000] {processor.py:161} INFO - Started process (PID=13902) to work on /opt/airflow/dags/crawl_crypto_prices.py
[2026-03-24T07:30:39.903+0000] {processor.py:830} INFO - Processing file /opt/airflow/dags/crawl_crypto_prices.py for tasks to queue
[2026-03-24T07:30:39.904+0000] {logging_mixin.py:188} INFO - [2026-03-24T07:30:39.904+0000] {dagbag.py:538} INFO - Filling up the DagBag from /opt/airflow/dags/crawl_crypto_prices.py
[2026-03-24T07:30:39.917+0000] {processor.py:840} INFO - DAG(s) 'crawl_crypto_prices' retrieved from /opt/airflow/dags/crawl_crypto_prices.py
[2026-03-24T07:30:39.938+0000] {logging_mixin.py:188} INFO - [2026-03-24T07:30:39.937+0000] {dag.py:3036} INFO - Sync 1 DAGs
[2026-03-24T07:30:39.948+0000] {logging_mixin.py:188} INFO - [2026-03-24T07:30:39.948+0000] {dag.py:3823} INFO - Setting next_dagrun for crawl_crypto_prices to 2026-03-24 07:00:00+00:00, run_after=2026-03-24 08:00:00+00:00
[2026-03-24T07:30:39.955+0000] {processor.py:183} INFO - Processing /opt/airflow/dags/crawl_crypto_prices.py took 0.056 seconds
[2026-03-24T07:31:10.177+0000] {processor.py:161} INFO - Started process (PID=13907) to work on /opt/airflow/dags/crawl_crypto_prices.py
[2026-03-24T07:31:10.178+0000] {processor.py:830} INFO - Processing file /opt/airflow/dags/crawl_crypto_prices.py for tasks to queue
[2026-03-24T07:31:10.179+0000] {logging_mixin.py:188} INFO - [2026-03-24T07:31:10.179+0000] {dagbag.py:538} INFO - Filling up the DagBag from /opt/airflow/dags/crawl_crypto_prices.py
[2026-03-24T07:31:10.191+0000] {processor.py:840} INFO - DAG(s) 'crawl_crypto_prices' retrieved from /opt/airflow/dags/crawl_crypto_prices.py
[2026-03-24T07:31:10.210+0000] {logging_mixin.py:188} INFO - [2026-03-24T07:31:10.210+0000] {dag.py:3036} INFO - Sync 1 DAGs
[2026-03-24T07:31:10.220+0000] {logging_mixin.py:188} INFO - [2026-03-24T07:31:10.220+0000] {dag.py:3823} INFO - Setting next_dagrun for crawl_crypto_prices to 2026-03-24 07:00:00+00:00, run_after=2026-03-24 08:00:00+00:00
[2026-03-24T07:31:10.226+0000] {processor.py:183} INFO - Processing /opt/airflow/dags/crawl_crypto_prices.py took 0.054 seconds
[2026-03-24T07:31:40.462+0000] {processor.py:161} INFO - Started process (PID=13912) to work on /opt/airflow/dags/crawl_crypto_prices.py
[2026-03-24T07:31:40.465+0000] {processor.py:830} INFO - Processing file /opt/airflow/dags/crawl_crypto_prices.py for tasks to queue
[2026-03-24T07:31:40.466+0000] {logging_mixin.py:188} INFO - [2026-03-24T07:31:40.466+0000] {dagbag.py:538} INFO - Filling up the DagBag from /opt/airflow/dags/crawl_crypto_prices.py
[2026-03-24T07:31:40.479+0000] {processor.py:840} INFO - DAG(s) 'crawl_crypto_prices' retrieved from /opt/airflow/dags/crawl_crypto_prices.py
[2026-03-24T07:31:40.496+0000] {logging_mixin.py:188} INFO - [2026-03-24T07:31:40.496+0000] {dag.py:3036} INFO - Sync 1 DAGs
[2026-03-24T07:31:40.507+0000] {logging_mixin.py:188} INFO - [2026-03-24T07:31:40.507+0000] {dag.py:3823} INFO - Setting next_dagrun for crawl_crypto_prices to 2026-03-24 07:00:00+00:00, run_after=2026-03-24 08:00:00+00:00
[2026-03-24T07:31:40.514+0000] {processor.py:183} INFO - Processing /opt/airflow/dags/crawl_crypto_prices.py took 0.059 seconds
[2026-03-24T07:32:10.769+0000] {processor.py:161} INFO - Started process (PID=13917) to work on /opt/airflow/dags/crawl_crypto_prices.py
[2026-03-24T07:32:10.770+0000] {processor.py:830} INFO - Processing file /opt/airflow/dags/crawl_crypto_prices.py for tasks to queue
[2026-03-24T07:32:10.771+0000] {logging_mixin.py:188} INFO - [2026-03-24T07:32:10.770+0000] {dagbag.py:538} INFO - Filling up the DagBag from /opt/airflow/dags/crawl_crypto_prices.py
[2026-03-24T07:32:10.781+0000] {processor.py:840} INFO - DAG(s) 'crawl_crypto_prices' retrieved from /opt/airflow/dags/crawl_crypto_prices.py
[2026-03-24T07:32:10.799+0000] {logging_mixin.py:188} INFO - [2026-03-24T07:32:10.799+0000] {dag.py:3036} INFO - Sync 1 DAGs
[2026-03-24T07:32:10.808+0000] {logging_mixin.py:188} INFO - [2026-03-24T07:32:10.808+0000] {dag.py:3823} INFO - Setting next_dagrun for crawl_crypto_prices to 2026-03-24 07:00:00+00:00, run_after=2026-03-24 08:00:00+00:00
[2026-03-24T07:32:10.816+0000] {processor.py:183} INFO - Processing /opt/airflow/dags/crawl_crypto_prices.py took 0.050 seconds
[2026-03-24T07:32:41.085+0000] {processor.py:161} INFO - Started process (PID=13922) to work on /opt/airflow/dags/crawl_crypto_prices.py
[2026-03-24T07:32:41.086+0000] {processor.py:830} INFO - Processing file /opt/airflow/dags/crawl_crypto_prices.py for tasks to queue
[2026-03-24T07:32:41.087+0000] {logging_mixin.py:188} INFO - [2026-03-24T07:32:41.087+0000] {dagbag.py:538} INFO - Filling up the DagBag from /opt/airflow/dags/crawl_crypto_prices.py
[2026-03-24T07:32:41.099+0000] {processor.py:840} INFO - DAG(s) 'crawl_crypto_prices' retrieved from /opt/airflow/dags/crawl_crypto_prices.py
[2026-03-24T07:32:41.118+0000] {logging_mixin.py:188} INFO - [2026-03-24T07:32:41.118+0000] {dag.py:3036} INFO - Sync 1 DAGs
[2026-03-24T07:32:41.128+0000] {logging_mixin.py:188} INFO - [2026-03-24T07:32:41.128+0000] {dag.py:3823} INFO - Setting next_dagrun for crawl_crypto_prices to 2026-03-24 07:00:00+00:00, run_after=2026-03-24 08:00:00+00:00
[2026-03-24T07:32:41.133+0000] {processor.py:183} INFO - Processing /opt/airflow/dags/crawl_crypto_prices.py took 0.051 seconds
[2026-03-24T07:33:11.373+0000] {processor.py:161} INFO - Started process (PID=13927) to work on /opt/airflow/dags/crawl_crypto_prices.py
[2026-03-24T07:33:11.374+0000] {processor.py:830} INFO - Processing file /opt/airflow/dags/crawl_crypto_prices.py for tasks to queue
[2026-03-24T07:33:11.375+0000] {logging_mixin.py:188} INFO - [2026-03-24T07:33:11.374+0000] {dagbag.py:538} INFO - Filling up the DagBag from /opt/airflow/dags/crawl_crypto_prices.py
[2026-03-24T07:33:11.382+0000] {processor.py:840} INFO - DAG(s) 'crawl_crypto_prices' retrieved from /opt/airflow/dags/crawl_crypto_prices.py
[2026-03-24T07:33:11.396+0000] {logging_mixin.py:188} INFO - [2026-03-24T07:33:11.396+0000] {dag.py:3036} INFO - Sync 1 DAGs
[2026-03-24T07:33:11.406+0000] {logging_mixin.py:188} INFO - [2026-03-24T07:33:11.406+0000] {dag.py:3823} INFO - Setting next_dagrun for crawl_crypto_prices to 2026-03-24 07:00:00+00:00, run_after=2026-03-24 08:00:00+00:00
[2026-03-24T07:33:11.412+0000] {processor.py:183} INFO - Processing /opt/airflow/dags/crawl_crypto_prices.py took 0.041 seconds
[2026-03-24T07:33:41.657+0000] {processor.py:161} INFO - Started process (PID=13932) to work on /opt/airflow/dags/crawl_crypto_prices.py
[2026-03-24T07:33:41.658+0000] {processor.py:830} INFO - Processing file /opt/airflow/dags/crawl_crypto_prices.py for tasks to queue
[2026-03-24T07:33:41.659+0000] {logging_mixin.py:188} INFO - [2026-03-24T07:33:41.658+0000] {dagbag.py:538} INFO - Filling up the DagBag from /opt/airflow/dags/crawl_crypto_prices.py
[2026-03-24T07:33:41.671+0000] {processor.py:840} INFO - DAG(s) 'crawl_crypto_prices' retrieved from /opt/airflow/dags/crawl_crypto_prices.py
[2026-03-24T07:33:41.689+0000] {logging_mixin.py:188} INFO - [2026-03-24T07:33:41.689+0000] {dag.py:3036} INFO - Sync 1 DAGs
[2026-03-24T07:33:41.699+0000] {logging_mixin.py:188} INFO - [2026-03-24T07:33:41.698+0000] {dag.py:3823} INFO - Setting next_dagrun for crawl_crypto_prices to 2026-03-24 07:00:00+00:00, run_after=2026-03-24 08:00:00+00:00
[2026-03-24T07:33:41.704+0000] {processor.py:183} INFO - Processing /opt/airflow/dags/crawl_crypto_prices.py took 0.052 seconds
[2026-03-24T07:34:11.915+0000] {processor.py:161} INFO - Started process (PID=13937) to work on /opt/airflow/dags/crawl_crypto_prices.py
[2026-03-24T07:34:11.916+0000] {processor.py:830} INFO - Processing file /opt/airflow/dags/crawl_crypto_prices.py for tasks to queue
[2026-03-24T07:34:11.916+0000] {logging_mixin.py:188} INFO - [2026-03-24T07:34:11.916+0000] {dagbag.py:538} INFO - Filling up the DagBag from /opt/airflow/dags/crawl_crypto_prices.py
[2026-03-24T07:34:11.928+0000] {processor.py:840} INFO - DAG(s) 'crawl_crypto_prices' retrieved from /opt/airflow/dags/crawl_crypto_prices.py
[2026-03-24T07:34:11.946+0000] {logging_mixin.py:188} INFO - [2026-03-24T07:34:11.946+0000] {dag.py:3036} INFO - Sync 1 DAGs
[2026-03-24T07:34:11.955+0000] {logging_mixin.py:188} INFO - [2026-03-24T07:34:11.955+0000] {dag.py:3823} INFO - Setting next_dagrun for crawl_crypto_prices to 2026-03-24 07:00:00+00:00, run_after=2026-03-24 08:00:00+00:00
[2026-03-24T07:34:11.962+0000] {processor.py:183} INFO - Processing /opt/airflow/dags/crawl_crypto_prices.py took 0.050 seconds
[2026-03-24T07:34:42.179+0000] {processor.py:161} INFO - Started process (PID=13942) to work on /opt/airflow/dags/crawl_crypto_prices.py
[2026-03-24T07:34:42.181+0000] {processor.py:830} INFO - Processing file /opt/airflow/dags/crawl_crypto_prices.py for tasks to queue
[2026-03-24T07:34:42.182+0000] {logging_mixin.py:188} INFO - [2026-03-24T07:34:42.182+0000] {dagbag.py:538} INFO - Filling up the DagBag from /opt/airflow/dags/crawl_crypto_prices.py
[2026-03-24T07:34:42.192+0000] {processor.py:840} INFO - DAG(s) 'crawl_crypto_prices' retrieved from /opt/airflow/dags/crawl_crypto_prices.py
[2026-03-24T07:34:42.207+0000] {logging_mixin.py:188} INFO - [2026-03-24T07:34:42.207+0000] {dag.py:3036} INFO - Sync 1 DAGs
[2026-03-24T07:34:42.217+0000] {logging_mixin.py:188} INFO - [2026-03-24T07:34:42.217+0000] {dag.py:3823} INFO - Setting next_dagrun for crawl_crypto_prices to 2026-03-24 07:00:00+00:00, run_after=2026-03-24 08:00:00+00:00
[2026-03-24T07:34:42.223+0000] {processor.py:183} INFO - Processing /opt/airflow/dags/crawl_crypto_prices.py took 0.047 seconds
[2026-03-24T07:38:16.006+0000] {processor.py:161} INFO - Started process (PID=13949) to work on /opt/airflow/dags/crawl_crypto_prices.py
[2026-03-24T07:38:16.007+0000] {processor.py:830} INFO - Processing file /opt/airflow/dags/crawl_crypto_prices.py for tasks to queue
[2026-03-24T07:38:16.008+0000] {logging_mixin.py:188} INFO - [2026-03-24T07:38:16.008+0000] {dagbag.py:538} INFO - Filling up the DagBag from /opt/airflow/dags/crawl_crypto_prices.py
[2026-03-24T07:38:16.031+0000] {processor.py:840} INFO - DAG(s) 'crawl_crypto_prices' retrieved from /opt/airflow/dags/crawl_crypto_prices.py
[2026-03-24T07:38:16.058+0000] {logging_mixin.py:188} INFO - [2026-03-24T07:38:16.058+0000] {dag.py:3036} INFO - Sync 1 DAGs
[2026-03-24T07:38:16.070+0000] {logging_mixin.py:188} INFO - [2026-03-24T07:38:16.070+0000] {dag.py:3823} INFO - Setting next_dagrun for crawl_crypto_prices to 2026-03-24 07:00:00+00:00, run_after=2026-03-24 08:00:00+00:00
[2026-03-24T07:38:16.086+0000] {processor.py:183} INFO - Processing /opt/airflow/dags/crawl_crypto_prices.py took 0.083 seconds
[2026-03-24T07:38:46.347+0000] {processor.py:161} INFO - Started process (PID=13954) to work on /opt/airflow/dags/crawl_crypto_prices.py
[2026-03-24T07:38:46.348+0000] {processor.py:830} INFO - Processing file /opt/airflow/dags/crawl_crypto_prices.py for tasks to queue
[2026-03-24T07:38:46.349+0000] {logging_mixin.py:188} INFO - [2026-03-24T07:38:46.348+0000] {dagbag.py:538} INFO - Filling up the DagBag from /opt/airflow/dags/crawl_crypto_prices.py
[2026-03-24T07:38:46.361+0000] {processor.py:840} INFO - DAG(s) 'crawl_crypto_prices' retrieved from /opt/airflow/dags/crawl_crypto_prices.py
[2026-03-24T07:38:46.375+0000] {logging_mixin.py:188} INFO - [2026-03-24T07:38:46.375+0000] {dag.py:3036} INFO - Sync 1 DAGs
[2026-03-24T07:38:46.385+0000] {logging_mixin.py:188} INFO - [2026-03-24T07:38:46.385+0000] {dag.py:3823} INFO - Setting next_dagrun for crawl_crypto_prices to 2026-03-24 07:00:00+00:00, run_after=2026-03-24 08:00:00+00:00
[2026-03-24T07:38:46.391+0000] {processor.py:183} INFO - Processing /opt/airflow/dags/crawl_crypto_prices.py took 0.047 seconds
[2026-03-24T07:39:16.686+0000] {processor.py:161} INFO - Started process (PID=13959) to work on /opt/airflow/dags/crawl_crypto_prices.py
[2026-03-24T07:39:16.687+0000] {processor.py:830} INFO - Processing file /opt/airflow/dags/crawl_crypto_prices.py for tasks to queue
[2026-03-24T07:39:16.688+0000] {logging_mixin.py:188} INFO - [2026-03-24T07:39:16.688+0000] {dagbag.py:538} INFO - Filling up the DagBag from /opt/airflow/dags/crawl_crypto_prices.py
[2026-03-24T07:39:16.702+0000] {processor.py:840} INFO - DAG(s) 'crawl_crypto_prices' retrieved from /opt/airflow/dags/crawl_crypto_prices.py
[2026-03-24T07:39:16.723+0000] {logging_mixin.py:188} INFO - [2026-03-24T07:39:16.723+0000] {dag.py:3036} INFO - Sync 1 DAGs
[2026-03-24T07:39:16.734+0000] {logging_mixin.py:188} INFO - [2026-03-24T07:39:16.734+0000] {dag.py:3823} INFO - Setting next_dagrun for crawl_crypto_prices to 2026-03-24 07:00:00+00:00, run_after=2026-03-24 08:00:00+00:00
[2026-03-24T07:39:16.741+0000] {processor.py:183} INFO - Processing /opt/airflow/dags/crawl_crypto_prices.py took 0.060 seconds
[2026-03-24T07:39:46.964+0000] {processor.py:161} INFO - Started process (PID=13964) to work on /opt/airflow/dags/crawl_crypto_prices.py
[2026-03-24T07:39:46.965+0000] {processor.py:830} INFO - Processing file /opt/airflow/dags/crawl_crypto_prices.py for tasks to queue
[2026-03-24T07:39:46.965+0000] {logging_mixin.py:188} INFO - [2026-03-24T07:39:46.965+0000] {dagbag.py:538} INFO - Filling up the DagBag from /opt/airflow/dags/crawl_crypto_prices.py
[2026-03-24T07:39:46.974+0000] {processor.py:840} INFO - DAG(s) 'crawl_crypto_prices' retrieved from /opt/airflow/dags/crawl_crypto_prices.py
[2026-03-24T07:39:46.985+0000] {logging_mixin.py:188} INFO - [2026-03-24T07:39:46.985+0000] {dag.py:3036} INFO - Sync 1 DAGs
[2026-03-24T07:39:46.994+0000] {logging_mixin.py:188} INFO - [2026-03-24T07:39:46.994+0000] {dag.py:3823} INFO - Setting next_dagrun for crawl_crypto_prices to 2026-03-24 07:00:00+00:00, run_after=2026-03-24 08:00:00+00:00
[2026-03-24T07:39:46.999+0000] {processor.py:183} INFO - Processing /opt/airflow/dags/crawl_crypto_prices.py took 0.037 seconds
[2026-03-24T07:40:17.289+0000] {processor.py:161} INFO - Started process (PID=13969) to work on /opt/airflow/dags/crawl_crypto_prices.py
[2026-03-24T07:40:17.290+0000] {processor.py:830} INFO - Processing file /opt/airflow/dags/crawl_crypto_prices.py for tasks to queue
[2026-03-24T07:40:17.291+0000] {logging_mixin.py:188} INFO - [2026-03-24T07:40:17.291+0000] {dagbag.py:538} INFO - Filling up the DagBag from /opt/airflow/dags/crawl_crypto_prices.py
[2026-03-24T07:40:17.306+0000] {processor.py:840} INFO - DAG(s) 'crawl_crypto_prices' retrieved from /opt/airflow/dags/crawl_crypto_prices.py
[2026-03-24T07:40:17.323+0000] {logging_mixin.py:188} INFO - [2026-03-24T07:40:17.323+0000] {dag.py:3036} INFO - Sync 1 DAGs
[2026-03-24T07:40:17.335+0000] {logging_mixin.py:188} INFO - [2026-03-24T07:40:17.335+0000] {dag.py:3823} INFO - Setting next_dagrun for crawl_crypto_prices to 2026-03-24 07:00:00+00:00, run_after=2026-03-24 08:00:00+00:00
[2026-03-24T07:40:17.343+0000] {processor.py:183} INFO - Processing /opt/airflow/dags/crawl_crypto_prices.py took 0.058 seconds
[2026-03-24T07:40:47.627+0000] {processor.py:161} INFO - Started process (PID=13974) to work on /opt/airflow/dags/crawl_crypto_prices.py
[2026-03-24T07:40:47.628+0000] {processor.py:830} INFO - Processing file /opt/airflow/dags/crawl_crypto_prices.py for tasks to queue
[2026-03-24T07:40:47.629+0000] {logging_mixin.py:188} INFO - [2026-03-24T07:40:47.629+0000] {dagbag.py:538} INFO - Filling up the DagBag from /opt/airflow/dags/crawl_crypto_prices.py
[2026-03-24T07:40:47.644+0000] {processor.py:840} INFO - DAG(s) 'crawl_crypto_prices' retrieved from /opt/airflow/dags/crawl_crypto_prices.py
[2026-03-24T07:40:47.664+0000] {logging_mixin.py:188} INFO - [2026-03-24T07:40:47.664+0000] {dag.py:3036} INFO - Sync 1 DAGs
[2026-03-24T07:40:47.674+0000] {logging_mixin.py:188} INFO - [2026-03-24T07:40:47.674+0000] {dag.py:3823} INFO - Setting next_dagrun for crawl_crypto_prices to 2026-03-24 07:00:00+00:00, run_after=2026-03-24 08:00:00+00:00
[2026-03-24T07:40:47.681+0000] {processor.py:183} INFO - Processing /opt/airflow/dags/crawl_crypto_prices.py took 0.062 seconds
[2026-03-24T07:41:17.947+0000] {processor.py:161} INFO - Started process (PID=13979) to work on /opt/airflow/dags/crawl_crypto_prices.py
[2026-03-24T07:41:17.948+0000] {processor.py:830} INFO - Processing file /opt/airflow/dags/crawl_crypto_prices.py for tasks to queue
[2026-03-24T07:41:17.949+0000] {logging_mixin.py:188} INFO - [2026-03-24T07:41:17.948+0000] {dagbag.py:538} INFO - Filling up the DagBag from /opt/airflow/dags/crawl_crypto_prices.py
[2026-03-24T07:41:17.960+0000] {processor.py:840} INFO - DAG(s) 'crawl_crypto_prices' retrieved from /opt/airflow/dags/crawl_crypto_prices.py
[2026-03-24T07:41:17.978+0000] {logging_mixin.py:188} INFO - [2026-03-24T07:41:17.978+0000] {dag.py:3036} INFO - Sync 1 DAGs
[2026-03-24T07:41:17.988+0000] {logging_mixin.py:188} INFO - [2026-03-24T07:41:17.988+0000] {dag.py:3823} INFO - Setting next_dagrun for crawl_crypto_prices to 2026-03-24 07:00:00+00:00, run_after=2026-03-24 08:00:00+00:00
[2026-03-24T07:41:17.995+0000] {processor.py:183} INFO - Processing /opt/airflow/dags/crawl_crypto_prices.py took 0.052 seconds
[2026-03-24T07:41:48.266+0000] {processor.py:161} INFO - Started process (PID=13984) to work on /opt/airflow/dags/crawl_crypto_prices.py
[2026-03-24T07:41:48.267+0000] {processor.py:830} INFO - Processing file /opt/airflow/dags/crawl_crypto_prices.py for tasks to queue
[2026-03-24T07:41:48.268+0000] {logging_mixin.py:188} INFO - [2026-03-24T07:41:48.268+0000] {dagbag.py:538} INFO - Filling up the DagBag from /opt/airflow/dags/crawl_crypto_prices.py
[2026-03-24T07:41:48.279+0000] {processor.py:840} INFO - DAG(s) 'crawl_crypto_prices' retrieved from /opt/airflow/dags/crawl_crypto_prices.py
[2026-03-24T07:41:48.298+0000] {logging_mixin.py:188} INFO - [2026-03-24T07:41:48.297+0000] {dag.py:3036} INFO - Sync 1 DAGs
[2026-03-24T07:41:48.308+0000] {logging_mixin.py:188} INFO - [2026-03-24T07:41:48.308+0000] {dag.py:3823} INFO - Setting next_dagrun for crawl_crypto_prices to 2026-03-24 07:00:00+00:00, run_after=2026-03-24 08:00:00+00:00
[2026-03-24T07:41:48.315+0000] {processor.py:183} INFO - Processing /opt/airflow/dags/crawl_crypto_prices.py took 0.052 seconds
[2026-03-24T07:42:18.565+0000] {processor.py:161} INFO - Started process (PID=13989) to work on /opt/airflow/dags/crawl_crypto_prices.py
[2026-03-24T07:42:18.566+0000] {processor.py:830} INFO - Processing file /opt/airflow/dags/crawl_crypto_prices.py for tasks to queue
[2026-03-24T07:42:18.567+0000] {logging_mixin.py:188} INFO - [2026-03-24T07:42:18.567+0000] {dagbag.py:538} INFO - Filling up the DagBag from /opt/airflow/dags/crawl_crypto_prices.py
[2026-03-24T07:42:18.579+0000] {processor.py:840} INFO - DAG(s) 'crawl_crypto_prices' retrieved from /opt/airflow/dags/crawl_crypto_prices.py
[2026-03-24T07:42:18.597+0000] {logging_mixin.py:188} INFO - [2026-03-24T07:42:18.597+0000] {dag.py:3036} INFO - Sync 1 DAGs
[2026-03-24T07:42:18.606+0000] {logging_mixin.py:188} INFO - [2026-03-24T07:42:18.606+0000] {dag.py:3823} INFO - Setting next_dagrun for crawl_crypto_prices to 2026-03-24 07:00:00+00:00, run_after=2026-03-24 08:00:00+00:00
[2026-03-24T07:42:18.612+0000] {processor.py:183} INFO - Processing /opt/airflow/dags/crawl_crypto_prices.py took 0.050 seconds
[2026-03-24T07:42:48.869+0000] {processor.py:161} INFO - Started process (PID=13994) to work on /opt/airflow/dags/crawl_crypto_prices.py
[2026-03-24T07:42:48.871+0000] {processor.py:830} INFO - Processing file /opt/airflow/dags/crawl_crypto_prices.py for tasks to queue
[2026-03-24T07:42:48.871+0000] {logging_mixin.py:188} INFO - [2026-03-24T07:42:48.871+0000] {dagbag.py:538} INFO - Filling up the DagBag from /opt/airflow/dags/crawl_crypto_prices.py
[2026-03-24T07:42:48.883+0000] {processor.py:840} INFO - DAG(s) 'crawl_crypto_prices' retrieved from /opt/airflow/dags/crawl_crypto_prices.py
[2026-03-24T07:42:48.904+0000] {logging_mixin.py:188} INFO - [2026-03-24T07:42:48.904+0000] {dag.py:3036} INFO - Sync 1 DAGs
[2026-03-24T07:42:48.914+0000] {logging_mixin.py:188} INFO - [2026-03-24T07:42:48.914+0000] {dag.py:3823} INFO - Setting next_dagrun for crawl_crypto_prices to 2026-03-24 07:00:00+00:00, run_after=2026-03-24 08:00:00+00:00
[2026-03-24T07:42:48.920+0000] {processor.py:183} INFO - Processing /opt/airflow/dags/crawl_crypto_prices.py took 0.055 seconds
[2026-03-24T07:43:19.200+0000] {processor.py:161} INFO - Started process (PID=13999) to work on /opt/airflow/dags/crawl_crypto_prices.py
[2026-03-24T07:43:19.201+0000] {processor.py:830} INFO - Processing file /opt/airflow/dags/crawl_crypto_prices.py for tasks to queue
[2026-03-24T07:43:19.202+0000] {logging_mixin.py:188} INFO - [2026-03-24T07:43:19.202+0000] {dagbag.py:538} INFO - Filling up the DagBag from /opt/airflow/dags/crawl_crypto_prices.py
[2026-03-24T07:43:19.215+0000] {processor.py:840} INFO - DAG(s) 'crawl_crypto_prices' retrieved from /opt/airflow/dags/crawl_crypto_prices.py
[2026-03-24T07:43:19.233+0000] {logging_mixin.py:188} INFO - [2026-03-24T07:43:19.233+0000] {dag.py:3036} INFO - Sync 1 DAGs
[2026-03-24T07:43:19.242+0000] {logging_mixin.py:188} INFO - [2026-03-24T07:43:19.242+0000] {dag.py:3823} INFO - Setting next_dagrun for crawl_crypto_prices to 2026-03-24 07:00:00+00:00, run_after=2026-03-24 08:00:00+00:00
[2026-03-24T07:43:19.249+0000] {processor.py:183} INFO - Processing /opt/airflow/dags/crawl_crypto_prices.py took 0.054 seconds
[2026-03-24T07:43:49.551+0000] {processor.py:161} INFO - Started process (PID=14004) to work on /opt/airflow/dags/crawl_crypto_prices.py
[2026-03-24T07:43:49.551+0000] {processor.py:830} INFO - Processing file /opt/airflow/dags/crawl_crypto_prices.py for tasks to queue
[2026-03-24T07:43:49.552+0000] {logging_mixin.py:188} INFO - [2026-03-24T07:43:49.552+0000] {dagbag.py:538} INFO - Filling up the DagBag from /opt/airflow/dags/crawl_crypto_prices.py
[2026-03-24T07:43:49.564+0000] {processor.py:840} INFO - DAG(s) 'crawl_crypto_prices' retrieved from /opt/airflow/dags/crawl_crypto_prices.py
[2026-03-24T07:43:49.585+0000] {logging_mixin.py:188} INFO - [2026-03-24T07:43:49.585+0000] {dag.py:3036} INFO - Sync 1 DAGs
[2026-03-24T07:43:49.597+0000] {logging_mixin.py:188} INFO - [2026-03-24T07:43:49.597+0000] {dag.py:3823} INFO - Setting next_dagrun for crawl_crypto_prices to 2026-03-24 07:00:00+00:00, run_after=2026-03-24 08:00:00+00:00
[2026-03-24T07:43:49.604+0000] {processor.py:183} INFO - Processing /opt/airflow/dags/crawl_crypto_prices.py took 0.057 seconds
[2026-03-24T07:44:19.898+0000] {processor.py:161} INFO - Started process (PID=14009) to work on /opt/airflow/dags/crawl_crypto_prices.py
[2026-03-24T07:44:19.900+0000] {processor.py:830} INFO - Processing file /opt/airflow/dags/crawl_crypto_prices.py for tasks to queue
[2026-03-24T07:44:19.901+0000] {logging_mixin.py:188} INFO - [2026-03-24T07:44:19.901+0000] {dagbag.py:538} INFO - Filling up the DagBag from /opt/airflow/dags/crawl_crypto_prices.py
[2026-03-24T07:44:19.918+0000] {processor.py:840} INFO - DAG(s) 'crawl_crypto_prices' retrieved from /opt/airflow/dags/crawl_crypto_prices.py
[2026-03-24T07:44:19.940+0000] {logging_mixin.py:188} INFO - [2026-03-24T07:44:19.940+0000] {dag.py:3036} INFO - Sync 1 DAGs
[2026-03-24T07:44:19.951+0000] {logging_mixin.py:188} INFO - [2026-03-24T07:44:19.951+0000] {dag.py:3823} INFO - Setting next_dagrun for crawl_crypto_prices to 2026-03-24 07:00:00+00:00, run_after=2026-03-24 08:00:00+00:00
[2026-03-24T07:44:19.958+0000] {processor.py:183} INFO - Processing /opt/airflow/dags/crawl_crypto_prices.py took 0.064 seconds
[2026-03-24T07:44:50.199+0000] {processor.py:161} INFO - Started process (PID=14014) to work on /opt/airflow/dags/crawl_crypto_prices.py
[2026-03-24T07:44:50.200+0000] {processor.py:830} INFO - Processing file /opt/airflow/dags/crawl_crypto_prices.py for tasks to queue
[2026-03-24T07:44:50.201+0000] {logging_mixin.py:188} INFO - [2026-03-24T07:44:50.200+0000] {dagbag.py:538} INFO - Filling up the DagBag from /opt/airflow/dags/crawl_crypto_prices.py
[2026-03-24T07:44:50.214+0000] {processor.py:840} INFO - DAG(s) 'crawl_crypto_prices' retrieved from /opt/airflow/dags/crawl_crypto_prices.py
[2026-03-24T07:44:50.233+0000] {logging_mixin.py:188} INFO - [2026-03-24T07:44:50.233+0000] {dag.py:3036} INFO - Sync 1 DAGs
[2026-03-24T07:44:50.244+0000] {logging_mixin.py:188} INFO - [2026-03-24T07:44:50.244+0000] {dag.py:3823} INFO - Setting next_dagrun for crawl_crypto_prices to 2026-03-24 07:00:00+00:00, run_after=2026-03-24 08:00:00+00:00
[2026-03-24T07:44:50.250+0000] {processor.py:183} INFO - Processing /opt/airflow/dags/crawl_crypto_prices.py took 0.056 seconds
[2026-03-24T07:45:20.471+0000] {processor.py:161} INFO - Started process (PID=14019) to work on /opt/airflow/dags/crawl_crypto_prices.py
[2026-03-24T07:45:20.473+0000] {processor.py:830} INFO - Processing file /opt/airflow/dags/crawl_crypto_prices.py for tasks to queue
[2026-03-24T07:45:20.474+0000] {logging_mixin.py:188} INFO - [2026-03-24T07:45:20.473+0000] {dagbag.py:538} INFO - Filling up the DagBag from /opt/airflow/dags/crawl_crypto_prices.py
[2026-03-24T07:45:20.485+0000] {processor.py:840} INFO - DAG(s) 'crawl_crypto_prices' retrieved from /opt/airflow/dags/crawl_crypto_prices.py
[2026-03-24T07:45:20.504+0000] {logging_mixin.py:188} INFO - [2026-03-24T07:45:20.504+0000] {dag.py:3036} INFO - Sync 1 DAGs
[2026-03-24T07:45:20.514+0000] {logging_mixin.py:188} INFO - [2026-03-24T07:45:20.514+0000] {dag.py:3823} INFO - Setting next_dagrun for crawl_crypto_prices to 2026-03-24 07:00:00+00:00, run_after=2026-03-24 08:00:00+00:00
[2026-03-24T07:45:20.520+0000] {processor.py:183} INFO - Processing /opt/airflow/dags/crawl_crypto_prices.py took 0.052 seconds
[2026-03-24T07:45:50.807+0000] {processor.py:161} INFO - Started process (PID=14024) to work on /opt/airflow/dags/crawl_crypto_prices.py
[2026-03-24T07:45:50.808+0000] {processor.py:830} INFO - Processing file /opt/airflow/dags/crawl_crypto_prices.py for tasks to queue
[2026-03-24T07:45:50.809+0000] {logging_mixin.py:188} INFO - [2026-03-24T07:45:50.809+0000] {dagbag.py:538} INFO - Filling up the DagBag from /opt/airflow/dags/crawl_crypto_prices.py
[2026-03-24T07:45:50.821+0000] {processor.py:840} INFO - DAG(s) 'crawl_crypto_prices' retrieved from /opt/airflow/dags/crawl_crypto_prices.py
[2026-03-24T07:45:50.841+0000] {logging_mixin.py:188} INFO - [2026-03-24T07:45:50.840+0000] {dag.py:3036} INFO - Sync 1 DAGs
[2026-03-24T07:45:50.850+0000] {logging_mixin.py:188} INFO - [2026-03-24T07:45:50.850+0000] {dag.py:3823} INFO - Setting next_dagrun for crawl_crypto_prices to 2026-03-24 07:00:00+00:00, run_after=2026-03-24 08:00:00+00:00
[2026-03-24T07:45:50.857+0000] {processor.py:183} INFO - Processing /opt/airflow/dags/crawl_crypto_prices.py took 0.055 seconds
[2026-03-24T07:46:21.130+0000] {processor.py:161} INFO - Started process (PID=14029) to work on /opt/airflow/dags/crawl_crypto_prices.py
[2026-03-24T07:46:21.131+0000] {processor.py:830} INFO - Processing file /opt/airflow/dags/crawl_crypto_prices.py for tasks to queue
[2026-03-24T07:46:21.131+0000] {logging_mixin.py:188} INFO - [2026-03-24T07:46:21.131+0000] {dagbag.py:538} INFO - Filling up the DagBag from /opt/airflow/dags/crawl_crypto_prices.py
[2026-03-24T07:46:21.142+0000] {processor.py:840} INFO - DAG(s) 'crawl_crypto_prices' retrieved from /opt/airflow/dags/crawl_crypto_prices.py
[2026-03-24T07:46:21.161+0000] {logging_mixin.py:188} INFO - [2026-03-24T07:46:21.161+0000] {dag.py:3036} INFO - Sync 1 DAGs
[2026-03-24T07:46:21.170+0000] {logging_mixin.py:188} INFO - [2026-03-24T07:46:21.170+0000] {dag.py:3823} INFO - Setting next_dagrun for crawl_crypto_prices to 2026-03-24 07:00:00+00:00, run_after=2026-03-24 08:00:00+00:00
[2026-03-24T07:46:21.176+0000] {processor.py:183} INFO - Processing /opt/airflow/dags/crawl_crypto_prices.py took 0.049 seconds
[2026-03-24T07:46:51.432+0000] {processor.py:161} INFO - Started process (PID=14034) to work on /opt/airflow/dags/crawl_crypto_prices.py
[2026-03-24T07:46:51.433+0000] {processor.py:830} INFO - Processing file /opt/airflow/dags/crawl_crypto_prices.py for tasks to queue
[2026-03-24T07:46:51.434+0000] {logging_mixin.py:188} INFO - [2026-03-24T07:46:51.434+0000] {dagbag.py:538} INFO - Filling up the DagBag from /opt/airflow/dags/crawl_crypto_prices.py
[2026-03-24T07:46:51.444+0000] {processor.py:840} INFO - DAG(s) 'crawl_crypto_prices' retrieved from /opt/airflow/dags/crawl_crypto_prices.py
[2026-03-24T07:46:51.461+0000] {logging_mixin.py:188} INFO - [2026-03-24T07:46:51.461+0000] {dag.py:3036} INFO - Sync 1 DAGs
[2026-03-24T07:46:51.470+0000] {logging_mixin.py:188} INFO - [2026-03-24T07:46:51.470+0000] {dag.py:3823} INFO - Setting next_dagrun for crawl_crypto_prices to 2026-03-24 07:00:00+00:00, run_after=2026-03-24 08:00:00+00:00
[2026-03-24T07:46:51.477+0000] {processor.py:183} INFO - Processing /opt/airflow/dags/crawl_crypto_prices.py took 0.049 seconds
[2026-03-24T07:47:21.711+0000] {processor.py:161} INFO - Started process (PID=14043) to work on /opt/airflow/dags/crawl_crypto_prices.py
[2026-03-24T07:47:21.712+0000] {processor.py:830} INFO - Processing file /opt/airflow/dags/crawl_crypto_prices.py for tasks to queue
[2026-03-24T07:47:21.713+0000] {logging_mixin.py:188} INFO - [2026-03-24T07:47:21.713+0000] {dagbag.py:538} INFO - Filling up the DagBag from /opt/airflow/dags/crawl_crypto_prices.py
[2026-03-24T07:47:21.726+0000] {processor.py:840} INFO - DAG(s) 'crawl_crypto_prices' retrieved from /opt/airflow/dags/crawl_crypto_prices.py
[2026-03-24T07:47:21.742+0000] {logging_mixin.py:188} INFO - [2026-03-24T07:47:21.742+0000] {dag.py:3036} INFO - Sync 1 DAGs
[2026-03-24T07:47:21.752+0000] {logging_mixin.py:188} INFO - [2026-03-24T07:47:21.752+0000] {dag.py:3823} INFO - Setting next_dagrun for crawl_crypto_prices to 2026-03-24 07:00:00+00:00, run_after=2026-03-24 08:00:00+00:00
[2026-03-24T07:47:21.759+0000] {processor.py:183} INFO - Processing /opt/airflow/dags/crawl_crypto_prices.py took 0.051 seconds
[2026-03-24T07:47:51.954+0000] {processor.py:161} INFO - Started process (PID=14052) to work on /opt/airflow/dags/crawl_crypto_prices.py
[2026-03-24T07:47:51.955+0000] {processor.py:830} INFO - Processing file /opt/airflow/dags/crawl_crypto_prices.py for tasks to queue
[2026-03-24T07:47:51.955+0000] {logging_mixin.py:188} INFO - [2026-03-24T07:47:51.955+0000] {dagbag.py:538} INFO - Filling up the DagBag from /opt/airflow/dags/crawl_crypto_prices.py
[2026-03-24T07:47:51.964+0000] {processor.py:840} INFO - DAG(s) 'crawl_crypto_prices' retrieved from /opt/airflow/dags/crawl_crypto_prices.py
[2026-03-24T07:47:51.987+0000] {logging_mixin.py:188} INFO - [2026-03-24T07:47:51.987+0000] {dag.py:3036} INFO - Sync 1 DAGs
[2026-03-24T07:47:52.003+0000] {logging_mixin.py:188} INFO - [2026-03-24T07:47:52.003+0000] {dag.py:3823} INFO - Setting next_dagrun for crawl_crypto_prices to 2026-03-24 07:00:00+00:00, run_after=2026-03-24 08:00:00+00:00
[2026-03-24T07:47:52.009+0000] {processor.py:183} INFO - Processing /opt/airflow/dags/crawl_crypto_prices.py took 0.056 seconds
[2026-03-24T07:48:22.297+0000] {processor.py:161} INFO - Started process (PID=14057) to work on /opt/airflow/dags/crawl_crypto_prices.py
[2026-03-24T07:48:22.300+0000] {processor.py:830} INFO - Processing file /opt/airflow/dags/crawl_crypto_prices.py for tasks to queue
[2026-03-24T07:48:22.300+0000] {logging_mixin.py:188} INFO - [2026-03-24T07:48:22.300+0000] {dagbag.py:538} INFO - Filling up the DagBag from /opt/airflow/dags/crawl_crypto_prices.py
[2026-03-24T07:48:22.312+0000] {processor.py:840} INFO - DAG(s) 'crawl_crypto_prices' retrieved from /opt/airflow/dags/crawl_crypto_prices.py
[2026-03-24T07:48:22.332+0000] {logging_mixin.py:188} INFO - [2026-03-24T07:48:22.332+0000] {dag.py:3036} INFO - Sync 1 DAGs
[2026-03-24T07:48:22.342+0000] {logging_mixin.py:188} INFO - [2026-03-24T07:48:22.342+0000] {dag.py:3823} INFO - Setting next_dagrun for crawl_crypto_prices to 2026-03-24 07:00:00+00:00, run_after=2026-03-24 08:00:00+00:00
[2026-03-24T07:48:22.348+0000] {processor.py:183} INFO - Processing /opt/airflow/dags/crawl_crypto_prices.py took 0.055 seconds
[2026-03-24T07:48:52.596+0000] {processor.py:161} INFO - Started process (PID=14062) to work on /opt/airflow/dags/crawl_crypto_prices.py
[2026-03-24T07:48:52.597+0000] {processor.py:830} INFO - Processing file /opt/airflow/dags/crawl_crypto_prices.py for tasks to queue
[2026-03-24T07:48:52.598+0000] {logging_mixin.py:188} INFO - [2026-03-24T07:48:52.598+0000] {dagbag.py:538} INFO - Filling up the DagBag from /opt/airflow/dags/crawl_crypto_prices.py
[2026-03-24T07:48:52.613+0000] {processor.py:840} INFO - DAG(s) 'crawl_crypto_prices' retrieved from /opt/airflow/dags/crawl_crypto_prices.py
[2026-03-24T07:48:52.635+0000] {logging_mixin.py:188} INFO - [2026-03-24T07:48:52.635+0000] {dag.py:3036} INFO - Sync 1 DAGs
[2026-03-24T07:48:52.645+0000] {logging_mixin.py:188} INFO - [2026-03-24T07:48:52.645+0000] {dag.py:3823} INFO - Setting next_dagrun for crawl_crypto_prices to 2026-03-24 07:00:00+00:00, run_after=2026-03-24 08:00:00+00:00
[2026-03-24T07:48:52.651+0000] {processor.py:183} INFO - Processing /opt/airflow/dags/crawl_crypto_prices.py took 0.060 seconds
[2026-03-24T07:49:20.907+0000] {processor.py:161} INFO - Started process (PID=14067) to work on /opt/airflow/dags/crawl_crypto_prices.py
[2026-03-24T07:49:20.908+0000] {processor.py:830} INFO - Processing file /opt/airflow/dags/crawl_crypto_prices.py for tasks to queue
[2026-03-24T07:49:20.910+0000] {logging_mixin.py:188} INFO - [2026-03-24T07:49:20.910+0000] {dagbag.py:538} INFO - Filling up the DagBag from /opt/airflow/dags/crawl_crypto_prices.py
[2026-03-24T07:49:20.926+0000] {processor.py:840} INFO - DAG(s) 'crawl_crypto_prices' retrieved from /opt/airflow/dags/crawl_crypto_prices.py
[2026-03-24T07:49:20.946+0000] {logging_mixin.py:188} INFO - [2026-03-24T07:49:20.945+0000] {dag.py:3036} INFO - Sync 1 DAGs
[2026-03-24T07:49:20.956+0000] {logging_mixin.py:188} INFO - [2026-03-24T07:49:20.956+0000] {dag.py:3823} INFO - Setting next_dagrun for crawl_crypto_prices to 2026-03-24 07:00:00+00:00, run_after=2026-03-24 08:00:00+00:00
[2026-03-24T07:49:20.964+0000] {processor.py:183} INFO - Processing /opt/airflow/dags/crawl_crypto_prices.py took 0.062 seconds
[2026-03-24T07:49:51.218+0000] {processor.py:161} INFO - Started process (PID=14072) to work on /opt/airflow/dags/crawl_crypto_prices.py
[2026-03-24T07:49:51.219+0000] {processor.py:830} INFO - Processing file /opt/airflow/dags/crawl_crypto_prices.py for tasks to queue
[2026-03-24T07:49:51.220+0000] {logging_mixin.py:188} INFO - [2026-03-24T07:49:51.220+0000] {dagbag.py:538} INFO - Filling up the DagBag from /opt/airflow/dags/crawl_crypto_prices.py
[2026-03-24T07:49:51.236+0000] {processor.py:840} INFO - DAG(s) 'crawl_crypto_prices' retrieved from /opt/airflow/dags/crawl_crypto_prices.py
[2026-03-24T07:49:51.253+0000] {logging_mixin.py:188} INFO - [2026-03-24T07:49:51.253+0000] {dag.py:3036} INFO - Sync 1 DAGs
[2026-03-24T07:49:51.264+0000] {logging_mixin.py:188} INFO - [2026-03-24T07:49:51.263+0000] {dag.py:3823} INFO - Setting next_dagrun for crawl_crypto_prices to 2026-03-24 07:00:00+00:00, run_after=2026-03-24 08:00:00+00:00
[2026-03-24T07:49:51.270+0000] {processor.py:183} INFO - Processing /opt/airflow/dags/crawl_crypto_prices.py took 0.055 seconds
[2026-03-24T07:50:21.469+0000] {processor.py:161} INFO - Started process (PID=14077) to work on /opt/airflow/dags/crawl_crypto_prices.py
[2026-03-24T07:50:21.470+0000] {processor.py:830} INFO - Processing file /opt/airflow/dags/crawl_crypto_prices.py for tasks to queue
[2026-03-24T07:50:21.471+0000] {logging_mixin.py:188} INFO - [2026-03-24T07:50:21.471+0000] {dagbag.py:538} INFO - Filling up the DagBag from /opt/airflow/dags/crawl_crypto_prices.py
[2026-03-24T07:50:21.483+0000] {processor.py:840} INFO - DAG(s) 'crawl_crypto_prices' retrieved from /opt/airflow/dags/crawl_crypto_prices.py
[2026-03-24T07:50:21.501+0000] {logging_mixin.py:188} INFO - [2026-03-24T07:50:21.501+0000] {dag.py:3036} INFO - Sync 1 DAGs
[2026-03-24T07:50:21.510+0000] {logging_mixin.py:188} INFO - [2026-03-24T07:50:21.510+0000] {dag.py:3823} INFO - Setting next_dagrun for crawl_crypto_prices to 2026-03-24 07:00:00+00:00, run_after=2026-03-24 08:00:00+00:00
[2026-03-24T07:50:21.517+0000] {processor.py:183} INFO - Processing /opt/airflow/dags/crawl_crypto_prices.py took 0.052 seconds
[2026-03-24T07:50:51.841+0000] {processor.py:161} INFO - Started process (PID=14082) to work on /opt/airflow/dags/crawl_crypto_prices.py
[2026-03-24T07:50:51.842+0000] {processor.py:830} INFO - Processing file /opt/airflow/dags/crawl_crypto_prices.py for tasks to queue
[2026-03-24T07:50:51.843+0000] {logging_mixin.py:188} INFO - [2026-03-24T07:50:51.842+0000] {dagbag.py:538} INFO - Filling up the DagBag from /opt/airflow/dags/crawl_crypto_prices.py
[2026-03-24T07:50:51.855+0000] {processor.py:840} INFO - DAG(s) 'crawl_crypto_prices' retrieved from /opt/airflow/dags/crawl_crypto_prices.py
[2026-03-24T07:50:51.873+0000] {logging_mixin.py:188} INFO - [2026-03-24T07:50:51.873+0000] {dag.py:3036} INFO - Sync 1 DAGs
[2026-03-24T07:50:51.883+0000] {logging_mixin.py:188} INFO - [2026-03-24T07:50:51.883+0000] {dag.py:3823} INFO - Setting next_dagrun for crawl_crypto_prices to 2026-03-24 07:00:00+00:00, run_after=2026-03-24 08:00:00+00:00
[2026-03-24T07:50:51.889+0000] {processor.py:183} INFO - Processing /opt/airflow/dags/crawl_crypto_prices.py took 0.051 seconds
[2026-03-24T07:51:22.146+0000] {processor.py:161} INFO - Started process (PID=14091) to work on /opt/airflow/dags/crawl_crypto_prices.py
[2026-03-24T07:51:22.146+0000] {processor.py:830} INFO - Processing file /opt/airflow/dags/crawl_crypto_prices.py for tasks to queue
[2026-03-24T07:51:22.147+0000] {logging_mixin.py:188} INFO - [2026-03-24T07:51:22.147+0000] {dagbag.py:538} INFO - Filling up the DagBag from /opt/airflow/dags/crawl_crypto_prices.py
[2026-03-24T07:51:22.157+0000] {processor.py:840} INFO - DAG(s) 'crawl_crypto_prices' retrieved from /opt/airflow/dags/crawl_crypto_prices.py
[2026-03-24T07:51:22.172+0000] {logging_mixin.py:188} INFO - [2026-03-24T07:51:22.172+0000] {dag.py:3036} INFO - Sync 1 DAGs
[2026-03-24T07:51:22.181+0000] {logging_mixin.py:188} INFO - [2026-03-24T07:51:22.181+0000] {dag.py:3823} INFO - Setting next_dagrun for crawl_crypto_prices to 2026-03-24 07:00:00+00:00, run_after=2026-03-24 08:00:00+00:00
[2026-03-24T07:51:22.187+0000] {processor.py:183} INFO - Processing /opt/airflow/dags/crawl_crypto_prices.py took 0.045 seconds
[2026-03-24T07:51:52.427+0000] {processor.py:161} INFO - Started process (PID=14096) to work on /opt/airflow/dags/crawl_crypto_prices.py
[2026-03-24T07:51:52.428+0000] {processor.py:830} INFO - Processing file /opt/airflow/dags/crawl_crypto_prices.py for tasks to queue
[2026-03-24T07:51:52.429+0000] {logging_mixin.py:188} INFO - [2026-03-24T07:51:52.429+0000] {dagbag.py:538} INFO - Filling up the DagBag from /opt/airflow/dags/crawl_crypto_prices.py
[2026-03-24T07:51:52.441+0000] {processor.py:840} INFO - DAG(s) 'crawl_crypto_prices' retrieved from /opt/airflow/dags/crawl_crypto_prices.py
[2026-03-24T07:51:52.459+0000] {logging_mixin.py:188} INFO - [2026-03-24T07:51:52.459+0000] {dag.py:3036} INFO - Sync 1 DAGs
[2026-03-24T07:51:52.471+0000] {logging_mixin.py:188} INFO - [2026-03-24T07:51:52.471+0000] {dag.py:3823} INFO - Setting next_dagrun for crawl_crypto_prices to 2026-03-24 07:00:00+00:00, run_after=2026-03-24 08:00:00+00:00
[2026-03-24T07:51:52.478+0000] {processor.py:183} INFO - Processing /opt/airflow/dags/crawl_crypto_prices.py took 0.053 seconds
[2026-03-24T07:52:22.719+0000] {processor.py:161} INFO - Started process (PID=14101) to work on /opt/airflow/dags/crawl_crypto_prices.py
[2026-03-24T07:52:22.720+0000] {processor.py:830} INFO - Processing file /opt/airflow/dags/crawl_crypto_prices.py for tasks to queue
[2026-03-24T07:52:22.721+0000] {logging_mixin.py:188} INFO - [2026-03-24T07:52:22.720+0000] {dagbag.py:538} INFO - Filling up the DagBag from /opt/airflow/dags/crawl_crypto_prices.py
[2026-03-24T07:52:22.735+0000] {processor.py:840} INFO - DAG(s) 'crawl_crypto_prices' retrieved from /opt/airflow/dags/crawl_crypto_prices.py
[2026-03-24T07:52:22.754+0000] {logging_mixin.py:188} INFO - [2026-03-24T07:52:22.754+0000] {dag.py:3036} INFO - Sync 1 DAGs
[2026-03-24T07:52:22.763+0000] {logging_mixin.py:188} INFO - [2026-03-24T07:52:22.763+0000] {dag.py:3823} INFO - Setting next_dagrun for crawl_crypto_prices to 2026-03-24 07:00:00+00:00, run_after=2026-03-24 08:00:00+00:00
[2026-03-24T07:52:22.769+0000] {processor.py:183} INFO - Processing /opt/airflow/dags/crawl_crypto_prices.py took 0.053 seconds
[2026-03-24T07:52:53.004+0000] {processor.py:161} INFO - Started process (PID=14106) to work on /opt/airflow/dags/crawl_crypto_prices.py
[2026-03-24T07:52:53.005+0000] {processor.py:830} INFO - Processing file /opt/airflow/dags/crawl_crypto_prices.py for tasks to queue
[2026-03-24T07:52:53.005+0000] {logging_mixin.py:188} INFO - [2026-03-24T07:52:53.005+0000] {dagbag.py:538} INFO - Filling up the DagBag from /opt/airflow/dags/crawl_crypto_prices.py
[2026-03-24T07:52:53.017+0000] {processor.py:840} INFO - DAG(s) 'crawl_crypto_prices' retrieved from /opt/airflow/dags/crawl_crypto_prices.py
[2026-03-24T07:52:53.034+0000] {logging_mixin.py:188} INFO - [2026-03-24T07:52:53.034+0000] {dag.py:3036} INFO - Sync 1 DAGs
[2026-03-24T07:52:53.044+0000] {logging_mixin.py:188} INFO - [2026-03-24T07:52:53.044+0000] {dag.py:3823} INFO - Setting next_dagrun for crawl_crypto_prices to 2026-03-24 07:00:00+00:00, run_after=2026-03-24 08:00:00+00:00
[2026-03-24T07:52:53.050+0000] {processor.py:183} INFO - Processing /opt/airflow/dags/crawl_crypto_prices.py took 0.050 seconds
[2026-03-24T07:53:23.275+0000] {processor.py:161} INFO - Started process (PID=14111) to work on /opt/airflow/dags/crawl_crypto_prices.py
[2026-03-24T07:53:23.275+0000] {processor.py:830} INFO - Processing file /opt/airflow/dags/crawl_crypto_prices.py for tasks to queue
[2026-03-24T07:53:23.276+0000] {logging_mixin.py:188} INFO - [2026-03-24T07:53:23.275+0000] {dagbag.py:538} INFO - Filling up the DagBag from /opt/airflow/dags/crawl_crypto_prices.py
[2026-03-24T07:53:23.283+0000] {processor.py:840} INFO - DAG(s) 'crawl_crypto_prices' retrieved from /opt/airflow/dags/crawl_crypto_prices.py
[2026-03-24T07:53:23.295+0000] {logging_mixin.py:188} INFO - [2026-03-24T07:53:23.295+0000] {dag.py:3036} INFO - Sync 1 DAGs
[2026-03-24T07:53:23.304+0000] {logging_mixin.py:188} INFO - [2026-03-24T07:53:23.304+0000] {dag.py:3823} INFO - Setting next_dagrun for crawl_crypto_prices to 2026-03-24 07:00:00+00:00, run_after=2026-03-24 08:00:00+00:00
[2026-03-24T07:53:23.310+0000] {processor.py:183} INFO - Processing /opt/airflow/dags/crawl_crypto_prices.py took 0.038 seconds
[2026-03-24T07:53:53.589+0000] {processor.py:161} INFO - Started process (PID=14116) to work on /opt/airflow/dags/crawl_crypto_prices.py
[2026-03-24T07:53:53.590+0000] {processor.py:830} INFO - Processing file /opt/airflow/dags/crawl_crypto_prices.py for tasks to queue
[2026-03-24T07:53:53.591+0000] {logging_mixin.py:188} INFO - [2026-03-24T07:53:53.590+0000] {dagbag.py:538} INFO - Filling up the DagBag from /opt/airflow/dags/crawl_crypto_prices.py
[2026-03-24T07:53:53.601+0000] {processor.py:840} INFO - DAG(s) 'crawl_crypto_prices' retrieved from /opt/airflow/dags/crawl_crypto_prices.py
[2026-03-24T07:53:53.618+0000] {logging_mixin.py:188} INFO - [2026-03-24T07:53:53.618+0000] {dag.py:3036} INFO - Sync 1 DAGs
[2026-03-24T07:53:53.628+0000] {logging_mixin.py:188} INFO - [2026-03-24T07:53:53.628+0000] {dag.py:3823} INFO - Setting next_dagrun for crawl_crypto_prices to 2026-03-24 07:00:00+00:00, run_after=2026-03-24 08:00:00+00:00
[2026-03-24T07:53:53.633+0000] {processor.py:183} INFO - Processing /opt/airflow/dags/crawl_crypto_prices.py took 0.048 seconds
[2026-03-24T07:54:23.924+0000] {processor.py:161} INFO - Started process (PID=14121) to work on /opt/airflow/dags/crawl_crypto_prices.py
[2026-03-24T07:54:23.925+0000] {processor.py:830} INFO - Processing file /opt/airflow/dags/crawl_crypto_prices.py for tasks to queue
[2026-03-24T07:54:23.926+0000] {logging_mixin.py:188} INFO - [2026-03-24T07:54:23.925+0000] {dagbag.py:538} INFO - Filling up the DagBag from /opt/airflow/dags/crawl_crypto_prices.py
[2026-03-24T07:54:23.937+0000] {processor.py:840} INFO - DAG(s) 'crawl_crypto_prices' retrieved from /opt/airflow/dags/crawl_crypto_prices.py
[2026-03-24T07:54:23.956+0000] {logging_mixin.py:188} INFO - [2026-03-24T07:54:23.956+0000] {dag.py:3036} INFO - Sync 1 DAGs
[2026-03-24T07:54:23.967+0000] {logging_mixin.py:188} INFO - [2026-03-24T07:54:23.967+0000] {dag.py:3823} INFO - Setting next_dagrun for crawl_crypto_prices to 2026-03-24 07:00:00+00:00, run_after=2026-03-24 08:00:00+00:00
[2026-03-24T07:54:23.973+0000] {processor.py:183} INFO - Processing /opt/airflow/dags/crawl_crypto_prices.py took 0.052 seconds
[2026-03-24T07:54:54.232+0000] {processor.py:161} INFO - Started process (PID=14126) to work on /opt/airflow/dags/crawl_crypto_prices.py
[2026-03-24T07:54:54.233+0000] {processor.py:830} INFO - Processing file /opt/airflow/dags/crawl_crypto_prices.py for tasks to queue
[2026-03-24T07:54:54.234+0000] {logging_mixin.py:188} INFO - [2026-03-24T07:54:54.233+0000] {dagbag.py:538} INFO - Filling up the DagBag from /opt/airflow/dags/crawl_crypto_prices.py
[2026-03-24T07:54:54.246+0000] {processor.py:840} INFO - DAG(s) 'crawl_crypto_prices' retrieved from /opt/airflow/dags/crawl_crypto_prices.py
[2026-03-24T07:54:54.261+0000] {logging_mixin.py:188} INFO - [2026-03-24T07:54:54.261+0000] {dag.py:3036} INFO - Sync 1 DAGs
[2026-03-24T07:54:54.271+0000] {logging_mixin.py:188} INFO - [2026-03-24T07:54:54.271+0000] {dag.py:3823} INFO - Setting next_dagrun for crawl_crypto_prices to 2026-03-24 07:00:00+00:00, run_after=2026-03-24 08:00:00+00:00
[2026-03-24T07:54:54.277+0000] {processor.py:183} INFO - Processing /opt/airflow/dags/crawl_crypto_prices.py took 0.048 seconds
[2026-03-24T07:55:24.576+0000] {processor.py:161} INFO - Started process (PID=14131) to work on /opt/airflow/dags/crawl_crypto_prices.py
[2026-03-24T07:55:24.577+0000] {processor.py:830} INFO - Processing file /opt/airflow/dags/crawl_crypto_prices.py for tasks to queue
[2026-03-24T07:55:24.578+0000] {logging_mixin.py:188} INFO - [2026-03-24T07:55:24.578+0000] {dagbag.py:538} INFO - Filling up the DagBag from /opt/airflow/dags/crawl_crypto_prices.py
[2026-03-24T07:55:24.592+0000] {processor.py:840} INFO - DAG(s) 'crawl_crypto_prices' retrieved from /opt/airflow/dags/crawl_crypto_prices.py
[2026-03-24T07:55:24.612+0000] {logging_mixin.py:188} INFO - [2026-03-24T07:55:24.612+0000] {dag.py:3036} INFO - Sync 1 DAGs
[2026-03-24T07:55:24.621+0000] {logging_mixin.py:188} INFO - [2026-03-24T07:55:24.621+0000] {dag.py:3823} INFO - Setting next_dagrun for crawl_crypto_prices to 2026-03-24 07:00:00+00:00, run_after=2026-03-24 08:00:00+00:00
[2026-03-24T07:55:24.628+0000] {processor.py:183} INFO - Processing /opt/airflow/dags/crawl_crypto_prices.py took 0.056 seconds
[2026-03-24T07:55:54.887+0000] {processor.py:161} INFO - Started process (PID=14136) to work on /opt/airflow/dags/crawl_crypto_prices.py
[2026-03-24T07:55:54.888+0000] {processor.py:830} INFO - Processing file /opt/airflow/dags/crawl_crypto_prices.py for tasks to queue
[2026-03-24T07:55:54.889+0000] {logging_mixin.py:188} INFO - [2026-03-24T07:55:54.889+0000] {dagbag.py:538} INFO - Filling up the DagBag from /opt/airflow/dags/crawl_crypto_prices.py
[2026-03-24T07:55:54.903+0000] {processor.py:840} INFO - DAG(s) 'crawl_crypto_prices' retrieved from /opt/airflow/dags/crawl_crypto_prices.py
[2026-03-24T07:55:54.926+0000] {logging_mixin.py:188} INFO - [2026-03-24T07:55:54.926+0000] {dag.py:3036} INFO - Sync 1 DAGs
[2026-03-24T07:55:54.938+0000] {logging_mixin.py:188} INFO - [2026-03-24T07:55:54.938+0000] {dag.py:3823} INFO - Setting next_dagrun for crawl_crypto_prices to 2026-03-24 07:00:00+00:00, run_after=2026-03-24 08:00:00+00:00
[2026-03-24T07:55:54.944+0000] {processor.py:183} INFO - Processing /opt/airflow/dags/crawl_crypto_prices.py took 0.061 seconds
[2026-03-24T07:56:25.183+0000] {processor.py:161} INFO - Started process (PID=14141) to work on /opt/airflow/dags/crawl_crypto_prices.py
[2026-03-24T07:56:25.184+0000] {processor.py:830} INFO - Processing file /opt/airflow/dags/crawl_crypto_prices.py for tasks to queue
[2026-03-24T07:56:25.185+0000] {logging_mixin.py:188} INFO - [2026-03-24T07:56:25.184+0000] {dagbag.py:538} INFO - Filling up the DagBag from /opt/airflow/dags/crawl_crypto_prices.py
[2026-03-24T07:56:25.199+0000] {processor.py:840} INFO - DAG(s) 'crawl_crypto_prices' retrieved from /opt/airflow/dags/crawl_crypto_prices.py
[2026-03-24T07:56:25.218+0000] {logging_mixin.py:188} INFO - [2026-03-24T07:56:25.218+0000] {dag.py:3036} INFO - Sync 1 DAGs
[2026-03-24T07:56:25.228+0000] {logging_mixin.py:188} INFO - [2026-03-24T07:56:25.228+0000] {dag.py:3823} INFO - Setting next_dagrun for crawl_crypto_prices to 2026-03-24 07:00:00+00:00, run_after=2026-03-24 08:00:00+00:00
[2026-03-24T07:56:25.234+0000] {processor.py:183} INFO - Processing /opt/airflow/dags/crawl_crypto_prices.py took 0.054 seconds
[2026-03-24T07:56:55.485+0000] {processor.py:161} INFO - Started process (PID=14146) to work on /opt/airflow/dags/crawl_crypto_prices.py
[2026-03-24T07:56:55.486+0000] {processor.py:830} INFO - Processing file /opt/airflow/dags/crawl_crypto_prices.py for tasks to queue
[2026-03-24T07:56:55.487+0000] {logging_mixin.py:188} INFO - [2026-03-24T07:56:55.486+0000] {dagbag.py:538} INFO - Filling up the DagBag from /opt/airflow/dags/crawl_crypto_prices.py
[2026-03-24T07:56:55.498+0000] {processor.py:840} INFO - DAG(s) 'crawl_crypto_prices' retrieved from /opt/airflow/dags/crawl_crypto_prices.py
[2026-03-24T07:56:55.515+0000] {logging_mixin.py:188} INFO - [2026-03-24T07:56:55.515+0000] {dag.py:3036} INFO - Sync 1 DAGs
[2026-03-24T07:56:55.525+0000] {logging_mixin.py:188} INFO - [2026-03-24T07:56:55.525+0000] {dag.py:3823} INFO - Setting next_dagrun for crawl_crypto_prices to 2026-03-24 07:00:00+00:00, run_after=2026-03-24 08:00:00+00:00
[2026-03-24T07:56:55.531+0000] {processor.py:183} INFO - Processing /opt/airflow/dags/crawl_crypto_prices.py took 0.049 seconds
[2026-03-24T07:57:25.816+0000] {processor.py:161} INFO - Started process (PID=14151) to work on /opt/airflow/dags/crawl_crypto_prices.py
[2026-03-24T07:57:25.817+0000] {processor.py:830} INFO - Processing file /opt/airflow/dags/crawl_crypto_prices.py for tasks to queue
[2026-03-24T07:57:25.818+0000] {logging_mixin.py:188} INFO - [2026-03-24T07:57:25.818+0000] {dagbag.py:538} INFO - Filling up the DagBag from /opt/airflow/dags/crawl_crypto_prices.py
[2026-03-24T07:57:25.829+0000] {processor.py:840} INFO - DAG(s) 'crawl_crypto_prices' retrieved from /opt/airflow/dags/crawl_crypto_prices.py
[2026-03-24T07:57:25.845+0000] {logging_mixin.py:188} INFO - [2026-03-24T07:57:25.845+0000] {dag.py:3036} INFO - Sync 1 DAGs
[2026-03-24T07:57:25.856+0000] {logging_mixin.py:188} INFO - [2026-03-24T07:57:25.856+0000] {dag.py:3823} INFO - Setting next_dagrun for crawl_crypto_prices to 2026-03-24 07:00:00+00:00, run_after=2026-03-24 08:00:00+00:00
[2026-03-24T07:57:25.871+0000] {processor.py:183} INFO - Processing /opt/airflow/dags/crawl_crypto_prices.py took 0.058 seconds
[2026-03-24T07:57:56.153+0000] {processor.py:161} INFO - Started process (PID=14156) to work on /opt/airflow/dags/crawl_crypto_prices.py
[2026-03-24T07:57:56.154+0000] {processor.py:830} INFO - Processing file /opt/airflow/dags/crawl_crypto_prices.py for tasks to queue
[2026-03-24T07:57:56.154+0000] {logging_mixin.py:188} INFO - [2026-03-24T07:57:56.154+0000] {dagbag.py:538} INFO - Filling up the DagBag from /opt/airflow/dags/crawl_crypto_prices.py
[2026-03-24T07:57:56.166+0000] {processor.py:840} INFO - DAG(s) 'crawl_crypto_prices' retrieved from /opt/airflow/dags/crawl_crypto_prices.py
[2026-03-24T07:57:56.184+0000] {logging_mixin.py:188} INFO - [2026-03-24T07:57:56.184+0000] {dag.py:3036} INFO - Sync 1 DAGs
[2026-03-24T07:57:56.195+0000] {logging_mixin.py:188} INFO - [2026-03-24T07:57:56.195+0000] {dag.py:3823} INFO - Setting next_dagrun for crawl_crypto_prices to 2026-03-24 07:00:00+00:00, run_after=2026-03-24 08:00:00+00:00
[2026-03-24T07:57:56.201+0000] {processor.py:183} INFO - Processing /opt/airflow/dags/crawl_crypto_prices.py took 0.051 seconds
[2026-03-24T07:58:26.467+0000] {processor.py:161} INFO - Started process (PID=14161) to work on /opt/airflow/dags/crawl_crypto_prices.py
[2026-03-24T07:58:26.468+0000] {processor.py:830} INFO - Processing file /opt/airflow/dags/crawl_crypto_prices.py for tasks to queue
[2026-03-24T07:58:26.469+0000] {logging_mixin.py:188} INFO - [2026-03-24T07:58:26.468+0000] {dagbag.py:538} INFO - Filling up the DagBag from /opt/airflow/dags/crawl_crypto_prices.py
[2026-03-24T07:58:26.479+0000] {processor.py:840} INFO - DAG(s) 'crawl_crypto_prices' retrieved from /opt/airflow/dags/crawl_crypto_prices.py
[2026-03-24T07:58:26.496+0000] {logging_mixin.py:188} INFO - [2026-03-24T07:58:26.496+0000] {dag.py:3036} INFO - Sync 1 DAGs
[2026-03-24T07:58:26.505+0000] {logging_mixin.py:188} INFO - [2026-03-24T07:58:26.505+0000] {dag.py:3823} INFO - Setting next_dagrun for crawl_crypto_prices to 2026-03-24 07:00:00+00:00, run_after=2026-03-24 08:00:00+00:00
[2026-03-24T07:58:26.512+0000] {processor.py:183} INFO - Processing /opt/airflow/dags/crawl_crypto_prices.py took 0.048 seconds
[2026-03-24T07:58:56.800+0000] {processor.py:161} INFO - Started process (PID=14166) to work on /opt/airflow/dags/crawl_crypto_prices.py
[2026-03-24T07:58:56.801+0000] {processor.py:830} INFO - Processing file /opt/airflow/dags/crawl_crypto_prices.py for tasks to queue
[2026-03-24T07:58:56.801+0000] {logging_mixin.py:188} INFO - [2026-03-24T07:58:56.801+0000] {dagbag.py:538} INFO - Filling up the DagBag from /opt/airflow/dags/crawl_crypto_prices.py
[2026-03-24T07:58:56.813+0000] {processor.py:840} INFO - DAG(s) 'crawl_crypto_prices' retrieved from /opt/airflow/dags/crawl_crypto_prices.py
[2026-03-24T07:58:56.831+0000] {logging_mixin.py:188} INFO - [2026-03-24T07:58:56.831+0000] {dag.py:3036} INFO - Sync 1 DAGs
[2026-03-24T07:58:56.842+0000] {logging_mixin.py:188} INFO - [2026-03-24T07:58:56.841+0000] {dag.py:3823} INFO - Setting next_dagrun for crawl_crypto_prices to 2026-03-24 07:00:00+00:00, run_after=2026-03-24 08:00:00+00:00
[2026-03-24T07:58:56.848+0000] {processor.py:183} INFO - Processing /opt/airflow/dags/crawl_crypto_prices.py took 0.051 seconds
[2026-03-24T07:59:27.092+0000] {processor.py:161} INFO - Started process (PID=14171) to work on /opt/airflow/dags/crawl_crypto_prices.py
[2026-03-24T07:59:27.093+0000] {processor.py:830} INFO - Processing file /opt/airflow/dags/crawl_crypto_prices.py for tasks to queue
[2026-03-24T07:59:27.094+0000] {logging_mixin.py:188} INFO - [2026-03-24T07:59:27.093+0000] {dagbag.py:538} INFO - Filling up the DagBag from /opt/airflow/dags/crawl_crypto_prices.py
[2026-03-24T07:59:27.104+0000] {processor.py:840} INFO - DAG(s) 'crawl_crypto_prices' retrieved from /opt/airflow/dags/crawl_crypto_prices.py
[2026-03-24T07:59:27.121+0000] {logging_mixin.py:188} INFO - [2026-03-24T07:59:27.121+0000] {dag.py:3036} INFO - Sync 1 DAGs
[2026-03-24T07:59:27.131+0000] {logging_mixin.py:188} INFO - [2026-03-24T07:59:27.131+0000] {dag.py:3823} INFO - Setting next_dagrun for crawl_crypto_prices to 2026-03-24 07:00:00+00:00, run_after=2026-03-24 08:00:00+00:00
[2026-03-24T07:59:27.137+0000] {processor.py:183} INFO - Processing /opt/airflow/dags/crawl_crypto_prices.py took 0.047 seconds
[2026-03-24T07:59:57.405+0000] {processor.py:161} INFO - Started process (PID=14176) to work on /opt/airflow/dags/crawl_crypto_prices.py
[2026-03-24T07:59:57.407+0000] {processor.py:830} INFO - Processing file /opt/airflow/dags/crawl_crypto_prices.py for tasks to queue
[2026-03-24T07:59:57.407+0000] {logging_mixin.py:188} INFO - [2026-03-24T07:59:57.407+0000] {dagbag.py:538} INFO - Filling up the DagBag from /opt/airflow/dags/crawl_crypto_prices.py
[2026-03-24T07:59:57.420+0000] {processor.py:840} INFO - DAG(s) 'crawl_crypto_prices' retrieved from /opt/airflow/dags/crawl_crypto_prices.py
[2026-03-24T07:59:57.439+0000] {logging_mixin.py:188} INFO - [2026-03-24T07:59:57.438+0000] {dag.py:3036} INFO - Sync 1 DAGs
[2026-03-24T07:59:57.449+0000] {logging_mixin.py:188} INFO - [2026-03-24T07:59:57.448+0000] {dag.py:3823} INFO - Setting next_dagrun for crawl_crypto_prices to 2026-03-24 07:00:00+00:00, run_after=2026-03-24 08:00:00+00:00
[2026-03-24T07:59:57.454+0000] {processor.py:183} INFO - Processing /opt/airflow/dags/crawl_crypto_prices.py took 0.052 seconds
[2026-03-24T08:00:27.723+0000] {processor.py:161} INFO - Started process (PID=14185) to work on /opt/airflow/dags/crawl_crypto_prices.py
[2026-03-24T08:00:27.724+0000] {processor.py:830} INFO - Processing file /opt/airflow/dags/crawl_crypto_prices.py for tasks to queue
[2026-03-24T08:00:27.724+0000] {logging_mixin.py:188} INFO - [2026-03-24T08:00:27.724+0000] {dagbag.py:538} INFO - Filling up the DagBag from /opt/airflow/dags/crawl_crypto_prices.py
[2026-03-24T08:00:27.735+0000] {processor.py:840} INFO - DAG(s) 'crawl_crypto_prices' retrieved from /opt/airflow/dags/crawl_crypto_prices.py
[2026-03-24T08:00:27.753+0000] {logging_mixin.py:188} INFO - [2026-03-24T08:00:27.753+0000] {dag.py:3036} INFO - Sync 1 DAGs
[2026-03-24T08:00:27.763+0000] {logging_mixin.py:188} INFO - [2026-03-24T08:00:27.763+0000] {dag.py:3823} INFO - Setting next_dagrun for crawl_crypto_prices to 2026-03-24 08:00:00+00:00, run_after=2026-03-24 09:00:00+00:00
[2026-03-24T08:00:27.769+0000] {processor.py:183} INFO - Processing /opt/airflow/dags/crawl_crypto_prices.py took 0.049 seconds
[2026-03-24T08:00:58.025+0000] {processor.py:161} INFO - Started process (PID=14190) to work on /opt/airflow/dags/crawl_crypto_prices.py
[2026-03-24T08:00:58.025+0000] {processor.py:830} INFO - Processing file /opt/airflow/dags/crawl_crypto_prices.py for tasks to queue
[2026-03-24T08:00:58.026+0000] {logging_mixin.py:188} INFO - [2026-03-24T08:00:58.026+0000] {dagbag.py:538} INFO - Filling up the DagBag from /opt/airflow/dags/crawl_crypto_prices.py
[2026-03-24T08:00:58.038+0000] {processor.py:840} INFO - DAG(s) 'crawl_crypto_prices' retrieved from /opt/airflow/dags/crawl_crypto_prices.py
[2026-03-24T08:00:58.057+0000] {logging_mixin.py:188} INFO - [2026-03-24T08:00:58.057+0000] {dag.py:3036} INFO - Sync 1 DAGs
[2026-03-24T08:00:58.068+0000] {logging_mixin.py:188} INFO - [2026-03-24T08:00:58.068+0000] {dag.py:3823} INFO - Setting next_dagrun for crawl_crypto_prices to 2026-03-24 08:00:00+00:00, run_after=2026-03-24 09:00:00+00:00
[2026-03-24T08:00:58.074+0000] {processor.py:183} INFO - Processing /opt/airflow/dags/crawl_crypto_prices.py took 0.053 seconds
[2026-03-24T08:02:33.613+0000] {processor.py:161} INFO - Started process (PID=14195) to work on /opt/airflow/dags/crawl_crypto_prices.py
[2026-03-24T08:02:33.614+0000] {processor.py:830} INFO - Processing file /opt/airflow/dags/crawl_crypto_prices.py for tasks to queue
[2026-03-24T08:02:33.615+0000] {logging_mixin.py:188} INFO - [2026-03-24T08:02:33.615+0000] {dagbag.py:538} INFO - Filling up the DagBag from /opt/airflow/dags/crawl_crypto_prices.py
[2026-03-24T08:02:33.626+0000] {processor.py:840} INFO - DAG(s) 'crawl_crypto_prices' retrieved from /opt/airflow/dags/crawl_crypto_prices.py
[2026-03-24T08:02:33.645+0000] {logging_mixin.py:188} INFO - [2026-03-24T08:02:33.645+0000] {dag.py:3036} INFO - Sync 1 DAGs
[2026-03-24T08:02:33.656+0000] {logging_mixin.py:188} INFO - [2026-03-24T08:02:33.656+0000] {dag.py:3823} INFO - Setting next_dagrun for crawl_crypto_prices to 2026-03-24 08:00:00+00:00, run_after=2026-03-24 09:00:00+00:00
[2026-03-24T08:02:33.664+0000] {processor.py:183} INFO - Processing /opt/airflow/dags/crawl_crypto_prices.py took 0.053 seconds
[2026-03-24T08:03:03.940+0000] {processor.py:161} INFO - Started process (PID=14202) to work on /opt/airflow/dags/crawl_crypto_prices.py
[2026-03-24T08:03:03.941+0000] {processor.py:830} INFO - Processing file /opt/airflow/dags/crawl_crypto_prices.py for tasks to queue
[2026-03-24T08:03:03.942+0000] {logging_mixin.py:188} INFO - [2026-03-24T08:03:03.942+0000] {dagbag.py:538} INFO - Filling up the DagBag from /opt/airflow/dags/crawl_crypto_prices.py
[2026-03-24T08:03:03.957+0000] {processor.py:840} INFO - DAG(s) 'crawl_crypto_prices' retrieved from /opt/airflow/dags/crawl_crypto_prices.py
[2026-03-24T08:03:03.978+0000] {logging_mixin.py:188} INFO - [2026-03-24T08:03:03.978+0000] {dag.py:3036} INFO - Sync 1 DAGs
[2026-03-24T08:03:03.988+0000] {logging_mixin.py:188} INFO - [2026-03-24T08:03:03.988+0000] {dag.py:3823} INFO - Setting next_dagrun for crawl_crypto_prices to 2026-03-24 08:00:00+00:00, run_after=2026-03-24 09:00:00+00:00
[2026-03-24T08:03:03.994+0000] {processor.py:183} INFO - Processing /opt/airflow/dags/crawl_crypto_prices.py took 0.057 seconds
[2026-03-24T08:03:34.249+0000] {processor.py:161} INFO - Started process (PID=14207) to work on /opt/airflow/dags/crawl_crypto_prices.py
[2026-03-24T08:03:34.250+0000] {processor.py:830} INFO - Processing file /opt/airflow/dags/crawl_crypto_prices.py for tasks to queue
[2026-03-24T08:03:34.251+0000] {logging_mixin.py:188} INFO - [2026-03-24T08:03:34.251+0000] {dagbag.py:538} INFO - Filling up the DagBag from /opt/airflow/dags/crawl_crypto_prices.py
[2026-03-24T08:03:34.264+0000] {processor.py:840} INFO - DAG(s) 'crawl_crypto_prices' retrieved from /opt/airflow/dags/crawl_crypto_prices.py
[2026-03-24T08:03:34.285+0000] {logging_mixin.py:188} INFO - [2026-03-24T08:03:34.285+0000] {dag.py:3036} INFO - Sync 1 DAGs
[2026-03-24T08:03:34.296+0000] {logging_mixin.py:188} INFO - [2026-03-24T08:03:34.296+0000] {dag.py:3823} INFO - Setting next_dagrun for crawl_crypto_prices to 2026-03-24 08:00:00+00:00, run_after=2026-03-24 09:00:00+00:00
[2026-03-24T08:03:34.302+0000] {processor.py:183} INFO - Processing /opt/airflow/dags/crawl_crypto_prices.py took 0.057 seconds
[2026-03-24T08:04:04.529+0000] {processor.py:161} INFO - Started process (PID=14212) to work on /opt/airflow/dags/crawl_crypto_prices.py
[2026-03-24T08:04:04.531+0000] {processor.py:830} INFO - Processing file /opt/airflow/dags/crawl_crypto_prices.py for tasks to queue
[2026-03-24T08:04:04.532+0000] {logging_mixin.py:188} INFO - [2026-03-24T08:04:04.531+0000] {dagbag.py:538} INFO - Filling up the DagBag from /opt/airflow/dags/crawl_crypto_prices.py
[2026-03-24T08:04:04.546+0000] {processor.py:840} INFO - DAG(s) 'crawl_crypto_prices' retrieved from /opt/airflow/dags/crawl_crypto_prices.py
[2026-03-24T08:04:04.564+0000] {logging_mixin.py:188} INFO - [2026-03-24T08:04:04.564+0000] {dag.py:3036} INFO - Sync 1 DAGs
[2026-03-24T08:04:04.574+0000] {logging_mixin.py:188} INFO - [2026-03-24T08:04:04.573+0000] {dag.py:3823} INFO - Setting next_dagrun for crawl_crypto_prices to 2026-03-24 08:00:00+00:00, run_after=2026-03-24 09:00:00+00:00
[2026-03-24T08:04:04.580+0000] {processor.py:183} INFO - Processing /opt/airflow/dags/crawl_crypto_prices.py took 0.055 seconds
[2026-03-24T08:04:34.820+0000] {processor.py:161} INFO - Started process (PID=14217) to work on /opt/airflow/dags/crawl_crypto_prices.py
[2026-03-24T08:04:34.821+0000] {processor.py:830} INFO - Processing file /opt/airflow/dags/crawl_crypto_prices.py for tasks to queue
[2026-03-24T08:04:34.821+0000] {logging_mixin.py:188} INFO - [2026-03-24T08:04:34.821+0000] {dagbag.py:538} INFO - Filling up the DagBag from /opt/airflow/dags/crawl_crypto_prices.py
[2026-03-24T08:04:34.832+0000] {processor.py:840} INFO - DAG(s) 'crawl_crypto_prices' retrieved from /opt/airflow/dags/crawl_crypto_prices.py
[2026-03-24T08:04:34.850+0000] {logging_mixin.py:188} INFO - [2026-03-24T08:04:34.850+0000] {dag.py:3036} INFO - Sync 1 DAGs
[2026-03-24T08:04:34.859+0000] {logging_mixin.py:188} INFO - [2026-03-24T08:04:34.859+0000] {dag.py:3823} INFO - Setting next_dagrun for crawl_crypto_prices to 2026-03-24 08:00:00+00:00, run_after=2026-03-24 09:00:00+00:00
[2026-03-24T08:04:34.866+0000] {processor.py:183} INFO - Processing /opt/airflow/dags/crawl_crypto_prices.py took 0.049 seconds
[2026-03-24T08:05:05.115+0000] {processor.py:161} INFO - Started process (PID=14222) to work on /opt/airflow/dags/crawl_crypto_prices.py
[2026-03-24T08:05:05.116+0000] {processor.py:830} INFO - Processing file /opt/airflow/dags/crawl_crypto_prices.py for tasks to queue
[2026-03-24T08:05:05.117+0000] {logging_mixin.py:188} INFO - [2026-03-24T08:05:05.117+0000] {dagbag.py:538} INFO - Filling up the DagBag from /opt/airflow/dags/crawl_crypto_prices.py
[2026-03-24T08:05:05.129+0000] {processor.py:840} INFO - DAG(s) 'crawl_crypto_prices' retrieved from /opt/airflow/dags/crawl_crypto_prices.py
[2026-03-24T08:05:05.148+0000] {logging_mixin.py:188} INFO - [2026-03-24T08:05:05.148+0000] {dag.py:3036} INFO - Sync 1 DAGs
[2026-03-24T08:05:05.159+0000] {logging_mixin.py:188} INFO - [2026-03-24T08:05:05.159+0000] {dag.py:3823} INFO - Setting next_dagrun for crawl_crypto_prices to 2026-03-24 08:00:00+00:00, run_after=2026-03-24 09:00:00+00:00
[2026-03-24T08:05:05.165+0000] {processor.py:183} INFO - Processing /opt/airflow/dags/crawl_crypto_prices.py took 0.054 seconds
[2026-03-24T08:05:35.434+0000] {processor.py:161} INFO - Started process (PID=14227) to work on /opt/airflow/dags/crawl_crypto_prices.py
[2026-03-24T08:05:35.436+0000] {processor.py:830} INFO - Processing file /opt/airflow/dags/crawl_crypto_prices.py for tasks to queue
[2026-03-24T08:05:35.437+0000] {logging_mixin.py:188} INFO - [2026-03-24T08:05:35.436+0000] {dagbag.py:538} INFO - Filling up the DagBag from /opt/airflow/dags/crawl_crypto_prices.py
[2026-03-24T08:05:35.449+0000] {processor.py:840} INFO - DAG(s) 'crawl_crypto_prices' retrieved from /opt/airflow/dags/crawl_crypto_prices.py
[2026-03-24T08:05:35.465+0000] {logging_mixin.py:188} INFO - [2026-03-24T08:05:35.465+0000] {dag.py:3036} INFO - Sync 1 DAGs
[2026-03-24T08:05:35.474+0000] {logging_mixin.py:188} INFO - [2026-03-24T08:05:35.474+0000] {dag.py:3823} INFO - Setting next_dagrun for crawl_crypto_prices to 2026-03-24 08:00:00+00:00, run_after=2026-03-24 09:00:00+00:00
[2026-03-24T08:05:35.481+0000] {processor.py:183} INFO - Processing /opt/airflow/dags/crawl_crypto_prices.py took 0.051 seconds
[2026-03-24T08:06:05.746+0000] {processor.py:161} INFO - Started process (PID=14232) to work on /opt/airflow/dags/crawl_crypto_prices.py
[2026-03-24T08:06:05.747+0000] {processor.py:830} INFO - Processing file /opt/airflow/dags/crawl_crypto_prices.py for tasks to queue
[2026-03-24T08:06:05.748+0000] {logging_mixin.py:188} INFO - [2026-03-24T08:06:05.748+0000] {dagbag.py:538} INFO - Filling up the DagBag from /opt/airflow/dags/crawl_crypto_prices.py
[2026-03-24T08:06:05.761+0000] {processor.py:840} INFO - DAG(s) 'crawl_crypto_prices' retrieved from /opt/airflow/dags/crawl_crypto_prices.py
[2026-03-24T08:06:05.784+0000] {logging_mixin.py:188} INFO - [2026-03-24T08:06:05.784+0000] {dag.py:3036} INFO - Sync 1 DAGs
[2026-03-24T08:06:05.797+0000] {logging_mixin.py:188} INFO - [2026-03-24T08:06:05.797+0000] {dag.py:3823} INFO - Setting next_dagrun for crawl_crypto_prices to 2026-03-24 08:00:00+00:00, run_after=2026-03-24 09:00:00+00:00
[2026-03-24T08:06:05.803+0000] {processor.py:183} INFO - Processing /opt/airflow/dags/crawl_crypto_prices.py took 0.060 seconds
[2026-03-24T08:06:36.074+0000] {processor.py:161} INFO - Started process (PID=14237) to work on /opt/airflow/dags/crawl_crypto_prices.py
[2026-03-24T08:06:36.075+0000] {processor.py:830} INFO - Processing file /opt/airflow/dags/crawl_crypto_prices.py for tasks to queue
[2026-03-24T08:06:36.076+0000] {logging_mixin.py:188} INFO - [2026-03-24T08:06:36.076+0000] {dagbag.py:538} INFO - Filling up the DagBag from /opt/airflow/dags/crawl_crypto_prices.py
[2026-03-24T08:06:36.087+0000] {processor.py:840} INFO - DAG(s) 'crawl_crypto_prices' retrieved from /opt/airflow/dags/crawl_crypto_prices.py
[2026-03-24T08:06:36.106+0000] {logging_mixin.py:188} INFO - [2026-03-24T08:06:36.106+0000] {dag.py:3036} INFO - Sync 1 DAGs
[2026-03-24T08:06:36.117+0000] {logging_mixin.py:188} INFO - [2026-03-24T08:06:36.117+0000] {dag.py:3823} INFO - Setting next_dagrun for crawl_crypto_prices to 2026-03-24 08:00:00+00:00, run_after=2026-03-24 09:00:00+00:00
[2026-03-24T08:06:36.133+0000] {processor.py:183} INFO - Processing /opt/airflow/dags/crawl_crypto_prices.py took 0.062 seconds
[2026-03-24T08:07:06.392+0000] {processor.py:161} INFO - Started process (PID=14242) to work on /opt/airflow/dags/crawl_crypto_prices.py
[2026-03-24T08:07:06.393+0000] {processor.py:830} INFO - Processing file /opt/airflow/dags/crawl_crypto_prices.py for tasks to queue
[2026-03-24T08:07:06.394+0000] {logging_mixin.py:188} INFO - [2026-03-24T08:07:06.393+0000] {dagbag.py:538} INFO - Filling up the DagBag from /opt/airflow/dags/crawl_crypto_prices.py
[2026-03-24T08:07:06.405+0000] {processor.py:840} INFO - DAG(s) 'crawl_crypto_prices' retrieved from /opt/airflow/dags/crawl_crypto_prices.py
[2026-03-24T08:07:06.422+0000] {logging_mixin.py:188} INFO - [2026-03-24T08:07:06.422+0000] {dag.py:3036} INFO - Sync 1 DAGs
[2026-03-24T08:07:06.431+0000] {logging_mixin.py:188} INFO - [2026-03-24T08:07:06.431+0000] {dag.py:3823} INFO - Setting next_dagrun for crawl_crypto_prices to 2026-03-24 08:00:00+00:00, run_after=2026-03-24 09:00:00+00:00
[2026-03-24T08:07:06.438+0000] {processor.py:183} INFO - Processing /opt/airflow/dags/crawl_crypto_prices.py took 0.049 seconds
[2026-03-24T08:07:36.694+0000] {processor.py:161} INFO - Started process (PID=14247) to work on /opt/airflow/dags/crawl_crypto_prices.py
[2026-03-24T08:07:36.695+0000] {processor.py:830} INFO - Processing file /opt/airflow/dags/crawl_crypto_prices.py for tasks to queue
[2026-03-24T08:07:36.695+0000] {logging_mixin.py:188} INFO - [2026-03-24T08:07:36.695+0000] {dagbag.py:538} INFO - Filling up the DagBag from /opt/airflow/dags/crawl_crypto_prices.py
[2026-03-24T08:07:36.707+0000] {processor.py:840} INFO - DAG(s) 'crawl_crypto_prices' retrieved from /opt/airflow/dags/crawl_crypto_prices.py
[2026-03-24T08:07:36.728+0000] {logging_mixin.py:188} INFO - [2026-03-24T08:07:36.727+0000] {dag.py:3036} INFO - Sync 1 DAGs
[2026-03-24T08:07:36.738+0000] {logging_mixin.py:188} INFO - [2026-03-24T08:07:36.738+0000] {dag.py:3823} INFO - Setting next_dagrun for crawl_crypto_prices to 2026-03-24 08:00:00+00:00, run_after=2026-03-24 09:00:00+00:00
[2026-03-24T08:07:36.745+0000] {processor.py:183} INFO - Processing /opt/airflow/dags/crawl_crypto_prices.py took 0.055 seconds
[2026-03-24T08:08:06.997+0000] {processor.py:161} INFO - Started process (PID=14252) to work on /opt/airflow/dags/crawl_crypto_prices.py
[2026-03-24T08:08:06.998+0000] {processor.py:830} INFO - Processing file /opt/airflow/dags/crawl_crypto_prices.py for tasks to queue
[2026-03-24T08:08:06.998+0000] {logging_mixin.py:188} INFO - [2026-03-24T08:08:06.998+0000] {dagbag.py:538} INFO - Filling up the DagBag from /opt/airflow/dags/crawl_crypto_prices.py
[2026-03-24T08:08:07.009+0000] {processor.py:840} INFO - DAG(s) 'crawl_crypto_prices' retrieved from /opt/airflow/dags/crawl_crypto_prices.py
[2026-03-24T08:08:07.026+0000] {logging_mixin.py:188} INFO - [2026-03-24T08:08:07.026+0000] {dag.py:3036} INFO - Sync 1 DAGs
[2026-03-24T08:08:07.035+0000] {logging_mixin.py:188} INFO - [2026-03-24T08:08:07.035+0000] {dag.py:3823} INFO - Setting next_dagrun for crawl_crypto_prices to 2026-03-24 08:00:00+00:00, run_after=2026-03-24 09:00:00+00:00
[2026-03-24T08:08:07.042+0000] {processor.py:183} INFO - Processing /opt/airflow/dags/crawl_crypto_prices.py took 0.048 seconds
[2026-03-24T08:08:37.341+0000] {processor.py:161} INFO - Started process (PID=14257) to work on /opt/airflow/dags/crawl_crypto_prices.py
[2026-03-24T08:08:37.342+0000] {processor.py:830} INFO - Processing file /opt/airflow/dags/crawl_crypto_prices.py for tasks to queue
[2026-03-24T08:08:37.343+0000] {logging_mixin.py:188} INFO - [2026-03-24T08:08:37.342+0000] {dagbag.py:538} INFO - Filling up the DagBag from /opt/airflow/dags/crawl_crypto_prices.py
[2026-03-24T08:08:37.354+0000] {processor.py:840} INFO - DAG(s) 'crawl_crypto_prices' retrieved from /opt/airflow/dags/crawl_crypto_prices.py
[2026-03-24T08:08:37.373+0000] {logging_mixin.py:188} INFO - [2026-03-24T08:08:37.373+0000] {dag.py:3036} INFO - Sync 1 DAGs
[2026-03-24T08:08:37.383+0000] {logging_mixin.py:188} INFO - [2026-03-24T08:08:37.383+0000] {dag.py:3823} INFO - Setting next_dagrun for crawl_crypto_prices to 2026-03-24 08:00:00+00:00, run_after=2026-03-24 09:00:00+00:00
[2026-03-24T08:08:37.390+0000] {processor.py:183} INFO - Processing /opt/airflow/dags/crawl_crypto_prices.py took 0.052 seconds
[2026-03-24T08:09:07.667+0000] {processor.py:161} INFO - Started process (PID=14262) to work on /opt/airflow/dags/crawl_crypto_prices.py
[2026-03-24T08:09:07.668+0000] {processor.py:830} INFO - Processing file /opt/airflow/dags/crawl_crypto_prices.py for tasks to queue
[2026-03-24T08:09:07.669+0000] {logging_mixin.py:188} INFO - [2026-03-24T08:09:07.669+0000] {dagbag.py:538} INFO - Filling up the DagBag from /opt/airflow/dags/crawl_crypto_prices.py
[2026-03-24T08:09:07.681+0000] {processor.py:840} INFO - DAG(s) 'crawl_crypto_prices' retrieved from /opt/airflow/dags/crawl_crypto_prices.py
[2026-03-24T08:09:07.701+0000] {logging_mixin.py:188} INFO - [2026-03-24T08:09:07.701+0000] {dag.py:3036} INFO - Sync 1 DAGs
[2026-03-24T08:09:07.711+0000] {logging_mixin.py:188} INFO - [2026-03-24T08:09:07.711+0000] {dag.py:3823} INFO - Setting next_dagrun for crawl_crypto_prices to 2026-03-24 08:00:00+00:00, run_after=2026-03-24 09:00:00+00:00
[2026-03-24T08:09:07.717+0000] {processor.py:183} INFO - Processing /opt/airflow/dags/crawl_crypto_prices.py took 0.054 seconds
[2026-03-24T08:09:37.997+0000] {processor.py:161} INFO - Started process (PID=14267) to work on /opt/airflow/dags/crawl_crypto_prices.py
[2026-03-24T08:09:37.998+0000] {processor.py:830} INFO - Processing file /opt/airflow/dags/crawl_crypto_prices.py for tasks to queue
[2026-03-24T08:09:37.998+0000] {logging_mixin.py:188} INFO - [2026-03-24T08:09:37.998+0000] {dagbag.py:538} INFO - Filling up the DagBag from /opt/airflow/dags/crawl_crypto_prices.py
[2026-03-24T08:09:38.010+0000] {processor.py:840} INFO - DAG(s) 'crawl_crypto_prices' retrieved from /opt/airflow/dags/crawl_crypto_prices.py
[2026-03-24T08:09:38.030+0000] {logging_mixin.py:188} INFO - [2026-03-24T08:09:38.029+0000] {dag.py:3036} INFO - Sync 1 DAGs
[2026-03-24T08:09:38.040+0000] {logging_mixin.py:188} INFO - [2026-03-24T08:09:38.040+0000] {dag.py:3823} INFO - Setting next_dagrun for crawl_crypto_prices to 2026-03-24 08:00:00+00:00, run_after=2026-03-24 09:00:00+00:00
[2026-03-24T08:09:38.046+0000] {processor.py:183} INFO - Processing /opt/airflow/dags/crawl_crypto_prices.py took 0.053 seconds
[2026-03-24T08:10:08.309+0000] {processor.py:161} INFO - Started process (PID=14272) to work on /opt/airflow/dags/crawl_crypto_prices.py
[2026-03-24T08:10:08.311+0000] {processor.py:830} INFO - Processing file /opt/airflow/dags/crawl_crypto_prices.py for tasks to queue
[2026-03-24T08:10:08.311+0000] {logging_mixin.py:188} INFO - [2026-03-24T08:10:08.311+0000] {dagbag.py:538} INFO - Filling up the DagBag from /opt/airflow/dags/crawl_crypto_prices.py
[2026-03-24T08:10:08.324+0000] {processor.py:840} INFO - DAG(s) 'crawl_crypto_prices' retrieved from /opt/airflow/dags/crawl_crypto_prices.py
[2026-03-24T08:10:08.346+0000] {logging_mixin.py:188} INFO - [2026-03-24T08:10:08.345+0000] {dag.py:3036} INFO - Sync 1 DAGs
[2026-03-24T08:10:08.358+0000] {logging_mixin.py:188} INFO - [2026-03-24T08:10:08.358+0000] {dag.py:3823} INFO - Setting next_dagrun for crawl_crypto_prices to 2026-03-24 08:00:00+00:00, run_after=2026-03-24 09:00:00+00:00
[2026-03-24T08:10:08.366+0000] {processor.py:183} INFO - Processing /opt/airflow/dags/crawl_crypto_prices.py took 0.061 seconds
[2026-03-24T08:10:38.635+0000] {processor.py:161} INFO - Started process (PID=14277) to work on /opt/airflow/dags/crawl_crypto_prices.py
[2026-03-24T08:10:38.635+0000] {processor.py:830} INFO - Processing file /opt/airflow/dags/crawl_crypto_prices.py for tasks to queue
[2026-03-24T08:10:38.636+0000] {logging_mixin.py:188} INFO - [2026-03-24T08:10:38.636+0000] {dagbag.py:538} INFO - Filling up the DagBag from /opt/airflow/dags/crawl_crypto_prices.py
[2026-03-24T08:10:38.647+0000] {processor.py:840} INFO - DAG(s) 'crawl_crypto_prices' retrieved from /opt/airflow/dags/crawl_crypto_prices.py
[2026-03-24T08:10:38.663+0000] {logging_mixin.py:188} INFO - [2026-03-24T08:10:38.663+0000] {dag.py:3036} INFO - Sync 1 DAGs
[2026-03-24T08:10:38.673+0000] {logging_mixin.py:188} INFO - [2026-03-24T08:10:38.673+0000] {dag.py:3823} INFO - Setting next_dagrun for crawl_crypto_prices to 2026-03-24 08:00:00+00:00, run_after=2026-03-24 09:00:00+00:00
[2026-03-24T08:10:38.679+0000] {processor.py:183} INFO - Processing /opt/airflow/dags/crawl_crypto_prices.py took 0.047 seconds
[2026-03-24T08:11:08.974+0000] {processor.py:161} INFO - Started process (PID=14282) to work on /opt/airflow/dags/crawl_crypto_prices.py
[2026-03-24T08:11:08.975+0000] {processor.py:830} INFO - Processing file /opt/airflow/dags/crawl_crypto_prices.py for tasks to queue
[2026-03-24T08:11:08.976+0000] {logging_mixin.py:188} INFO - [2026-03-24T08:11:08.975+0000] {dagbag.py:538} INFO - Filling up the DagBag from /opt/airflow/dags/crawl_crypto_prices.py
[2026-03-24T08:11:08.985+0000] {processor.py:840} INFO - DAG(s) 'crawl_crypto_prices' retrieved from /opt/airflow/dags/crawl_crypto_prices.py
[2026-03-24T08:11:09.001+0000] {logging_mixin.py:188} INFO - [2026-03-24T08:11:09.001+0000] {dag.py:3036} INFO - Sync 1 DAGs
[2026-03-24T08:11:09.010+0000] {logging_mixin.py:188} INFO - [2026-03-24T08:11:09.010+0000] {dag.py:3823} INFO - Setting next_dagrun for crawl_crypto_prices to 2026-03-24 08:00:00+00:00, run_after=2026-03-24 09:00:00+00:00
[2026-03-24T08:11:09.017+0000] {processor.py:183} INFO - Processing /opt/airflow/dags/crawl_crypto_prices.py took 0.046 seconds
[2026-03-24T08:11:39.280+0000] {processor.py:161} INFO - Started process (PID=14287) to work on /opt/airflow/dags/crawl_crypto_prices.py
[2026-03-24T08:11:39.281+0000] {processor.py:830} INFO - Processing file /opt/airflow/dags/crawl_crypto_prices.py for tasks to queue
[2026-03-24T08:11:39.282+0000] {logging_mixin.py:188} INFO - [2026-03-24T08:11:39.281+0000] {dagbag.py:538} INFO - Filling up the DagBag from /opt/airflow/dags/crawl_crypto_prices.py
[2026-03-24T08:11:39.294+0000] {processor.py:840} INFO - DAG(s) 'crawl_crypto_prices' retrieved from /opt/airflow/dags/crawl_crypto_prices.py
[2026-03-24T08:11:39.309+0000] {logging_mixin.py:188} INFO - [2026-03-24T08:11:39.309+0000] {dag.py:3036} INFO - Sync 1 DAGs
[2026-03-24T08:11:39.318+0000] {logging_mixin.py:188} INFO - [2026-03-24T08:11:39.318+0000] {dag.py:3823} INFO - Setting next_dagrun for crawl_crypto_prices to 2026-03-24 08:00:00+00:00, run_after=2026-03-24 09:00:00+00:00
[2026-03-24T08:11:39.325+0000] {processor.py:183} INFO - Processing /opt/airflow/dags/crawl_crypto_prices.py took 0.048 seconds
[2026-03-24T08:12:09.554+0000] {processor.py:161} INFO - Started process (PID=14292) to work on /opt/airflow/dags/crawl_crypto_prices.py
[2026-03-24T08:12:09.555+0000] {processor.py:830} INFO - Processing file /opt/airflow/dags/crawl_crypto_prices.py for tasks to queue
[2026-03-24T08:12:09.555+0000] {logging_mixin.py:188} INFO - [2026-03-24T08:12:09.555+0000] {dagbag.py:538} INFO - Filling up the DagBag from /opt/airflow/dags/crawl_crypto_prices.py
[2026-03-24T08:12:09.566+0000] {processor.py:840} INFO - DAG(s) 'crawl_crypto_prices' retrieved from /opt/airflow/dags/crawl_crypto_prices.py
[2026-03-24T08:12:09.580+0000] {logging_mixin.py:188} INFO - [2026-03-24T08:12:09.580+0000] {dag.py:3036} INFO - Sync 1 DAGs
[2026-03-24T08:12:09.589+0000] {logging_mixin.py:188} INFO - [2026-03-24T08:12:09.589+0000] {dag.py:3823} INFO - Setting next_dagrun for crawl_crypto_prices to 2026-03-24 08:00:00+00:00, run_after=2026-03-24 09:00:00+00:00
[2026-03-24T08:12:09.595+0000] {processor.py:183} INFO - Processing /opt/airflow/dags/crawl_crypto_prices.py took 0.045 seconds
[2026-03-24T08:12:39.831+0000] {processor.py:161} INFO - Started process (PID=14297) to work on /opt/airflow/dags/crawl_crypto_prices.py
[2026-03-24T08:12:39.831+0000] {processor.py:830} INFO - Processing file /opt/airflow/dags/crawl_crypto_prices.py for tasks to queue
[2026-03-24T08:12:39.832+0000] {logging_mixin.py:188} INFO - [2026-03-24T08:12:39.832+0000] {dagbag.py:538} INFO - Filling up the DagBag from /opt/airflow/dags/crawl_crypto_prices.py
[2026-03-24T08:12:39.842+0000] {processor.py:840} INFO - DAG(s) 'crawl_crypto_prices' retrieved from /opt/airflow/dags/crawl_crypto_prices.py
[2026-03-24T08:12:39.856+0000] {logging_mixin.py:188} INFO - [2026-03-24T08:12:39.856+0000] {dag.py:3036} INFO - Sync 1 DAGs
[2026-03-24T08:12:39.866+0000] {logging_mixin.py:188} INFO - [2026-03-24T08:12:39.866+0000] {dag.py:3823} INFO - Setting next_dagrun for crawl_crypto_prices to 2026-03-24 08:00:00+00:00, run_after=2026-03-24 09:00:00+00:00
[2026-03-24T08:12:39.872+0000] {processor.py:183} INFO - Processing /opt/airflow/dags/crawl_crypto_prices.py took 0.044 seconds
[2026-03-24T08:13:09.971+0000] {processor.py:161} INFO - Started process (PID=14302) to work on /opt/airflow/dags/crawl_crypto_prices.py
[2026-03-24T08:13:09.972+0000] {processor.py:830} INFO - Processing file /opt/airflow/dags/crawl_crypto_prices.py for tasks to queue
[2026-03-24T08:13:09.973+0000] {logging_mixin.py:188} INFO - [2026-03-24T08:13:09.973+0000] {dagbag.py:538} INFO - Filling up the DagBag from /opt/airflow/dags/crawl_crypto_prices.py
[2026-03-24T08:13:09.984+0000] {processor.py:840} INFO - DAG(s) 'crawl_crypto_prices' retrieved from /opt/airflow/dags/crawl_crypto_prices.py
[2026-03-24T08:13:10.003+0000] {logging_mixin.py:188} INFO - [2026-03-24T08:13:10.003+0000] {dag.py:3036} INFO - Sync 1 DAGs
[2026-03-24T08:13:10.012+0000] {logging_mixin.py:188} INFO - [2026-03-24T08:13:10.012+0000] {dag.py:3823} INFO - Setting next_dagrun for crawl_crypto_prices to 2026-03-24 08:00:00+00:00, run_after=2026-03-24 09:00:00+00:00
[2026-03-24T08:13:10.018+0000] {processor.py:183} INFO - Processing /opt/airflow/dags/crawl_crypto_prices.py took 0.052 seconds
[2026-03-24T08:13:40.268+0000] {processor.py:161} INFO - Started process (PID=14307) to work on /opt/airflow/dags/crawl_crypto_prices.py
[2026-03-24T08:13:40.269+0000] {processor.py:830} INFO - Processing file /opt/airflow/dags/crawl_crypto_prices.py for tasks to queue
[2026-03-24T08:13:40.270+0000] {logging_mixin.py:188} INFO - [2026-03-24T08:13:40.270+0000] {dagbag.py:538} INFO - Filling up the DagBag from /opt/airflow/dags/crawl_crypto_prices.py
[2026-03-24T08:13:40.281+0000] {processor.py:840} INFO - DAG(s) 'crawl_crypto_prices' retrieved from /opt/airflow/dags/crawl_crypto_prices.py
[2026-03-24T08:13:40.295+0000] {logging_mixin.py:188} INFO - [2026-03-24T08:13:40.295+0000] {dag.py:3036} INFO - Sync 1 DAGs
[2026-03-24T08:13:40.308+0000] {logging_mixin.py:188} INFO - [2026-03-24T08:13:40.307+0000] {dag.py:3823} INFO - Setting next_dagrun for crawl_crypto_prices to 2026-03-24 08:00:00+00:00, run_after=2026-03-24 09:00:00+00:00
[2026-03-24T08:13:40.315+0000] {processor.py:183} INFO - Processing /opt/airflow/dags/crawl_crypto_prices.py took 0.050 seconds
[2026-03-24T08:14:10.536+0000] {processor.py:161} INFO - Started process (PID=14312) to work on /opt/airflow/dags/crawl_crypto_prices.py
[2026-03-24T08:14:10.537+0000] {processor.py:830} INFO - Processing file /opt/airflow/dags/crawl_crypto_prices.py for tasks to queue
[2026-03-24T08:14:10.538+0000] {logging_mixin.py:188} INFO - [2026-03-24T08:14:10.538+0000] {dagbag.py:538} INFO - Filling up the DagBag from /opt/airflow/dags/crawl_crypto_prices.py
[2026-03-24T08:14:10.550+0000] {processor.py:840} INFO - DAG(s) 'crawl_crypto_prices' retrieved from /opt/airflow/dags/crawl_crypto_prices.py
[2026-03-24T08:14:10.566+0000] {logging_mixin.py:188} INFO - [2026-03-24T08:14:10.566+0000] {dag.py:3036} INFO - Sync 1 DAGs
[2026-03-24T08:14:10.576+0000] {logging_mixin.py:188} INFO - [2026-03-24T08:14:10.576+0000] {dag.py:3823} INFO - Setting next_dagrun for crawl_crypto_prices to 2026-03-24 08:00:00+00:00, run_after=2026-03-24 09:00:00+00:00
[2026-03-24T08:14:10.583+0000] {processor.py:183} INFO - Processing /opt/airflow/dags/crawl_crypto_prices.py took 0.050 seconds
[2026-03-24T08:14:40.822+0000] {processor.py:161} INFO - Started process (PID=14317) to work on /opt/airflow/dags/crawl_crypto_prices.py
[2026-03-24T08:14:40.823+0000] {processor.py:830} INFO - Processing file /opt/airflow/dags/crawl_crypto_prices.py for tasks to queue
[2026-03-24T08:14:40.823+0000] {logging_mixin.py:188} INFO - [2026-03-24T08:14:40.823+0000] {dagbag.py:538} INFO - Filling up the DagBag from /opt/airflow/dags/crawl_crypto_prices.py
[2026-03-24T08:14:40.834+0000] {processor.py:840} INFO - DAG(s) 'crawl_crypto_prices' retrieved from /opt/airflow/dags/crawl_crypto_prices.py
[2026-03-24T08:14:40.850+0000] {logging_mixin.py:188} INFO - [2026-03-24T08:14:40.850+0000] {dag.py:3036} INFO - Sync 1 DAGs
[2026-03-24T08:14:40.861+0000] {logging_mixin.py:188} INFO - [2026-03-24T08:14:40.861+0000] {dag.py:3823} INFO - Setting next_dagrun for crawl_crypto_prices to 2026-03-24 08:00:00+00:00, run_after=2026-03-24 09:00:00+00:00
[2026-03-24T08:14:40.868+0000] {processor.py:183} INFO - Processing /opt/airflow/dags/crawl_crypto_prices.py took 0.050 seconds
[2026-03-24T08:15:11.104+0000] {processor.py:161} INFO - Started process (PID=14322) to work on /opt/airflow/dags/crawl_crypto_prices.py
[2026-03-24T08:15:11.105+0000] {processor.py:830} INFO - Processing file /opt/airflow/dags/crawl_crypto_prices.py for tasks to queue
[2026-03-24T08:15:11.106+0000] {logging_mixin.py:188} INFO - [2026-03-24T08:15:11.106+0000] {dagbag.py:538} INFO - Filling up the DagBag from /opt/airflow/dags/crawl_crypto_prices.py
[2026-03-24T08:15:11.117+0000] {processor.py:840} INFO - DAG(s) 'crawl_crypto_prices' retrieved from /opt/airflow/dags/crawl_crypto_prices.py
[2026-03-24T08:15:11.133+0000] {logging_mixin.py:188} INFO - [2026-03-24T08:15:11.133+0000] {dag.py:3036} INFO - Sync 1 DAGs
[2026-03-24T08:15:11.142+0000] {logging_mixin.py:188} INFO - [2026-03-24T08:15:11.142+0000] {dag.py:3823} INFO - Setting next_dagrun for crawl_crypto_prices to 2026-03-24 08:00:00+00:00, run_after=2026-03-24 09:00:00+00:00
[2026-03-24T08:15:11.148+0000] {processor.py:183} INFO - Processing /opt/airflow/dags/crawl_crypto_prices.py took 0.048 seconds
[2026-03-24T08:15:41.394+0000] {processor.py:161} INFO - Started process (PID=14327) to work on /opt/airflow/dags/crawl_crypto_prices.py
[2026-03-24T08:15:41.395+0000] {processor.py:830} INFO - Processing file /opt/airflow/dags/crawl_crypto_prices.py for tasks to queue
[2026-03-24T08:15:41.396+0000] {logging_mixin.py:188} INFO - [2026-03-24T08:15:41.396+0000] {dagbag.py:538} INFO - Filling up the DagBag from /opt/airflow/dags/crawl_crypto_prices.py
[2026-03-24T08:15:41.405+0000] {processor.py:840} INFO - DAG(s) 'crawl_crypto_prices' retrieved from /opt/airflow/dags/crawl_crypto_prices.py
[2026-03-24T08:15:41.420+0000] {logging_mixin.py:188} INFO - [2026-03-24T08:15:41.420+0000] {dag.py:3036} INFO - Sync 1 DAGs
[2026-03-24T08:15:41.429+0000] {logging_mixin.py:188} INFO - [2026-03-24T08:15:41.429+0000] {dag.py:3823} INFO - Setting next_dagrun for crawl_crypto_prices to 2026-03-24 08:00:00+00:00, run_after=2026-03-24 09:00:00+00:00
[2026-03-24T08:15:41.435+0000] {processor.py:183} INFO - Processing /opt/airflow/dags/crawl_crypto_prices.py took 0.043 seconds
[2026-03-24T08:16:11.689+0000] {processor.py:161} INFO - Started process (PID=14332) to work on /opt/airflow/dags/crawl_crypto_prices.py
[2026-03-24T08:16:11.690+0000] {processor.py:830} INFO - Processing file /opt/airflow/dags/crawl_crypto_prices.py for tasks to queue
[2026-03-24T08:16:11.691+0000] {logging_mixin.py:188} INFO - [2026-03-24T08:16:11.690+0000] {dagbag.py:538} INFO - Filling up the DagBag from /opt/airflow/dags/crawl_crypto_prices.py
[2026-03-24T08:16:11.699+0000] {processor.py:840} INFO - DAG(s) 'crawl_crypto_prices' retrieved from /opt/airflow/dags/crawl_crypto_prices.py
[2026-03-24T08:16:11.713+0000] {logging_mixin.py:188} INFO - [2026-03-24T08:16:11.713+0000] {dag.py:3036} INFO - Sync 1 DAGs
[2026-03-24T08:16:11.722+0000] {logging_mixin.py:188} INFO - [2026-03-24T08:16:11.722+0000] {dag.py:3823} INFO - Setting next_dagrun for crawl_crypto_prices to 2026-03-24 08:00:00+00:00, run_after=2026-03-24 09:00:00+00:00
[2026-03-24T08:16:11.728+0000] {processor.py:183} INFO - Processing /opt/airflow/dags/crawl_crypto_prices.py took 0.042 seconds
[2026-03-24T08:16:41.988+0000] {processor.py:161} INFO - Started process (PID=14337) to work on /opt/airflow/dags/crawl_crypto_prices.py
[2026-03-24T08:16:41.990+0000] {processor.py:830} INFO - Processing file /opt/airflow/dags/crawl_crypto_prices.py for tasks to queue
[2026-03-24T08:16:41.991+0000] {logging_mixin.py:188} INFO - [2026-03-24T08:16:41.990+0000] {dagbag.py:538} INFO - Filling up the DagBag from /opt/airflow/dags/crawl_crypto_prices.py
[2026-03-24T08:16:42.002+0000] {processor.py:840} INFO - DAG(s) 'crawl_crypto_prices' retrieved from /opt/airflow/dags/crawl_crypto_prices.py
[2026-03-24T08:16:42.019+0000] {logging_mixin.py:188} INFO - [2026-03-24T08:16:42.019+0000] {dag.py:3036} INFO - Sync 1 DAGs
[2026-03-24T08:16:42.030+0000] {logging_mixin.py:188} INFO - [2026-03-24T08:16:42.030+0000] {dag.py:3823} INFO - Setting next_dagrun for crawl_crypto_prices to 2026-03-24 08:00:00+00:00, run_after=2026-03-24 09:00:00+00:00
[2026-03-24T08:16:42.036+0000] {processor.py:183} INFO - Processing /opt/airflow/dags/crawl_crypto_prices.py took 0.055 seconds
[2026-03-24T08:17:12.304+0000] {processor.py:161} INFO - Started process (PID=14342) to work on /opt/airflow/dags/crawl_crypto_prices.py
[2026-03-24T08:17:12.305+0000] {processor.py:830} INFO - Processing file /opt/airflow/dags/crawl_crypto_prices.py for tasks to queue
[2026-03-24T08:17:12.308+0000] {logging_mixin.py:188} INFO - [2026-03-24T08:17:12.306+0000] {dagbag.py:538} INFO - Filling up the DagBag from /opt/airflow/dags/crawl_crypto_prices.py
[2026-03-24T08:17:12.326+0000] {processor.py:840} INFO - DAG(s) 'crawl_crypto_prices' retrieved from /opt/airflow/dags/crawl_crypto_prices.py
[2026-03-24T08:17:12.351+0000] {logging_mixin.py:188} INFO - [2026-03-24T08:17:12.351+0000] {dag.py:3036} INFO - Sync 1 DAGs
[2026-03-24T08:17:12.362+0000] {logging_mixin.py:188} INFO - [2026-03-24T08:17:12.362+0000] {dag.py:3823} INFO - Setting next_dagrun for crawl_crypto_prices to 2026-03-24 08:00:00+00:00, run_after=2026-03-24 09:00:00+00:00
[2026-03-24T08:17:12.373+0000] {processor.py:183} INFO - Processing /opt/airflow/dags/crawl_crypto_prices.py took 0.074 seconds
[2026-03-24T08:17:42.561+0000] {processor.py:161} INFO - Started process (PID=14347) to work on /opt/airflow/dags/crawl_crypto_prices.py
[2026-03-24T08:17:42.562+0000] {processor.py:830} INFO - Processing file /opt/airflow/dags/crawl_crypto_prices.py for tasks to queue
[2026-03-24T08:17:42.563+0000] {logging_mixin.py:188} INFO - [2026-03-24T08:17:42.562+0000] {dagbag.py:538} INFO - Filling up the DagBag from /opt/airflow/dags/crawl_crypto_prices.py
[2026-03-24T08:17:42.578+0000] {processor.py:840} INFO - DAG(s) 'crawl_crypto_prices' retrieved from /opt/airflow/dags/crawl_crypto_prices.py
[2026-03-24T08:17:42.596+0000] {logging_mixin.py:188} INFO - [2026-03-24T08:17:42.596+0000] {dag.py:3036} INFO - Sync 1 DAGs
[2026-03-24T08:17:42.606+0000] {logging_mixin.py:188} INFO - [2026-03-24T08:17:42.606+0000] {dag.py:3823} INFO - Setting next_dagrun for crawl_crypto_prices to 2026-03-24 08:00:00+00:00, run_after=2026-03-24 09:00:00+00:00
[2026-03-24T08:17:42.612+0000] {processor.py:183} INFO - Processing /opt/airflow/dags/crawl_crypto_prices.py took 0.056 seconds
[2026-03-24T08:18:12.879+0000] {processor.py:161} INFO - Started process (PID=14352) to work on /opt/airflow/dags/crawl_crypto_prices.py
[2026-03-24T08:18:12.880+0000] {processor.py:830} INFO - Processing file /opt/airflow/dags/crawl_crypto_prices.py for tasks to queue
[2026-03-24T08:18:12.881+0000] {logging_mixin.py:188} INFO - [2026-03-24T08:18:12.880+0000] {dagbag.py:538} INFO - Filling up the DagBag from /opt/airflow/dags/crawl_crypto_prices.py
[2026-03-24T08:18:12.892+0000] {processor.py:840} INFO - DAG(s) 'crawl_crypto_prices' retrieved from /opt/airflow/dags/crawl_crypto_prices.py
[2026-03-24T08:18:12.912+0000] {logging_mixin.py:188} INFO - [2026-03-24T08:18:12.912+0000] {dag.py:3036} INFO - Sync 1 DAGs
[2026-03-24T08:18:12.923+0000] {logging_mixin.py:188} INFO - [2026-03-24T08:18:12.923+0000] {dag.py:3823} INFO - Setting next_dagrun for crawl_crypto_prices to 2026-03-24 08:00:00+00:00, run_after=2026-03-24 09:00:00+00:00
[2026-03-24T08:18:12.929+0000] {processor.py:183} INFO - Processing /opt/airflow/dags/crawl_crypto_prices.py took 0.054 seconds
[2026-03-24T08:18:43.226+0000] {processor.py:161} INFO - Started process (PID=14357) to work on /opt/airflow/dags/crawl_crypto_prices.py
[2026-03-24T08:18:43.227+0000] {processor.py:830} INFO - Processing file /opt/airflow/dags/crawl_crypto_prices.py for tasks to queue
[2026-03-24T08:18:43.228+0000] {logging_mixin.py:188} INFO - [2026-03-24T08:18:43.228+0000] {dagbag.py:538} INFO - Filling up the DagBag from /opt/airflow/dags/crawl_crypto_prices.py
[2026-03-24T08:18:43.239+0000] {processor.py:840} INFO - DAG(s) 'crawl_crypto_prices' retrieved from /opt/airflow/dags/crawl_crypto_prices.py
[2026-03-24T08:18:43.259+0000] {logging_mixin.py:188} INFO - [2026-03-24T08:18:43.259+0000] {dag.py:3036} INFO - Sync 1 DAGs
[2026-03-24T08:18:43.270+0000] {logging_mixin.py:188} INFO - [2026-03-24T08:18:43.270+0000] {dag.py:3823} INFO - Setting next_dagrun for crawl_crypto_prices to 2026-03-24 08:00:00+00:00, run_after=2026-03-24 09:00:00+00:00
[2026-03-24T08:18:43.277+0000] {processor.py:183} INFO - Processing /opt/airflow/dags/crawl_crypto_prices.py took 0.054 seconds
[2026-03-24T08:19:13.541+0000] {processor.py:161} INFO - Started process (PID=14362) to work on /opt/airflow/dags/crawl_crypto_prices.py
[2026-03-24T08:19:13.542+0000] {processor.py:830} INFO - Processing file /opt/airflow/dags/crawl_crypto_prices.py for tasks to queue
[2026-03-24T08:19:13.542+0000] {logging_mixin.py:188} INFO - [2026-03-24T08:19:13.542+0000] {dagbag.py:538} INFO - Filling up the DagBag from /opt/airflow/dags/crawl_crypto_prices.py
[2026-03-24T08:19:13.554+0000] {processor.py:840} INFO - DAG(s) 'crawl_crypto_prices' retrieved from /opt/airflow/dags/crawl_crypto_prices.py
[2026-03-24T08:19:13.572+0000] {logging_mixin.py:188} INFO - [2026-03-24T08:19:13.572+0000] {dag.py:3036} INFO - Sync 1 DAGs
[2026-03-24T08:19:13.582+0000] {logging_mixin.py:188} INFO - [2026-03-24T08:19:13.582+0000] {dag.py:3823} INFO - Setting next_dagrun for crawl_crypto_prices to 2026-03-24 08:00:00+00:00, run_after=2026-03-24 09:00:00+00:00
[2026-03-24T08:19:13.589+0000] {processor.py:183} INFO - Processing /opt/airflow/dags/crawl_crypto_prices.py took 0.052 seconds
[2026-03-24T08:19:43.868+0000] {processor.py:161} INFO - Started process (PID=14367) to work on /opt/airflow/dags/crawl_crypto_prices.py
[2026-03-24T08:19:43.869+0000] {processor.py:830} INFO - Processing file /opt/airflow/dags/crawl_crypto_prices.py for tasks to queue
[2026-03-24T08:19:43.870+0000] {logging_mixin.py:188} INFO - [2026-03-24T08:19:43.870+0000] {dagbag.py:538} INFO - Filling up the DagBag from /opt/airflow/dags/crawl_crypto_prices.py
[2026-03-24T08:19:43.882+0000] {processor.py:840} INFO - DAG(s) 'crawl_crypto_prices' retrieved from /opt/airflow/dags/crawl_crypto_prices.py
[2026-03-24T08:19:43.903+0000] {logging_mixin.py:188} INFO - [2026-03-24T08:19:43.903+0000] {dag.py:3036} INFO - Sync 1 DAGs
[2026-03-24T08:19:43.914+0000] {logging_mixin.py:188} INFO - [2026-03-24T08:19:43.914+0000] {dag.py:3823} INFO - Setting next_dagrun for crawl_crypto_prices to 2026-03-24 08:00:00+00:00, run_after=2026-03-24 09:00:00+00:00
[2026-03-24T08:19:43.920+0000] {processor.py:183} INFO - Processing /opt/airflow/dags/crawl_crypto_prices.py took 0.057 seconds
[2026-03-24T08:20:14.189+0000] {processor.py:161} INFO - Started process (PID=14372) to work on /opt/airflow/dags/crawl_crypto_prices.py
[2026-03-24T08:20:14.191+0000] {processor.py:830} INFO - Processing file /opt/airflow/dags/crawl_crypto_prices.py for tasks to queue
[2026-03-24T08:20:14.191+0000] {logging_mixin.py:188} INFO - [2026-03-24T08:20:14.191+0000] {dagbag.py:538} INFO - Filling up the DagBag from /opt/airflow/dags/crawl_crypto_prices.py
[2026-03-24T08:20:14.202+0000] {processor.py:840} INFO - DAG(s) 'crawl_crypto_prices' retrieved from /opt/airflow/dags/crawl_crypto_prices.py
[2026-03-24T08:20:14.220+0000] {logging_mixin.py:188} INFO - [2026-03-24T08:20:14.220+0000] {dag.py:3036} INFO - Sync 1 DAGs
[2026-03-24T08:20:14.232+0000] {logging_mixin.py:188} INFO - [2026-03-24T08:20:14.231+0000] {dag.py:3823} INFO - Setting next_dagrun for crawl_crypto_prices to 2026-03-24 08:00:00+00:00, run_after=2026-03-24 09:00:00+00:00
[2026-03-24T08:20:14.239+0000] {processor.py:183} INFO - Processing /opt/airflow/dags/crawl_crypto_prices.py took 0.052 seconds
[2026-03-24T08:20:44.533+0000] {processor.py:161} INFO - Started process (PID=14377) to work on /opt/airflow/dags/crawl_crypto_prices.py
[2026-03-24T08:20:44.533+0000] {processor.py:830} INFO - Processing file /opt/airflow/dags/crawl_crypto_prices.py for tasks to queue
[2026-03-24T08:20:44.534+0000] {logging_mixin.py:188} INFO - [2026-03-24T08:20:44.534+0000] {dagbag.py:538} INFO - Filling up the DagBag from /opt/airflow/dags/crawl_crypto_prices.py
[2026-03-24T08:20:44.546+0000] {processor.py:840} INFO - DAG(s) 'crawl_crypto_prices' retrieved from /opt/airflow/dags/crawl_crypto_prices.py
[2026-03-24T08:20:44.566+0000] {logging_mixin.py:188} INFO - [2026-03-24T08:20:44.566+0000] {dag.py:3036} INFO - Sync 1 DAGs
[2026-03-24T08:20:44.576+0000] {logging_mixin.py:188} INFO - [2026-03-24T08:20:44.576+0000] {dag.py:3823} INFO - Setting next_dagrun for crawl_crypto_prices to 2026-03-24 08:00:00+00:00, run_after=2026-03-24 09:00:00+00:00
[2026-03-24T08:20:44.583+0000] {processor.py:183} INFO - Processing /opt/airflow/dags/crawl_crypto_prices.py took 0.054 seconds
[2026-03-24T08:21:14.837+0000] {processor.py:161} INFO - Started process (PID=14382) to work on /opt/airflow/dags/crawl_crypto_prices.py
[2026-03-24T08:21:14.838+0000] {processor.py:830} INFO - Processing file /opt/airflow/dags/crawl_crypto_prices.py for tasks to queue
[2026-03-24T08:21:14.839+0000] {logging_mixin.py:188} INFO - [2026-03-24T08:21:14.839+0000] {dagbag.py:538} INFO - Filling up the DagBag from /opt/airflow/dags/crawl_crypto_prices.py
[2026-03-24T08:21:14.853+0000] {processor.py:840} INFO - DAG(s) 'crawl_crypto_prices' retrieved from /opt/airflow/dags/crawl_crypto_prices.py
[2026-03-24T08:21:14.875+0000] {logging_mixin.py:188} INFO - [2026-03-24T08:21:14.875+0000] {dag.py:3036} INFO - Sync 1 DAGs
[2026-03-24T08:21:14.886+0000] {logging_mixin.py:188} INFO - [2026-03-24T08:21:14.886+0000] {dag.py:3823} INFO - Setting next_dagrun for crawl_crypto_prices to 2026-03-24 08:00:00+00:00, run_after=2026-03-24 09:00:00+00:00
[2026-03-24T08:21:14.892+0000] {processor.py:183} INFO - Processing /opt/airflow/dags/crawl_crypto_prices.py took 0.059 seconds
[2026-03-24T08:21:45.154+0000] {processor.py:161} INFO - Started process (PID=14387) to work on /opt/airflow/dags/crawl_crypto_prices.py
[2026-03-24T08:21:45.155+0000] {processor.py:830} INFO - Processing file /opt/airflow/dags/crawl_crypto_prices.py for tasks to queue
[2026-03-24T08:21:45.156+0000] {logging_mixin.py:188} INFO - [2026-03-24T08:21:45.155+0000] {dagbag.py:538} INFO - Filling up the DagBag from /opt/airflow/dags/crawl_crypto_prices.py
[2026-03-24T08:21:45.168+0000] {processor.py:840} INFO - DAG(s) 'crawl_crypto_prices' retrieved from /opt/airflow/dags/crawl_crypto_prices.py
[2026-03-24T08:21:45.187+0000] {logging_mixin.py:188} INFO - [2026-03-24T08:21:45.186+0000] {dag.py:3036} INFO - Sync 1 DAGs
[2026-03-24T08:21:45.196+0000] {logging_mixin.py:188} INFO - [2026-03-24T08:21:45.196+0000] {dag.py:3823} INFO - Setting next_dagrun for crawl_crypto_prices to 2026-03-24 08:00:00+00:00, run_after=2026-03-24 09:00:00+00:00
[2026-03-24T08:21:45.203+0000] {processor.py:183} INFO - Processing /opt/airflow/dags/crawl_crypto_prices.py took 0.052 seconds
[2026-03-24T08:22:15.491+0000] {processor.py:161} INFO - Started process (PID=14392) to work on /opt/airflow/dags/crawl_crypto_prices.py
[2026-03-24T08:22:15.492+0000] {processor.py:830} INFO - Processing file /opt/airflow/dags/crawl_crypto_prices.py for tasks to queue
[2026-03-24T08:22:15.493+0000] {logging_mixin.py:188} INFO - [2026-03-24T08:22:15.493+0000] {dagbag.py:538} INFO - Filling up the DagBag from /opt/airflow/dags/crawl_crypto_prices.py
[2026-03-24T08:22:15.505+0000] {processor.py:840} INFO - DAG(s) 'crawl_crypto_prices' retrieved from /opt/airflow/dags/crawl_crypto_prices.py
[2026-03-24T08:22:15.524+0000] {logging_mixin.py:188} INFO - [2026-03-24T08:22:15.524+0000] {dag.py:3036} INFO - Sync 1 DAGs
[2026-03-24T08:22:15.533+0000] {logging_mixin.py:188} INFO - [2026-03-24T08:22:15.533+0000] {dag.py:3823} INFO - Setting next_dagrun for crawl_crypto_prices to 2026-03-24 08:00:00+00:00, run_after=2026-03-24 09:00:00+00:00
[2026-03-24T08:22:15.540+0000] {processor.py:183} INFO - Processing /opt/airflow/dags/crawl_crypto_prices.py took 0.052 seconds
[2026-03-24T08:22:45.782+0000] {processor.py:161} INFO - Started process (PID=14397) to work on /opt/airflow/dags/crawl_crypto_prices.py
[2026-03-24T08:22:45.783+0000] {processor.py:830} INFO - Processing file /opt/airflow/dags/crawl_crypto_prices.py for tasks to queue
[2026-03-24T08:22:45.784+0000] {logging_mixin.py:188} INFO - [2026-03-24T08:22:45.784+0000] {dagbag.py:538} INFO - Filling up the DagBag from /opt/airflow/dags/crawl_crypto_prices.py
[2026-03-24T08:22:45.796+0000] {processor.py:840} INFO - DAG(s) 'crawl_crypto_prices' retrieved from /opt/airflow/dags/crawl_crypto_prices.py
[2026-03-24T08:22:45.815+0000] {logging_mixin.py:188} INFO - [2026-03-24T08:22:45.815+0000] {dag.py:3036} INFO - Sync 1 DAGs
[2026-03-24T08:22:45.826+0000] {logging_mixin.py:188} INFO - [2026-03-24T08:22:45.826+0000] {dag.py:3823} INFO - Setting next_dagrun for crawl_crypto_prices to 2026-03-24 08:00:00+00:00, run_after=2026-03-24 09:00:00+00:00
[2026-03-24T08:22:45.832+0000] {processor.py:183} INFO - Processing /opt/airflow/dags/crawl_crypto_prices.py took 0.053 seconds
[2026-03-24T08:23:16.099+0000] {processor.py:161} INFO - Started process (PID=14402) to work on /opt/airflow/dags/crawl_crypto_prices.py
[2026-03-24T08:23:16.100+0000] {processor.py:830} INFO - Processing file /opt/airflow/dags/crawl_crypto_prices.py for tasks to queue
[2026-03-24T08:23:16.101+0000] {logging_mixin.py:188} INFO - [2026-03-24T08:23:16.101+0000] {dagbag.py:538} INFO - Filling up the DagBag from /opt/airflow/dags/crawl_crypto_prices.py
[2026-03-24T08:23:16.154+0000] {processor.py:840} INFO - DAG(s) 'crawl_crypto_prices' retrieved from /opt/airflow/dags/crawl_crypto_prices.py
[2026-03-24T08:23:16.174+0000] {logging_mixin.py:188} INFO - [2026-03-24T08:23:16.174+0000] {dag.py:3036} INFO - Sync 1 DAGs
[2026-03-24T08:23:16.184+0000] {logging_mixin.py:188} INFO - [2026-03-24T08:23:16.184+0000] {dag.py:3823} INFO - Setting next_dagrun for crawl_crypto_prices to 2026-03-24 08:00:00+00:00, run_after=2026-03-24 09:00:00+00:00
[2026-03-24T08:23:16.192+0000] {processor.py:183} INFO - Processing /opt/airflow/dags/crawl_crypto_prices.py took 0.097 seconds
[2026-03-24T08:23:46.421+0000] {processor.py:161} INFO - Started process (PID=14407) to work on /opt/airflow/dags/crawl_crypto_prices.py
[2026-03-24T08:23:46.422+0000] {processor.py:830} INFO - Processing file /opt/airflow/dags/crawl_crypto_prices.py for tasks to queue
[2026-03-24T08:23:46.423+0000] {logging_mixin.py:188} INFO - [2026-03-24T08:23:46.423+0000] {dagbag.py:538} INFO - Filling up the DagBag from /opt/airflow/dags/crawl_crypto_prices.py
[2026-03-24T08:23:46.435+0000] {processor.py:840} INFO - DAG(s) 'crawl_crypto_prices' retrieved from /opt/airflow/dags/crawl_crypto_prices.py
[2026-03-24T08:23:46.452+0000] {logging_mixin.py:188} INFO - [2026-03-24T08:23:46.452+0000] {dag.py:3036} INFO - Sync 1 DAGs
[2026-03-24T08:23:46.462+0000] {logging_mixin.py:188} INFO - [2026-03-24T08:23:46.462+0000] {dag.py:3823} INFO - Setting next_dagrun for crawl_crypto_prices to 2026-03-24 08:00:00+00:00, run_after=2026-03-24 09:00:00+00:00
[2026-03-24T08:23:46.468+0000] {processor.py:183} INFO - Processing /opt/airflow/dags/crawl_crypto_prices.py took 0.053 seconds
[2026-03-24T08:24:16.722+0000] {processor.py:161} INFO - Started process (PID=14412) to work on /opt/airflow/dags/crawl_crypto_prices.py
[2026-03-24T08:24:16.723+0000] {processor.py:830} INFO - Processing file /opt/airflow/dags/crawl_crypto_prices.py for tasks to queue
[2026-03-24T08:24:16.723+0000] {logging_mixin.py:188} INFO - [2026-03-24T08:24:16.723+0000] {dagbag.py:538} INFO - Filling up the DagBag from /opt/airflow/dags/crawl_crypto_prices.py
[2026-03-24T08:24:16.729+0000] {processor.py:840} INFO - DAG(s) 'crawl_crypto_prices' retrieved from /opt/airflow/dags/crawl_crypto_prices.py
[2026-03-24T08:24:16.742+0000] {logging_mixin.py:188} INFO - [2026-03-24T08:24:16.741+0000] {dag.py:3036} INFO - Sync 1 DAGs
[2026-03-24T08:24:16.751+0000] {logging_mixin.py:188} INFO - [2026-03-24T08:24:16.751+0000] {dag.py:3823} INFO - Setting next_dagrun for crawl_crypto_prices to 2026-03-24 08:00:00+00:00, run_after=2026-03-24 09:00:00+00:00
[2026-03-24T08:24:16.759+0000] {processor.py:183} INFO - Processing /opt/airflow/dags/crawl_crypto_prices.py took 0.039 seconds
[2026-03-24T08:24:47.050+0000] {processor.py:161} INFO - Started process (PID=14417) to work on /opt/airflow/dags/crawl_crypto_prices.py
[2026-03-24T08:24:47.051+0000] {processor.py:830} INFO - Processing file /opt/airflow/dags/crawl_crypto_prices.py for tasks to queue
[2026-03-24T08:24:47.052+0000] {logging_mixin.py:188} INFO - [2026-03-24T08:24:47.051+0000] {dagbag.py:538} INFO - Filling up the DagBag from /opt/airflow/dags/crawl_crypto_prices.py
[2026-03-24T08:24:47.066+0000] {processor.py:840} INFO - DAG(s) 'crawl_crypto_prices' retrieved from /opt/airflow/dags/crawl_crypto_prices.py
[2026-03-24T08:24:47.088+0000] {logging_mixin.py:188} INFO - [2026-03-24T08:24:47.088+0000] {dag.py:3036} INFO - Sync 1 DAGs
[2026-03-24T08:24:47.099+0000] {logging_mixin.py:188} INFO - [2026-03-24T08:24:47.099+0000] {dag.py:3823} INFO - Setting next_dagrun for crawl_crypto_prices to 2026-03-24 08:00:00+00:00, run_after=2026-03-24 09:00:00+00:00
[2026-03-24T08:24:47.105+0000] {processor.py:183} INFO - Processing /opt/airflow/dags/crawl_crypto_prices.py took 0.060 seconds
[2026-03-24T08:25:17.340+0000] {processor.py:161} INFO - Started process (PID=14422) to work on /opt/airflow/dags/crawl_crypto_prices.py
[2026-03-24T08:25:17.341+0000] {processor.py:830} INFO - Processing file /opt/airflow/dags/crawl_crypto_prices.py for tasks to queue
[2026-03-24T08:25:17.342+0000] {logging_mixin.py:188} INFO - [2026-03-24T08:25:17.342+0000] {dagbag.py:538} INFO - Filling up the DagBag from /opt/airflow/dags/crawl_crypto_prices.py
[2026-03-24T08:25:17.354+0000] {processor.py:840} INFO - DAG(s) 'crawl_crypto_prices' retrieved from /opt/airflow/dags/crawl_crypto_prices.py
[2026-03-24T08:25:17.374+0000] {logging_mixin.py:188} INFO - [2026-03-24T08:25:17.374+0000] {dag.py:3036} INFO - Sync 1 DAGs
[2026-03-24T08:25:17.385+0000] {logging_mixin.py:188} INFO - [2026-03-24T08:25:17.385+0000] {dag.py:3823} INFO - Setting next_dagrun for crawl_crypto_prices to 2026-03-24 08:00:00+00:00, run_after=2026-03-24 09:00:00+00:00
[2026-03-24T08:25:17.392+0000] {processor.py:183} INFO - Processing /opt/airflow/dags/crawl_crypto_prices.py took 0.056 seconds
[2026-03-24T08:25:47.620+0000] {processor.py:161} INFO - Started process (PID=14427) to work on /opt/airflow/dags/crawl_crypto_prices.py
[2026-03-24T08:25:47.621+0000] {processor.py:830} INFO - Processing file /opt/airflow/dags/crawl_crypto_prices.py for tasks to queue
[2026-03-24T08:25:47.621+0000] {logging_mixin.py:188} INFO - [2026-03-24T08:25:47.621+0000] {dagbag.py:538} INFO - Filling up the DagBag from /opt/airflow/dags/crawl_crypto_prices.py
[2026-03-24T08:25:47.631+0000] {processor.py:840} INFO - DAG(s) 'crawl_crypto_prices' retrieved from /opt/airflow/dags/crawl_crypto_prices.py
[2026-03-24T08:25:47.648+0000] {logging_mixin.py:188} INFO - [2026-03-24T08:25:47.648+0000] {dag.py:3036} INFO - Sync 1 DAGs
[2026-03-24T08:25:47.658+0000] {logging_mixin.py:188} INFO - [2026-03-24T08:25:47.658+0000] {dag.py:3823} INFO - Setting next_dagrun for crawl_crypto_prices to 2026-03-24 08:00:00+00:00, run_after=2026-03-24 09:00:00+00:00
[2026-03-24T08:25:47.665+0000] {processor.py:183} INFO - Processing /opt/airflow/dags/crawl_crypto_prices.py took 0.047 seconds
[2026-03-24T08:26:17.904+0000] {processor.py:161} INFO - Started process (PID=14432) to work on /opt/airflow/dags/crawl_crypto_prices.py
[2026-03-24T08:26:17.905+0000] {processor.py:830} INFO - Processing file /opt/airflow/dags/crawl_crypto_prices.py for tasks to queue
[2026-03-24T08:26:17.905+0000] {logging_mixin.py:188} INFO - [2026-03-24T08:26:17.905+0000] {dagbag.py:538} INFO - Filling up the DagBag from /opt/airflow/dags/crawl_crypto_prices.py
[2026-03-24T08:26:17.920+0000] {processor.py:840} INFO - DAG(s) 'crawl_crypto_prices' retrieved from /opt/airflow/dags/crawl_crypto_prices.py
[2026-03-24T08:26:17.940+0000] {logging_mixin.py:188} INFO - [2026-03-24T08:26:17.940+0000] {dag.py:3036} INFO - Sync 1 DAGs
[2026-03-24T08:26:17.949+0000] {logging_mixin.py:188} INFO - [2026-03-24T08:26:17.949+0000] {dag.py:3823} INFO - Setting next_dagrun for crawl_crypto_prices to 2026-03-24 08:00:00+00:00, run_after=2026-03-24 09:00:00+00:00
[2026-03-24T08:26:17.956+0000] {processor.py:183} INFO - Processing /opt/airflow/dags/crawl_crypto_prices.py took 0.056 seconds
[2026-03-24T08:26:48.191+0000] {processor.py:161} INFO - Started process (PID=14437) to work on /opt/airflow/dags/crawl_crypto_prices.py
[2026-03-24T08:26:48.192+0000] {processor.py:830} INFO - Processing file /opt/airflow/dags/crawl_crypto_prices.py for tasks to queue
[2026-03-24T08:26:48.194+0000] {logging_mixin.py:188} INFO - [2026-03-24T08:26:48.193+0000] {dagbag.py:538} INFO - Filling up the DagBag from /opt/airflow/dags/crawl_crypto_prices.py
[2026-03-24T08:26:48.206+0000] {processor.py:840} INFO - DAG(s) 'crawl_crypto_prices' retrieved from /opt/airflow/dags/crawl_crypto_prices.py
[2026-03-24T08:26:48.225+0000] {logging_mixin.py:188} INFO - [2026-03-24T08:26:48.224+0000] {dag.py:3036} INFO - Sync 1 DAGs
[2026-03-24T08:26:48.236+0000] {logging_mixin.py:188} INFO - [2026-03-24T08:26:48.236+0000] {dag.py:3823} INFO - Setting next_dagrun for crawl_crypto_prices to 2026-03-24 08:00:00+00:00, run_after=2026-03-24 09:00:00+00:00
[2026-03-24T08:26:48.244+0000] {processor.py:183} INFO - Processing /opt/airflow/dags/crawl_crypto_prices.py took 0.056 seconds
[2026-03-24T08:27:18.479+0000] {processor.py:161} INFO - Started process (PID=14442) to work on /opt/airflow/dags/crawl_crypto_prices.py
[2026-03-24T08:27:18.480+0000] {processor.py:830} INFO - Processing file /opt/airflow/dags/crawl_crypto_prices.py for tasks to queue
[2026-03-24T08:27:18.481+0000] {logging_mixin.py:188} INFO - [2026-03-24T08:27:18.481+0000] {dagbag.py:538} INFO - Filling up the DagBag from /opt/airflow/dags/crawl_crypto_prices.py
[2026-03-24T08:27:18.492+0000] {processor.py:840} INFO - DAG(s) 'crawl_crypto_prices' retrieved from /opt/airflow/dags/crawl_crypto_prices.py
[2026-03-24T08:27:18.512+0000] {logging_mixin.py:188} INFO - [2026-03-24T08:27:18.511+0000] {dag.py:3036} INFO - Sync 1 DAGs
[2026-03-24T08:27:18.523+0000] {logging_mixin.py:188} INFO - [2026-03-24T08:27:18.523+0000] {dag.py:3823} INFO - Setting next_dagrun for crawl_crypto_prices to 2026-03-24 08:00:00+00:00, run_after=2026-03-24 09:00:00+00:00
[2026-03-24T08:27:18.530+0000] {processor.py:183} INFO - Processing /opt/airflow/dags/crawl_crypto_prices.py took 0.054 seconds
[2026-03-24T08:27:48.754+0000] {processor.py:161} INFO - Started process (PID=14447) to work on /opt/airflow/dags/crawl_crypto_prices.py
[2026-03-24T08:27:48.755+0000] {processor.py:830} INFO - Processing file /opt/airflow/dags/crawl_crypto_prices.py for tasks to queue
[2026-03-24T08:27:48.756+0000] {logging_mixin.py:188} INFO - [2026-03-24T08:27:48.755+0000] {dagbag.py:538} INFO - Filling up the DagBag from /opt/airflow/dags/crawl_crypto_prices.py
[2026-03-24T08:27:48.762+0000] {processor.py:840} INFO - DAG(s) 'crawl_crypto_prices' retrieved from /opt/airflow/dags/crawl_crypto_prices.py
[2026-03-24T08:27:48.773+0000] {logging_mixin.py:188} INFO - [2026-03-24T08:27:48.773+0000] {dag.py:3036} INFO - Sync 1 DAGs
[2026-03-24T08:27:48.782+0000] {logging_mixin.py:188} INFO - [2026-03-24T08:27:48.782+0000] {dag.py:3823} INFO - Setting next_dagrun for crawl_crypto_prices to 2026-03-24 08:00:00+00:00, run_after=2026-03-24 09:00:00+00:00
[2026-03-24T08:27:48.788+0000] {processor.py:183} INFO - Processing /opt/airflow/dags/crawl_crypto_prices.py took 0.036 seconds
[2026-03-24T08:28:19.110+0000] {processor.py:161} INFO - Started process (PID=14452) to work on /opt/airflow/dags/crawl_crypto_prices.py
[2026-03-24T08:28:19.111+0000] {processor.py:830} INFO - Processing file /opt/airflow/dags/crawl_crypto_prices.py for tasks to queue
[2026-03-24T08:28:19.112+0000] {logging_mixin.py:188} INFO - [2026-03-24T08:28:19.112+0000] {dagbag.py:538} INFO - Filling up the DagBag from /opt/airflow/dags/crawl_crypto_prices.py
[2026-03-24T08:28:19.126+0000] {processor.py:840} INFO - DAG(s) 'crawl_crypto_prices' retrieved from /opt/airflow/dags/crawl_crypto_prices.py
[2026-03-24T08:28:19.149+0000] {logging_mixin.py:188} INFO - [2026-03-24T08:28:19.148+0000] {dag.py:3036} INFO - Sync 1 DAGs
[2026-03-24T08:28:19.162+0000] {logging_mixin.py:188} INFO - [2026-03-24T08:28:19.162+0000] {dag.py:3823} INFO - Setting next_dagrun for crawl_crypto_prices to 2026-03-24 08:00:00+00:00, run_after=2026-03-24 09:00:00+00:00
[2026-03-24T08:28:19.171+0000] {processor.py:183} INFO - Processing /opt/airflow/dags/crawl_crypto_prices.py took 0.065 seconds
[2026-03-24T08:28:49.407+0000] {processor.py:161} INFO - Started process (PID=14457) to work on /opt/airflow/dags/crawl_crypto_prices.py
[2026-03-24T08:28:49.408+0000] {processor.py:830} INFO - Processing file /opt/airflow/dags/crawl_crypto_prices.py for tasks to queue
[2026-03-24T08:28:49.409+0000] {logging_mixin.py:188} INFO - [2026-03-24T08:28:49.409+0000] {dagbag.py:538} INFO - Filling up the DagBag from /opt/airflow/dags/crawl_crypto_prices.py
[2026-03-24T08:28:49.423+0000] {processor.py:840} INFO - DAG(s) 'crawl_crypto_prices' retrieved from /opt/airflow/dags/crawl_crypto_prices.py
[2026-03-24T08:28:49.445+0000] {logging_mixin.py:188} INFO - [2026-03-24T08:28:49.445+0000] {dag.py:3036} INFO - Sync 1 DAGs
[2026-03-24T08:28:49.455+0000] {logging_mixin.py:188} INFO - [2026-03-24T08:28:49.455+0000] {dag.py:3823} INFO - Setting next_dagrun for crawl_crypto_prices to 2026-03-24 08:00:00+00:00, run_after=2026-03-24 09:00:00+00:00
[2026-03-24T08:28:49.462+0000] {processor.py:183} INFO - Processing /opt/airflow/dags/crawl_crypto_prices.py took 0.060 seconds
[2026-03-24T08:29:19.794+0000] {processor.py:161} INFO - Started process (PID=14462) to work on /opt/airflow/dags/crawl_crypto_prices.py
[2026-03-24T08:29:19.795+0000] {processor.py:830} INFO - Processing file /opt/airflow/dags/crawl_crypto_prices.py for tasks to queue
[2026-03-24T08:29:19.796+0000] {logging_mixin.py:188} INFO - [2026-03-24T08:29:19.795+0000] {dagbag.py:538} INFO - Filling up the DagBag from /opt/airflow/dags/crawl_crypto_prices.py
[2026-03-24T08:29:19.806+0000] {processor.py:840} INFO - DAG(s) 'crawl_crypto_prices' retrieved from /opt/airflow/dags/crawl_crypto_prices.py
[2026-03-24T08:29:19.824+0000] {logging_mixin.py:188} INFO - [2026-03-24T08:29:19.824+0000] {dag.py:3036} INFO - Sync 1 DAGs
[2026-03-24T08:29:19.834+0000] {logging_mixin.py:188} INFO - [2026-03-24T08:29:19.834+0000] {dag.py:3823} INFO - Setting next_dagrun for crawl_crypto_prices to 2026-03-24 08:00:00+00:00, run_after=2026-03-24 09:00:00+00:00
[2026-03-24T08:29:19.840+0000] {processor.py:183} INFO - Processing /opt/airflow/dags/crawl_crypto_prices.py took 0.049 seconds
[2026-03-24T08:29:50.133+0000] {processor.py:161} INFO - Started process (PID=14467) to work on /opt/airflow/dags/crawl_crypto_prices.py
[2026-03-24T08:29:50.134+0000] {processor.py:830} INFO - Processing file /opt/airflow/dags/crawl_crypto_prices.py for tasks to queue
[2026-03-24T08:29:50.135+0000] {logging_mixin.py:188} INFO - [2026-03-24T08:29:50.134+0000] {dagbag.py:538} INFO - Filling up the DagBag from /opt/airflow/dags/crawl_crypto_prices.py
[2026-03-24T08:29:50.144+0000] {processor.py:840} INFO - DAG(s) 'crawl_crypto_prices' retrieved from /opt/airflow/dags/crawl_crypto_prices.py
[2026-03-24T08:29:50.161+0000] {logging_mixin.py:188} INFO - [2026-03-24T08:29:50.161+0000] {dag.py:3036} INFO - Sync 1 DAGs
[2026-03-24T08:29:50.170+0000] {logging_mixin.py:188} INFO - [2026-03-24T08:29:50.170+0000] {dag.py:3823} INFO - Setting next_dagrun for crawl_crypto_prices to 2026-03-24 08:00:00+00:00, run_after=2026-03-24 09:00:00+00:00
[2026-03-24T08:29:50.176+0000] {processor.py:183} INFO - Processing /opt/airflow/dags/crawl_crypto_prices.py took 0.046 seconds
[2026-03-24T08:30:20.455+0000] {processor.py:161} INFO - Started process (PID=14472) to work on /opt/airflow/dags/crawl_crypto_prices.py
[2026-03-24T08:30:20.456+0000] {processor.py:830} INFO - Processing file /opt/airflow/dags/crawl_crypto_prices.py for tasks to queue
[2026-03-24T08:30:20.457+0000] {logging_mixin.py:188} INFO - [2026-03-24T08:30:20.456+0000] {dagbag.py:538} INFO - Filling up the DagBag from /opt/airflow/dags/crawl_crypto_prices.py
[2026-03-24T08:30:20.471+0000] {processor.py:840} INFO - DAG(s) 'crawl_crypto_prices' retrieved from /opt/airflow/dags/crawl_crypto_prices.py
[2026-03-24T08:30:20.491+0000] {logging_mixin.py:188} INFO - [2026-03-24T08:30:20.491+0000] {dag.py:3036} INFO - Sync 1 DAGs
[2026-03-24T08:30:20.501+0000] {logging_mixin.py:188} INFO - [2026-03-24T08:30:20.501+0000] {dag.py:3823} INFO - Setting next_dagrun for crawl_crypto_prices to 2026-03-24 08:00:00+00:00, run_after=2026-03-24 09:00:00+00:00
[2026-03-24T08:30:20.508+0000] {processor.py:183} INFO - Processing /opt/airflow/dags/crawl_crypto_prices.py took 0.058 seconds
[2026-03-24T08:30:50.767+0000] {processor.py:161} INFO - Started process (PID=14477) to work on /opt/airflow/dags/crawl_crypto_prices.py
[2026-03-24T08:30:50.768+0000] {processor.py:830} INFO - Processing file /opt/airflow/dags/crawl_crypto_prices.py for tasks to queue
[2026-03-24T08:30:50.769+0000] {logging_mixin.py:188} INFO - [2026-03-24T08:30:50.769+0000] {dagbag.py:538} INFO - Filling up the DagBag from /opt/airflow/dags/crawl_crypto_prices.py
[2026-03-24T08:30:50.781+0000] {processor.py:840} INFO - DAG(s) 'crawl_crypto_prices' retrieved from /opt/airflow/dags/crawl_crypto_prices.py
[2026-03-24T08:30:50.802+0000] {logging_mixin.py:188} INFO - [2026-03-24T08:30:50.802+0000] {dag.py:3036} INFO - Sync 1 DAGs
[2026-03-24T08:30:50.812+0000] {logging_mixin.py:188} INFO - [2026-03-24T08:30:50.812+0000] {dag.py:3823} INFO - Setting next_dagrun for crawl_crypto_prices to 2026-03-24 08:00:00+00:00, run_after=2026-03-24 09:00:00+00:00
[2026-03-24T08:30:50.819+0000] {processor.py:183} INFO - Processing /opt/airflow/dags/crawl_crypto_prices.py took 0.056 seconds
[2026-03-24T08:31:21.073+0000] {processor.py:161} INFO - Started process (PID=14482) to work on /opt/airflow/dags/crawl_crypto_prices.py
[2026-03-24T08:31:21.073+0000] {processor.py:830} INFO - Processing file /opt/airflow/dags/crawl_crypto_prices.py for tasks to queue
[2026-03-24T08:31:21.074+0000] {logging_mixin.py:188} INFO - [2026-03-24T08:31:21.074+0000] {dagbag.py:538} INFO - Filling up the DagBag from /opt/airflow/dags/crawl_crypto_prices.py
[2026-03-24T08:31:21.089+0000] {processor.py:840} INFO - DAG(s) 'crawl_crypto_prices' retrieved from /opt/airflow/dags/crawl_crypto_prices.py
[2026-03-24T08:31:21.106+0000] {logging_mixin.py:188} INFO - [2026-03-24T08:31:21.106+0000] {dag.py:3036} INFO - Sync 1 DAGs
[2026-03-24T08:31:21.117+0000] {logging_mixin.py:188} INFO - [2026-03-24T08:31:21.117+0000] {dag.py:3823} INFO - Setting next_dagrun for crawl_crypto_prices to 2026-03-24 08:00:00+00:00, run_after=2026-03-24 09:00:00+00:00
[2026-03-24T08:31:21.124+0000] {processor.py:183} INFO - Processing /opt/airflow/dags/crawl_crypto_prices.py took 0.055 seconds
[2026-03-24T08:31:51.376+0000] {processor.py:161} INFO - Started process (PID=14487) to work on /opt/airflow/dags/crawl_crypto_prices.py
[2026-03-24T08:31:51.377+0000] {processor.py:830} INFO - Processing file /opt/airflow/dags/crawl_crypto_prices.py for tasks to queue
[2026-03-24T08:31:51.378+0000] {logging_mixin.py:188} INFO - [2026-03-24T08:31:51.378+0000] {dagbag.py:538} INFO - Filling up the DagBag from /opt/airflow/dags/crawl_crypto_prices.py
[2026-03-24T08:31:51.390+0000] {processor.py:840} INFO - DAG(s) 'crawl_crypto_prices' retrieved from /opt/airflow/dags/crawl_crypto_prices.py
[2026-03-24T08:31:51.409+0000] {logging_mixin.py:188} INFO - [2026-03-24T08:31:51.408+0000] {dag.py:3036} INFO - Sync 1 DAGs
[2026-03-24T08:31:51.418+0000] {logging_mixin.py:188} INFO - [2026-03-24T08:31:51.418+0000] {dag.py:3823} INFO - Setting next_dagrun for crawl_crypto_prices to 2026-03-24 08:00:00+00:00, run_after=2026-03-24 09:00:00+00:00
[2026-03-24T08:31:51.424+0000] {processor.py:183} INFO - Processing /opt/airflow/dags/crawl_crypto_prices.py took 0.051 seconds
[2026-03-24T08:32:21.696+0000] {processor.py:161} INFO - Started process (PID=14492) to work on /opt/airflow/dags/crawl_crypto_prices.py
[2026-03-24T08:32:21.697+0000] {processor.py:830} INFO - Processing file /opt/airflow/dags/crawl_crypto_prices.py for tasks to queue
[2026-03-24T08:32:21.697+0000] {logging_mixin.py:188} INFO - [2026-03-24T08:32:21.697+0000] {dagbag.py:538} INFO - Filling up the DagBag from /opt/airflow/dags/crawl_crypto_prices.py
[2026-03-24T08:32:21.708+0000] {processor.py:840} INFO - DAG(s) 'crawl_crypto_prices' retrieved from /opt/airflow/dags/crawl_crypto_prices.py
[2026-03-24T08:32:21.727+0000] {logging_mixin.py:188} INFO - [2026-03-24T08:32:21.727+0000] {dag.py:3036} INFO - Sync 1 DAGs
[2026-03-24T08:32:21.738+0000] {logging_mixin.py:188} INFO - [2026-03-24T08:32:21.738+0000] {dag.py:3823} INFO - Setting next_dagrun for crawl_crypto_prices to 2026-03-24 08:00:00+00:00, run_after=2026-03-24 09:00:00+00:00
[2026-03-24T08:32:21.744+0000] {processor.py:183} INFO - Processing /opt/airflow/dags/crawl_crypto_prices.py took 0.051 seconds
[2026-03-24T08:32:52.007+0000] {processor.py:161} INFO - Started process (PID=14497) to work on /opt/airflow/dags/crawl_crypto_prices.py
[2026-03-24T08:32:52.008+0000] {processor.py:830} INFO - Processing file /opt/airflow/dags/crawl_crypto_prices.py for tasks to queue
[2026-03-24T08:32:52.008+0000] {logging_mixin.py:188} INFO - [2026-03-24T08:32:52.008+0000] {dagbag.py:538} INFO - Filling up the DagBag from /opt/airflow/dags/crawl_crypto_prices.py
[2026-03-24T08:32:52.019+0000] {processor.py:840} INFO - DAG(s) 'crawl_crypto_prices' retrieved from /opt/airflow/dags/crawl_crypto_prices.py
[2026-03-24T08:32:52.037+0000] {logging_mixin.py:188} INFO - [2026-03-24T08:32:52.037+0000] {dag.py:3036} INFO - Sync 1 DAGs
[2026-03-24T08:32:52.046+0000] {logging_mixin.py:188} INFO - [2026-03-24T08:32:52.046+0000] {dag.py:3823} INFO - Setting next_dagrun for crawl_crypto_prices to 2026-03-24 08:00:00+00:00, run_after=2026-03-24 09:00:00+00:00
[2026-03-24T08:32:52.053+0000] {processor.py:183} INFO - Processing /opt/airflow/dags/crawl_crypto_prices.py took 0.049 seconds
[2026-03-24T08:33:22.379+0000] {processor.py:161} INFO - Started process (PID=14502) to work on /opt/airflow/dags/crawl_crypto_prices.py
[2026-03-24T08:33:22.380+0000] {processor.py:830} INFO - Processing file /opt/airflow/dags/crawl_crypto_prices.py for tasks to queue
[2026-03-24T08:33:22.381+0000] {logging_mixin.py:188} INFO - [2026-03-24T08:33:22.380+0000] {dagbag.py:538} INFO - Filling up the DagBag from /opt/airflow/dags/crawl_crypto_prices.py
[2026-03-24T08:33:22.392+0000] {processor.py:840} INFO - DAG(s) 'crawl_crypto_prices' retrieved from /opt/airflow/dags/crawl_crypto_prices.py
[2026-03-24T08:33:22.410+0000] {logging_mixin.py:188} INFO - [2026-03-24T08:33:22.410+0000] {dag.py:3036} INFO - Sync 1 DAGs
[2026-03-24T08:33:22.420+0000] {logging_mixin.py:188} INFO - [2026-03-24T08:33:22.420+0000] {dag.py:3823} INFO - Setting next_dagrun for crawl_crypto_prices to 2026-03-24 08:00:00+00:00, run_after=2026-03-24 09:00:00+00:00
[2026-03-24T08:33:22.427+0000] {processor.py:183} INFO - Processing /opt/airflow/dags/crawl_crypto_prices.py took 0.052 seconds
[2026-03-24T08:33:52.742+0000] {processor.py:161} INFO - Started process (PID=14507) to work on /opt/airflow/dags/crawl_crypto_prices.py
[2026-03-24T08:33:52.743+0000] {processor.py:830} INFO - Processing file /opt/airflow/dags/crawl_crypto_prices.py for tasks to queue
[2026-03-24T08:33:52.744+0000] {logging_mixin.py:188} INFO - [2026-03-24T08:33:52.743+0000] {dagbag.py:538} INFO - Filling up the DagBag from /opt/airflow/dags/crawl_crypto_prices.py
[2026-03-24T08:33:52.755+0000] {processor.py:840} INFO - DAG(s) 'crawl_crypto_prices' retrieved from /opt/airflow/dags/crawl_crypto_prices.py
[2026-03-24T08:33:52.775+0000] {logging_mixin.py:188} INFO - [2026-03-24T08:33:52.775+0000] {dag.py:3036} INFO - Sync 1 DAGs
[2026-03-24T08:33:52.789+0000] {logging_mixin.py:188} INFO - [2026-03-24T08:33:52.789+0000] {dag.py:3823} INFO - Setting next_dagrun for crawl_crypto_prices to 2026-03-24 08:00:00+00:00, run_after=2026-03-24 09:00:00+00:00
[2026-03-24T08:33:52.796+0000] {processor.py:183} INFO - Processing /opt/airflow/dags/crawl_crypto_prices.py took 0.058 seconds
[2026-03-24T08:34:23.054+0000] {processor.py:161} INFO - Started process (PID=14512) to work on /opt/airflow/dags/crawl_crypto_prices.py
[2026-03-24T08:34:23.055+0000] {processor.py:830} INFO - Processing file /opt/airflow/dags/crawl_crypto_prices.py for tasks to queue
[2026-03-24T08:34:23.056+0000] {logging_mixin.py:188} INFO - [2026-03-24T08:34:23.056+0000] {dagbag.py:538} INFO - Filling up the DagBag from /opt/airflow/dags/crawl_crypto_prices.py
[2026-03-24T08:34:23.066+0000] {processor.py:840} INFO - DAG(s) 'crawl_crypto_prices' retrieved from /opt/airflow/dags/crawl_crypto_prices.py
[2026-03-24T08:34:23.080+0000] {logging_mixin.py:188} INFO - [2026-03-24T08:34:23.080+0000] {dag.py:3036} INFO - Sync 1 DAGs
[2026-03-24T08:34:23.090+0000] {logging_mixin.py:188} INFO - [2026-03-24T08:34:23.090+0000] {dag.py:3823} INFO - Setting next_dagrun for crawl_crypto_prices to 2026-03-24 08:00:00+00:00, run_after=2026-03-24 09:00:00+00:00
[2026-03-24T08:34:23.096+0000] {processor.py:183} INFO - Processing /opt/airflow/dags/crawl_crypto_prices.py took 0.045 seconds
[2026-03-24T08:34:53.335+0000] {processor.py:161} INFO - Started process (PID=14517) to work on /opt/airflow/dags/crawl_crypto_prices.py
[2026-03-24T08:34:53.336+0000] {processor.py:830} INFO - Processing file /opt/airflow/dags/crawl_crypto_prices.py for tasks to queue
[2026-03-24T08:34:53.337+0000] {logging_mixin.py:188} INFO - [2026-03-24T08:34:53.336+0000] {dagbag.py:538} INFO - Filling up the DagBag from /opt/airflow/dags/crawl_crypto_prices.py
[2026-03-24T08:34:53.346+0000] {processor.py:840} INFO - DAG(s) 'crawl_crypto_prices' retrieved from /opt/airflow/dags/crawl_crypto_prices.py
[2026-03-24T08:34:53.359+0000] {logging_mixin.py:188} INFO - [2026-03-24T08:34:53.359+0000] {dag.py:3036} INFO - Sync 1 DAGs
[2026-03-24T08:34:53.369+0000] {logging_mixin.py:188} INFO - [2026-03-24T08:34:53.369+0000] {dag.py:3823} INFO - Setting next_dagrun for crawl_crypto_prices to 2026-03-24 08:00:00+00:00, run_after=2026-03-24 09:00:00+00:00
[2026-03-24T08:34:53.375+0000] {processor.py:183} INFO - Processing /opt/airflow/dags/crawl_crypto_prices.py took 0.043 seconds
[2026-03-24T08:35:23.576+0000] {processor.py:161} INFO - Started process (PID=14522) to work on /opt/airflow/dags/crawl_crypto_prices.py
[2026-03-24T08:35:23.577+0000] {processor.py:830} INFO - Processing file /opt/airflow/dags/crawl_crypto_prices.py for tasks to queue
[2026-03-24T08:35:23.577+0000] {logging_mixin.py:188} INFO - [2026-03-24T08:35:23.577+0000] {dagbag.py:538} INFO - Filling up the DagBag from /opt/airflow/dags/crawl_crypto_prices.py
[2026-03-24T08:35:23.587+0000] {processor.py:840} INFO - DAG(s) 'crawl_crypto_prices' retrieved from /opt/airflow/dags/crawl_crypto_prices.py
[2026-03-24T08:35:23.602+0000] {logging_mixin.py:188} INFO - [2026-03-24T08:35:23.602+0000] {dag.py:3036} INFO - Sync 1 DAGs
[2026-03-24T08:35:23.611+0000] {logging_mixin.py:188} INFO - [2026-03-24T08:35:23.611+0000] {dag.py:3823} INFO - Setting next_dagrun for crawl_crypto_prices to 2026-03-24 08:00:00+00:00, run_after=2026-03-24 09:00:00+00:00
[2026-03-24T08:35:23.617+0000] {processor.py:183} INFO - Processing /opt/airflow/dags/crawl_crypto_prices.py took 0.043 seconds
[2026-03-24T08:35:53.862+0000] {processor.py:161} INFO - Started process (PID=14527) to work on /opt/airflow/dags/crawl_crypto_prices.py
[2026-03-24T08:35:53.863+0000] {processor.py:830} INFO - Processing file /opt/airflow/dags/crawl_crypto_prices.py for tasks to queue
[2026-03-24T08:35:53.864+0000] {logging_mixin.py:188} INFO - [2026-03-24T08:35:53.864+0000] {dagbag.py:538} INFO - Filling up the DagBag from /opt/airflow/dags/crawl_crypto_prices.py
[2026-03-24T08:35:53.877+0000] {processor.py:840} INFO - DAG(s) 'crawl_crypto_prices' retrieved from /opt/airflow/dags/crawl_crypto_prices.py
[2026-03-24T08:35:53.895+0000] {logging_mixin.py:188} INFO - [2026-03-24T08:35:53.895+0000] {dag.py:3036} INFO - Sync 1 DAGs
[2026-03-24T08:35:53.906+0000] {logging_mixin.py:188} INFO - [2026-03-24T08:35:53.906+0000] {dag.py:3823} INFO - Setting next_dagrun for crawl_crypto_prices to 2026-03-24 08:00:00+00:00, run_after=2026-03-24 09:00:00+00:00
[2026-03-24T08:35:53.913+0000] {processor.py:183} INFO - Processing /opt/airflow/dags/crawl_crypto_prices.py took 0.054 seconds
[2026-03-24T08:36:24.165+0000] {processor.py:161} INFO - Started process (PID=14532) to work on /opt/airflow/dags/crawl_crypto_prices.py
[2026-03-24T08:36:24.166+0000] {processor.py:830} INFO - Processing file /opt/airflow/dags/crawl_crypto_prices.py for tasks to queue
[2026-03-24T08:36:24.167+0000] {logging_mixin.py:188} INFO - [2026-03-24T08:36:24.167+0000] {dagbag.py:538} INFO - Filling up the DagBag from /opt/airflow/dags/crawl_crypto_prices.py
[2026-03-24T08:36:24.183+0000] {processor.py:840} INFO - DAG(s) 'crawl_crypto_prices' retrieved from /opt/airflow/dags/crawl_crypto_prices.py
[2026-03-24T08:36:24.204+0000] {logging_mixin.py:188} INFO - [2026-03-24T08:36:24.204+0000] {dag.py:3036} INFO - Sync 1 DAGs
[2026-03-24T08:36:24.215+0000] {logging_mixin.py:188} INFO - [2026-03-24T08:36:24.215+0000] {dag.py:3823} INFO - Setting next_dagrun for crawl_crypto_prices to 2026-03-24 08:00:00+00:00, run_after=2026-03-24 09:00:00+00:00
[2026-03-24T08:36:24.222+0000] {processor.py:183} INFO - Processing /opt/airflow/dags/crawl_crypto_prices.py took 0.062 seconds
[2026-03-24T08:36:54.502+0000] {processor.py:161} INFO - Started process (PID=14537) to work on /opt/airflow/dags/crawl_crypto_prices.py
[2026-03-24T08:36:54.503+0000] {processor.py:830} INFO - Processing file /opt/airflow/dags/crawl_crypto_prices.py for tasks to queue
[2026-03-24T08:36:54.504+0000] {logging_mixin.py:188} INFO - [2026-03-24T08:36:54.504+0000] {dagbag.py:538} INFO - Filling up the DagBag from /opt/airflow/dags/crawl_crypto_prices.py
[2026-03-24T08:36:54.519+0000] {processor.py:840} INFO - DAG(s) 'crawl_crypto_prices' retrieved from /opt/airflow/dags/crawl_crypto_prices.py
[2026-03-24T08:36:54.540+0000] {logging_mixin.py:188} INFO - [2026-03-24T08:36:54.539+0000] {dag.py:3036} INFO - Sync 1 DAGs
[2026-03-24T08:36:54.551+0000] {logging_mixin.py:188} INFO - [2026-03-24T08:36:54.551+0000] {dag.py:3823} INFO - Setting next_dagrun for crawl_crypto_prices to 2026-03-24 08:00:00+00:00, run_after=2026-03-24 09:00:00+00:00
[2026-03-24T08:36:54.557+0000] {processor.py:183} INFO - Processing /opt/airflow/dags/crawl_crypto_prices.py took 0.060 seconds
[2026-03-24T08:37:24.815+0000] {processor.py:161} INFO - Started process (PID=14542) to work on /opt/airflow/dags/crawl_crypto_prices.py
[2026-03-24T08:37:24.816+0000] {processor.py:830} INFO - Processing file /opt/airflow/dags/crawl_crypto_prices.py for tasks to queue
[2026-03-24T08:37:24.817+0000] {logging_mixin.py:188} INFO - [2026-03-24T08:37:24.817+0000] {dagbag.py:538} INFO - Filling up the DagBag from /opt/airflow/dags/crawl_crypto_prices.py
[2026-03-24T08:37:24.830+0000] {processor.py:840} INFO - DAG(s) 'crawl_crypto_prices' retrieved from /opt/airflow/dags/crawl_crypto_prices.py
[2026-03-24T08:37:24.850+0000] {logging_mixin.py:188} INFO - [2026-03-24T08:37:24.850+0000] {dag.py:3036} INFO - Sync 1 DAGs
[2026-03-24T08:37:24.861+0000] {logging_mixin.py:188} INFO - [2026-03-24T08:37:24.861+0000] {dag.py:3823} INFO - Setting next_dagrun for crawl_crypto_prices to 2026-03-24 08:00:00+00:00, run_after=2026-03-24 09:00:00+00:00
[2026-03-24T08:37:24.867+0000] {processor.py:183} INFO - Processing /opt/airflow/dags/crawl_crypto_prices.py took 0.055 seconds
[2026-03-24T08:37:55.138+0000] {processor.py:161} INFO - Started process (PID=14547) to work on /opt/airflow/dags/crawl_crypto_prices.py
[2026-03-24T08:37:55.139+0000] {processor.py:830} INFO - Processing file /opt/airflow/dags/crawl_crypto_prices.py for tasks to queue
[2026-03-24T08:37:55.140+0000] {logging_mixin.py:188} INFO - [2026-03-24T08:37:55.140+0000] {dagbag.py:538} INFO - Filling up the DagBag from /opt/airflow/dags/crawl_crypto_prices.py
[2026-03-24T08:37:55.155+0000] {processor.py:840} INFO - DAG(s) 'crawl_crypto_prices' retrieved from /opt/airflow/dags/crawl_crypto_prices.py
[2026-03-24T08:37:55.175+0000] {logging_mixin.py:188} INFO - [2026-03-24T08:37:55.175+0000] {dag.py:3036} INFO - Sync 1 DAGs
[2026-03-24T08:37:55.185+0000] {logging_mixin.py:188} INFO - [2026-03-24T08:37:55.185+0000] {dag.py:3823} INFO - Setting next_dagrun for crawl_crypto_prices to 2026-03-24 08:00:00+00:00, run_after=2026-03-24 09:00:00+00:00
[2026-03-24T08:37:55.192+0000] {processor.py:183} INFO - Processing /opt/airflow/dags/crawl_crypto_prices.py took 0.058 seconds
[2026-03-24T08:38:25.481+0000] {processor.py:161} INFO - Started process (PID=14552) to work on /opt/airflow/dags/crawl_crypto_prices.py
[2026-03-24T08:38:25.482+0000] {processor.py:830} INFO - Processing file /opt/airflow/dags/crawl_crypto_prices.py for tasks to queue
[2026-03-24T08:38:25.483+0000] {logging_mixin.py:188} INFO - [2026-03-24T08:38:25.483+0000] {dagbag.py:538} INFO - Filling up the DagBag from /opt/airflow/dags/crawl_crypto_prices.py
[2026-03-24T08:38:25.496+0000] {processor.py:840} INFO - DAG(s) 'crawl_crypto_prices' retrieved from /opt/airflow/dags/crawl_crypto_prices.py
[2026-03-24T08:38:25.521+0000] {logging_mixin.py:188} INFO - [2026-03-24T08:38:25.521+0000] {dag.py:3036} INFO - Sync 1 DAGs
[2026-03-24T08:38:25.534+0000] {logging_mixin.py:188} INFO - [2026-03-24T08:38:25.534+0000] {dag.py:3823} INFO - Setting next_dagrun for crawl_crypto_prices to 2026-03-24 08:00:00+00:00, run_after=2026-03-24 09:00:00+00:00
[2026-03-24T08:38:25.540+0000] {processor.py:183} INFO - Processing /opt/airflow/dags/crawl_crypto_prices.py took 0.062 seconds
[2026-03-24T08:38:55.830+0000] {processor.py:161} INFO - Started process (PID=14557) to work on /opt/airflow/dags/crawl_crypto_prices.py
[2026-03-24T08:38:55.832+0000] {processor.py:830} INFO - Processing file /opt/airflow/dags/crawl_crypto_prices.py for tasks to queue
[2026-03-24T08:38:55.833+0000] {logging_mixin.py:188} INFO - [2026-03-24T08:38:55.833+0000] {dagbag.py:538} INFO - Filling up the DagBag from /opt/airflow/dags/crawl_crypto_prices.py
[2026-03-24T08:38:55.849+0000] {processor.py:840} INFO - DAG(s) 'crawl_crypto_prices' retrieved from /opt/airflow/dags/crawl_crypto_prices.py
[2026-03-24T08:38:55.868+0000] {logging_mixin.py:188} INFO - [2026-03-24T08:38:55.868+0000] {dag.py:3036} INFO - Sync 1 DAGs
[2026-03-24T08:38:55.881+0000] {logging_mixin.py:188} INFO - [2026-03-24T08:38:55.881+0000] {dag.py:3823} INFO - Setting next_dagrun for crawl_crypto_prices to 2026-03-24 08:00:00+00:00, run_after=2026-03-24 09:00:00+00:00
[2026-03-24T08:38:55.887+0000] {processor.py:183} INFO - Processing /opt/airflow/dags/crawl_crypto_prices.py took 0.062 seconds
[2026-03-24T08:39:26.146+0000] {processor.py:161} INFO - Started process (PID=14562) to work on /opt/airflow/dags/crawl_crypto_prices.py
[2026-03-24T08:39:26.148+0000] {processor.py:830} INFO - Processing file /opt/airflow/dags/crawl_crypto_prices.py for tasks to queue
[2026-03-24T08:39:26.149+0000] {logging_mixin.py:188} INFO - [2026-03-24T08:39:26.148+0000] {dagbag.py:538} INFO - Filling up the DagBag from /opt/airflow/dags/crawl_crypto_prices.py
[2026-03-24T08:39:26.165+0000] {processor.py:840} INFO - DAG(s) 'crawl_crypto_prices' retrieved from /opt/airflow/dags/crawl_crypto_prices.py
[2026-03-24T08:39:26.185+0000] {logging_mixin.py:188} INFO - [2026-03-24T08:39:26.185+0000] {dag.py:3036} INFO - Sync 1 DAGs
[2026-03-24T08:39:26.195+0000] {logging_mixin.py:188} INFO - [2026-03-24T08:39:26.195+0000] {dag.py:3823} INFO - Setting next_dagrun for crawl_crypto_prices to 2026-03-24 08:00:00+00:00, run_after=2026-03-24 09:00:00+00:00
[2026-03-24T08:39:26.202+0000] {processor.py:183} INFO - Processing /opt/airflow/dags/crawl_crypto_prices.py took 0.060 seconds
[2026-03-24T08:39:56.441+0000] {processor.py:161} INFO - Started process (PID=14567) to work on /opt/airflow/dags/crawl_crypto_prices.py
[2026-03-24T08:39:56.442+0000] {processor.py:830} INFO - Processing file /opt/airflow/dags/crawl_crypto_prices.py for tasks to queue
[2026-03-24T08:39:56.443+0000] {logging_mixin.py:188} INFO - [2026-03-24T08:39:56.442+0000] {dagbag.py:538} INFO - Filling up the DagBag from /opt/airflow/dags/crawl_crypto_prices.py
[2026-03-24T08:39:56.454+0000] {processor.py:840} INFO - DAG(s) 'crawl_crypto_prices' retrieved from /opt/airflow/dags/crawl_crypto_prices.py
[2026-03-24T08:39:56.482+0000] {logging_mixin.py:188} INFO - [2026-03-24T08:39:56.482+0000] {dag.py:3036} INFO - Sync 1 DAGs
[2026-03-24T08:39:56.494+0000] {logging_mixin.py:188} INFO - [2026-03-24T08:39:56.494+0000] {dag.py:3823} INFO - Setting next_dagrun for crawl_crypto_prices to 2026-03-24 08:00:00+00:00, run_after=2026-03-24 09:00:00+00:00
[2026-03-24T08:39:56.500+0000] {processor.py:183} INFO - Processing /opt/airflow/dags/crawl_crypto_prices.py took 0.062 seconds
[2026-03-24T08:40:26.793+0000] {processor.py:161} INFO - Started process (PID=14572) to work on /opt/airflow/dags/crawl_crypto_prices.py
[2026-03-24T08:40:26.795+0000] {processor.py:830} INFO - Processing file /opt/airflow/dags/crawl_crypto_prices.py for tasks to queue
[2026-03-24T08:40:26.796+0000] {logging_mixin.py:188} INFO - [2026-03-24T08:40:26.795+0000] {dagbag.py:538} INFO - Filling up the DagBag from /opt/airflow/dags/crawl_crypto_prices.py
[2026-03-24T08:40:26.811+0000] {processor.py:840} INFO - DAG(s) 'crawl_crypto_prices' retrieved from /opt/airflow/dags/crawl_crypto_prices.py
[2026-03-24T08:40:26.832+0000] {logging_mixin.py:188} INFO - [2026-03-24T08:40:26.832+0000] {dag.py:3036} INFO - Sync 1 DAGs
[2026-03-24T08:40:26.843+0000] {logging_mixin.py:188} INFO - [2026-03-24T08:40:26.843+0000] {dag.py:3823} INFO - Setting next_dagrun for crawl_crypto_prices to 2026-03-24 08:00:00+00:00, run_after=2026-03-24 09:00:00+00:00
[2026-03-24T08:40:26.849+0000] {processor.py:183} INFO - Processing /opt/airflow/dags/crawl_crypto_prices.py took 0.061 seconds
[2026-03-24T08:40:57.101+0000] {processor.py:161} INFO - Started process (PID=14577) to work on /opt/airflow/dags/crawl_crypto_prices.py
[2026-03-24T08:40:57.103+0000] {processor.py:830} INFO - Processing file /opt/airflow/dags/crawl_crypto_prices.py for tasks to queue
[2026-03-24T08:40:57.103+0000] {logging_mixin.py:188} INFO - [2026-03-24T08:40:57.103+0000] {dagbag.py:538} INFO - Filling up the DagBag from /opt/airflow/dags/crawl_crypto_prices.py
[2026-03-24T08:40:57.115+0000] {processor.py:840} INFO - DAG(s) 'crawl_crypto_prices' retrieved from /opt/airflow/dags/crawl_crypto_prices.py
[2026-03-24T08:40:57.131+0000] {logging_mixin.py:188} INFO - [2026-03-24T08:40:57.131+0000] {dag.py:3036} INFO - Sync 1 DAGs
[2026-03-24T08:40:57.141+0000] {logging_mixin.py:188} INFO - [2026-03-24T08:40:57.141+0000] {dag.py:3823} INFO - Setting next_dagrun for crawl_crypto_prices to 2026-03-24 08:00:00+00:00, run_after=2026-03-24 09:00:00+00:00
[2026-03-24T08:40:57.148+0000] {processor.py:183} INFO - Processing /opt/airflow/dags/crawl_crypto_prices.py took 0.050 seconds
[2026-03-24T08:41:27.421+0000] {processor.py:161} INFO - Started process (PID=14582) to work on /opt/airflow/dags/crawl_crypto_prices.py
[2026-03-24T08:41:27.422+0000] {processor.py:830} INFO - Processing file /opt/airflow/dags/crawl_crypto_prices.py for tasks to queue
[2026-03-24T08:41:27.422+0000] {logging_mixin.py:188} INFO - [2026-03-24T08:41:27.422+0000] {dagbag.py:538} INFO - Filling up the DagBag from /opt/airflow/dags/crawl_crypto_prices.py
[2026-03-24T08:41:27.433+0000] {processor.py:840} INFO - DAG(s) 'crawl_crypto_prices' retrieved from /opt/airflow/dags/crawl_crypto_prices.py
[2026-03-24T08:41:27.453+0000] {logging_mixin.py:188} INFO - [2026-03-24T08:41:27.453+0000] {dag.py:3036} INFO - Sync 1 DAGs
[2026-03-24T08:41:27.465+0000] {logging_mixin.py:188} INFO - [2026-03-24T08:41:27.465+0000] {dag.py:3823} INFO - Setting next_dagrun for crawl_crypto_prices to 2026-03-24 08:00:00+00:00, run_after=2026-03-24 09:00:00+00:00
[2026-03-24T08:41:27.473+0000] {processor.py:183} INFO - Processing /opt/airflow/dags/crawl_crypto_prices.py took 0.056 seconds
[2026-03-24T08:41:57.754+0000] {processor.py:161} INFO - Started process (PID=14587) to work on /opt/airflow/dags/crawl_crypto_prices.py
[2026-03-24T08:41:57.755+0000] {processor.py:830} INFO - Processing file /opt/airflow/dags/crawl_crypto_prices.py for tasks to queue
[2026-03-24T08:41:57.756+0000] {logging_mixin.py:188} INFO - [2026-03-24T08:41:57.756+0000] {dagbag.py:538} INFO - Filling up the DagBag from /opt/airflow/dags/crawl_crypto_prices.py
[2026-03-24T08:41:57.772+0000] {processor.py:840} INFO - DAG(s) 'crawl_crypto_prices' retrieved from /opt/airflow/dags/crawl_crypto_prices.py
[2026-03-24T08:41:57.792+0000] {logging_mixin.py:188} INFO - [2026-03-24T08:41:57.792+0000] {dag.py:3036} INFO - Sync 1 DAGs
[2026-03-24T08:41:57.802+0000] {logging_mixin.py:188} INFO - [2026-03-24T08:41:57.801+0000] {dag.py:3823} INFO - Setting next_dagrun for crawl_crypto_prices to 2026-03-24 08:00:00+00:00, run_after=2026-03-24 09:00:00+00:00
[2026-03-24T08:41:57.811+0000] {processor.py:183} INFO - Processing /opt/airflow/dags/crawl_crypto_prices.py took 0.060 seconds
[2026-03-24T08:42:28.069+0000] {processor.py:161} INFO - Started process (PID=14592) to work on /opt/airflow/dags/crawl_crypto_prices.py
[2026-03-24T08:42:28.071+0000] {processor.py:830} INFO - Processing file /opt/airflow/dags/crawl_crypto_prices.py for tasks to queue
[2026-03-24T08:42:28.071+0000] {logging_mixin.py:188} INFO - [2026-03-24T08:42:28.071+0000] {dagbag.py:538} INFO - Filling up the DagBag from /opt/airflow/dags/crawl_crypto_prices.py
[2026-03-24T08:42:28.083+0000] {processor.py:840} INFO - DAG(s) 'crawl_crypto_prices' retrieved from /opt/airflow/dags/crawl_crypto_prices.py
[2026-03-24T08:42:28.101+0000] {logging_mixin.py:188} INFO - [2026-03-24T08:42:28.101+0000] {dag.py:3036} INFO - Sync 1 DAGs
[2026-03-24T08:42:28.111+0000] {logging_mixin.py:188} INFO - [2026-03-24T08:42:28.111+0000] {dag.py:3823} INFO - Setting next_dagrun for crawl_crypto_prices to 2026-03-24 08:00:00+00:00, run_after=2026-03-24 09:00:00+00:00
[2026-03-24T08:42:28.118+0000] {processor.py:183} INFO - Processing /opt/airflow/dags/crawl_crypto_prices.py took 0.054 seconds
[2026-03-24T08:42:58.365+0000] {processor.py:161} INFO - Started process (PID=14597) to work on /opt/airflow/dags/crawl_crypto_prices.py
[2026-03-24T08:42:58.367+0000] {processor.py:830} INFO - Processing file /opt/airflow/dags/crawl_crypto_prices.py for tasks to queue
[2026-03-24T08:42:58.367+0000] {logging_mixin.py:188} INFO - [2026-03-24T08:42:58.367+0000] {dagbag.py:538} INFO - Filling up the DagBag from /opt/airflow/dags/crawl_crypto_prices.py
[2026-03-24T08:42:58.378+0000] {processor.py:840} INFO - DAG(s) 'crawl_crypto_prices' retrieved from /opt/airflow/dags/crawl_crypto_prices.py
[2026-03-24T08:42:58.393+0000] {logging_mixin.py:188} INFO - [2026-03-24T08:42:58.393+0000] {dag.py:3036} INFO - Sync 1 DAGs
[2026-03-24T08:42:58.402+0000] {logging_mixin.py:188} INFO - [2026-03-24T08:42:58.402+0000] {dag.py:3823} INFO - Setting next_dagrun for crawl_crypto_prices to 2026-03-24 08:00:00+00:00, run_after=2026-03-24 09:00:00+00:00
[2026-03-24T08:42:58.408+0000] {processor.py:183} INFO - Processing /opt/airflow/dags/crawl_crypto_prices.py took 0.046 seconds
[2026-03-24T08:43:28.651+0000] {processor.py:161} INFO - Started process (PID=14602) to work on /opt/airflow/dags/crawl_crypto_prices.py
[2026-03-24T08:43:28.651+0000] {processor.py:830} INFO - Processing file /opt/airflow/dags/crawl_crypto_prices.py for tasks to queue
[2026-03-24T08:43:28.652+0000] {logging_mixin.py:188} INFO - [2026-03-24T08:43:28.652+0000] {dagbag.py:538} INFO - Filling up the DagBag from /opt/airflow/dags/crawl_crypto_prices.py
[2026-03-24T08:43:28.661+0000] {processor.py:840} INFO - DAG(s) 'crawl_crypto_prices' retrieved from /opt/airflow/dags/crawl_crypto_prices.py
[2026-03-24T08:43:28.674+0000] {logging_mixin.py:188} INFO - [2026-03-24T08:43:28.674+0000] {dag.py:3036} INFO - Sync 1 DAGs
[2026-03-24T08:43:28.684+0000] {logging_mixin.py:188} INFO - [2026-03-24T08:43:28.684+0000] {dag.py:3823} INFO - Setting next_dagrun for crawl_crypto_prices to 2026-03-24 08:00:00+00:00, run_after=2026-03-24 09:00:00+00:00
[2026-03-24T08:43:28.690+0000] {processor.py:183} INFO - Processing /opt/airflow/dags/crawl_crypto_prices.py took 0.042 seconds
[2026-03-24T08:43:58.919+0000] {processor.py:161} INFO - Started process (PID=14607) to work on /opt/airflow/dags/crawl_crypto_prices.py
[2026-03-24T08:43:58.921+0000] {processor.py:830} INFO - Processing file /opt/airflow/dags/crawl_crypto_prices.py for tasks to queue
[2026-03-24T08:43:58.921+0000] {logging_mixin.py:188} INFO - [2026-03-24T08:43:58.921+0000] {dagbag.py:538} INFO - Filling up the DagBag from /opt/airflow/dags/crawl_crypto_prices.py
[2026-03-24T08:43:58.927+0000] {processor.py:840} INFO - DAG(s) 'crawl_crypto_prices' retrieved from /opt/airflow/dags/crawl_crypto_prices.py
[2026-03-24T08:43:58.944+0000] {logging_mixin.py:188} INFO - [2026-03-24T08:43:58.944+0000] {dag.py:3036} INFO - Sync 1 DAGs
[2026-03-24T08:43:58.955+0000] {logging_mixin.py:188} INFO - [2026-03-24T08:43:58.955+0000] {dag.py:3823} INFO - Setting next_dagrun for crawl_crypto_prices to 2026-03-24 08:00:00+00:00, run_after=2026-03-24 09:00:00+00:00
[2026-03-24T08:43:58.961+0000] {processor.py:183} INFO - Processing /opt/airflow/dags/crawl_crypto_prices.py took 0.044 seconds
[2026-03-24T08:44:29.201+0000] {processor.py:161} INFO - Started process (PID=14612) to work on /opt/airflow/dags/crawl_crypto_prices.py
[2026-03-24T08:44:29.202+0000] {processor.py:830} INFO - Processing file /opt/airflow/dags/crawl_crypto_prices.py for tasks to queue
[2026-03-24T08:44:29.202+0000] {logging_mixin.py:188} INFO - [2026-03-24T08:44:29.202+0000] {dagbag.py:538} INFO - Filling up the DagBag from /opt/airflow/dags/crawl_crypto_prices.py
[2026-03-24T08:44:29.215+0000] {processor.py:840} INFO - DAG(s) 'crawl_crypto_prices' retrieved from /opt/airflow/dags/crawl_crypto_prices.py
[2026-03-24T08:44:29.229+0000] {logging_mixin.py:188} INFO - [2026-03-24T08:44:29.229+0000] {dag.py:3036} INFO - Sync 1 DAGs
[2026-03-24T08:44:29.239+0000] {logging_mixin.py:188} INFO - [2026-03-24T08:44:29.239+0000] {dag.py:3823} INFO - Setting next_dagrun for crawl_crypto_prices to 2026-03-24 08:00:00+00:00, run_after=2026-03-24 09:00:00+00:00
[2026-03-24T08:44:29.246+0000] {processor.py:183} INFO - Processing /opt/airflow/dags/crawl_crypto_prices.py took 0.048 seconds
[2026-03-24T08:44:59.504+0000] {processor.py:161} INFO - Started process (PID=14617) to work on /opt/airflow/dags/crawl_crypto_prices.py
[2026-03-24T08:44:59.505+0000] {processor.py:830} INFO - Processing file /opt/airflow/dags/crawl_crypto_prices.py for tasks to queue
[2026-03-24T08:44:59.505+0000] {logging_mixin.py:188} INFO - [2026-03-24T08:44:59.505+0000] {dagbag.py:538} INFO - Filling up the DagBag from /opt/airflow/dags/crawl_crypto_prices.py
[2026-03-24T08:44:59.516+0000] {processor.py:840} INFO - DAG(s) 'crawl_crypto_prices' retrieved from /opt/airflow/dags/crawl_crypto_prices.py
[2026-03-24T08:44:59.532+0000] {logging_mixin.py:188} INFO - [2026-03-24T08:44:59.532+0000] {dag.py:3036} INFO - Sync 1 DAGs
[2026-03-24T08:44:59.542+0000] {logging_mixin.py:188} INFO - [2026-03-24T08:44:59.542+0000] {dag.py:3823} INFO - Setting next_dagrun for crawl_crypto_prices to 2026-03-24 08:00:00+00:00, run_after=2026-03-24 09:00:00+00:00
[2026-03-24T08:44:59.549+0000] {processor.py:183} INFO - Processing /opt/airflow/dags/crawl_crypto_prices.py took 0.048 seconds
[2026-03-24T08:45:29.806+0000] {processor.py:161} INFO - Started process (PID=14622) to work on /opt/airflow/dags/crawl_crypto_prices.py
[2026-03-24T08:45:29.807+0000] {processor.py:830} INFO - Processing file /opt/airflow/dags/crawl_crypto_prices.py for tasks to queue
[2026-03-24T08:45:29.808+0000] {logging_mixin.py:188} INFO - [2026-03-24T08:45:29.808+0000] {dagbag.py:538} INFO - Filling up the DagBag from /opt/airflow/dags/crawl_crypto_prices.py
[2026-03-24T08:45:29.823+0000] {processor.py:840} INFO - DAG(s) 'crawl_crypto_prices' retrieved from /opt/airflow/dags/crawl_crypto_prices.py
[2026-03-24T08:45:29.842+0000] {logging_mixin.py:188} INFO - [2026-03-24T08:45:29.841+0000] {dag.py:3036} INFO - Sync 1 DAGs
[2026-03-24T08:45:29.852+0000] {logging_mixin.py:188} INFO - [2026-03-24T08:45:29.852+0000] {dag.py:3823} INFO - Setting next_dagrun for crawl_crypto_prices to 2026-03-24 08:00:00+00:00, run_after=2026-03-24 09:00:00+00:00
[2026-03-24T08:45:29.860+0000] {processor.py:183} INFO - Processing /opt/airflow/dags/crawl_crypto_prices.py took 0.056 seconds
[2026-03-24T08:46:00.066+0000] {processor.py:161} INFO - Started process (PID=14627) to work on /opt/airflow/dags/crawl_crypto_prices.py
[2026-03-24T08:46:00.066+0000] {processor.py:830} INFO - Processing file /opt/airflow/dags/crawl_crypto_prices.py for tasks to queue
[2026-03-24T08:46:00.067+0000] {logging_mixin.py:188} INFO - [2026-03-24T08:46:00.066+0000] {dagbag.py:538} INFO - Filling up the DagBag from /opt/airflow/dags/crawl_crypto_prices.py
[2026-03-24T08:46:00.073+0000] {processor.py:840} INFO - DAG(s) 'crawl_crypto_prices' retrieved from /opt/airflow/dags/crawl_crypto_prices.py
[2026-03-24T08:46:00.087+0000] {logging_mixin.py:188} INFO - [2026-03-24T08:46:00.087+0000] {dag.py:3036} INFO - Sync 1 DAGs
[2026-03-24T08:46:00.096+0000] {logging_mixin.py:188} INFO - [2026-03-24T08:46:00.096+0000] {dag.py:3823} INFO - Setting next_dagrun for crawl_crypto_prices to 2026-03-24 08:00:00+00:00, run_after=2026-03-24 09:00:00+00:00
[2026-03-24T08:46:00.103+0000] {processor.py:183} INFO - Processing /opt/airflow/dags/crawl_crypto_prices.py took 0.039 seconds
[2026-03-24T08:46:30.373+0000] {processor.py:161} INFO - Started process (PID=14632) to work on /opt/airflow/dags/crawl_crypto_prices.py
[2026-03-24T08:46:30.375+0000] {processor.py:830} INFO - Processing file /opt/airflow/dags/crawl_crypto_prices.py for tasks to queue
[2026-03-24T08:46:30.375+0000] {logging_mixin.py:188} INFO - [2026-03-24T08:46:30.375+0000] {dagbag.py:538} INFO - Filling up the DagBag from /opt/airflow/dags/crawl_crypto_prices.py
[2026-03-24T08:46:30.386+0000] {processor.py:840} INFO - DAG(s) 'crawl_crypto_prices' retrieved from /opt/airflow/dags/crawl_crypto_prices.py
[2026-03-24T08:46:30.404+0000] {logging_mixin.py:188} INFO - [2026-03-24T08:46:30.404+0000] {dag.py:3036} INFO - Sync 1 DAGs
[2026-03-24T08:46:30.414+0000] {logging_mixin.py:188} INFO - [2026-03-24T08:46:30.414+0000] {dag.py:3823} INFO - Setting next_dagrun for crawl_crypto_prices to 2026-03-24 08:00:00+00:00, run_after=2026-03-24 09:00:00+00:00
[2026-03-24T08:46:30.420+0000] {processor.py:183} INFO - Processing /opt/airflow/dags/crawl_crypto_prices.py took 0.050 seconds
[2026-03-24T08:47:00.654+0000] {processor.py:161} INFO - Started process (PID=14637) to work on /opt/airflow/dags/crawl_crypto_prices.py
[2026-03-24T08:47:00.655+0000] {processor.py:830} INFO - Processing file /opt/airflow/dags/crawl_crypto_prices.py for tasks to queue
[2026-03-24T08:47:00.655+0000] {logging_mixin.py:188} INFO - [2026-03-24T08:47:00.655+0000] {dagbag.py:538} INFO - Filling up the DagBag from /opt/airflow/dags/crawl_crypto_prices.py
[2026-03-24T08:47:00.668+0000] {processor.py:840} INFO - DAG(s) 'crawl_crypto_prices' retrieved from /opt/airflow/dags/crawl_crypto_prices.py
[2026-03-24T08:47:00.686+0000] {logging_mixin.py:188} INFO - [2026-03-24T08:47:00.685+0000] {dag.py:3036} INFO - Sync 1 DAGs
[2026-03-24T08:47:00.694+0000] {logging_mixin.py:188} INFO - [2026-03-24T08:47:00.694+0000] {dag.py:3823} INFO - Setting next_dagrun for crawl_crypto_prices to 2026-03-24 08:00:00+00:00, run_after=2026-03-24 09:00:00+00:00
[2026-03-24T08:47:00.700+0000] {processor.py:183} INFO - Processing /opt/airflow/dags/crawl_crypto_prices.py took 0.049 seconds
[2026-03-24T08:47:30.948+0000] {processor.py:161} INFO - Started process (PID=14642) to work on /opt/airflow/dags/crawl_crypto_prices.py
[2026-03-24T08:47:30.949+0000] {processor.py:830} INFO - Processing file /opt/airflow/dags/crawl_crypto_prices.py for tasks to queue
[2026-03-24T08:47:30.950+0000] {logging_mixin.py:188} INFO - [2026-03-24T08:47:30.949+0000] {dagbag.py:538} INFO - Filling up the DagBag from /opt/airflow/dags/crawl_crypto_prices.py
[2026-03-24T08:47:30.961+0000] {processor.py:840} INFO - DAG(s) 'crawl_crypto_prices' retrieved from /opt/airflow/dags/crawl_crypto_prices.py
[2026-03-24T08:47:30.981+0000] {logging_mixin.py:188} INFO - [2026-03-24T08:47:30.981+0000] {dag.py:3036} INFO - Sync 1 DAGs
[2026-03-24T08:47:30.991+0000] {logging_mixin.py:188} INFO - [2026-03-24T08:47:30.991+0000] {dag.py:3823} INFO - Setting next_dagrun for crawl_crypto_prices to 2026-03-24 08:00:00+00:00, run_after=2026-03-24 09:00:00+00:00
[2026-03-24T08:47:30.997+0000] {processor.py:183} INFO - Processing /opt/airflow/dags/crawl_crypto_prices.py took 0.053 seconds
[2026-03-24T08:48:01.240+0000] {processor.py:161} INFO - Started process (PID=14647) to work on /opt/airflow/dags/crawl_crypto_prices.py
[2026-03-24T08:48:01.241+0000] {processor.py:830} INFO - Processing file /opt/airflow/dags/crawl_crypto_prices.py for tasks to queue
[2026-03-24T08:48:01.242+0000] {logging_mixin.py:188} INFO - [2026-03-24T08:48:01.242+0000] {dagbag.py:538} INFO - Filling up the DagBag from /opt/airflow/dags/crawl_crypto_prices.py
[2026-03-24T08:48:01.253+0000] {processor.py:840} INFO - DAG(s) 'crawl_crypto_prices' retrieved from /opt/airflow/dags/crawl_crypto_prices.py
[2026-03-24T08:48:01.271+0000] {logging_mixin.py:188} INFO - [2026-03-24T08:48:01.270+0000] {dag.py:3036} INFO - Sync 1 DAGs
[2026-03-24T08:48:01.280+0000] {logging_mixin.py:188} INFO - [2026-03-24T08:48:01.280+0000] {dag.py:3823} INFO - Setting next_dagrun for crawl_crypto_prices to 2026-03-24 08:00:00+00:00, run_after=2026-03-24 09:00:00+00:00
[2026-03-24T08:48:01.286+0000] {processor.py:183} INFO - Processing /opt/airflow/dags/crawl_crypto_prices.py took 0.050 seconds
[2026-03-24T08:48:31.563+0000] {processor.py:161} INFO - Started process (PID=14652) to work on /opt/airflow/dags/crawl_crypto_prices.py
[2026-03-24T08:48:31.564+0000] {processor.py:830} INFO - Processing file /opt/airflow/dags/crawl_crypto_prices.py for tasks to queue
[2026-03-24T08:48:31.565+0000] {logging_mixin.py:188} INFO - [2026-03-24T08:48:31.565+0000] {dagbag.py:538} INFO - Filling up the DagBag from /opt/airflow/dags/crawl_crypto_prices.py
[2026-03-24T08:48:31.581+0000] {processor.py:840} INFO - DAG(s) 'crawl_crypto_prices' retrieved from /opt/airflow/dags/crawl_crypto_prices.py
[2026-03-24T08:48:31.602+0000] {logging_mixin.py:188} INFO - [2026-03-24T08:48:31.602+0000] {dag.py:3036} INFO - Sync 1 DAGs
[2026-03-24T08:48:31.615+0000] {logging_mixin.py:188} INFO - [2026-03-24T08:48:31.615+0000] {dag.py:3823} INFO - Setting next_dagrun for crawl_crypto_prices to 2026-03-24 08:00:00+00:00, run_after=2026-03-24 09:00:00+00:00
[2026-03-24T08:48:31.622+0000] {processor.py:183} INFO - Processing /opt/airflow/dags/crawl_crypto_prices.py took 0.063 seconds
[2026-03-24T08:49:01.899+0000] {processor.py:161} INFO - Started process (PID=14657) to work on /opt/airflow/dags/crawl_crypto_prices.py
[2026-03-24T08:49:01.900+0000] {processor.py:830} INFO - Processing file /opt/airflow/dags/crawl_crypto_prices.py for tasks to queue
[2026-03-24T08:49:01.901+0000] {logging_mixin.py:188} INFO - [2026-03-24T08:49:01.901+0000] {dagbag.py:538} INFO - Filling up the DagBag from /opt/airflow/dags/crawl_crypto_prices.py
[2026-03-24T08:49:01.914+0000] {processor.py:840} INFO - DAG(s) 'crawl_crypto_prices' retrieved from /opt/airflow/dags/crawl_crypto_prices.py
[2026-03-24T08:49:01.934+0000] {logging_mixin.py:188} INFO - [2026-03-24T08:49:01.934+0000] {dag.py:3036} INFO - Sync 1 DAGs
[2026-03-24T08:49:01.945+0000] {logging_mixin.py:188} INFO - [2026-03-24T08:49:01.945+0000] {dag.py:3823} INFO - Setting next_dagrun for crawl_crypto_prices to 2026-03-24 08:00:00+00:00, run_after=2026-03-24 09:00:00+00:00
[2026-03-24T08:49:01.951+0000] {processor.py:183} INFO - Processing /opt/airflow/dags/crawl_crypto_prices.py took 0.056 seconds
[2026-03-24T08:49:32.201+0000] {processor.py:161} INFO - Started process (PID=14662) to work on /opt/airflow/dags/crawl_crypto_prices.py
[2026-03-24T08:49:32.202+0000] {processor.py:830} INFO - Processing file /opt/airflow/dags/crawl_crypto_prices.py for tasks to queue
[2026-03-24T08:49:32.203+0000] {logging_mixin.py:188} INFO - [2026-03-24T08:49:32.203+0000] {dagbag.py:538} INFO - Filling up the DagBag from /opt/airflow/dags/crawl_crypto_prices.py
[2026-03-24T08:49:32.221+0000] {processor.py:840} INFO - DAG(s) 'crawl_crypto_prices' retrieved from /opt/airflow/dags/crawl_crypto_prices.py
[2026-03-24T08:49:32.243+0000] {logging_mixin.py:188} INFO - [2026-03-24T08:49:32.242+0000] {dag.py:3036} INFO - Sync 1 DAGs
[2026-03-24T08:49:32.254+0000] {logging_mixin.py:188} INFO - [2026-03-24T08:49:32.254+0000] {dag.py:3823} INFO - Setting next_dagrun for crawl_crypto_prices to 2026-03-24 08:00:00+00:00, run_after=2026-03-24 09:00:00+00:00
[2026-03-24T08:49:32.261+0000] {processor.py:183} INFO - Processing /opt/airflow/dags/crawl_crypto_prices.py took 0.065 seconds
[2026-03-24T08:50:02.526+0000] {processor.py:161} INFO - Started process (PID=14667) to work on /opt/airflow/dags/crawl_crypto_prices.py
[2026-03-24T08:50:02.527+0000] {processor.py:830} INFO - Processing file /opt/airflow/dags/crawl_crypto_prices.py for tasks to queue
[2026-03-24T08:50:02.528+0000] {logging_mixin.py:188} INFO - [2026-03-24T08:50:02.527+0000] {dagbag.py:538} INFO - Filling up the DagBag from /opt/airflow/dags/crawl_crypto_prices.py
[2026-03-24T08:50:02.539+0000] {processor.py:840} INFO - DAG(s) 'crawl_crypto_prices' retrieved from /opt/airflow/dags/crawl_crypto_prices.py
[2026-03-24T08:50:02.558+0000] {logging_mixin.py:188} INFO - [2026-03-24T08:50:02.558+0000] {dag.py:3036} INFO - Sync 1 DAGs
[2026-03-24T08:50:02.568+0000] {logging_mixin.py:188} INFO - [2026-03-24T08:50:02.568+0000] {dag.py:3823} INFO - Setting next_dagrun for crawl_crypto_prices to 2026-03-24 08:00:00+00:00, run_after=2026-03-24 09:00:00+00:00
[2026-03-24T08:50:02.575+0000] {processor.py:183} INFO - Processing /opt/airflow/dags/crawl_crypto_prices.py took 0.052 seconds
[2026-03-24T08:50:32.839+0000] {processor.py:161} INFO - Started process (PID=14672) to work on /opt/airflow/dags/crawl_crypto_prices.py
[2026-03-24T08:50:32.840+0000] {processor.py:830} INFO - Processing file /opt/airflow/dags/crawl_crypto_prices.py for tasks to queue
[2026-03-24T08:50:32.840+0000] {logging_mixin.py:188} INFO - [2026-03-24T08:50:32.840+0000] {dagbag.py:538} INFO - Filling up the DagBag from /opt/airflow/dags/crawl_crypto_prices.py
[2026-03-24T08:50:32.852+0000] {processor.py:840} INFO - DAG(s) 'crawl_crypto_prices' retrieved from /opt/airflow/dags/crawl_crypto_prices.py
[2026-03-24T08:50:32.870+0000] {logging_mixin.py:188} INFO - [2026-03-24T08:50:32.869+0000] {dag.py:3036} INFO - Sync 1 DAGs
[2026-03-24T08:50:32.880+0000] {logging_mixin.py:188} INFO - [2026-03-24T08:50:32.880+0000] {dag.py:3823} INFO - Setting next_dagrun for crawl_crypto_prices to 2026-03-24 08:00:00+00:00, run_after=2026-03-24 09:00:00+00:00
[2026-03-24T08:50:32.886+0000] {processor.py:183} INFO - Processing /opt/airflow/dags/crawl_crypto_prices.py took 0.051 seconds
[2026-03-24T08:51:03.180+0000] {processor.py:161} INFO - Started process (PID=14677) to work on /opt/airflow/dags/crawl_crypto_prices.py
[2026-03-24T08:51:03.181+0000] {processor.py:830} INFO - Processing file /opt/airflow/dags/crawl_crypto_prices.py for tasks to queue
[2026-03-24T08:51:03.183+0000] {logging_mixin.py:188} INFO - [2026-03-24T08:51:03.182+0000] {dagbag.py:538} INFO - Filling up the DagBag from /opt/airflow/dags/crawl_crypto_prices.py
[2026-03-24T08:51:03.201+0000] {processor.py:840} INFO - DAG(s) 'crawl_crypto_prices' retrieved from /opt/airflow/dags/crawl_crypto_prices.py
[2026-03-24T08:51:03.222+0000] {logging_mixin.py:188} INFO - [2026-03-24T08:51:03.222+0000] {dag.py:3036} INFO - Sync 1 DAGs
[2026-03-24T08:51:03.236+0000] {logging_mixin.py:188} INFO - [2026-03-24T08:51:03.236+0000] {dag.py:3823} INFO - Setting next_dagrun for crawl_crypto_prices to 2026-03-24 08:00:00+00:00, run_after=2026-03-24 09:00:00+00:00
[2026-03-24T08:51:03.243+0000] {processor.py:183} INFO - Processing /opt/airflow/dags/crawl_crypto_prices.py took 0.068 seconds
[2026-03-24T08:51:33.507+0000] {processor.py:161} INFO - Started process (PID=14682) to work on /opt/airflow/dags/crawl_crypto_prices.py
[2026-03-24T08:51:33.508+0000] {processor.py:830} INFO - Processing file /opt/airflow/dags/crawl_crypto_prices.py for tasks to queue
[2026-03-24T08:51:33.509+0000] {logging_mixin.py:188} INFO - [2026-03-24T08:51:33.509+0000] {dagbag.py:538} INFO - Filling up the DagBag from /opt/airflow/dags/crawl_crypto_prices.py
[2026-03-24T08:51:33.522+0000] {processor.py:840} INFO - DAG(s) 'crawl_crypto_prices' retrieved from /opt/airflow/dags/crawl_crypto_prices.py
[2026-03-24T08:51:33.544+0000] {logging_mixin.py:188} INFO - [2026-03-24T08:51:33.544+0000] {dag.py:3036} INFO - Sync 1 DAGs
[2026-03-24T08:51:33.554+0000] {logging_mixin.py:188} INFO - [2026-03-24T08:51:33.554+0000] {dag.py:3823} INFO - Setting next_dagrun for crawl_crypto_prices to 2026-03-24 08:00:00+00:00, run_after=2026-03-24 09:00:00+00:00
[2026-03-24T08:51:33.560+0000] {processor.py:183} INFO - Processing /opt/airflow/dags/crawl_crypto_prices.py took 0.057 seconds
[2026-03-24T08:52:03.829+0000] {processor.py:161} INFO - Started process (PID=14687) to work on /opt/airflow/dags/crawl_crypto_prices.py
[2026-03-24T08:52:03.830+0000] {processor.py:830} INFO - Processing file /opt/airflow/dags/crawl_crypto_prices.py for tasks to queue
[2026-03-24T08:52:03.831+0000] {logging_mixin.py:188} INFO - [2026-03-24T08:52:03.831+0000] {dagbag.py:538} INFO - Filling up the DagBag from /opt/airflow/dags/crawl_crypto_prices.py
[2026-03-24T08:52:03.844+0000] {processor.py:840} INFO - DAG(s) 'crawl_crypto_prices' retrieved from /opt/airflow/dags/crawl_crypto_prices.py
[2026-03-24T08:52:03.861+0000] {logging_mixin.py:188} INFO - [2026-03-24T08:52:03.861+0000] {dag.py:3036} INFO - Sync 1 DAGs
[2026-03-24T08:52:03.870+0000] {logging_mixin.py:188} INFO - [2026-03-24T08:52:03.870+0000] {dag.py:3823} INFO - Setting next_dagrun for crawl_crypto_prices to 2026-03-24 08:00:00+00:00, run_after=2026-03-24 09:00:00+00:00
[2026-03-24T08:52:03.876+0000] {processor.py:183} INFO - Processing /opt/airflow/dags/crawl_crypto_prices.py took 0.052 seconds
[2026-03-24T08:52:34.162+0000] {processor.py:161} INFO - Started process (PID=14692) to work on /opt/airflow/dags/crawl_crypto_prices.py
[2026-03-24T08:52:34.164+0000] {processor.py:830} INFO - Processing file /opt/airflow/dags/crawl_crypto_prices.py for tasks to queue
[2026-03-24T08:52:34.164+0000] {logging_mixin.py:188} INFO - [2026-03-24T08:52:34.164+0000] {dagbag.py:538} INFO - Filling up the DagBag from /opt/airflow/dags/crawl_crypto_prices.py
[2026-03-24T08:52:34.181+0000] {processor.py:840} INFO - DAG(s) 'crawl_crypto_prices' retrieved from /opt/airflow/dags/crawl_crypto_prices.py
[2026-03-24T08:52:34.204+0000] {logging_mixin.py:188} INFO - [2026-03-24T08:52:34.204+0000] {dag.py:3036} INFO - Sync 1 DAGs
[2026-03-24T08:52:34.215+0000] {logging_mixin.py:188} INFO - [2026-03-24T08:52:34.215+0000] {dag.py:3823} INFO - Setting next_dagrun for crawl_crypto_prices to 2026-03-24 08:00:00+00:00, run_after=2026-03-24 09:00:00+00:00
[2026-03-24T08:52:34.222+0000] {processor.py:183} INFO - Processing /opt/airflow/dags/crawl_crypto_prices.py took 0.065 seconds
[2026-03-24T08:53:04.502+0000] {processor.py:161} INFO - Started process (PID=14697) to work on /opt/airflow/dags/crawl_crypto_prices.py
[2026-03-24T08:53:04.503+0000] {processor.py:830} INFO - Processing file /opt/airflow/dags/crawl_crypto_prices.py for tasks to queue
[2026-03-24T08:53:04.504+0000] {logging_mixin.py:188} INFO - [2026-03-24T08:53:04.504+0000] {dagbag.py:538} INFO - Filling up the DagBag from /opt/airflow/dags/crawl_crypto_prices.py
[2026-03-24T08:53:04.516+0000] {processor.py:840} INFO - DAG(s) 'crawl_crypto_prices' retrieved from /opt/airflow/dags/crawl_crypto_prices.py
[2026-03-24T08:53:04.535+0000] {logging_mixin.py:188} INFO - [2026-03-24T08:53:04.535+0000] {dag.py:3036} INFO - Sync 1 DAGs
[2026-03-24T08:53:04.546+0000] {logging_mixin.py:188} INFO - [2026-03-24T08:53:04.546+0000] {dag.py:3823} INFO - Setting next_dagrun for crawl_crypto_prices to 2026-03-24 08:00:00+00:00, run_after=2026-03-24 09:00:00+00:00
[2026-03-24T08:53:04.553+0000] {processor.py:183} INFO - Processing /opt/airflow/dags/crawl_crypto_prices.py took 0.054 seconds
[2026-03-24T08:53:34.825+0000] {processor.py:161} INFO - Started process (PID=14702) to work on /opt/airflow/dags/crawl_crypto_prices.py
[2026-03-24T08:53:34.829+0000] {processor.py:830} INFO - Processing file /opt/airflow/dags/crawl_crypto_prices.py for tasks to queue
[2026-03-24T08:53:34.830+0000] {logging_mixin.py:188} INFO - [2026-03-24T08:53:34.830+0000] {dagbag.py:538} INFO - Filling up the DagBag from /opt/airflow/dags/crawl_crypto_prices.py
[2026-03-24T08:53:34.844+0000] {processor.py:840} INFO - DAG(s) 'crawl_crypto_prices' retrieved from /opt/airflow/dags/crawl_crypto_prices.py
[2026-03-24T08:53:34.867+0000] {logging_mixin.py:188} INFO - [2026-03-24T08:53:34.866+0000] {dag.py:3036} INFO - Sync 1 DAGs
[2026-03-24T08:53:34.877+0000] {logging_mixin.py:188} INFO - [2026-03-24T08:53:34.877+0000] {dag.py:3823} INFO - Setting next_dagrun for crawl_crypto_prices to 2026-03-24 08:00:00+00:00, run_after=2026-03-24 09:00:00+00:00
[2026-03-24T08:53:34.884+0000] {processor.py:183} INFO - Processing /opt/airflow/dags/crawl_crypto_prices.py took 0.062 seconds
[2026-03-24T08:54:05.177+0000] {processor.py:161} INFO - Started process (PID=14707) to work on /opt/airflow/dags/crawl_crypto_prices.py
[2026-03-24T08:54:05.178+0000] {processor.py:830} INFO - Processing file /opt/airflow/dags/crawl_crypto_prices.py for tasks to queue
[2026-03-24T08:54:05.179+0000] {logging_mixin.py:188} INFO - [2026-03-24T08:54:05.178+0000] {dagbag.py:538} INFO - Filling up the DagBag from /opt/airflow/dags/crawl_crypto_prices.py
[2026-03-24T08:54:05.197+0000] {processor.py:840} INFO - DAG(s) 'crawl_crypto_prices' retrieved from /opt/airflow/dags/crawl_crypto_prices.py
[2026-03-24T08:54:05.221+0000] {logging_mixin.py:188} INFO - [2026-03-24T08:54:05.221+0000] {dag.py:3036} INFO - Sync 1 DAGs
[2026-03-24T08:54:05.232+0000] {logging_mixin.py:188} INFO - [2026-03-24T08:54:05.232+0000] {dag.py:3823} INFO - Setting next_dagrun for crawl_crypto_prices to 2026-03-24 08:00:00+00:00, run_after=2026-03-24 09:00:00+00:00
[2026-03-24T08:54:05.238+0000] {processor.py:183} INFO - Processing /opt/airflow/dags/crawl_crypto_prices.py took 0.066 seconds
[2026-03-24T08:54:35.490+0000] {processor.py:161} INFO - Started process (PID=14712) to work on /opt/airflow/dags/crawl_crypto_prices.py
[2026-03-24T08:54:35.491+0000] {processor.py:830} INFO - Processing file /opt/airflow/dags/crawl_crypto_prices.py for tasks to queue
[2026-03-24T08:54:35.492+0000] {logging_mixin.py:188} INFO - [2026-03-24T08:54:35.492+0000] {dagbag.py:538} INFO - Filling up the DagBag from /opt/airflow/dags/crawl_crypto_prices.py
[2026-03-24T08:54:35.505+0000] {processor.py:840} INFO - DAG(s) 'crawl_crypto_prices' retrieved from /opt/airflow/dags/crawl_crypto_prices.py
[2026-03-24T08:54:35.529+0000] {logging_mixin.py:188} INFO - [2026-03-24T08:54:35.529+0000] {dag.py:3036} INFO - Sync 1 DAGs
[2026-03-24T08:54:35.540+0000] {logging_mixin.py:188} INFO - [2026-03-24T08:54:35.540+0000] {dag.py:3823} INFO - Setting next_dagrun for crawl_crypto_prices to 2026-03-24 08:00:00+00:00, run_after=2026-03-24 09:00:00+00:00
[2026-03-24T08:54:35.547+0000] {processor.py:183} INFO - Processing /opt/airflow/dags/crawl_crypto_prices.py took 0.061 seconds
[2026-03-24T08:55:05.810+0000] {processor.py:161} INFO - Started process (PID=14717) to work on /opt/airflow/dags/crawl_crypto_prices.py
[2026-03-24T08:55:05.811+0000] {processor.py:830} INFO - Processing file /opt/airflow/dags/crawl_crypto_prices.py for tasks to queue
[2026-03-24T08:55:05.812+0000] {logging_mixin.py:188} INFO - [2026-03-24T08:55:05.812+0000] {dagbag.py:538} INFO - Filling up the DagBag from /opt/airflow/dags/crawl_crypto_prices.py
[2026-03-24T08:55:05.826+0000] {processor.py:840} INFO - DAG(s) 'crawl_crypto_prices' retrieved from /opt/airflow/dags/crawl_crypto_prices.py
[2026-03-24T08:55:05.844+0000] {logging_mixin.py:188} INFO - [2026-03-24T08:55:05.844+0000] {dag.py:3036} INFO - Sync 1 DAGs
[2026-03-24T08:55:05.854+0000] {logging_mixin.py:188} INFO - [2026-03-24T08:55:05.854+0000] {dag.py:3823} INFO - Setting next_dagrun for crawl_crypto_prices to 2026-03-24 08:00:00+00:00, run_after=2026-03-24 09:00:00+00:00
[2026-03-24T08:55:05.861+0000] {processor.py:183} INFO - Processing /opt/airflow/dags/crawl_crypto_prices.py took 0.054 seconds
[2026-03-24T08:55:36.105+0000] {processor.py:161} INFO - Started process (PID=14722) to work on /opt/airflow/dags/crawl_crypto_prices.py
[2026-03-24T08:55:36.106+0000] {processor.py:830} INFO - Processing file /opt/airflow/dags/crawl_crypto_prices.py for tasks to queue
[2026-03-24T08:55:36.107+0000] {logging_mixin.py:188} INFO - [2026-03-24T08:55:36.107+0000] {dagbag.py:538} INFO - Filling up the DagBag from /opt/airflow/dags/crawl_crypto_prices.py
[2026-03-24T08:55:36.119+0000] {processor.py:840} INFO - DAG(s) 'crawl_crypto_prices' retrieved from /opt/airflow/dags/crawl_crypto_prices.py
[2026-03-24T08:55:36.137+0000] {logging_mixin.py:188} INFO - [2026-03-24T08:55:36.137+0000] {dag.py:3036} INFO - Sync 1 DAGs
[2026-03-24T08:55:36.151+0000] {logging_mixin.py:188} INFO - [2026-03-24T08:55:36.151+0000] {dag.py:3823} INFO - Setting next_dagrun for crawl_crypto_prices to 2026-03-24 08:00:00+00:00, run_after=2026-03-24 09:00:00+00:00
[2026-03-24T08:55:36.159+0000] {processor.py:183} INFO - Processing /opt/airflow/dags/crawl_crypto_prices.py took 0.057 seconds
[2026-03-24T08:56:06.430+0000] {processor.py:161} INFO - Started process (PID=14727) to work on /opt/airflow/dags/crawl_crypto_prices.py
[2026-03-24T08:56:06.431+0000] {processor.py:830} INFO - Processing file /opt/airflow/dags/crawl_crypto_prices.py for tasks to queue
[2026-03-24T08:56:06.432+0000] {logging_mixin.py:188} INFO - [2026-03-24T08:56:06.432+0000] {dagbag.py:538} INFO - Filling up the DagBag from /opt/airflow/dags/crawl_crypto_prices.py
[2026-03-24T08:56:06.449+0000] {processor.py:840} INFO - DAG(s) 'crawl_crypto_prices' retrieved from /opt/airflow/dags/crawl_crypto_prices.py
[2026-03-24T08:56:06.471+0000] {logging_mixin.py:188} INFO - [2026-03-24T08:56:06.471+0000] {dag.py:3036} INFO - Sync 1 DAGs
[2026-03-24T08:56:06.482+0000] {logging_mixin.py:188} INFO - [2026-03-24T08:56:06.482+0000] {dag.py:3823} INFO - Setting next_dagrun for crawl_crypto_prices to 2026-03-24 08:00:00+00:00, run_after=2026-03-24 09:00:00+00:00
[2026-03-24T08:56:06.488+0000] {processor.py:183} INFO - Processing /opt/airflow/dags/crawl_crypto_prices.py took 0.062 seconds
[2026-03-24T08:56:36.729+0000] {processor.py:161} INFO - Started process (PID=14732) to work on /opt/airflow/dags/crawl_crypto_prices.py
[2026-03-24T08:56:36.729+0000] {processor.py:830} INFO - Processing file /opt/airflow/dags/crawl_crypto_prices.py for tasks to queue
[2026-03-24T08:56:36.730+0000] {logging_mixin.py:188} INFO - [2026-03-24T08:56:36.729+0000] {dagbag.py:538} INFO - Filling up the DagBag from /opt/airflow/dags/crawl_crypto_prices.py
[2026-03-24T08:56:36.739+0000] {processor.py:840} INFO - DAG(s) 'crawl_crypto_prices' retrieved from /opt/airflow/dags/crawl_crypto_prices.py
[2026-03-24T08:56:36.752+0000] {logging_mixin.py:188} INFO - [2026-03-24T08:56:36.752+0000] {dag.py:3036} INFO - Sync 1 DAGs
[2026-03-24T08:56:36.762+0000] {logging_mixin.py:188} INFO - [2026-03-24T08:56:36.762+0000] {dag.py:3823} INFO - Setting next_dagrun for crawl_crypto_prices to 2026-03-24 08:00:00+00:00, run_after=2026-03-24 09:00:00+00:00
[2026-03-24T08:56:36.768+0000] {processor.py:183} INFO - Processing /opt/airflow/dags/crawl_crypto_prices.py took 0.042 seconds
[2026-03-24T08:57:07.050+0000] {processor.py:161} INFO - Started process (PID=14737) to work on /opt/airflow/dags/crawl_crypto_prices.py
[2026-03-24T08:57:07.051+0000] {processor.py:830} INFO - Processing file /opt/airflow/dags/crawl_crypto_prices.py for tasks to queue
[2026-03-24T08:57:07.052+0000] {logging_mixin.py:188} INFO - [2026-03-24T08:57:07.052+0000] {dagbag.py:538} INFO - Filling up the DagBag from /opt/airflow/dags/crawl_crypto_prices.py
[2026-03-24T08:57:07.066+0000] {processor.py:840} INFO - DAG(s) 'crawl_crypto_prices' retrieved from /opt/airflow/dags/crawl_crypto_prices.py
[2026-03-24T08:57:07.083+0000] {logging_mixin.py:188} INFO - [2026-03-24T08:57:07.083+0000] {dag.py:3036} INFO - Sync 1 DAGs
[2026-03-24T08:57:07.093+0000] {logging_mixin.py:188} INFO - [2026-03-24T08:57:07.093+0000] {dag.py:3823} INFO - Setting next_dagrun for crawl_crypto_prices to 2026-03-24 08:00:00+00:00, run_after=2026-03-24 09:00:00+00:00
[2026-03-24T08:57:07.099+0000] {processor.py:183} INFO - Processing /opt/airflow/dags/crawl_crypto_prices.py took 0.052 seconds
[2026-03-24T08:57:37.323+0000] {processor.py:161} INFO - Started process (PID=14742) to work on /opt/airflow/dags/crawl_crypto_prices.py
[2026-03-24T08:57:37.323+0000] {processor.py:830} INFO - Processing file /opt/airflow/dags/crawl_crypto_prices.py for tasks to queue
[2026-03-24T08:57:37.324+0000] {logging_mixin.py:188} INFO - [2026-03-24T08:57:37.324+0000] {dagbag.py:538} INFO - Filling up the DagBag from /opt/airflow/dags/crawl_crypto_prices.py
[2026-03-24T08:57:37.336+0000] {processor.py:840} INFO - DAG(s) 'crawl_crypto_prices' retrieved from /opt/airflow/dags/crawl_crypto_prices.py
[2026-03-24T08:57:37.348+0000] {logging_mixin.py:188} INFO - [2026-03-24T08:57:37.348+0000] {dag.py:3036} INFO - Sync 1 DAGs
[2026-03-24T08:57:37.357+0000] {logging_mixin.py:188} INFO - [2026-03-24T08:57:37.357+0000] {dag.py:3823} INFO - Setting next_dagrun for crawl_crypto_prices to 2026-03-24 08:00:00+00:00, run_after=2026-03-24 09:00:00+00:00
[2026-03-24T08:57:37.363+0000] {processor.py:183} INFO - Processing /opt/airflow/dags/crawl_crypto_prices.py took 0.043 seconds
[2026-03-24T08:58:07.632+0000] {processor.py:161} INFO - Started process (PID=14747) to work on /opt/airflow/dags/crawl_crypto_prices.py
[2026-03-24T08:58:07.634+0000] {processor.py:830} INFO - Processing file /opt/airflow/dags/crawl_crypto_prices.py for tasks to queue
[2026-03-24T08:58:07.634+0000] {logging_mixin.py:188} INFO - [2026-03-24T08:58:07.634+0000] {dagbag.py:538} INFO - Filling up the DagBag from /opt/airflow/dags/crawl_crypto_prices.py
[2026-03-24T08:58:07.642+0000] {processor.py:840} INFO - DAG(s) 'crawl_crypto_prices' retrieved from /opt/airflow/dags/crawl_crypto_prices.py
[2026-03-24T08:58:07.665+0000] {logging_mixin.py:188} INFO - [2026-03-24T08:58:07.665+0000] {dag.py:3036} INFO - Sync 1 DAGs
[2026-03-24T08:58:07.684+0000] {logging_mixin.py:188} INFO - [2026-03-24T08:58:07.684+0000] {dag.py:3823} INFO - Setting next_dagrun for crawl_crypto_prices to 2026-03-24 08:00:00+00:00, run_after=2026-03-24 09:00:00+00:00
[2026-03-24T08:58:07.692+0000] {processor.py:183} INFO - Processing /opt/airflow/dags/crawl_crypto_prices.py took 0.064 seconds
[2026-03-24T08:58:37.933+0000] {processor.py:161} INFO - Started process (PID=14752) to work on /opt/airflow/dags/crawl_crypto_prices.py
[2026-03-24T08:58:37.934+0000] {processor.py:830} INFO - Processing file /opt/airflow/dags/crawl_crypto_prices.py for tasks to queue
[2026-03-24T08:58:37.935+0000] {logging_mixin.py:188} INFO - [2026-03-24T08:58:37.935+0000] {dagbag.py:538} INFO - Filling up the DagBag from /opt/airflow/dags/crawl_crypto_prices.py
[2026-03-24T08:58:37.946+0000] {processor.py:840} INFO - DAG(s) 'crawl_crypto_prices' retrieved from /opt/airflow/dags/crawl_crypto_prices.py
[2026-03-24T08:58:37.966+0000] {logging_mixin.py:188} INFO - [2026-03-24T08:58:37.966+0000] {dag.py:3036} INFO - Sync 1 DAGs
[2026-03-24T08:58:37.977+0000] {logging_mixin.py:188} INFO - [2026-03-24T08:58:37.977+0000] {dag.py:3823} INFO - Setting next_dagrun for crawl_crypto_prices to 2026-03-24 08:00:00+00:00, run_after=2026-03-24 09:00:00+00:00
[2026-03-24T08:58:37.985+0000] {processor.py:183} INFO - Processing /opt/airflow/dags/crawl_crypto_prices.py took 0.056 seconds
[2026-03-24T08:59:08.215+0000] {processor.py:161} INFO - Started process (PID=14757) to work on /opt/airflow/dags/crawl_crypto_prices.py
[2026-03-24T08:59:08.217+0000] {processor.py:830} INFO - Processing file /opt/airflow/dags/crawl_crypto_prices.py for tasks to queue
[2026-03-24T08:59:08.218+0000] {logging_mixin.py:188} INFO - [2026-03-24T08:59:08.217+0000] {dagbag.py:538} INFO - Filling up the DagBag from /opt/airflow/dags/crawl_crypto_prices.py
[2026-03-24T08:59:08.234+0000] {processor.py:840} INFO - DAG(s) 'crawl_crypto_prices' retrieved from /opt/airflow/dags/crawl_crypto_prices.py
[2026-03-24T08:59:08.250+0000] {logging_mixin.py:188} INFO - [2026-03-24T08:59:08.250+0000] {dag.py:3036} INFO - Sync 1 DAGs
[2026-03-24T08:59:08.261+0000] {logging_mixin.py:188} INFO - [2026-03-24T08:59:08.260+0000] {dag.py:3823} INFO - Setting next_dagrun for crawl_crypto_prices to 2026-03-24 08:00:00+00:00, run_after=2026-03-24 09:00:00+00:00
[2026-03-24T08:59:08.267+0000] {processor.py:183} INFO - Processing /opt/airflow/dags/crawl_crypto_prices.py took 0.057 seconds
[2026-03-24T08:59:38.478+0000] {processor.py:161} INFO - Started process (PID=14762) to work on /opt/airflow/dags/crawl_crypto_prices.py
[2026-03-24T08:59:38.479+0000] {processor.py:830} INFO - Processing file /opt/airflow/dags/crawl_crypto_prices.py for tasks to queue
[2026-03-24T08:59:38.480+0000] {logging_mixin.py:188} INFO - [2026-03-24T08:59:38.479+0000] {dagbag.py:538} INFO - Filling up the DagBag from /opt/airflow/dags/crawl_crypto_prices.py
[2026-03-24T08:59:38.491+0000] {processor.py:840} INFO - DAG(s) 'crawl_crypto_prices' retrieved from /opt/airflow/dags/crawl_crypto_prices.py
[2026-03-24T08:59:38.510+0000] {logging_mixin.py:188} INFO - [2026-03-24T08:59:38.510+0000] {dag.py:3036} INFO - Sync 1 DAGs
[2026-03-24T08:59:38.521+0000] {logging_mixin.py:188} INFO - [2026-03-24T08:59:38.521+0000] {dag.py:3823} INFO - Setting next_dagrun for crawl_crypto_prices to 2026-03-24 08:00:00+00:00, run_after=2026-03-24 09:00:00+00:00
[2026-03-24T08:59:38.527+0000] {processor.py:183} INFO - Processing /opt/airflow/dags/crawl_crypto_prices.py took 0.054 seconds
[2026-03-24T09:00:08.824+0000] {processor.py:161} INFO - Started process (PID=14771) to work on /opt/airflow/dags/crawl_crypto_prices.py
[2026-03-24T09:00:08.827+0000] {processor.py:830} INFO - Processing file /opt/airflow/dags/crawl_crypto_prices.py for tasks to queue
[2026-03-24T09:00:08.827+0000] {logging_mixin.py:188} INFO - [2026-03-24T09:00:08.827+0000] {dagbag.py:538} INFO - Filling up the DagBag from /opt/airflow/dags/crawl_crypto_prices.py
[2026-03-24T09:00:08.840+0000] {processor.py:840} INFO - DAG(s) 'crawl_crypto_prices' retrieved from /opt/airflow/dags/crawl_crypto_prices.py
[2026-03-24T09:00:08.863+0000] {logging_mixin.py:188} INFO - [2026-03-24T09:00:08.863+0000] {dag.py:3036} INFO - Sync 1 DAGs
[2026-03-24T09:00:08.874+0000] {logging_mixin.py:188} INFO - [2026-03-24T09:00:08.874+0000] {dag.py:3823} INFO - Setting next_dagrun for crawl_crypto_prices to 2026-03-24 09:00:00+00:00, run_after=2026-03-24 10:00:00+00:00
[2026-03-24T09:00:08.880+0000] {processor.py:183} INFO - Processing /opt/airflow/dags/crawl_crypto_prices.py took 0.059 seconds
[2026-03-24T09:00:39.145+0000] {processor.py:161} INFO - Started process (PID=14776) to work on /opt/airflow/dags/crawl_crypto_prices.py
[2026-03-24T09:00:39.146+0000] {processor.py:830} INFO - Processing file /opt/airflow/dags/crawl_crypto_prices.py for tasks to queue
[2026-03-24T09:00:39.147+0000] {logging_mixin.py:188} INFO - [2026-03-24T09:00:39.147+0000] {dagbag.py:538} INFO - Filling up the DagBag from /opt/airflow/dags/crawl_crypto_prices.py
[2026-03-24T09:00:39.160+0000] {processor.py:840} INFO - DAG(s) 'crawl_crypto_prices' retrieved from /opt/airflow/dags/crawl_crypto_prices.py
[2026-03-24T09:00:39.181+0000] {logging_mixin.py:188} INFO - [2026-03-24T09:00:39.180+0000] {dag.py:3036} INFO - Sync 1 DAGs
[2026-03-24T09:00:39.190+0000] {logging_mixin.py:188} INFO - [2026-03-24T09:00:39.190+0000] {dag.py:3823} INFO - Setting next_dagrun for crawl_crypto_prices to 2026-03-24 09:00:00+00:00, run_after=2026-03-24 10:00:00+00:00
[2026-03-24T09:00:39.196+0000] {processor.py:183} INFO - Processing /opt/airflow/dags/crawl_crypto_prices.py took 0.056 seconds
[2026-03-24T09:01:09.450+0000] {processor.py:161} INFO - Started process (PID=14781) to work on /opt/airflow/dags/crawl_crypto_prices.py
[2026-03-24T09:01:09.451+0000] {processor.py:830} INFO - Processing file /opt/airflow/dags/crawl_crypto_prices.py for tasks to queue
[2026-03-24T09:01:09.452+0000] {logging_mixin.py:188} INFO - [2026-03-24T09:01:09.452+0000] {dagbag.py:538} INFO - Filling up the DagBag from /opt/airflow/dags/crawl_crypto_prices.py
[2026-03-24T09:01:09.464+0000] {processor.py:840} INFO - DAG(s) 'crawl_crypto_prices' retrieved from /opt/airflow/dags/crawl_crypto_prices.py
[2026-03-24T09:01:09.483+0000] {logging_mixin.py:188} INFO - [2026-03-24T09:01:09.483+0000] {dag.py:3036} INFO - Sync 1 DAGs
[2026-03-24T09:01:09.493+0000] {logging_mixin.py:188} INFO - [2026-03-24T09:01:09.492+0000] {dag.py:3823} INFO - Setting next_dagrun for crawl_crypto_prices to 2026-03-24 09:00:00+00:00, run_after=2026-03-24 10:00:00+00:00
[2026-03-24T09:01:09.499+0000] {processor.py:183} INFO - Processing /opt/airflow/dags/crawl_crypto_prices.py took 0.053 seconds
[2026-03-24T09:01:39.781+0000] {processor.py:161} INFO - Started process (PID=14786) to work on /opt/airflow/dags/crawl_crypto_prices.py
[2026-03-24T09:01:39.783+0000] {processor.py:830} INFO - Processing file /opt/airflow/dags/crawl_crypto_prices.py for tasks to queue
[2026-03-24T09:01:39.783+0000] {logging_mixin.py:188} INFO - [2026-03-24T09:01:39.783+0000] {dagbag.py:538} INFO - Filling up the DagBag from /opt/airflow/dags/crawl_crypto_prices.py
[2026-03-24T09:01:39.794+0000] {processor.py:840} INFO - DAG(s) 'crawl_crypto_prices' retrieved from /opt/airflow/dags/crawl_crypto_prices.py
[2026-03-24T09:01:39.810+0000] {logging_mixin.py:188} INFO - [2026-03-24T09:01:39.810+0000] {dag.py:3036} INFO - Sync 1 DAGs
[2026-03-24T09:01:39.822+0000] {logging_mixin.py:188} INFO - [2026-03-24T09:01:39.822+0000] {dag.py:3823} INFO - Setting next_dagrun for crawl_crypto_prices to 2026-03-24 09:00:00+00:00, run_after=2026-03-24 10:00:00+00:00
[2026-03-24T09:01:39.828+0000] {processor.py:183} INFO - Processing /opt/airflow/dags/crawl_crypto_prices.py took 0.051 seconds
[2026-03-24T09:02:10.091+0000] {processor.py:161} INFO - Started process (PID=14791) to work on /opt/airflow/dags/crawl_crypto_prices.py
[2026-03-24T09:02:10.092+0000] {processor.py:830} INFO - Processing file /opt/airflow/dags/crawl_crypto_prices.py for tasks to queue
[2026-03-24T09:02:10.093+0000] {logging_mixin.py:188} INFO - [2026-03-24T09:02:10.092+0000] {dagbag.py:538} INFO - Filling up the DagBag from /opt/airflow/dags/crawl_crypto_prices.py
[2026-03-24T09:02:10.106+0000] {processor.py:840} INFO - DAG(s) 'crawl_crypto_prices' retrieved from /opt/airflow/dags/crawl_crypto_prices.py
[2026-03-24T09:02:10.124+0000] {logging_mixin.py:188} INFO - [2026-03-24T09:02:10.124+0000] {dag.py:3036} INFO - Sync 1 DAGs
[2026-03-24T09:02:10.134+0000] {logging_mixin.py:188} INFO - [2026-03-24T09:02:10.134+0000] {dag.py:3823} INFO - Setting next_dagrun for crawl_crypto_prices to 2026-03-24 09:00:00+00:00, run_after=2026-03-24 10:00:00+00:00
[2026-03-24T09:02:10.140+0000] {processor.py:183} INFO - Processing /opt/airflow/dags/crawl_crypto_prices.py took 0.052 seconds
[2026-03-24T09:02:40.416+0000] {processor.py:161} INFO - Started process (PID=14796) to work on /opt/airflow/dags/crawl_crypto_prices.py
[2026-03-24T09:02:40.418+0000] {processor.py:830} INFO - Processing file /opt/airflow/dags/crawl_crypto_prices.py for tasks to queue
[2026-03-24T09:02:40.419+0000] {logging_mixin.py:188} INFO - [2026-03-24T09:02:40.418+0000] {dagbag.py:538} INFO - Filling up the DagBag from /opt/airflow/dags/crawl_crypto_prices.py
[2026-03-24T09:02:40.435+0000] {processor.py:840} INFO - DAG(s) 'crawl_crypto_prices' retrieved from /opt/airflow/dags/crawl_crypto_prices.py
[2026-03-24T09:02:40.451+0000] {logging_mixin.py:188} INFO - [2026-03-24T09:02:40.451+0000] {dag.py:3036} INFO - Sync 1 DAGs
[2026-03-24T09:02:40.461+0000] {logging_mixin.py:188} INFO - [2026-03-24T09:02:40.461+0000] {dag.py:3823} INFO - Setting next_dagrun for crawl_crypto_prices to 2026-03-24 09:00:00+00:00, run_after=2026-03-24 10:00:00+00:00
[2026-03-24T09:02:40.467+0000] {processor.py:183} INFO - Processing /opt/airflow/dags/crawl_crypto_prices.py took 0.055 seconds
[2026-03-24T09:03:10.705+0000] {processor.py:161} INFO - Started process (PID=14801) to work on /opt/airflow/dags/crawl_crypto_prices.py
[2026-03-24T09:03:10.706+0000] {processor.py:830} INFO - Processing file /opt/airflow/dags/crawl_crypto_prices.py for tasks to queue
[2026-03-24T09:03:10.707+0000] {logging_mixin.py:188} INFO - [2026-03-24T09:03:10.707+0000] {dagbag.py:538} INFO - Filling up the DagBag from /opt/airflow/dags/crawl_crypto_prices.py
[2026-03-24T09:03:10.719+0000] {processor.py:840} INFO - DAG(s) 'crawl_crypto_prices' retrieved from /opt/airflow/dags/crawl_crypto_prices.py
[2026-03-24T09:03:10.742+0000] {logging_mixin.py:188} INFO - [2026-03-24T09:03:10.742+0000] {dag.py:3036} INFO - Sync 1 DAGs
[2026-03-24T09:03:10.754+0000] {logging_mixin.py:188} INFO - [2026-03-24T09:03:10.754+0000] {dag.py:3823} INFO - Setting next_dagrun for crawl_crypto_prices to 2026-03-24 09:00:00+00:00, run_after=2026-03-24 10:00:00+00:00
[2026-03-24T09:03:10.761+0000] {processor.py:183} INFO - Processing /opt/airflow/dags/crawl_crypto_prices.py took 0.060 seconds
